MFR URL,Ref URL 1,Ref URL 2,Ref URL 3,Ref URL 4,Ref URL 5,PART_NUMBER,Dept,Class,Fine,SKU - MY_PART_NUMBER,Mfg_Part_Num,Part_Desc,E1_Brand,Unilog_Brand,DIB_Brand,Part_Manuf,MANUFACTURER_NAME,BRAND_NAME,TRADE_NAME,MANUFACTURER_PART_NUMBER,ALTERNATE_PART_NUMBER,Classpath,MOBILE_DESC,INVOICE_DESC,SHORT_DESC,LONG_DESC1,RETAIL_DESC,MARKETING_DESCRIPTION,ITEM_FEATURES_1,ITEM_FEATURES_2,ITEM_FEATURES_3,ITEM_FEATURES_4,ITEM_FEATURES_5,ITEM_FEATURES_6,ITEM_FEATURES_7,ITEM_FEATURES_8,ITEM_FEATURES_9,ITEM_FEATURES_10,ITEM_FEATURES_11,ITEM_FEATURES_12,ITEM_FEATURES_13,ITEM_FEATURES_14,ITEM_FEATURES_15,ITEM_FEATURES_16,ITEM_FEATURES_17,ITEM_FEATURES_18,ITEM_FEATURES_19,ITEM_FEATURES_20,With,Standard/Approvals,Prop 65,Application,Includes,Product Name,ATTRIBUTE_LABEL 1,ATTRIBUTE_VALUE 1,ATTRIBUTE_UOM 1,ATTRIBUTE_LABEL 2,ATTRIBUTE_VALUE 2,ATTRIBUTE_UOM 2,ATTRIBUTE_LABEL 3,ATTRIBUTE_VALUE 3,ATTRIBUTE_UOM 3,ATTRIBUTE_LABEL 4,ATTRIBUTE_VALUE 4,ATTRIBUTE_UOM 4,ATTRIBUTE_LABEL 5,ATTRIBUTE_VALUE 5,ATTRIBUTE_UOM 5,ATTRIBUTE_LABEL 6,ATTRIBUTE_VALUE 6,ATTRIBUTE_UOM 6,ATTRIBUTE_LABEL 7,ATTRIBUTE_VALUE 7,ATTRIBUTE_UOM 7,ATTRIBUTE_LABEL 8,ATTRIBUTE_VALUE 8,ATTRIBUTE_UOM 8,ATTRIBUTE_LABEL 9,ATTRIBUTE_VALUE 9,ATTRIBUTE_UOM 9,ATTRIBUTE_LABEL 10,ATTRIBUTE_VALUE 10,ATTRIBUTE_UOM 10,ATTRIBUTE_LABEL 11,ATTRIBUTE_VALUE 11,ATTRIBUTE_UOM 11,ATTRIBUTE_LABEL 12,ATTRIBUTE_VALUE 12,ATTRIBUTE_UOM 12,ATTRIBUTE_LABEL 13,ATTRIBUTE_VALUE 13,ATTRIBUTE_UOM 13,ATTRIBUTE_LABEL 14,ATTRIBUTE_VALUE 14,ATTRIBUTE_UOM 14,ATTRIBUTE_LABEL 15,ATTRIBUTE_VALUE 15,ATTRIBUTE_UOM 15,ATTRIBUTE_LABEL 16,ATTRIBUTE_VALUE 16,ATTRIBUTE_UOM 16,ATTRIBUTE_LABEL 17,ATTRIBUTE_VALUE 17,ATTRIBUTE_UOM 17,ATTRIBUTE_LABEL 18,ATTRIBUTE_VALUE 18,ATTRIBUTE_UOM 18,ATTRIBUTE_LABEL 19,ATTRIBUTE_VALUE 19,ATTRIBUTE_UOM 19,ATTRIBUTE_LABEL 20,ATTRIBUTE_VALUE 20,ATTRIBUTE_UOM 20,ATTRIBUTE_LABEL 21,ATTRIBUTE_VALUE 21,ATTRIBUTE_UOM 21,ATTRIBUTE_LABEL 22,ATTRIBUTE_VALUE 22,ATTRIBUTE_UOM 22,ATTRIBUTE_LABEL 23,ATTRIBUTE_VALUE 23,ATTRIBUTE_UOM 23,ATTRIBUTE_LABEL 24,ATTRIBUTE_VALUE 24,ATTRIBUTE_UOM 24,ATTRIBUTE_LABEL 25,ATTRIBUTE_VALUE 25,ATTRIBUTE_UOM 25,ATTRIBUTE_LABEL 26,ATTRIBUTE_VALUE 26,ATTRIBUTE_UOM 26,ATTRIBUTE_LABEL 27,ATTRIBUTE_VALUE 27,ATTRIBUTE_UOM 27,ATTRIBUTE_LABEL 28,ATTRIBUTE_VALUE 28,ATTRIBUTE_UOM 28,ATTRIBUTE_LABEL 29,ATTRIBUTE_VALUE 29,ATTRIBUTE_UOM 29,ATTRIBUTE_LABEL 30,ATTRIBUTE_VALUE 30,ATTRIBUTE_UOM 30,ATTRIBUTE_LABEL 31,ATTRIBUTE_VALUE 31,ATTRIBUTE_UOM 31,ATTRIBUTE_LABEL 32,ATTRIBUTE_VALUE 32,ATTRIBUTE_UOM 32,ATTRIBUTE_LABEL 33,ATTRIBUTE_VALUE 33,ATTRIBUTE_UOM 33,ATTRIBUTE_LABEL 34,ATTRIBUTE_VALUE 34,ATTRIBUTE_UOM 34,ATTRIBUTE_LABEL 35,ATTRIBUTE_VALUE 35,ATTRIBUTE_UOM 35,ATTRIBUTE_LABEL 36,ATTRIBUTE_VALUE 36,ATTRIBUTE_UOM 36,ATTRIBUTE_LABEL 37,ATTRIBUTE_VALUE 37,ATTRIBUTE_UOM 37,ATTRIBUTE_LABEL 38,ATTRIBUTE_VALUE 38,ATTRIBUTE_UOM 38,ATTRIBUTE_LABEL 39,ATTRIBUTE_VALUE 39,ATTRIBUTE_UOM 39,ATTRIBUTE_LABEL 40,ATTRIBUTE_VALUE 40,ATTRIBUTE_UOM 40,ATTRIBUTE_LABEL 41,ATTRIBUTE_VALUE 41,ATTRIBUTE_UOM 41,ATTRIBUTE_LABEL 42,ATTRIBUTE_VALUE 42,ATTRIBUTE_UOM 42,ATTRIBUTE_LABEL 43,ATTRIBUTE_VALUE 43,ATTRIBUTE_UOM 43,ATTRIBUTE_LABEL 44,ATTRIBUTE_VALUE 44,ATTRIBUTE_UOM 44,ATTRIBUTE_LABEL 45,ATTRIBUTE_VALUE 45,ATTRIBUTE_UOM 45,ATTRIBUTE_LABEL 46,ATTRIBUTE_VALUE 46,ATTRIBUTE_UOM 46,ATTRIBUTE_LABEL 47,ATTRIBUTE_VALUE 47,ATTRIBUTE_UOM 47,ATTRIBUTE_LABEL 48,ATTRIBUTE_VALUE 48,ATTRIBUTE_UOM 48,ATTRIBUTE_LABEL 49,ATTRIBUTE_VALUE 49,ATTRIBUTE_UOM 49,ATTRIBUTE_LABEL 50,ATTRIBUTE_VALUE 50,ATTRIBUTE_UOM 50,UPC,EAN,GTIN,UNSPSC,Warranty,List Price,Selling Qty,Selling UOM,Standard Packaging Information,LENGTH,LENGTH_UOM,HEIGHT,HEIGHT_UOM,WIDTH,WIDTH_UOM,WEIGHT,WEIGHT_UOM,VOLUME,VOLUME_UOM,Product Image,Alternate Image 1,Alternate Image 2,Alternate Image 3,Alternate Image 4,SDS,SDS_1,Warranty Information,Catalog,Specification Sheet,Instruction/Installation Manual,Service Manual,Owners/User Manual,Line Drawing,MTR,RoHS,Full Engineering Drawing,Energy Star Guide,Technical Bulletin,Submittal,Compatibility Chart,Size Chart,Product Label/Insert,Video Link,Video Link 1,Country Of Origin,Discontinued,Actual Image (Yes/No)
https://www.diablotools.com/product/DCB518ASTS06G,,,,,,DCB518ASTS06G,,,,DCB518ASTS06G,DCB518ASTS06G,"DCB518ASTS06G Diablo 1/2""x18"" - Sanding Belt 6pc",-- Unbranded --,-- No Unilog Brand --,-- No DIB Brand --,Freud Inc (2435),Freud Tools / Robert Bosch Tool Corporation,DIABLO®,,DCB518ASTS06G,,,"DIABLO®, Sanding Belt, DCB518ASTS06G",SANDING BELT 1/2 INX18,"DIABLO®, DCB518ASTS06G, Sanding Belt","DIABLO® Sanding Belt, 1/2 inx18","DIABLO®, Sanding Belt",,,,,,,,,,,,,,,,,,,,,,,,,,,Sanding Belt,Item Type,,,Dimensions,1/2 inx18,,Grit,,,Arbor Size,,,Abrasive Material,,,Pack Quantity,6pc,,Additional Information,,,,,,,,,,,,,,,,,,,,,,,,,,,,,,,,,,,,,,,,,,,,,,,,,,,,,,,,,,,,,,,,,,,,,,,,,,,,,,,,,,,,,,,,,,,,,,,,,,,,,,,,,,,,,,,,,,,,,,,,,,,,,,,,,,,,,,,,,,1,EA,,,,,,,,,,,,,,,,,,,,,,,,,,,,,,,,,,,,,US,No,No
https://www.3m.com/product/3MABR-7100075678,,,,,,3MABR-7100075678,Tools & Hardware,Abrasives,Cutting Discs,3MABR-7100075678,3MABR-7100075678,3M 775L Stikit Film P150 - Cubitron II 50 Disc/Box,-- Unbranded --,-- No Unilog Brand --,-- No DIB Brand --,Jam Industrial Supply LLC (JAMIN),3M Company,3M™,,3MABR-7100075678,,Tools & Hardware>Abrasives>Cutting & Grinding Discs,"3M™, Abrasive Disc, 3MABR-7100075678, Ceramic",ABRASIVE DISC CERAMIC,"3M™, 3MABR-7100075678, Abrasive Disc, Ceramic","3M™ Abrasive Disc, Ceramic","3M™, Abrasive Disc, Ceramic",,,,,,,,,,,,,,,,,,,,,,,,,,,Abrasive Disc,Item Type,,,Dimensions,,,Grit,P150,,Arbor Size,,,Abrasive Material,Cubertron II,,Pack Quantity,,,Additional Information,,,,,,,,,,,,,,,,,,,,,,,,,,,Material,Ceramic,,disc_count,50,,box_count,1,,product_line,Stikit Film,,disc_type,Film Disc,,,,,,,,,,,,,,,,,,,,,,,,,,,,,,,,,,,,,,,,,,,,,,,,,,,,,,,,,,,,,,,,,,,,,,,,,,,,,,,,,,,,,,,,,,,,,,,,,,1,EA,,,,,,,,,,,,,,,,,,,,,,,,,,,,,,,,,,,,,US,No,No
https://www.3m.com/product/3MABR-7100045865,,,,,,3MABR-7100045865,Tools & Hardware,Abrasives,Cutting Discs,3MABR-7100045865,3MABR-7100045865,3M 775L Stikit Film P120 - Cubitron II 50 Disc/Box,-- Unbranded --,-- No Unilog Brand --,-- No DIB Brand --,Jam Industrial Supply LLC (JAMIN),3M Company,3M™,,3MABR-7100045865,,Tools & Hardware>Abrasives>Cutting & Grinding Discs,"3M™, Abrasive Disc, 3MABR-7100045865, Ceramic",ABRASIVE DISC CERAMIC,"3M™, 3MABR-7100045865, Abrasive Disc, Ceramic","3M™ Abrasive Disc, Ceramic","3M™, Abrasive Disc, Ceramic",,,,,,,,,,,,,,,,,,,,,,,,,,,Abrasive Disc,Item Type,,,Dimensions,,,Grit,P120,,Arbor Size,,,Abrasive Material,Ceramic,,Pack Quantity,,,Additional Information,,,,,,,,,,,,,,,,,,,,,,,,,,,disc_count,50,,product_line,Cubitron II,,stikit_type,Film,,,,,,,,,,,,,,,,,,,,,,,,,,,,,,,,,,,,,,,,,,,,,,,,,,,,,,,,,,,,,,,,,,,,,,,,,,,,,,,,,,,,,,,,,,,,,,,,,,,,,,,,1,EA,,,,,,,,,,,,,,,,,,,,,,,,,,,,,,,,,,,,,US,No,No
https://www.3m.com/product/3MABR-7100048736,,,,,,3MABR-7100048736,Tools & Hardware,Abrasives,Cutting Discs,3MABR-7100048736,3MABR-7100048736,3M 775L Stikit Film P80 - Cubitron II 50 Disc/Box,-- Unbranded --,-- No Unilog Brand --,-- No DIB Brand --,Jam Industrial Supply LLC (JAMIN),3M Company,3M™,,3MABR-7100048736,,Tools & Hardware>Abrasives>Cutting & Grinding Discs,"3M™, Abrasive Disc, 3MABR-7100048736, Ceramic",ABRASIVE DISC CERAMIC,"3M™, 3MABR-7100048736, Abrasive Disc, Ceramic","3M™ Abrasive Disc, Ceramic","3M™, Abrasive Disc, Ceramic",,,,,,,,,,,,,,,,,,,,,,,,,,,Abrasive Disc,Item Type,,,Dimensions,,,Grit,P80,,Arbor Size,,,Abrasive Material,Ceramic,,Pack Quantity,,,Additional Information,,,,,,,,,,,,,,,,,,,,,,,,,,,disc_count,50,,box_count,1,,product_line,Cubitron II,,stikit,True,,,,,,,,,,,,,,,,,,,,,,,,,,,,,,,,,,,,,,,,,,,,,,,,,,,,,,,,,,,,,,,,,,,,,,,,,,,,,,,,,,,,,,,,,,,,,,,,,,,,,1,EA,,,,,,,,,,,,,,,,,,,,,,,,,,,,,,,,,,,,,US,No,No
https://www.3m.com/product/3MABR-7100075690,,,,,,3MABR-7100075690,Tools & Hardware,Abrasives,Cutting Discs,3MABR-7100075690,3MABR-7100075690,3M 775L Stikit Film P180 - Cubitron II 50 Disc/Box,-- Unbranded --,-- No Unilog Brand --,-- No DIB Brand --,Jam Industrial Supply LLC (JAMIN),3M Company,3M™,,3MABR-7100075690,,Tools & Hardware>Abrasives>Cutting & Grinding Discs,"3M™, Abrasive Disc, 3MABR-7100075690",ABRASIVE DISC P180 50 PK,"3M™, 3MABR-7100075690, Abrasive Disc",3M™ Abrasive Disc,"3M™, Abrasive Disc",,,,,,,,,,,,,,,,,,,,,,,,,,,Abrasive Disc,Item Type,,,Dimensions,,,Grit,P180,,Arbor Size,,,Abrasive Material,,,Pack Quantity,,,Additional Information,,,,,,,,,,,,,,,,,,,,,,,,,,,PackQuantity,50 PK,,,,,,,,,,,,,,,,,,,,,,,,,,,,,,,,,,,,,,,,,,,,,,,,,,,,,,,,,,,,,,,,,,,,,,,,,,,,,,,,,,,,,,,,,,,,,,,,,,,,,,,,,,,,,,1,EA,,,,,,,,,,,,,,,,,,,,,,,,,,,,,,,,,,,,,US,No,No
https://www.3m.com/product/3MABR-7100075692,,,,,,3MABR-7100075692,Tools & Hardware,Abrasives,Cutting Discs,3MABR-7100075692,3MABR-7100075692,3M 775L Stikit Film P220 - Cubitron II 50 Disc/Box,-- Unbranded --,-- No Unilog Brand --,-- No DIB Brand --,Jam Industrial Supply LLC (JAMIN),3M Company,3M™,,3MABR-7100075692,,Tools & Hardware>Abrasives>Cutting & Grinding Discs,"3M™, Abrasive Disc, 3MABR-7100075692",ABRASIVE DISC P220 50 PK,"3M™, 3MABR-7100075692, Abrasive Disc",3M™ Abrasive Disc,"3M™, Abrasive Disc",,,,,,,,,,,,,,,,,,,,,,,,,,,Abrasive Disc,Item Type,,,Dimensions,,,Grit,P220,,Arbor Size,,,Abrasive Material,,,Pack Quantity,,,Additional Information,,,,,,,,,,,,,,,,,,,,,,,,,,,PackQuantity,50 PK,,,,,,,,,,,,,,,,,,,,,,,,,,,,,,,,,,,,,,,,,,,,,,,,,,,,,,,,,,,,,,,,,,,,,,,,,,,,,,,,,,,,,,,,,,,,,,,,,,,,,,,,,,,,,,1,EA,,,,,,,,,,,,,,,,,,,,,,,,,,,,,,,,,,,,,US,No,No
https://www.3m.com/product/3MABR-7100145365,,,,,,3MABR-7100145365,Tools & Hardware,Abrasives,Cutting Discs,3MABR-7100145365,3MABR-7100145365,3M 775L Stikit Film P320 - Cubitron II 50 Disc/Box,-- Unbranded --,-- No Unilog Brand --,-- No DIB Brand --,Jam Industrial Supply LLC (JAMIN),3M Company,3M™,,3MABR-7100145365,,Tools & Hardware>Abrasives>Cutting & Grinding Discs,"3M™, Abrasive Disc, 3MABR-7100145365",ABRASIVE DISC P320 50 PK,"3M™, 3MABR-7100145365, Abrasive Disc",3M™ Abrasive Disc,"3M™, Abrasive Disc",,,,,,,,,,,,,,,,,,,,,,,,,,,Abrasive Disc,Item Type,,,Dimensions,,,Grit,P320,,Arbor Size,,,Abrasive Material,,,Pack Quantity,,,Additional Information,,,,,,,,,,,,,,,,,,,,,,,,,,,PackQuantity,50 PK,,,,,,,,,,,,,,,,,,,,,,,,,,,,,,,,,,,,,,,,,,,,,,,,,,,,,,,,,,,,,,,,,,,,,,,,,,,,,,,,,,,,,,,,,,,,,,,,,,,,,,,,,,,,,,1,EA,,,,,,,,,,,,,,,,,,,,,,,,,,,,,,,,,,,,,US,No,No
https://www.mirka.com/product/5B-332-080,,,,,,5B-332-080,Tools & Hardware,Abrasives,Cutting Discs,5B-332-080,5B-332-080,"5B-332-080 HIOLIT 5"" P80",-- Unbranded --,-- No Unilog Brand --,-- No DIB Brand --,Mirka Abrasives Inc (MIRUS),Mirka Ltd.,MIRKA®,,5B-332-080,,Tools & Hardware>Abrasives>Cutting & Grinding Discs,"MIRKA®, Abrasive Disc, 5B-332-080, Aluminum Oxide",ABRASIVE DISC 5 IN X P80 ALUM OXIDE,"MIRKA®, 5B-332-080, Abrasive Disc, Aluminum Oxide","MIRKA® Abrasive Disc, 5 in x P80, Aluminum Oxide","MIRKA®, Abrasive Disc, Aluminum Oxide",,,,,,,,,,,,,,,,,,,,,,,,,,,Abrasive Disc,Item Type,,,Dimensions,5 in x P80,,Grit,,,Arbor Size,,,Abrasive Material,Aluminum Oxide,,Pack Quantity,,,Additional Information,,,,,,,,,,,,,,,,,,,,,,,,,,,,,,,,,,,,,,,,,,,,,,,,,,,,,,,,,,,,,,,,,,,,,,,,,,,,,,,,,,,,,,,,,,,,,,,,,,,,,,,,,,,,,,,,,,,,,,,,,,,,,,,,,,,,,,,,,,1,EA,,,,,,,,,,,,,,,,,,,,,,,,,,,,,,,,,,,,,US,No,No
https://www.mirka.com/product/5B-332-120,,,,,,5B-332-120,Tools & Hardware,Abrasives,Cutting Discs,5B-332-120,5B-332-120,"5B-332-120 HIOLIT 5"" P120",-- Unbranded --,-- No Unilog Brand --,-- No DIB Brand --,Mirka Abrasives Inc (MIRUS),Mirka Ltd.,MIRKA®,,5B-332-120,,Tools & Hardware>Abrasives>Cutting & Grinding Discs,"MIRKA®, Abrasive Disc, 5B-332-120, Aluminum Oxide",ABRASIVE DISC 5 IN X P120 ALUM OXIDE,"MIRKA®, 5B-332-120, Abrasive Disc, Aluminum Oxide","MIRKA® Abrasive Disc, 5 in x P120, Aluminum Oxide","MIRKA®, Abrasive Disc, Aluminum Oxide",,,,,,,,,,,,,,,,,,,,,,,,,,,Abrasive Disc,Item Type,,,Dimensions,5 in x P120,,Grit,P120,,Arbor Size,,,Abrasive Material,Aluminum Oxide,,Pack Quantity,,,Additional Information,,,,,,,,,,,,,,,,,,,,,,,,,,,Material,Aluminum Oxide,,diameter_inches,5,,,,,,,,,,,,,,,,,,,,,,,,,,,,,,,,,,,,,,,,,,,,,,,,,,,,,,,,,,,,,,,,,,,,,,,,,,,,,,,,,,,,,,,,,,,,,,,,,,,,,,,,,,,1,EA,,,,,,,,,,,,,,,,,,,,,,,,,,,,,,,,,,,,,US,No,No
https://www.mirka.com/product/9A-570-240,,,,,,9A-570-240,,,,9A-570-240,9A-570-240,9A-570-240 Abranet 2.75x30,-- Unbranded --,-- No Unilog Brand --,-- No DIB Brand --,Mirka Abrasives Inc (MIRUS),Mirka Ltd.,MIRKA®,,9A-570-240,,,"MIRKA®, Sanding Belt, 9A-570-240, Aluminum Oxide",SANDING BELT 2-3/4X30 ALUM OXIDE,"MIRKA®, 9A-570-240, Sanding Belt, Aluminum Oxide","MIRKA® Sanding Belt, 9 A, 2-3/4x30, Aluminum Oxide","MIRKA®, Sanding Belt, Aluminum Oxide",,,,,,,,,,,,,,,,,,,,,,,,,,,Sanding Belt,Item Type,,,Dimensions,2-3/4x30,,Grit,,,Arbor Size,,,Abrasive Material,Aluminum Oxide,,Pack Quantity,,,Additional Information,,,,,,,,,,,,,,,,,,,,,,,,,,,Amperage,9,A,,,,,,,,,,,,,,,,,,,,,,,,,,,,,,,,,,,,,,,,,,,,,,,,,,,,,,,,,,,,,,,,,,,,,,,,,,,,,,,,,,,,,,,,,,,,,,,,,,,,,,,,,,,,,1,EA,,,,,,,,,,,,,,,,,,,,,,,,,,,,,,,,,,,,,US,No,No
https://www.mirka.com/product/9A-570-320,,,,,,9A-570-320,,,,9A-570-320,9A-570-320,9A-570-320 Abranet 2.75x30,-- Unbranded --,-- No Unilog Brand --,-- No DIB Brand --,Mirka Abrasives Inc (MIRUS),Mirka Ltd.,MIRKA®,,9A-570-320,,,"MIRKA®, Sanding Belt, 9A-570-320, Aluminum Oxide",SANDING BELT 2-3/4 X 30 IN ALUM OXIDE,"MIRKA®, 9A-570-320, Sanding Belt, Aluminum Oxide","MIRKA® Sanding Belt, 9 A, 2-3/4 x 30 in, Aluminum Oxide","MIRKA®, Sanding Belt, Aluminum Oxide",,,,,,,,,,,,,,,,,,,,,,,,,,,Sanding Belt,Item Type,,,Dimensions,2-3/4 x 30 in,,Grit,,,Arbor Size,,,Abrasive Material,Aluminum Oxide,,Pack Quantity,,,Additional Information,,,,,,,,,,,,,,,,,,,,,,,,,,,Material,Aluminum Oxide,,product_line,Abranet,,width,2.75,in,length,30,in,Amperage,9,A,,,,,,,,,,,,,,,,,,,,,,,,,,,,,,,,,,,,,,,,,,,,,,,,,,,,,,,,,,,,,,,,,,,,,,,,,,,,,,,,,,,,,,,,,,,,,,,,,1,EA,,,,,,,,,,,,,,,,,,,,,,,,,,,,,,,,,,,,,US,No,No
https://www.diablotools.com/product/DBD090094101F,,,,,,DBD090094101F,Tools & Hardware,Abrasives,Cutting Discs,DBD090094101F,DBD090094101F,"DBD090094101F Diablo 9"" - Metal Cut-Off Disc",-- Unbranded --,-- No Unilog Brand --,-- No DIB Brand --,Freud Inc (2435),Freud Tools / Robert Bosch Tool Corporation,DIABLO®,,DBD090094101F,,Tools & Hardware>Abrasives>Cutting & Grinding Discs,"DIABLO®, Cut-Off Disc, DBD090094101F, Built-In Mounting, Aluminum Oxide",CUT OFF DISC 9 IN X 1/16 IN X 7/8 IN,"DIABLO®, DBD090094101F, Cut-Off Disc, Built-In Mounting, Aluminum Oxide","DIABLO® Cut-Off Disc, Built-In Mounting, 9 in x 1/16 in x 7/8 in, Aluminum Oxide","DIABLO®, Cut-Off Disc, Built-In Mounting, Aluminum Oxide",,,,,,,,,,,,,,,,,,,,,,,,,,,Cut-Off Disc,Item Type,,,Dimensions,9 in x 1/16 in x 7/8 in,,Grit,,,Arbor Size,,,Abrasive Material,Aluminum Oxide,,Pack Quantity,,,Additional Information,,,,,,,,,,,,,,,,,,,,,,,,,,,Mounting Type,Built-In,,,,,,,,,,,,,,,,,,,,,,,,,,,,,,,,,,,,,,,,,,,,,,,,,,,,,,,,,,,,,,,,,,,,,,,,,,,,,,,,,,,,,,,,,,,,,,,,,,,,,,,,,,,,,,1,EA,,,,,,,,,,,,,,,,,,,,,,,,,,,,,,,,,,,,,US,No,No
https://www.diablotools.com/product/DBDS12125A01F,,,,,,DBDS12125A01F,Tools & Hardware,Abrasives,Cutting Discs,DBDS12125A01F,DBDS12125A01F,"DBDS12125A01F Diablo 12"" - Steel Demon Metal Cut-Off Disc",-- Unbranded --,-- No Unilog Brand --,-- No DIB Brand --,Freud Inc (2435),Freud Tools / Robert Bosch Tool Corporation,DIABLO®,,DBDS12125A01F,,Tools & Hardware>Abrasives>Cutting & Grinding Discs,"DIABLO®, Cut-Off Disc, DBDS12125A01F, Built-In Mounting, Steel",CUT-OFF DISC 12 IN X 1/8 IN X 1 IN STEEL,"DIABLO®, DBDS12125A01F, Cut-Off Disc, Built-In Mounting, Steel","DIABLO® Cut-Off Disc, Built-In Mounting, 12 in x 1/8 in x 1 in, Steel","DIABLO®, Cut-Off Disc, Built-In Mounting, Steel",,,,,,,,,,,,,,,,,,,,,,,,,,,Cut-Off Disc,Item Type,,,Dimensions,12 in x 1/8 in x 1 in,,Grit,,,Arbor Size,,,Abrasive Material,Steel,,Pack Quantity,,,Additional Information,,,,,,,,,,,,,,,,,,,,,,,,,,,Mounting Type,Built-In,,category,Abrasives/Cutting Tools,,description,"12"" - Steel Demon Metal Cut-Off Disc",,,,,,,,,,,,,,,,,,,,,,,,,,,,,,,,,,,,,,,,,,,,,,,,,,,,,,,,,,,,,,,,,,,,,,,,,,,,,,,,,,,,,,,,,,,,,,,,,,,,,,,,1,EA,,,,,,,,,,,,,,,,,,,,,,,,,,,,,,,,,,,,,US,No,No
https://www.diablotools.com/product/DBDS12125G01F,,,,,,DBDS12125G01F,Tools & Hardware,Abrasives,Cutting Discs,DBDS12125G01F,DBDS12125G01F,"DBDS12125G01F Diablo 12""x20mm - Speed Demon Metal Cut-Off Disc",-- Unbranded --,-- No Unilog Brand --,-- No DIB Brand --,Freud Inc (2435),Freud Tools / Robert Bosch Tool Corporation,DIABLO®,,DBDS12125G01F,,Tools & Hardware>Abrasives>Cutting & Grinding Discs,"DIABLO®, Cut-Off Disc, DBDS12125G01F, Carbon Steel",CUT-OFF DISC 12 INX20 MM 20MM CS,"DIABLO®, DBDS12125G01F, Cut-Off Disc, Carbon Steel","DIABLO® Cut-Off Disc, 12 inx20 mm, Carbon Steel","DIABLO®, Cut-Off Disc, Carbon Steel",,,,,,,,,,,,,,,,,,,,,,,,,,,Cut-Off Disc,Item Type,,,Dimensions,12 inx20 mm,,Grit,,,Arbor Size,,,Abrasive Material,Carbon Steel,,Pack Quantity,,,Additional Information,,,,,,,,,,,,,,,,,,,,,,,,,,,ArborSize,20mm,,,,,,,,,,,,,,,,,,,,,,,,,,,,,,,,,,,,,,,,,,,,,,,,,,,,,,,,,,,,,,,,,,,,,,,,,,,,,,,,,,,,,,,,,,,,,,,,,,,,,,,,,,,,,,1,EA,,,,,,,,,,,,,,,,,,,,,,,,,,,,,,,,,,,,,US,No,No
https://www.diablotools.com/product/DBDS14125A01F,,,,,,DBDS14125A01F,Tools & Hardware,Abrasives,Cutting Discs,DBDS14125A01F,DBDS14125A01F,"DBDS14125A01F Diablo 14""x1"" - Steel Demon Metal Cut-Off Disc",-- Unbranded --,-- No Unilog Brand --,-- No DIB Brand --,Freud Inc (2435),Freud Tools / Robert Bosch Tool Corporation,DIABLO®,,DBDS14125A01F,,Tools & Hardware>Abrasives>Cutting & Grinding Discs,"DIABLO®, Cut-Off Disc, DBDS14125A01F, Carbon Steel",CUT-OFF DISC 14 INX1 CS,"DIABLO®, DBDS14125A01F, Cut-Off Disc, Carbon Steel","DIABLO® Cut-Off Disc, 14 inx1, Carbon Steel","DIABLO®, Cut-Off Disc, Carbon Steel",,,,,,,,,,,,,,,,,,,,,,,,,,,Cut-Off Disc,Item Type,,,Dimensions,14 inx1,,Grit,,,Arbor Size,,,Abrasive Material,Carbon Steel,,Pack Quantity,,,Additional Information,,,,,,,,,,,,,,,,,,,,,,,,,,,,,,,,,,,,,,,,,,,,,,,,,,,,,,,,,,,,,,,,,,,,,,,,,,,,,,,,,,,,,,,,,,,,,,,,,,,,,,,,,,,,,,,,,,,,,,,,,,,,,,,,,,,,,,,,,,1,EA,,,,,,,,,,,,,,,,,,,,,,,,,,,,,,,,,,,,,US,No,No
https://www.diablotools.com/product/DBDS14125G01F,,,,,,DBDS14125G01F,Tools & Hardware,Abrasives,Cutting Discs,DBDS14125G01F,DBDS14125G01F,"DBDS14125G01F Diablo 14""x20mm - Steel Demon Metal Cut-Off Disc",-- Unbranded --,-- No Unilog Brand --,-- No DIB Brand --,Freud Inc (2435),Freud Tools / Robert Bosch Tool Corporation,DIABLO®,,DBDS14125G01F,,Tools & Hardware>Abrasives>Cutting & Grinding Discs,"DIABLO®, Cut-Off Disc, DBDS14125G01F, Carbon Steel",CUT-OFF DISC 14 INX20 MM 20MM CS,"DIABLO®, DBDS14125G01F, Cut-Off Disc, Carbon Steel","DIABLO® Cut-Off Disc, 14 inx20 mm, Carbon Steel","DIABLO®, Cut-Off Disc, Carbon Steel",,,,,,,,,,,,,,,,,,,,,,,,,,,Cut-Off Disc,Item Type,,,Dimensions,14 inx20 mm,,Grit,,,Arbor Size,,,Abrasive Material,Carbon Steel,,Pack Quantity,,,Additional Information,,,,,,,,,,,,,,,,,,,,,,,,,,,ArborSize,20mm,,,,,,,,,,,,,,,,,,,,,,,,,,,,,,,,,,,,,,,,,,,,,,,,,,,,,,,,,,,,,,,,,,,,,,,,,,,,,,,,,,,,,,,,,,,,,,,,,,,,,,,,,,,,,,1,EA,,,,,,,,,,,,,,,,,,,,,,,,,,,,,,,,,,,,,US,No,No
https://www.milwaukeetool.com/product/49-94-0013,,,,,,49-94-0013,Tools & Hardware,Abrasives,Cutting Discs,49-94-0013,49-94-0013,"49-94-0013 Milw 5""x.045""x7/8"" Metal Cut Off Disc",-- Unbranded --,-- No Unilog Brand --,-- No DIB Brand --,Milwaukee Accessory (4031),Milwaukee Electric Tool Corporation,MILWAUKEE®,,49-94-0013,,Tools & Hardware>Abrasives>Cutting & Grinding Discs,"MILWAUKEE®, Cut-Off Disc, 49-94-0013, Carbon Steel",CUT-OFF DISC 5 IN 7/8 IN CS,"MILWAUKEE®, 49-94-0013, Cut-Off Disc, Carbon Steel","MILWAUKEE® Cut-Off Disc, 5 in, Carbon Steel","MILWAUKEE®, Cut-Off Disc, Carbon Steel",,,,,,,,,,,,,,,,,,,,,,,,,,,Cut-Off Disc,Item Type,,,Dimensions,5,in,Grit,,,Arbor Size,,,Abrasive Material,Carbon Steel,,Pack Quantity,,,Additional Information,,,,,,,,,,,,,,,,,,,,,,,,,,,ArborSize,7/8,in,,,,,,,,,,,,,,,,,,,,,,,,,,,,,,,,,,,,,,,,,,,,,,,,,,,,,,,,,,,,,,,,,,,,,,,,,,,,,,,,,,,,,,,,,,,,,,,,,,,,,,,,,,,,,1,EA,,,,,,,,,,,,,,,,,,,,,,,,,,,,,,,,,,,,,US,No,No
https://www.milwaukeetool.com/product/49-94-0029,,,,,,49-94-0029,Tools & Hardware,Abrasives,Cutting Discs,49-94-0029,49-94-0029,"49-94-0029 Milw 6-1/2""x1/8""x5/8"" DKO Metal Cut Off Disc",-- Unbranded --,-- No Unilog Brand --,-- No DIB Brand --,Milwaukee Accessory (4031),Milwaukee Electric Tool Corporation,MILWAUKEE®,,49-94-0029,,Tools & Hardware>Abrasives>Cutting & Grinding Discs,"MILWAUKEE®, Cut-Off Disc, 49-94-0029, Carbon Steel",CUT OFF DISC 6-1/2 INX1/8 INX5/8 1/8 IN,"MILWAUKEE®, 49-94-0029, Cut-Off Disc, Carbon Steel","MILWAUKEE® Cut-Off Disc, 6-1/2 inx1/8 inx5/8, Carbon Steel","MILWAUKEE®, Cut-Off Disc, Carbon Steel",,,,,,,,,,,,,,,,,,,,,,,,,,,Cut-Off Disc,Item Type,,,Dimensions,6-1/2 inx1/8 inx5/8,,Grit,,,Arbor Size,,,Abrasive Material,Carbon Steel,,Pack Quantity,,,Additional Information,,,,,,,,,,,,,,,,,,,,,,,,,,,ArborSize,1/8,in,,,,,,,,,,,,,,,,,,,,,,,,,,,,,,,,,,,,,,,,,,,,,,,,,,,,,,,,,,,,,,,,,,,,,,,,,,,,,,,,,,,,,,,,,,,,,,,,,,,,,,,,,,,,,1,EA,,,,,,,,,,,,,,,,,,,,,,,,,,,,,,,,,,,,,US,No,No
https://www.milwaukeetool.com/product/49-94-0033,,,,,,49-94-0033,Tools & Hardware,Abrasives,Cutting Discs,49-94-0033,49-94-0033,"49-94-0033 Milw 7""x1/16""x7/8"" Metal Cut Off Disc",-- Unbranded --,-- No Unilog Brand --,-- No DIB Brand --,Milwaukee Accessory (4031),Milwaukee Electric Tool Corporation,MILWAUKEE®,,49-94-0033,,Tools & Hardware>Abrasives>Cutting & Grinding Discs,"MILWAUKEE®, Cut-Off Disc, 49-94-0033, Metal",CUT-OFF DISC 7 INX1/16 INX7/8 METAL,"MILWAUKEE®, 49-94-0033, Cut-Off Disc, Metal","MILWAUKEE® Cut-Off Disc, 7 inx1/16 inx7/8, Metal","MILWAUKEE®, Cut-Off Disc, Metal",,,,,,,,,,,,,,,,,,,,,,,,,,,Cut-Off Disc,Item Type,,,Dimensions,7 inx1/16 inx7/8,,Grit,,,Arbor Size,,,Abrasive Material,Metal,,Pack Quantity,,,Additional Information,,,,,,,,,,,,,,,,,,,,,,,,,,,description,"49-94-0033 Milw 7""x1/16""x7/8"" Metal Cut Off Disc",,,,,,,,,,,,,,,,,,,,,,,,,,,,,,,,,,,,,,,,,,,,,,,,,,,,,,,,,,,,,,,,,,,,,,,,,,,,,,,,,,,,,,,,,,,,,,,,,,,,,,,,,,,,,,1,EA,,,,,,,,,,,,,,,,,,,,,,,,,,,,,,,,,,,,,US,No,No
https://www.milwaukeetool.com/product/49-94-0001,,,,,,49-94-0001,Tools & Hardware,Abrasives,Cutting Discs,49-94-0001,49-94-0001,"49-94-0001 Milw 4""x.040""x5/8"" Metal Cut Off Disc",-- Unbranded --,-- No Unilog Brand --,-- No DIB Brand --,Milwaukee Accessory (4031),Milwaukee Electric Tool Corporation,MILWAUKEE®,,49-94-0001,,Tools & Hardware>Abrasives>Cutting & Grinding Discs,"MILWAUKEE®, Cut-Off Disc, 49-94-0001, Carbon Steel",CUT-OFF DISC 4 IN 5/8 IN CS,"MILWAUKEE®, 49-94-0001, Cut-Off Disc, Carbon Steel","MILWAUKEE® Cut-Off Disc, 4 in, Carbon Steel","MILWAUKEE®, Cut-Off Disc, Carbon Steel",,,,,,,,,,,,,,,,,,,,,,,,,,,Cut-Off Disc,Item Type,,,Dimensions,4,in,Grit,,,Arbor Size,,,Abrasive Material,Carbon Steel,,Pack Quantity,,,Additional Information,,,,,,,,,,,,,,,,,,,,,,,,,,,ArborSize,5/8,in,,,,,,,,,,,,,,,,,,,,,,,,,,,,,,,,,,,,,,,,,,,,,,,,,,,,,,,,,,,,,,,,,,,,,,,,,,,,,,,,,,,,,,,,,,,,,,,,,,,,,,,,,,,,,1,EA,,,,,,,,,,,,,,,,,,,,,,,,,,,,,,,,,,,,,US,No,No
https://www.milwaukeetool.com/product/49-94-0039,,,,,,49-94-0039,Tools & Hardware,Abrasives,Cutting Discs,49-94-0039,49-94-0039,"49-94-0039 Milw 7""x1/8""x5/8"" DKO Metal Cut Off Disc",-- Unbranded --,-- No Unilog Brand --,-- No DIB Brand --,Milwaukee Accessory (4031),Milwaukee Electric Tool Corporation,MILWAUKEE®,,49-94-0039,,Tools & Hardware>Abrasives>Cutting & Grinding Discs,"MILWAUKEE®, Cut-Off Disc, 49-94-0039, Carbon Steel",CUT-OFF DISC 7 INX1/8 INX5/8 1/8 IN CS,"MILWAUKEE®, 49-94-0039, Cut-Off Disc, Carbon Steel","MILWAUKEE® Cut-Off Disc, 7 inx1/8 inx5/8, Carbon Steel","MILWAUKEE®, Cut-Off Disc, Carbon Steel",,,,,,,,,,,,,,,,,,,,,,,,,,,Cut-Off Disc,Item Type,,,Dimensions,7 inx1/8 inx5/8,,Grit,,,Arbor Size,,,Abrasive Material,Carbon Steel,,Pack Quantity,,,Additional Information,,,,,,,,,,,,,,,,,,,,,,,,,,,ArborSize,1/8,in,,,,,,,,,,,,,,,,,,,,,,,,,,,,,,,,,,,,,,,,,,,,,,,,,,,,,,,,,,,,,,,,,,,,,,,,,,,,,,,,,,,,,,,,,,,,,,,,,,,,,,,,,,,,,1,EA,,,,,,,,,,,,,,,,,,,,,,,,,,,,,,,,,,,,,US,No,No
https://www.milwaukeetool.com/product/49-94-0043,,,,,,49-94-0043,Tools & Hardware,Abrasives,Cutting Discs,49-94-0043,49-94-0043,"49-94-0043 Milw 9""x3/32""x7/8"" Metal Cut Off Disc",-- Unbranded --,-- No Unilog Brand --,-- No DIB Brand --,Milwaukee Accessory (4031),Milwaukee Electric Tool Corporation,MILWAUKEE®,,49-94-0043,,Tools & Hardware>Abrasives>Cutting & Grinding Discs,"MILWAUKEE®, Cut-Off Disc, 49-94-0043, Carbon Steel",CUT-OFF DISC 9 INX3/32 INX7/8 3/32 IN CS,"MILWAUKEE®, 49-94-0043, Cut-Off Disc, Carbon Steel","MILWAUKEE® Cut-Off Disc, 9 inx3/32 inx7/8, Carbon Steel","MILWAUKEE®, Cut-Off Disc, Carbon Steel",,,,,,,,,,,,,,,,,,,,,,,,,,,Cut-Off Disc,Item Type,,,Dimensions,9 inx3/32 inx7/8,,Grit,,,Arbor Size,,,Abrasive Material,Carbon Steel,,Pack Quantity,,,Additional Information,,,,,,,,,,,,,,,,,,,,,,,,,,,ArborSize,3/32,in,,,,,,,,,,,,,,,,,,,,,,,,,,,,,,,,,,,,,,,,,,,,,,,,,,,,,,,,,,,,,,,,,,,,,,,,,,,,,,,,,,,,,,,,,,,,,,,,,,,,,,,,,,,,,1,EA,,,,,,,,,,,,,,,,,,,,,,,,,,,,,,,,,,,,,US,No,No
https://www.milwaukeetool.com/product/49-94-0048,,,,,,49-94-0048,Tools & Hardware,Abrasives,Cutting Discs,49-94-0048,49-94-0048,"49-94-0048 Milw 12""x7/64""x1"" Metal Cut Off Disc General Purpose",-- Unbranded --,-- No Unilog Brand --,-- No DIB Brand --,Milwaukee Accessory (4031),Milwaukee Electric Tool Corporation,MILWAUKEE®,,49-94-0048,,Tools & Hardware>Abrasives>Cutting & Grinding Discs,"MILWAUKEE®, Cut-Off Disc, 49-94-0048, 12"" x 7/64"" x 1"" Metal Cut Off Wheel -Ty M",CUT OFF DISC 12 IN X 7/64 IN X 1 IN,"MILWAUKEE®, 49-94-0048, Cut-Off Disc, 12"" x 7/64"" x 1"" Metal Cut Off Wheel -Ty Mounting, Carbon Steel","MILWAUKEE® Cut-Off Disc, 12"" x 7/64"" x 1"" Metal Cut Off Wheel -Ty A, 12"" x 7/64"" x 1"" Metal Cut Off Wheel -Ty Mounting, 12 in x 7/64 in x 1 in Metal Cut Off Wheel -Type 1 | Milwaukee Too, Carbon Steel","MILWAUKEE®, Cut-Off Disc, 12"" x 7/64"" x 1"" Metal Cut Off Wheel -Ty Mounting, Carbon Steel",,,,,,,,,,,,,,,,,,,,,,,,,,,Cut-Off Disc,Item Type,,,Dimensions,12 in x 7/64 in x 1 in Metal Cut Off Wheel -Type 1 | Milwaukee Too,,Grit,,,Arbor Size,,,Abrasive Material,Carbon Steel,,Pack Quantity,,,Additional Information,,,,,,,,,,,,,,,,,,,,,,,,,,,Mounting Type,"12"" x 7/64"" x 1"" Metal Cut Off Wheel -Ty",,ArborSize,7/64,in,Amperage,"12"" x 7/64"" x 1"" Metal Cut Off Wheel -Ty",,,,,,,,,,,,,,,,,,,,,,,,,,,,,,,,,,,,,,,,,,,,,,,,,,,,,,,,,,,,,,,,,,,,,,,,,,,,,,,,,,,,,,,,,,,,,,,,,,,,,,,,1,EA,,,,,,,,,,,,,,,,,,,,,,,,,,,,,,,,,,,,,US,No,No
https://www.milwaukeetool.com/product/49-94-0053,,,,,,49-94-0053,Tools & Hardware,Abrasives,Cutting Discs,49-94-0053,49-94-0053,"49-94-0053 Milw 12""x1/8""x1"" Metal Cut Off Disc",-- Unbranded --,-- No Unilog Brand --,-- No DIB Brand --,Milwaukee Accessory (4031),Milwaukee Electric Tool Corporation,MILWAUKEE®,,49-94-0053,,Tools & Hardware>Abrasives>Cutting & Grinding Discs,"MILWAUKEE®, Cut-Off Disc, 49-94-0053, 12"" x 1/8"" x 1"" Metal Cut Off Wheel -Typ M",CUT OFF DISC 12 IN X 1/8 IN X 1 IN,"MILWAUKEE®, 49-94-0053, Cut-Off Disc, 12"" x 1/8"" x 1"" Metal Cut Off Wheel -Typ Mounting, Carbon Steel","MILWAUKEE® Cut-Off Disc, 12"" x 1/8"" x 1"" Metal Cut Off Wheel -Typ A, 12"" x 1/8"" x 1"" Metal Cut Off Wheel -Typ Mounting, 12 in x 1/8 in x 1 in Metal Cut Off Wheel -Type 1 | Milwaukee Tool, Carbon Steel","MILWAUKEE®, Cut-Off Disc, 12"" x 1/8"" x 1"" Metal Cut Off Wheel -Typ Mounting, Carbon Steel",,,,,,,,,,,,,,,,,,,,,,,,,,,Cut-Off Disc,Item Type,,,Dimensions,12 in x 1/8 in x 1 in Metal Cut Off Wheel -Type 1 | Milwaukee Tool,,Grit,,,Arbor Size,,,Abrasive Material,Carbon Steel,,Pack Quantity,,,Additional Information,,,,,,,,,,,,,,,,,,,,,,,,,,,Mounting Type,"12"" x 1/8"" x 1"" Metal Cut Off Wheel -Typ",,ArborSize,1/8,in,Amperage,"12"" x 1/8"" x 1"" Metal Cut Off Wheel -Typ",,,,,,,,,,,,,,,,,,,,,,,,,,,,,,,,,,,,,,,,,,,,,,,,,,,,,,,,,,,,,,,,,,,,,,,,,,,,,,,,,,,,,,,,,,,,,,,,,,,,,,,,1,EA,,,,,,,,,,,,,,,,,,,,,,,,,,,,,,,,,,,,,US,No,No
https://www.milwaukeetool.com/product/49-94-0058,,,,,,49-94-0058,Tools & Hardware,Abrasives,Cutting Discs,49-94-0058,49-94-0058,"49-94-0058 Milw 12""x1/8""x20mm Metal Cut Off Disc",-- Unbranded --,-- No Unilog Brand --,-- No DIB Brand --,Milwaukee Accessory (4031),Milwaukee Electric Tool Corporation,MILWAUKEE®,,49-94-0058,,Tools & Hardware>Abrasives>Cutting & Grinding Discs,"MILWAUKEE®, Cut-Off Disc, 49-94-0058, 12"" x 1/8"" x 20mm Metal Cut Off Wheel -T M",CUT OFF DISC 12 IN X 1/8 IN X 20 MM,"MILWAUKEE®, 49-94-0058, Cut-Off Disc, 12"" x 1/8"" x 20mm Metal Cut Off Wheel -T Mounting, Carbon Steel","MILWAUKEE® Cut-Off Disc, 12"" x 1/8"" x 20mm Metal Cut Off Wheel -T A, 12"" x 1/8"" x 20mm Metal Cut Off Wheel -T Mounting, 12 in x 1/8 in x 20 mm Metal Cut Off Wheel -Type 1 | Milwaukee To, Carbon Steel","MILWAUKEE®, Cut-Off Disc, 12"" x 1/8"" x 20mm Metal Cut Off Wheel -T Mounting, Carbon Steel",,,,,,,,,,,,,,,,,,,,,,,,,,,Cut-Off Disc,Item Type,,,Dimensions,12 in x 1/8 in x 20 mm Metal Cut Off Wheel -Type 1 | Milwaukee To,,Grit,,,Arbor Size,,,Abrasive Material,Carbon Steel,,Pack Quantity,,,Additional Information,,,,,,,,,,,,,,,,,,,,,,,,,,,Mounting Type,"12"" x 1/8"" x 20mm Metal Cut Off Wheel -T",,ArborSize,1/8,in,Amperage,"12"" x 1/8"" x 20mm Metal Cut Off Wheel -T",,,,,,,,,,,,,,,,,,,,,,,,,,,,,,,,,,,,,,,,,,,,,,,,,,,,,,,,,,,,,,,,,,,,,,,,,,,,,,,,,,,,,,,,,,,,,,,,,,,,,,,,1,EA,,,,,,,,,,,,,,,,,,,,,,,,,,,,,,,,,,,,,US,No,No
https://www.milwaukeetool.com/product/49-94-0063,,,,,,49-94-0063,Tools & Hardware,Abrasives,Cutting Discs,49-94-0063,49-94-0063,"49-94-0063 Milw 14""x7/64""x1"" Metal Cut Off Disc General Purpose",-- Unbranded --,-- No Unilog Brand --,-- No DIB Brand --,Milwaukee Accessory (4031),Milwaukee Electric Tool Corporation,MILWAUKEE®,,49-94-0063,,Tools & Hardware>Abrasives>Cutting & Grinding Discs,"MILWAUKEE®, Cut-Off Disc, 49-94-0063, 14"" x 7/64"" x 1"" Metal Cut Off Wheel -Ty M",CUT OFF DISC 14 IN X 7/64 IN X 1 IN,"MILWAUKEE®, 49-94-0063, Cut-Off Disc, 14"" x 7/64"" x 1"" Metal Cut Off Wheel -Ty Mounting, Carbon Steel","MILWAUKEE® Cut-Off Disc, 14"" x 7/64"" x 1"" Metal Cut Off Wheel -Ty A, 14"" x 7/64"" x 1"" Metal Cut Off Wheel -Ty Mounting, 14 in x 7/64 in x 1 in Metal Cut Off Wheel -Type 1 | Milwaukee Too, Carbon Steel","MILWAUKEE®, Cut-Off Disc, 14"" x 7/64"" x 1"" Metal Cut Off Wheel -Ty Mounting, Carbon Steel",,,,,,,,,,,,,,,,,,,,,,,,,,,Cut-Off Disc,Item Type,,,Dimensions,14 in x 7/64 in x 1 in Metal Cut Off Wheel -Type 1 | Milwaukee Too,,Grit,,,Arbor Size,,,Abrasive Material,Carbon Steel,,Pack Quantity,,,Additional Information,,,,,,,,,,,,,,,,,,,,,,,,,,,Mounting Type,"14"" x 7/64"" x 1"" Metal Cut Off Wheel -Ty",,ArborSize,7/64,in,Amperage,"14"" x 7/64"" x 1"" Metal Cut Off Wheel -Ty",,,,,,,,,,,,,,,,,,,,,,,,,,,,,,,,,,,,,,,,,,,,,,,,,,,,,,,,,,,,,,,,,,,,,,,,,,,,,,,,,,,,,,,,,,,,,,,,,,,,,,,,1,EA,,,,,,,,,,,,,,,,,,,,,,,,,,,,,,,,,,,,,US,No,No
https://www.milwaukeetool.com/product/49-94-0068,,,,,,49-94-0068,Tools & Hardware,Abrasives,Cutting Discs,49-94-0068,49-94-0068,"49-94-0068 Milw 14""x1/8""x20mm Metal Cut Off Disc",-- Unbranded --,-- No Unilog Brand --,-- No DIB Brand --,Milwaukee Accessory (4031),Milwaukee Electric Tool Corporation,MILWAUKEE®,,49-94-0068,,Tools & Hardware>Abrasives>Cutting & Grinding Discs,"MILWAUKEE®, Cut-Off Disc, 49-94-0068, 14"" x 1/8"" x 20mm Metal Cut Off Wheel -T M",CUT OFF DISC 14 IN X 1/8 IN X 20 MM,"MILWAUKEE®, 49-94-0068, Cut-Off Disc, 14"" x 1/8"" x 20mm Metal Cut Off Wheel -T Mounting, Carbon Steel","MILWAUKEE® Cut-Off Disc, 14"" x 1/8"" x 20mm Metal Cut Off Wheel -T A, 14"" x 1/8"" x 20mm Metal Cut Off Wheel -T Mounting, 14 in x 1/8 in x 20 mm Metal Cut Off Wheel -Type 1 | Milwaukee To, Carbon Steel","MILWAUKEE®, Cut-Off Disc, 14"" x 1/8"" x 20mm Metal Cut Off Wheel -T Mounting, Carbon Steel",,,,,,,,,,,,,,,,,,,,,,,,,,,Cut-Off Disc,Item Type,,,Dimensions,14 in x 1/8 in x 20 mm Metal Cut Off Wheel -Type 1 | Milwaukee To,,Grit,,,Arbor Size,,,Abrasive Material,Carbon Steel,,Pack Quantity,,,Additional Information,,,,,,,,,,,,,,,,,,,,,,,,,,,Mounting Type,"14"" x 1/8"" x 20mm Metal Cut Off Wheel -T",,ArborSize,1/8,in,Amperage,"14"" x 1/8"" x 20mm Metal Cut Off Wheel -T",,,,,,,,,,,,,,,,,,,,,,,,,,,,,,,,,,,,,,,,,,,,,,,,,,,,,,,,,,,,,,,,,,,,,,,,,,,,,,,,,,,,,,,,,,,,,,,,,,,,,,,,1,EA,,,,,,,,,,,,,,,,,,,,,,,,,,,,,,,,,,,,,US,No,No
https://www.milwaukeetool.com/product/49-94-0073,,,,,,49-94-0073,Tools & Hardware,Abrasives,Cutting Discs,49-94-0073,49-94-0073,"49-94-0073 Milw 14""x1/8""x1"" Metal Cut Off Disc",-- Unbranded --,-- No Unilog Brand --,-- No DIB Brand --,Milwaukee Accessory (4031),Milwaukee Electric Tool Corporation,MILWAUKEE®,,49-94-0073,,Tools & Hardware>Abrasives>Cutting & Grinding Discs,"MILWAUKEE®, Cut-Off Disc, 49-94-0073, 14"" x 1/8"" x 1"" Metal Cut Off Wheel -Typ M",CUT OFF DISC 14 IN X 1/8 IN X 1 IN,"MILWAUKEE®, 49-94-0073, Cut-Off Disc, 14"" x 1/8"" x 1"" Metal Cut Off Wheel -Typ Mounting, Carbon Steel","MILWAUKEE® Cut-Off Disc, 14"" x 1/8"" x 1"" Metal Cut Off Wheel -Typ A, 14"" x 1/8"" x 1"" Metal Cut Off Wheel -Typ Mounting, 14 in x 1/8 in x 1 in Metal Cut Off Wheel -Type 1 | Milwaukee Tool, Carbon Steel","MILWAUKEE®, Cut-Off Disc, 14"" x 1/8"" x 1"" Metal Cut Off Wheel -Typ Mounting, Carbon Steel",,,,,,,,,,,,,,,,,,,,,,,,,,,Cut-Off Disc,Item Type,,,Dimensions,14 in x 1/8 in x 1 in Metal Cut Off Wheel -Type 1 | Milwaukee Tool,,Grit,,,Arbor Size,,,Abrasive Material,Carbon Steel,,Pack Quantity,,,Additional Information,,,,,,,,,,,,,,,,,,,,,,,,,,,Mounting Type,"14"" x 1/8"" x 1"" Metal Cut Off Wheel -Typ",,ArborSize,1/8,in,Amperage,"14"" x 1/8"" x 1"" Metal Cut Off Wheel -Typ",,,,,,,,,,,,,,,,,,,,,,,,,,,,,,,,,,,,,,,,,,,,,,,,,,,,,,,,,,,,,,,,,,,,,,,,,,,,,,,,,,,,,,,,,,,,,,,,,,,,,,,,1,EA,,,,,,,,,,,,,,,,,,,,,,,,,,,,,,,,,,,,,US,No,No
https://www.milwaukeetool.com/product/49-94-0101,,,,,,49-94-0101,Tools & Hardware,Abrasives,Cutting Discs,49-94-0101,49-94-0101,"49-94-0101 Milw 4-1/2""x.045""x7/8"" Perform+ Metal Cut Off Disc 10pc",-- Unbranded --,-- No Unilog Brand --,-- No DIB Brand --,Milwaukee Accessory (4031),Milwaukee Electric Tool Corporation,MILWAUKEE®,,49-94-0101,,Tools & Hardware>Abrasives>Cutting & Grinding Discs,"MILWAUKEE®, Cut-Off Disc, 49-94-0101, 045"" x 7/8"" Performance+ Metal Cut Off W M",CUT OFF DISC 045 IN X 7/8 IN,"MILWAUKEE®, 49-94-0101, Cut-Off Disc, 045"" x 7/8"" Performance+ Metal Cut Off W Mounting, Carbon Steel","MILWAUKEE® Cut-Off Disc, 045"" x 7/8"" Performance+ Metal Cut Off W A, 045"" x 7/8"" Performance+ Metal Cut Off W Mounting, 045 in x 7/8 in Performance+ Metal Cut Off Wheel - Type 1 - 10 PK, Carbon Steel","MILWAUKEE®, Cut-Off Disc, 045"" x 7/8"" Performance+ Metal Cut Off W Mounting, Carbon Steel",,,,,,,,,,,,,,,,,,,,,,,,,,,Cut-Off Disc,Item Type,,,Dimensions,045 in x 7/8 in Performance+ Metal Cut Off Wheel - Type 1 - 10 PK,,Grit,,,Arbor Size,,,Abrasive Material,Carbon Steel,,Pack Quantity,,,Additional Information,,,,,,,,,,,,,,,,,,,,,,,,,,,Mounting Type,"045"" x 7/8"" Performance+ Metal Cut Off W",,ArborSize,7/8,in,PackQuantity,10 PK,,Amperage,"045"" x 7/8"" Performance+ Metal Cut Off W",,,,,,,,,,,,,,,,,,,,,,,,,,,,,,,,,,,,,,,,,,,,,,,,,,,,,,,,,,,,,,,,,,,,,,,,,,,,,,,,,,,,,,,,,,,,,,,,,,,,,1,EA,,,,,,,,,,,,,,,,,,,,,,,,,,,,,,,,,,,,,US,No,No
https://www.milwaukeetool.com/product/49-94-0107,,,,,,49-94-0107,Tools & Hardware,Abrasives,Cutting Discs,49-94-0107,49-94-0107,"49-94-0107 Milw 4-1/2""x.045""x7/8"" Performance+ Metal Cut Off Disc",-- Unbranded --,-- No Unilog Brand --,-- No DIB Brand --,Milwaukee Accessory (4031),Milwaukee Electric Tool Corporation,MILWAUKEE®,,49-94-0107,,Tools & Hardware>Abrasives>Cutting & Grinding Discs,"MILWAUKEE®, Cut-Off Disc, 49-94-0107, 045"" x 7/8"" Performance+ Metal Cut Off W M",CUT OFF DISC 045 IN X 7/8 IN,"MILWAUKEE®, 49-94-0107, Cut-Off Disc, 045"" x 7/8"" Performance+ Metal Cut Off W Mounting, Metal","MILWAUKEE® Cut-Off Disc, 045"" x 7/8"" Performance+ Metal Cut Off W A, 045"" x 7/8"" Performance+ Metal Cut Off W Mounting, 045 in x 7/8 in Performance+ Metal Cut Off Wheel - Type 27 Share, Metal","MILWAUKEE®, Cut-Off Disc, 045"" x 7/8"" Performance+ Metal Cut Off W Mounting, Metal",,,,,,,,,,,,,,,,,,,,,,,,,,,Cut-Off Disc,Item Type,Type 27,,Dimensions,045 in x 7/8 in Performance+ Metal Cut Off Wheel - Type 27 Share,,Grit,,,Arbor Size,,,Abrasive Material,Metal,,Pack Quantity,,,Additional Information,,,,,,,,,,,,,,,,,,,,,,,,,,,Mounting Type,"045"" x 7/8"" Performance+ Metal Cut Off W",,performance_plus,Performance+,,Amperage,"045"" x 7/8"" Performance+ Metal Cut Off W",,,,,,,,,,,,,,,,,,,,,,,,,,,,,,,,,,,,,,,,,,,,,,,,,,,,,,,,,,,,,,,,,,,,,,,,,,,,,,,,,,,,,,,,,,,,,,,,,,,,,,,,1,EA,,,,,,,,,,,,,,,,,,,,,,,,,,,,,,,,,,,,,US,No,No
https://www.milwaukeetool.com/product/49-94-0117,,,,,,49-94-0117,Tools & Hardware,Abrasives,Cutting Discs,49-94-0117,49-94-0117,"49-94-0117 Milw 5""x.045""x7/8"" Performance+ Metal Cut Off Disc",-- Unbranded --,-- No Unilog Brand --,-- No DIB Brand --,Milwaukee Accessory (4031),Milwaukee Electric Tool Corporation,MILWAUKEE®,,49-94-0117,,Tools & Hardware>Abrasives>Cutting & Grinding Discs,"MILWAUKEE®, Cut-Off Disc, 49-94-0117, 045"" x 7/8"" Performance+ Metal Cut Off W M",CUT OFF DISC 045 IN X 7/8 IN,"MILWAUKEE®, 49-94-0117, Cut-Off Disc, 045"" x 7/8"" Performance+ Metal Cut Off W Mounting, Carbon Steel","MILWAUKEE® Cut-Off Disc, 045"" x 7/8"" Performance+ Metal Cut Off W A, 045"" x 7/8"" Performance+ Metal Cut Off W Mounting, 045 in x 7/8 in Performance+ Metal Cut Off Wheel - Type 27 Share, Carbon Steel","MILWAUKEE®, Cut-Off Disc, 045"" x 7/8"" Performance+ Metal Cut Off W Mounting, Carbon Steel",,,,,,,,,,,,,,,,,,,,,,,,,,,Cut-Off Disc,Item Type,,,Dimensions,045 in x 7/8 in Performance+ Metal Cut Off Wheel - Type 27 Share,,Grit,,,Arbor Size,,,Abrasive Material,Carbon Steel,,Pack Quantity,,,Additional Information,,,,,,,,,,,,,,,,,,,,,,,,,,,Mounting Type,"045"" x 7/8"" Performance+ Metal Cut Off W",,ArborSize,7/8,in,Amperage,"045"" x 7/8"" Performance+ Metal Cut Off W",,,,,,,,,,,,,,,,,,,,,,,,,,,,,,,,,,,,,,,,,,,,,,,,,,,,,,,,,,,,,,,,,,,,,,,,,,,,,,,,,,,,,,,,,,,,,,,,,,,,,,,,1,EA,,,,,,,,,,,,,,,,,,,,,,,,,,,,,,,,,,,,,US,No,No
https://www.milwaukeetool.com/product/49-94-0123,,,,,,49-94-0123,Tools & Hardware,Abrasives,Cutting Discs,49-94-0123,49-94-0123,"49-94-0123 Milw 6""x.045""x7/8"" Performance+ Metal Cut Off Disc",-- Unbranded --,-- No Unilog Brand --,-- No DIB Brand --,Milwaukee Accessory (4031),Milwaukee Electric Tool Corporation,MILWAUKEE®,,49-94-0123,,Tools & Hardware>Abrasives>Cutting & Grinding Discs,"MILWAUKEE®, Cut-Off Disc, 49-94-0123, 045"" x 7/8"" Performance+ Metal Cut Off W M",CUT OFF DISC 045 IN X 7/8 IN,"MILWAUKEE®, 49-94-0123, Cut-Off Disc, 045"" x 7/8"" Performance+ Metal Cut Off W Mounting, Carbon Steel","MILWAUKEE® Cut-Off Disc, 045"" x 7/8"" Performance+ Metal Cut Off W A, 045"" x 7/8"" Performance+ Metal Cut Off W Mounting, 045 in x 7/8 in Performance+ Metal Cut Off Wheel - Type 1 Share, Carbon Steel","MILWAUKEE®, Cut-Off Disc, 045"" x 7/8"" Performance+ Metal Cut Off W Mounting, Carbon Steel",,,,,,,,,,,,,,,,,,,,,,,,,,,Cut-Off Disc,Item Type,,,Dimensions,045 in x 7/8 in Performance+ Metal Cut Off Wheel - Type 1 Share,,Grit,,,Arbor Size,,,Abrasive Material,Carbon Steel,,Pack Quantity,,,Additional Information,,,,,,,,,,,,,,,,,,,,,,,,,,,Mounting Type,"045"" x 7/8"" Performance+ Metal Cut Off W",,ArborSize,7/8,in,Amperage,"045"" x 7/8"" Performance+ Metal Cut Off W",,,,,,,,,,,,,,,,,,,,,,,,,,,,,,,,,,,,,,,,,,,,,,,,,,,,,,,,,,,,,,,,,,,,,,,,,,,,,,,,,,,,,,,,,,,,,,,,,,,,,,,,1,EA,,,,,,,,,,,,,,,,,,,,,,,,,,,,,,,,,,,,,US,No,No
https://www.milwaukeetool.com/product/49-94-0023,,,,,,49-94-0023,Tools & Hardware,Abrasives,Cutting Discs,49-94-0023,49-94-0023,"49-94-0023 Milw 6""x.045""x7/8"" Metal Cut Off Disc",-- Unbranded --,-- No Unilog Brand --,-- No DIB Brand --,Milwaukee Accessory (4031),Milwaukee Electric Tool Corporation,MILWAUKEE®,,49-94-0023,,Tools & Hardware>Abrasives>Cutting & Grinding Discs,"MILWAUKEE®, Cut-Off Disc, 49-94-0023, 045"" x 7/8"" Metal Cut Off Wheel -Type 1  M",CUT OFF DISC 045 IN X 7/8 IN METAL CUT,"MILWAUKEE®, 49-94-0023, Cut-Off Disc, 045"" x 7/8"" Metal Cut Off Wheel -Type 1  Mounting, Carbon Steel","MILWAUKEE® Cut-Off Disc, 045"" x 7/8"" Metal Cut Off Wheel -Type 1  A, 045"" x 7/8"" Metal Cut Off Wheel -Type 1  Mounting, 045 in x 7/8 in Metal Cut Off Wheel -Type 1 Share Options : Diam, Carbon Steel","MILWAUKEE®, Cut-Off Disc, 045"" x 7/8"" Metal Cut Off Wheel -Type 1  Mounting, Carbon Steel",,,,,,,,,,,,,,,,,,,,,,,,,,,Cut-Off Disc,Item Type,,,Dimensions,045 in x 7/8 in Metal Cut Off Wheel -Type 1 Share Options : Diam,,Grit,,,Arbor Size,,,Abrasive Material,Carbon Steel,,Pack Quantity,,,Additional Information,,,,,,,,,,,,,,,,,,,,,,,,,,,Mounting Type,"045"" x 7/8"" Metal Cut Off Wheel -Type 1",,ArborSize,7/8,in,Amperage,"045"" x 7/8"" Metal Cut Off Wheel -Type 1",,,,,,,,,,,,,,,,,,,,,,,,,,,,,,,,,,,,,,,,,,,,,,,,,,,,,,,,,,,,,,,,,,,,,,,,,,,,,,,,,,,,,,,,,,,,,,,,,,,,,,,,1,EA,,,,,,,,,,,,,,,,,,,,,,,,,,,,,,,,,,,,,US,No,No
https://www.milwaukeetool.com/product/49-94-0121,,,,,,49-94-0121,Tools & Hardware,Abrasives,Cutting Discs,49-94-0121,49-94-0121,"49-94-0121 Milw 6""x.045""x7/8"" Performance+ Metal Cut Off Disc 10pc",-- Unbranded --,-- No Unilog Brand --,-- No DIB Brand --,Milwaukee Accessory (4031),Milwaukee Electric Tool Corporation,MILWAUKEE®,,49-94-0121,,Tools & Hardware>Abrasives>Cutting & Grinding Discs,"MILWAUKEE®, Cut-Off Disc, 49-94-0121, 045"" x 7/8"" Performance+ Metal Cut Off W M",CUT OFF DISC 045 IN X 7/8 IN,"MILWAUKEE®, 49-94-0121, Cut-Off Disc, 045"" x 7/8"" Performance+ Metal Cut Off W Mounting, Carbon Steel","MILWAUKEE® Cut-Off Disc, 045"" x 7/8"" Performance+ Metal Cut Off W A, 045"" x 7/8"" Performance+ Metal Cut Off W Mounting, 045 in x 7/8 in Performance+ Metal Cut Off Wheel - Type 1 Share, Carbon Steel","MILWAUKEE®, Cut-Off Disc, 045"" x 7/8"" Performance+ Metal Cut Off W Mounting, Carbon Steel",,,,,,,,,,,,,,,,,,,,,,,,,,,Cut-Off Disc,Item Type,,,Dimensions,045 in x 7/8 in Performance+ Metal Cut Off Wheel - Type 1 Share,,Grit,,,Arbor Size,,,Abrasive Material,Carbon Steel,,Pack Quantity,,,Additional Information,,,,,,,,,,,,,,,,,,,,,,,,,,,Mounting Type,"045"" x 7/8"" Performance+ Metal Cut Off W",,ArborSize,7/8,in,PackQuantity,10 PK,,Amperage,"045"" x 7/8"" Performance+ Metal Cut Off W",,,,,,,,,,,,,,,,,,,,,,,,,,,,,,,,,,,,,,,,,,,,,,,,,,,,,,,,,,,,,,,,,,,,,,,,,,,,,,,,,,,,,,,,,,,,,,,,,,,,,1,EA,,,,,,,,,,,,,,,,,,,,,,,,,,,,,,,,,,,,,US,No,No
https://www.milwaukeetool.com/product/49-94-0127,,,,,,49-94-0127,Tools & Hardware,Abrasives,Cutting Discs,49-94-0127,49-94-0127,"49-94-0127 Milw 6""x.045""x7/8"" Performance+Metal Cut Off Disc",-- Unbranded --,-- No Unilog Brand --,-- No DIB Brand --,Milwaukee Accessory (4031),Milwaukee Electric Tool Corporation,MILWAUKEE®,,49-94-0127,,Tools & Hardware>Abrasives>Cutting & Grinding Discs,"MILWAUKEE®, Cut-Off Disc, 49-94-0127, 045"" x 7/8"" Performance+ Metal Cut Off W M",CUT OFF DISC 045 IN X 7/8 IN,"MILWAUKEE®, 49-94-0127, Cut-Off Disc, 045"" x 7/8"" Performance+ Metal Cut Off W Mounting, Carbon Steel","MILWAUKEE® Cut-Off Disc, 045"" x 7/8"" Performance+ Metal Cut Off W A, 045"" x 7/8"" Performance+ Metal Cut Off W Mounting, 045 in x 7/8 in Performance+ Metal Cut Off Wheel - Type 27 Share, Carbon Steel","MILWAUKEE®, Cut-Off Disc, 045"" x 7/8"" Performance+ Metal Cut Off W Mounting, Carbon Steel",,,,,,,,,,,,,,,,,,,,,,,,,,,Cut-Off Disc,Item Type,,,Dimensions,045 in x 7/8 in Performance+ Metal Cut Off Wheel - Type 27 Share,,Grit,,,Arbor Size,,,Abrasive Material,Carbon Steel,,Pack Quantity,,,Additional Information,,,,,,,,,,,,,,,,,,,,,,,,,,,Mounting Type,"045"" x 7/8"" Performance+ Metal Cut Off W",,ArborSize,7/8,in,Amperage,"045"" x 7/8"" Performance+ Metal Cut Off W",,,,,,,,,,,,,,,,,,,,,,,,,,,,,,,,,,,,,,,,,,,,,,,,,,,,,,,,,,,,,,,,,,,,,,,,,,,,,,,,,,,,,,,,,,,,,,,,,,,,,,,,1,EA,,,,,,,,,,,,,,,,,,,,,,,,,,,,,,,,,,,,,US,No,No
https://www.milwaukeetool.com/product/49-94-0137,,,,,,49-94-0137,Tools & Hardware,Abrasives,Cutting Discs,49-94-0137,49-94-0137,"49-94-0137 Milw 7""x3/32""x7/8"" Performance+ Metal Cut Off Disc",-- Unbranded --,-- No Unilog Brand --,-- No DIB Brand --,Milwaukee Accessory (4031),Milwaukee Electric Tool Corporation,MILWAUKEE®,,49-94-0137,,Tools & Hardware>Abrasives>Cutting & Grinding Discs,"MILWAUKEE®, Cut-Off Disc, 49-94-0137, 7"" x 3/32"" x 7/8"" Performance+ Metal Cut M",CUT OFF DISC 7 IN X 3/32 IN X 7/8 IN,"MILWAUKEE®, 49-94-0137, Cut-Off Disc, 7"" x 3/32"" x 7/8"" Performance+ Metal Cut Mounting, Carbon Steel","MILWAUKEE® Cut-Off Disc, 7"" x 3/32"" x 7/8"" Performance+ Metal Cut A, 7"" x 3/32"" x 7/8"" Performance+ Metal Cut Mounting, 7 in x 3/32 in x 7/8 in Performance+ Metal Cut Off Wheel - Type 27, Carbon Steel","MILWAUKEE®, Cut-Off Disc, 7"" x 3/32"" x 7/8"" Performance+ Metal Cut Mounting, Carbon Steel",,,,,,,,,,,,,,,,,,,,,,,,,,,Cut-Off Disc,Item Type,,,Dimensions,7 in x 3/32 in x 7/8 in Performance+ Metal Cut Off Wheel - Type 27,,Grit,,,Arbor Size,,,Abrasive Material,Carbon Steel,,Pack Quantity,,,Additional Information,,,,,,,,,,,,,,,,,,,,,,,,,,,Mounting Type,"7"" x 3/32"" x 7/8"" Performance+ Metal Cut",,ArborSize,3/32,in,Amperage,"7"" x 3/32"" x 7/8"" Performance+ Metal Cut",,,,,,,,,,,,,,,,,,,,,,,,,,,,,,,,,,,,,,,,,,,,,,,,,,,,,,,,,,,,,,,,,,,,,,,,,,,,,,,,,,,,,,,,,,,,,,,,,,,,,,,,1,EA,,,,,,,,,,,,,,,,,,,,,,,,,,,,,,,,,,,,,US,No,No
https://www.milwaukeetool.com/product/49-94-0160,,,,,,49-94-0160,Tools & Hardware,Abrasives,Cutting Discs,49-94-0160,49-94-0160,"49-94-0160 Milw 14""x7/64""x1"" Performance+ Metal Cut Off Disc",-- Unbranded --,-- No Unilog Brand --,-- No DIB Brand --,Milwaukee Accessory (4031),Milwaukee Electric Tool Corporation,MILWAUKEE®,,49-94-0160,,Tools & Hardware>Abrasives>Cutting & Grinding Discs,"MILWAUKEE®, Cut-Off Disc, 49-94-0160, 14"" x 7/64"" x 1"" Performance+ Metal Cut  M",CUT OFF DISC 14 IN X 7/64 IN X 1 IN,"MILWAUKEE®, 49-94-0160, Cut-Off Disc, 14"" x 7/64"" x 1"" Performance+ Metal Cut  Mounting, Carbon Steel","MILWAUKEE® Cut-Off Disc, 14"" x 7/64"" x 1"" Performance+ Metal Cut  A, 14"" x 7/64"" x 1"" Performance+ Metal Cut  Mounting, 14 in x 7/64 in x 1 in Performance+ Metal Cut Off Wheel - Type 1 -, Carbon Steel","MILWAUKEE®, Cut-Off Disc, 14"" x 7/64"" x 1"" Performance+ Metal Cut  Mounting, Carbon Steel",,,,,,,,,,,,,,,,,,,,,,,,,,,Cut-Off Disc,Item Type,,,Dimensions,14 in x 7/64 in x 1 in Performance+ Metal Cut Off Wheel - Type 1 -,,Grit,,,Arbor Size,,,Abrasive Material,Carbon Steel,,Pack Quantity,,,Additional Information,,,,,,,,,,,,,,,,,,,,,,,,,,,Mounting Type,"14"" x 7/64"" x 1"" Performance+ Metal Cut",,ArborSize,7/64,in,Amperage,"14"" x 7/64"" x 1"" Performance+ Metal Cut",,,,,,,,,,,,,,,,,,,,,,,,,,,,,,,,,,,,,,,,,,,,,,,,,,,,,,,,,,,,,,,,,,,,,,,,,,,,,,,,,,,,,,,,,,,,,,,,,,,,,,,,1,EA,,,,,,,,,,,,,,,,,,,,,,,,,,,,,,,,,,,,,US,No,No
https://www.milwaukeetool.com/product/49-94-0223,,,,,,49-94-0223,Tools & Hardware,Abrasives,Cutting Discs,49-94-0223,49-94-0223,"49-94-0223 Milw 6""x.045""x7/8"" Ceramic+ Metal Cut Off Disc",-- Unbranded --,-- No Unilog Brand --,-- No DIB Brand --,Milwaukee Accessory (4031),Milwaukee Electric Tool Corporation,MILWAUKEE®,,49-94-0223,,Tools & Hardware>Abrasives>Cutting & Grinding Discs,"MILWAUKEE®, Cut-Off Disc, 49-94-0223, 045"" x 7/8"" Ceramic+ Metal Cut Off Wheel M",CUT OFF DISC 045 IN X 7/8 IN CERAMIC+,"MILWAUKEE®, 49-94-0223, Cut-Off Disc, 045"" x 7/8"" Ceramic+ Metal Cut Off Wheel Mounting, Carbon Steel","MILWAUKEE® Cut-Off Disc, 045"" x 7/8"" Ceramic+ Metal Cut Off Wheel A, 045"" x 7/8"" Ceramic+ Metal Cut Off Wheel Mounting, 045 in x 7/8 in Ceramic+ Metal Cut Off Wheel -Type 1 Share Optio, Carbon Steel","MILWAUKEE®, Cut-Off Disc, 045"" x 7/8"" Ceramic+ Metal Cut Off Wheel Mounting, Carbon Steel",,,,,,,,,,,,,,,,,,,,,,,,,,,Cut-Off Disc,Item Type,,,Dimensions,045 in x 7/8 in Ceramic+ Metal Cut Off Wheel -Type 1 Share Optio,,Grit,,,Arbor Size,,,Abrasive Material,Carbon Steel,,Pack Quantity,,,Additional Information,,,,,,,,,,,,,,,,,,,,,,,,,,,Mounting Type,"045"" x 7/8"" Ceramic+ Metal Cut Off Wheel",,ArborSize,7/8,in,Amperage,"045"" x 7/8"" Ceramic+ Metal Cut Off Wheel",,,,,,,,,,,,,,,,,,,,,,,,,,,,,,,,,,,,,,,,,,,,,,,,,,,,,,,,,,,,,,,,,,,,,,,,,,,,,,,,,,,,,,,,,,,,,,,,,,,,,,,,1,EA,,,,,,,,,,,,,,,,,,,,,,,,,,,,,,,,,,,,,US,No,No
https://www.milwaukeetool.com/product/49-94-0445,,,,,,49-94-0445,Tools & Hardware,Abrasives,Cutting Discs,49-94-0445,49-94-0445,"49-94-0445 Milw 10""x3/32""x5/8"" Performance+ Metal Cut Off Disc",-- Unbranded --,-- No Unilog Brand --,-- No DIB Brand --,Milwaukee Accessory (4031),Milwaukee Electric Tool Corporation,MILWAUKEE®,,49-94-0445,,Tools & Hardware>Abrasives>Cutting & Grinding Discs,"MILWAUKEE®, Cut-Off Disc, 49-94-0445, 10"" x 3/32"" x 5/8"" Performance+ Metal Cu M",CUT OFF DISC 10 IN X 3/32 IN X 5/8 IN,"MILWAUKEE®, 49-94-0445, Cut-Off Disc, 10"" x 3/32"" x 5/8"" Performance+ Metal Cu Mounting, Carbon Steel","MILWAUKEE® Cut-Off Disc, 10"" x 3/32"" x 5/8"" Performance+ Metal Cu A, 10"" x 3/32"" x 5/8"" Performance+ Metal Cu Mounting, 10 in x 3/32 in x 5/8 in Performance+ Metal Cut Off Wheel - Type 1, Carbon Steel","MILWAUKEE®, Cut-Off Disc, 10"" x 3/32"" x 5/8"" Performance+ Metal Cu Mounting, Carbon Steel",,,,,,,,,,,,,,,,,,,,,,,,,,,Cut-Off Disc,Item Type,,,Dimensions,10 in x 3/32 in x 5/8 in Performance+ Metal Cut Off Wheel - Type 1,,Grit,,,Arbor Size,,,Abrasive Material,Carbon Steel,,Pack Quantity,,,Additional Information,,,,,,,,,,,,,,,,,,,,,,,,,,,Mounting Type,"10"" x 3/32"" x 5/8"" Performance+ Metal Cu",,ArborSize,3/32,in,Amperage,"10"" x 3/32"" x 5/8"" Performance+ Metal Cu",,,,,,,,,,,,,,,,,,,,,,,,,,,,,,,,,,,,,,,,,,,,,,,,,,,,,,,,,,,,,,,,,,,,,,,,,,,,,,,,,,,,,,,,,,,,,,,,,,,,,,,,1,EA,,,,,,,,,,,,,,,,,,,,,,,,,,,,,,,,,,,,,US,No,No
https://www.milwaukeetool.com/product/49-94-0803,,,,,,49-94-0803,,,,49-94-0803,49-94-0803,"49-94-0803 Milw 4-1/2""x1/8""x7/8"" Dual Metal Cut and Grind Disc",-- Unbranded --,-- No Unilog Brand --,-- No DIB Brand --,Milwaukee Accessory (4031),Milwaukee Electric Tool Corporation,MILWAUKEE®,,49-94-0803,,,"MILWAUKEE®, Commercial Product, 49-94-0803, 4-1/2"" x 1/8"" x 7/8"" Dual Metal Cut","COMM PRODUCT 4-1/2"" X 1/8"" X 7/8"" DUAL","MILWAUKEE®, 49-94-0803, Commercial Product, 4-1/2"" x 1/8"" x 7/8"" Dual Metal Cut & Gr Mounting, Carbon Steel","MILWAUKEE® Commercial Product, 4-1/2"" x 1/8"" x 7/8"" Dual Metal Cut & Gr A, 4-1/2"" x 1/8"" x 7/8"" Dual Metal Cut & Gr Mounting, 4-1/2 inx1/8 inx7/8, Carbon Steel","MILWAUKEE®, Commercial Product, 4-1/2"" x 1/8"" x 7/8"" Dual Metal Cut & Gr Mounting, Carbon Steel",,,,,,,,,,,,,,,,,,,,,,,,,,,"MILWAUKEE®, Commercial Product, 4-1/2"" x 1/8"" x 7/8"" Dual Metal Cut & Gr Mounting, Carbon Steel",Series,,,Model,,,Item Type,,,Voltage Rating,,,Amperage Rating,"4-1/2"" x 1/8"" x 7/8"" Dual Metal Cut & Gr",,Dimensions,4-1/2 inx1/8 inx7/8,,Mounting Type,"4-1/2"" x 1/8"" x 7/8"" Dual Metal Cut & Gr",,Material,Carbon Steel,,Color,,,Sound Level,,,Additional Information,,,,,,,,,,,,,,,ArborSize,1/8,in,,,,,,,,,,,,,,,,,,,,,,,,,,,,,,,,,,,,,,,,,,,,,,,,,,,,,,,,,,,,,,,,,,,,,,,,,,,,,,,,,,,,,,,,,,,,,,,,,,,,,,,,,,,,,1,EA,,,,,,,,,,,,,,,,,,,,,,,,,,,,,,,,,,,,,US,No,No
https://www.milwaukeetool.com/product/49-94-0903,,,,,,49-94-0903,,,,49-94-0903,49-94-0903,"49-94-0903 Milw 4-1/2""x1/8""x7/8""Perform+Dual Metal Cut and Grind Disc",-- Unbranded --,-- No Unilog Brand --,-- No DIB Brand --,Milwaukee Accessory (4031),Milwaukee Electric Tool Corporation,MILWAUKEE®,,49-94-0903,,,"MILWAUKEE®, Commercial Product, 49-94-0903, 4-1/2"" x 1/8"" x 7/8"" Performance+ Du","COMM PRODUCT 4-1/2"" X 1/8"" X 7/8""","MILWAUKEE®, 49-94-0903, Commercial Product, 4-1/2"" x 1/8"" x 7/8"" Performance+ Dual M Mounting, Carbon Steel","MILWAUKEE® Commercial Product, 4-1/2"" x 1/8"" x 7/8"" Performance+ Dual M A, 4-1/2"" x 1/8"" x 7/8"" Performance+ Dual M Mounting, 4-1/2 in x 1/8 in x 7/8 in Performance+ Dual Metal Cut & Grind Whe, Carbon Steel","MILWAUKEE®, Commercial Product, 4-1/2"" x 1/8"" x 7/8"" Performance+ Dual M Mounting, Carbon Steel",,,,,,,,,,,,,,,,,,,,,,,,,,,"MILWAUKEE®, Commercial Product, 4-1/2"" x 1/8"" x 7/8"" Performance+ Dual M Mounting, Carbon Steel",Series,,,Model,,,Item Type,,,Voltage Rating,,,Amperage Rating,"4-1/2"" x 1/8"" x 7/8"" Performance+ Dual M",,Dimensions,4-1/2 in x 1/8 in x 7/8 in Performance+ Dual Metal Cut & Grind Whe,,Mounting Type,"4-1/2"" x 1/8"" x 7/8"" Performance+ Dual M",,Material,Carbon Steel,,Color,,,Sound Level,,,Additional Information,,,,,,,,,,,,,,,ArborSize,1/8,in,,,,,,,,,,,,,,,,,,,,,,,,,,,,,,,,,,,,,,,,,,,,,,,,,,,,,,,,,,,,,,,,,,,,,,,,,,,,,,,,,,,,,,,,,,,,,,,,,,,,,,,,,,,,,1,EA,,,,,,,,,,,,,,,,,,,,,,,,,,,,,,,,,,,,,US,No,No
https://www.milwaukeetool.com/product/49-94-0907,,,,,,49-94-0907,,,,49-94-0907,49-94-0907,"49-94-0907 Milw 4-1/2""x1/8""x5/8-11""Perform+Dual Metal Cut n Grind Disc",-- Unbranded --,-- No Unilog Brand --,-- No DIB Brand --,Milwaukee Accessory (4031),Milwaukee Electric Tool Corporation,MILWAUKEE®,,49-94-0907,,,"MILWAUKEE®, Commercial Product, 49-94-0907, 4-1/2"" x 1/8"" x 5/8-11"" Performance+","COMM PRODUCT 4-1/2"" X 1/8"" X 5/8-11""","MILWAUKEE®, 49-94-0907, Commercial Product, 4-1/2"" x 1/8"" x 5/8-11"" Performance+ Dua Mounting, Carbon Steel","MILWAUKEE® Commercial Product, 4-1/2"" x 1/8"" x 5/8-11"" Performance+ Dua A, 4-1/2"" x 1/8"" x 5/8-11"" Performance+ Dua Mounting, 4-1/2 in x 1/8 in x 5/8-11 in Performance+ Dual Metal Cut & Grind, Carbon Steel","MILWAUKEE®, Commercial Product, 4-1/2"" x 1/8"" x 5/8-11"" Performance+ Dua Mounting, Carbon Steel",,,,,,,,,,,,,,,,,,,,,,,,,,,"MILWAUKEE®, Commercial Product, 4-1/2"" x 1/8"" x 5/8-11"" Performance+ Dua Mounting, Carbon Steel",Series,,,Model,,,Item Type,,,Voltage Rating,,,Amperage Rating,"4-1/2"" x 1/8"" x 5/8-11"" Performance+ Dua",,Dimensions,4-1/2 in x 1/8 in x 5/8-11 in Performance+ Dual Metal Cut & Grind,,Mounting Type,"4-1/2"" x 1/8"" x 5/8-11"" Performance+ Dua",,Material,Carbon Steel,,Color,,,Sound Level,,,Additional Information,,,,,,,,,,,,,,,ArborSize,1/8,in,,,,,,,,,,,,,,,,,,,,,,,,,,,,,,,,,,,,,,,,,,,,,,,,,,,,,,,,,,,,,,,,,,,,,,,,,,,,,,,,,,,,,,,,,,,,,,,,,,,,,,,,,,,,,1,EA,,,,,,,,,,,,,,,,,,,,,,,,,,,,,,,,,,,,,US,No,No
https://www.milwaukeetool.com/product/49-94-0923,,,,,,49-94-0923,,,,49-94-0923,49-94-0923,"49-94-0923 Milw 6""x1/8""x7/8"" Perform+Dual Metal Cut and Grind Disc",-- Unbranded --,-- No Unilog Brand --,-- No DIB Brand --,Milwaukee Accessory (4031),Milwaukee Electric Tool Corporation,MILWAUKEE®,,49-94-0923,,,"MILWAUKEE®, Commercial Product, 49-94-0923, 6"" x 1/8"" x 7/8"" Performance+ Dual M","COMM PRODUCT 6"" X 1/8"" X 7/8""","MILWAUKEE®, 49-94-0923, Commercial Product, 6"" x 1/8"" x 7/8"" Performance+ Dual Metal Mounting, Carbon Steel","MILWAUKEE® Commercial Product, 6"" x 1/8"" x 7/8"" Performance+ Dual Metal A, 6"" x 1/8"" x 7/8"" Performance+ Dual Metal Mounting, 6 in x 1/8 in x 7/8 in Performance+ Dual Metal Cut & Grind Wheel -, Carbon Steel","MILWAUKEE®, Commercial Product, 6"" x 1/8"" x 7/8"" Performance+ Dual Metal Mounting, Carbon Steel",,,,,,,,,,,,,,,,,,,,,,,,,,,"MILWAUKEE®, Commercial Product, 6"" x 1/8"" x 7/8"" Performance+ Dual Metal Mounting, Carbon Steel",Series,,,Model,,,Item Type,,,Voltage Rating,,,Amperage Rating,"6"" x 1/8"" x 7/8"" Performance+ Dual Metal",,Dimensions,6 in x 1/8 in x 7/8 in Performance+ Dual Metal Cut & Grind Wheel -,,Mounting Type,"6"" x 1/8"" x 7/8"" Performance+ Dual Metal",,Material,Carbon Steel,,Color,,,Sound Level,,,Additional Information,,,,,,,,,,,,,,,ArborSize,1/8,in,,,,,,,,,,,,,,,,,,,,,,,,,,,,,,,,,,,,,,,,,,,,,,,,,,,,,,,,,,,,,,,,,,,,,,,,,,,,,,,,,,,,,,,,,,,,,,,,,,,,,,,,,,,,,1,EA,,,,,,,,,,,,,,,,,,,,,,,,,,,,,,,,,,,,,US,No,No
https://www.milwaukeetool.com/product/49-94-1900,,,,,,49-94-1900,Tools & Hardware,Abrasives,Cutting Discs,49-94-1900,49-94-1900,"49-94-1900 Milw 4""x1/8""x5/8"" Masonry Cut Off Disc",-- Unbranded --,-- No Unilog Brand --,-- No DIB Brand --,Milwaukee Accessory (4031),Milwaukee Electric Tool Corporation,MILWAUKEE®,,49-94-1900,,Tools & Hardware>Abrasives>Cutting & Grinding Discs,"MILWAUKEE®, Cut-Off Disc, 49-94-1900",CUT-OFF DISC 4 INX1/8 INX5/8 1/8 IN,"MILWAUKEE®, 49-94-1900, Cut-Off Disc","MILWAUKEE® Cut-Off Disc, 4 inx1/8 inx5/8","MILWAUKEE®, Cut-Off Disc",,,,,,,,,,,,,,,,,,,,,,,,,,,Cut-Off Disc,Item Type,,,Dimensions,4 inx1/8 inx5/8,,Grit,,,Arbor Size,,,Abrasive Material,,,Pack Quantity,,,Additional Information,,,,,,,,,,,,,,,,,,,,,,,,,,,ArborSize,1/8,in,,,,,,,,,,,,,,,,,,,,,,,,,,,,,,,,,,,,,,,,,,,,,,,,,,,,,,,,,,,,,,,,,,,,,,,,,,,,,,,,,,,,,,,,,,,,,,,,,,,,,,,,,,,,,1,EA,,,,,,,,,,,,,,,,,,,,,,,,,,,,,,,,,,,,,US,No,No
https://www.milwaukeetool.com/product/49-94-1905,,,,,,49-94-1905,Tools & Hardware,Abrasives,Cutting Discs,49-94-1905,49-94-1905,"49-94-1905 Milw 4-1/2""x1/8""x7/8"" Masonry Cut Off Disc",-- Unbranded --,-- No Unilog Brand --,-- No DIB Brand --,Milwaukee Accessory (4031),Milwaukee Electric Tool Corporation,MILWAUKEE®,,49-94-1905,,Tools & Hardware>Abrasives>Cutting & Grinding Discs,"MILWAUKEE®, Cut-Off Disc, 49-94-1905",CUT-OFF DISC 4-1/2 INX1/8 INX7/8 1/8 IN,"MILWAUKEE®, 49-94-1905, Cut-Off Disc","MILWAUKEE® Cut-Off Disc, 4-1/2 inx1/8 inx7/8","MILWAUKEE®, Cut-Off Disc",,,,,,,,,,,,,,,,,,,,,,,,,,,Cut-Off Disc,Item Type,,,Dimensions,4-1/2 inx1/8 inx7/8,,Grit,,,Arbor Size,,,Abrasive Material,,,Pack Quantity,,,Additional Information,,,,,,,,,,,,,,,,,,,,,,,,,,,ArborSize,1/8,in,,,,,,,,,,,,,,,,,,,,,,,,,,,,,,,,,,,,,,,,,,,,,,,,,,,,,,,,,,,,,,,,,,,,,,,,,,,,,,,,,,,,,,,,,,,,,,,,,,,,,,,,,,,,,1,EA,,,,,,,,,,,,,,,,,,,,,,,,,,,,,,,,,,,,,US,No,No
https://www.milwaukeetool.com/product/49-94-1915,,,,,,49-94-1915,Tools & Hardware,Abrasives,Cutting Discs,49-94-1915,49-94-1915,"49-94-1915 Milw 6-1/2""x1/8""x5/8"" DKO Masonry Cut Off Disc",-- Unbranded --,-- No Unilog Brand --,-- No DIB Brand --,Milwaukee Accessory (4031),Milwaukee Electric Tool Corporation,MILWAUKEE®,,49-94-1915,,Tools & Hardware>Abrasives>Cutting & Grinding Discs,"MILWAUKEE®, Cut-Off Disc, 49-94-1915",CUT-OFF DISC 6-1/2 INX1/8 INX5/8 1/8 IN,"MILWAUKEE®, 49-94-1915, Cut-Off Disc","MILWAUKEE® Cut-Off Disc, 6-1/2 inx1/8 inx5/8","MILWAUKEE®, Cut-Off Disc",,,,,,,,,,,,,,,,,,,,,,,,,,,Cut-Off Disc,Item Type,,,Dimensions,6-1/2 inx1/8 inx5/8,,Grit,,,Arbor Size,,,Abrasive Material,,,Pack Quantity,,,Additional Information,,,,,,,,,,,,,,,,,,,,,,,,,,,ArborSize,1/8,in,,,,,,,,,,,,,,,,,,,,,,,,,,,,,,,,,,,,,,,,,,,,,,,,,,,,,,,,,,,,,,,,,,,,,,,,,,,,,,,,,,,,,,,,,,,,,,,,,,,,,,,,,,,,,1,EA,,,,,,,,,,,,,,,,,,,,,,,,,,,,,,,,,,,,,US,No,No
https://www.milwaukeetool.com/product/49-94-1920,,,,,,49-94-1920,Tools & Hardware,Abrasives,Cutting Discs,49-94-1920,49-94-1920,"49-94-1920 Milw 7""x1/8""x5/8"" DKO Masonry Cut Off Disc",-- Unbranded --,-- No Unilog Brand --,-- No DIB Brand --,Milwaukee Accessory (4031),Milwaukee Electric Tool Corporation,MILWAUKEE®,,49-94-1920,,Tools & Hardware>Abrasives>Cutting & Grinding Discs,"MILWAUKEE®, Cut-Off Disc, 49-94-1920",CUT-OFF DISC 7 INX1/8 INX5/8 1/8 IN,"MILWAUKEE®, 49-94-1920, Cut-Off Disc","MILWAUKEE® Cut-Off Disc, 7 inx1/8 inx5/8","MILWAUKEE®, Cut-Off Disc",,,,,,,,,,,,,,,,,,,,,,,,,,,Cut-Off Disc,Item Type,,,Dimensions,7 inx1/8 inx5/8,,Grit,,,Arbor Size,,,Abrasive Material,,,Pack Quantity,,,Additional Information,,,,,,,,,,,,,,,,,,,,,,,,,,,ArborSize,1/8,in,,,,,,,,,,,,,,,,,,,,,,,,,,,,,,,,,,,,,,,,,,,,,,,,,,,,,,,,,,,,,,,,,,,,,,,,,,,,,,,,,,,,,,,,,,,,,,,,,,,,,,,,,,,,,1,EA,,,,,,,,,,,,,,,,,,,,,,,,,,,,,,,,,,,,,US,No,No
https://www.milwaukeetool.com/product/49-94-1925,,,,,,49-94-1925,Tools & Hardware,Abrasives,Cutting Discs,49-94-1925,49-94-1925,"49-94-1925 Milw 10""x1/8""x5/8"" Masonry Cut Off Disc",-- Unbranded --,-- No Unilog Brand --,-- No DIB Brand --,Milwaukee Accessory (4031),Milwaukee Electric Tool Corporation,MILWAUKEE®,,49-94-1925,,Tools & Hardware>Abrasives>Cutting & Grinding Discs,"MILWAUKEE®, Cut-Off Disc, 49-94-1925",CUT-OFF DISC 10 INX1/8 INX5/8 1/8 IN,"MILWAUKEE®, 49-94-1925, Cut-Off Disc","MILWAUKEE® Cut-Off Disc, 10 inx1/8 inx5/8","MILWAUKEE®, Cut-Off Disc",,,,,,,,,,,,,,,,,,,,,,,,,,,Cut-Off Disc,Item Type,,,Dimensions,10 inx1/8 inx5/8,,Grit,,,Arbor Size,,,Abrasive Material,,,Pack Quantity,,,Additional Information,,,,,,,,,,,,,,,,,,,,,,,,,,,ArborSize,1/8,in,,,,,,,,,,,,,,,,,,,,,,,,,,,,,,,,,,,,,,,,,,,,,,,,,,,,,,,,,,,,,,,,,,,,,,,,,,,,,,,,,,,,,,,,,,,,,,,,,,,,,,,,,,,,,1,EA,,,,,,,,,,,,,,,,,,,,,,,,,,,,,,,,,,,,,US,No,No
https://www.milwaukeetool.com/product/49-94-1935,,,,,,49-94-1935,Tools & Hardware,Abrasives,Cutting Discs,49-94-1935,49-94-1935,"49-94-1935 Milw 12""x1/8""x1"" Masonry Cut Off Disc",-- Unbranded --,-- No Unilog Brand --,-- No DIB Brand --,Milwaukee Accessory (4031),Milwaukee Electric Tool Corporation,MILWAUKEE®,,49-94-1935,,Tools & Hardware>Abrasives>Cutting & Grinding Discs,"MILWAUKEE®, Cut-Off Disc, 49-94-1935",CUT-OFF DISC 12 INX1/8 INX1 1/8 IN,"MILWAUKEE®, 49-94-1935, Cut-Off Disc","MILWAUKEE® Cut-Off Disc, 12 inx1/8 inx1","MILWAUKEE®, Cut-Off Disc",,,,,,,,,,,,,,,,,,,,,,,,,,,Cut-Off Disc,Item Type,,,Dimensions,12 inx1/8 inx1,,Grit,,,Arbor Size,,,Abrasive Material,,,Pack Quantity,,,Additional Information,,,,,,,,,,,,,,,,,,,,,,,,,,,ArborSize,1/8,in,,,,,,,,,,,,,,,,,,,,,,,,,,,,,,,,,,,,,,,,,,,,,,,,,,,,,,,,,,,,,,,,,,,,,,,,,,,,,,,,,,,,,,,,,,,,,,,,,,,,,,,,,,,,,1,EA,,,,,,,,,,,,,,,,,,,,,,,,,,,,,,,,,,,,,US,No,No
https://www.milwaukeetool.com/product/49-94-1940,,,,,,49-94-1940,Tools & Hardware,Abrasives,Cutting Discs,49-94-1940,49-94-1940,"49-94-1940 Milw 14""x1/8""x1"" Masonry Cut Off Disc",-- Unbranded --,-- No Unilog Brand --,-- No DIB Brand --,Milwaukee Accessory (4031),Milwaukee Electric Tool Corporation,MILWAUKEE®,,49-94-1940,,Tools & Hardware>Abrasives>Cutting & Grinding Discs,"MILWAUKEE®, Cut-Off Disc, 49-94-1940",CUT-OFF DISC 14 INX1/8 INX1 1/8 IN,"MILWAUKEE®, 49-94-1940, Cut-Off Disc","MILWAUKEE® Cut-Off Disc, 14 inx1/8 inx1","MILWAUKEE®, Cut-Off Disc",,,,,,,,,,,,,,,,,,,,,,,,,,,Cut-Off Disc,Item Type,,,Dimensions,14 inx1/8 inx1,,Grit,,,Arbor Size,,,Abrasive Material,,,Pack Quantity,,,Additional Information,,,,,,,,,,,,,,,,,,,,,,,,,,,ArborSize,1/8,in,,,,,,,,,,,,,,,,,,,,,,,,,,,,,,,,,,,,,,,,,,,,,,,,,,,,,,,,,,,,,,,,,,,,,,,,,,,,,,,,,,,,,,,,,,,,,,,,,,,,,,,,,,,,,1,EA,,,,,,,,,,,,,,,,,,,,,,,,,,,,,,,,,,,,,US,No,No
https://www.milwaukeetool.com/product/49-94-0501,,,,,,49-94-0501,,,,49-94-0501,49-94-0501,"49-94-0501 Milw 4""x1/4""x5/8"" Metal Grinding Wheel",-- Unbranded --,-- No Unilog Brand --,-- No DIB Brand --,Milwaukee Accessory (4031),Milwaukee Electric Tool Corporation,MILWAUKEE®,,49-94-0501,,,"MILWAUKEE®, Grinding Wheel, 49-94-0501, Carbon Steel",GRINDING WHEEL 4 INX1/4 INX5/8 1/4 IN CS,"MILWAUKEE®, 49-94-0501, Grinding Wheel, Carbon Steel","MILWAUKEE® Grinding Wheel, 4 inx1/4 inx5/8, Carbon Steel","MILWAUKEE®, Grinding Wheel, Carbon Steel",,,,,,,,,,,,,,,,,,,,,,,,,,,Grinding Wheel,Item Type,,,Dimensions,4 inx1/4 inx5/8,,Grit,,,Arbor Size,,,Abrasive Material,Carbon Steel,,Pack Quantity,,,Additional Information,,,,,,,,,,,,,,,,,,,,,,,,,,,ArborSize,1/4,in,,,,,,,,,,,,,,,,,,,,,,,,,,,,,,,,,,,,,,,,,,,,,,,,,,,,,,,,,,,,,,,,,,,,,,,,,,,,,,,,,,,,,,,,,,,,,,,,,,,,,,,,,,,,,1,EA,,,,,,,,,,,,,,,,,,,,,,,,,,,,,,,,,,,,,US,No,No
https://www.milwaukeetool.com/product/49-94-0503,,,,,,49-94-0503,,,,49-94-0503,49-94-0503,"49-94-0503 Milw 4-1/2""x1/4""x7/8"" Metal Grinding Wheel",-- Unbranded --,-- No Unilog Brand --,-- No DIB Brand --,Milwaukee Accessory (4031),Milwaukee Electric Tool Corporation,MILWAUKEE®,,49-94-0503,,,"MILWAUKEE®, Grinding Wheel, 49-94-0503, Carbon Steel",GRINDING WHEEL 4-1/2 INX1/4 INX7/8 1/4,"MILWAUKEE®, 49-94-0503, Grinding Wheel, Carbon Steel","MILWAUKEE® Grinding Wheel, 4-1/2 inx1/4 inx7/8, Carbon Steel","MILWAUKEE®, Grinding Wheel, Carbon Steel",,,,,,,,,,,,,,,,,,,,,,,,,,,Grinding Wheel,Item Type,,,Dimensions,4-1/2 inx1/4 inx7/8,,Grit,,,Arbor Size,,,Abrasive Material,Carbon Steel,,Pack Quantity,,,Additional Information,,,,,,,,,,,,,,,,,,,,,,,,,,,ArborSize,1/4,in,,,,,,,,,,,,,,,,,,,,,,,,,,,,,,,,,,,,,,,,,,,,,,,,,,,,,,,,,,,,,,,,,,,,,,,,,,,,,,,,,,,,,,,,,,,,,,,,,,,,,,,,,,,,,1,EA,,,,,,,,,,,,,,,,,,,,,,,,,,,,,,,,,,,,,US,No,No
https://www.milwaukeetool.com/product/49-94-0523,,,,,,49-94-0523,,,,49-94-0523,49-94-0523,"49-94-0523 Milw 6""x1/4""x7/8"" Metal Grinding Wheel",-- Unbranded --,-- No Unilog Brand --,-- No DIB Brand --,Milwaukee Accessory (4031),Milwaukee Electric Tool Corporation,MILWAUKEE®,,49-94-0523,,,"MILWAUKEE®, Grinding Wheel, 49-94-0523, Carbon Steel",GRINDING WHEEL 6 INX1/4 INX7/8 1/4 IN CS,"MILWAUKEE®, 49-94-0523, Grinding Wheel, Carbon Steel","MILWAUKEE® Grinding Wheel, 6 inx1/4 inx7/8, Carbon Steel","MILWAUKEE®, Grinding Wheel, Carbon Steel",,,,,,,,,,,,,,,,,,,,,,,,,,,Grinding Wheel,Item Type,,,Dimensions,6 inx1/4 inx7/8,,Grit,,,Arbor Size,,,Abrasive Material,Carbon Steel,,Pack Quantity,,,Additional Information,,,,,,,,,,,,,,,,,,,,,,,,,,,ArborSize,1/4,in,,,,,,,,,,,,,,,,,,,,,,,,,,,,,,,,,,,,,,,,,,,,,,,,,,,,,,,,,,,,,,,,,,,,,,,,,,,,,,,,,,,,,,,,,,,,,,,,,,,,,,,,,,,,,1,EA,,,,,,,,,,,,,,,,,,,,,,,,,,,,,,,,,,,,,US,No,No
https://www.milwaukeetool.com/product/49-94-1955,,,,,,49-94-1955,,,,49-94-1955,49-94-1955,"49-94-1955 Milw 4-1/2""x1/4""x7/8"" Masonry Grinding Wheel",-- Unbranded --,-- No Unilog Brand --,-- No DIB Brand --,Milwaukee Accessory (4031),Milwaukee Electric Tool Corporation,MILWAUKEE®,,49-94-1955,,,"MILWAUKEE®, Grinding Wheel, 49-94-1955",GRINDING WHEEL 4-1/2 INX1/4 INX7/8 1/4,"MILWAUKEE®, 49-94-1955, Grinding Wheel","MILWAUKEE® Grinding Wheel, 4-1/2 inx1/4 inx7/8","MILWAUKEE®, Grinding Wheel",,,,,,,,,,,,,,,,,,,,,,,,,,,Grinding Wheel,Item Type,,,Dimensions,4-1/2 inx1/4 inx7/8,,Grit,,,Arbor Size,,,Abrasive Material,,,Pack Quantity,,,Additional Information,,,,,,,,,,,,,,,,,,,,,,,,,,,ArborSize,1/4,in,,,,,,,,,,,,,,,,,,,,,,,,,,,,,,,,,,,,,,,,,,,,,,,,,,,,,,,,,,,,,,,,,,,,,,,,,,,,,,,,,,,,,,,,,,,,,,,,,,,,,,,,,,,,,1,EA,,,,,,,,,,,,,,,,,,,,,,,,,,,,,,,,,,,,,US,No,No
https://www.milwaukeetool.com/product/49-94-1965,,,,,,49-94-1965,,,,49-94-1965,49-94-1965,"49-94-1965 Milw 7""x1/4""x7/8"" Masonry Grinding Wheel",-- Unbranded --,-- No Unilog Brand --,-- No DIB Brand --,Milwaukee Accessory (4031),Milwaukee Electric Tool Corporation,MILWAUKEE®,,49-94-1965,,,"MILWAUKEE®, Grinding Wheel, 49-94-1965",GRINDING WHEEL 7 INX1/4 INX7/8 1/4 IN,"MILWAUKEE®, 49-94-1965, Grinding Wheel","MILWAUKEE® Grinding Wheel, 7 inx1/4 inx7/8","MILWAUKEE®, Grinding Wheel",,,,,,,,,,,,,,,,,,,,,,,,,,,Grinding Wheel,Item Type,,,Dimensions,7 inx1/4 inx7/8,,Grit,,,Arbor Size,,,Abrasive Material,,,Pack Quantity,,,Additional Information,,,,,,,,,,,,,,,,,,,,,,,,,,,ArborSize,1/4,in,,,,,,,,,,,,,,,,,,,,,,,,,,,,,,,,,,,,,,,,,,,,,,,,,,,,,,,,,,,,,,,,,,,,,,,,,,,,,,,,,,,,,,,,,,,,,,,,,,,,,,,,,,,,,1,EA,,,,,,,,,,,,,,,,,,,,,,,,,,,,,,,,,,,,,US,No,No
https://www.milwaukeetool.com/product/49-94-0513,,,,,,49-94-0513,,,,49-94-0513,49-94-0513,"49-94-0513 Milw 5""x1/4""x7/8"" Metal Grinding Wheel",-- Unbranded --,-- No Unilog Brand --,-- No DIB Brand --,Milwaukee Accessory (4031),Milwaukee Electric Tool Corporation,MILWAUKEE®,,49-94-0513,,,"MILWAUKEE®, Grinding Wheel, 49-94-0513, Carbon Steel",GRINDING WHEEL 5 INX1/4 INX7/8 1/4 IN CS,"MILWAUKEE®, 49-94-0513, Grinding Wheel, Carbon Steel","MILWAUKEE® Grinding Wheel, 5 inx1/4 inx7/8, Carbon Steel","MILWAUKEE®, Grinding Wheel, Carbon Steel",,,,,,,,,,,,,,,,,,,,,,,,,,,Grinding Wheel,Item Type,,,Dimensions,5 inx1/4 inx7/8,,Grit,,,Arbor Size,,,Abrasive Material,Carbon Steel,,Pack Quantity,,,Additional Information,,,,,,,,,,,,,,,,,,,,,,,,,,,ArborSize,1/4,in,,,,,,,,,,,,,,,,,,,,,,,,,,,,,,,,,,,,,,,,,,,,,,,,,,,,,,,,,,,,,,,,,,,,,,,,,,,,,,,,,,,,,,,,,,,,,,,,,,,,,,,,,,,,,1,EA,,,,,,,,,,,,,,,,,,,,,,,,,,,,,,,,,,,,,US,No,No
https://www.milwaukeetool.com/product/49-94-0533,,,,,,49-94-0533,,,,49-94-0533,49-94-0533,"49-94-0533 Milw 7""x1/4""x7/8"" Metal Grinding Wheel",-- Unbranded --,-- No Unilog Brand --,-- No DIB Brand --,Milwaukee Accessory (4031),Milwaukee Electric Tool Corporation,MILWAUKEE®,,49-94-0533,,,"MILWAUKEE®, Grinding Wheel, 49-94-0533, Carbon Steel",GRINDING WHEEL 7 INX1/4 INX7/8 1/4 IN CS,"MILWAUKEE®, 49-94-0533, Grinding Wheel, Carbon Steel","MILWAUKEE® Grinding Wheel, 7 inx1/4 inx7/8, Carbon Steel","MILWAUKEE®, Grinding Wheel, Carbon Steel",,,,,,,,,,,,,,,,,,,,,,,,,,,Grinding Wheel,Item Type,,,Dimensions,7 inx1/4 inx7/8,,Grit,,,Arbor Size,,,Abrasive Material,Carbon Steel,,Pack Quantity,,,Additional Information,,,,,,,,,,,,,,,,,,,,,,,,,,,ArborSize,1/4,in,,,,,,,,,,,,,,,,,,,,,,,,,,,,,,,,,,,,,,,,,,,,,,,,,,,,,,,,,,,,,,,,,,,,,,,,,,,,,,,,,,,,,,,,,,,,,,,,,,,,,,,,,,,,,1,EA,,,,,,,,,,,,,,,,,,,,,,,,,,,,,,,,,,,,,US,No,No
https://www.diablotools.com/product/DFBLBLOMFN01G,,,,,,DFBLBLOMFN01G,,,,DFBLBLOMFN01G,DFBLBLOMFN01G,DFBLBLOMFN01G Diablo 220 Grit - Flat Edge Sanding Sponge,-- Unbranded --,-- No Unilog Brand --,-- No DIB Brand --,Freud Inc (2435),Freud Tools / Robert Bosch Tool Corporation,DIABLO®,,DFBLBLOMFN01G,,,"DIABLO®, Commercial Product, DFBLBLOMFN01G",COMMERCIAL PRODUCT,"DIABLO®, DFBLBLOMFN01G, Commercial Product",DIABLO® Commercial Product,"DIABLO®, Commercial Product",,,,,,,,,,,,,,,,,,,,,,,,,,,"DIABLO®, Commercial Product",Series,,,Model,,,Item Type,,,Voltage Rating,,,Amperage Rating,,,Dimensions,,,Mounting Type,,,Material,,,Color,,,Sound Level,,,Additional Information,,,,,,,,,,,,,,,Grit,P220,,,,,,,,,,,,,,,,,,,,,,,,,,,,,,,,,,,,,,,,,,,,,,,,,,,,,,,,,,,,,,,,,,,,,,,,,,,,,,,,,,,,,,,,,,,,,,,,,,,,,,,,,,,,,,1,EA,,,,,,,,,,,,,,,,,,,,,,,,,,,,,,,,,,,,,US,No,No
https://www.ustape.com/product/1700-1PK-BB40,,,,,,1700-1PK-BB40,,,,1700-1PK-BB40,1700-1PK-BB40,3/4x60' Vinyl Elect Tape,-- Unbranded --,-- No Unilog Brand --,-- No DIB Brand --,3 M Co (5293),U.S. Tape Company,U.S. TAPE®,,1700-1PK-BB40,,,"U.S. TAPE®, Commercial Product, 1700-1PK-BB40",COMMERCIAL PRODUCT 3/4X60,"U.S. TAPE®, 1700-1PK-BB40, Commercial Product","U.S. TAPE® Commercial Product, 3/4x60","U.S. TAPE®, Commercial Product",,,,,,,,,,,,,,,,,,,,,,,,,,,"U.S. TAPE®, Commercial Product",Series,,,Model,,,Item Type,,,Voltage Rating,,,Amperage Rating,,,Dimensions,3/4x60,,Mounting Type,,,Material,,,Color,,,Sound Level,,,Additional Information,,,,,,,,,,,,,,,,,,,,,,,,,,,,,,,,,,,,,,,,,,,,,,,,,,,,,,,,,,,,,,,,,,,,,,,,,,,,,,,,,,,,,,,,,,,,,,,,,,,,,,,,,,,,,,,,,,,,,,,,,,,,,,1,EA,,,,,,,,,,,,,,,,,,,,,,,,,,,,,,,,,,,,,US,No,No
https://www.ustape.com/product/ASH-40-40-04,,,,,,ASH-40-40-04,,,,ASH-40-40-04,ASH-40-40-04,1.5x1.5x13' Legacy Emseal Tape,-- Unbranded --,-- No Unilog Brand --,-- No DIB Brand --,Emseal Joint Systems Ltd (EMSJO),U.S. Tape Company,U.S. TAPE®,,ASH-40-40-04,,,"U.S. TAPE®, Commercial Product, ASH-40-40-04",COMMERCIAL PRODUCT 1-1/2X1-1/2X13,"U.S. TAPE®, ASH-40-40-04, Commercial Product","U.S. TAPE® Commercial Product, 1-1/2x1-1/2x13","U.S. TAPE®, Commercial Product",,,,,,,,,,,,,,,,,,,,,,,,,,,"U.S. TAPE®, Commercial Product",Series,,,Model,,,Item Type,,,Voltage Rating,,,Amperage Rating,,,Dimensions,1-1/2x1-1/2x13,,Mounting Type,,,Material,,,Color,,,Sound Level,,,Additional Information,,,,,,,,,,,,,,,,,,,,,,,,,,,,,,,,,,,,,,,,,,,,,,,,,,,,,,,,,,,,,,,,,,,,,,,,,,,,,,,,,,,,,,,,,,,,,,,,,,,,,,,,,,,,,,,,,,,,,,,,,,,,,,1,EA,,,,,,,,,,,,,,,,,,,,,,,,,,,,,,,,,,,,,US,No,No
,,,,,,KDFM404KPS,Appliances,Large Appliances,Dishwashers,KDFM404KPS,KDFM404KPS,KDFM404KPS Dishwasher SS,-- Unbranded --,-- No Unilog Brand --,-- No DIB Brand --,Appliance Dealers Cooperative (APPDE),Appliance Dealers Cooperative,Appliance Dealers Cooperative,,KDFM404KPS,,Appliances & Consumer Electronics>Kitchen Appliances>Built-In Dishwashers,"Appliance Dealers Cooperative, Dishwasher, KDFM404KPS, Stainless Steel",DISHWASHER SST,"Appliance Dealers Cooperative, KDFM404KPS, Dishwasher, Stainless Steel","Appliance Dealers Cooperative Dishwasher, Stainless Steel","Appliance Dealers Cooperative, Dishwasher, Stainless Steel",,,,,,,,,,,,,,,,,,,,,,,,,,,Dishwasher,Series,,,Model,,,Number of Wash Cycles,,,Voltage Rating,,,Amperage Rating,,,Mounting Type,,,Plug Type,,,Size,,,Depth With Door Open,,,Minimum Height,,,Maximum Height,,,Sound Level,,,Material,Stainless Steel,,Color,,,Additional Information,,,,,,,,,,,,,,,,,,,,,,,,,,,,,,,,,,,,,,,,,,,,,,,,,,,,,,,,,,,,,,,,,,,,,,,,,,,,,,,,,,,,,,,,,,,,,,,,,,,,,,,,,,,,,,,,,,1,EA,,,,,,,,,,,,,,,,,,,,,,,,,,,,,,,,,,,,,US,No,No
https://www.frigidaire.com/product/PDSH4816AF,,,,,,PDSH4816AF,Appliances,Large Appliances,Dishwashers,PDSH4816AF,PDSH4816AF,PDSH4816AF Dishwasher SS - Display Only,-- Unbranded --,-- No Unilog Brand --,-- No DIB Brand --,Appliance Dealers Cooperative (APPDE),Rheem Manufacturing,FRIGIDAIRE®,,PDSH4816AF,,Appliances & Consumer Electronics>Kitchen Appliances>Built-In Dishwashers,"FRIGIDAIRE®, Dishwasher, Professional Series, PDSH4816AF, Leg Mounting, Stainles",DISHWASHER LEG 5 SST 120V 15A 50-1/4IN,"FRIGIDAIRE®, Professional Series, PDSH4816AF, Dishwasher, With CleanBoost™, Leg Mounting, 5-Wash Cycle, Stainless Steel","FRIGIDAIRE® Dishwasher With CleanBoost™, Professional Series, 5 Wash Cycles, 120 V, 15 A, Leg Mounting, 24 in W x 24-1/4 in D, 50-1/4 in Depth With Door Open, 8-1/2 in Upper Rack, 11-1/4 in Lower Rack Minimum Height, 10-3/8 in Upper Rack, 13-1/4 in Lower Rack Maximum Height, 47 dBA, Stainless Steel, Additional Information: 240 kW-hr Annual Energy, 1 to 12 hr Delay Start Hours","FRIGIDAIRE®, Professional Series, Dishwasher, Leg Mounting, 5-Wash Cycle, Stainless Steel",,,,,,,,,,,,,,,,,,,,,,With CleanBoost™,ASSE 1006|CEE Tier 2 Qualified|cUL Listed|ENERGY STAR Certified|NSF Certified|UL Listed,,,,Dishwasher,Series,Professional Series,,Model,PDSH4816AF,,Number of Wash Cycles,5,,Voltage Rating,120,V,Amperage Rating,15,A,Mounting Type,Leg,,Plug Type,,,Size,24 in W x 24-1/4 in D,,Depth With Door Open,50-1/4,in,Minimum Height,"8-1/2 in Upper Rack, 11-1/4 in Lower Rack",,Maximum Height,"10-3/8 in Upper Rack, 13-1/4 in Lower Rack",,Sound Level,47,dBA,Material,Stainless Steel,,Color,,,Additional Information,"240 kW-hr Annual Energy, 1 to 12 hr Delay Start Hours",,Width,24,in,Depth,24-1/4,in,Amperage,15,A,SoundLevel,47,dBA,DepthWithDoorOpen,50-1/4,in,,,,,,,,,,,,,,,,,,,,,,,,,,,,,,,,,,,,,,,,,,,,,,,,,,,,,,,,,,,,,,,,,,,,,,,,,,,,,,,,,,,,,,,,,,,,,,,"1 Year Manufacturer, 1 Year Labor and Parts",,1,EA,,,,,,,,,,,,FRIGIDAIRE_PDSH4816AF.jpg,FRIGIDAIRE_PDSH4816AF_1.jpg,FRIGIDAIRE_PDSH4816AF_2.jpg,FRIGIDAIRE_PDSH4816AF_3.jpg,FRIGIDAIRE_PDSH4816AF_4.jpg,,,,,FRIGIDAIRE_PDSH4816AF_Specification_Sheet.pdf,,,,,,,,,,,,,,,,US,No,Yes
,,,,,,PDT715SYVFS,Appliances,Large Appliances,Dishwashers,PDT715SYVFS,PDT715SYVFS,PDT715SYVFS Ge Dishwasher SS,-- Unbranded --,-- No Unilog Brand --,-- No DIB Brand --,Appliance Dealers Cooperative (APPDE),Appliance Dealers Cooperative,Appliance Dealers Cooperative,,PDT715SYVFS,,Appliances & Consumer Electronics>Kitchen Appliances>Built-In Dishwashers,"Appliance Dealers Cooperative, Dishwasher, PDT715SYVFS, Stainless Steel",DISHWASHER SST,"Appliance Dealers Cooperative, PDT715SYVFS, Dishwasher, Stainless Steel","Appliance Dealers Cooperative Dishwasher, Stainless Steel","Appliance Dealers Cooperative, Dishwasher, Stainless Steel",,,,,,,,,,,,,,,,,,,,,,,,,,,Dishwasher,Series,,,Model,,,Number of Wash Cycles,,,Voltage Rating,,,Amperage Rating,,,Mounting Type,,,Plug Type,,,Size,,,Depth With Door Open,,,Minimum Height,,,Maximum Height,,,Sound Level,,,Material,Stainless Steel,,Color,,,Additional Information,,,,,,,,,,,,,,,,,,,,,,,,,,,,,,,,,,,,,,,,,,,,,,,,,,,,,,,,,,,,,,,,,,,,,,,,,,,,,,,,,,,,,,,,,,,,,,,,,,,,,,,,,,,,,,,,,,1,EA,,,,,,,,,,,,,,,,,,,,,,,,,,,,,,,,,,,,,US,No,No
,,,,,,LDPH5554D,Appliances,Large Appliances,Dishwashers,LDPH5554D,LDPH5554D,LDPH5554D LG Dishwasher BSS,-- Unbranded --,-- No Unilog Brand --,-- No DIB Brand --,Appliance Dealers Cooperative (APPDE),Appliance Dealers Cooperative,Appliance Dealers Cooperative,,LDPH5554D,,Appliances & Consumer Electronics>Kitchen Appliances>Built-In Dishwashers,"Appliance Dealers Cooperative, Dishwasher, LDPH5554D",DISHWASHER,"Appliance Dealers Cooperative, LDPH5554D, Dishwasher",Appliance Dealers Cooperative Dishwasher,"Appliance Dealers Cooperative, Dishwasher",,,,,,,,,,,,,,,,,,,,,,,,,,,Dishwasher,Series,,,Model,,,Number of Wash Cycles,,,Voltage Rating,,,Amperage Rating,,,Mounting Type,,,Plug Type,,,Size,,,Depth With Door Open,,,Minimum Height,,,Maximum Height,,,Sound Level,,,Material,,,Color,,,Additional Information,,,,,,,,,,,,,,,,,,,,,,,,,,,,,,,,,,,,,,,,,,,,,,,,,,,,,,,,,,,,,,,,,,,,,,,,,,,,,,,,,,,,,,,,,,,,,,,,,,,,,,,,,,,,,,,,,,1,EA,,,,,,,,,,,,,,,,,,,,,,,,,,,,,,,,,,,,,US,No,No
https://www.whirlpool.com/product/WDTS7024RZ,https://www.whirlpool.com/content/dam/global/documents/202412/owners-manual-w11323304-revj.pdf,https://www.whirlpool.com/content/dam/global/documents/202406/installation-instructions-w11323304-revG.pdf,,,,WDTS7024RZ,Appliances,Large Appliances,Dishwashers,WDTS7024RZ,WDTS7024RZ,WDTS7024RZ Dishwasher SS - Display Only,-- Unbranded --,-- No Unilog Brand --,-- No DIB Brand --,Appliance Dealers Cooperative (APPDE),Whirlpool Corporation,WHIRLPOOL®,,WDTS7024RZ,,Appliances & Consumer Electronics>Kitchen Appliances>Built-In Dishwashers,"WHIRLPOOL®, Dishwasher, Eco Series, WDTS7024RZ, Built-In Mounting, Stainless Ste",DISHWASHER BLTLN SST SST 120V 10A 41DBA,"WHIRLPOOL®, Eco Series, WDTS7024RZ, Dishwasher, With Washing 3rd Rack, Water Repellent Silverware Basket, Built-In Mounting, Stainless Steel","WHIRLPOOL® Dishwasher With Washing 3rd Rack, Water Repellent Silverware Basket, Eco Series, 120 V, 10 A, Built-In Mounting, 33-7/16 in H x 23-7/8 in W x 22-5/8 in D, 50-3/16 in Depth With Door Open, 33-7/16 in Minimum Height, 41 dBA, Stainless Steel, Stainless Steel, Additional Information: Folding Tines, Leak Detection System, Moisture Repellent Silverware Basket, Normal Cycle, Quick Wash Cycle, Sani Rinse Option, Sensor Cycle, Triple Wash Spray","WHIRLPOOL®, Eco Series, Dishwasher, Built-In Mounting, Stainless Steel","Load more and run less with our quietest and largest capacity dishwasher. A 3rd Rack provides dedicated space for mugs and bowls, while an adjustable 2nd Rack helps fit all the dishes and pans your family piles up.",3rd rack with extra wash action,Adjustable 2nd Rack,41 dBA,Moisture Repellent Silverware Basket,Sensor cycle,Sani Rinse Option,Leak Detection System,Folding Tines,Normal cycle,Triple Wash Spray,Quick Wash Cycle,,,,,,,,,,"With Washing 3rd Rack, Water Repellent Silverware Basket",,,,,Dishwasher,Series,Eco Series,,Model,WDTS7024RZ,,Number of Wash Cycles,,,Voltage Rating,120,V,Amperage Rating,10,A,Mounting Type,Built-in,,Plug Type,,,Size,33-7/16 in H x 23-7/8 in W x 22-5/8 in D,,Depth With Door Open,50-3/16,in,Minimum Height,33-7/16,in,Maximum Height,,,Sound Level,41,dBA,Material,Stainless Steel,,Color,Stainless Steel,,Additional Information,"Folding Tines, Leak Detection System, Moisture Repellent Silverware Basket, Normal Cycle, Quick Wash Cycle, Sani Rinse Option, Sensor Cycle, Triple Wash Spray",,Amperage,10,A,SoundLevel,41,dBA,DepthWithDoorOpen,50-3/16,in,,,,,,,,,,,,,,,,,,,,,,,,,,,,,,,,,,,,,,,,,,,,,,,,,,,,,,,,,,,,,,,,,,,,,,,,,,,,,,,,,,,,,,,,,,,,,,,,,,,,,,,1,EA,,,,,,,,,,,,Whirlpool_WDTS7024RZ.jpg,,,,,,,,,Whirlpool_WDTS7024RZ_Specification_Sheet.pdf,,,,,,,,,,,,,,,,US,No,Yes
,,,,,,PDD415PYYFS,Appliances,Large Appliances,Dishwashers,PDD415PYYFS,PDD415PYYFS,PDD415PYYFS GE Dishwasher SS,-- Unbranded --,-- No Unilog Brand --,-- No DIB Brand --,Appliance Dealers Cooperative (APPDE),Appliance Dealers Cooperative,Appliance Dealers Cooperative,,PDD415PYYFS,,Appliances & Consumer Electronics>Kitchen Appliances>Built-In Dishwashers,"Appliance Dealers Cooperative, Dishwasher, PDD415PYYFS, Stainless Steel",DISHWASHER SST,"Appliance Dealers Cooperative, PDD415PYYFS, Dishwasher, Stainless Steel","Appliance Dealers Cooperative Dishwasher, Stainless Steel","Appliance Dealers Cooperative, Dishwasher, Stainless Steel",,,,,,,,,,,,,,,,,,,,,,,,,,,Dishwasher,Series,,,Model,,,Number of Wash Cycles,,,Voltage Rating,,,Amperage Rating,,,Mounting Type,,,Plug Type,,,Size,,,Depth With Door Open,,,Minimum Height,,,Maximum Height,,,Sound Level,,,Material,Stainless Steel,,Color,,,Additional Information,,,,,,,,,,,,,,,,,,,,,,,,,,,,,,,,,,,,,,,,,,,,,,,,,,,,,,,,,,,,,,,,,,,,,,,,,,,,,,,,,,,,,,,,,,,,,,,,,,,,,,,,,,,,,,,,,,1,EA,,,,,,,,,,,,,,,,,,,,,,,,,,,,,,,,,,,,,US,No,No
,,,,,,KDTS424SBE,Appliances,Large Appliances,Dishwashers,KDTS424SBE,KDTS424SBE,KDTS424SBE Kitchen Aid Dishwasher Bk,-- Unbranded --,-- No Unilog Brand --,-- No DIB Brand --,Appliance Dealers Cooperative (APPDE),Appliance Dealers Cooperative,Appliance Dealers Cooperative,,KDTS424SBE,,Appliances & Consumer Electronics>Kitchen Appliances>Built-In Dishwashers,"Appliance Dealers Cooperative, Dishwasher, KDTS424SBE",DISHWASHER,"Appliance Dealers Cooperative, KDTS424SBE, Dishwasher",Appliance Dealers Cooperative Dishwasher,"Appliance Dealers Cooperative, Dishwasher",,,,,,,,,,,,,,,,,,,,,,,,,,,Dishwasher,Series,,,Model,,,Number of Wash Cycles,,,Voltage Rating,,,Amperage Rating,,,Mounting Type,,,Plug Type,,,Size,,,Depth With Door Open,,,Minimum Height,,,Maximum Height,,,Sound Level,,,Material,,,Color,,,Additional Information,,,,,,,,,,,,,,,,,,,,,,,,,,,,,,,,,,,,,,,,,,,,,,,,,,,,,,,,,,,,,,,,,,,,,,,,,,,,,,,,,,,,,,,,,,,,,,,,,,,,,,,,,,,,,,,,,,1,EA,,,,,,,,,,,,,,,,,,,,,,,,,,,,,,,,,,,,,US,No,No
,,,,,,KDTS324SPS,Appliances,Large Appliances,Dishwashers,KDTS324SPS,KDTS324SPS,KDTS324SPS Kitchen Aid Dishwasher SS,-- Unbranded --,-- No Unilog Brand --,-- No DIB Brand --,Appliance Dealers Cooperative (APPDE),Appliance Dealers Cooperative,Appliance Dealers Cooperative,,KDTS324SPS,,Appliances & Consumer Electronics>Kitchen Appliances>Built-In Dishwashers,"Appliance Dealers Cooperative, Dishwasher, KDTS324SPS, Stainless Steel",DISHWASHER SST,"Appliance Dealers Cooperative, KDTS324SPS, Dishwasher, Stainless Steel","Appliance Dealers Cooperative Dishwasher, Stainless Steel","Appliance Dealers Cooperative, Dishwasher, Stainless Steel",,,,,,,,,,,,,,,,,,,,,,,,,,,Dishwasher,Series,,,Model,,,Number of Wash Cycles,,,Voltage Rating,,,Amperage Rating,,,Mounting Type,,,Plug Type,,,Size,,,Depth With Door Open,,,Minimum Height,,,Maximum Height,,,Sound Level,,,Material,Stainless Steel,,Color,,,Additional Information,,,,,,,,,,,,,,,,,,,,,,,,,,,,,,,,,,,,,,,,,,,,,,,,,,,,,,,,,,,,,,,,,,,,,,,,,,,,,,,,,,,,,,,,,,,,,,,,,,,,,,,,,,,,,,,,,,1,EA,,,,,,,,,,,,,,,,,,,,,,,,,,,,,,,,,,,,,US,No,No
,,,,,,KDPS624SJP,Appliances,Large Appliances,Dishwashers,KDPS624SJP,KDPS624SJP,KDPS624SJP Dishwasher Juniper - Display Only,-- Unbranded --,-- No Unilog Brand --,-- No DIB Brand --,Appliance Dealers Cooperative (APPDE),Appliance Dealers Cooperative,Appliance Dealers Cooperative,,KDPS624SJP,,Appliances & Consumer Electronics>Kitchen Appliances>Built-In Dishwashers,"Appliance Dealers Cooperative, Dishwasher, KDPS624SJP",DISHWASHER,"Appliance Dealers Cooperative, KDPS624SJP, Dishwasher",Appliance Dealers Cooperative Dishwasher,"Appliance Dealers Cooperative, Dishwasher",,,,,,,,,,,,,,,,,,,,,,,,,,,Dishwasher,Series,,,Model,,,Number of Wash Cycles,,,Voltage Rating,,,Amperage Rating,,,Mounting Type,,,Plug Type,,,Size,,,Depth With Door Open,,,Minimum Height,,,Maximum Height,,,Sound Level,,,Material,,,Color,,,Additional Information,,,,,,,,,,,,,,,,,,,,,,,,,,,,,,,,,,,,,,,,,,,,,,,,,,,,,,,,,,,,,,,,,,,,,,,,,,,,,,,,,,,,,,,,,,,,,,,,,,,,,,,,,,,,,,,,,,1,EA,,,,,,,,,,,,,,,,,,,,,,,,,,,,,,,,,,,,,US,No,No
,,,,,,KDTS624SBE,Appliances,Large Appliances,Dishwashers,KDTS624SBE,KDTS624SBE,KDTS624SBE Dishwasher BO Display Only,-- Unbranded --,-- No Unilog Brand --,-- No DIB Brand --,Appliance Dealers Cooperative (APPDE),Appliance Dealers Cooperative,Appliance Dealers Cooperative,,KDTS624SBE,,Appliances & Consumer Electronics>Kitchen Appliances>Built-In Dishwashers,"Appliance Dealers Cooperative, Dishwasher, KDTS624SBE",DISHWASHER,"Appliance Dealers Cooperative, KDTS624SBE, Dishwasher",Appliance Dealers Cooperative Dishwasher,"Appliance Dealers Cooperative, Dishwasher",,,,,,,,,,,,,,,,,,,,,,,,,,,Dishwasher,Series,,,Model,,,Number of Wash Cycles,,,Voltage Rating,,,Amperage Rating,,,Mounting Type,,,Plug Type,,,Size,,,Depth With Door Open,,,Minimum Height,,,Maximum Height,,,Sound Level,,,Material,,,Color,,,Additional Information,,,,,,,,,,,,,,,,,,,,,,,,,,,,,,,,,,,,,,,,,,,,,,,,,,,,,,,,,,,,,,,,,,,,,,,,,,,,,,,,,,,,,,,,,,,,,,,,,,,,,,,,,,,,,,,,,,1,EA,,,,,,,,,,,,,,,,,,,,,,,,,,,,,,,,,,,,,US,No,No
,,,,,,D519127,,,,D519127,D519127,D519127 Heater Kit,-- Unbranded --,-- No Unilog Brand --,-- No DIB Brand --,V & V Appliance Parts Inc (VVAPP),V & V Appliance Parts Inc,V & V Appliance Parts Inc,,D519127,,,"V & V Appliance Parts Inc, Commercial Product, D519127",COMMERCIAL PRODUCT,"V & V Appliance Parts Inc, D519127, Commercial Product",V & V Appliance Parts Inc Commercial Product,"V & V Appliance Parts Inc, Commercial Product",,,,,,,,,,,,,,,,,,,,,,,,,,,"V & V Appliance Parts Inc, Commercial Product",Series,,,Model,,,Item Type,,,Voltage Rating,,,Amperage Rating,,,Dimensions,,,Mounting Type,,,Material,,,Color,,,Sound Level,,,Additional Information,,,,,,,,,,,,,,,,,,,,,,,,,,,,,,,,,,,,,,,,,,,,,,,,,,,,,,,,,,,,,,,,,,,,,,,,,,,,,,,,,,,,,,,,,,,,,,,,,,,,,,,,,,,,,,,,,,,,,,,,,,,,,,1,EA,,,,,,,,,,,,,,,,,,,,,,,,,,,,,,,,,,,,,US,No,No
,,,,,,DF7004WE,,,,DF7004WE,DF7004WE,DF7004WE Speed Queen Elect Dryer Wh,-- Unbranded --,-- No Unilog Brand --,-- No DIB Brand --,Appliance Dealers Cooperative (APPDE),Appliance Dealers Cooperative,Appliance Dealers Cooperative,,DF7004WE,,,"Appliance Dealers Cooperative, Dryer, DF7004WE",DRYER,"Appliance Dealers Cooperative, DF7004WE, Dryer",Appliance Dealers Cooperative Dryer,"Appliance Dealers Cooperative, Dryer",,,,,,,,,,,,,,,,,,,,,,,,,,,Dryer,Series,,,Model,,,Item Type,,,Voltage Rating,,,Amperage Rating,,,Dimensions,,,Mounting Type,,,Material,,,Color,,,Sound Level,,,Additional Information,,,,,,,,,,,,,,,,,,,,,,,,,,,,,,,,,,,,,,,,,,,,,,,,,,,,,,,,,,,,,,,,,,,,,,,,,,,,,,,,,,,,,,,,,,,,,,,,,,,,,,,,,,,,,,,,,,,,,,,,,,,,,,1,EA,,,,,,,,,,,,,,,,,,,,,,,,,,,,,,,,,,,,,US,No,No
,,,,,,DR7004BE,,,,DR7004BE,DR7004BE,DR7004BE SQ Elect Dryer Bk,-- Unbranded --,-- No Unilog Brand --,-- No DIB Brand --,Appliance Dealers Cooperative (APPDE),Appliance Dealers Cooperative,Appliance Dealers Cooperative,,DR7004BE,,,"Appliance Dealers Cooperative, Dryer, DR7004BE",DRYER,"Appliance Dealers Cooperative, DR7004BE, Dryer",Appliance Dealers Cooperative Dryer,"Appliance Dealers Cooperative, Dryer",,,,,,,,,,,,,,,,,,,,,,,,,,,Dryer,Series,,,Model,,,Item Type,,,Voltage Rating,,,Amperage Rating,,,Dimensions,,,Mounting Type,,,Material,,,Color,,,Sound Level,,,Additional Information,,,,,,,,,,,,,,,,,,,,,,,,,,,,,,,,,,,,,,,,,,,,,,,,,,,,,,,,,,,,,,,,,,,,,,,,,,,,,,,,,,,,,,,,,,,,,,,,,,,,,,,,,,,,,,,,,,,,,,,,,,,,,,1,EA,,,,,,,,,,,,,,,,,,,,,,,,,,,,,,,,,,,,,US,No,No
,,,,,,DV2000WE,,,,DV2000WE,DV2000WE,DV2000WE SQ Elect Dryer Wh,-- Unbranded --,-- No Unilog Brand --,-- No DIB Brand --,Appliance Dealers Cooperative (APPDE),Appliance Dealers Cooperative,Appliance Dealers Cooperative,,DV2000WE,,,"Appliance Dealers Cooperative, Dryer, DV2000WE",DRYER,"Appliance Dealers Cooperative, DV2000WE, Dryer",Appliance Dealers Cooperative Dryer,"Appliance Dealers Cooperative, Dryer",,,,,,,,,,,,,,,,,,,,,,,,,,,Dryer,Series,,,Model,,,Item Type,,,Voltage Rating,,,Amperage Rating,,,Dimensions,,,Mounting Type,,,Material,,,Color,,,Sound Level,,,Additional Information,,,,,,,,,,,,,,,,,,,,,,,,,,,,,,,,,,,,,,,,,,,,,,,,,,,,,,,,,,,,,,,,,,,,,,,,,,,,,,,,,,,,,,,,,,,,,,,,,,,,,,,,,,,,,,,,,,,,,,,,,,,,,,1,EA,,,,,,,,,,,,,,,,,,,,,,,,,,,,,,,,,,,,,US,No,No
,,,,,,DC5004WE,,,,DC5004WE,DC5004WE,DC5004WE SQ Elect Dryer Wh,-- Unbranded --,-- No Unilog Brand --,-- No DIB Brand --,Appliance Dealers Cooperative (APPDE),Appliance Dealers Cooperative,Appliance Dealers Cooperative,,DC5004WE,,,"Appliance Dealers Cooperative, Dryer, DC5004WE",DRYER,"Appliance Dealers Cooperative, DC5004WE, Dryer",Appliance Dealers Cooperative Dryer,"Appliance Dealers Cooperative, Dryer",,,,,,,,,,,,,,,,,,,,,,,,,,,Dryer,Series,,,Model,,,Item Type,,,Voltage Rating,,,Amperage Rating,,,Dimensions,,,Mounting Type,,,Material,,,Color,,,Sound Level,,,Additional Information,,,,,,,,,,,,,,,,,,,,,,,,,,,,,,,,,,,,,,,,,,,,,,,,,,,,,,,,,,,,,,,,,,,,,,,,,,,,,,,,,,,,,,,,,,,,,,,,,,,,,,,,,,,,,,,,,,,,,,,,,,,,,,1,EA,,,,,,,,,,,,,,,,,,,,,,,,,,,,,,,,,,,,,US,No,No
,,,,,,DC5004BE,,,,DC5004BE,DC5004BE,DC5004BE SQ Elect Dryer Bk,-- Unbranded --,-- No Unilog Brand --,-- No DIB Brand --,Appliance Dealers Cooperative (APPDE),Appliance Dealers Cooperative,Appliance Dealers Cooperative,,DC5004BE,,,"Appliance Dealers Cooperative, Dryer, DC5004BE",DRYER,"Appliance Dealers Cooperative, DC5004BE, Dryer",Appliance Dealers Cooperative Dryer,"Appliance Dealers Cooperative, Dryer",,,,,,,,,,,,,,,,,,,,,,,,,,,Dryer,Series,,,Model,,,Item Type,,,Voltage Rating,,,Amperage Rating,,,Dimensions,,,Mounting Type,,,Material,,,Color,,,Sound Level,,,Additional Information,,,,,,,,,,,,,,,,,,,,,,,,,,,,,,,,,,,,,,,,,,,,,,,,,,,,,,,,,,,,,,,,,,,,,,,,,,,,,,,,,,,,,,,,,,,,,,,,,,,,,,,,,,,,,,,,,,,,,,,,,,,,,,1,EA,,,,,,,,,,,,,,,,,,,,,,,,,,,,,,,,,,,,,US,No,No
,,,,,,WKE100HWA,,,,WKE100HWA,WKE100HWA,WKE100HWA LG Laundry Center Wh - Display,-- Unbranded --,-- No Unilog Brand --,-- No DIB Brand --,Appliance Dealers Cooperative (APPDE),Appliance Dealers Cooperative,Appliance Dealers Cooperative,,WKE100HWA,,,"Appliance Dealers Cooperative, Commercial Product, WKE100HWA",COMMERCIAL PRODUCT,"Appliance Dealers Cooperative, WKE100HWA, Commercial Product",Appliance Dealers Cooperative Commercial Product,"Appliance Dealers Cooperative, Commercial Product",,,,,,,,,,,,,,,,,,,,,,,,,,,"Appliance Dealers Cooperative, Commercial Product",Series,,,Model,,,Item Type,,,Voltage Rating,,,Amperage Rating,,,Dimensions,,,Mounting Type,,,Material,,,Color,,,Sound Level,,,Additional Information,,,,,,,,,,,,,,,,,,,,,,,,,,,,,,,,,,,,,,,,,,,,,,,,,,,,,,,,,,,,,,,,,,,,,,,,,,,,,,,,,,,,,,,,,,,,,,,,,,,,,,,,,,,,,,,,,,,,,,,,,,,,,,1,EA,,,,,,,,,,,,,,,,,,,,,,,,,,,,,,,,,,,,,US,No,No
,,,,,,FF7011WN,,,,FF7011WN,FF7011WN,FF7011WN Speed Queen Washer Wh,-- Unbranded --,-- No Unilog Brand --,-- No DIB Brand --,Appliance Dealers Cooperative (APPDE),Appliance Dealers Cooperative,Appliance Dealers Cooperative,,FF7011WN,,,"Appliance Dealers Cooperative, Washing Machine, FF7011WN",WASHING MACHINE,"Appliance Dealers Cooperative, FF7011WN, Washing Machine",Appliance Dealers Cooperative Washing Machine,"Appliance Dealers Cooperative, Washing Machine",,,,,,,,,,,,,,,,,,,,,,,,,,,Washing Machine,Series,,,Model,,,Item Type,,,Voltage Rating,,,Amperage Rating,,,Dimensions,,,Mounting Type,,,Material,,,Color,,,Sound Level,,,Additional Information,,,,,,,,,,,,,,,,,,,,,,,,,,,,,,,,,,,,,,,,,,,,,,,,,,,,,,,,,,,,,,,,,,,,,,,,,,,,,,,,,,,,,,,,,,,,,,,,,,,,,,,,,,,,,,,,,,,,,,,,,,,,,,1,EA,,,,,,,,,,,,,,,,,,,,,,,,,,,,,,,,,,,,,US,No,No
,,,,,,PTD70GBPTDG,,,,PTD70GBPTDG,PTD70GBPTDG,PTD70GBPTDG GE Gas Dryer DG,-- Unbranded --,-- No Unilog Brand --,-- No DIB Brand --,Appliance Dealers Cooperative (APPDE),Appliance Dealers Cooperative,Appliance Dealers Cooperative,,PTD70GBPTDG,,,"Appliance Dealers Cooperative, Dryer, PTD70GBPTDG",DRYER,"Appliance Dealers Cooperative, PTD70GBPTDG, Dryer",Appliance Dealers Cooperative Dryer,"Appliance Dealers Cooperative, Dryer",,,,,,,,,,,,,,,,,,,,,,,,,,,Dryer,Series,,,Model,,,Item Type,,,Voltage Rating,,,Amperage Rating,,,Dimensions,,,Mounting Type,,,Material,,,Color,,,Sound Level,,,Additional Information,,,,,,,,,,,,,,,,,,,,,,,,,,,,,,,,,,,,,,,,,,,,,,,,,,,,,,,,,,,,,,,,,,,,,,,,,,,,,,,,,,,,,,,,,,,,,,,,,,,,,,,,,,,,,,,,,,,,,,,,,,,,,,1,EA,,,,,,,,,,,,,,,,,,,,,,,,,,,,,,,,,,,,,US,No,No
,,,,,,PTD70GBSTWS,,,,PTD70GBSTWS,PTD70GBSTWS,PTD70GBSTWS GE Gas Dryer Wh,-- Unbranded --,-- No Unilog Brand --,-- No DIB Brand --,Appliance Dealers Cooperative (APPDE),Appliance Dealers Cooperative,Appliance Dealers Cooperative,,PTD70GBSTWS,,,"Appliance Dealers Cooperative, Dryer, PTD70GBSTWS",DRYER,"Appliance Dealers Cooperative, PTD70GBSTWS, Dryer",Appliance Dealers Cooperative Dryer,"Appliance Dealers Cooperative, Dryer",,,,,,,,,,,,,,,,,,,,,,,,,,,Dryer,Series,,,Model,,,Item Type,,,Voltage Rating,,,Amperage Rating,,,Dimensions,,,Mounting Type,,,Material,,,Color,,,Sound Level,,,Additional Information,,,,,,,,,,,,,,,,,,,,,,,,,,,,,,,,,,,,,,,,,,,,,,,,,,,,,,,,,,,,,,,,,,,,,,,,,,,,,,,,,,,,,,,,,,,,,,,,,,,,,,,,,,,,,,,,,,,,,,,,,,,,,,1,EA,,,,,,,,,,,,,,,,,,,,,,,,,,,,,,,,,,,,,US,No,No
,,,,,,DR5004WG,,,,DR5004WG,DR5004WG,DR5004WG SQ Gas Dryer Wh,-- Unbranded --,-- No Unilog Brand --,-- No DIB Brand --,Appliance Dealers Cooperative (APPDE),Appliance Dealers Cooperative,Appliance Dealers Cooperative,,DR5004WG,,,"Appliance Dealers Cooperative, Dryer, DR5004WG",DRYER,"Appliance Dealers Cooperative, DR5004WG, Dryer",Appliance Dealers Cooperative Dryer,"Appliance Dealers Cooperative, Dryer",,,,,,,,,,,,,,,,,,,,,,,,,,,Dryer,Series,,,Model,,,Item Type,,,Voltage Rating,,,Amperage Rating,,,Dimensions,,,Mounting Type,,,Material,,,Color,,,Sound Level,,,Additional Information,,,,,,,,,,,,,,,,,,,,,,,,,,,,,,,,,,,,,,,,,,,,,,,,,,,,,,,,,,,,,,,,,,,,,,,,,,,,,,,,,,,,,,,,,,,,,,,,,,,,,,,,,,,,,,,,,,,,,,,,,,,,,,1,EA,,,,,,,,,,,,,,,,,,,,,,,,,,,,,,,,,,,,,US,No,No
,,,,,,DR7004BG,,,,DR7004BG,DR7004BG,DR7004BG SQ Gas Dryer Bk,-- Unbranded --,-- No Unilog Brand --,-- No DIB Brand --,Appliance Dealers Cooperative (APPDE),Appliance Dealers Cooperative,Appliance Dealers Cooperative,,DR7004BG,,,"Appliance Dealers Cooperative, Dryer, DR7004BG",DRYER,"Appliance Dealers Cooperative, DR7004BG, Dryer",Appliance Dealers Cooperative Dryer,"Appliance Dealers Cooperative, Dryer",,,,,,,,,,,,,,,,,,,,,,,,,,,Dryer,Series,,,Model,,,Item Type,,,Voltage Rating,,,Amperage Rating,,,Dimensions,,,Mounting Type,,,Material,,,Color,,,Sound Level,,,Additional Information,,,,,,,,,,,,,,,,,,,,,,,,,,,,,,,,,,,,,,,,,,,,,,,,,,,,,,,,,,,,,,,,,,,,,,,,,,,,,,,,,,,,,,,,,,,,,,,,,,,,,,,,,,,,,,,,,,,,,,,,,,,,,,1,EA,,,,,,,,,,,,,,,,,,,,,,,,,,,,,,,,,,,,,US,No,No
,,,,,,DR7004WG,,,,DR7004WG,DR7004WG,DR7004WG SQ Gas Dryer Wh,-- Unbranded --,-- No Unilog Brand --,-- No DIB Brand --,Appliance Dealers Cooperative (APPDE),Appliance Dealers Cooperative,Appliance Dealers Cooperative,,DR7004WG,,,"Appliance Dealers Cooperative, Dryer, DR7004WG",DRYER,"Appliance Dealers Cooperative, DR7004WG, Dryer",Appliance Dealers Cooperative Dryer,"Appliance Dealers Cooperative, Dryer",,,,,,,,,,,,,,,,,,,,,,,,,,,Dryer,Series,,,Model,,,Item Type,,,Voltage Rating,,,Amperage Rating,,,Dimensions,,,Mounting Type,,,Material,,,Color,,,Sound Level,,,Additional Information,,,,,,,,,,,,,,,,,,,,,,,,,,,,,,,,,,,,,,,,,,,,,,,,,,,,,,,,,,,,,,,,,,,,,,,,,,,,,,,,,,,,,,,,,,,,,,,,,,,,,,,,,,,,,,,,,,,,,,,,,,,,,,1,EA,,,,,,,,,,,,,,,,,,,,,,,,,,,,,,,,,,,,,US,No,No
,,,,,,DV2000WG,,,,DV2000WG,DV2000WG,DV2000WG SQ Gas Dryer Wh,-- Unbranded --,-- No Unilog Brand --,-- No DIB Brand --,Appliance Dealers Cooperative (APPDE),Appliance Dealers Cooperative,Appliance Dealers Cooperative,,DV2000WG,,,"Appliance Dealers Cooperative, Dryer, DV2000WG",DRYER,"Appliance Dealers Cooperative, DV2000WG, Dryer",Appliance Dealers Cooperative Dryer,"Appliance Dealers Cooperative, Dryer",,,,,,,,,,,,,,,,,,,,,,,,,,,Dryer,Series,,,Model,,,Item Type,,,Voltage Rating,,,Amperage Rating,,,Dimensions,,,Mounting Type,,,Material,,,Color,,,Sound Level,,,Additional Information,,,,,,,,,,,,,,,,,,,,,,,,,,,,,,,,,,,,,,,,,,,,,,,,,,,,,,,,,,,,,,,,,,,,,,,,,,,,,,,,,,,,,,,,,,,,,,,,,,,,,,,,,,,,,,,,,,,,,,,,,,,,,,1,EA,,,,,,,,,,,,,,,,,,,,,,,,,,,,,,,,,,,,,US,No,No
,,,,,,DC5004WG,,,,DC5004WG,DC5004WG,DC5004WG SQ Gas Dryer Wh,-- Unbranded --,-- No Unilog Brand --,-- No DIB Brand --,Appliance Dealers Cooperative (APPDE),Appliance Dealers Cooperative,Appliance Dealers Cooperative,,DC5004WG,,,"Appliance Dealers Cooperative, Dryer, DC5004WG",DRYER,"Appliance Dealers Cooperative, DC5004WG, Dryer",Appliance Dealers Cooperative Dryer,"Appliance Dealers Cooperative, Dryer",,,,,,,,,,,,,,,,,,,,,,,,,,,Dryer,Series,,,Model,,,Item Type,,,Voltage Rating,,,Amperage Rating,,,Dimensions,,,Mounting Type,,,Material,,,Color,,,Sound Level,,,Additional Information,,,,,,,,,,,,,,,,,,,,,,,,,,,,,,,,,,,,,,,,,,,,,,,,,,,,,,,,,,,,,,,,,,,,,,,,,,,,,,,,,,,,,,,,,,,,,,,,,,,,,,,,,,,,,,,,,,,,,,,,,,,,,,1,EA,,,,,,,,,,,,,,,,,,,,,,,,,,,,,,,,,,,,,US,No,No
,,,,,,DC5004BG,,,,DC5004BG,DC5004BG,DC5004BG SQ Gas Dryer Bk,-- Unbranded --,-- No Unilog Brand --,-- No DIB Brand --,Appliance Dealers Cooperative (APPDE),Appliance Dealers Cooperative,Appliance Dealers Cooperative,,DC5004BG,,,"Appliance Dealers Cooperative, Dryer, DC5004BG",DRYER,"Appliance Dealers Cooperative, DC5004BG, Dryer",Appliance Dealers Cooperative Dryer,"Appliance Dealers Cooperative, Dryer",,,,,,,,,,,,,,,,,,,,,,,,,,,Dryer,Series,,,Model,,,Item Type,,,Voltage Rating,,,Amperage Rating,,,Dimensions,,,Mounting Type,,,Material,,,Color,,,Sound Level,,,Additional Information,,,,,,,,,,,,,,,,,,,,,,,,,,,,,,,,,,,,,,,,,,,,,,,,,,,,,,,,,,,,,,,,,,,,,,,,,,,,,,,,,,,,,,,,,,,,,,,,,,,,,,,,,,,,,,,,,,,,,,,,,,,,,,1,EA,,,,,,,,,,,,,,,,,,,,,,,,,,,,,,,,,,,,,US,No,No
,,,,,,PTW705BSTWS,,,,PTW705BSTWS,PTW705BSTWS,PTW705BSTWS GE Washer Wh,-- Unbranded --,-- No Unilog Brand --,-- No DIB Brand --,Appliance Dealers Cooperative (APPDE),Appliance Dealers Cooperative,Appliance Dealers Cooperative,,PTW705BSTWS,,,"Appliance Dealers Cooperative, Washing Machine, PTW705BSTWS",WASHING MACHINE,"Appliance Dealers Cooperative, PTW705BSTWS, Washing Machine",Appliance Dealers Cooperative Washing Machine,"Appliance Dealers Cooperative, Washing Machine",,,,,,,,,,,,,,,,,,,,,,,,,,,Washing Machine,Series,,,Model,,,Item Type,,,Voltage Rating,,,Amperage Rating,,,Dimensions,,,Mounting Type,,,Material,,,Color,,,Sound Level,,,Additional Information,,,,,,,,,,,,,,,,,,,,,,,,,,,,,,,,,,,,,,,,,,,,,,,,,,,,,,,,,,,,,,,,,,,,,,,,,,,,,,,,,,,,,,,,,,,,,,,,,,,,,,,,,,,,,,,,,,,,,,,,,,,,,,1,EA,,,,,,,,,,,,,,,,,,,,,,,,,,,,,,,,,,,,,US,No,No
,,,,,,MVWP586GW,,,,MVWP586GW,MVWP586GW,MVWP586GW Washer Wh - Display,-- Unbranded --,-- No Unilog Brand --,-- No DIB Brand --,Appliance Dealers Cooperative (APPDE),Appliance Dealers Cooperative,Appliance Dealers Cooperative,,MVWP586GW,,,"Appliance Dealers Cooperative, Washing Machine, MVWP586GW",WASHING MACHINE,"Appliance Dealers Cooperative, MVWP586GW, Washing Machine",Appliance Dealers Cooperative Washing Machine,"Appliance Dealers Cooperative, Washing Machine",,,,,,,,,,,,,,,,,,,,,,,,,,,Washing Machine,Series,,,Model,,,Item Type,,,Voltage Rating,,,Amperage Rating,,,Dimensions,,,Mounting Type,,,Material,,,Color,,,Sound Level,,,Additional Information,,,,,,,,,,,,,,,,,,,,,,,,,,,,,,,,,,,,,,,,,,,,,,,,,,,,,,,,,,,,,,,,,,,,,,,,,,,,,,,,,,,,,,,,,,,,,,,,,,,,,,,,,,,,,,,,,,,,,,,,,,,,,,1,EA,,,,,,,,,,,,,,,,,,,,,,,,,,,,,,,,,,,,,US,No,No
,,,,,,TV2000WN,,,,TV2000WN,TV2000WN,TV2000WN SQ Elect Washer,-- Unbranded --,-- No Unilog Brand --,-- No DIB Brand --,Appliance Dealers Cooperative (APPDE),Appliance Dealers Cooperative,Appliance Dealers Cooperative,,TV2000WN,,,"Appliance Dealers Cooperative, Washing Machine, TV2000WN",WASHING MACHINE,"Appliance Dealers Cooperative, TV2000WN, Washing Machine",Appliance Dealers Cooperative Washing Machine,"Appliance Dealers Cooperative, Washing Machine",,,,,,,,,,,,,,,,,,,,,,,,,,,Washing Machine,Series,,,Model,,,Item Type,,,Voltage Rating,,,Amperage Rating,,,Dimensions,,,Mounting Type,,,Material,,,Color,,,Sound Level,,,Additional Information,,,,,,,,,,,,,,,,,,,,,,,,,,,,,,,,,,,,,,,,,,,,,,,,,,,,,,,,,,,,,,,,,,,,,,,,,,,,,,,,,,,,,,,,,,,,,,,,,,,,,,,,,,,,,,,,,,,,,,,,,,,,,,1,EA,,,,,,,,,,,,,,,,,,,,,,,,,,,,,,,,,,,,,US,No,No
,,,,,,TC5003BN,,,,TC5003BN,TC5003BN,TC5003BN SQ Washer Bk,-- Unbranded --,-- No Unilog Brand --,-- No DIB Brand --,Appliance Dealers Cooperative (APPDE),Appliance Dealers Cooperative,Appliance Dealers Cooperative,,TC5003BN,,,"Appliance Dealers Cooperative, Washing Machine, TC5003BN",WASHING MACHINE,"Appliance Dealers Cooperative, TC5003BN, Washing Machine",Appliance Dealers Cooperative Washing Machine,"Appliance Dealers Cooperative, Washing Machine",,,,,,,,,,,,,,,,,,,,,,,,,,,Washing Machine,Series,,,Model,,,Item Type,,,Voltage Rating,,,Amperage Rating,,,Dimensions,,,Mounting Type,,,Material,,,Color,,,Sound Level,,,Additional Information,,,,,,,,,,,,,,,,,,,,,,,,,,,,,,,,,,,,,,,,,,,,,,,,,,,,,,,,,,,,,,,,,,,,,,,,,,,,,,,,,,,,,,,,,,,,,,,,,,,,,,,,,,,,,,,,,,,,,,,,,,,,,,1,EA,,,,,,,,,,,,,,,,,,,,,,,,,,,,,,,,,,,,,US,No,No
,,,,,,TR7006WN,,,,TR7006WN,TR7006WN,TR7006WN Speed Queen Washer Wh,-- Unbranded --,-- No Unilog Brand --,-- No DIB Brand --,Appliance Dealers Cooperative (APPDE),Appliance Dealers Cooperative,Appliance Dealers Cooperative,,TR7006WN,,,"Appliance Dealers Cooperative, Washing Machine, TR7006WN",WASHING MACHINE,"Appliance Dealers Cooperative, TR7006WN, Washing Machine",Appliance Dealers Cooperative Washing Machine,"Appliance Dealers Cooperative, Washing Machine",,,,,,,,,,,,,,,,,,,,,,,,,,,Washing Machine,Series,,,Model,,,Item Type,,,Voltage Rating,,,Amperage Rating,,,Dimensions,,,Mounting Type,,,Material,,,Color,,,Sound Level,,,Additional Information,,,,,,,,,,,,,,,,,,,,,,,,,,,,,,,,,,,,,,,,,,,,,,,,,,,,,,,,,,,,,,,,,,,,,,,,,,,,,,,,,,,,,,,,,,,,,,,,,,,,,,,,,,,,,,,,,,,,,,,,,,,,,,1,EA,,,,,,,,,,,,,,,,,,,,,,,,,,,,,,,,,,,,,US,No,No
,,,,,,TR7006BN,,,,TR7006BN,TR7006BN,TR7006BN Speed Queen Washer Bk,-- Unbranded --,-- No Unilog Brand --,-- No DIB Brand --,Appliance Dealers Cooperative (APPDE),Appliance Dealers Cooperative,Appliance Dealers Cooperative,,TR7006BN,,,"Appliance Dealers Cooperative, Washing Machine, TR7006BN",WASHING MACHINE,"Appliance Dealers Cooperative, TR7006BN, Washing Machine",Appliance Dealers Cooperative Washing Machine,"Appliance Dealers Cooperative, Washing Machine",,,,,,,,,,,,,,,,,,,,,,,,,,,Washing Machine,Series,,,Model,,,Item Type,,,Voltage Rating,,,Amperage Rating,,,Dimensions,,,Mounting Type,,,Material,,,Color,,,Sound Level,,,Additional Information,,,,,,,,,,,,,,,,,,,,,,,,,,,,,,,,,,,,,,,,,,,,,,,,,,,,,,,,,,,,,,,,,,,,,,,,,,,,,,,,,,,,,,,,,,,,,,,,,,,,,,,,,,,,,,,,,,,,,,,,,,,,,,1,EA,,,,,,,,,,,,,,,,,,,,,,,,,,,,,,,,,,,,,US,No,No
,,,,,,TR5006WN,,,,TR5006WN,TR5006WN,TR5006WN Speed Queen Washer Wh,-- Unbranded --,-- No Unilog Brand --,-- No DIB Brand --,Appliance Dealers Cooperative (APPDE),Appliance Dealers Cooperative,Appliance Dealers Cooperative,,TR5006WN,,,"Appliance Dealers Cooperative, Washing Machine, TR5006WN",WASHING MACHINE,"Appliance Dealers Cooperative, TR5006WN, Washing Machine",Appliance Dealers Cooperative Washing Machine,"Appliance Dealers Cooperative, Washing Machine",,,,,,,,,,,,,,,,,,,,,,,,,,,Washing Machine,Series,,,Model,,,Item Type,,,Voltage Rating,,,Amperage Rating,,,Dimensions,,,Mounting Type,,,Material,,,Color,,,Sound Level,,,Additional Information,,,,,,,,,,,,,,,,,,,,,,,,,,,,,,,,,,,,,,,,,,,,,,,,,,,,,,,,,,,,,,,,,,,,,,,,,,,,,,,,,,,,,,,,,,,,,,,,,,,,,,,,,,,,,,,,,,,,,,,,,,,,,,1,EA,,,,,,,,,,,,,,,,,,,,,,,,,,,,,,,,,,,,,US,No,No
https://www.kleintools.com/product/05134545001,,,,,,05134545001,,,,05134545001,05134545001,9516 Kneeling Pad& Bttl Opener,-- Unbranded --,-- No Unilog Brand --,-- No DIB Brand --,Wera Tools NA Inc (WERTO),Klein Tools Inc.,KLEIN TOOLS®,,05134545001,,,"KLEIN TOOLS®, Commercial Product, 05134545001",COMMERCIAL PRODUCT,"KLEIN TOOLS®, 05134545001, Commercial Product",KLEIN TOOLS® Commercial Product,"KLEIN TOOLS®, Commercial Product",,,,,,,,,,,,,,,,,,,,,,,,,,,"KLEIN TOOLS®, Commercial Product",Series,,,Model,,,Item Type,,,Voltage Rating,,,Amperage Rating,,,Dimensions,,,Mounting Type,,,Material,,,Color,,,Sound Level,,,Additional Information,,,,,,,,,,,,,,,,,,,,,,,,,,,,,,,,,,,,,,,,,,,,,,,,,,,,,,,,,,,,,,,,,,,,,,,,,,,,,,,,,,,,,,,,,,,,,,,,,,,,,,,,,,,,,,,,,,,,,,,,,,,,,,1,EA,,,,,,,,,,,,,,,,,,,,,,,,,,,,,,,,,,,,,US,No,No
,,,,,,LNL65301,,,,LNL65301,LNL65301,LNL65301 Digital Tire Pressure - Inflator Gauge,-- Unbranded --,-- No Unilog Brand --,-- No DIB Brand --,-,-,-,,LNL65301,,,"-, Commercial Product, LNL65301",COMMERCIAL PRODUCT,"-, LNL65301, Commercial Product",- Commercial Product,"-, Commercial Product",,,,,,,,,,,,,,,,,,,,,,,,,,,"-, Commercial Product",Series,,,Model,,,Item Type,,,Voltage Rating,,,Amperage Rating,,,Dimensions,,,Mounting Type,,,Material,,,Color,,,Sound Level,,,Additional Information,,,,,,,,,,,,,,,,,,,,,,,,,,,,,,,,,,,,,,,,,,,,,,,,,,,,,,,,,,,,,,,,,,,,,,,,,,,,,,,,,,,,,,,,,,,,,,,,,,,,,,,,,,,,,,,,,,,,,,,,,,,,,,1,EA,,,,,,,,,,,,,,,,,,,,,,,,,,,,,,,,,,,,,US,No,No
,,,,,,25-A,,,,25-A,25-A,Charcoal Black 25-A Mortar - Type N,-- Unbranded --,-- No Unilog Brand --,-- No DIB Brand --,Rees Cast Stone Company (REECA),Rees Cast Stone Company,Rees Cast Stone Company,,25-A,,,"Rees Cast Stone Company, Commercial Product, 25-A",COMMERCIAL PRODUCT,"Rees Cast Stone Company, 25-A, Commercial Product",Rees Cast Stone Company Commercial Product,"Rees Cast Stone Company, Commercial Product",,,,,,,,,,,,,,,,,,,,,,,,,,,"Rees Cast Stone Company, Commercial Product",Series,,,Model,,,Item Type,,,Voltage Rating,,,Amperage Rating,,,Dimensions,,,Mounting Type,,,Material,,,Color,,,Sound Level,,,Additional Information,,,,,,,,,,,,,,,,,,,,,,,,,,,,,,,,,,,,,,,,,,,,,,,,,,,,,,,,,,,,,,,,,,,,,,,,,,,,,,,,,,,,,,,,,,,,,,,,,,,,,,,,,,,,,,,,,,,,,,,,,,,,,,1,EA,,,,,,,,,,,,,,,,,,,,,,,,,,,,,,,,,,,,,US,No,No
,,,,,,38-E,,,,38-E,38-E,Dark Chocolate 38-E Mortar - Type N,-- Unbranded --,-- No Unilog Brand --,-- No DIB Brand --,Rees Cast Stone Company (REECA),Rees Cast Stone Company,Rees Cast Stone Company,,38-E,,,"Rees Cast Stone Company, Commercial Product, 38-E",COMMERCIAL PRODUCT,"Rees Cast Stone Company, 38-E, Commercial Product",Rees Cast Stone Company Commercial Product,"Rees Cast Stone Company, Commercial Product",,,,,,,,,,,,,,,,,,,,,,,,,,,"Rees Cast Stone Company, Commercial Product",Series,,,Model,,,Item Type,,,Voltage Rating,,,Amperage Rating,,,Dimensions,,,Mounting Type,,,Material,,,Color,,,Sound Level,,,Additional Information,,,,,,,,,,,,,,,,,,,,,,,,,,,,,,,,,,,,,,,,,,,,,,,,,,,,,,,,,,,,,,,,,,,,,,,,,,,,,,,,,,,,,,,,,,,,,,,,,,,,,,,,,,,,,,,,,,,,,,,,,,,,,,1,EA,,,,,,,,,,,,,,,,,,,,,,,,,,,,,,,,,,,,,US,No,No
https://www.ustape.com/product/59-J,,,,,,59-J,,,,59-J,59-J,Light Buff 59-J Mortar - Type N,-- Unbranded --,-- No Unilog Brand --,-- No DIB Brand --,Rees Cast Stone Company (REECA),U.S. Tape Company,U.S. TAPE®,,59-J,,,"U.S. TAPE®, Commercial Product, 59-J",COMMERCIAL PRODUCT,"U.S. TAPE®, 59-J, Commercial Product",U.S. TAPE® Commercial Product,"U.S. TAPE®, Commercial Product",,,,,,,,,,,,,,,,,,,,,,,,,,,"U.S. TAPE®, Commercial Product",Series,,,Model,,,Item Type,,,Voltage Rating,,,Amperage Rating,,,Dimensions,,,Mounting Type,,,Material,,,Color,,,Sound Level,,,Additional Information,,,,,,,,,,,,,,,,,,,,,,,,,,,,,,,,,,,,,,,,,,,,,,,,,,,,,,,,,,,,,,,,,,,,,,,,,,,,,,,,,,,,,,,,,,,,,,,,,,,,,,,,,,,,,,,,,,,,,,,,,,,,,,1,EA,,,,,,,,,,,,,,,,,,,,,,,,,,,,,,,,,,,,,US,No,No
,,,,,,44-A,,,,44-A,44-A,Light Chocolate 44-A Mortar - Type N,-- Unbranded --,-- No Unilog Brand --,-- No DIB Brand --,Rees Cast Stone Company (REECA),Rees Cast Stone Company,Rees Cast Stone Company,,44-A,,,"Rees Cast Stone Company, Commercial Product, 44-A",COMMERCIAL PRODUCT,"Rees Cast Stone Company, 44-A, Commercial Product",Rees Cast Stone Company Commercial Product,"Rees Cast Stone Company, Commercial Product",,,,,,,,,,,,,,,,,,,,,,,,,,,"Rees Cast Stone Company, Commercial Product",Series,,,Model,,,Item Type,,,Voltage Rating,,,Amperage Rating,,,Dimensions,,,Mounting Type,,,Material,,,Color,,,Sound Level,,,Additional Information,,,,,,,,,,,,,,,,,,,,,,,,,,,,,,,,,,,,,,,,,,,,,,,,,,,,,,,,,,,,,,,,,,,,,,,,,,,,,,,,,,,,,,,,,,,,,,,,,,,,,,,,,,,,,,,,,,,,,,,,,,,,,,1,EA,,,,,,,,,,,,,,,,,,,,,,,,,,,,,,,,,,,,,US,No,No
,,,,,,543302126,,,,543302126,543302126,6' Wh Select T-Rail Kit Horiz - w/Sq Composite Balusters,-- Unbranded --,-- No Unilog Brand --,-- No DIB Brand --,U S Lumber (3073),U S Lumber,U S Lumber,,543302126,,,"U S Lumber, Commercial Product, 543302126",COMMERCIAL PRODUCT,"U S Lumber, 543302126, Commercial Product",U S Lumber Commercial Product,"U S Lumber, Commercial Product",,,,,,,,,,,,,,,,,,,,,,,,,,,"U S Lumber, Commercial Product",Series,,,Model,,,Item Type,,,Voltage Rating,,,Amperage Rating,,,Dimensions,,,Mounting Type,,,Material,,,Color,,,Sound Level,,,Additional Information,,,,,,,,,,,,,,,,,,,,,,,,,,,,,,,,,,,,,,,,,,,,,,,,,,,,,,,,,,,,,,,,,,,,,,,,,,,,,,,,,,,,,,,,,,,,,,,,,,,,,,,,,,,,,,,,,,,,,,,,,,,,,,1,EA,,,,,,,,,,,,,,,,,,,,,,,,,,,,,,,,,,,,,US,No,No
,,,,,,543302146,,,,543302146,543302146,8' Wh Select T-Rail Kit Horiz - w/Sq Composite Balusters,-- Unbranded --,-- No Unilog Brand --,-- No DIB Brand --,U S Lumber (3073),U S Lumber,U S Lumber,,543302146,,,"U S Lumber, Commercial Product, 543302146",COMMERCIAL PRODUCT,"U S Lumber, 543302146, Commercial Product",U S Lumber Commercial Product,"U S Lumber, Commercial Product",,,,,,,,,,,,,,,,,,,,,,,,,,,"U S Lumber, Commercial Product",Series,,,Model,,,Item Type,,,Voltage Rating,,,Amperage Rating,,,Dimensions,,,Mounting Type,,,Material,,,Color,,,Sound Level,,,Additional Information,,,,,,,,,,,,,,,,,,,,,,,,,,,,,,,,,,,,,,,,,,,,,,,,,,,,,,,,,,,,,,,,,,,,,,,,,,,,,,,,,,,,,,,,,,,,,,,,,,,,,,,,,,,,,,,,,,,,,,,,,,,,,,1,EA,,,,,,,,,,,,,,,,,,,,,,,,,,,,,,,,,,,,,US,No,No
,,,,,,73019603,,,,73019603,73019603,Finyline Wh 6' Fl Rail Kit Sq,-- Unbranded --,-- No Unilog Brand --,-- No DIB Brand --,-,-,-,,73019603,,,"-, Commercial Product, 73019603",COMMERCIAL PRODUCT,"-, 73019603, Commercial Product",- Commercial Product,"-, Commercial Product",,,,,,,,,,,,,,,,,,,,,,,,,,,"-, Commercial Product",Series,,,Model,,,Item Type,,,Voltage Rating,,,Amperage Rating,,,Dimensions,,,Mounting Type,,,Material,,,Color,,,Sound Level,,,Additional Information,,,,,,,,,,,,,,,,,,,,,,,,,,,,,,,,,,,,,,,,,,,,,,,,,,,,,,,,,,,,,,,,,,,,,,,,,,,,,,,,,,,,,,,,,,,,,,,,,,,,,,,,,,,,,,,,,,,,,,,,,,,,,,1,EA,,,,,,,,,,,,,,,,,,,,,,,,,,,,,,,,,,,,,US,No,No
,,,,,,73019652,,,,73019652,73019652,Finyline Wh 8' Fl Rail Kit Sq,-- Unbranded --,-- No Unilog Brand --,-- No DIB Brand --,-,-,-,,73019652,,,"-, Commercial Product, 73019652",COMMERCIAL PRODUCT,"-, 73019652, Commercial Product",- Commercial Product,"-, Commercial Product",,,,,,,,,,,,,,,,,,,,,,,,,,,"-, Commercial Product",Series,,,Model,,,Item Type,,,Voltage Rating,,,Amperage Rating,,,Dimensions,,,Mounting Type,,,Material,,,Color,,,Sound Level,,,Additional Information,,,,,,,,,,,,,,,,,,,,,,,,,,,,,,,,,,,,,,,,,,,,,,,,,,,,,,,,,,,,,,,,,,,,,,,,,,,,,,,,,,,,,,,,,,,,,,,,,,,,,,,,,,,,,,,,,,,,,,,,,,,,,,1,EA,,,,,,,,,,,,,,,,,,,,,,,,,,,,,,,,,,,,,US,No,No
,,,,,,73019517,,,,73019517,73019517,Finyline Wh 10' Fl Rail Kit Sq,-- Unbranded --,-- No Unilog Brand --,-- No DIB Brand --,-,-,-,,73019517,,,"-, Commercial Product, 73019517",COMMERCIAL PRODUCT,"-, 73019517, Commercial Product",- Commercial Product,"-, Commercial Product",,,,,,,,,,,,,,,,,,,,,,,,,,,"-, Commercial Product",Series,,,Model,,,Item Type,,,Voltage Rating,,,Amperage Rating,,,Dimensions,,,Mounting Type,,,Material,,,Color,,,Sound Level,,,Additional Information,,,,,,,,,,,,,,,,,,,,,,,,,,,,,,,,,,,,,,,,,,,,,,,,,,,,,,,,,,,,,,,,,,,,,,,,,,,,,,,,,,,,,,,,,,,,,,,,,,,,,,,,,,,,,,,,,,,,,,,,,,,,,,1,EA,,,,,,,,,,,,,,,,,,,,,,,,,,,,,,,,,,,,,US,No,No
,,,,,,73019602,,,,73019602,73019602,Finyline Wh 6' Fl Rail Kit Rd - w/Black Alum Balusters,-- Unbranded --,-- No Unilog Brand --,-- No DIB Brand --,-,-,-,,73019602,,,"-, Commercial Product, 73019602, Aluminum",COMMERCIAL PRODUCT ALUM,"-, 73019602, Commercial Product, Aluminum","- Commercial Product, Aluminum","-, Commercial Product, Aluminum",,,,,,,,,,,,,,,,,,,,,,,,,,,"-, Commercial Product, Aluminum",Series,,,Model,,,Item Type,,,Voltage Rating,,,Amperage Rating,,,Dimensions,,,Mounting Type,,,Material,Aluminum,,Color,,,Sound Level,,,Additional Information,,,,,,,,,,,,,,,,,,,,,,,,,,,,,,,,,,,,,,,,,,,,,,,,,,,,,,,,,,,,,,,,,,,,,,,,,,,,,,,,,,,,,,,,,,,,,,,,,,,,,,,,,,,,,,,,,,,,,,,,,,,,,,1,EA,,,,,,,,,,,,,,,,,,,,,,,,,,,,,,,,,,,,,US,No,No
,,,,,,73019651,,,,73019651,73019651,Finyline Wh 8' Fl Rail Kit Rd - w/Black Alum Balusters,-- Unbranded --,-- No Unilog Brand --,-- No DIB Brand --,-,-,-,,73019651,,,"-, Commercial Product, 73019651, Aluminum",COMMERCIAL PRODUCT ALUM,"-, 73019651, Commercial Product, Aluminum","- Commercial Product, Aluminum","-, Commercial Product, Aluminum",,,,,,,,,,,,,,,,,,,,,,,,,,,"-, Commercial Product, Aluminum",Series,,,Model,,,Item Type,,,Voltage Rating,,,Amperage Rating,,,Dimensions,,,Mounting Type,,,Material,Aluminum,,Color,,,Sound Level,,,Additional Information,,,,,,,,,,,,,,,,,,,,,,,,,,,,,,,,,,,,,,,,,,,,,,,,,,,,,,,,,,,,,,,,,,,,,,,,,,,,,,,,,,,,,,,,,,,,,,,,,,,,,,,,,,,,,,,,,,,,,,,,,,,,,,1,EA,,,,,,,,,,,,,,,,,,,,,,,,,,,,,,,,,,,,,US,No,No
,,,,,,73019516,,,,73019516,73019516,Finyline Wh 10' Fl Rail Kit Rd - w/Black Alum Balusters,-- Unbranded --,-- No Unilog Brand --,-- No DIB Brand --,-,-,-,,73019516,,,"-, Commercial Product, 73019516, Aluminum",COMMERCIAL PRODUCT ALUM,"-, 73019516, Commercial Product, Aluminum","- Commercial Product, Aluminum","-, Commercial Product, Aluminum",,,,,,,,,,,,,,,,,,,,,,,,,,,"-, Commercial Product, Aluminum",Series,,,Model,,,Item Type,,,Voltage Rating,,,Amperage Rating,,,Dimensions,,,Mounting Type,,,Material,Aluminum,,Color,,,Sound Level,,,Additional Information,,,,,,,,,,,,,,,,,,,,,,,,,,,,,,,,,,,,,,,,,,,,,,,,,,,,,,,,,,,,,,,,,,,,,,,,,,,,,,,,,,,,,,,,,,,,,,,,,,,,,,,,,,,,,,,,,,,,,,,,,,,,,,1,EA,,,,,,,,,,,,,,,,,,,,,,,,,,,,,,,,,,,,,US,No,No
https://www.bc.com/product/543300256,,,,,,543300256,,,,543300256,543300256,6' Black Select Classic Horiz - Rail w/Rnd Black Alum Baluster,-- Unbranded --,-- No Unilog Brand --,-- No DIB Brand --,Boise Cascade Building Materials (BOICA),Boise Cascade Building Materials,Boise Cascade Building Materials,,543300256,,,"Boise Cascade Building Materials, Commercial Product, 543300256, Aluminum",COMMERCIAL PRODUCT ALUM,"Boise Cascade Building Materials, 543300256, Commercial Product, Aluminum","Boise Cascade Building Materials Commercial Product, Aluminum","Boise Cascade Building Materials, Commercial Product, Aluminum",,,,,,,,,,,,,,,,,,,,,,,,,,,"Boise Cascade Building Materials, Commercial Product, Aluminum",Series,,,Model,,,Item Type,,,Voltage Rating,,,Amperage Rating,,,Dimensions,,,Mounting Type,,,Material,Aluminum,,Color,,,Sound Level,,,Additional Information,,,,,,,,,,,,,,,,,,,,,,,,,,,,,,,,,,,,,,,,,,,,,,,,,,,,,,,,,,,,,,,,,,,,,,,,,,,,,,,,,,,,,,,,,,,,,,,,,,,,,,,,,,,,,,,,,,,,,,,,,,,,,,1,EA,,,,,,,,,,,,,,,,,,,,,,,,,,,,,,,,,,,,,US,No,No
https://www.bc.com/product/543300276,,,,,,543300276,,,,543300276,543300276,8' Black Select Classic Horiz - Rail w/Rnd Black Alum Baluster,-- Unbranded --,-- No Unilog Brand --,-- No DIB Brand --,Boise Cascade Building Materials (BOICA),Boise Cascade Building Materials,Boise Cascade Building Materials,,543300276,,,"Boise Cascade Building Materials, Commercial Product, 543300276, Aluminum",COMMERCIAL PRODUCT ALUM,"Boise Cascade Building Materials, 543300276, Commercial Product, Aluminum","Boise Cascade Building Materials Commercial Product, Aluminum","Boise Cascade Building Materials, Commercial Product, Aluminum",,,,,,,,,,,,,,,,,,,,,,,,,,,"Boise Cascade Building Materials, Commercial Product, Aluminum",Series,,,Model,,,Item Type,,,Voltage Rating,,,Amperage Rating,,,Dimensions,,,Mounting Type,,,Material,Aluminum,,Color,,,Sound Level,,,Additional Information,,,,,,,,,,,,,,,,,,,,,,,,,,,,,,,,,,,,,,,,,,,,,,,,,,,,,,,,,,,,,,,,,,,,,,,,,,,,,,,,,,,,,,,,,,,,,,,,,,,,,,,,,,,,,,,,,,,,,,,,,,,,,,1,EA,,,,,,,,,,,,,,,,,,,,,,,,,,,,,,,,,,,,,US,No,No
,,,,,,73045028,,,,73045028,73045028,Custom Finyline Wh Gate Sq Bal,-- Unbranded --,-- No Unilog Brand --,-- No DIB Brand --,-,-,-,,73045028,,,"-, Commercial Product, 73045028",COMMERCIAL PRODUCT,"-, 73045028, Commercial Product",- Commercial Product,"-, Commercial Product",,,,,,,,,,,,,,,,,,,,,,,,,,,"-, Commercial Product",Series,,,Model,,,Item Type,,,Voltage Rating,,,Amperage Rating,,,Dimensions,,,Mounting Type,,,Material,,,Color,,,Sound Level,,,Additional Information,,,,,,,,,,,,,,,,,,,,,,,,,,,,,,,,,,,,,,,,,,,,,,,,,,,,,,,,,,,,,,,,,,,,,,,,,,,,,,,,,,,,,,,,,,,,,,,,,,,,,,,,,,,,,,,,,,,,,,,,,,,,,,1,EA,,,,,,,,,,,,,,,,,,,,,,,,,,,,,,,,,,,,,US,No,No
,,,,,,73045031,,,,73045031,73045031,Custom Finyline Wh Gate Rd - w/Black Alum Balusters,-- Unbranded --,-- No Unilog Brand --,-- No DIB Brand --,-,-,-,,73045031,,,"-, Commercial Product, 73045031, Aluminum",COMMERCIAL PRODUCT ALUM,"-, 73045031, Commercial Product, Aluminum","- Commercial Product, Aluminum","-, Commercial Product, Aluminum",,,,,,,,,,,,,,,,,,,,,,,,,,,"-, Commercial Product, Aluminum",Series,,,Model,,,Item Type,,,Voltage Rating,,,Amperage Rating,,,Dimensions,,,Mounting Type,,,Material,Aluminum,,Color,,,Sound Level,,,Additional Information,,,,,,,,,,,,,,,,,,,,,,,,,,,,,,,,,,,,,,,,,,,,,,,,,,,,,,,,,,,,,,,,,,,,,,,,,,,,,,,,,,,,,,,,,,,,,,,,,,,,,,,,,,,,,,,,,,,,,,,,,,,,,,1,EA,,,,,,,,,,,,,,,,,,,,,,,,,,,,,,,,,,,,,US,No,No
https://www.bc.com/product/543340126,,,,,,543340126,,,,543340126,543340126,"6'x36"" Select Alm w/Sq Bal Hor - Assembled Black Rail Panel",-- Unbranded --,-- No Unilog Brand --,-- No DIB Brand --,Boise Cascade Building Materials (BOICA),Boise Cascade Building Materials,Boise Cascade Building Materials,,543340126,,,"Boise Cascade Building Materials, Commercial Product, 543340126",COMMERCIAL PRODUCT 6 FTX36,"Boise Cascade Building Materials, 543340126, Commercial Product","Boise Cascade Building Materials Commercial Product, 6 ftx36","Boise Cascade Building Materials, Commercial Product",,,,,,,,,,,,,,,,,,,,,,,,,,,"Boise Cascade Building Materials, Commercial Product",Series,,,Model,,,Item Type,,,Voltage Rating,,,Amperage Rating,,,Dimensions,6 ftx36,,Mounting Type,,,Material,,,Color,,,Sound Level,,,Additional Information,,,,,,,,,,,,,,,ArborSize,36,in,,,,,,,,,,,,,,,,,,,,,,,,,,,,,,,,,,,,,,,,,,,,,,,,,,,,,,,,,,,,,,,,,,,,,,,,,,,,,,,,,,,,,,,,,,,,,,,,,,,,,,,,,,,,,1,EA,,,,,,,,,,,,,,,,,,,,,,,,,,,,,,,,,,,,,US,No,No
https://www.bc.com/product/543340127,,,,,,543340127,,,,543340127,543340127,"6'x36"" Select Alm w/Sq Bal Str - Assembled Black Rail Panel",-- Unbranded --,-- No Unilog Brand --,-- No DIB Brand --,Boise Cascade Building Materials (BOICA),Boise Cascade Building Materials,Boise Cascade Building Materials,,543340127,,,"Boise Cascade Building Materials, Commercial Product, 543340127",COMMERCIAL PRODUCT 6 FTX36,"Boise Cascade Building Materials, 543340127, Commercial Product","Boise Cascade Building Materials Commercial Product, 6 ftx36","Boise Cascade Building Materials, Commercial Product",,,,,,,,,,,,,,,,,,,,,,,,,,,"Boise Cascade Building Materials, Commercial Product",Series,,,Model,,,Item Type,,,Voltage Rating,,,Amperage Rating,,,Dimensions,6 ftx36,,Mounting Type,,,Material,,,Color,,,Sound Level,,,Additional Information,,,,,,,,,,,,,,,ArborSize,36,in,,,,,,,,,,,,,,,,,,,,,,,,,,,,,,,,,,,,,,,,,,,,,,,,,,,,,,,,,,,,,,,,,,,,,,,,,,,,,,,,,,,,,,,,,,,,,,,,,,,,,,,,,,,,,1,EA,,,,,,,,,,,,,,,,,,,,,,,,,,,,,,,,,,,,,US,No,No
https://www.bc.com/product/543340146,,,,,,543340146,,,,543340146,543340146,"8'x36"" Select Alm w/Sq Bal Hor - Assembled Black Rail Panel",-- Unbranded --,-- No Unilog Brand --,-- No DIB Brand --,Boise Cascade Building Materials (BOICA),Boise Cascade Building Materials,Boise Cascade Building Materials,,543340146,,,"Boise Cascade Building Materials, Commercial Product, 543340146",COMMERCIAL PRODUCT 8 FTX36,"Boise Cascade Building Materials, 543340146, Commercial Product","Boise Cascade Building Materials Commercial Product, 8 ftx36","Boise Cascade Building Materials, Commercial Product",,,,,,,,,,,,,,,,,,,,,,,,,,,"Boise Cascade Building Materials, Commercial Product",Series,,,Model,,,Item Type,,,Voltage Rating,,,Amperage Rating,,,Dimensions,8 ftx36,,Mounting Type,,,Material,,,Color,,,Sound Level,,,Additional Information,,,,,,,,,,,,,,,ArborSize,36,in,,,,,,,,,,,,,,,,,,,,,,,,,,,,,,,,,,,,,,,,,,,,,,,,,,,,,,,,,,,,,,,,,,,,,,,,,,,,,,,,,,,,,,,,,,,,,,,,,,,,,,,,,,,,,1,EA,,,,,,,,,,,,,,,,,,,,,,,,,,,,,,,,,,,,,US,No,No
https://www.bc.com/product/543340147,,,,,,543340147,,,,543340147,543340147,"8'x36"" Select Alm w/Sq Bal Str - Assembled Black Rail Panel",-- Unbranded --,-- No Unilog Brand --,-- No DIB Brand --,Boise Cascade Building Materials (BOICA),Boise Cascade Building Materials,Boise Cascade Building Materials,,543340147,,,"Boise Cascade Building Materials, Commercial Product, 543340147",COMMERCIAL PRODUCT 8 FTX36,"Boise Cascade Building Materials, 543340147, Commercial Product","Boise Cascade Building Materials Commercial Product, 8 ftx36","Boise Cascade Building Materials, Commercial Product",,,,,,,,,,,,,,,,,,,,,,,,,,,"Boise Cascade Building Materials, Commercial Product",Series,,,Model,,,Item Type,,,Voltage Rating,,,Amperage Rating,,,Dimensions,8 ftx36,,Mounting Type,,,Material,,,Color,,,Sound Level,,,Additional Information,,,,,,,,,,,,,,,ArborSize,36,in,,,,,,,,,,,,,,,,,,,,,,,,,,,,,,,,,,,,,,,,,,,,,,,,,,,,,,,,,,,,,,,,,,,,,,,,,,,,,,,,,,,,,,,,,,,,,,,,,,,,,,,,,,,,,1,EA,,,,,,,,,,,,,,,,,,,,,,,,,,,,,,,,,,,,,US,No,No
https://www.edgeeyewear.com/product/ADB15516CS,,,,,,ADB15516CS,,,,ADB15516CS,ADB15516CS,1x6-16' Coastline Sq Edge - Vintage Azek PVC Decking,-- Unbranded --,-- No Unilog Brand --,-- No DIB Brand --,Parksite (6151),Edge Eyewear,EDGE SAFETY®,,ADB15516CS,,,"EDGE SAFETY®, Commercial Product, ADB15516CS",COMMERCIAL PRODUCT 1X6-16,"EDGE SAFETY®, ADB15516CS, Commercial Product","EDGE SAFETY® Commercial Product, 1x6-16","EDGE SAFETY®, Commercial Product",,,,,,,,,,,,,,,,,,,,,,,,,,,"EDGE SAFETY®, Commercial Product",Series,,,Model,,,Item Type,,,Voltage Rating,,,Amperage Rating,,,Dimensions,1x6-16,,Mounting Type,,,Material,,,Color,,,Sound Level,,,Additional Information,,,,,,,,,,,,,,,,,,,,,,,,,,,,,,,,,,,,,,,,,,,,,,,,,,,,,,,,,,,,,,,,,,,,,,,,,,,,,,,,,,,,,,,,,,,,,,,,,,,,,,,,,,,,,,,,,,,,,,,,,,,,,,1,EA,,,,,,,,,,,,,,,,,,,,,,,,,,,,,,,,,,,,,US,No,No
https://www.edgeeyewear.com/product/ADB15520CS,,,,,,ADB15520CS,,,,ADB15520CS,ADB15520CS,1x6-20' Coastline Sq Edge - Vintage Azek PVC Decking,-- Unbranded --,-- No Unilog Brand --,-- No DIB Brand --,Parksite (6151),Edge Eyewear,EDGE SAFETY®,,ADB15520CS,,,"EDGE SAFETY®, Commercial Product, ADB15520CS",COMMERCIAL PRODUCT 1X6-20,"EDGE SAFETY®, ADB15520CS, Commercial Product","EDGE SAFETY® Commercial Product, 1x6-20","EDGE SAFETY®, Commercial Product",,,,,,,,,,,,,,,,,,,,,,,,,,,"EDGE SAFETY®, Commercial Product",Series,,,Model,,,Item Type,,,Voltage Rating,,,Amperage Rating,,,Dimensions,1x6-20,,Mounting Type,,,Material,,,Color,,,Sound Level,,,Additional Information,,,,,,,,,,,,,,,,,,,,,,,,,,,,,,,,,,,,,,,,,,,,,,,,,,,,,,,,,,,,,,,,,,,,,,,,,,,,,,,,,,,,,,,,,,,,,,,,,,,,,,,,,,,,,,,,,,,,,,,,,,,,,,1,EA,,,,,,,,,,,,,,,,,,,,,,,,,,,,,,,,,,,,,US,No,No
https://www.edgeeyewear.com/product/ADB15516EW,,,,,,ADB15516EW,,,,ADB15516EW,ADB15516EW,1x6-16' English Walnut Sq Edge - Vintage Azek PVC Decking,-- Unbranded --,-- No Unilog Brand --,-- No DIB Brand --,Parksite (6151),Edge Eyewear,EDGE SAFETY®,,ADB15516EW,,,"EDGE SAFETY®, Commercial Product, ADB15516EW",COMMERCIAL PRODUCT 1X6-16,"EDGE SAFETY®, ADB15516EW, Commercial Product","EDGE SAFETY® Commercial Product, 1x6-16","EDGE SAFETY®, Commercial Product",,,,,,,,,,,,,,,,,,,,,,,,,,,"EDGE SAFETY®, Commercial Product",Series,,,Model,,,Item Type,,,Voltage Rating,,,Amperage Rating,,,Dimensions,1x6-16,,Mounting Type,,,Material,,,Color,,,Sound Level,,,Additional Information,,,,,,,,,,,,,,,,,,,,,,,,,,,,,,,,,,,,,,,,,,,,,,,,,,,,,,,,,,,,,,,,,,,,,,,,,,,,,,,,,,,,,,,,,,,,,,,,,,,,,,,,,,,,,,,,,,,,,,,,,,,,,,1,EA,,,,,,,,,,,,,,,,,,,,,,,,,,,,,,,,,,,,,US,No,No
https://www.edgeeyewear.com/product/ADB15520EW,,,,,,ADB15520EW,,,,ADB15520EW,ADB15520EW,1x6-20' English Walnut Sq Edge - Vintage Azek PVC Decking,-- Unbranded --,-- No Unilog Brand --,-- No DIB Brand --,Parksite (6151),Edge Eyewear,EDGE SAFETY®,,ADB15520EW,,,"EDGE SAFETY®, Commercial Product, ADB15520EW",COMMERCIAL PRODUCT 1X6-20,"EDGE SAFETY®, ADB15520EW, Commercial Product","EDGE SAFETY® Commercial Product, 1x6-20","EDGE SAFETY®, Commercial Product",,,,,,,,,,,,,,,,,,,,,,,,,,,"EDGE SAFETY®, Commercial Product",Series,,,Model,,,Item Type,,,Voltage Rating,,,Amperage Rating,,,Dimensions,1x6-20,,Mounting Type,,,Material,,,Color,,,Sound Level,,,Additional Information,,,,,,,,,,,,,,,,,,,,,,,,,,,,,,,,,,,,,,,,,,,,,,,,,,,,,,,,,,,,,,,,,,,,,,,,,,,,,,,,,,,,,,,,,,,,,,,,,,,,,,,,,,,,,,,,,,,,,,,,,,,,,,1,EA,,,,,,,,,,,,,,,,,,,,,,,,,,,,,,,,,,,,,US,No,No
https://www.edgeeyewear.com/product/ADB15516MH,,,,,,ADB15516MH,,,,ADB15516MH,ADB15516MH,1x6-16' Mahogany Sq Edge - Vintage Azek PVC Decking,-- Unbranded --,-- No Unilog Brand --,-- No DIB Brand --,Parksite (6151),Edge Eyewear,EDGE SAFETY®,,ADB15516MH,,,"EDGE SAFETY®, Commercial Product, ADB15516MH",COMMERCIAL PRODUCT 1X6-16,"EDGE SAFETY®, ADB15516MH, Commercial Product","EDGE SAFETY® Commercial Product, 1x6-16","EDGE SAFETY®, Commercial Product",,,,,,,,,,,,,,,,,,,,,,,,,,,"EDGE SAFETY®, Commercial Product",Series,,,Model,,,Item Type,,,Voltage Rating,,,Amperage Rating,,,Dimensions,1x6-16,,Mounting Type,,,Material,,,Color,,,Sound Level,,,Additional Information,,,,,,,,,,,,,,,,,,,,,,,,,,,,,,,,,,,,,,,,,,,,,,,,,,,,,,,,,,,,,,,,,,,,,,,,,,,,,,,,,,,,,,,,,,,,,,,,,,,,,,,,,,,,,,,,,,,,,,,,,,,,,,1,EA,,,,,,,,,,,,,,,,,,,,,,,,,,,,,,,,,,,,,US,No,No
https://www.edgeeyewear.com/product/ADB15520MH,,,,,,ADB15520MH,,,,ADB15520MH,ADB15520MH,1x6-20' Mahogany Sq Edge - Vintage Azek PVC Decking,-- Unbranded --,-- No Unilog Brand --,-- No DIB Brand --,Parksite (6151),Edge Eyewear,EDGE SAFETY®,,ADB15520MH,,,"EDGE SAFETY®, Commercial Product, ADB15520MH",COMMERCIAL PRODUCT 1X6-20,"EDGE SAFETY®, ADB15520MH, Commercial Product","EDGE SAFETY® Commercial Product, 1x6-20","EDGE SAFETY®, Commercial Product",,,,,,,,,,,,,,,,,,,,,,,,,,,"EDGE SAFETY®, Commercial Product",Series,,,Model,,,Item Type,,,Voltage Rating,,,Amperage Rating,,,Dimensions,1x6-20,,Mounting Type,,,Material,,,Color,,,Sound Level,,,Additional Information,,,,,,,,,,,,,,,,,,,,,,,,,,,,,,,,,,,,,,,,,,,,,,,,,,,,,,,,,,,,,,,,,,,,,,,,,,,,,,,,,,,,,,,,,,,,,,,,,,,,,,,,,,,,,,,,,,,,,,,,,,,,,,1,EA,,,,,,,,,,,,,,,,,,,,,,,,,,,,,,,,,,,,,US,No,No
https://www.edgeeyewear.com/product/ADB15516WT,,,,,,ADB15516WT,,,,ADB15516WT,ADB15516WT,1x6-16' Weathered Teak Sq Edge - Vintage Azek PVC Decking,-- Unbranded --,-- No Unilog Brand --,-- No DIB Brand --,Parksite (6151),Edge Eyewear,EDGE SAFETY®,,ADB15516WT,,,"EDGE SAFETY®, Commercial Product, ADB15516WT",COMMERCIAL PRODUCT 1X6-16,"EDGE SAFETY®, ADB15516WT, Commercial Product","EDGE SAFETY® Commercial Product, 1x6-16","EDGE SAFETY®, Commercial Product",,,,,,,,,,,,,,,,,,,,,,,,,,,"EDGE SAFETY®, Commercial Product",Series,,,Model,,,Item Type,,,Voltage Rating,,,Amperage Rating,,,Dimensions,1x6-16,,Mounting Type,,,Material,,,Color,,,Sound Level,,,Additional Information,,,,,,,,,,,,,,,,,,,,,,,,,,,,,,,,,,,,,,,,,,,,,,,,,,,,,,,,,,,,,,,,,,,,,,,,,,,,,,,,,,,,,,,,,,,,,,,,,,,,,,,,,,,,,,,,,,,,,,,,,,,,,,1,EA,,,,,,,,,,,,,,,,,,,,,,,,,,,,,,,,,,,,,US,No,No
https://www.edgeeyewear.com/product/ADB15520WT,,,,,,ADB15520WT,,,,ADB15520WT,ADB15520WT,1x6-20' Weathered Teak Sq Edge - Vintage Azek PVC Decking,-- Unbranded --,-- No Unilog Brand --,-- No DIB Brand --,Parksite (6151),Edge Eyewear,EDGE SAFETY®,,ADB15520WT,,,"EDGE SAFETY®, Commercial Product, ADB15520WT",COMMERCIAL PRODUCT 1X6-20,"EDGE SAFETY®, ADB15520WT, Commercial Product","EDGE SAFETY® Commercial Product, 1x6-20","EDGE SAFETY®, Commercial Product",,,,,,,,,,,,,,,,,,,,,,,,,,,"EDGE SAFETY®, Commercial Product",Series,,,Model,,,Item Type,,,Voltage Rating,,,Amperage Rating,,,Dimensions,1x6-20,,Mounting Type,,,Material,,,Color,,,Sound Level,,,Additional Information,,,,,,,,,,,,,,,,,,,,,,,,,,,,,,,,,,,,,,,,,,,,,,,,,,,,,,,,,,,,,,,,,,,,,,,,,,,,,,,,,,,,,,,,,,,,,,,,,,,,,,,,,,,,,,,,,,,,,,,,,,,,,,1,EA,,,,,,,,,,,,,,,,,,,,,,,,,,,,,,,,,,,,,US,No,No
https://www.parksite.com/product/AGB15512CS,,,,,,AGB15512CS,,,,AGB15512CS,AGB15512CS,1x6-12' Coastline Grooved - Vintage Azek PVC Decking,-- Unbranded --,-- No Unilog Brand --,-- No DIB Brand --,Parksite (6151),Parksite Inc.,PARKSITE®,,AGB15512CS,,,"PARKSITE®, Commercial Product, AGB15512CS",COMMERCIAL PRODUCT 1X6-12,"PARKSITE®, AGB15512CS, Commercial Product","PARKSITE® Commercial Product, 1x6-12","PARKSITE®, Commercial Product",,,,,,,,,,,,,,,,,,,,,,,,,,,"PARKSITE®, Commercial Product",Series,,,Model,,,Item Type,,,Voltage Rating,,,Amperage Rating,,,Dimensions,1x6-12,,Mounting Type,,,Material,,,Color,,,Sound Level,,,Additional Information,,,,,,,,,,,,,,,,,,,,,,,,,,,,,,,,,,,,,,,,,,,,,,,,,,,,,,,,,,,,,,,,,,,,,,,,,,,,,,,,,,,,,,,,,,,,,,,,,,,,,,,,,,,,,,,,,,,,,,,,,,,,,,1,EA,,,,,,,,,,,,,,,,,,,,,,,,,,,,,,,,,,,,,US,No,No
https://www.parksite.com/product/AGB15516CS,,,,,,AGB15516CS,,,,AGB15516CS,AGB15516CS,1x6-16' Coastline Grooved - Vintage Azek PVC Decking,-- Unbranded --,-- No Unilog Brand --,-- No DIB Brand --,Parksite (6151),Parksite Inc.,PARKSITE®,,AGB15516CS,,,"PARKSITE®, Commercial Product, AGB15516CS",COMMERCIAL PRODUCT 1X6-16,"PARKSITE®, AGB15516CS, Commercial Product","PARKSITE® Commercial Product, 1x6-16","PARKSITE®, Commercial Product",,,,,,,,,,,,,,,,,,,,,,,,,,,"PARKSITE®, Commercial Product",Series,,,Model,,,Item Type,,,Voltage Rating,,,Amperage Rating,,,Dimensions,1x6-16,,Mounting Type,,,Material,,,Color,,,Sound Level,,,Additional Information,,,,,,,,,,,,,,,,,,,,,,,,,,,,,,,,,,,,,,,,,,,,,,,,,,,,,,,,,,,,,,,,,,,,,,,,,,,,,,,,,,,,,,,,,,,,,,,,,,,,,,,,,,,,,,,,,,,,,,,,,,,,,,1,EA,,,,,,,,,,,,,,,,,,,,,,,,,,,,,,,,,,,,,US,No,No
https://www.parksite.com/product/AGB15520CS,,,,,,AGB15520CS,,,,AGB15520CS,AGB15520CS,1x6-20' Coastline Grooved - Vintage Azek PVC Decking,-- Unbranded --,-- No Unilog Brand --,-- No DIB Brand --,Parksite (6151),Parksite Inc.,PARKSITE®,,AGB15520CS,,,"PARKSITE®, Commercial Product, AGB15520CS",COMMERCIAL PRODUCT 1X6-20,"PARKSITE®, AGB15520CS, Commercial Product","PARKSITE® Commercial Product, 1x6-20","PARKSITE®, Commercial Product",,,,,,,,,,,,,,,,,,,,,,,,,,,"PARKSITE®, Commercial Product",Series,,,Model,,,Item Type,,,Voltage Rating,,,Amperage Rating,,,Dimensions,1x6-20,,Mounting Type,,,Material,,,Color,,,Sound Level,,,Additional Information,,,,,,,,,,,,,,,,,,,,,,,,,,,,,,,,,,,,,,,,,,,,,,,,,,,,,,,,,,,,,,,,,,,,,,,,,,,,,,,,,,,,,,,,,,,,,,,,,,,,,,,,,,,,,,,,,,,,,,,,,,,,,,1,EA,,,,,,,,,,,,,,,,,,,,,,,,,,,,,,,,,,,,,US,No,No
https://www.parksite.com/product/AGB15512EW,,,,,,AGB15512EW,,,,AGB15512EW,AGB15512EW,1x6-12' English Walnut Grooved - Vintage Azek PVC Decking,-- Unbranded --,-- No Unilog Brand --,-- No DIB Brand --,Parksite (6151),Parksite Inc.,PARKSITE®,,AGB15512EW,,,"PARKSITE®, Commercial Product, AGB15512EW",COMMERCIAL PRODUCT 1X6-12,"PARKSITE®, AGB15512EW, Commercial Product","PARKSITE® Commercial Product, 1x6-12","PARKSITE®, Commercial Product",,,,,,,,,,,,,,,,,,,,,,,,,,,"PARKSITE®, Commercial Product",Series,,,Model,,,Item Type,,,Voltage Rating,,,Amperage Rating,,,Dimensions,1x6-12,,Mounting Type,,,Material,,,Color,,,Sound Level,,,Additional Information,,,,,,,,,,,,,,,,,,,,,,,,,,,,,,,,,,,,,,,,,,,,,,,,,,,,,,,,,,,,,,,,,,,,,,,,,,,,,,,,,,,,,,,,,,,,,,,,,,,,,,,,,,,,,,,,,,,,,,,,,,,,,,1,EA,,,,,,,,,,,,,,,,,,,,,,,,,,,,,,,,,,,,,US,No,No
https://www.parksite.com/product/AGB15516EW,,,,,,AGB15516EW,,,,AGB15516EW,AGB15516EW,1x6-16' English Walnut Grooved - Vintage Azek PVC Decking,-- Unbranded --,-- No Unilog Brand --,-- No DIB Brand --,Parksite (6151),Parksite Inc.,PARKSITE®,,AGB15516EW,,,"PARKSITE®, Commercial Product, AGB15516EW",COMMERCIAL PRODUCT 1X6-16,"PARKSITE®, AGB15516EW, Commercial Product","PARKSITE® Commercial Product, 1x6-16","PARKSITE®, Commercial Product",,,,,,,,,,,,,,,,,,,,,,,,,,,"PARKSITE®, Commercial Product",Series,,,Model,,,Item Type,,,Voltage Rating,,,Amperage Rating,,,Dimensions,1x6-16,,Mounting Type,,,Material,,,Color,,,Sound Level,,,Additional Information,,,,,,,,,,,,,,,,,,,,,,,,,,,,,,,,,,,,,,,,,,,,,,,,,,,,,,,,,,,,,,,,,,,,,,,,,,,,,,,,,,,,,,,,,,,,,,,,,,,,,,,,,,,,,,,,,,,,,,,,,,,,,,1,EA,,,,,,,,,,,,,,,,,,,,,,,,,,,,,,,,,,,,,US,No,No
https://www.parksite.com/product/AGB15520EW,,,,,,AGB15520EW,,,,AGB15520EW,AGB15520EW,1x6-20' English Walnut Grooved - Vintage Azek PVC Decking,-- Unbranded --,-- No Unilog Brand --,-- No DIB Brand --,Parksite (6151),Parksite Inc.,PARKSITE®,,AGB15520EW,,,"PARKSITE®, Commercial Product, AGB15520EW",COMMERCIAL PRODUCT 1X6-20,"PARKSITE®, AGB15520EW, Commercial Product","PARKSITE® Commercial Product, 1x6-20","PARKSITE®, Commercial Product",,,,,,,,,,,,,,,,,,,,,,,,,,,"PARKSITE®, Commercial Product",Series,,,Model,,,Item Type,,,Voltage Rating,,,Amperage Rating,,,Dimensions,1x6-20,,Mounting Type,,,Material,,,Color,,,Sound Level,,,Additional Information,,,,,,,,,,,,,,,,,,,,,,,,,,,,,,,,,,,,,,,,,,,,,,,,,,,,,,,,,,,,,,,,,,,,,,,,,,,,,,,,,,,,,,,,,,,,,,,,,,,,,,,,,,,,,,,,,,,,,,,,,,,,,,1,EA,,,,,,,,,,,,,,,,,,,,,,,,,,,,,,,,,,,,,US,No,No
https://www.parksite.com/product/AGB15512MH,,,,,,AGB15512MH,,,,AGB15512MH,AGB15512MH,1x6-12' Mahogany Grooved - Vintage Azek PVC Decking,-- Unbranded --,-- No Unilog Brand --,-- No DIB Brand --,Parksite (6151),Parksite Inc.,PARKSITE®,,AGB15512MH,,,"PARKSITE®, Commercial Product, AGB15512MH",COMMERCIAL PRODUCT 1X6-12,"PARKSITE®, AGB15512MH, Commercial Product","PARKSITE® Commercial Product, 1x6-12","PARKSITE®, Commercial Product",,,,,,,,,,,,,,,,,,,,,,,,,,,"PARKSITE®, Commercial Product",Series,,,Model,,,Item Type,,,Voltage Rating,,,Amperage Rating,,,Dimensions,1x6-12,,Mounting Type,,,Material,,,Color,,,Sound Level,,,Additional Information,,,,,,,,,,,,,,,,,,,,,,,,,,,,,,,,,,,,,,,,,,,,,,,,,,,,,,,,,,,,,,,,,,,,,,,,,,,,,,,,,,,,,,,,,,,,,,,,,,,,,,,,,,,,,,,,,,,,,,,,,,,,,,1,EA,,,,,,,,,,,,,,,,,,,,,,,,,,,,,,,,,,,,,US,No,No
https://www.parksite.com/product/AGB15516MH,,,,,,AGB15516MH,,,,AGB15516MH,AGB15516MH,1x6-16' Mahogany Grooved - Vintage Azek PVC Decking,-- Unbranded --,-- No Unilog Brand --,-- No DIB Brand --,Parksite (6151),Parksite Inc.,PARKSITE®,,AGB15516MH,,,"PARKSITE®, Commercial Product, AGB15516MH",COMMERCIAL PRODUCT 1X6-16,"PARKSITE®, AGB15516MH, Commercial Product","PARKSITE® Commercial Product, 1x6-16","PARKSITE®, Commercial Product",,,,,,,,,,,,,,,,,,,,,,,,,,,"PARKSITE®, Commercial Product",Series,,,Model,,,Item Type,,,Voltage Rating,,,Amperage Rating,,,Dimensions,1x6-16,,Mounting Type,,,Material,,,Color,,,Sound Level,,,Additional Information,,,,,,,,,,,,,,,,,,,,,,,,,,,,,,,,,,,,,,,,,,,,,,,,,,,,,,,,,,,,,,,,,,,,,,,,,,,,,,,,,,,,,,,,,,,,,,,,,,,,,,,,,,,,,,,,,,,,,,,,,,,,,,1,EA,,,,,,,,,,,,,,,,,,,,,,,,,,,,,,,,,,,,,US,No,No
https://www.parksite.com/product/AGB15520MH,,,,,,AGB15520MH,,,,AGB15520MH,AGB15520MH,1x6-20' Mahogany Grooved - Vintage Azek PVC Decking,-- Unbranded --,-- No Unilog Brand --,-- No DIB Brand --,Parksite (6151),Parksite Inc.,PARKSITE®,,AGB15520MH,,,"PARKSITE®, Commercial Product, AGB15520MH",COMMERCIAL PRODUCT 1X6-20,"PARKSITE®, AGB15520MH, Commercial Product","PARKSITE® Commercial Product, 1x6-20","PARKSITE®, Commercial Product",,,,,,,,,,,,,,,,,,,,,,,,,,,"PARKSITE®, Commercial Product",Series,,,Model,,,Item Type,,,Voltage Rating,,,Amperage Rating,,,Dimensions,1x6-20,,Mounting Type,,,Material,,,Color,,,Sound Level,,,Additional Information,,,,,,,,,,,,,,,,,,,,,,,,,,,,,,,,,,,,,,,,,,,,,,,,,,,,,,,,,,,,,,,,,,,,,,,,,,,,,,,,,,,,,,,,,,,,,,,,,,,,,,,,,,,,,,,,,,,,,,,,,,,,,,1,EA,,,,,,,,,,,,,,,,,,,,,,,,,,,,,,,,,,,,,US,No,No
https://www.parksite.com/product/AGB15512WT,,,,,,AGB15512WT,,,,AGB15512WT,AGB15512WT,1x6-12' Weathered Teak Grooved - Vintage Azek PVC Decking,-- Unbranded --,-- No Unilog Brand --,-- No DIB Brand --,Parksite (6151),Parksite Inc.,PARKSITE®,,AGB15512WT,,,"PARKSITE®, Commercial Product, AGB15512WT",COMMERCIAL PRODUCT 1X6-12,"PARKSITE®, AGB15512WT, Commercial Product","PARKSITE® Commercial Product, 1x6-12","PARKSITE®, Commercial Product",,,,,,,,,,,,,,,,,,,,,,,,,,,"PARKSITE®, Commercial Product",Series,,,Model,,,Item Type,,,Voltage Rating,,,Amperage Rating,,,Dimensions,1x6-12,,Mounting Type,,,Material,,,Color,,,Sound Level,,,Additional Information,,,,,,,,,,,,,,,,,,,,,,,,,,,,,,,,,,,,,,,,,,,,,,,,,,,,,,,,,,,,,,,,,,,,,,,,,,,,,,,,,,,,,,,,,,,,,,,,,,,,,,,,,,,,,,,,,,,,,,,,,,,,,,1,EA,,,,,,,,,,,,,,,,,,,,,,,,,,,,,,,,,,,,,US,No,No
https://www.parksite.com/product/AGB15516WT,,,,,,AGB15516WT,,,,AGB15516WT,AGB15516WT,1x6-16' Weathered Teak Grooved - Vintage Azek PVC Decking,-- Unbranded --,-- No Unilog Brand --,-- No DIB Brand --,Parksite (6151),Parksite Inc.,PARKSITE®,,AGB15516WT,,,"PARKSITE®, Commercial Product, AGB15516WT",COMMERCIAL PRODUCT 1X6-16,"PARKSITE®, AGB15516WT, Commercial Product","PARKSITE® Commercial Product, 1x6-16","PARKSITE®, Commercial Product",,,,,,,,,,,,,,,,,,,,,,,,,,,"PARKSITE®, Commercial Product",Series,,,Model,,,Item Type,,,Voltage Rating,,,Amperage Rating,,,Dimensions,1x6-16,,Mounting Type,,,Material,,,Color,,,Sound Level,,,Additional Information,,,,,,,,,,,,,,,,,,,,,,,,,,,,,,,,,,,,,,,,,,,,,,,,,,,,,,,,,,,,,,,,,,,,,,,,,,,,,,,,,,,,,,,,,,,,,,,,,,,,,,,,,,,,,,,,,,,,,,,,,,,,,,1,EA,,,,,,,,,,,,,,,,,,,,,,,,,,,,,,,,,,,,,US,No,No
https://www.parksite.com/product/AGB15520WT,,,,,,AGB15520WT,,,,AGB15520WT,AGB15520WT,1x6-20' Weathered Teak Grooved - Vintage Azek PVC Decking,-- Unbranded --,-- No Unilog Brand --,-- No DIB Brand --,Parksite (6151),Parksite Inc.,PARKSITE®,,AGB15520WT,,,"PARKSITE®, Commercial Product, AGB15520WT",COMMERCIAL PRODUCT 1X6-20,"PARKSITE®, AGB15520WT, Commercial Product","PARKSITE® Commercial Product, 1x6-20","PARKSITE®, Commercial Product",,,,,,,,,,,,,,,,,,,,,,,,,,,"PARKSITE®, Commercial Product",Series,,,Model,,,Item Type,,,Voltage Rating,,,Amperage Rating,,,Dimensions,1x6-20,,Mounting Type,,,Material,,,Color,,,Sound Level,,,Additional Information,,,,,,,,,,,,,,,,,,,,,,,,,,,,,,,,,,,,,,,,,,,,,,,,,,,,,,,,,,,,,,,,,,,,,,,,,,,,,,,,,,,,,,,,,,,,,,,,,,,,,,,,,,,,,,,,,,,,,,,,,,,,,,1,EA,,,,,,,,,,,,,,,,,,,,,,,,,,,,,,,,,,,,,US,No,No
https://www.parksite.com/product/ADB15516AW,,,,,,ADB15516AW,,,,ADB15516AW,ADB15516AW,1x6-16' American Walnut Sq Edg - Landmark Azek PVC Decking,-- Unbranded --,-- No Unilog Brand --,-- No DIB Brand --,Parksite (6151),Parksite Inc.,PARKSITE®,,ADB15516AW,,,"PARKSITE®, Commercial Product, ADB15516AW",COMMERCIAL PRODUCT 1X6-16,"PARKSITE®, ADB15516AW, Commercial Product","PARKSITE® Commercial Product, 1x6-16","PARKSITE®, Commercial Product",,,,,,,,,,,,,,,,,,,,,,,,,,,"PARKSITE®, Commercial Product",Series,,,Model,,,Item Type,,,Voltage Rating,,,Amperage Rating,,,Dimensions,1x6-16,,Mounting Type,,,Material,,,Color,,,Sound Level,,,Additional Information,,,,,,,,,,,,,,,,,,,,,,,,,,,,,,,,,,,,,,,,,,,,,,,,,,,,,,,,,,,,,,,,,,,,,,,,,,,,,,,,,,,,,,,,,,,,,,,,,,,,,,,,,,,,,,,,,,,,,,,,,,,,,,1,EA,,,,,,,,,,,,,,,,,,,,,,,,,,,,,,,,,,,,,US,No,No
https://www.parksite.com/product/ADB15520AW,,,,,,ADB15520AW,,,,ADB15520AW,ADB15520AW,1x6-20' American Walnut Sq Edg - Landmark Azek PVC Decking,-- Unbranded --,-- No Unilog Brand --,-- No DIB Brand --,Parksite (6151),Parksite Inc.,PARKSITE®,,ADB15520AW,,,"PARKSITE®, Commercial Product, ADB15520AW",COMMERCIAL PRODUCT 1X6-20,"PARKSITE®, ADB15520AW, Commercial Product","PARKSITE® Commercial Product, 1x6-20","PARKSITE®, Commercial Product",,,,,,,,,,,,,,,,,,,,,,,,,,,"PARKSITE®, Commercial Product",Series,,,Model,,,Item Type,,,Voltage Rating,,,Amperage Rating,,,Dimensions,1x6-20,,Mounting Type,,,Material,,,Color,,,Sound Level,,,Additional Information,,,,,,,,,,,,,,,,,,,,,,,,,,,,,,,,,,,,,,,,,,,,,,,,,,,,,,,,,,,,,,,,,,,,,,,,,,,,,,,,,,,,,,,,,,,,,,,,,,,,,,,,,,,,,,,,,,,,,,,,,,,,,,1,EA,,,,,,,,,,,,,,,,,,,,,,,,,,,,,,,,,,,,,US,No,No
https://www.edgeeyewear.com/product/ADB15516CG,,,,,,ADB15516CG,,,,ADB15516CG,ADB15516CG,1x6-16' Castle Gate Sq Edge - Landmark Azek PVC Decking,-- Unbranded --,-- No Unilog Brand --,-- No DIB Brand --,Parksite (6151),Edge Eyewear,EDGE SAFETY®,,ADB15516CG,,,"EDGE SAFETY®, Commercial Product, ADB15516CG",COMMERCIAL PRODUCT 1X6-16,"EDGE SAFETY®, ADB15516CG, Commercial Product","EDGE SAFETY® Commercial Product, 1x6-16","EDGE SAFETY®, Commercial Product",,,,,,,,,,,,,,,,,,,,,,,,,,,"EDGE SAFETY®, Commercial Product",Series,,,Model,,,Item Type,,,Voltage Rating,,,Amperage Rating,,,Dimensions,1x6-16,,Mounting Type,,,Material,,,Color,,,Sound Level,,,Additional Information,,,,,,,,,,,,,,,,,,,,,,,,,,,,,,,,,,,,,,,,,,,,,,,,,,,,,,,,,,,,,,,,,,,,,,,,,,,,,,,,,,,,,,,,,,,,,,,,,,,,,,,,,,,,,,,,,,,,,,,,,,,,,,1,EA,,,,,,,,,,,,,,,,,,,,,,,,,,,,,,,,,,,,,US,No,No
https://www.edgeeyewear.com/product/ADB15520CG,,,,,,ADB15520CG,,,,ADB15520CG,ADB15520CG,1x6-20' Castle Gate Sq Edge - Landmark Azek PVC Decking,-- Unbranded --,-- No Unilog Brand --,-- No DIB Brand --,Parksite (6151),Edge Eyewear,EDGE SAFETY®,,ADB15520CG,,,"EDGE SAFETY®, Commercial Product, ADB15520CG",COMMERCIAL PRODUCT 1X6-20,"EDGE SAFETY®, ADB15520CG, Commercial Product","EDGE SAFETY® Commercial Product, 1x6-20","EDGE SAFETY®, Commercial Product",,,,,,,,,,,,,,,,,,,,,,,,,,,"EDGE SAFETY®, Commercial Product",Series,,,Model,,,Item Type,,,Voltage Rating,,,Amperage Rating,,,Dimensions,1x6-20,,Mounting Type,,,Material,,,Color,,,Sound Level,,,Additional Information,,,,,,,,,,,,,,,,,,,,,,,,,,,,,,,,,,,,,,,,,,,,,,,,,,,,,,,,,,,,,,,,,,,,,,,,,,,,,,,,,,,,,,,,,,,,,,,,,,,,,,,,,,,,,,,,,,,,,,,,,,,,,,1,EA,,,,,,,,,,,,,,,,,,,,,,,,,,,,,,,,,,,,,US,No,No
https://www.parksite.com/product/ADB15516FW,,,,,,ADB15516FW,,,,ADB15516FW,ADB15516FW,1x6-16' French White Oak Sq Ed - Landmark Azek PVC Decking,-- Unbranded --,-- No Unilog Brand --,-- No DIB Brand --,Parksite (6151),Parksite Inc.,PARKSITE®,,ADB15516FW,,,"PARKSITE®, Commercial Product, ADB15516FW",COMMERCIAL PRODUCT 1X6-16,"PARKSITE®, ADB15516FW, Commercial Product","PARKSITE® Commercial Product, 1x6-16","PARKSITE®, Commercial Product",,,,,,,,,,,,,,,,,,,,,,,,,,,"PARKSITE®, Commercial Product",Series,,,Model,,,Item Type,,,Voltage Rating,,,Amperage Rating,,,Dimensions,1x6-16,,Mounting Type,,,Material,,,Color,,,Sound Level,,,Additional Information,,,,,,,,,,,,,,,,,,,,,,,,,,,,,,,,,,,,,,,,,,,,,,,,,,,,,,,,,,,,,,,,,,,,,,,,,,,,,,,,,,,,,,,,,,,,,,,,,,,,,,,,,,,,,,,,,,,,,,,,,,,,,,1,EA,,,,,,,,,,,,,,,,,,,,,,,,,,,,,,,,,,,,,US,No,No
https://www.parksite.com/product/ADB15520FW,,,,,,ADB15520FW,,,,ADB15520FW,ADB15520FW,1x6-20' French White Oak Sq Ed - Landmark Azek PVC Decking,-- Unbranded --,-- No Unilog Brand --,-- No DIB Brand --,Parksite (6151),Parksite Inc.,PARKSITE®,,ADB15520FW,,,"PARKSITE®, Commercial Product, ADB15520FW",COMMERCIAL PRODUCT 1X6-20,"PARKSITE®, ADB15520FW, Commercial Product","PARKSITE® Commercial Product, 1x6-20","PARKSITE®, Commercial Product",,,,,,,,,,,,,,,,,,,,,,,,,,,"PARKSITE®, Commercial Product",Series,,,Model,,,Item Type,,,Voltage Rating,,,Amperage Rating,,,Dimensions,1x6-20,,Mounting Type,,,Material,,,Color,,,Sound Level,,,Additional Information,,,,,,,,,,,,,,,,,,,,,,,,,,,,,,,,,,,,,,,,,,,,,,,,,,,,,,,,,,,,,,,,,,,,,,,,,,,,,,,,,,,,,,,,,,,,,,,,,,,,,,,,,,,,,,,,,,,,,,,,,,,,,,1,EA,,,,,,,,,,,,,,,,,,,,,,,,,,,,,,,,,,,,,US,No,No
https://www.parksite.com/product/AGB15512AW,,,,,,AGB15512AW,,,,AGB15512AW,AGB15512AW,1x6-12' American Walnut Groove - Landmark Azek PVC Decking,-- Unbranded --,-- No Unilog Brand --,-- No DIB Brand --,Parksite (6151),Parksite Inc.,PARKSITE®,,AGB15512AW,,,"PARKSITE®, Commercial Product, AGB15512AW",COMMERCIAL PRODUCT 1X6-12,"PARKSITE®, AGB15512AW, Commercial Product","PARKSITE® Commercial Product, 1x6-12","PARKSITE®, Commercial Product",,,,,,,,,,,,,,,,,,,,,,,,,,,"PARKSITE®, Commercial Product",Series,,,Model,,,Item Type,,,Voltage Rating,,,Amperage Rating,,,Dimensions,1x6-12,,Mounting Type,,,Material,,,Color,,,Sound Level,,,Additional Information,,,,,,,,,,,,,,,,,,,,,,,,,,,,,,,,,,,,,,,,,,,,,,,,,,,,,,,,,,,,,,,,,,,,,,,,,,,,,,,,,,,,,,,,,,,,,,,,,,,,,,,,,,,,,,,,,,,,,,,,,,,,,,1,EA,,,,,,,,,,,,,,,,,,,,,,,,,,,,,,,,,,,,,US,No,No
https://www.parksite.com/product/AGB15516AW,,,,,,AGB15516AW,,,,AGB15516AW,AGB15516AW,1x6-16' American Walnut Groove - Landmark Azek PVC Decking,-- Unbranded --,-- No Unilog Brand --,-- No DIB Brand --,Parksite (6151),Parksite Inc.,PARKSITE®,,AGB15516AW,,,"PARKSITE®, Commercial Product, AGB15516AW",COMMERCIAL PRODUCT 1X6-16,"PARKSITE®, AGB15516AW, Commercial Product","PARKSITE® Commercial Product, 1x6-16","PARKSITE®, Commercial Product",,,,,,,,,,,,,,,,,,,,,,,,,,,"PARKSITE®, Commercial Product",Series,,,Model,,,Item Type,,,Voltage Rating,,,Amperage Rating,,,Dimensions,1x6-16,,Mounting Type,,,Material,,,Color,,,Sound Level,,,Additional Information,,,,,,,,,,,,,,,,,,,,,,,,,,,,,,,,,,,,,,,,,,,,,,,,,,,,,,,,,,,,,,,,,,,,,,,,,,,,,,,,,,,,,,,,,,,,,,,,,,,,,,,,,,,,,,,,,,,,,,,,,,,,,,1,EA,,,,,,,,,,,,,,,,,,,,,,,,,,,,,,,,,,,,,US,No,No
https://www.parksite.com/product/AGB15520AW,,,,,,AGB15520AW,,,,AGB15520AW,AGB15520AW,1x6-20' American Walnut Groove - Landmark Azek PVC Decking,-- Unbranded --,-- No Unilog Brand --,-- No DIB Brand --,Parksite (6151),Parksite Inc.,PARKSITE®,,AGB15520AW,,,"PARKSITE®, Commercial Product, AGB15520AW",COMMERCIAL PRODUCT 1X6-20,"PARKSITE®, AGB15520AW, Commercial Product","PARKSITE® Commercial Product, 1x6-20","PARKSITE®, Commercial Product",,,,,,,,,,,,,,,,,,,,,,,,,,,"PARKSITE®, Commercial Product",Series,,,Model,,,Item Type,,,Voltage Rating,,,Amperage Rating,,,Dimensions,1x6-20,,Mounting Type,,,Material,,,Color,,,Sound Level,,,Additional Information,,,,,,,,,,,,,,,,,,,,,,,,,,,,,,,,,,,,,,,,,,,,,,,,,,,,,,,,,,,,,,,,,,,,,,,,,,,,,,,,,,,,,,,,,,,,,,,,,,,,,,,,,,,,,,,,,,,,,,,,,,,,,,1,EA,,,,,,,,,,,,,,,,,,,,,,,,,,,,,,,,,,,,,US,No,No
https://www.parksite.com/product/AGB15512CG,,,,,,AGB15512CG,,,,AGB15512CG,AGB15512CG,1x6-12' Castle Gate Grooved - Landmark Azek PVC Decking,-- Unbranded --,-- No Unilog Brand --,-- No DIB Brand --,Parksite (6151),Parksite Inc.,PARKSITE®,,AGB15512CG,,,"PARKSITE®, Commercial Product, AGB15512CG",COMMERCIAL PRODUCT 1X6-12,"PARKSITE®, AGB15512CG, Commercial Product","PARKSITE® Commercial Product, 1x6-12","PARKSITE®, Commercial Product",,,,,,,,,,,,,,,,,,,,,,,,,,,"PARKSITE®, Commercial Product",Series,,,Model,,,Item Type,,,Voltage Rating,,,Amperage Rating,,,Dimensions,1x6-12,,Mounting Type,,,Material,,,Color,,,Sound Level,,,Additional Information,,,,,,,,,,,,,,,,,,,,,,,,,,,,,,,,,,,,,,,,,,,,,,,,,,,,,,,,,,,,,,,,,,,,,,,,,,,,,,,,,,,,,,,,,,,,,,,,,,,,,,,,,,,,,,,,,,,,,,,,,,,,,,1,EA,,,,,,,,,,,,,,,,,,,,,,,,,,,,,,,,,,,,,US,No,No
https://www.parksite.com/product/AGB15516CG,,,,,,AGB15516CG,,,,AGB15516CG,AGB15516CG,1x6-16' Castle Gate Grooved - Landmark Azek PVC Decking,-- Unbranded --,-- No Unilog Brand --,-- No DIB Brand --,Parksite (6151),Parksite Inc.,PARKSITE®,,AGB15516CG,,,"PARKSITE®, Commercial Product, AGB15516CG",COMMERCIAL PRODUCT 1X6-16,"PARKSITE®, AGB15516CG, Commercial Product","PARKSITE® Commercial Product, 1x6-16","PARKSITE®, Commercial Product",,,,,,,,,,,,,,,,,,,,,,,,,,,"PARKSITE®, Commercial Product",Series,,,Model,,,Item Type,,,Voltage Rating,,,Amperage Rating,,,Dimensions,1x6-16,,Mounting Type,,,Material,,,Color,,,Sound Level,,,Additional Information,,,,,,,,,,,,,,,,,,,,,,,,,,,,,,,,,,,,,,,,,,,,,,,,,,,,,,,,,,,,,,,,,,,,,,,,,,,,,,,,,,,,,,,,,,,,,,,,,,,,,,,,,,,,,,,,,,,,,,,,,,,,,,1,EA,,,,,,,,,,,,,,,,,,,,,,,,,,,,,,,,,,,,,US,No,No
https://www.parksite.com/product/AGB15520CG,,,,,,AGB15520CG,,,,AGB15520CG,AGB15520CG,1x6-20' Castle Gate Grooved - Landmark Azek PVC Decking,-- Unbranded --,-- No Unilog Brand --,-- No DIB Brand --,Parksite (6151),Parksite Inc.,PARKSITE®,,AGB15520CG,,,"PARKSITE®, Commercial Product, AGB15520CG",COMMERCIAL PRODUCT 1X6-20,"PARKSITE®, AGB15520CG, Commercial Product","PARKSITE® Commercial Product, 1x6-20","PARKSITE®, Commercial Product",,,,,,,,,,,,,,,,,,,,,,,,,,,"PARKSITE®, Commercial Product",Series,,,Model,,,Item Type,,,Voltage Rating,,,Amperage Rating,,,Dimensions,1x6-20,,Mounting Type,,,Material,,,Color,,,Sound Level,,,Additional Information,,,,,,,,,,,,,,,,,,,,,,,,,,,,,,,,,,,,,,,,,,,,,,,,,,,,,,,,,,,,,,,,,,,,,,,,,,,,,,,,,,,,,,,,,,,,,,,,,,,,,,,,,,,,,,,,,,,,,,,,,,,,,,1,EA,,,,,,,,,,,,,,,,,,,,,,,,,,,,,,,,,,,,,US,No,No
https://www.parksite.com/product/AGB15512FW,,,,,,AGB15512FW,,,,AGB15512FW,AGB15512FW,1x6-12' French White Oak Groov - Landmark Azek PVC Decking,-- Unbranded --,-- No Unilog Brand --,-- No DIB Brand --,Parksite (6151),Parksite Inc.,PARKSITE®,,AGB15512FW,,,"PARKSITE®, Commercial Product, AGB15512FW",COMMERCIAL PRODUCT 1X6-12,"PARKSITE®, AGB15512FW, Commercial Product","PARKSITE® Commercial Product, 1x6-12","PARKSITE®, Commercial Product",,,,,,,,,,,,,,,,,,,,,,,,,,,"PARKSITE®, Commercial Product",Series,,,Model,,,Item Type,,,Voltage Rating,,,Amperage Rating,,,Dimensions,1x6-12,,Mounting Type,,,Material,,,Color,,,Sound Level,,,Additional Information,,,,,,,,,,,,,,,,,,,,,,,,,,,,,,,,,,,,,,,,,,,,,,,,,,,,,,,,,,,,,,,,,,,,,,,,,,,,,,,,,,,,,,,,,,,,,,,,,,,,,,,,,,,,,,,,,,,,,,,,,,,,,,1,EA,,,,,,,,,,,,,,,,,,,,,,,,,,,,,,,,,,,,,US,No,No
https://www.parksite.com/product/AGB15516FW,,,,,,AGB15516FW,,,,AGB15516FW,AGB15516FW,1x6-16' French White Oak Groov - Landmark Azek PVC Decking,-- Unbranded --,-- No Unilog Brand --,-- No DIB Brand --,Parksite (6151),Parksite Inc.,PARKSITE®,,AGB15516FW,,,"PARKSITE®, Commercial Product, AGB15516FW",COMMERCIAL PRODUCT 1X6-16,"PARKSITE®, AGB15516FW, Commercial Product","PARKSITE® Commercial Product, 1x6-16","PARKSITE®, Commercial Product",,,,,,,,,,,,,,,,,,,,,,,,,,,"PARKSITE®, Commercial Product",Series,,,Model,,,Item Type,,,Voltage Rating,,,Amperage Rating,,,Dimensions,1x6-16,,Mounting Type,,,Material,,,Color,,,Sound Level,,,Additional Information,,,,,,,,,,,,,,,,,,,,,,,,,,,,,,,,,,,,,,,,,,,,,,,,,,,,,,,,,,,,,,,,,,,,,,,,,,,,,,,,,,,,,,,,,,,,,,,,,,,,,,,,,,,,,,,,,,,,,,,,,,,,,,1,EA,,,,,,,,,,,,,,,,,,,,,,,,,,,,,,,,,,,,,US,No,No
https://www.parksite.com/product/AGB15520FW,,,,,,AGB15520FW,,,,AGB15520FW,AGB15520FW,1x6-20' French White Oak Groov - Landmark Azek PVC Decking,-- Unbranded --,-- No Unilog Brand --,-- No DIB Brand --,Parksite (6151),Parksite Inc.,PARKSITE®,,AGB15520FW,,,"PARKSITE®, Commercial Product, AGB15520FW",COMMERCIAL PRODUCT 1X6-20,"PARKSITE®, AGB15520FW, Commercial Product","PARKSITE® Commercial Product, 1x6-20","PARKSITE®, Commercial Product",,,,,,,,,,,,,,,,,,,,,,,,,,,"PARKSITE®, Commercial Product",Series,,,Model,,,Item Type,,,Voltage Rating,,,Amperage Rating,,,Dimensions,1x6-20,,Mounting Type,,,Material,,,Color,,,Sound Level,,,Additional Information,,,,,,,,,,,,,,,,,,,,,,,,,,,,,,,,,,,,,,,,,,,,,,,,,,,,,,,,,,,,,,,,,,,,,,,,,,,,,,,,,,,,,,,,,,,,,,,,,,,,,,,,,,,,,,,,,,,,,,,,,,,,,,1,EA,,,,,,,,,,,,,,,,,,,,,,,,,,,,,,,,,,,,,US,No,No
https://www.edgeeyewear.com/product/ADCB15516BS,,,,,,ADCB15516BS,,,,ADCB15516BS,ADCB15516BS,1x6-16' Brownstone Sq Edge - Harvest Azek PVC Decking,-- Unbranded --,-- No Unilog Brand --,-- No DIB Brand --,Parksite (6151),Edge Eyewear,EDGE SAFETY®,,ADCB15516BS,,,"EDGE SAFETY®, Commercial Product, ADCB15516BS",COMMERCIAL PRODUCT 1X6-16,"EDGE SAFETY®, ADCB15516BS, Commercial Product","EDGE SAFETY® Commercial Product, 1x6-16","EDGE SAFETY®, Commercial Product",,,,,,,,,,,,,,,,,,,,,,,,,,,"EDGE SAFETY®, Commercial Product",Series,,,Model,,,Item Type,,,Voltage Rating,,,Amperage Rating,,,Dimensions,1x6-16,,Mounting Type,,,Material,,,Color,,,Sound Level,,,Additional Information,,,,,,,,,,,,,,,,,,,,,,,,,,,,,,,,,,,,,,,,,,,,,,,,,,,,,,,,,,,,,,,,,,,,,,,,,,,,,,,,,,,,,,,,,,,,,,,,,,,,,,,,,,,,,,,,,,,,,,,,,,,,,,1,EA,,,,,,,,,,,,,,,,,,,,,,,,,,,,,,,,,,,,,US,No,No
https://www.edgeeyewear.com/product/ADCB15520BS,,,,,,ADCB15520BS,,,,ADCB15520BS,ADCB15520BS,1x6-20' Brownstone Sq Edge - Harvest Azek PVC Decking,-- Unbranded --,-- No Unilog Brand --,-- No DIB Brand --,Parksite (6151),Edge Eyewear,EDGE SAFETY®,,ADCB15520BS,,,"EDGE SAFETY®, Commercial Product, ADCB15520BS",COMMERCIAL PRODUCT 1X6-20,"EDGE SAFETY®, ADCB15520BS, Commercial Product","EDGE SAFETY® Commercial Product, 1x6-20","EDGE SAFETY®, Commercial Product",,,,,,,,,,,,,,,,,,,,,,,,,,,"EDGE SAFETY®, Commercial Product",Series,,,Model,,,Item Type,,,Voltage Rating,,,Amperage Rating,,,Dimensions,1x6-20,,Mounting Type,,,Material,,,Color,,,Sound Level,,,Additional Information,,,,,,,,,,,,,,,,,,,,,,,,,,,,,,,,,,,,,,,,,,,,,,,,,,,,,,,,,,,,,,,,,,,,,,,,,,,,,,,,,,,,,,,,,,,,,,,,,,,,,,,,,,,,,,,,,,,,,,,,,,,,,,1,EA,,,,,,,,,,,,,,,,,,,,,,,,,,,,,,,,,,,,,US,No,No
https://www.edgeeyewear.com/product/ADCB15516SG,,,,,,ADCB15516SG,,,,ADCB15516SG,ADCB15516SG,1x6-16' Slate Gray Sq Edge - Harvest Azek PVC Decking,-- Unbranded --,-- No Unilog Brand --,-- No DIB Brand --,Parksite (6151),Edge Eyewear,EDGE SAFETY®,,ADCB15516SG,,,"EDGE SAFETY®, Commercial Product, ADCB15516SG",COMMERCIAL PRODUCT 1X6-16,"EDGE SAFETY®, ADCB15516SG, Commercial Product","EDGE SAFETY® Commercial Product, 1x6-16","EDGE SAFETY®, Commercial Product",,,,,,,,,,,,,,,,,,,,,,,,,,,"EDGE SAFETY®, Commercial Product",Series,,,Model,,,Item Type,,,Voltage Rating,,,Amperage Rating,,,Dimensions,1x6-16,,Mounting Type,,,Material,,,Color,,,Sound Level,,,Additional Information,,,,,,,,,,,,,,,,,,,,,,,,,,,,,,,,,,,,,,,,,,,,,,,,,,,,,,,,,,,,,,,,,,,,,,,,,,,,,,,,,,,,,,,,,,,,,,,,,,,,,,,,,,,,,,,,,,,,,,,,,,,,,,1,EA,,,,,,,,,,,,,,,,,,,,,,,,,,,,,,,,,,,,,US,No,No
https://www.edgeeyewear.com/product/ADCB15520SG,,,,,,ADCB15520SG,,,,ADCB15520SG,ADCB15520SG,1x6-20' Slate Gray Sq Edge - Harvest Azek PVC Decking,-- Unbranded --,-- No Unilog Brand --,-- No DIB Brand --,Parksite (6151),Edge Eyewear,EDGE SAFETY®,,ADCB15520SG,,,"EDGE SAFETY®, Commercial Product, ADCB15520SG",COMMERCIAL PRODUCT 1X6-20,"EDGE SAFETY®, ADCB15520SG, Commercial Product","EDGE SAFETY® Commercial Product, 1x6-20","EDGE SAFETY®, Commercial Product",,,,,,,,,,,,,,,,,,,,,,,,,,,"EDGE SAFETY®, Commercial Product",Series,,,Model,,,Item Type,,,Voltage Rating,,,Amperage Rating,,,Dimensions,1x6-20,,Mounting Type,,,Material,,,Color,,,Sound Level,,,Additional Information,,,,,,,,,,,,,,,,,,,,,,,,,,,,,,,,,,,,,,,,,,,,,,,,,,,,,,,,,,,,,,,,,,,,,,,,,,,,,,,,,,,,,,,,,,,,,,,,,,,,,,,,,,,,,,,,,,,,,,,,,,,,,,1,EA,,,,,,,,,,,,,,,,,,,,,,,,,,,,,,,,,,,,,US,No,No
https://www.parksite.com/product/AGB15512BS,,,,,,AGB15512BS,,,,AGB15512BS,AGB15512BS,1x6-12' Brownstone Grooved - Harvest Azek PVC Decking,-- Unbranded --,-- No Unilog Brand --,-- No DIB Brand --,Parksite (6151),Parksite Inc.,PARKSITE®,,AGB15512BS,,,"PARKSITE®, Commercial Product, AGB15512BS",COMMERCIAL PRODUCT 1X6-12,"PARKSITE®, AGB15512BS, Commercial Product","PARKSITE® Commercial Product, 1x6-12","PARKSITE®, Commercial Product",,,,,,,,,,,,,,,,,,,,,,,,,,,"PARKSITE®, Commercial Product",Series,,,Model,,,Item Type,,,Voltage Rating,,,Amperage Rating,,,Dimensions,1x6-12,,Mounting Type,,,Material,,,Color,,,Sound Level,,,Additional Information,,,,,,,,,,,,,,,,,,,,,,,,,,,,,,,,,,,,,,,,,,,,,,,,,,,,,,,,,,,,,,,,,,,,,,,,,,,,,,,,,,,,,,,,,,,,,,,,,,,,,,,,,,,,,,,,,,,,,,,,,,,,,,1,EA,,,,,,,,,,,,,,,,,,,,,,,,,,,,,,,,,,,,,US,No,No
https://www.parksite.com/product/AGB15516BS,,,,,,AGB15516BS,,,,AGB15516BS,AGB15516BS,1x6-16' Brownstone Grooved - Harvest Azek PVC Decking,-- Unbranded --,-- No Unilog Brand --,-- No DIB Brand --,Parksite (6151),Parksite Inc.,PARKSITE®,,AGB15516BS,,,"PARKSITE®, Commercial Product, AGB15516BS",COMMERCIAL PRODUCT 1X6-16,"PARKSITE®, AGB15516BS, Commercial Product","PARKSITE® Commercial Product, 1x6-16","PARKSITE®, Commercial Product",,,,,,,,,,,,,,,,,,,,,,,,,,,"PARKSITE®, Commercial Product",Series,,,Model,,,Item Type,,,Voltage Rating,,,Amperage Rating,,,Dimensions,1x6-16,,Mounting Type,,,Material,,,Color,,,Sound Level,,,Additional Information,,,,,,,,,,,,,,,,,,,,,,,,,,,,,,,,,,,,,,,,,,,,,,,,,,,,,,,,,,,,,,,,,,,,,,,,,,,,,,,,,,,,,,,,,,,,,,,,,,,,,,,,,,,,,,,,,,,,,,,,,,,,,,1,EA,,,,,,,,,,,,,,,,,,,,,,,,,,,,,,,,,,,,,US,No,No
https://www.parksite.com/product/AGB15520BS,,,,,,AGB15520BS,,,,AGB15520BS,AGB15520BS,1x6-20' Brownstone Grooved - Harvest Azek PVC Decking,-- Unbranded --,-- No Unilog Brand --,-- No DIB Brand --,Parksite (6151),Parksite Inc.,PARKSITE®,,AGB15520BS,,,"PARKSITE®, Commercial Product, AGB15520BS",COMMERCIAL PRODUCT 1X6-20,"PARKSITE®, AGB15520BS, Commercial Product","PARKSITE® Commercial Product, 1x6-20","PARKSITE®, Commercial Product",,,,,,,,,,,,,,,,,,,,,,,,,,,"PARKSITE®, Commercial Product",Series,,,Model,,,Item Type,,,Voltage Rating,,,Amperage Rating,,,Dimensions,1x6-20,,Mounting Type,,,Material,,,Color,,,Sound Level,,,Additional Information,,,,,,,,,,,,,,,,,,,,,,,,,,,,,,,,,,,,,,,,,,,,,,,,,,,,,,,,,,,,,,,,,,,,,,,,,,,,,,,,,,,,,,,,,,,,,,,,,,,,,,,,,,,,,,,,,,,,,,,,,,,,,,1,EA,,,,,,,,,,,,,,,,,,,,,,,,,,,,,,,,,,,,,US,No,No
https://www.parksite.com/product/AGB15512SG,,,,,,AGB15512SG,,,,AGB15512SG,AGB15512SG,1x6-12' Slate Gray Grooved - Harvest Azek PVC Decking,-- Unbranded --,-- No Unilog Brand --,-- No DIB Brand --,Parksite (6151),Parksite Inc.,PARKSITE®,,AGB15512SG,,,"PARKSITE®, Commercial Product, AGB15512SG",COMMERCIAL PRODUCT 1X6-12,"PARKSITE®, AGB15512SG, Commercial Product","PARKSITE® Commercial Product, 1x6-12","PARKSITE®, Commercial Product",,,,,,,,,,,,,,,,,,,,,,,,,,,"PARKSITE®, Commercial Product",Series,,,Model,,,Item Type,,,Voltage Rating,,,Amperage Rating,,,Dimensions,1x6-12,,Mounting Type,,,Material,,,Color,,,Sound Level,,,Additional Information,,,,,,,,,,,,,,,,,,,,,,,,,,,,,,,,,,,,,,,,,,,,,,,,,,,,,,,,,,,,,,,,,,,,,,,,,,,,,,,,,,,,,,,,,,,,,,,,,,,,,,,,,,,,,,,,,,,,,,,,,,,,,,1,EA,,,,,,,,,,,,,,,,,,,,,,,,,,,,,,,,,,,,,US,No,No
https://www.parksite.com/product/AGB15516SG,,,,,,AGB15516SG,,,,AGB15516SG,AGB15516SG,1x6-16' Slate Gray Grooved - Harvest Azek PVC Decking,-- Unbranded --,-- No Unilog Brand --,-- No DIB Brand --,Parksite (6151),Parksite Inc.,PARKSITE®,,AGB15516SG,,,"PARKSITE®, Commercial Product, AGB15516SG",COMMERCIAL PRODUCT 1X6-16,"PARKSITE®, AGB15516SG, Commercial Product","PARKSITE® Commercial Product, 1x6-16","PARKSITE®, Commercial Product",,,,,,,,,,,,,,,,,,,,,,,,,,,"PARKSITE®, Commercial Product",Series,,,Model,,,Item Type,,,Voltage Rating,,,Amperage Rating,,,Dimensions,1x6-16,,Mounting Type,,,Material,,,Color,,,Sound Level,,,Additional Information,,,,,,,,,,,,,,,,,,,,,,,,,,,,,,,,,,,,,,,,,,,,,,,,,,,,,,,,,,,,,,,,,,,,,,,,,,,,,,,,,,,,,,,,,,,,,,,,,,,,,,,,,,,,,,,,,,,,,,,,,,,,,,1,EA,,,,,,,,,,,,,,,,,,,,,,,,,,,,,,,,,,,,,US,No,No
https://www.parksite.com/product/AGB15520SG,,,,,,AGB15520SG,,,,AGB15520SG,AGB15520SG,1x6-20' Slate Gray Grooved - Harvest Azek PVC Decking,-- Unbranded --,-- No Unilog Brand --,-- No DIB Brand --,Parksite (6151),Parksite Inc.,PARKSITE®,,AGB15520SG,,,"PARKSITE®, Commercial Product, AGB15520SG",COMMERCIAL PRODUCT 1X6-20,"PARKSITE®, AGB15520SG, Commercial Product","PARKSITE® Commercial Product, 1x6-20","PARKSITE®, Commercial Product",,,,,,,,,,,,,,,,,,,,,,,,,,,"PARKSITE®, Commercial Product",Series,,,Model,,,Item Type,,,Voltage Rating,,,Amperage Rating,,,Dimensions,1x6-20,,Mounting Type,,,Material,,,Color,,,Sound Level,,,Additional Information,,,,,,,,,,,,,,,,,,,,,,,,,,,,,,,,,,,,,,,,,,,,,,,,,,,,,,,,,,,,,,,,,,,,,,,,,,,,,,,,,,,,,,,,,,,,,,,,,,,,,,,,,,,,,,,,,,,,,,,,,,,,,,1,EA,,,,,,,,,,,,,,,,,,,,,,,,,,,,,,,,,,,,,US,No,No
https://www.edgeeyewear.com/product/543140016,,,,,,543140016,,,,543140016,543140016,1nx6-16' Biscayne Sq Edge - Trex Transcend Lineage Decking,-- Unbranded --,-- No Unilog Brand --,-- No DIB Brand --,U S Lumber (3073),Edge Eyewear,EDGE SAFETY®,,543140016,,,"EDGE SAFETY®, Commercial Product, 543140016",COMMERCIAL PRODUCT,"EDGE SAFETY®, 543140016, Commercial Product",EDGE SAFETY® Commercial Product,"EDGE SAFETY®, Commercial Product",,,,,,,,,,,,,,,,,,,,,,,,,,,"EDGE SAFETY®, Commercial Product",Series,,,Model,,,Item Type,,,Voltage Rating,,,Amperage Rating,,,Dimensions,,,Mounting Type,,,Material,,,Color,,,Sound Level,,,Additional Information,,,,,,,,,,,,,,,,,,,,,,,,,,,,,,,,,,,,,,,,,,,,,,,,,,,,,,,,,,,,,,,,,,,,,,,,,,,,,,,,,,,,,,,,,,,,,,,,,,,,,,,,,,,,,,,,,,,,,,,,,,,,,,1,EA,,,,,,,,,,,,,,,,,,,,,,,,,,,,,,,,,,,,,US,No,No
https://www.edgeeyewear.com/product/543140020,,,,,,543140020,,,,543140020,543140020,1nx6-20' Biscayne Sq Edge - Trex Transcend Lineage Decking,-- Unbranded --,-- No Unilog Brand --,-- No DIB Brand --,U S Lumber (3073),Edge Eyewear,EDGE SAFETY®,,543140020,,,"EDGE SAFETY®, Commercial Product, 543140020",COMMERCIAL PRODUCT,"EDGE SAFETY®, 543140020, Commercial Product",EDGE SAFETY® Commercial Product,"EDGE SAFETY®, Commercial Product",,,,,,,,,,,,,,,,,,,,,,,,,,,"EDGE SAFETY®, Commercial Product",Series,,,Model,,,Item Type,,,Voltage Rating,,,Amperage Rating,,,Dimensions,,,Mounting Type,,,Material,,,Color,,,Sound Level,,,Additional Information,,,,,,,,,,,,,,,,,,,,,,,,,,,,,,,,,,,,,,,,,,,,,,,,,,,,,,,,,,,,,,,,,,,,,,,,,,,,,,,,,,,,,,,,,,,,,,,,,,,,,,,,,,,,,,,,,,,,,,,,,,,,,,1,EA,,,,,,,,,,,,,,,,,,,,,,,,,,,,,,,,,,,,,US,No,No
https://www.edgeeyewear.com/product/543142016,,,,,,543142016,,,,543142016,543142016,1nx6-16' Carmel Sq Edge - Trex Transcend Lineage Decking,-- Unbranded --,-- No Unilog Brand --,-- No DIB Brand --,U S Lumber (3073),Edge Eyewear,EDGE SAFETY®,,543142016,,,"EDGE SAFETY®, Commercial Product, 543142016",COMMERCIAL PRODUCT,"EDGE SAFETY®, 543142016, Commercial Product",EDGE SAFETY® Commercial Product,"EDGE SAFETY®, Commercial Product",,,,,,,,,,,,,,,,,,,,,,,,,,,"EDGE SAFETY®, Commercial Product",Series,,,Model,,,Item Type,,,Voltage Rating,,,Amperage Rating,,,Dimensions,,,Mounting Type,,,Material,,,Color,,,Sound Level,,,Additional Information,,,,,,,,,,,,,,,,,,,,,,,,,,,,,,,,,,,,,,,,,,,,,,,,,,,,,,,,,,,,,,,,,,,,,,,,,,,,,,,,,,,,,,,,,,,,,,,,,,,,,,,,,,,,,,,,,,,,,,,,,,,,,,1,EA,,,,,,,,,,,,,,,,,,,,,,,,,,,,,,,,,,,,,US,No,No
https://www.edgeeyewear.com/product/543142020,,,,,,543142020,,,,543142020,543142020,1nx6-20' Carmel Sq Edge - Trex Transcend Lineage Decking,-- Unbranded --,-- No Unilog Brand --,-- No DIB Brand --,U S Lumber (3073),Edge Eyewear,EDGE SAFETY®,,543142020,,,"EDGE SAFETY®, Commercial Product, 543142020",COMMERCIAL PRODUCT,"EDGE SAFETY®, 543142020, Commercial Product",EDGE SAFETY® Commercial Product,"EDGE SAFETY®, Commercial Product",,,,,,,,,,,,,,,,,,,,,,,,,,,"EDGE SAFETY®, Commercial Product",Series,,,Model,,,Item Type,,,Voltage Rating,,,Amperage Rating,,,Dimensions,,,Mounting Type,,,Material,,,Color,,,Sound Level,,,Additional Information,,,,,,,,,,,,,,,,,,,,,,,,,,,,,,,,,,,,,,,,,,,,,,,,,,,,,,,,,,,,,,,,,,,,,,,,,,,,,,,,,,,,,,,,,,,,,,,,,,,,,,,,,,,,,,,,,,,,,,,,,,,,,,1,EA,,,,,,,,,,,,,,,,,,,,,,,,,,,,,,,,,,,,,US,No,No
https://www.edgeeyewear.com/product/543144016,,,,,,543144016,,,,543144016,543144016,1nx6-16' Island Mist Sq Edge - Trex Transcend Lineage Decking,-- Unbranded --,-- No Unilog Brand --,-- No DIB Brand --,U S Lumber (3073),Edge Eyewear,EDGE SAFETY®,,543144016,,,"EDGE SAFETY®, Commercial Product, 543144016",COMMERCIAL PRODUCT,"EDGE SAFETY®, 543144016, Commercial Product",EDGE SAFETY® Commercial Product,"EDGE SAFETY®, Commercial Product",,,,,,,,,,,,,,,,,,,,,,,,,,,"EDGE SAFETY®, Commercial Product",Series,,,Model,,,Item Type,,,Voltage Rating,,,Amperage Rating,,,Dimensions,,,Mounting Type,,,Material,,,Color,,,Sound Level,,,Additional Information,,,,,,,,,,,,,,,,,,,,,,,,,,,,,,,,,,,,,,,,,,,,,,,,,,,,,,,,,,,,,,,,,,,,,,,,,,,,,,,,,,,,,,,,,,,,,,,,,,,,,,,,,,,,,,,,,,,,,,,,,,,,,,1,EA,,,,,,,,,,,,,,,,,,,,,,,,,,,,,,,,,,,,,US,No,No
https://www.edgeeyewear.com/product/543144020,,,,,,543144020,,,,543144020,543144020,1nx6-20' Island Mist Sq Edge - Trex Transcend Lineage Decking,-- Unbranded --,-- No Unilog Brand --,-- No DIB Brand --,U S Lumber (3073),Edge Eyewear,EDGE SAFETY®,,543144020,,,"EDGE SAFETY®, Commercial Product, 543144020",COMMERCIAL PRODUCT,"EDGE SAFETY®, 543144020, Commercial Product",EDGE SAFETY® Commercial Product,"EDGE SAFETY®, Commercial Product",,,,,,,,,,,,,,,,,,,,,,,,,,,"EDGE SAFETY®, Commercial Product",Series,,,Model,,,Item Type,,,Voltage Rating,,,Amperage Rating,,,Dimensions,,,Mounting Type,,,Material,,,Color,,,Sound Level,,,Additional Information,,,,,,,,,,,,,,,,,,,,,,,,,,,,,,,,,,,,,,,,,,,,,,,,,,,,,,,,,,,,,,,,,,,,,,,,,,,,,,,,,,,,,,,,,,,,,,,,,,,,,,,,,,,,,,,,,,,,,,,,,,,,,,1,EA,,,,,,,,,,,,,,,,,,,,,,,,,,,,,,,,,,,,,US,No,No
https://www.edgeeyewear.com/product/543143016,,,,,,543143016,,,,543143016,543143016,1nx6-16' Jasper Sq Edge - Trex Transcend Lineage Decking,-- Unbranded --,-- No Unilog Brand --,-- No DIB Brand --,U S Lumber (3073),Edge Eyewear,EDGE SAFETY®,,543143016,,,"EDGE SAFETY®, Commercial Product, 543143016",COMMERCIAL PRODUCT,"EDGE SAFETY®, 543143016, Commercial Product",EDGE SAFETY® Commercial Product,"EDGE SAFETY®, Commercial Product",,,,,,,,,,,,,,,,,,,,,,,,,,,"EDGE SAFETY®, Commercial Product",Series,,,Model,,,Item Type,,,Voltage Rating,,,Amperage Rating,,,Dimensions,,,Mounting Type,,,Material,,,Color,,,Sound Level,,,Additional Information,,,,,,,,,,,,,,,,,,,,,,,,,,,,,,,,,,,,,,,,,,,,,,,,,,,,,,,,,,,,,,,,,,,,,,,,,,,,,,,,,,,,,,,,,,,,,,,,,,,,,,,,,,,,,,,,,,,,,,,,,,,,,,1,EA,,,,,,,,,,,,,,,,,,,,,,,,,,,,,,,,,,,,,US,No,No
https://www.edgeeyewear.com/product/543143020,,,,,,543143020,,,,543143020,543143020,1nx6-20' Jasper Sq Edge - Trex Transcend Lineage Decking,-- Unbranded --,-- No Unilog Brand --,-- No DIB Brand --,U S Lumber (3073),Edge Eyewear,EDGE SAFETY®,,543143020,,,"EDGE SAFETY®, Commercial Product, 543143020",COMMERCIAL PRODUCT,"EDGE SAFETY®, 543143020, Commercial Product",EDGE SAFETY® Commercial Product,"EDGE SAFETY®, Commercial Product",,,,,,,,,,,,,,,,,,,,,,,,,,,"EDGE SAFETY®, Commercial Product",Series,,,Model,,,Item Type,,,Voltage Rating,,,Amperage Rating,,,Dimensions,,,Mounting Type,,,Material,,,Color,,,Sound Level,,,Additional Information,,,,,,,,,,,,,,,,,,,,,,,,,,,,,,,,,,,,,,,,,,,,,,,,,,,,,,,,,,,,,,,,,,,,,,,,,,,,,,,,,,,,,,,,,,,,,,,,,,,,,,,,,,,,,,,,,,,,,,,,,,,,,,1,EA,,,,,,,,,,,,,,,,,,,,,,,,,,,,,,,,,,,,,US,No,No
https://www.edgeeyewear.com/product/543141016,,,,,,543141016,,,,543141016,543141016,1nx6-16' Rainier Sq Edge - Trex Transcend Lineage Decking,-- Unbranded --,-- No Unilog Brand --,-- No DIB Brand --,U S Lumber (3073),Edge Eyewear,EDGE SAFETY®,,543141016,,,"EDGE SAFETY®, Commercial Product, 543141016",COMMERCIAL PRODUCT,"EDGE SAFETY®, 543141016, Commercial Product",EDGE SAFETY® Commercial Product,"EDGE SAFETY®, Commercial Product",,,,,,,,,,,,,,,,,,,,,,,,,,,"EDGE SAFETY®, Commercial Product",Series,,,Model,,,Item Type,,,Voltage Rating,,,Amperage Rating,,,Dimensions,,,Mounting Type,,,Material,,,Color,,,Sound Level,,,Additional Information,,,,,,,,,,,,,,,,,,,,,,,,,,,,,,,,,,,,,,,,,,,,,,,,,,,,,,,,,,,,,,,,,,,,,,,,,,,,,,,,,,,,,,,,,,,,,,,,,,,,,,,,,,,,,,,,,,,,,,,,,,,,,,1,EA,,,,,,,,,,,,,,,,,,,,,,,,,,,,,,,,,,,,,US,No,No
https://www.edgeeyewear.com/product/543141020,,,,,,543141020,,,,543141020,543141020,1nx6-20' Rainier Sq Edge - Trex Transcend Lineage Decking,-- Unbranded --,-- No Unilog Brand --,-- No DIB Brand --,U S Lumber (3073),Edge Eyewear,EDGE SAFETY®,,543141020,,,"EDGE SAFETY®, Commercial Product, 543141020",COMMERCIAL PRODUCT,"EDGE SAFETY®, 543141020, Commercial Product",EDGE SAFETY® Commercial Product,"EDGE SAFETY®, Commercial Product",,,,,,,,,,,,,,,,,,,,,,,,,,,"EDGE SAFETY®, Commercial Product",Series,,,Model,,,Item Type,,,Voltage Rating,,,Amperage Rating,,,Dimensions,,,Mounting Type,,,Material,,,Color,,,Sound Level,,,Additional Information,,,,,,,,,,,,,,,,,,,,,,,,,,,,,,,,,,,,,,,,,,,,,,,,,,,,,,,,,,,,,,,,,,,,,,,,,,,,,,,,,,,,,,,,,,,,,,,,,,,,,,,,,,,,,,,,,,,,,,,,,,,,,,1,EA,,,,,,,,,,,,,,,,,,,,,,,,,,,,,,,,,,,,,US,No,No
,,,,,,543140412,,,,543140412,543140412,1nx6-12' Biscayne Grooved - Trex Transcend Lineage Decking,-- Unbranded --,-- No Unilog Brand --,-- No DIB Brand --,U S Lumber (3073),U S Lumber,U S Lumber,,543140412,,,"U S Lumber, Commercial Product, 543140412",COMMERCIAL PRODUCT,"U S Lumber, 543140412, Commercial Product",U S Lumber Commercial Product,"U S Lumber, Commercial Product",,,,,,,,,,,,,,,,,,,,,,,,,,,"U S Lumber, Commercial Product",Series,,,Model,,,Item Type,,,Voltage Rating,,,Amperage Rating,,,Dimensions,,,Mounting Type,,,Material,,,Color,,,Sound Level,,,Additional Information,,,,,,,,,,,,,,,,,,,,,,,,,,,,,,,,,,,,,,,,,,,,,,,,,,,,,,,,,,,,,,,,,,,,,,,,,,,,,,,,,,,,,,,,,,,,,,,,,,,,,,,,,,,,,,,,,,,,,,,,,,,,,,1,EA,,,,,,,,,,,,,,,,,,,,,,,,,,,,,,,,,,,,,US,No,No
,,,,,,543140416,,,,543140416,543140416,1nx6-16' Biscayne Grooved - Trex Transcend Lineage Decking,-- Unbranded --,-- No Unilog Brand --,-- No DIB Brand --,U S Lumber (3073),U S Lumber,U S Lumber,,543140416,,,"U S Lumber, Commercial Product, 543140416",COMMERCIAL PRODUCT,"U S Lumber, 543140416, Commercial Product",U S Lumber Commercial Product,"U S Lumber, Commercial Product",,,,,,,,,,,,,,,,,,,,,,,,,,,"U S Lumber, Commercial Product",Series,,,Model,,,Item Type,,,Voltage Rating,,,Amperage Rating,,,Dimensions,,,Mounting Type,,,Material,,,Color,,,Sound Level,,,Additional Information,,,,,,,,,,,,,,,,,,,,,,,,,,,,,,,,,,,,,,,,,,,,,,,,,,,,,,,,,,,,,,,,,,,,,,,,,,,,,,,,,,,,,,,,,,,,,,,,,,,,,,,,,,,,,,,,,,,,,,,,,,,,,,1,EA,,,,,,,,,,,,,,,,,,,,,,,,,,,,,,,,,,,,,US,No,No
,,,,,,543140420,,,,543140420,543140420,1nx6-20' Biscayne Grooved - Trex Transcend Lineage Decking,-- Unbranded --,-- No Unilog Brand --,-- No DIB Brand --,U S Lumber (3073),U S Lumber,U S Lumber,,543140420,,,"U S Lumber, Commercial Product, 543140420",COMMERCIAL PRODUCT,"U S Lumber, 543140420, Commercial Product",U S Lumber Commercial Product,"U S Lumber, Commercial Product",,,,,,,,,,,,,,,,,,,,,,,,,,,"U S Lumber, Commercial Product",Series,,,Model,,,Item Type,,,Voltage Rating,,,Amperage Rating,,,Dimensions,,,Mounting Type,,,Material,,,Color,,,Sound Level,,,Additional Information,,,,,,,,,,,,,,,,,,,,,,,,,,,,,,,,,,,,,,,,,,,,,,,,,,,,,,,,,,,,,,,,,,,,,,,,,,,,,,,,,,,,,,,,,,,,,,,,,,,,,,,,,,,,,,,,,,,,,,,,,,,,,,1,EA,,,,,,,,,,,,,,,,,,,,,,,,,,,,,,,,,,,,,US,No,No
,,,,,,543142412,,,,543142412,543142412,1nx6-12' Carmel Grooved - Trex Transcend Lineage Decking,-- Unbranded --,-- No Unilog Brand --,-- No DIB Brand --,U S Lumber (3073),U S Lumber,U S Lumber,,543142412,,,"U S Lumber, Commercial Product, 543142412",COMMERCIAL PRODUCT,"U S Lumber, 543142412, Commercial Product",U S Lumber Commercial Product,"U S Lumber, Commercial Product",,,,,,,,,,,,,,,,,,,,,,,,,,,"U S Lumber, Commercial Product",Series,,,Model,,,Item Type,,,Voltage Rating,,,Amperage Rating,,,Dimensions,,,Mounting Type,,,Material,,,Color,,,Sound Level,,,Additional Information,,,,,,,,,,,,,,,,,,,,,,,,,,,,,,,,,,,,,,,,,,,,,,,,,,,,,,,,,,,,,,,,,,,,,,,,,,,,,,,,,,,,,,,,,,,,,,,,,,,,,,,,,,,,,,,,,,,,,,,,,,,,,,1,EA,,,,,,,,,,,,,,,,,,,,,,,,,,,,,,,,,,,,,US,No,No
,,,,,,543142416,,,,543142416,543142416,1nx6-16' Carmel Grooved - Trex Transcend Lineage Decking,-- Unbranded --,-- No Unilog Brand --,-- No DIB Brand --,U S Lumber (3073),U S Lumber,U S Lumber,,543142416,,,"U S Lumber, Commercial Product, 543142416",COMMERCIAL PRODUCT,"U S Lumber, 543142416, Commercial Product",U S Lumber Commercial Product,"U S Lumber, Commercial Product",,,,,,,,,,,,,,,,,,,,,,,,,,,"U S Lumber, Commercial Product",Series,,,Model,,,Item Type,,,Voltage Rating,,,Amperage Rating,,,Dimensions,,,Mounting Type,,,Material,,,Color,,,Sound Level,,,Additional Information,,,,,,,,,,,,,,,,,,,,,,,,,,,,,,,,,,,,,,,,,,,,,,,,,,,,,,,,,,,,,,,,,,,,,,,,,,,,,,,,,,,,,,,,,,,,,,,,,,,,,,,,,,,,,,,,,,,,,,,,,,,,,,1,EA,,,,,,,,,,,,,,,,,,,,,,,,,,,,,,,,,,,,,US,No,No
,,,,,,543142420,,,,543142420,543142420,1nx6-20' Carmel Grooved - Trex Transcend Lineage Decking,-- Unbranded --,-- No Unilog Brand --,-- No DIB Brand --,U S Lumber (3073),U S Lumber,U S Lumber,,543142420,,,"U S Lumber, Commercial Product, 543142420",COMMERCIAL PRODUCT,"U S Lumber, 543142420, Commercial Product",U S Lumber Commercial Product,"U S Lumber, Commercial Product",,,,,,,,,,,,,,,,,,,,,,,,,,,"U S Lumber, Commercial Product",Series,,,Model,,,Item Type,,,Voltage Rating,,,Amperage Rating,,,Dimensions,,,Mounting Type,,,Material,,,Color,,,Sound Level,,,Additional Information,,,,,,,,,,,,,,,,,,,,,,,,,,,,,,,,,,,,,,,,,,,,,,,,,,,,,,,,,,,,,,,,,,,,,,,,,,,,,,,,,,,,,,,,,,,,,,,,,,,,,,,,,,,,,,,,,,,,,,,,,,,,,,1,EA,,,,,,,,,,,,,,,,,,,,,,,,,,,,,,,,,,,,,US,No,No
,,,,,,543144412,,,,543144412,543144412,1nx6-12' Island Mist Grooved - Trex Transcend Lineage Decking,-- Unbranded --,-- No Unilog Brand --,-- No DIB Brand --,U S Lumber (3073),U S Lumber,U S Lumber,,543144412,,,"U S Lumber, Commercial Product, 543144412",COMMERCIAL PRODUCT,"U S Lumber, 543144412, Commercial Product",U S Lumber Commercial Product,"U S Lumber, Commercial Product",,,,,,,,,,,,,,,,,,,,,,,,,,,"U S Lumber, Commercial Product",Series,,,Model,,,Item Type,,,Voltage Rating,,,Amperage Rating,,,Dimensions,,,Mounting Type,,,Material,,,Color,,,Sound Level,,,Additional Information,,,,,,,,,,,,,,,,,,,,,,,,,,,,,,,,,,,,,,,,,,,,,,,,,,,,,,,,,,,,,,,,,,,,,,,,,,,,,,,,,,,,,,,,,,,,,,,,,,,,,,,,,,,,,,,,,,,,,,,,,,,,,,1,EA,,,,,,,,,,,,,,,,,,,,,,,,,,,,,,,,,,,,,US,No,No
,,,,,,543144416,,,,543144416,543144416,1nx6-16' Island Mist Grooved - Trex Transcend Lineage Decking,-- Unbranded --,-- No Unilog Brand --,-- No DIB Brand --,U S Lumber (3073),U S Lumber,U S Lumber,,543144416,,,"U S Lumber, Commercial Product, 543144416",COMMERCIAL PRODUCT,"U S Lumber, 543144416, Commercial Product",U S Lumber Commercial Product,"U S Lumber, Commercial Product",,,,,,,,,,,,,,,,,,,,,,,,,,,"U S Lumber, Commercial Product",Series,,,Model,,,Item Type,,,Voltage Rating,,,Amperage Rating,,,Dimensions,,,Mounting Type,,,Material,,,Color,,,Sound Level,,,Additional Information,,,,,,,,,,,,,,,,,,,,,,,,,,,,,,,,,,,,,,,,,,,,,,,,,,,,,,,,,,,,,,,,,,,,,,,,,,,,,,,,,,,,,,,,,,,,,,,,,,,,,,,,,,,,,,,,,,,,,,,,,,,,,,1,EA,,,,,,,,,,,,,,,,,,,,,,,,,,,,,,,,,,,,,US,No,No
,,,,,,543144420,,,,543144420,543144420,1nx6-20' Island Mist Grooved - Trex Transcend Lineage Decking,-- Unbranded --,-- No Unilog Brand --,-- No DIB Brand --,U S Lumber (3073),U S Lumber,U S Lumber,,543144420,,,"U S Lumber, Commercial Product, 543144420",COMMERCIAL PRODUCT,"U S Lumber, 543144420, Commercial Product",U S Lumber Commercial Product,"U S Lumber, Commercial Product",,,,,,,,,,,,,,,,,,,,,,,,,,,"U S Lumber, Commercial Product",Series,,,Model,,,Item Type,,,Voltage Rating,,,Amperage Rating,,,Dimensions,,,Mounting Type,,,Material,,,Color,,,Sound Level,,,Additional Information,,,,,,,,,,,,,,,,,,,,,,,,,,,,,,,,,,,,,,,,,,,,,,,,,,,,,,,,,,,,,,,,,,,,,,,,,,,,,,,,,,,,,,,,,,,,,,,,,,,,,,,,,,,,,,,,,,,,,,,,,,,,,,1,EA,,,,,,,,,,,,,,,,,,,,,,,,,,,,,,,,,,,,,US,No,No
,,,,,,543143412,,,,543143412,543143412,1nx6-12' Jasper Grooved - Trex Transcend Lineage Decking,-- Unbranded --,-- No Unilog Brand --,-- No DIB Brand --,U S Lumber (3073),U S Lumber,U S Lumber,,543143412,,,"U S Lumber, Commercial Product, 543143412",COMMERCIAL PRODUCT,"U S Lumber, 543143412, Commercial Product",U S Lumber Commercial Product,"U S Lumber, Commercial Product",,,,,,,,,,,,,,,,,,,,,,,,,,,"U S Lumber, Commercial Product",Series,,,Model,,,Item Type,,,Voltage Rating,,,Amperage Rating,,,Dimensions,,,Mounting Type,,,Material,,,Color,,,Sound Level,,,Additional Information,,,,,,,,,,,,,,,,,,,,,,,,,,,,,,,,,,,,,,,,,,,,,,,,,,,,,,,,,,,,,,,,,,,,,,,,,,,,,,,,,,,,,,,,,,,,,,,,,,,,,,,,,,,,,,,,,,,,,,,,,,,,,,1,EA,,,,,,,,,,,,,,,,,,,,,,,,,,,,,,,,,,,,,US,No,No
,,,,,,543143416,,,,543143416,543143416,1nx6-16' Jasper Grooved - Trex Transcend Lineage Decking,-- Unbranded --,-- No Unilog Brand --,-- No DIB Brand --,U S Lumber (3073),U S Lumber,U S Lumber,,543143416,,,"U S Lumber, Commercial Product, 543143416",COMMERCIAL PRODUCT,"U S Lumber, 543143416, Commercial Product",U S Lumber Commercial Product,"U S Lumber, Commercial Product",,,,,,,,,,,,,,,,,,,,,,,,,,,"U S Lumber, Commercial Product",Series,,,Model,,,Item Type,,,Voltage Rating,,,Amperage Rating,,,Dimensions,,,Mounting Type,,,Material,,,Color,,,Sound Level,,,Additional Information,,,,,,,,,,,,,,,,,,,,,,,,,,,,,,,,,,,,,,,,,,,,,,,,,,,,,,,,,,,,,,,,,,,,,,,,,,,,,,,,,,,,,,,,,,,,,,,,,,,,,,,,,,,,,,,,,,,,,,,,,,,,,,1,EA,,,,,,,,,,,,,,,,,,,,,,,,,,,,,,,,,,,,,US,No,No
,,,,,,543143420,,,,543143420,543143420,1nx6-20' Jasper Grooved - Trex Transcend Lineage Decking,-- Unbranded --,-- No Unilog Brand --,-- No DIB Brand --,U S Lumber (3073),U S Lumber,U S Lumber,,543143420,,,"U S Lumber, Commercial Product, 543143420",COMMERCIAL PRODUCT,"U S Lumber, 543143420, Commercial Product",U S Lumber Commercial Product,"U S Lumber, Commercial Product",,,,,,,,,,,,,,,,,,,,,,,,,,,"U S Lumber, Commercial Product",Series,,,Model,,,Item Type,,,Voltage Rating,,,Amperage Rating,,,Dimensions,,,Mounting Type,,,Material,,,Color,,,Sound Level,,,Additional Information,,,,,,,,,,,,,,,,,,,,,,,,,,,,,,,,,,,,,,,,,,,,,,,,,,,,,,,,,,,,,,,,,,,,,,,,,,,,,,,,,,,,,,,,,,,,,,,,,,,,,,,,,,,,,,,,,,,,,,,,,,,,,,1,EA,,,,,,,,,,,,,,,,,,,,,,,,,,,,,,,,,,,,,US,No,No
,,,,,,543141412,,,,543141412,543141412,1nx6-12' Rainier Grooved - Trex Transcend Lineage Decking,-- Unbranded --,-- No Unilog Brand --,-- No DIB Brand --,U S Lumber (3073),U S Lumber,U S Lumber,,543141412,,,"U S Lumber, Commercial Product, 543141412",COMMERCIAL PRODUCT,"U S Lumber, 543141412, Commercial Product",U S Lumber Commercial Product,"U S Lumber, Commercial Product",,,,,,,,,,,,,,,,,,,,,,,,,,,"U S Lumber, Commercial Product",Series,,,Model,,,Item Type,,,Voltage Rating,,,Amperage Rating,,,Dimensions,,,Mounting Type,,,Material,,,Color,,,Sound Level,,,Additional Information,,,,,,,,,,,,,,,,,,,,,,,,,,,,,,,,,,,,,,,,,,,,,,,,,,,,,,,,,,,,,,,,,,,,,,,,,,,,,,,,,,,,,,,,,,,,,,,,,,,,,,,,,,,,,,,,,,,,,,,,,,,,,,1,EA,,,,,,,,,,,,,,,,,,,,,,,,,,,,,,,,,,,,,US,No,No
,,,,,,543141416,,,,543141416,543141416,1nx6-16' Rainier Grooved - Trex Transcend Lineage Decking,-- Unbranded --,-- No Unilog Brand --,-- No DIB Brand --,U S Lumber (3073),U S Lumber,U S Lumber,,543141416,,,"U S Lumber, Commercial Product, 543141416",COMMERCIAL PRODUCT,"U S Lumber, 543141416, Commercial Product",U S Lumber Commercial Product,"U S Lumber, Commercial Product",,,,,,,,,,,,,,,,,,,,,,,,,,,"U S Lumber, Commercial Product",Series,,,Model,,,Item Type,,,Voltage Rating,,,Amperage Rating,,,Dimensions,,,Mounting Type,,,Material,,,Color,,,Sound Level,,,Additional Information,,,,,,,,,,,,,,,,,,,,,,,,,,,,,,,,,,,,,,,,,,,,,,,,,,,,,,,,,,,,,,,,,,,,,,,,,,,,,,,,,,,,,,,,,,,,,,,,,,,,,,,,,,,,,,,,,,,,,,,,,,,,,,1,EA,,,,,,,,,,,,,,,,,,,,,,,,,,,,,,,,,,,,,US,No,No
,,,,,,543141420,,,,543141420,543141420,1nx6-20' Rainier Grooved - Trex Transcend Lineage Decking,-- Unbranded --,-- No Unilog Brand --,-- No DIB Brand --,U S Lumber (3073),U S Lumber,U S Lumber,,543141420,,,"U S Lumber, Commercial Product, 543141420",COMMERCIAL PRODUCT,"U S Lumber, 543141420, Commercial Product",U S Lumber Commercial Product,"U S Lumber, Commercial Product",,,,,,,,,,,,,,,,,,,,,,,,,,,"U S Lumber, Commercial Product",Series,,,Model,,,Item Type,,,Voltage Rating,,,Amperage Rating,,,Dimensions,,,Mounting Type,,,Material,,,Color,,,Sound Level,,,Additional Information,,,,,,,,,,,,,,,,,,,,,,,,,,,,,,,,,,,,,,,,,,,,,,,,,,,,,,,,,,,,,,,,,,,,,,,,,,,,,,,,,,,,,,,,,,,,,,,,,,,,,,,,,,,,,,,,,,,,,,,,,,,,,,1,EA,,,,,,,,,,,,,,,,,,,,,,,,,,,,,,,,,,,,,US,No,No
https://www.bc.com/product/1513703,,,,,,1513703,,,,1513703,1513703,1nx6-16' Hatteras Sq Edge - Trex Transcend Lineage Decking,-- Unbranded --,-- No Unilog Brand --,-- No DIB Brand --,Boise Cascade Building Materials (BOICA),Boise Cascade Company,BOISE CASCADE®,,1513703,,,"BOISE CASCADE®, Commercial Product, 1513703",COMMERCIAL PRODUCT,"BOISE CASCADE®, 1513703, Commercial Product",BOISE CASCADE® Commercial Product,"BOISE CASCADE®, Commercial Product",,,,,,,,,,,,,,,,,,,,,,,,,,,"BOISE CASCADE®, Commercial Product",Series,,,Model,,,Item Type,,,Voltage Rating,,,Amperage Rating,,,Dimensions,,,Mounting Type,,,Material,,,Color,,,Sound Level,,,Additional Information,,,,,,,,,,,,,,,,,,,,,,,,,,,,,,,,,,,,,,,,,,,,,,,,,,,,,,,,,,,,,,,,,,,,,,,,,,,,,,,,,,,,,,,,,,,,,,,,,,,,,,,,,,,,,,,,,,,,,,,,,,,,,,1,EA,,,,,,,,,,,,,,,,,,,,,,,,,,,,,,,,,,,,,US,No,No
https://www.bc.com/product/1513704,,,,,,1513704,,,,1513704,1513704,1nx6-20' Hatteras Sq Edge - Trex Transcend Lineage Decking,-- Unbranded --,-- No Unilog Brand --,-- No DIB Brand --,Boise Cascade Building Materials (BOICA),Boise Cascade Company,BOISE CASCADE®,,1513704,,,"BOISE CASCADE®, Commercial Product, 1513704",COMMERCIAL PRODUCT,"BOISE CASCADE®, 1513704, Commercial Product",BOISE CASCADE® Commercial Product,"BOISE CASCADE®, Commercial Product",,,,,,,,,,,,,,,,,,,,,,,,,,,"BOISE CASCADE®, Commercial Product",Series,,,Model,,,Item Type,,,Voltage Rating,,,Amperage Rating,,,Dimensions,,,Mounting Type,,,Material,,,Color,,,Sound Level,,,Additional Information,,,,,,,,,,,,,,,,,,,,,,,,,,,,,,,,,,,,,,,,,,,,,,,,,,,,,,,,,,,,,,,,,,,,,,,,,,,,,,,,,,,,,,,,,,,,,,,,,,,,,,,,,,,,,,,,,,,,,,,,,,,,,,1,EA,,,,,,,,,,,,,,,,,,,,,,,,,,,,,,,,,,,,,US,No,No
https://www.bc.com/product/1513705,,,,,,1513705,,,,1513705,1513705,1nx6-12' Hatteras Grooved - Trex Transcend Lineage Decking,-- Unbranded --,-- No Unilog Brand --,-- No DIB Brand --,Boise Cascade Building Materials (BOICA),Boise Cascade Company,BOISE CASCADE®,,1513705,,,"BOISE CASCADE®, Commercial Product, 1513705",COMMERCIAL PRODUCT,"BOISE CASCADE®, 1513705, Commercial Product",BOISE CASCADE® Commercial Product,"BOISE CASCADE®, Commercial Product",,,,,,,,,,,,,,,,,,,,,,,,,,,"BOISE CASCADE®, Commercial Product",Series,,,Model,,,Item Type,,,Voltage Rating,,,Amperage Rating,,,Dimensions,,,Mounting Type,,,Material,,,Color,,,Sound Level,,,Additional Information,,,,,,,,,,,,,,,,,,,,,,,,,,,,,,,,,,,,,,,,,,,,,,,,,,,,,,,,,,,,,,,,,,,,,,,,,,,,,,,,,,,,,,,,,,,,,,,,,,,,,,,,,,,,,,,,,,,,,,,,,,,,,,1,EA,,,,,,,,,,,,,,,,,,,,,,,,,,,,,,,,,,,,,US,No,No
https://www.bc.com/product/1513706,,,,,,1513706,,,,1513706,1513706,1nx6-16' Hatteras Grooved - Trex Transcend Lineage Decking,-- Unbranded --,-- No Unilog Brand --,-- No DIB Brand --,Boise Cascade Building Materials (BOICA),Boise Cascade Company,BOISE CASCADE®,,1513706,,,"BOISE CASCADE®, Commercial Product, 1513706",COMMERCIAL PRODUCT,"BOISE CASCADE®, 1513706, Commercial Product",BOISE CASCADE® Commercial Product,"BOISE CASCADE®, Commercial Product",,,,,,,,,,,,,,,,,,,,,,,,,,,"BOISE CASCADE®, Commercial Product",Series,,,Model,,,Item Type,,,Voltage Rating,,,Amperage Rating,,,Dimensions,,,Mounting Type,,,Material,,,Color,,,Sound Level,,,Additional Information,,,,,,,,,,,,,,,,,,,,,,,,,,,,,,,,,,,,,,,,,,,,,,,,,,,,,,,,,,,,,,,,,,,,,,,,,,,,,,,,,,,,,,,,,,,,,,,,,,,,,,,,,,,,,,,,,,,,,,,,,,,,,,1,EA,,,,,,,,,,,,,,,,,,,,,,,,,,,,,,,,,,,,,US,No,No
https://www.bc.com/product/1513707,,,,,,1513707,,,,1513707,1513707,1nx6-20' Hatteras Grooved - Trex Transcend Lineage Decking,-- Unbranded --,-- No Unilog Brand --,-- No DIB Brand --,Boise Cascade Building Materials (BOICA),Boise Cascade Company,BOISE CASCADE®,,1513707,,,"BOISE CASCADE®, Commercial Product, 1513707",COMMERCIAL PRODUCT,"BOISE CASCADE®, 1513707, Commercial Product",BOISE CASCADE® Commercial Product,"BOISE CASCADE®, Commercial Product",,,,,,,,,,,,,,,,,,,,,,,,,,,"BOISE CASCADE®, Commercial Product",Series,,,Model,,,Item Type,,,Voltage Rating,,,Amperage Rating,,,Dimensions,,,Mounting Type,,,Material,,,Color,,,Sound Level,,,Additional Information,,,,,,,,,,,,,,,,,,,,,,,,,,,,,,,,,,,,,,,,,,,,,,,,,,,,,,,,,,,,,,,,,,,,,,,,,,,,,,,,,,,,,,,,,,,,,,,,,,,,,,,,,,,,,,,,,,,,,,,,,,,,,,1,EA,,,,,,,,,,,,,,,,,,,,,,,,,,,,,,,,,,,,,US,No,No
https://www.bc.com/product/1513708,,,,,,1513708,,,,1513708,1513708,1nx6-16' Salt Flat Sq Edge - Trex Transcend Lineage Decking,-- Unbranded --,-- No Unilog Brand --,-- No DIB Brand --,Boise Cascade Building Materials (BOICA),Boise Cascade Company,BOISE CASCADE®,,1513708,,,"BOISE CASCADE®, Commercial Product, 1513708",COMMERCIAL PRODUCT,"BOISE CASCADE®, 1513708, Commercial Product",BOISE CASCADE® Commercial Product,"BOISE CASCADE®, Commercial Product",,,,,,,,,,,,,,,,,,,,,,,,,,,"BOISE CASCADE®, Commercial Product",Series,,,Model,,,Item Type,,,Voltage Rating,,,Amperage Rating,,,Dimensions,,,Mounting Type,,,Material,,,Color,,,Sound Level,,,Additional Information,,,,,,,,,,,,,,,,,,,,,,,,,,,,,,,,,,,,,,,,,,,,,,,,,,,,,,,,,,,,,,,,,,,,,,,,,,,,,,,,,,,,,,,,,,,,,,,,,,,,,,,,,,,,,,,,,,,,,,,,,,,,,,1,EA,,,,,,,,,,,,,,,,,,,,,,,,,,,,,,,,,,,,,US,No,No
https://www.bc.com/product/1513709,,,,,,1513709,,,,1513709,1513709,1nx6-20' Salt Flat Sq Edge - Trex Transcend Lineage Decking,-- Unbranded --,-- No Unilog Brand --,-- No DIB Brand --,Boise Cascade Building Materials (BOICA),Boise Cascade Company,BOISE CASCADE®,,1513709,,,"BOISE CASCADE®, Commercial Product, 1513709",COMMERCIAL PRODUCT,"BOISE CASCADE®, 1513709, Commercial Product",BOISE CASCADE® Commercial Product,"BOISE CASCADE®, Commercial Product",,,,,,,,,,,,,,,,,,,,,,,,,,,"BOISE CASCADE®, Commercial Product",Series,,,Model,,,Item Type,,,Voltage Rating,,,Amperage Rating,,,Dimensions,,,Mounting Type,,,Material,,,Color,,,Sound Level,,,Additional Information,,,,,,,,,,,,,,,,,,,,,,,,,,,,,,,,,,,,,,,,,,,,,,,,,,,,,,,,,,,,,,,,,,,,,,,,,,,,,,,,,,,,,,,,,,,,,,,,,,,,,,,,,,,,,,,,,,,,,,,,,,,,,,1,EA,,,,,,,,,,,,,,,,,,,,,,,,,,,,,,,,,,,,,US,No,No
https://www.bc.com/product/1513710,,,,,,1513710,,,,1513710,1513710,1nx6-12' Salt Flat Grooved - Trex Transcend Lineage Decking,-- Unbranded --,-- No Unilog Brand --,-- No DIB Brand --,Boise Cascade Building Materials (BOICA),Boise Cascade Company,BOISE CASCADE®,,1513710,,,"BOISE CASCADE®, Commercial Product, 1513710",COMMERCIAL PRODUCT,"BOISE CASCADE®, 1513710, Commercial Product",BOISE CASCADE® Commercial Product,"BOISE CASCADE®, Commercial Product",,,,,,,,,,,,,,,,,,,,,,,,,,,"BOISE CASCADE®, Commercial Product",Series,,,Model,,,Item Type,,,Voltage Rating,,,Amperage Rating,,,Dimensions,,,Mounting Type,,,Material,,,Color,,,Sound Level,,,Additional Information,,,,,,,,,,,,,,,,,,,,,,,,,,,,,,,,,,,,,,,,,,,,,,,,,,,,,,,,,,,,,,,,,,,,,,,,,,,,,,,,,,,,,,,,,,,,,,,,,,,,,,,,,,,,,,,,,,,,,,,,,,,,,,1,EA,,,,,,,,,,,,,,,,,,,,,,,,,,,,,,,,,,,,,US,No,No
https://www.bc.com/product/1513711,,,,,,1513711,,,,1513711,1513711,1nx6-16' Salt Flat Grooved - Trex Transcend Lineage Decking,-- Unbranded --,-- No Unilog Brand --,-- No DIB Brand --,Boise Cascade Building Materials (BOICA),Boise Cascade Company,BOISE CASCADE®,,1513711,,,"BOISE CASCADE®, Commercial Product, 1513711",COMMERCIAL PRODUCT,"BOISE CASCADE®, 1513711, Commercial Product",BOISE CASCADE® Commercial Product,"BOISE CASCADE®, Commercial Product",,,,,,,,,,,,,,,,,,,,,,,,,,,"BOISE CASCADE®, Commercial Product",Series,,,Model,,,Item Type,,,Voltage Rating,,,Amperage Rating,,,Dimensions,,,Mounting Type,,,Material,,,Color,,,Sound Level,,,Additional Information,,,,,,,,,,,,,,,,,,,,,,,,,,,,,,,,,,,,,,,,,,,,,,,,,,,,,,,,,,,,,,,,,,,,,,,,,,,,,,,,,,,,,,,,,,,,,,,,,,,,,,,,,,,,,,,,,,,,,,,,,,,,,,1,EA,,,,,,,,,,,,,,,,,,,,,,,,,,,,,,,,,,,,,US,No,No
https://www.bc.com/product/1513712,,,,,,1513712,,,,1513712,1513712,1nx6-20' Salt Flat Grooved - Trex Transcend Lineage Decking,-- Unbranded --,-- No Unilog Brand --,-- No DIB Brand --,Boise Cascade Building Materials (BOICA),Boise Cascade Company,BOISE CASCADE®,,1513712,,,"BOISE CASCADE®, Commercial Product, 1513712",COMMERCIAL PRODUCT,"BOISE CASCADE®, 1513712, Commercial Product",BOISE CASCADE® Commercial Product,"BOISE CASCADE®, Commercial Product",,,,,,,,,,,,,,,,,,,,,,,,,,,"BOISE CASCADE®, Commercial Product",Series,,,Model,,,Item Type,,,Voltage Rating,,,Amperage Rating,,,Dimensions,,,Mounting Type,,,Material,,,Color,,,Sound Level,,,Additional Information,,,,,,,,,,,,,,,,,,,,,,,,,,,,,,,,,,,,,,,,,,,,,,,,,,,,,,,,,,,,,,,,,,,,,,,,,,,,,,,,,,,,,,,,,,,,,,,,,,,,,,,,,,,,,,,,,,,,,,,,,,,,,,1,EA,,,,,,,,,,,,,,,,,,,,,,,,,,,,,,,,,,,,,US,No,No
https://www.bc.com/product/1513717,,,,,,1513717,,,,1513717,1513717,1nx6-16' Honey Grove Sq Edge - Trex Enhance Naturals Decking,-- Unbranded --,-- No Unilog Brand --,-- No DIB Brand --,Boise Cascade Building Materials (BOICA),Boise Cascade Company,BOISE CASCADE®,,1513717,,,"BOISE CASCADE®, Commercial Product, 1513717",COMMERCIAL PRODUCT,"BOISE CASCADE®, 1513717, Commercial Product",BOISE CASCADE® Commercial Product,"BOISE CASCADE®, Commercial Product",,,,,,,,,,,,,,,,,,,,,,,,,,,"BOISE CASCADE®, Commercial Product",Series,,,Model,,,Item Type,,,Voltage Rating,,,Amperage Rating,,,Dimensions,,,Mounting Type,,,Material,,,Color,,,Sound Level,,,Additional Information,,,,,,,,,,,,,,,,,,,,,,,,,,,,,,,,,,,,,,,,,,,,,,,,,,,,,,,,,,,,,,,,,,,,,,,,,,,,,,,,,,,,,,,,,,,,,,,,,,,,,,,,,,,,,,,,,,,,,,,,,,,,,,1,EA,,,,,,,,,,,,,,,,,,,,,,,,,,,,,,,,,,,,,US,No,No
https://www.bc.com/product/1513718,,,,,,1513718,,,,1513718,1513718,1nx6-20' Honey Grove Sq Edge - Trex Enhance Naturals Decking,-- Unbranded --,-- No Unilog Brand --,-- No DIB Brand --,Boise Cascade Building Materials (BOICA),Boise Cascade Company,BOISE CASCADE®,,1513718,,,"BOISE CASCADE®, Commercial Product, 1513718",COMMERCIAL PRODUCT,"BOISE CASCADE®, 1513718, Commercial Product",BOISE CASCADE® Commercial Product,"BOISE CASCADE®, Commercial Product",,,,,,,,,,,,,,,,,,,,,,,,,,,"BOISE CASCADE®, Commercial Product",Series,,,Model,,,Item Type,,,Voltage Rating,,,Amperage Rating,,,Dimensions,,,Mounting Type,,,Material,,,Color,,,Sound Level,,,Additional Information,,,,,,,,,,,,,,,,,,,,,,,,,,,,,,,,,,,,,,,,,,,,,,,,,,,,,,,,,,,,,,,,,,,,,,,,,,,,,,,,,,,,,,,,,,,,,,,,,,,,,,,,,,,,,,,,,,,,,,,,,,,,,,1,EA,,,,,,,,,,,,,,,,,,,,,,,,,,,,,,,,,,,,,US,No,No
https://www.bc.com/product/1513719,,,,,,1513719,,,,1513719,1513719,1nx6-12' Honey Grove Grooved - Trex Enhance Naturals Decking,-- Unbranded --,-- No Unilog Brand --,-- No DIB Brand --,Boise Cascade Building Materials (BOICA),Boise Cascade Company,BOISE CASCADE®,,1513719,,,"BOISE CASCADE®, Commercial Product, 1513719",COMMERCIAL PRODUCT,"BOISE CASCADE®, 1513719, Commercial Product",BOISE CASCADE® Commercial Product,"BOISE CASCADE®, Commercial Product",,,,,,,,,,,,,,,,,,,,,,,,,,,"BOISE CASCADE®, Commercial Product",Series,,,Model,,,Item Type,,,Voltage Rating,,,Amperage Rating,,,Dimensions,,,Mounting Type,,,Material,,,Color,,,Sound Level,,,Additional Information,,,,,,,,,,,,,,,,,,,,,,,,,,,,,,,,,,,,,,,,,,,,,,,,,,,,,,,,,,,,,,,,,,,,,,,,,,,,,,,,,,,,,,,,,,,,,,,,,,,,,,,,,,,,,,,,,,,,,,,,,,,,,,1,EA,,,,,,,,,,,,,,,,,,,,,,,,,,,,,,,,,,,,,US,No,No
https://www.bc.com/product/1513720,,,,,,1513720,,,,1513720,1513720,1nx6-16' Honey Grove Grooved - Trex Enhance Naturals Decking,-- Unbranded --,-- No Unilog Brand --,-- No DIB Brand --,Boise Cascade Building Materials (BOICA),Boise Cascade Company,BOISE CASCADE®,,1513720,,,"BOISE CASCADE®, Commercial Product, 1513720",COMMERCIAL PRODUCT,"BOISE CASCADE®, 1513720, Commercial Product",BOISE CASCADE® Commercial Product,"BOISE CASCADE®, Commercial Product",,,,,,,,,,,,,,,,,,,,,,,,,,,"BOISE CASCADE®, Commercial Product",Series,,,Model,,,Item Type,,,Voltage Rating,,,Amperage Rating,,,Dimensions,,,Mounting Type,,,Material,,,Color,,,Sound Level,,,Additional Information,,,,,,,,,,,,,,,,,,,,,,,,,,,,,,,,,,,,,,,,,,,,,,,,,,,,,,,,,,,,,,,,,,,,,,,,,,,,,,,,,,,,,,,,,,,,,,,,,,,,,,,,,,,,,,,,,,,,,,,,,,,,,,1,EA,,,,,,,,,,,,,,,,,,,,,,,,,,,,,,,,,,,,,US,No,No
https://www.bc.com/product/1513721,,,,,,1513721,,,,1513721,1513721,1nx6-20' Honey Grove Grooved - Trex Enhance Naturals Decking,-- Unbranded --,-- No Unilog Brand --,-- No DIB Brand --,Boise Cascade Building Materials (BOICA),Boise Cascade Company,BOISE CASCADE®,,1513721,,,"BOISE CASCADE®, Commercial Product, 1513721",COMMERCIAL PRODUCT,"BOISE CASCADE®, 1513721, Commercial Product",BOISE CASCADE® Commercial Product,"BOISE CASCADE®, Commercial Product",,,,,,,,,,,,,,,,,,,,,,,,,,,"BOISE CASCADE®, Commercial Product",Series,,,Model,,,Item Type,,,Voltage Rating,,,Amperage Rating,,,Dimensions,,,Mounting Type,,,Material,,,Color,,,Sound Level,,,Additional Information,,,,,,,,,,,,,,,,,,,,,,,,,,,,,,,,,,,,,,,,,,,,,,,,,,,,,,,,,,,,,,,,,,,,,,,,,,,,,,,,,,,,,,,,,,,,,,,,,,,,,,,,,,,,,,,,,,,,,,,,,,,,,,1,EA,,,,,,,,,,,,,,,,,,,,,,,,,,,,,,,,,,,,,US,No,No
https://www.bc.com/product/1513724,,,,,,1513724,,,,1513724,1513724,1nx6-16' Tide Pool Sq Edge - Trex Enhance Basics Decking,-- Unbranded --,-- No Unilog Brand --,-- No DIB Brand --,Boise Cascade Building Materials (BOICA),Boise Cascade Company,BOISE CASCADE®,,1513724,,,"BOISE CASCADE®, Commercial Product, 1513724",COMMERCIAL PRODUCT,"BOISE CASCADE®, 1513724, Commercial Product",BOISE CASCADE® Commercial Product,"BOISE CASCADE®, Commercial Product",,,,,,,,,,,,,,,,,,,,,,,,,,,"BOISE CASCADE®, Commercial Product",Series,,,Model,,,Item Type,,,Voltage Rating,,,Amperage Rating,,,Dimensions,,,Mounting Type,,,Material,,,Color,,,Sound Level,,,Additional Information,,,,,,,,,,,,,,,,,,,,,,,,,,,,,,,,,,,,,,,,,,,,,,,,,,,,,,,,,,,,,,,,,,,,,,,,,,,,,,,,,,,,,,,,,,,,,,,,,,,,,,,,,,,,,,,,,,,,,,,,,,,,,,1,EA,,,,,,,,,,,,,,,,,,,,,,,,,,,,,,,,,,,,,US,No,No
https://www.bc.com/product/1513725,,,,,,1513725,,,,1513725,1513725,1nx6-20' Tide Pool Sq Edge - Trex Enhance Basics Decking,-- Unbranded --,-- No Unilog Brand --,-- No DIB Brand --,Boise Cascade Building Materials (BOICA),Boise Cascade Company,BOISE CASCADE®,,1513725,,,"BOISE CASCADE®, Commercial Product, 1513725",COMMERCIAL PRODUCT,"BOISE CASCADE®, 1513725, Commercial Product",BOISE CASCADE® Commercial Product,"BOISE CASCADE®, Commercial Product",,,,,,,,,,,,,,,,,,,,,,,,,,,"BOISE CASCADE®, Commercial Product",Series,,,Model,,,Item Type,,,Voltage Rating,,,Amperage Rating,,,Dimensions,,,Mounting Type,,,Material,,,Color,,,Sound Level,,,Additional Information,,,,,,,,,,,,,,,,,,,,,,,,,,,,,,,,,,,,,,,,,,,,,,,,,,,,,,,,,,,,,,,,,,,,,,,,,,,,,,,,,,,,,,,,,,,,,,,,,,,,,,,,,,,,,,,,,,,,,,,,,,,,,,1,EA,,,,,,,,,,,,,,,,,,,,,,,,,,,,,,,,,,,,,US,No,No
https://www.bc.com/product/1513726,,,,,,1513726,,,,1513726,1513726,1nx6-12' Tide Pool Grooved - Trex Enhance Basics Decking,-- Unbranded --,-- No Unilog Brand --,-- No DIB Brand --,Boise Cascade Building Materials (BOICA),Boise Cascade Company,BOISE CASCADE®,,1513726,,,"BOISE CASCADE®, Commercial Product, 1513726",COMMERCIAL PRODUCT,"BOISE CASCADE®, 1513726, Commercial Product",BOISE CASCADE® Commercial Product,"BOISE CASCADE®, Commercial Product",,,,,,,,,,,,,,,,,,,,,,,,,,,"BOISE CASCADE®, Commercial Product",Series,,,Model,,,Item Type,,,Voltage Rating,,,Amperage Rating,,,Dimensions,,,Mounting Type,,,Material,,,Color,,,Sound Level,,,Additional Information,,,,,,,,,,,,,,,,,,,,,,,,,,,,,,,,,,,,,,,,,,,,,,,,,,,,,,,,,,,,,,,,,,,,,,,,,,,,,,,,,,,,,,,,,,,,,,,,,,,,,,,,,,,,,,,,,,,,,,,,,,,,,,1,EA,,,,,,,,,,,,,,,,,,,,,,,,,,,,,,,,,,,,,US,No,No
https://www.bc.com/product/1513727,,,,,,1513727,,,,1513727,1513727,1nx6-16' Tide Pool Grooved - Trex Enhance Basics Decking,-- Unbranded --,-- No Unilog Brand --,-- No DIB Brand --,Boise Cascade Building Materials (BOICA),Boise Cascade Company,BOISE CASCADE®,,1513727,,,"BOISE CASCADE®, Commercial Product, 1513727",COMMERCIAL PRODUCT,"BOISE CASCADE®, 1513727, Commercial Product",BOISE CASCADE® Commercial Product,"BOISE CASCADE®, Commercial Product",,,,,,,,,,,,,,,,,,,,,,,,,,,"BOISE CASCADE®, Commercial Product",Series,,,Model,,,Item Type,,,Voltage Rating,,,Amperage Rating,,,Dimensions,,,Mounting Type,,,Material,,,Color,,,Sound Level,,,Additional Information,,,,,,,,,,,,,,,,,,,,,,,,,,,,,,,,,,,,,,,,,,,,,,,,,,,,,,,,,,,,,,,,,,,,,,,,,,,,,,,,,,,,,,,,,,,,,,,,,,,,,,,,,,,,,,,,,,,,,,,,,,,,,,1,EA,,,,,,,,,,,,,,,,,,,,,,,,,,,,,,,,,,,,,US,No,No
https://www.bc.com/product/1513728,,,,,,1513728,,,,1513728,1513728,1nx6-20' Tide Pool Grooved - Trex Enhance Basics Decking,-- Unbranded --,-- No Unilog Brand --,-- No DIB Brand --,Boise Cascade Building Materials (BOICA),Boise Cascade Company,BOISE CASCADE®,,1513728,,,"BOISE CASCADE®, Commercial Product, 1513728",COMMERCIAL PRODUCT,"BOISE CASCADE®, 1513728, Commercial Product",BOISE CASCADE® Commercial Product,"BOISE CASCADE®, Commercial Product",,,,,,,,,,,,,,,,,,,,,,,,,,,"BOISE CASCADE®, Commercial Product",Series,,,Model,,,Item Type,,,Voltage Rating,,,Amperage Rating,,,Dimensions,,,Mounting Type,,,Material,,,Color,,,Sound Level,,,Additional Information,,,,,,,,,,,,,,,,,,,,,,,,,,,,,,,,,,,,,,,,,,,,,,,,,,,,,,,,,,,,,,,,,,,,,,,,,,,,,,,,,,,,,,,,,,,,,,,,,,,,,,,,,,,,,,,,,,,,,,,,,,,,,,1,EA,,,,,,,,,,,,,,,,,,,,,,,,,,,,,,,,,,,,,US,No,No
https://www.edgeeyewear.com/product/543076016,,,,,,543076016,,,,543076016,543076016,1nx6-16' Cinnamon Cove Sq Edge - Trex Enhance Naturals Decking,-- Unbranded --,-- No Unilog Brand --,-- No DIB Brand --,Boise Cascade Building Materials (BOICA),Edge Eyewear,EDGE SAFETY®,,543076016,,,"EDGE SAFETY®, Commercial Product, 543076016",COMMERCIAL PRODUCT,"EDGE SAFETY®, 543076016, Commercial Product",EDGE SAFETY® Commercial Product,"EDGE SAFETY®, Commercial Product",,,,,,,,,,,,,,,,,,,,,,,,,,,"EDGE SAFETY®, Commercial Product",Series,,,Model,,,Item Type,,,Voltage Rating,,,Amperage Rating,,,Dimensions,,,Mounting Type,,,Material,,,Color,,,Sound Level,,,Additional Information,,,,,,,,,,,,,,,,,,,,,,,,,,,,,,,,,,,,,,,,,,,,,,,,,,,,,,,,,,,,,,,,,,,,,,,,,,,,,,,,,,,,,,,,,,,,,,,,,,,,,,,,,,,,,,,,,,,,,,,,,,,,,,1,EA,,,,,,,,,,,,,,,,,,,,,,,,,,,,,,,,,,,,,US,No,No
https://www.edgeeyewear.com/product/543076020,,,,,,543076020,,,,543076020,543076020,1nx6-20' Cinnamon Cove Sq Edge - Trex Enhance Naturals Decking,-- Unbranded --,-- No Unilog Brand --,-- No DIB Brand --,Boise Cascade Building Materials (BOICA),Edge Eyewear,EDGE SAFETY®,,543076020,,,"EDGE SAFETY®, Commercial Product, 543076020",COMMERCIAL PRODUCT,"EDGE SAFETY®, 543076020, Commercial Product",EDGE SAFETY® Commercial Product,"EDGE SAFETY®, Commercial Product",,,,,,,,,,,,,,,,,,,,,,,,,,,"EDGE SAFETY®, Commercial Product",Series,,,Model,,,Item Type,,,Voltage Rating,,,Amperage Rating,,,Dimensions,,,Mounting Type,,,Material,,,Color,,,Sound Level,,,Additional Information,,,,,,,,,,,,,,,,,,,,,,,,,,,,,,,,,,,,,,,,,,,,,,,,,,,,,,,,,,,,,,,,,,,,,,,,,,,,,,,,,,,,,,,,,,,,,,,,,,,,,,,,,,,,,,,,,,,,,,,,,,,,,,1,EA,,,,,,,,,,,,,,,,,,,,,,,,,,,,,,,,,,,,,US,No,No
https://www.bc.com/product/543076412,,,,,,543076412,,,,543076412,543076412,1nx6-12' Cinnamon Cove Grooved - Trex Enhance Naturals Decking,-- Unbranded --,-- No Unilog Brand --,-- No DIB Brand --,Boise Cascade Building Materials (BOICA),Boise Cascade Building Materials,Boise Cascade Building Materials,,543076412,,,"Boise Cascade Building Materials, Commercial Product, 543076412",COMMERCIAL PRODUCT,"Boise Cascade Building Materials, 543076412, Commercial Product",Boise Cascade Building Materials Commercial Product,"Boise Cascade Building Materials, Commercial Product",,,,,,,,,,,,,,,,,,,,,,,,,,,"Boise Cascade Building Materials, Commercial Product",Series,,,Model,,,Item Type,,,Voltage Rating,,,Amperage Rating,,,Dimensions,,,Mounting Type,,,Material,,,Color,,,Sound Level,,,Additional Information,,,,,,,,,,,,,,,,,,,,,,,,,,,,,,,,,,,,,,,,,,,,,,,,,,,,,,,,,,,,,,,,,,,,,,,,,,,,,,,,,,,,,,,,,,,,,,,,,,,,,,,,,,,,,,,,,,,,,,,,,,,,,,1,EA,,,,,,,,,,,,,,,,,,,,,,,,,,,,,,,,,,,,,US,No,No
https://www.bc.com/product/543076416,,,,,,543076416,,,,543076416,543076416,1nx6-16' Cinnamon Cove Grooved - Trex Enhance Naturals Decking,-- Unbranded --,-- No Unilog Brand --,-- No DIB Brand --,Boise Cascade Building Materials (BOICA),Boise Cascade Building Materials,Boise Cascade Building Materials,,543076416,,,"Boise Cascade Building Materials, Commercial Product, 543076416",COMMERCIAL PRODUCT,"Boise Cascade Building Materials, 543076416, Commercial Product",Boise Cascade Building Materials Commercial Product,"Boise Cascade Building Materials, Commercial Product",,,,,,,,,,,,,,,,,,,,,,,,,,,"Boise Cascade Building Materials, Commercial Product",Series,,,Model,,,Item Type,,,Voltage Rating,,,Amperage Rating,,,Dimensions,,,Mounting Type,,,Material,,,Color,,,Sound Level,,,Additional Information,,,,,,,,,,,,,,,,,,,,,,,,,,,,,,,,,,,,,,,,,,,,,,,,,,,,,,,,,,,,,,,,,,,,,,,,,,,,,,,,,,,,,,,,,,,,,,,,,,,,,,,,,,,,,,,,,,,,,,,,,,,,,,1,EA,,,,,,,,,,,,,,,,,,,,,,,,,,,,,,,,,,,,,US,No,No
https://www.bc.com/product/543076420,,,,,,543076420,,,,543076420,543076420,1nx6-20' Cinnamon Cove Grooved - Trex Enhance Naturals Decking,-- Unbranded --,-- No Unilog Brand --,-- No DIB Brand --,Boise Cascade Building Materials (BOICA),Boise Cascade Building Materials,Boise Cascade Building Materials,,543076420,,,"Boise Cascade Building Materials, Commercial Product, 543076420",COMMERCIAL PRODUCT,"Boise Cascade Building Materials, 543076420, Commercial Product",Boise Cascade Building Materials Commercial Product,"Boise Cascade Building Materials, Commercial Product",,,,,,,,,,,,,,,,,,,,,,,,,,,"Boise Cascade Building Materials, Commercial Product",Series,,,Model,,,Item Type,,,Voltage Rating,,,Amperage Rating,,,Dimensions,,,Mounting Type,,,Material,,,Color,,,Sound Level,,,Additional Information,,,,,,,,,,,,,,,,,,,,,,,,,,,,,,,,,,,,,,,,,,,,,,,,,,,,,,,,,,,,,,,,,,,,,,,,,,,,,,,,,,,,,,,,,,,,,,,,,,,,,,,,,,,,,,,,,,,,,,,,,,,,,,1,EA,,,,,,,,,,,,,,,,,,,,,,,,,,,,,,,,,,,,,US,No,No
https://www.bc.com/product/1516870,,,,,,1516870,,,,1516870,1516870,1nx6-16' Golden Hour Sq Edge - Trex Enhance Naturals Decking,-- Unbranded --,-- No Unilog Brand --,-- No DIB Brand --,Boise Cascade Building Materials (BOICA),Boise Cascade Company,BOISE CASCADE®,,1516870,,,"BOISE CASCADE®, Commercial Product, 1516870",COMMERCIAL PRODUCT,"BOISE CASCADE®, 1516870, Commercial Product",BOISE CASCADE® Commercial Product,"BOISE CASCADE®, Commercial Product",,,,,,,,,,,,,,,,,,,,,,,,,,,"BOISE CASCADE®, Commercial Product",Series,,,Model,,,Item Type,,,Voltage Rating,,,Amperage Rating,,,Dimensions,,,Mounting Type,,,Material,,,Color,,,Sound Level,,,Additional Information,,,,,,,,,,,,,,,,,,,,,,,,,,,,,,,,,,,,,,,,,,,,,,,,,,,,,,,,,,,,,,,,,,,,,,,,,,,,,,,,,,,,,,,,,,,,,,,,,,,,,,,,,,,,,,,,,,,,,,,,,,,,,,1,EA,,,,,,,,,,,,,,,,,,,,,,,,,,,,,,,,,,,,,US,No,No
https://www.bc.com/product/1516871,,,,,,1516871,,,,1516871,1516871,1nx6-20' Golden Hour Sq Edge - Trex Enhance Naturals Decking,-- Unbranded --,-- No Unilog Brand --,-- No DIB Brand --,Boise Cascade Building Materials (BOICA),Boise Cascade Company,BOISE CASCADE®,,1516871,,,"BOISE CASCADE®, Commercial Product, 1516871",COMMERCIAL PRODUCT,"BOISE CASCADE®, 1516871, Commercial Product",BOISE CASCADE® Commercial Product,"BOISE CASCADE®, Commercial Product",,,,,,,,,,,,,,,,,,,,,,,,,,,"BOISE CASCADE®, Commercial Product",Series,,,Model,,,Item Type,,,Voltage Rating,,,Amperage Rating,,,Dimensions,,,Mounting Type,,,Material,,,Color,,,Sound Level,,,Additional Information,,,,,,,,,,,,,,,,,,,,,,,,,,,,,,,,,,,,,,,,,,,,,,,,,,,,,,,,,,,,,,,,,,,,,,,,,,,,,,,,,,,,,,,,,,,,,,,,,,,,,,,,,,,,,,,,,,,,,,,,,,,,,,1,EA,,,,,,,,,,,,,,,,,,,,,,,,,,,,,,,,,,,,,US,No,No
https://www.bc.com/product/1516872,,,,,,1516872,,,,1516872,1516872,1nx6-12' Golden Hour Grooved - Trex Enhance Naturals Decking,-- Unbranded --,-- No Unilog Brand --,-- No DIB Brand --,Boise Cascade Building Materials (BOICA),Boise Cascade Company,BOISE CASCADE®,,1516872,,,"BOISE CASCADE®, Commercial Product, 1516872",COMMERCIAL PRODUCT,"BOISE CASCADE®, 1516872, Commercial Product",BOISE CASCADE® Commercial Product,"BOISE CASCADE®, Commercial Product",,,,,,,,,,,,,,,,,,,,,,,,,,,"BOISE CASCADE®, Commercial Product",Series,,,Model,,,Item Type,,,Voltage Rating,,,Amperage Rating,,,Dimensions,,,Mounting Type,,,Material,,,Color,,,Sound Level,,,Additional Information,,,,,,,,,,,,,,,,,,,,,,,,,,,,,,,,,,,,,,,,,,,,,,,,,,,,,,,,,,,,,,,,,,,,,,,,,,,,,,,,,,,,,,,,,,,,,,,,,,,,,,,,,,,,,,,,,,,,,,,,,,,,,,1,EA,,,,,,,,,,,,,,,,,,,,,,,,,,,,,,,,,,,,,US,No,No
https://www.bc.com/product/1516873,,,,,,1516873,,,,1516873,1516873,1nx6-16' Golden Hour Grooved - Trex Enhance Naturals Decking,-- Unbranded --,-- No Unilog Brand --,-- No DIB Brand --,Boise Cascade Building Materials (BOICA),Boise Cascade Company,BOISE CASCADE®,,1516873,,,"BOISE CASCADE®, Commercial Product, 1516873",COMMERCIAL PRODUCT,"BOISE CASCADE®, 1516873, Commercial Product",BOISE CASCADE® Commercial Product,"BOISE CASCADE®, Commercial Product",,,,,,,,,,,,,,,,,,,,,,,,,,,"BOISE CASCADE®, Commercial Product",Series,,,Model,,,Item Type,,,Voltage Rating,,,Amperage Rating,,,Dimensions,,,Mounting Type,,,Material,,,Color,,,Sound Level,,,Additional Information,,,,,,,,,,,,,,,,,,,,,,,,,,,,,,,,,,,,,,,,,,,,,,,,,,,,,,,,,,,,,,,,,,,,,,,,,,,,,,,,,,,,,,,,,,,,,,,,,,,,,,,,,,,,,,,,,,,,,,,,,,,,,,1,EA,,,,,,,,,,,,,,,,,,,,,,,,,,,,,,,,,,,,,US,No,No
https://www.bc.com/product/1516874,,,,,,1516874,,,,1516874,1516874,1nx6-20' Golden Hour Grooved - Trex Enhance Naturals Decking,-- Unbranded --,-- No Unilog Brand --,-- No DIB Brand --,Boise Cascade Building Materials (BOICA),Boise Cascade Company,BOISE CASCADE®,,1516874,,,"BOISE CASCADE®, Commercial Product, 1516874",COMMERCIAL PRODUCT,"BOISE CASCADE®, 1516874, Commercial Product",BOISE CASCADE® Commercial Product,"BOISE CASCADE®, Commercial Product",,,,,,,,,,,,,,,,,,,,,,,,,,,"BOISE CASCADE®, Commercial Product",Series,,,Model,,,Item Type,,,Voltage Rating,,,Amperage Rating,,,Dimensions,,,Mounting Type,,,Material,,,Color,,,Sound Level,,,Additional Information,,,,,,,,,,,,,,,,,,,,,,,,,,,,,,,,,,,,,,,,,,,,,,,,,,,,,,,,,,,,,,,,,,,,,,,,,,,,,,,,,,,,,,,,,,,,,,,,,,,,,,,,,,,,,,,,,,,,,,,,,,,,,,1,EA,,,,,,,,,,,,,,,,,,,,,,,,,,,,,,,,,,,,,US,No,No
https://www.bc.com/product/1516879,,,,,,1516879,,,,1516879,1516879,1nx6-16' Pebble Beach Sq Edge - Trex Enhance Basics Decking,-- Unbranded --,-- No Unilog Brand --,-- No DIB Brand --,Boise Cascade Building Materials (BOICA),Boise Cascade Company,BOISE CASCADE®,,1516879,,,"BOISE CASCADE®, Commercial Product, 1516879",COMMERCIAL PRODUCT,"BOISE CASCADE®, 1516879, Commercial Product",BOISE CASCADE® Commercial Product,"BOISE CASCADE®, Commercial Product",,,,,,,,,,,,,,,,,,,,,,,,,,,"BOISE CASCADE®, Commercial Product",Series,,,Model,,,Item Type,,,Voltage Rating,,,Amperage Rating,,,Dimensions,,,Mounting Type,,,Material,,,Color,,,Sound Level,,,Additional Information,,,,,,,,,,,,,,,,,,,,,,,,,,,,,,,,,,,,,,,,,,,,,,,,,,,,,,,,,,,,,,,,,,,,,,,,,,,,,,,,,,,,,,,,,,,,,,,,,,,,,,,,,,,,,,,,,,,,,,,,,,,,,,1,EA,,,,,,,,,,,,,,,,,,,,,,,,,,,,,,,,,,,,,US,No,No
https://www.bc.com/product/1516880,,,,,,1516880,,,,1516880,1516880,1nx6-20' Pebble Beach Sq Edge - Trex Enhance Basics Decking,-- Unbranded --,-- No Unilog Brand --,-- No DIB Brand --,Boise Cascade Building Materials (BOICA),Boise Cascade Company,BOISE CASCADE®,,1516880,,,"BOISE CASCADE®, Commercial Product, 1516880",COMMERCIAL PRODUCT,"BOISE CASCADE®, 1516880, Commercial Product",BOISE CASCADE® Commercial Product,"BOISE CASCADE®, Commercial Product",,,,,,,,,,,,,,,,,,,,,,,,,,,"BOISE CASCADE®, Commercial Product",Series,,,Model,,,Item Type,,,Voltage Rating,,,Amperage Rating,,,Dimensions,,,Mounting Type,,,Material,,,Color,,,Sound Level,,,Additional Information,,,,,,,,,,,,,,,,,,,,,,,,,,,,,,,,,,,,,,,,,,,,,,,,,,,,,,,,,,,,,,,,,,,,,,,,,,,,,,,,,,,,,,,,,,,,,,,,,,,,,,,,,,,,,,,,,,,,,,,,,,,,,,1,EA,,,,,,,,,,,,,,,,,,,,,,,,,,,,,,,,,,,,,US,No,No
https://www.bc.com/product/1516881,,,,,,1516881,,,,1516881,1516881,1nx6-12' Pebble Beach Grooved - Trex Enhance Basics Decking,-- Unbranded --,-- No Unilog Brand --,-- No DIB Brand --,Boise Cascade Building Materials (BOICA),Boise Cascade Company,BOISE CASCADE®,,1516881,,,"BOISE CASCADE®, Commercial Product, 1516881",COMMERCIAL PRODUCT,"BOISE CASCADE®, 1516881, Commercial Product",BOISE CASCADE® Commercial Product,"BOISE CASCADE®, Commercial Product",,,,,,,,,,,,,,,,,,,,,,,,,,,"BOISE CASCADE®, Commercial Product",Series,,,Model,,,Item Type,,,Voltage Rating,,,Amperage Rating,,,Dimensions,,,Mounting Type,,,Material,,,Color,,,Sound Level,,,Additional Information,,,,,,,,,,,,,,,,,,,,,,,,,,,,,,,,,,,,,,,,,,,,,,,,,,,,,,,,,,,,,,,,,,,,,,,,,,,,,,,,,,,,,,,,,,,,,,,,,,,,,,,,,,,,,,,,,,,,,,,,,,,,,,1,EA,,,,,,,,,,,,,,,,,,,,,,,,,,,,,,,,,,,,,US,No,No
https://www.bc.com/product/1516882,,,,,,1516882,,,,1516882,1516882,1nx6-16' Pebble Beach Grooved - Trex Enhance Basics Decking,-- Unbranded --,-- No Unilog Brand --,-- No DIB Brand --,Boise Cascade Building Materials (BOICA),Boise Cascade Company,BOISE CASCADE®,,1516882,,,"BOISE CASCADE®, Commercial Product, 1516882",COMMERCIAL PRODUCT,"BOISE CASCADE®, 1516882, Commercial Product",BOISE CASCADE® Commercial Product,"BOISE CASCADE®, Commercial Product",,,,,,,,,,,,,,,,,,,,,,,,,,,"BOISE CASCADE®, Commercial Product",Series,,,Model,,,Item Type,,,Voltage Rating,,,Amperage Rating,,,Dimensions,,,Mounting Type,,,Material,,,Color,,,Sound Level,,,Additional Information,,,,,,,,,,,,,,,,,,,,,,,,,,,,,,,,,,,,,,,,,,,,,,,,,,,,,,,,,,,,,,,,,,,,,,,,,,,,,,,,,,,,,,,,,,,,,,,,,,,,,,,,,,,,,,,,,,,,,,,,,,,,,,1,EA,,,,,,,,,,,,,,,,,,,,,,,,,,,,,,,,,,,,,US,No,No
https://www.bc.com/product/1516883,,,,,,1516883,,,,1516883,1516883,1nx6-20' Pebble Beach Grooved - Trex Enhance Basics Decking,-- Unbranded --,-- No Unilog Brand --,-- No DIB Brand --,Boise Cascade Building Materials (BOICA),Boise Cascade Company,BOISE CASCADE®,,1516883,,,"BOISE CASCADE®, Commercial Product, 1516883",COMMERCIAL PRODUCT,"BOISE CASCADE®, 1516883, Commercial Product",BOISE CASCADE® Commercial Product,"BOISE CASCADE®, Commercial Product",,,,,,,,,,,,,,,,,,,,,,,,,,,"BOISE CASCADE®, Commercial Product",Series,,,Model,,,Item Type,,,Voltage Rating,,,Amperage Rating,,,Dimensions,,,Mounting Type,,,Material,,,Color,,,Sound Level,,,Additional Information,,,,,,,,,,,,,,,,,,,,,,,,,,,,,,,,,,,,,,,,,,,,,,,,,,,,,,,,,,,,,,,,,,,,,,,,,,,,,,,,,,,,,,,,,,,,,,,,,,,,,,,,,,,,,,,,,,,,,,,,,,,,,,1,EA,,,,,,,,,,,,,,,,,,,,,,,,,,,,,,,,,,,,,US,No,No
https://www.edgeeyewear.com/product/543005016,,,,,,543005016,,,,543005016,543005016,7/8nx6-16' Malted Barley Sq Edge - Trex Select 2.0 Decking,-- Unbranded --,-- No Unilog Brand --,-- No DIB Brand --,Boise Cascade Building Materials (BOICA),Edge Eyewear,EDGE SAFETY®,,543005016,,,"EDGE SAFETY®, Commercial Product, 543005016",COMMERCIAL PRODUCT,"EDGE SAFETY®, 543005016, Commercial Product",EDGE SAFETY® Commercial Product,"EDGE SAFETY®, Commercial Product",,,,,,,,,,,,,,,,,,,,,,,,,,,"EDGE SAFETY®, Commercial Product",Series,,,Model,,,Item Type,,,Voltage Rating,,,Amperage Rating,,,Dimensions,,,Mounting Type,,,Material,,,Color,,,Sound Level,,,Additional Information,,,,,,,,,,,,,,,,,,,,,,,,,,,,,,,,,,,,,,,,,,,,,,,,,,,,,,,,,,,,,,,,,,,,,,,,,,,,,,,,,,,,,,,,,,,,,,,,,,,,,,,,,,,,,,,,,,,,,,,,,,,,,,1,EA,,,,,,,,,,,,,,,,,,,,,,,,,,,,,,,,,,,,,US,No,No
https://www.edgeeyewear.com/product/543005020,,,,,,543005020,,,,543005020,543005020,7/8nx6-20' Malted Barley Sq Edge - Trex Select 2.0 Decking,-- Unbranded --,-- No Unilog Brand --,-- No DIB Brand --,Boise Cascade Building Materials (BOICA),Edge Eyewear,EDGE SAFETY®,,543005020,,,"EDGE SAFETY®, Commercial Product, 543005020",COMMERCIAL PRODUCT,"EDGE SAFETY®, 543005020, Commercial Product",EDGE SAFETY® Commercial Product,"EDGE SAFETY®, Commercial Product",,,,,,,,,,,,,,,,,,,,,,,,,,,"EDGE SAFETY®, Commercial Product",Series,,,Model,,,Item Type,,,Voltage Rating,,,Amperage Rating,,,Dimensions,,,Mounting Type,,,Material,,,Color,,,Sound Level,,,Additional Information,,,,,,,,,,,,,,,,,,,,,,,,,,,,,,,,,,,,,,,,,,,,,,,,,,,,,,,,,,,,,,,,,,,,,,,,,,,,,,,,,,,,,,,,,,,,,,,,,,,,,,,,,,,,,,,,,,,,,,,,,,,,,,1,EA,,,,,,,,,,,,,,,,,,,,,,,,,,,,,,,,,,,,,US,No,No
https://www.bc.com/product/543005412,,,,,,543005412,,,,543005412,543005412,7/8nx6-12' Malted Barley Grooved - Trex Select 2.0 Decking,-- Unbranded --,-- No Unilog Brand --,-- No DIB Brand --,Boise Cascade Building Materials (BOICA),Boise Cascade Building Materials,Boise Cascade Building Materials,,543005412,,,"Boise Cascade Building Materials, Commercial Product, 543005412",COMMERCIAL PRODUCT,"Boise Cascade Building Materials, 543005412, Commercial Product",Boise Cascade Building Materials Commercial Product,"Boise Cascade Building Materials, Commercial Product",,,,,,,,,,,,,,,,,,,,,,,,,,,"Boise Cascade Building Materials, Commercial Product",Series,,,Model,,,Item Type,,,Voltage Rating,,,Amperage Rating,,,Dimensions,,,Mounting Type,,,Material,,,Color,,,Sound Level,,,Additional Information,,,,,,,,,,,,,,,,,,,,,,,,,,,,,,,,,,,,,,,,,,,,,,,,,,,,,,,,,,,,,,,,,,,,,,,,,,,,,,,,,,,,,,,,,,,,,,,,,,,,,,,,,,,,,,,,,,,,,,,,,,,,,,1,EA,,,,,,,,,,,,,,,,,,,,,,,,,,,,,,,,,,,,,US,No,No
https://www.bc.com/product/543005416,,,,,,543005416,,,,543005416,543005416,7/8nx6-16' Malted Barley Grooved - Trex Select 2.0 Decking,-- Unbranded --,-- No Unilog Brand --,-- No DIB Brand --,Boise Cascade Building Materials (BOICA),Boise Cascade Building Materials,Boise Cascade Building Materials,,543005416,,,"Boise Cascade Building Materials, Commercial Product, 543005416",COMMERCIAL PRODUCT,"Boise Cascade Building Materials, 543005416, Commercial Product",Boise Cascade Building Materials Commercial Product,"Boise Cascade Building Materials, Commercial Product",,,,,,,,,,,,,,,,,,,,,,,,,,,"Boise Cascade Building Materials, Commercial Product",Series,,,Model,,,Item Type,,,Voltage Rating,,,Amperage Rating,,,Dimensions,,,Mounting Type,,,Material,,,Color,,,Sound Level,,,Additional Information,,,,,,,,,,,,,,,,,,,,,,,,,,,,,,,,,,,,,,,,,,,,,,,,,,,,,,,,,,,,,,,,,,,,,,,,,,,,,,,,,,,,,,,,,,,,,,,,,,,,,,,,,,,,,,,,,,,,,,,,,,,,,,1,EA,,,,,,,,,,,,,,,,,,,,,,,,,,,,,,,,,,,,,US,No,No
https://www.bc.com/product/543005420,,,,,,543005420,,,,543005420,543005420,7/8nx6-20' Malted Barley Grooved - Trex Select 2.0 Decking,-- Unbranded --,-- No Unilog Brand --,-- No DIB Brand --,Boise Cascade Building Materials (BOICA),Boise Cascade Building Materials,Boise Cascade Building Materials,,543005420,,,"Boise Cascade Building Materials, Commercial Product, 543005420",COMMERCIAL PRODUCT,"Boise Cascade Building Materials, 543005420, Commercial Product",Boise Cascade Building Materials Commercial Product,"Boise Cascade Building Materials, Commercial Product",,,,,,,,,,,,,,,,,,,,,,,,,,,"Boise Cascade Building Materials, Commercial Product",Series,,,Model,,,Item Type,,,Voltage Rating,,,Amperage Rating,,,Dimensions,,,Mounting Type,,,Material,,,Color,,,Sound Level,,,Additional Information,,,,,,,,,,,,,,,,,,,,,,,,,,,,,,,,,,,,,,,,,,,,,,,,,,,,,,,,,,,,,,,,,,,,,,,,,,,,,,,,,,,,,,,,,,,,,,,,,,,,,,,,,,,,,,,,,,,,,,,,,,,,,,1,EA,,,,,,,,,,,,,,,,,,,,,,,,,,,,,,,,,,,,,US,No,No
https://www.bc.com/product/1516891,,,,,,1516891,,,,1516891,1516891,7/8nx6-16' Millstone Sq Edge - Trex Select 2.0 Decking,-- Unbranded --,-- No Unilog Brand --,-- No DIB Brand --,Boise Cascade Building Materials (BOICA),Boise Cascade Company,BOISE CASCADE®,,1516891,,,"BOISE CASCADE®, Commercial Product, 1516891",COMMERCIAL PRODUCT,"BOISE CASCADE®, 1516891, Commercial Product",BOISE CASCADE® Commercial Product,"BOISE CASCADE®, Commercial Product",,,,,,,,,,,,,,,,,,,,,,,,,,,"BOISE CASCADE®, Commercial Product",Series,,,Model,,,Item Type,,,Voltage Rating,,,Amperage Rating,,,Dimensions,,,Mounting Type,,,Material,,,Color,,,Sound Level,,,Additional Information,,,,,,,,,,,,,,,,,,,,,,,,,,,,,,,,,,,,,,,,,,,,,,,,,,,,,,,,,,,,,,,,,,,,,,,,,,,,,,,,,,,,,,,,,,,,,,,,,,,,,,,,,,,,,,,,,,,,,,,,,,,,,,1,EA,,,,,,,,,,,,,,,,,,,,,,,,,,,,,,,,,,,,,US,No,No
https://www.bc.com/product/1516892,,,,,,1516892,,,,1516892,1516892,7/8nx6-20' Millstone Sq Edge -Trex Select 2.0 Decking,-- Unbranded --,-- No Unilog Brand --,-- No DIB Brand --,Boise Cascade Building Materials (BOICA),Boise Cascade Company,BOISE CASCADE®,,1516892,,,"BOISE CASCADE®, Commercial Product, 1516892",COMMERCIAL PRODUCT,"BOISE CASCADE®, 1516892, Commercial Product",BOISE CASCADE® Commercial Product,"BOISE CASCADE®, Commercial Product",,,,,,,,,,,,,,,,,,,,,,,,,,,"BOISE CASCADE®, Commercial Product",Series,,,Model,,,Item Type,,,Voltage Rating,,,Amperage Rating,,,Dimensions,,,Mounting Type,,,Material,,,Color,,,Sound Level,,,Additional Information,,,,,,,,,,,,,,,,,,,,,,,,,,,,,,,,,,,,,,,,,,,,,,,,,,,,,,,,,,,,,,,,,,,,,,,,,,,,,,,,,,,,,,,,,,,,,,,,,,,,,,,,,,,,,,,,,,,,,,,,,,,,,,1,EA,,,,,,,,,,,,,,,,,,,,,,,,,,,,,,,,,,,,,US,No,No
https://www.bc.com/product/1516893,,,,,,1516893,,,,1516893,1516893,7/8nx6-12' Millstone Grooved - Trex Select 2.0 Decking,-- Unbranded --,-- No Unilog Brand --,-- No DIB Brand --,Boise Cascade Building Materials (BOICA),Boise Cascade Company,BOISE CASCADE®,,1516893,,,"BOISE CASCADE®, Commercial Product, 1516893",COMMERCIAL PRODUCT,"BOISE CASCADE®, 1516893, Commercial Product",BOISE CASCADE® Commercial Product,"BOISE CASCADE®, Commercial Product",,,,,,,,,,,,,,,,,,,,,,,,,,,"BOISE CASCADE®, Commercial Product",Series,,,Model,,,Item Type,,,Voltage Rating,,,Amperage Rating,,,Dimensions,,,Mounting Type,,,Material,,,Color,,,Sound Level,,,Additional Information,,,,,,,,,,,,,,,,,,,,,,,,,,,,,,,,,,,,,,,,,,,,,,,,,,,,,,,,,,,,,,,,,,,,,,,,,,,,,,,,,,,,,,,,,,,,,,,,,,,,,,,,,,,,,,,,,,,,,,,,,,,,,,1,EA,,,,,,,,,,,,,,,,,,,,,,,,,,,,,,,,,,,,,US,No,No
https://www.bc.com/product/1516894,,,,,,1516894,,,,1516894,1516894,7/8nx6-16' Millstone Grooved - Trex Select 2.0 Decking,-- Unbranded --,-- No Unilog Brand --,-- No DIB Brand --,Boise Cascade Building Materials (BOICA),Boise Cascade Company,BOISE CASCADE®,,1516894,,,"BOISE CASCADE®, Commercial Product, 1516894",COMMERCIAL PRODUCT,"BOISE CASCADE®, 1516894, Commercial Product",BOISE CASCADE® Commercial Product,"BOISE CASCADE®, Commercial Product",,,,,,,,,,,,,,,,,,,,,,,,,,,"BOISE CASCADE®, Commercial Product",Series,,,Model,,,Item Type,,,Voltage Rating,,,Amperage Rating,,,Dimensions,,,Mounting Type,,,Material,,,Color,,,Sound Level,,,Additional Information,,,,,,,,,,,,,,,,,,,,,,,,,,,,,,,,,,,,,,,,,,,,,,,,,,,,,,,,,,,,,,,,,,,,,,,,,,,,,,,,,,,,,,,,,,,,,,,,,,,,,,,,,,,,,,,,,,,,,,,,,,,,,,1,EA,,,,,,,,,,,,,,,,,,,,,,,,,,,,,,,,,,,,,US,No,No
https://www.bc.com/product/1516895,,,,,,1516895,,,,1516895,1516895,7/8nx6-20' Millstone Grooved - Trex Select 2.0 Decking,-- Unbranded --,-- No Unilog Brand --,-- No DIB Brand --,Boise Cascade Building Materials (BOICA),Boise Cascade Company,BOISE CASCADE®,,1516895,,,"BOISE CASCADE®, Commercial Product, 1516895",COMMERCIAL PRODUCT,"BOISE CASCADE®, 1516895, Commercial Product",BOISE CASCADE® Commercial Product,"BOISE CASCADE®, Commercial Product",,,,,,,,,,,,,,,,,,,,,,,,,,,"BOISE CASCADE®, Commercial Product",Series,,,Model,,,Item Type,,,Voltage Rating,,,Amperage Rating,,,Dimensions,,,Mounting Type,,,Material,,,Color,,,Sound Level,,,Additional Information,,,,,,,,,,,,,,,,,,,,,,,,,,,,,,,,,,,,,,,,,,,,,,,,,,,,,,,,,,,,,,,,,,,,,,,,,,,,,,,,,,,,,,,,,,,,,,,,,,,,,,,,,,,,,,,,,,,,,,,,,,,,,,1,EA,,,,,,,,,,,,,,,,,,,,,,,,,,,,,,,,,,,,,US,No,No
https://www.edgeeyewear.com/product/543007016,,,,,,543007016,,,,543007016,543007016,7/8nx6-16' Whiskey Barrel Sq Edge - Trex Select 2.0 Decking,-- Unbranded --,-- No Unilog Brand --,-- No DIB Brand --,Boise Cascade Building Materials (BOICA),Edge Eyewear,EDGE SAFETY®,,543007016,,,"EDGE SAFETY®, Commercial Product, 543007016",COMMERCIAL PRODUCT,"EDGE SAFETY®, 543007016, Commercial Product",EDGE SAFETY® Commercial Product,"EDGE SAFETY®, Commercial Product",,,,,,,,,,,,,,,,,,,,,,,,,,,"EDGE SAFETY®, Commercial Product",Series,,,Model,,,Item Type,,,Voltage Rating,,,Amperage Rating,,,Dimensions,,,Mounting Type,,,Material,,,Color,,,Sound Level,,,Additional Information,,,,,,,,,,,,,,,,,,,,,,,,,,,,,,,,,,,,,,,,,,,,,,,,,,,,,,,,,,,,,,,,,,,,,,,,,,,,,,,,,,,,,,,,,,,,,,,,,,,,,,,,,,,,,,,,,,,,,,,,,,,,,,1,EA,,,,,,,,,,,,,,,,,,,,,,,,,,,,,,,,,,,,,US,No,No
https://www.edgeeyewear.com/product/543007020,,,,,,543007020,,,,543007020,543007020,7/8nx6-20' Whiskey Barrel Sq Edge - Trex Select 2.0 Decking,-- Unbranded --,-- No Unilog Brand --,-- No DIB Brand --,Boise Cascade Building Materials (BOICA),Edge Eyewear,EDGE SAFETY®,,543007020,,,"EDGE SAFETY®, Commercial Product, 543007020",COMMERCIAL PRODUCT,"EDGE SAFETY®, 543007020, Commercial Product",EDGE SAFETY® Commercial Product,"EDGE SAFETY®, Commercial Product",,,,,,,,,,,,,,,,,,,,,,,,,,,"EDGE SAFETY®, Commercial Product",Series,,,Model,,,Item Type,,,Voltage Rating,,,Amperage Rating,,,Dimensions,,,Mounting Type,,,Material,,,Color,,,Sound Level,,,Additional Information,,,,,,,,,,,,,,,,,,,,,,,,,,,,,,,,,,,,,,,,,,,,,,,,,,,,,,,,,,,,,,,,,,,,,,,,,,,,,,,,,,,,,,,,,,,,,,,,,,,,,,,,,,,,,,,,,,,,,,,,,,,,,,1,EA,,,,,,,,,,,,,,,,,,,,,,,,,,,,,,,,,,,,,US,No,No
https://www.bc.com/product/543007412,,,,,,543007412,,,,543007412,543007412,7/8nx6-12' Whiskey Barrel Grooved - Trex Select 2.0 Decking,-- Unbranded --,-- No Unilog Brand --,-- No DIB Brand --,Boise Cascade Building Materials (BOICA),Boise Cascade Building Materials,Boise Cascade Building Materials,,543007412,,,"Boise Cascade Building Materials, Commercial Product, 543007412",COMMERCIAL PRODUCT,"Boise Cascade Building Materials, 543007412, Commercial Product",Boise Cascade Building Materials Commercial Product,"Boise Cascade Building Materials, Commercial Product",,,,,,,,,,,,,,,,,,,,,,,,,,,"Boise Cascade Building Materials, Commercial Product",Series,,,Model,,,Item Type,,,Voltage Rating,,,Amperage Rating,,,Dimensions,,,Mounting Type,,,Material,,,Color,,,Sound Level,,,Additional Information,,,,,,,,,,,,,,,,,,,,,,,,,,,,,,,,,,,,,,,,,,,,,,,,,,,,,,,,,,,,,,,,,,,,,,,,,,,,,,,,,,,,,,,,,,,,,,,,,,,,,,,,,,,,,,,,,,,,,,,,,,,,,,1,EA,,,,,,,,,,,,,,,,,,,,,,,,,,,,,,,,,,,,,US,No,No
https://www.bc.com/product/543007416,,,,,,543007416,,,,543007416,543007416,7/8nx6-16' Whiskey Barrel Grooved - Trex Select 2.0 Decking,-- Unbranded --,-- No Unilog Brand --,-- No DIB Brand --,Boise Cascade Building Materials (BOICA),Boise Cascade Building Materials,Boise Cascade Building Materials,,543007416,,,"Boise Cascade Building Materials, Commercial Product, 543007416",COMMERCIAL PRODUCT,"Boise Cascade Building Materials, 543007416, Commercial Product",Boise Cascade Building Materials Commercial Product,"Boise Cascade Building Materials, Commercial Product",,,,,,,,,,,,,,,,,,,,,,,,,,,"Boise Cascade Building Materials, Commercial Product",Series,,,Model,,,Item Type,,,Voltage Rating,,,Amperage Rating,,,Dimensions,,,Mounting Type,,,Material,,,Color,,,Sound Level,,,Additional Information,,,,,,,,,,,,,,,,,,,,,,,,,,,,,,,,,,,,,,,,,,,,,,,,,,,,,,,,,,,,,,,,,,,,,,,,,,,,,,,,,,,,,,,,,,,,,,,,,,,,,,,,,,,,,,,,,,,,,,,,,,,,,,1,EA,,,,,,,,,,,,,,,,,,,,,,,,,,,,,,,,,,,,,US,No,No
https://www.bc.com/product/543007420,,,,,,543007420,,,,543007420,543007420,7/8nx6-20' Whiskey Barrel Grooved - Trex Select 2.0 Decking,-- Unbranded --,-- No Unilog Brand --,-- No DIB Brand --,Boise Cascade Building Materials (BOICA),Boise Cascade Building Materials,Boise Cascade Building Materials,,543007420,,,"Boise Cascade Building Materials, Commercial Product, 543007420",COMMERCIAL PRODUCT,"Boise Cascade Building Materials, 543007420, Commercial Product",Boise Cascade Building Materials Commercial Product,"Boise Cascade Building Materials, Commercial Product",,,,,,,,,,,,,,,,,,,,,,,,,,,"Boise Cascade Building Materials, Commercial Product",Series,,,Model,,,Item Type,,,Voltage Rating,,,Amperage Rating,,,Dimensions,,,Mounting Type,,,Material,,,Color,,,Sound Level,,,Additional Information,,,,,,,,,,,,,,,,,,,,,,,,,,,,,,,,,,,,,,,,,,,,,,,,,,,,,,,,,,,,,,,,,,,,,,,,,,,,,,,,,,,,,,,,,,,,,,,,,,,,,,,,,,,,,,,,,,,,,,,,,,,,,,1,EA,,,,,,,,,,,,,,,,,,,,,,,,,,,,,,,,,,,,,US,No,No
https://www.parksite.com/product/ADR5117512CS,,,,,,ADR5117512CS,,,,ADR5117512CS,ADR5117512CS,1x12-12' Coastline - Vintage Azek PVC Fascia,-- Unbranded --,-- No Unilog Brand --,-- No DIB Brand --,Parksite (6151),Parksite Inc.,PARKSITE®,,ADR5117512CS,,,"PARKSITE®, Commercial Product, ADR5117512CS",COMMERCIAL PRODUCT 1X12-12,"PARKSITE®, ADR5117512CS, Commercial Product","PARKSITE® Commercial Product, 1x12-12","PARKSITE®, Commercial Product",,,,,,,,,,,,,,,,,,,,,,,,,,,"PARKSITE®, Commercial Product",Series,,,Model,,,Item Type,,,Voltage Rating,,,Amperage Rating,,,Dimensions,1x12-12,,Mounting Type,,,Material,,,Color,,,Sound Level,,,Additional Information,,,,,,,,,,,,,,,,,,,,,,,,,,,,,,,,,,,,,,,,,,,,,,,,,,,,,,,,,,,,,,,,,,,,,,,,,,,,,,,,,,,,,,,,,,,,,,,,,,,,,,,,,,,,,,,,,,,,,,,,,,,,,,1,EA,,,,,,,,,,,,,,,,,,,,,,,,,,,,,,,,,,,,,US,No,No
https://www.parksite.com/product/ADR5117512MH,,,,,,ADR5117512MH,,,,ADR5117512MH,ADR5117512MH,1x12-12' Mahogany - Vintage Azek PVC Fascia,-- Unbranded --,-- No Unilog Brand --,-- No DIB Brand --,Parksite (6151),Parksite Inc.,PARKSITE®,,ADR5117512MH,,,"PARKSITE®, Commercial Product, ADR5117512MH",COMMERCIAL PRODUCT 1X12-12,"PARKSITE®, ADR5117512MH, Commercial Product","PARKSITE® Commercial Product, 1x12-12","PARKSITE®, Commercial Product",,,,,,,,,,,,,,,,,,,,,,,,,,,"PARKSITE®, Commercial Product",Series,,,Model,,,Item Type,,,Voltage Rating,,,Amperage Rating,,,Dimensions,1x12-12,,Mounting Type,,,Material,,,Color,,,Sound Level,,,Additional Information,,,,,,,,,,,,,,,,,,,,,,,,,,,,,,,,,,,,,,,,,,,,,,,,,,,,,,,,,,,,,,,,,,,,,,,,,,,,,,,,,,,,,,,,,,,,,,,,,,,,,,,,,,,,,,,,,,,,,,,,,,,,,,1,EA,,,,,,,,,,,,,,,,,,,,,,,,,,,,,,,,,,,,,US,No,No
https://www.parksite.com/product/ADR5117512WT,,,,,,ADR5117512WT,,,,ADR5117512WT,ADR5117512WT,1x12-12' Weathered Teak - Vintage Azek PVC Fascia,-- Unbranded --,-- No Unilog Brand --,-- No DIB Brand --,Parksite (6151),Parksite Inc.,PARKSITE®,,ADR5117512WT,,,"PARKSITE®, Commercial Product, ADR5117512WT",COMMERCIAL PRODUCT 1X12-12,"PARKSITE®, ADR5117512WT, Commercial Product","PARKSITE® Commercial Product, 1x12-12","PARKSITE®, Commercial Product",,,,,,,,,,,,,,,,,,,,,,,,,,,"PARKSITE®, Commercial Product",Series,,,Model,,,Item Type,,,Voltage Rating,,,Amperage Rating,,,Dimensions,1x12-12,,Mounting Type,,,Material,,,Color,,,Sound Level,,,Additional Information,,,,,,,,,,,,,,,,,,,,,,,,,,,,,,,,,,,,,,,,,,,,,,,,,,,,,,,,,,,,,,,,,,,,,,,,,,,,,,,,,,,,,,,,,,,,,,,,,,,,,,,,,,,,,,,,,,,,,,,,,,,,,,1,EA,,,,,,,,,,,,,,,,,,,,,,,,,,,,,,,,,,,,,US,No,No
https://www.parksite.com/product/ADR5117512AW,,,,,,ADR5117512AW,,,,ADR5117512AW,ADR5117512AW,1x12-12' American Walnut - Landmark Azek PVC Fascia,-- Unbranded --,-- No Unilog Brand --,-- No DIB Brand --,Parksite (6151),Parksite Inc.,PARKSITE®,,ADR5117512AW,,,"PARKSITE®, Commercial Product, ADR5117512AW",COMMERCIAL PRODUCT 1X12-12,"PARKSITE®, ADR5117512AW, Commercial Product","PARKSITE® Commercial Product, 1x12-12","PARKSITE®, Commercial Product",,,,,,,,,,,,,,,,,,,,,,,,,,,"PARKSITE®, Commercial Product",Series,,,Model,,,Item Type,,,Voltage Rating,,,Amperage Rating,,,Dimensions,1x12-12,,Mounting Type,,,Material,,,Color,,,Sound Level,,,Additional Information,,,,,,,,,,,,,,,,,,,,,,,,,,,,,,,,,,,,,,,,,,,,,,,,,,,,,,,,,,,,,,,,,,,,,,,,,,,,,,,,,,,,,,,,,,,,,,,,,,,,,,,,,,,,,,,,,,,,,,,,,,,,,,1,EA,,,,,,,,,,,,,,,,,,,,,,,,,,,,,,,,,,,,,US,No,No
https://www.parksite.com/product/ADR5117512CG,,,,,,ADR5117512CG,,,,ADR5117512CG,ADR5117512CG,1x12-12' Castle Gate - Landmark Azek PVC Fascia,-- Unbranded --,-- No Unilog Brand --,-- No DIB Brand --,Parksite (6151),Parksite Inc.,PARKSITE®,,ADR5117512CG,,,"PARKSITE®, Commercial Product, ADR5117512CG",COMMERCIAL PRODUCT 1X12-12,"PARKSITE®, ADR5117512CG, Commercial Product","PARKSITE® Commercial Product, 1x12-12","PARKSITE®, Commercial Product",,,,,,,,,,,,,,,,,,,,,,,,,,,"PARKSITE®, Commercial Product",Series,,,Model,,,Item Type,,,Voltage Rating,,,Amperage Rating,,,Dimensions,1x12-12,,Mounting Type,,,Material,,,Color,,,Sound Level,,,Additional Information,,,,,,,,,,,,,,,,,,,,,,,,,,,,,,,,,,,,,,,,,,,,,,,,,,,,,,,,,,,,,,,,,,,,,,,,,,,,,,,,,,,,,,,,,,,,,,,,,,,,,,,,,,,,,,,,,,,,,,,,,,,,,,1,EA,,,,,,,,,,,,,,,,,,,,,,,,,,,,,,,,,,,,,US,No,No
https://www.parksite.com/product/ADR5117512FW,,,,,,ADR5117512FW,,,,ADR5117512FW,ADR5117512FW,1x12-12' French White Oak - Landmark Azek PVC Fascia,-- Unbranded --,-- No Unilog Brand --,-- No DIB Brand --,Parksite (6151),Parksite Inc.,PARKSITE®,,ADR5117512FW,,,"PARKSITE®, Commercial Product, ADR5117512FW",COMMERCIAL PRODUCT 1X12-12,"PARKSITE®, ADR5117512FW, Commercial Product","PARKSITE® Commercial Product, 1x12-12","PARKSITE®, Commercial Product",,,,,,,,,,,,,,,,,,,,,,,,,,,"PARKSITE®, Commercial Product",Series,,,Model,,,Item Type,,,Voltage Rating,,,Amperage Rating,,,Dimensions,1x12-12,,Mounting Type,,,Material,,,Color,,,Sound Level,,,Additional Information,,,,,,,,,,,,,,,,,,,,,,,,,,,,,,,,,,,,,,,,,,,,,,,,,,,,,,,,,,,,,,,,,,,,,,,,,,,,,,,,,,,,,,,,,,,,,,,,,,,,,,,,,,,,,,,,,,,,,,,,,,,,,,1,EA,,,,,,,,,,,,,,,,,,,,,,,,,,,,,,,,,,,,,US,No,No
https://www.parksite.com/product/1508395,,,,,,1508395,,,,1508395,1508395,1x8-12' Brownstone - Harvest Azek PVC Fascia,-- Unbranded --,-- No Unilog Brand --,-- No DIB Brand --,Parksite (6151),Parksite Inc.,PARKSITE®,,1508395,,,"PARKSITE®, Commercial Product, 1508395",COMMERCIAL PRODUCT 1X8-12,"PARKSITE®, 1508395, Commercial Product","PARKSITE® Commercial Product, 1x8-12","PARKSITE®, Commercial Product",,,,,,,,,,,,,,,,,,,,,,,,,,,"PARKSITE®, Commercial Product",Series,,,Model,,,Item Type,,,Voltage Rating,,,Amperage Rating,,,Dimensions,1x8-12,,Mounting Type,,,Material,,,Color,,,Sound Level,,,Additional Information,,,,,,,,,,,,,,,,,,,,,,,,,,,,,,,,,,,,,,,,,,,,,,,,,,,,,,,,,,,,,,,,,,,,,,,,,,,,,,,,,,,,,,,,,,,,,,,,,,,,,,,,,,,,,,,,,,,,,,,,,,,,,,1,EA,,,,,,,,,,,,,,,,,,,,,,,,,,,,,,,,,,,,,US,No,No
https://www.parksite.com/product/1508396,,,,,,1508396,,,,1508396,1508396,1x8-12' Slate Gray - Harvest Azek PVC Fascia,-- Unbranded --,-- No Unilog Brand --,-- No DIB Brand --,Parksite (6151),Parksite Inc.,PARKSITE®,,1508396,,,"PARKSITE®, Commercial Product, 1508396",COMMERCIAL PRODUCT 1X8-12,"PARKSITE®, 1508396, Commercial Product","PARKSITE® Commercial Product, 1x8-12","PARKSITE®, Commercial Product",,,,,,,,,,,,,,,,,,,,,,,,,,,"PARKSITE®, Commercial Product",Series,,,Model,,,Item Type,,,Voltage Rating,,,Amperage Rating,,,Dimensions,1x8-12,,Mounting Type,,,Material,,,Color,,,Sound Level,,,Additional Information,,,,,,,,,,,,,,,,,,,,,,,,,,,,,,,,,,,,,,,,,,,,,,,,,,,,,,,,,,,,,,,,,,,,,,,,,,,,,,,,,,,,,,,,,,,,,,,,,,,,,,,,,,,,,,,,,,,,,,,,,,,,,,1,EA,,,,,,,,,,,,,,,,,,,,,,,,,,,,,,,,,,,,,US,No,No
https://www.parksite.com/product/ADCR5117512BS,,,,,,ADCR5117512BS,,,,ADCR5117512BS,ADCR5117512BS,1x12-12' Brownstone - Harvest Azek PVC Fascia,-- Unbranded --,-- No Unilog Brand --,-- No DIB Brand --,Parksite (6151),Parksite Inc.,PARKSITE®,,ADCR5117512BS,,,"PARKSITE®, Commercial Product, ADCR5117512BS",COMMERCIAL PRODUCT 1X12-12,"PARKSITE®, ADCR5117512BS, Commercial Product","PARKSITE® Commercial Product, 1x12-12","PARKSITE®, Commercial Product",,,,,,,,,,,,,,,,,,,,,,,,,,,"PARKSITE®, Commercial Product",Series,,,Model,,,Item Type,,,Voltage Rating,,,Amperage Rating,,,Dimensions,1x12-12,,Mounting Type,,,Material,,,Color,,,Sound Level,,,Additional Information,,,,,,,,,,,,,,,,,,,,,,,,,,,,,,,,,,,,,,,,,,,,,,,,,,,,,,,,,,,,,,,,,,,,,,,,,,,,,,,,,,,,,,,,,,,,,,,,,,,,,,,,,,,,,,,,,,,,,,,,,,,,,,1,EA,,,,,,,,,,,,,,,,,,,,,,,,,,,,,,,,,,,,,US,No,No
https://www.parksite.com/product/ADCR5117512SG,,,,,,ADCR5117512SG,,,,ADCR5117512SG,ADCR5117512SG,1x12-12' Slate Gray - Harvest Azek PVC Fascia,-- Unbranded --,-- No Unilog Brand --,-- No DIB Brand --,Parksite (6151),Parksite Inc.,PARKSITE®,,ADCR5117512SG,,,"PARKSITE®, Commercial Product, ADCR5117512SG",COMMERCIAL PRODUCT 1X12-12,"PARKSITE®, ADCR5117512SG, Commercial Product","PARKSITE® Commercial Product, 1x12-12","PARKSITE®, Commercial Product",,,,,,,,,,,,,,,,,,,,,,,,,,,"PARKSITE®, Commercial Product",Series,,,Model,,,Item Type,,,Voltage Rating,,,Amperage Rating,,,Dimensions,1x12-12,,Mounting Type,,,Material,,,Color,,,Sound Level,,,Additional Information,,,,,,,,,,,,,,,,,,,,,,,,,,,,,,,,,,,,,,,,,,,,,,,,,,,,,,,,,,,,,,,,,,,,,,,,,,,,,,,,,,,,,,,,,,,,,,,,,,,,,,,,,,,,,,,,,,,,,,,,,,,,,,1,EA,,,,,,,,,,,,,,,,,,,,,,,,,,,,,,,,,,,,,US,No,No
,,,,,,543140908,,,,543140908,543140908,1x8-12' Biscayne - Trex Lineage,-- Unbranded --,-- No Unilog Brand --,-- No DIB Brand --,U S Lumber (3073),U S Lumber,U S Lumber,,543140908,,,"U S Lumber, Commercial Product, 543140908",COMMERCIAL PRODUCT 1X8-12,"U S Lumber, 543140908, Commercial Product","U S Lumber Commercial Product, 1x8-12","U S Lumber, Commercial Product",,,,,,,,,,,,,,,,,,,,,,,,,,,"U S Lumber, Commercial Product",Series,,,Model,,,Item Type,,,Voltage Rating,,,Amperage Rating,,,Dimensions,1x8-12,,Mounting Type,,,Material,,,Color,,,Sound Level,,,Additional Information,,,,,,,,,,,,,,,,,,,,,,,,,,,,,,,,,,,,,,,,,,,,,,,,,,,,,,,,,,,,,,,,,,,,,,,,,,,,,,,,,,,,,,,,,,,,,,,,,,,,,,,,,,,,,,,,,,,,,,,,,,,,,,1,EA,,,,,,,,,,,,,,,,,,,,,,,,,,,,,,,,,,,,,US,No,No
,,,,,,543142908,,,,543142908,543142908,1x8-12' Carmel - Trex Lineage,-- Unbranded --,-- No Unilog Brand --,-- No DIB Brand --,U S Lumber (3073),U S Lumber,U S Lumber,,543142908,,,"U S Lumber, Commercial Product, 543142908",COMMERCIAL PRODUCT 1X8-12,"U S Lumber, 543142908, Commercial Product","U S Lumber Commercial Product, 1x8-12","U S Lumber, Commercial Product",,,,,,,,,,,,,,,,,,,,,,,,,,,"U S Lumber, Commercial Product",Series,,,Model,,,Item Type,,,Voltage Rating,,,Amperage Rating,,,Dimensions,1x8-12,,Mounting Type,,,Material,,,Color,,,Sound Level,,,Additional Information,,,,,,,,,,,,,,,,,,,,,,,,,,,,,,,,,,,,,,,,,,,,,,,,,,,,,,,,,,,,,,,,,,,,,,,,,,,,,,,,,,,,,,,,,,,,,,,,,,,,,,,,,,,,,,,,,,,,,,,,,,,,,,1,EA,,,,,,,,,,,,,,,,,,,,,,,,,,,,,,,,,,,,,US,No,No
,,,,,,543143908,,,,543143908,543143908,1x8-12' Jasper - Trex Lineage,-- Unbranded --,-- No Unilog Brand --,-- No DIB Brand --,U S Lumber (3073),U S Lumber,U S Lumber,,543143908,,,"U S Lumber, Commercial Product, 543143908",COMMERCIAL PRODUCT 1X8-12,"U S Lumber, 543143908, Commercial Product","U S Lumber Commercial Product, 1x8-12","U S Lumber, Commercial Product",,,,,,,,,,,,,,,,,,,,,,,,,,,"U S Lumber, Commercial Product",Series,,,Model,,,Item Type,,,Voltage Rating,,,Amperage Rating,,,Dimensions,1x8-12,,Mounting Type,,,Material,,,Color,,,Sound Level,,,Additional Information,,,,,,,,,,,,,,,,,,,,,,,,,,,,,,,,,,,,,,,,,,,,,,,,,,,,,,,,,,,,,,,,,,,,,,,,,,,,,,,,,,,,,,,,,,,,,,,,,,,,,,,,,,,,,,,,,,,,,,,,,,,,,,1,EA,,,,,,,,,,,,,,,,,,,,,,,,,,,,,,,,,,,,,US,No,No
,,,,,,543140912,,,,543140912,543140912,1x12-12' Biscayne - Trex Lineage,-- Unbranded --,-- No Unilog Brand --,-- No DIB Brand --,U S Lumber (3073),U S Lumber,U S Lumber,,543140912,,,"U S Lumber, Commercial Product, 543140912",COMMERCIAL PRODUCT 1X12-12,"U S Lumber, 543140912, Commercial Product","U S Lumber Commercial Product, 1x12-12","U S Lumber, Commercial Product",,,,,,,,,,,,,,,,,,,,,,,,,,,"U S Lumber, Commercial Product",Series,,,Model,,,Item Type,,,Voltage Rating,,,Amperage Rating,,,Dimensions,1x12-12,,Mounting Type,,,Material,,,Color,,,Sound Level,,,Additional Information,,,,,,,,,,,,,,,,,,,,,,,,,,,,,,,,,,,,,,,,,,,,,,,,,,,,,,,,,,,,,,,,,,,,,,,,,,,,,,,,,,,,,,,,,,,,,,,,,,,,,,,,,,,,,,,,,,,,,,,,,,,,,,1,EA,,,,,,,,,,,,,,,,,,,,,,,,,,,,,,,,,,,,,US,No,No
,,,,,,543142912,,,,543142912,543142912,1x12-12' Carmel - Trex Lineage,-- Unbranded --,-- No Unilog Brand --,-- No DIB Brand --,U S Lumber (3073),U S Lumber,U S Lumber,,543142912,,,"U S Lumber, Commercial Product, 543142912",COMMERCIAL PRODUCT 1X12-12,"U S Lumber, 543142912, Commercial Product","U S Lumber Commercial Product, 1x12-12","U S Lumber, Commercial Product",,,,,,,,,,,,,,,,,,,,,,,,,,,"U S Lumber, Commercial Product",Series,,,Model,,,Item Type,,,Voltage Rating,,,Amperage Rating,,,Dimensions,1x12-12,,Mounting Type,,,Material,,,Color,,,Sound Level,,,Additional Information,,,,,,,,,,,,,,,,,,,,,,,,,,,,,,,,,,,,,,,,,,,,,,,,,,,,,,,,,,,,,,,,,,,,,,,,,,,,,,,,,,,,,,,,,,,,,,,,,,,,,,,,,,,,,,,,,,,,,,,,,,,,,,1,EA,,,,,,,,,,,,,,,,,,,,,,,,,,,,,,,,,,,,,US,No,No
,,,,,,543143912,,,,543143912,543143912,1x12-12' Jasper - Trex Lineage,-- Unbranded --,-- No Unilog Brand --,-- No DIB Brand --,U S Lumber (3073),U S Lumber,U S Lumber,,543143912,,,"U S Lumber, Commercial Product, 543143912",COMMERCIAL PRODUCT 1X12-12,"U S Lumber, 543143912, Commercial Product","U S Lumber Commercial Product, 1x12-12","U S Lumber, Commercial Product",,,,,,,,,,,,,,,,,,,,,,,,,,,"U S Lumber, Commercial Product",Series,,,Model,,,Item Type,,,Voltage Rating,,,Amperage Rating,,,Dimensions,1x12-12,,Mounting Type,,,Material,,,Color,,,Sound Level,,,Additional Information,,,,,,,,,,,,,,,,,,,,,,,,,,,,,,,,,,,,,,,,,,,,,,,,,,,,,,,,,,,,,,,,,,,,,,,,,,,,,,,,,,,,,,,,,,,,,,,,,,,,,,,,,,,,,,,,,,,,,,,,,,,,,,1,EA,,,,,,,,,,,,,,,,,,,,,,,,,,,,,,,,,,,,,US,No,No
https://www.bc.com/product/1513715,,,,,,1513715,,,,1513715,1513715,1x12-12' Hatteras - Trex Lineage,-- Unbranded --,-- No Unilog Brand --,-- No DIB Brand --,Boise Cascade Building Materials (BOICA),Boise Cascade Company,BOISE CASCADE®,,1513715,,,"BOISE CASCADE®, Commercial Product, 1513715",COMMERCIAL PRODUCT 1X12-12,"BOISE CASCADE®, 1513715, Commercial Product","BOISE CASCADE® Commercial Product, 1x12-12","BOISE CASCADE®, Commercial Product",,,,,,,,,,,,,,,,,,,,,,,,,,,"BOISE CASCADE®, Commercial Product",Series,,,Model,,,Item Type,,,Voltage Rating,,,Amperage Rating,,,Dimensions,1x12-12,,Mounting Type,,,Material,,,Color,,,Sound Level,,,Additional Information,,,,,,,,,,,,,,,,,,,,,,,,,,,,,,,,,,,,,,,,,,,,,,,,,,,,,,,,,,,,,,,,,,,,,,,,,,,,,,,,,,,,,,,,,,,,,,,,,,,,,,,,,,,,,,,,,,,,,,,,,,,,,,1,EA,,,,,,,,,,,,,,,,,,,,,,,,,,,,,,,,,,,,,US,No,No
https://www.bc.com/product/1513716,,,,,,1513716,,,,1513716,1513716,1x12-12' Salt Flat - Trex Lineage,-- Unbranded --,-- No Unilog Brand --,-- No DIB Brand --,Boise Cascade Building Materials (BOICA),Boise Cascade Company,BOISE CASCADE®,,1513716,,,"BOISE CASCADE®, Commercial Product, 1513716",COMMERCIAL PRODUCT 1X12-12,"BOISE CASCADE®, 1513716, Commercial Product","BOISE CASCADE® Commercial Product, 1x12-12","BOISE CASCADE®, Commercial Product",,,,,,,,,,,,,,,,,,,,,,,,,,,"BOISE CASCADE®, Commercial Product",Series,,,Model,,,Item Type,,,Voltage Rating,,,Amperage Rating,,,Dimensions,1x12-12,,Mounting Type,,,Material,,,Color,,,Sound Level,,,Additional Information,,,,,,,,,,,,,,,,,,,,,,,,,,,,,,,,,,,,,,,,,,,,,,,,,,,,,,,,,,,,,,,,,,,,,,,,,,,,,,,,,,,,,,,,,,,,,,,,,,,,,,,,,,,,,,,,,,,,,,,,,,,,,,1,EA,,,,,,,,,,,,,,,,,,,,,,,,,,,,,,,,,,,,,US,No,No
https://www.bc.com/product/1513722,,,,,,1513722,,,,1513722,1513722,1x8-12' Honey Grove - Trex Enhance Naturals Fascia,-- Unbranded --,-- No Unilog Brand --,-- No DIB Brand --,Boise Cascade Building Materials (BOICA),Boise Cascade Company,BOISE CASCADE®,,1513722,,,"BOISE CASCADE®, Commercial Product, 1513722",COMMERCIAL PRODUCT 1X8-12,"BOISE CASCADE®, 1513722, Commercial Product","BOISE CASCADE® Commercial Product, 1x8-12","BOISE CASCADE®, Commercial Product",,,,,,,,,,,,,,,,,,,,,,,,,,,"BOISE CASCADE®, Commercial Product",Series,,,Model,,,Item Type,,,Voltage Rating,,,Amperage Rating,,,Dimensions,1x8-12,,Mounting Type,,,Material,,,Color,,,Sound Level,,,Additional Information,,,,,,,,,,,,,,,,,,,,,,,,,,,,,,,,,,,,,,,,,,,,,,,,,,,,,,,,,,,,,,,,,,,,,,,,,,,,,,,,,,,,,,,,,,,,,,,,,,,,,,,,,,,,,,,,,,,,,,,,,,,,,,1,EA,,,,,,,,,,,,,,,,,,,,,,,,,,,,,,,,,,,,,US,No,No
https://www.bc.com/product/1513723,,,,,,1513723,,,,1513723,1513723,1x12-12' Honey Grove - Trex Enhance Naturals Fascia,-- Unbranded --,-- No Unilog Brand --,-- No DIB Brand --,Boise Cascade Building Materials (BOICA),Boise Cascade Company,BOISE CASCADE®,,1513723,,,"BOISE CASCADE®, Commercial Product, 1513723",COMMERCIAL PRODUCT 1X12-12,"BOISE CASCADE®, 1513723, Commercial Product","BOISE CASCADE® Commercial Product, 1x12-12","BOISE CASCADE®, Commercial Product",,,,,,,,,,,,,,,,,,,,,,,,,,,"BOISE CASCADE®, Commercial Product",Series,,,Model,,,Item Type,,,Voltage Rating,,,Amperage Rating,,,Dimensions,1x12-12,,Mounting Type,,,Material,,,Color,,,Sound Level,,,Additional Information,,,,,,,,,,,,,,,,,,,,,,,,,,,,,,,,,,,,,,,,,,,,,,,,,,,,,,,,,,,,,,,,,,,,,,,,,,,,,,,,,,,,,,,,,,,,,,,,,,,,,,,,,,,,,,,,,,,,,,,,,,,,,,1,EA,,,,,,,,,,,,,,,,,,,,,,,,,,,,,,,,,,,,,US,No,No
https://www.bc.com/product/1513729,,,,,,1513729,,,,1513729,1513729,1x8-12' Tide Pool - Trex Enhance Basics Fascia,-- Unbranded --,-- No Unilog Brand --,-- No DIB Brand --,Boise Cascade Building Materials (BOICA),Boise Cascade Company,BOISE CASCADE®,,1513729,,,"BOISE CASCADE®, Commercial Product, 1513729",COMMERCIAL PRODUCT 1X8-12,"BOISE CASCADE®, 1513729, Commercial Product","BOISE CASCADE® Commercial Product, 1x8-12","BOISE CASCADE®, Commercial Product",,,,,,,,,,,,,,,,,,,,,,,,,,,"BOISE CASCADE®, Commercial Product",Series,,,Model,,,Item Type,,,Voltage Rating,,,Amperage Rating,,,Dimensions,1x8-12,,Mounting Type,,,Material,,,Color,,,Sound Level,,,Additional Information,,,,,,,,,,,,,,,,,,,,,,,,,,,,,,,,,,,,,,,,,,,,,,,,,,,,,,,,,,,,,,,,,,,,,,,,,,,,,,,,,,,,,,,,,,,,,,,,,,,,,,,,,,,,,,,,,,,,,,,,,,,,,,1,EA,,,,,,,,,,,,,,,,,,,,,,,,,,,,,,,,,,,,,US,No,No
https://www.bc.com/product/1513730,,,,,,1513730,,,,1513730,1513730,1x12-12' Tide Pool - Trex Enhance Basics Fascia,-- Unbranded --,-- No Unilog Brand --,-- No DIB Brand --,Boise Cascade Building Materials (BOICA),Boise Cascade Company,BOISE CASCADE®,,1513730,,,"BOISE CASCADE®, Commercial Product, 1513730",COMMERCIAL PRODUCT 1X12-12,"BOISE CASCADE®, 1513730, Commercial Product","BOISE CASCADE® Commercial Product, 1x12-12","BOISE CASCADE®, Commercial Product",,,,,,,,,,,,,,,,,,,,,,,,,,,"BOISE CASCADE®, Commercial Product",Series,,,Model,,,Item Type,,,Voltage Rating,,,Amperage Rating,,,Dimensions,1x12-12,,Mounting Type,,,Material,,,Color,,,Sound Level,,,Additional Information,,,,,,,,,,,,,,,,,,,,,,,,,,,,,,,,,,,,,,,,,,,,,,,,,,,,,,,,,,,,,,,,,,,,,,,,,,,,,,,,,,,,,,,,,,,,,,,,,,,,,,,,,,,,,,,,,,,,,,,,,,,,,,1,EA,,,,,,,,,,,,,,,,,,,,,,,,,,,,,,,,,,,,,US,No,No
https://www.bc.com/product/543076916,,,,,,543076916,,,,543076916,543076916,1x8-12' Cinnamon Cove - Trex Enhance Naturals Fascia,-- Unbranded --,-- No Unilog Brand --,-- No DIB Brand --,Boise Cascade Building Materials (BOICA),Boise Cascade Building Materials,Boise Cascade Building Materials,,543076916,,,"Boise Cascade Building Materials, Commercial Product, 543076916",COMMERCIAL PRODUCT 1X8-12,"Boise Cascade Building Materials, 543076916, Commercial Product","Boise Cascade Building Materials Commercial Product, 1x8-12","Boise Cascade Building Materials, Commercial Product",,,,,,,,,,,,,,,,,,,,,,,,,,,"Boise Cascade Building Materials, Commercial Product",Series,,,Model,,,Item Type,,,Voltage Rating,,,Amperage Rating,,,Dimensions,1x8-12,,Mounting Type,,,Material,,,Color,,,Sound Level,,,Additional Information,,,,,,,,,,,,,,,,,,,,,,,,,,,,,,,,,,,,,,,,,,,,,,,,,,,,,,,,,,,,,,,,,,,,,,,,,,,,,,,,,,,,,,,,,,,,,,,,,,,,,,,,,,,,,,,,,,,,,,,,,,,,,,1,EA,,,,,,,,,,,,,,,,,,,,,,,,,,,,,,,,,,,,,US,No,No
https://www.bc.com/product/1516876,,,,,,1516876,,,,1516876,1516876,1x8-12' Golden Hour - Trex Enhance Naturals Fascia,-- Unbranded --,-- No Unilog Brand --,-- No DIB Brand --,Boise Cascade Building Materials (BOICA),Boise Cascade Company,BOISE CASCADE®,,1516876,,,"BOISE CASCADE®, Commercial Product, 1516876",COMMERCIAL PRODUCT 1X8-12,"BOISE CASCADE®, 1516876, Commercial Product","BOISE CASCADE® Commercial Product, 1x8-12","BOISE CASCADE®, Commercial Product",,,,,,,,,,,,,,,,,,,,,,,,,,,"BOISE CASCADE®, Commercial Product",Series,,,Model,,,Item Type,,,Voltage Rating,,,Amperage Rating,,,Dimensions,1x8-12,,Mounting Type,,,Material,,,Color,,,Sound Level,,,Additional Information,,,,,,,,,,,,,,,,,,,,,,,,,,,,,,,,,,,,,,,,,,,,,,,,,,,,,,,,,,,,,,,,,,,,,,,,,,,,,,,,,,,,,,,,,,,,,,,,,,,,,,,,,,,,,,,,,,,,,,,,,,,,,,1,EA,,,,,,,,,,,,,,,,,,,,,,,,,,,,,,,,,,,,,US,No,No
https://www.bc.com/product/543076936,,,,,,543076936,,,,543076936,543076936,1x12-12' Cinnamon Cove - Trex Enhance Naturals Fascia,-- Unbranded --,-- No Unilog Brand --,-- No DIB Brand --,Boise Cascade Building Materials (BOICA),Boise Cascade Building Materials,Boise Cascade Building Materials,,543076936,,,"Boise Cascade Building Materials, Commercial Product, 543076936",COMMERCIAL PRODUCT 1X12-12,"Boise Cascade Building Materials, 543076936, Commercial Product","Boise Cascade Building Materials Commercial Product, 1x12-12","Boise Cascade Building Materials, Commercial Product",,,,,,,,,,,,,,,,,,,,,,,,,,,"Boise Cascade Building Materials, Commercial Product",Series,,,Model,,,Item Type,,,Voltage Rating,,,Amperage Rating,,,Dimensions,1x12-12,,Mounting Type,,,Material,,,Color,,,Sound Level,,,Additional Information,,,,,,,,,,,,,,,,,,,,,,,,,,,,,,,,,,,,,,,,,,,,,,,,,,,,,,,,,,,,,,,,,,,,,,,,,,,,,,,,,,,,,,,,,,,,,,,,,,,,,,,,,,,,,,,,,,,,,,,,,,,,,,1,EA,,,,,,,,,,,,,,,,,,,,,,,,,,,,,,,,,,,,,US,No,No
https://www.bc.com/product/1516878,,,,,,1516878,,,,1516878,1516878,1x12-12' Golden Hour - Trex Enhance Naturals Fascia,-- Unbranded --,-- No Unilog Brand --,-- No DIB Brand --,Boise Cascade Building Materials (BOICA),Boise Cascade Company,BOISE CASCADE®,,1516878,,,"BOISE CASCADE®, Commercial Product, 1516878",COMMERCIAL PRODUCT 1X12-12,"BOISE CASCADE®, 1516878, Commercial Product","BOISE CASCADE® Commercial Product, 1x12-12","BOISE CASCADE®, Commercial Product",,,,,,,,,,,,,,,,,,,,,,,,,,,"BOISE CASCADE®, Commercial Product",Series,,,Model,,,Item Type,,,Voltage Rating,,,Amperage Rating,,,Dimensions,1x12-12,,Mounting Type,,,Material,,,Color,,,Sound Level,,,Additional Information,,,,,,,,,,,,,,,,,,,,,,,,,,,,,,,,,,,,,,,,,,,,,,,,,,,,,,,,,,,,,,,,,,,,,,,,,,,,,,,,,,,,,,,,,,,,,,,,,,,,,,,,,,,,,,,,,,,,,,,,,,,,,,1,EA,,,,,,,,,,,,,,,,,,,,,,,,,,,,,,,,,,,,,US,No,No
https://www.bc.com/product/1516884,,,,,,1516884,,,,1516884,1516884,1x8-12' Pebble Beach - Trex Enhance Basics Fascia,-- Unbranded --,-- No Unilog Brand --,-- No DIB Brand --,Boise Cascade Building Materials (BOICA),Boise Cascade Company,BOISE CASCADE®,,1516884,,,"BOISE CASCADE®, Commercial Product, 1516884",COMMERCIAL PRODUCT 1X8-12,"BOISE CASCADE®, 1516884, Commercial Product","BOISE CASCADE® Commercial Product, 1x8-12","BOISE CASCADE®, Commercial Product",,,,,,,,,,,,,,,,,,,,,,,,,,,"BOISE CASCADE®, Commercial Product",Series,,,Model,,,Item Type,,,Voltage Rating,,,Amperage Rating,,,Dimensions,1x8-12,,Mounting Type,,,Material,,,Color,,,Sound Level,,,Additional Information,,,,,,,,,,,,,,,,,,,,,,,,,,,,,,,,,,,,,,,,,,,,,,,,,,,,,,,,,,,,,,,,,,,,,,,,,,,,,,,,,,,,,,,,,,,,,,,,,,,,,,,,,,,,,,,,,,,,,,,,,,,,,,1,EA,,,,,,,,,,,,,,,,,,,,,,,,,,,,,,,,,,,,,US,No,No
https://www.bc.com/product/1516885,,,,,,1516885,,,,1516885,1516885,1x12-12' Pebble Beach - Trex Enhance Basics Fascia,-- Unbranded --,-- No Unilog Brand --,-- No DIB Brand --,Boise Cascade Building Materials (BOICA),Boise Cascade Company,BOISE CASCADE®,,1516885,,,"BOISE CASCADE®, Commercial Product, 1516885",COMMERCIAL PRODUCT 1X12-12,"BOISE CASCADE®, 1516885, Commercial Product","BOISE CASCADE® Commercial Product, 1x12-12","BOISE CASCADE®, Commercial Product",,,,,,,,,,,,,,,,,,,,,,,,,,,"BOISE CASCADE®, Commercial Product",Series,,,Model,,,Item Type,,,Voltage Rating,,,Amperage Rating,,,Dimensions,1x12-12,,Mounting Type,,,Material,,,Color,,,Sound Level,,,Additional Information,,,,,,,,,,,,,,,,,,,,,,,,,,,,,,,,,,,,,,,,,,,,,,,,,,,,,,,,,,,,,,,,,,,,,,,,,,,,,,,,,,,,,,,,,,,,,,,,,,,,,,,,,,,,,,,,,,,,,,,,,,,,,,1,EA,,,,,,,,,,,,,,,,,,,,,,,,,,,,,,,,,,,,,US,No,No
https://www.bc.com/product/543005916,,,,,,543005916,,,,543005916,543005916,1x8-12' Malted Barley - Trex Select 2.0 Fascia,-- Unbranded --,-- No Unilog Brand --,-- No DIB Brand --,Boise Cascade Building Materials (BOICA),Boise Cascade Building Materials,Boise Cascade Building Materials,,543005916,,,"Boise Cascade Building Materials, Commercial Product, 543005916",COMMERCIAL PRODUCT 1X8-12,"Boise Cascade Building Materials, 543005916, Commercial Product","Boise Cascade Building Materials Commercial Product, 1x8-12","Boise Cascade Building Materials, Commercial Product",,,,,,,,,,,,,,,,,,,,,,,,,,,"Boise Cascade Building Materials, Commercial Product",Series,,,Model,,,Item Type,,,Voltage Rating,,,Amperage Rating,,,Dimensions,1x8-12,,Mounting Type,,,Material,,,Color,,,Sound Level,,,Additional Information,,,,,,,,,,,,,,,,,,,,,,,,,,,,,,,,,,,,,,,,,,,,,,,,,,,,,,,,,,,,,,,,,,,,,,,,,,,,,,,,,,,,,,,,,,,,,,,,,,,,,,,,,,,,,,,,,,,,,,,,,,,,,,1,EA,,,,,,,,,,,,,,,,,,,,,,,,,,,,,,,,,,,,,US,No,No
https://www.bc.com/product/1516902,,,,,,1516902,,,,1516902,1516902,1x8-12' Millstone - Trex Select 2.0 Fascia,-- Unbranded --,-- No Unilog Brand --,-- No DIB Brand --,Boise Cascade Building Materials (BOICA),Boise Cascade Company,BOISE CASCADE®,,1516902,,,"BOISE CASCADE®, Commercial Product, 1516902",COMMERCIAL PRODUCT 1X8-12,"BOISE CASCADE®, 1516902, Commercial Product","BOISE CASCADE® Commercial Product, 1x8-12","BOISE CASCADE®, Commercial Product",,,,,,,,,,,,,,,,,,,,,,,,,,,"BOISE CASCADE®, Commercial Product",Series,,,Model,,,Item Type,,,Voltage Rating,,,Amperage Rating,,,Dimensions,1x8-12,,Mounting Type,,,Material,,,Color,,,Sound Level,,,Additional Information,,,,,,,,,,,,,,,,,,,,,,,,,,,,,,,,,,,,,,,,,,,,,,,,,,,,,,,,,,,,,,,,,,,,,,,,,,,,,,,,,,,,,,,,,,,,,,,,,,,,,,,,,,,,,,,,,,,,,,,,,,,,,,1,EA,,,,,,,,,,,,,,,,,,,,,,,,,,,,,,,,,,,,,US,No,No
https://www.bc.com/product/543007916,,,,,,543007916,,,,543007916,543007916,1x8-12' Whiskey Barrel - Trex Select 2.0 Fascia,-- Unbranded --,-- No Unilog Brand --,-- No DIB Brand --,Boise Cascade Building Materials (BOICA),Boise Cascade Building Materials,Boise Cascade Building Materials,,543007916,,,"Boise Cascade Building Materials, Commercial Product, 543007916",COMMERCIAL PRODUCT 1X8-12,"Boise Cascade Building Materials, 543007916, Commercial Product","Boise Cascade Building Materials Commercial Product, 1x8-12","Boise Cascade Building Materials, Commercial Product",,,,,,,,,,,,,,,,,,,,,,,,,,,"Boise Cascade Building Materials, Commercial Product",Series,,,Model,,,Item Type,,,Voltage Rating,,,Amperage Rating,,,Dimensions,1x8-12,,Mounting Type,,,Material,,,Color,,,Sound Level,,,Additional Information,,,,,,,,,,,,,,,,,,,,,,,,,,,,,,,,,,,,,,,,,,,,,,,,,,,,,,,,,,,,,,,,,,,,,,,,,,,,,,,,,,,,,,,,,,,,,,,,,,,,,,,,,,,,,,,,,,,,,,,,,,,,,,1,EA,,,,,,,,,,,,,,,,,,,,,,,,,,,,,,,,,,,,,US,No,No
https://www.bc.com/product/543005936,,,,,,543005936,,,,543005936,543005936,1x12-12' Malted Barley - Trex Select 2.0 Fascia,-- Unbranded --,-- No Unilog Brand --,-- No DIB Brand --,Boise Cascade Building Materials (BOICA),Boise Cascade Building Materials,Boise Cascade Building Materials,,543005936,,,"Boise Cascade Building Materials, Commercial Product, 543005936",COMMERCIAL PRODUCT 1X12-12,"Boise Cascade Building Materials, 543005936, Commercial Product","Boise Cascade Building Materials Commercial Product, 1x12-12","Boise Cascade Building Materials, Commercial Product",,,,,,,,,,,,,,,,,,,,,,,,,,,"Boise Cascade Building Materials, Commercial Product",Series,,,Model,,,Item Type,,,Voltage Rating,,,Amperage Rating,,,Dimensions,1x12-12,,Mounting Type,,,Material,,,Color,,,Sound Level,,,Additional Information,,,,,,,,,,,,,,,,,,,,,,,,,,,,,,,,,,,,,,,,,,,,,,,,,,,,,,,,,,,,,,,,,,,,,,,,,,,,,,,,,,,,,,,,,,,,,,,,,,,,,,,,,,,,,,,,,,,,,,,,,,,,,,1,EA,,,,,,,,,,,,,,,,,,,,,,,,,,,,,,,,,,,,,US,No,No
https://www.bc.com/product/1516905,,,,,,1516905,,,,1516905,1516905,1x12-12' Millstone - Trex Select 2.0 Fascia,-- Unbranded --,-- No Unilog Brand --,-- No DIB Brand --,Boise Cascade Building Materials (BOICA),Boise Cascade Company,BOISE CASCADE®,,1516905,,,"BOISE CASCADE®, Commercial Product, 1516905",COMMERCIAL PRODUCT 1X12-12,"BOISE CASCADE®, 1516905, Commercial Product","BOISE CASCADE® Commercial Product, 1x12-12","BOISE CASCADE®, Commercial Product",,,,,,,,,,,,,,,,,,,,,,,,,,,"BOISE CASCADE®, Commercial Product",Series,,,Model,,,Item Type,,,Voltage Rating,,,Amperage Rating,,,Dimensions,1x12-12,,Mounting Type,,,Material,,,Color,,,Sound Level,,,Additional Information,,,,,,,,,,,,,,,,,,,,,,,,,,,,,,,,,,,,,,,,,,,,,,,,,,,,,,,,,,,,,,,,,,,,,,,,,,,,,,,,,,,,,,,,,,,,,,,,,,,,,,,,,,,,,,,,,,,,,,,,,,,,,,1,EA,,,,,,,,,,,,,,,,,,,,,,,,,,,,,,,,,,,,,US,No,No
https://www.bc.com/product/543007936,,,,,,543007936,,,,543007936,543007936,1x12-12' Whiskey Barrel - Trex Select 2.0 Fascia,-- Unbranded --,-- No Unilog Brand --,-- No DIB Brand --,Boise Cascade Building Materials (BOICA),Boise Cascade Building Materials,Boise Cascade Building Materials,,543007936,,,"Boise Cascade Building Materials, Commercial Product, 543007936",COMMERCIAL PRODUCT 1X12-12,"Boise Cascade Building Materials, 543007936, Commercial Product","Boise Cascade Building Materials Commercial Product, 1x12-12","Boise Cascade Building Materials, Commercial Product",,,,,,,,,,,,,,,,,,,,,,,,,,,"Boise Cascade Building Materials, Commercial Product",Series,,,Model,,,Item Type,,,Voltage Rating,,,Amperage Rating,,,Dimensions,1x12-12,,Mounting Type,,,Material,,,Color,,,Sound Level,,,Additional Information,,,,,,,,,,,,,,,,,,,,,,,,,,,,,,,,,,,,,,,,,,,,,,,,,,,,,,,,,,,,,,,,,,,,,,,,,,,,,,,,,,,,,,,,,,,,,,,,,,,,,,,,,,,,,,,,,,,,,,,,,,,,,,1,EA,,,,,,,,,,,,,,,,,,,,,,,,,,,,,,,,,,,,,US,No,No
,,,,,,543144908,,,,543144908,543144908,1x8-12' Island Mist - Trex Lineage,-- Unbranded --,-- No Unilog Brand --,-- No DIB Brand --,U S Lumber (3073),U S Lumber,U S Lumber,,543144908,,,"U S Lumber, Commercial Product, 543144908",COMMERCIAL PRODUCT 1X8-12,"U S Lumber, 543144908, Commercial Product","U S Lumber Commercial Product, 1x8-12","U S Lumber, Commercial Product",,,,,,,,,,,,,,,,,,,,,,,,,,,"U S Lumber, Commercial Product",Series,,,Model,,,Item Type,,,Voltage Rating,,,Amperage Rating,,,Dimensions,1x8-12,,Mounting Type,,,Material,,,Color,,,Sound Level,,,Additional Information,,,,,,,,,,,,,,,,,,,,,,,,,,,,,,,,,,,,,,,,,,,,,,,,,,,,,,,,,,,,,,,,,,,,,,,,,,,,,,,,,,,,,,,,,,,,,,,,,,,,,,,,,,,,,,,,,,,,,,,,,,,,,,1,EA,,,,,,,,,,,,,,,,,,,,,,,,,,,,,,,,,,,,,US,No,No
,,,,,,543141908,,,,543141908,543141908,1x8-12' Rainier - Trex Lineage,-- Unbranded --,-- No Unilog Brand --,-- No DIB Brand --,U S Lumber (3073),U S Lumber,U S Lumber,,543141908,,,"U S Lumber, Commercial Product, 543141908",COMMERCIAL PRODUCT 1X8-12,"U S Lumber, 543141908, Commercial Product","U S Lumber Commercial Product, 1x8-12","U S Lumber, Commercial Product",,,,,,,,,,,,,,,,,,,,,,,,,,,"U S Lumber, Commercial Product",Series,,,Model,,,Item Type,,,Voltage Rating,,,Amperage Rating,,,Dimensions,1x8-12,,Mounting Type,,,Material,,,Color,,,Sound Level,,,Additional Information,,,,,,,,,,,,,,,,,,,,,,,,,,,,,,,,,,,,,,,,,,,,,,,,,,,,,,,,,,,,,,,,,,,,,,,,,,,,,,,,,,,,,,,,,,,,,,,,,,,,,,,,,,,,,,,,,,,,,,,,,,,,,,1,EA,,,,,,,,,,,,,,,,,,,,,,,,,,,,,,,,,,,,,US,No,No
,,,,,,543144912,,,,543144912,543144912,1x12-12' Island Mist - Trex Lineage,-- Unbranded --,-- No Unilog Brand --,-- No DIB Brand --,U S Lumber (3073),U S Lumber,U S Lumber,,543144912,,,"U S Lumber, Commercial Product, 543144912",COMMERCIAL PRODUCT 1X12-12,"U S Lumber, 543144912, Commercial Product","U S Lumber Commercial Product, 1x12-12","U S Lumber, Commercial Product",,,,,,,,,,,,,,,,,,,,,,,,,,,"U S Lumber, Commercial Product",Series,,,Model,,,Item Type,,,Voltage Rating,,,Amperage Rating,,,Dimensions,1x12-12,,Mounting Type,,,Material,,,Color,,,Sound Level,,,Additional Information,,,,,,,,,,,,,,,,,,,,,,,,,,,,,,,,,,,,,,,,,,,,,,,,,,,,,,,,,,,,,,,,,,,,,,,,,,,,,,,,,,,,,,,,,,,,,,,,,,,,,,,,,,,,,,,,,,,,,,,,,,,,,,1,EA,,,,,,,,,,,,,,,,,,,,,,,,,,,,,,,,,,,,,US,No,No
,,,,,,543141912,,,,543141912,543141912,1x12-12' Rainier - Trex Lineage,-- Unbranded --,-- No Unilog Brand --,-- No DIB Brand --,U S Lumber (3073),U S Lumber,U S Lumber,,543141912,,,"U S Lumber, Commercial Product, 543141912",COMMERCIAL PRODUCT 1X12-12,"U S Lumber, 543141912, Commercial Product","U S Lumber Commercial Product, 1x12-12","U S Lumber, Commercial Product",,,,,,,,,,,,,,,,,,,,,,,,,,,"U S Lumber, Commercial Product",Series,,,Model,,,Item Type,,,Voltage Rating,,,Amperage Rating,,,Dimensions,1x12-12,,Mounting Type,,,Material,,,Color,,,Sound Level,,,Additional Information,,,,,,,,,,,,,,,,,,,,,,,,,,,,,,,,,,,,,,,,,,,,,,,,,,,,,,,,,,,,,,,,,,,,,,,,,,,,,,,,,,,,,,,,,,,,,,,,,,,,,,,,,,,,,,,,,,,,,,,,,,,,,,1,EA,,,,,,,,,,,,,,,,,,,,,,,,,,,,,,,,,,,,,US,No,No
https://www.bc.com/product/1513713,,,,,,1513713,,,,1513713,1513713,1x8-12' Hatteras - Trex Lineage,-- Unbranded --,-- No Unilog Brand --,-- No DIB Brand --,Boise Cascade Building Materials (BOICA),Boise Cascade Company,BOISE CASCADE®,,1513713,,,"BOISE CASCADE®, Commercial Product, 1513713",COMMERCIAL PRODUCT 1X8-12,"BOISE CASCADE®, 1513713, Commercial Product","BOISE CASCADE® Commercial Product, 1x8-12","BOISE CASCADE®, Commercial Product",,,,,,,,,,,,,,,,,,,,,,,,,,,"BOISE CASCADE®, Commercial Product",Series,,,Model,,,Item Type,,,Voltage Rating,,,Amperage Rating,,,Dimensions,1x8-12,,Mounting Type,,,Material,,,Color,,,Sound Level,,,Additional Information,,,,,,,,,,,,,,,,,,,,,,,,,,,,,,,,,,,,,,,,,,,,,,,,,,,,,,,,,,,,,,,,,,,,,,,,,,,,,,,,,,,,,,,,,,,,,,,,,,,,,,,,,,,,,,,,,,,,,,,,,,,,,,1,EA,,,,,,,,,,,,,,,,,,,,,,,,,,,,,,,,,,,,,US,No,No
https://www.bc.com/product/1513714,,,,,,1513714,,,,1513714,1513714,1x8-12' Salt Flat - Trex Lineage,-- Unbranded --,-- No Unilog Brand --,-- No DIB Brand --,Boise Cascade Building Materials (BOICA),Boise Cascade Company,BOISE CASCADE®,,1513714,,,"BOISE CASCADE®, Commercial Product, 1513714",COMMERCIAL PRODUCT 1X8-12,"BOISE CASCADE®, 1513714, Commercial Product","BOISE CASCADE® Commercial Product, 1x8-12","BOISE CASCADE®, Commercial Product",,,,,,,,,,,,,,,,,,,,,,,,,,,"BOISE CASCADE®, Commercial Product",Series,,,Model,,,Item Type,,,Voltage Rating,,,Amperage Rating,,,Dimensions,1x8-12,,Mounting Type,,,Material,,,Color,,,Sound Level,,,Additional Information,,,,,,,,,,,,,,,,,,,,,,,,,,,,,,,,,,,,,,,,,,,,,,,,,,,,,,,,,,,,,,,,,,,,,,,,,,,,,,,,,,,,,,,,,,,,,,,,,,,,,,,,,,,,,,,,,,,,,,,,,,,,,,1,EA,,,,,,,,,,,,,,,,,,,,,,,,,,,,,,,,,,,,,US,No,No
,,,,,,73012503,,,,73012503,73012503,4x4 Wh Heritage Post Trim RDI,-- Unbranded --,-- No Unilog Brand --,-- No DIB Brand --,-,-,-,,73012503,,,"-, Commercial Product, 73012503",COMMERCIAL PRODUCT 4X4,"-, 73012503, Commercial Product","- Commercial Product, 4x4","-, Commercial Product",,,,,,,,,,,,,,,,,,,,,,,,,,,"-, Commercial Product",Series,,,Model,,,Item Type,,,Voltage Rating,,,Amperage Rating,,,Dimensions,4x4,,Mounting Type,,,Material,,,Color,,,Sound Level,,,Additional Information,,,,,,,,,,,,,,,ArborSize,4,,,,,,,,,,,,,,,,,,,,,,,,,,,,,,,,,,,,,,,,,,,,,,,,,,,,,,,,,,,,,,,,,,,,,,,,,,,,,,,,,,,,,,,,,,,,,,,,,,,,,,,,,,,,,,1,EA,,,,,,,,,,,,,,,,,,,,,,,,,,,,,,,,,,,,,US,No,No
,,,,,,73018131,,,,73018131,73018131,6x6 Wh Elite Post Trim 4pc RDI,-- Unbranded --,-- No Unilog Brand --,-- No DIB Brand --,-,-,-,,73018131,,,"-, Commercial Product, 73018131",COMMERCIAL PRODUCT 6X6,"-, 73018131, Commercial Product","- Commercial Product, 6x6","-, Commercial Product",,,,,,,,,,,,,,,,,,,,,,,,,,,"-, Commercial Product",Series,,,Model,,,Item Type,,,Voltage Rating,,,Amperage Rating,,,Dimensions,6x6,,Mounting Type,,,Material,,,Color,,,Sound Level,,,Additional Information,,,,,,,,,,,,,,,ArborSize,6,,PackQuantity,4 PK,,,,,,,,,,,,,,,,,,,,,,,,,,,,,,,,,,,,,,,,,,,,,,,,,,,,,,,,,,,,,,,,,,,,,,,,,,,,,,,,,,,,,,,,,,,,,,,,,,,,,,,,,,,1,EA,,,,,,,,,,,,,,,,,,,,,,,,,,,,,,,,,,,,,US,No,No
,,,,,,73018091,,,,73018091,73018091,4x4 Wh Elite Post Trim RDI,-- Unbranded --,-- No Unilog Brand --,-- No DIB Brand --,-,-,-,,73018091,,,"-, Commercial Product, 73018091",COMMERCIAL PRODUCT 4X4,"-, 73018091, Commercial Product","- Commercial Product, 4x4","-, Commercial Product",,,,,,,,,,,,,,,,,,,,,,,,,,,"-, Commercial Product",Series,,,Model,,,Item Type,,,Voltage Rating,,,Amperage Rating,,,Dimensions,4x4,,Mounting Type,,,Material,,,Color,,,Sound Level,,,Additional Information,,,,,,,,,,,,,,,ArborSize,4,,,,,,,,,,,,,,,,,,,,,,,,,,,,,,,,,,,,,,,,,,,,,,,,,,,,,,,,,,,,,,,,,,,,,,,,,,,,,,,,,,,,,,,,,,,,,,,,,,,,,,,,,,,,,,1,EA,,,,,,,,,,,,,,,,,,,,,,,,,,,,,,,,,,,,,US,No,No
,,,,,,73018066,,,,73018066,73018066,Clay 6x6 Elite Post Trim RDI - 4pc,-- Unbranded --,-- No Unilog Brand --,-- No DIB Brand --,-,-,-,,73018066,,,"-, Commercial Product, 73018066",COMMERCIAL PRODUCT 6X6,"-, 73018066, Commercial Product","- Commercial Product, 6x6","-, Commercial Product",,,,,,,,,,,,,,,,,,,,,,,,,,,"-, Commercial Product",Series,,,Model,,,Item Type,,,Voltage Rating,,,Amperage Rating,,,Dimensions,6x6,,Mounting Type,,,Material,,,Color,,,Sound Level,,,Additional Information,,,,,,,,,,,,,,,ArborSize,6,,PackQuantity,4 PK,,,,,,,,,,,,,,,,,,,,,,,,,,,,,,,,,,,,,,,,,,,,,,,,,,,,,,,,,,,,,,,,,,,,,,,,,,,,,,,,,,,,,,,,,,,,,,,,,,,,,,,,,,,1,EA,,,,,,,,,,,,,,,,,,,,,,,,,,,,,,,,,,,,,US,No,No
,,,,,,73018076,,,,73018076,73018076,4x4 Wh Flat Post Cap RDI,-- Unbranded --,-- No Unilog Brand --,-- No DIB Brand --,-,-,-,,73018076,,,"-, Commercial Product, 73018076",COMMERCIAL PRODUCT 4X4,"-, 73018076, Commercial Product","- Commercial Product, 4x4","-, Commercial Product",,,,,,,,,,,,,,,,,,,,,,,,,,,"-, Commercial Product",Series,,,Model,,,Item Type,,,Voltage Rating,,,Amperage Rating,,,Dimensions,4x4,,Mounting Type,,,Material,,,Color,,,Sound Level,,,Additional Information,,,,,,,,,,,,,,,ArborSize,4,,,,,,,,,,,,,,,,,,,,,,,,,,,,,,,,,,,,,,,,,,,,,,,,,,,,,,,,,,,,,,,,,,,,,,,,,,,,,,,,,,,,,,,,,,,,,,,,,,,,,,,,,,,,,,1,EA,,,,,,,,,,,,,,,,,,,,,,,,,,,,,,,,,,,,,US,No,No
,,,,,,61109087,,,,61109087,61109087,Wh 4x4-39 Blank Post RDI,-- Unbranded --,-- No Unilog Brand --,-- No DIB Brand --,-,-,-,,61109087,,,"-, Commercial Product, 61109087",COMMERCIAL PRODUCT 4X4-39,"-, 61109087, Commercial Product","- Commercial Product, 4x4-39","-, Commercial Product",,,,,,,,,,,,,,,,,,,,,,,,,,,"-, Commercial Product",Series,,,Model,,,Item Type,,,Voltage Rating,,,Amperage Rating,,,Dimensions,4x4-39,,Mounting Type,,,Material,,,Color,,,Sound Level,,,Additional Information,,,,,,,,,,,,,,,,,,,,,,,,,,,,,,,,,,,,,,,,,,,,,,,,,,,,,,,,,,,,,,,,,,,,,,,,,,,,,,,,,,,,,,,,,,,,,,,,,,,,,,,,,,,,,,,,,,,,,,,,,,,,,,1,EA,,,,,,,,,,,,,,,,,,,,,,,,,,,,,,,,,,,,,US,No,No
,,,,,,73018731,,,,73018731,73018731,Wh 6x6-108 Post Sleeve RDI,-- Unbranded --,-- No Unilog Brand --,-- No DIB Brand --,-,-,-,,73018731,,,"-, Commercial Product, 73018731",COMMERCIAL PRODUCT 6X6-108,"-, 73018731, Commercial Product","- Commercial Product, 6x6-108","-, Commercial Product",,,,,,,,,,,,,,,,,,,,,,,,,,,"-, Commercial Product",Series,,,Model,,,Item Type,,,Voltage Rating,,,Amperage Rating,,,Dimensions,6x6-108,,Mounting Type,,,Material,,,Color,,,Sound Level,,,Additional Information,,,,,,,,,,,,,,,,,,,,,,,,,,,,,,,,,,,,,,,,,,,,,,,,,,,,,,,,,,,,,,,,,,,,,,,,,,,,,,,,,,,,,,,,,,,,,,,,,,,,,,,,,,,,,,,,,,,,,,,,,,,,,,1,EA,,,,,,,,,,,,,,,,,,,,,,,,,,,,,,,,,,,,,US,No,No
,,,,,,61109090,,,,61109090,61109090,Wh 4x4-108 Post Sleeve RDI,-- Unbranded --,-- No Unilog Brand --,-- No DIB Brand --,-,-,-,,61109090,,,"-, Commercial Product, 61109090",COMMERCIAL PRODUCT 4X4-108,"-, 61109090, Commercial Product","- Commercial Product, 4x4-108","-, Commercial Product",,,,,,,,,,,,,,,,,,,,,,,,,,,"-, Commercial Product",Series,,,Model,,,Item Type,,,Voltage Rating,,,Amperage Rating,,,Dimensions,4x4-108,,Mounting Type,,,Material,,,Color,,,Sound Level,,,Additional Information,,,,,,,,,,,,,,,,,,,,,,,,,,,,,,,,,,,,,,,,,,,,,,,,,,,,,,,,,,,,,,,,,,,,,,,,,,,,,,,,,,,,,,,,,,,,,,,,,,,,,,,,,,,,,,,,,,,,,,,,,,,,,,1,EA,,,,,,,,,,,,,,,,,,,,,,,,,,,,,,,,,,,,,US,No,No
,,,,,,73053603,,,,73053603,73053603,Clay 4x4-108 Post Sleeve RDI,-- Unbranded --,-- No Unilog Brand --,-- No DIB Brand --,-,-,-,,73053603,,,"-, Commercial Product, 73053603",COMMERCIAL PRODUCT 4X4-108,"-, 73053603, Commercial Product","- Commercial Product, 4x4-108","-, Commercial Product",,,,,,,,,,,,,,,,,,,,,,,,,,,"-, Commercial Product",Series,,,Model,,,Item Type,,,Voltage Rating,,,Amperage Rating,,,Dimensions,4x4-108,,Mounting Type,,,Material,,,Color,,,Sound Level,,,Additional Information,,,,,,,,,,,,,,,,,,,,,,,,,,,,,,,,,,,,,,,,,,,,,,,,,,,,,,,,,,,,,,,,,,,,,,,,,,,,,,,,,,,,,,,,,,,,,,,,,,,,,,,,,,,,,,,,,,,,,,,,,,,,,,1,EA,,,,,,,,,,,,,,,,,,,,,,,,,,,,,,,,,,,,,US,No,No
,,,,,,73053608,,,,73053608,73053608,Clay 6x6-108 Post Sleeve RDI,-- Unbranded --,-- No Unilog Brand --,-- No DIB Brand --,-,-,-,,73053608,,,"-, Commercial Product, 73053608",COMMERCIAL PRODUCT 6X6-108,"-, 73053608, Commercial Product","- Commercial Product, 6x6-108","-, Commercial Product",,,,,,,,,,,,,,,,,,,,,,,,,,,"-, Commercial Product",Series,,,Model,,,Item Type,,,Voltage Rating,,,Amperage Rating,,,Dimensions,6x6-108,,Mounting Type,,,Material,,,Color,,,Sound Level,,,Additional Information,,,,,,,,,,,,,,,,,,,,,,,,,,,,,,,,,,,,,,,,,,,,,,,,,,,,,,,,,,,,,,,,,,,,,,,,,,,,,,,,,,,,,,,,,,,,,,,,,,,,,,,,,,,,,,,,,,,,,,,,,,,,,,1,EA,,,,,,,,,,,,,,,,,,,,,,,,,,,,,,,,,,,,,US,No,No
https://www.bc.com/product/543340896,,,,,,543340896,,,,543340896,543340896,"4x4-37"" Black Alum Post Sleeve Select Alum Railing - w/Cap & Skirt",-- Unbranded --,-- No Unilog Brand --,-- No DIB Brand --,Boise Cascade Building Materials (BOICA),Boise Cascade Building Materials,Boise Cascade Building Materials,,543340896,,,"Boise Cascade Building Materials, Commercial Product, 543340896, Aluminum",COMMERCIAL PRODUCT ALUM 4X4-37,"Boise Cascade Building Materials, 543340896, Commercial Product, Aluminum","Boise Cascade Building Materials Commercial Product, 4x4-37, Aluminum","Boise Cascade Building Materials, Commercial Product, Aluminum",,,,,,,,,,,,,,,,,,,,,,,,,,,"Boise Cascade Building Materials, Commercial Product, Aluminum",Series,,,Model,,,Item Type,,,Voltage Rating,,,Amperage Rating,,,Dimensions,4x4-37,,Mounting Type,,,Material,Aluminum,,Color,,,Sound Level,,,Additional Information,,,,,,,,,,,,,,,,,,,,,,,,,,,,,,,,,,,,,,,,,,,,,,,,,,,,,,,,,,,,,,,,,,,,,,,,,,,,,,,,,,,,,,,,,,,,,,,,,,,,,,,,,,,,,,,,,,,,,,,,,,,,,,1,EA,,,,,,,,,,,,,,,,,,,,,,,,,,,,,,,,,,,,,US,No,No
https://www.bc.com/product/543340898,,,,,,543340898,,,,543340898,543340898,"4x4-43"" Black Alum Post Sleeve Select Alum Railing w/Cap & Skirt",-- Unbranded --,-- No Unilog Brand --,-- No DIB Brand --,Boise Cascade Building Materials (BOICA),Boise Cascade Building Materials,Boise Cascade Building Materials,,543340898,,,"Boise Cascade Building Materials, Commercial Product, 543340898, Aluminum",COMMERCIAL PRODUCT ALUM 4X4-43,"Boise Cascade Building Materials, 543340898, Commercial Product, Aluminum","Boise Cascade Building Materials Commercial Product, 4x4-43, Aluminum","Boise Cascade Building Materials, Commercial Product, Aluminum",,,,,,,,,,,,,,,,,,,,,,,,,,,"Boise Cascade Building Materials, Commercial Product, Aluminum",Series,,,Model,,,Item Type,,,Voltage Rating,,,Amperage Rating,,,Dimensions,4x4-43,,Mounting Type,,,Material,Aluminum,,Color,,,Sound Level,,,Additional Information,,,,,,,,,,,,,,,,,,,,,,,,,,,,,,,,,,,,,,,,,,,,,,,,,,,,,,,,,,,,,,,,,,,,,,,,,,,,,,,,,,,,,,,,,,,,,,,,,,,,,,,,,,,,,,,,,,,,,,,,,,,,,,1,EA,,,,,,,,,,,,,,,,,,,,,,,,,,,,,,,,,,,,,US,No,No
,,,,,,73272TBK,,,,73272TBK,73272TBK,6x6-10' Black Alum Deco - Support Post,-- Unbranded --,-- No Unilog Brand --,-- No DIB Brand --,Palmer Donavin Mfg Company (PALDO),Palmer Donavin Mfg Company,Palmer Donavin Mfg Company,,73272TBK,,,"Palmer Donavin Mfg Company, Commercial Product, 73272TBK, Aluminum",COMMERCIAL PRODUCT ALUM 6X6-10,"Palmer Donavin Mfg Company, 73272TBK, Commercial Product, Aluminum","Palmer Donavin Mfg Company Commercial Product, 6x6-10, Aluminum","Palmer Donavin Mfg Company, Commercial Product, Aluminum",,,,,,,,,,,,,,,,,,,,,,,,,,,"Palmer Donavin Mfg Company, Commercial Product, Aluminum",Series,,,Model,,,Item Type,,,Voltage Rating,,,Amperage Rating,,,Dimensions,6x6-10,,Mounting Type,,,Material,Aluminum,,Color,,,Sound Level,,,Additional Information,,,,,,,,,,,,,,,,,,,,,,,,,,,,,,,,,,,,,,,,,,,,,,,,,,,,,,,,,,,,,,,,,,,,,,,,,,,,,,,,,,,,,,,,,,,,,,,,,,,,,,,,,,,,,,,,,,,,,,,,,,,,,,1,EA,,,,,,,,,,,,,,,,,,,,,,,,,,,,,,,,,,,,,US,No,No
,,,,,,543302127,,,,543302127,543302127,6' Wh Select T-Rail Kit Stair - w/Sq Composite Balusters,-- Unbranded --,-- No Unilog Brand --,-- No DIB Brand --,U S Lumber (3073),U S Lumber,U S Lumber,,543302127,,,"U S Lumber, Commercial Product, 543302127",COMMERCIAL PRODUCT,"U S Lumber, 543302127, Commercial Product",U S Lumber Commercial Product,"U S Lumber, Commercial Product",,,,,,,,,,,,,,,,,,,,,,,,,,,"U S Lumber, Commercial Product",Series,,,Model,,,Item Type,,,Voltage Rating,,,Amperage Rating,,,Dimensions,,,Mounting Type,,,Material,,,Color,,,Sound Level,,,Additional Information,,,,,,,,,,,,,,,,,,,,,,,,,,,,,,,,,,,,,,,,,,,,,,,,,,,,,,,,,,,,,,,,,,,,,,,,,,,,,,,,,,,,,,,,,,,,,,,,,,,,,,,,,,,,,,,,,,,,,,,,,,,,,,1,EA,,,,,,,,,,,,,,,,,,,,,,,,,,,,,,,,,,,,,US,No,No
,,,,,,543302147,,,,543302147,543302147,8' Wh Select T-Rail Kit Stair - w/Sq Composite Balusters,-- Unbranded --,-- No Unilog Brand --,-- No DIB Brand --,U S Lumber (3073),U S Lumber,U S Lumber,,543302147,,,"U S Lumber, Commercial Product, 543302147",COMMERCIAL PRODUCT,"U S Lumber, 543302147, Commercial Product",U S Lumber Commercial Product,"U S Lumber, Commercial Product",,,,,,,,,,,,,,,,,,,,,,,,,,,"U S Lumber, Commercial Product",Series,,,Model,,,Item Type,,,Voltage Rating,,,Amperage Rating,,,Dimensions,,,Mounting Type,,,Material,,,Color,,,Sound Level,,,Additional Information,,,,,,,,,,,,,,,,,,,,,,,,,,,,,,,,,,,,,,,,,,,,,,,,,,,,,,,,,,,,,,,,,,,,,,,,,,,,,,,,,,,,,,,,,,,,,,,,,,,,,,,,,,,,,,,,,,,,,,,,,,,,,,1,EA,,,,,,,,,,,,,,,,,,,,,,,,,,,,,,,,,,,,,US,No,No
,,,,,,73019599,,,,73019599,73019599,Finyline Wh 6' Str Rail Kit Sq,-- Unbranded --,-- No Unilog Brand --,-- No DIB Brand --,-,-,-,,73019599,,,"-, Commercial Product, 73019599",COMMERCIAL PRODUCT,"-, 73019599, Commercial Product",- Commercial Product,"-, Commercial Product",,,,,,,,,,,,,,,,,,,,,,,,,,,"-, Commercial Product",Series,,,Model,,,Item Type,,,Voltage Rating,,,Amperage Rating,,,Dimensions,,,Mounting Type,,,Material,,,Color,,,Sound Level,,,Additional Information,,,,,,,,,,,,,,,,,,,,,,,,,,,,,,,,,,,,,,,,,,,,,,,,,,,,,,,,,,,,,,,,,,,,,,,,,,,,,,,,,,,,,,,,,,,,,,,,,,,,,,,,,,,,,,,,,,,,,,,,,,,,,,1,EA,,,,,,,,,,,,,,,,,,,,,,,,,,,,,,,,,,,,,US,No,No
,,,,,,73019648,,,,73019648,73019648,Finyline Wh 8' Str Rail Kit Sq,-- Unbranded --,-- No Unilog Brand --,-- No DIB Brand --,-,-,-,,73019648,,,"-, Commercial Product, 73019648",COMMERCIAL PRODUCT,"-, 73019648, Commercial Product",- Commercial Product,"-, Commercial Product",,,,,,,,,,,,,,,,,,,,,,,,,,,"-, Commercial Product",Series,,,Model,,,Item Type,,,Voltage Rating,,,Amperage Rating,,,Dimensions,,,Mounting Type,,,Material,,,Color,,,Sound Level,,,Additional Information,,,,,,,,,,,,,,,,,,,,,,,,,,,,,,,,,,,,,,,,,,,,,,,,,,,,,,,,,,,,,,,,,,,,,,,,,,,,,,,,,,,,,,,,,,,,,,,,,,,,,,,,,,,,,,,,,,,,,,,,,,,,,,1,EA,,,,,,,,,,,,,,,,,,,,,,,,,,,,,,,,,,,,,US,No,No
,,,,,,73019598,,,,73019598,73019598,Finyline Wh 6' Str Rail Kit Rd - w/Black Alum Balusters,-- Unbranded --,-- No Unilog Brand --,-- No DIB Brand --,-,-,-,,73019598,,,"-, Commercial Product, 73019598, Aluminum",COMMERCIAL PRODUCT ALUM,"-, 73019598, Commercial Product, Aluminum","- Commercial Product, Aluminum","-, Commercial Product, Aluminum",,,,,,,,,,,,,,,,,,,,,,,,,,,"-, Commercial Product, Aluminum",Series,,,Model,,,Item Type,,,Voltage Rating,,,Amperage Rating,,,Dimensions,,,Mounting Type,,,Material,Aluminum,,Color,,,Sound Level,,,Additional Information,,,,,,,,,,,,,,,,,,,,,,,,,,,,,,,,,,,,,,,,,,,,,,,,,,,,,,,,,,,,,,,,,,,,,,,,,,,,,,,,,,,,,,,,,,,,,,,,,,,,,,,,,,,,,,,,,,,,,,,,,,,,,,1,EA,,,,,,,,,,,,,,,,,,,,,,,,,,,,,,,,,,,,,US,No,No
,,,,,,73019647,,,,73019647,73019647,Finyline Wh 8' Str Rail Kit Rd - w/Black Alum Balusters,-- Unbranded --,-- No Unilog Brand --,-- No DIB Brand --,-,-,-,,73019647,,,"-, Commercial Product, 73019647, Aluminum",COMMERCIAL PRODUCT ALUM,"-, 73019647, Commercial Product, Aluminum","- Commercial Product, Aluminum","-, Commercial Product, Aluminum",,,,,,,,,,,,,,,,,,,,,,,,,,,"-, Commercial Product, Aluminum",Series,,,Model,,,Item Type,,,Voltage Rating,,,Amperage Rating,,,Dimensions,,,Mounting Type,,,Material,Aluminum,,Color,,,Sound Level,,,Additional Information,,,,,,,,,,,,,,,,,,,,,,,,,,,,,,,,,,,,,,,,,,,,,,,,,,,,,,,,,,,,,,,,,,,,,,,,,,,,,,,,,,,,,,,,,,,,,,,,,,,,,,,,,,,,,,,,,,,,,,,,,,,,,,1,EA,,,,,,,,,,,,,,,,,,,,,,,,,,,,,,,,,,,,,US,No,No
https://www.bc.com/product/543300257,,,,,,543300257,,,,543300257,543300257,6' Black Select Classic Stair - Rail w/Rnd Black Alum Baluster,-- Unbranded --,-- No Unilog Brand --,-- No DIB Brand --,Boise Cascade Building Materials (BOICA),Boise Cascade Building Materials,Boise Cascade Building Materials,,543300257,,,"Boise Cascade Building Materials, Commercial Product, 543300257, Aluminum",COMMERCIAL PRODUCT ALUM,"Boise Cascade Building Materials, 543300257, Commercial Product, Aluminum","Boise Cascade Building Materials Commercial Product, Aluminum","Boise Cascade Building Materials, Commercial Product, Aluminum",,,,,,,,,,,,,,,,,,,,,,,,,,,"Boise Cascade Building Materials, Commercial Product, Aluminum",Series,,,Model,,,Item Type,,,Voltage Rating,,,Amperage Rating,,,Dimensions,,,Mounting Type,,,Material,Aluminum,,Color,,,Sound Level,,,Additional Information,,,,,,,,,,,,,,,,,,,,,,,,,,,,,,,,,,,,,,,,,,,,,,,,,,,,,,,,,,,,,,,,,,,,,,,,,,,,,,,,,,,,,,,,,,,,,,,,,,,,,,,,,,,,,,,,,,,,,,,,,,,,,,1,EA,,,,,,,,,,,,,,,,,,,,,,,,,,,,,,,,,,,,,US,No,No
https://www.bc.com/product/543300277,,,,,,543300277,,,,543300277,543300277,8' Black Select Classic Stair - Rail w/Rnd Black Alum Baluster,-- Unbranded --,-- No Unilog Brand --,-- No DIB Brand --,Boise Cascade Building Materials (BOICA),Boise Cascade Building Materials,Boise Cascade Building Materials,,543300277,,,"Boise Cascade Building Materials, Commercial Product, 543300277, Aluminum",COMMERCIAL PRODUCT ALUM,"Boise Cascade Building Materials, 543300277, Commercial Product, Aluminum","Boise Cascade Building Materials Commercial Product, Aluminum","Boise Cascade Building Materials, Commercial Product, Aluminum",,,,,,,,,,,,,,,,,,,,,,,,,,,"Boise Cascade Building Materials, Commercial Product, Aluminum",Series,,,Model,,,Item Type,,,Voltage Rating,,,Amperage Rating,,,Dimensions,,,Mounting Type,,,Material,Aluminum,,Color,,,Sound Level,,,Additional Information,,,,,,,,,,,,,,,,,,,,,,,,,,,,,,,,,,,,,,,,,,,,,,,,,,,,,,,,,,,,,,,,,,,,,,,,,,,,,,,,,,,,,,,,,,,,,,,,,,,,,,,,,,,,,,,,,,,,,,,,,,,,,,1,EA,,,,,,,,,,,,,,,,,,,,,,,,,,,,,,,,,,,,,US,No,No
,,,,,,SPB-44BPL,,,,SPB-44BPL,SPB-44BPL,"Patriot 4""x4""x37""/43"" Adjustable Self Leveling Support Post",-- Unbranded --,-- No Unilog Brand --,-- No DIB Brand --,-,-,-,,SPB-44BPL,,,"-, Commercial Product, SPB-44BPL",COMMERCIAL PRODUCT 4 INX4 INX37,"-, SPB-44BPL, Commercial Product","- Commercial Product, 4 inx4 inx37","-, Commercial Product",,,,,,,,,,,,,,,,,,,,,,,,,,,"-, Commercial Product",Series,,,Model,,,Item Type,,,Voltage Rating,,,Amperage Rating,,,Dimensions,4 inx4 inx37,,Mounting Type,,,Material,,,Color,,,Sound Level,,,Additional Information,,,,,,,,,,,,,,,ArborSize,4,in,,,,,,,,,,,,,,,,,,,,,,,,,,,,,,,,,,,,,,,,,,,,,,,,,,,,,,,,,,,,,,,,,,,,,,,,,,,,,,,,,,,,,,,,,,,,,,,,,,,,,,,,,,,,,1,EA,,,,,,,,,,,,,,,,,,,,,,,,,,,,,,,,,,,,,US,No,No
https://www.ustape.com/product/925219,,,,,,925219,,,,925219,925219,"2""x50' Deck Joist Tape - Protecto Wrap",-- Unbranded --,-- No Unilog Brand --,-- No DIB Brand --,Palmer Donavin Mfg Company (PALDO),U.S. Tape Company,U.S. TAPE®,,925219,,,"U.S. TAPE®, Commercial Product, 925219",COMMERCIAL PRODUCT 2 INX50,"U.S. TAPE®, 925219, Commercial Product","U.S. TAPE® Commercial Product, 2 inx50","U.S. TAPE®, Commercial Product",,,,,,,,,,,,,,,,,,,,,,,,,,,"U.S. TAPE®, Commercial Product",Series,,,Model,,,Item Type,,,Voltage Rating,,,Amperage Rating,,,Dimensions,2 inx50,,Mounting Type,,,Material,,,Color,,,Sound Level,,,Additional Information,,,,,,,,,,,,,,,,,,,,,,,,,,,,,,,,,,,,,,,,,,,,,,,,,,,,,,,,,,,,,,,,,,,,,,,,,,,,,,,,,,,,,,,,,,,,,,,,,,,,,,,,,,,,,,,,,,,,,,,,,,,,,,1,EA,,,,,,,,,,,,,,,,,,,,,,,,,,,,,,,,,,,,,US,No,No
https://www.milwaukeetool.com/product/27233,,,,,,27233,,,,27233,27233,24x48 WH Attic Access Door,-- Unbranded --,-- No Unilog Brand --,-- No DIB Brand --,A J Manufacturing Inc (AJMAN),Milwaukee Electric Tool Corporation,MILWAUKEE®,,27233,,,"MILWAUKEE®, Commercial Product, 27233",COMMERCIAL PRODUCT 24X48,"MILWAUKEE®, 27233, Commercial Product","MILWAUKEE® Commercial Product, 24x48","MILWAUKEE®, Commercial Product",,,,,,,,,,,,,,,,,,,,,,,,,,,"MILWAUKEE®, Commercial Product",Series,,,Model,,,Item Type,,,Voltage Rating,,,Amperage Rating,,,Dimensions,24x48,,Mounting Type,,,Material,,,Color,,,Sound Level,,,Additional Information,,,,,,,,,,,,,,,ArborSize,48,,,,,,,,,,,,,,,,,,,,,,,,,,,,,,,,,,,,,,,,,,,,,,,,,,,,,,,,,,,,,,,,,,,,,,,,,,,,,,,,,,,,,,,,,,,,,,,,,,,,,,,,,,,,,,1,EA,,,,,,,,,,,,,,,,,,,,,,,,,,,,,,,,,,,,,US,No,No
,,,,,,1517602,,,,1517602,1517602,6068R Gliding Patio Dr 4500 United Blk Ext/WH Int LowE Arg w/J,-- Unbranded --,-- No Unilog Brand --,-- No DIB Brand --,United Window & Door Manufacturing (UNIWI),United Window & Door Manufacturing,United Window & Door Manufacturing,,1517602,,,"United Window & Door Manufacturing, Commercial Product, 1517602",COMMERCIAL PRODUCT,"United Window & Door Manufacturing, 1517602, Commercial Product",United Window & Door Manufacturing Commercial Product,"United Window & Door Manufacturing, Commercial Product",,,,,,,,,,,,,,,,,,,,,,,,,,,"United Window & Door Manufacturing, Commercial Product",Series,,,Model,,,Item Type,,,Voltage Rating,,,Amperage Rating,,,Dimensions,,,Mounting Type,,,Material,,,Color,,,Sound Level,,,Additional Information,,,,,,,,,,,,,,,,,,,,,,,,,,,,,,,,,,,,,,,,,,,,,,,,,,,,,,,,,,,,,,,,,,,,,,,,,,,,,,,,,,,,,,,,,,,,,,,,,,,,,,,,,,,,,,,,,,,,,,,,,,,,,,1,EA,,,,,,,,,,,,,,,,,,,,,,,,,,,,,,,,,,,,,US,No,No
,,,,,,1517603,,,,1517603,1517603,6068L Gliding Patio Dr 4500 United Blk Ext/WH Int LowE Arg w/J,-- Unbranded --,-- No Unilog Brand --,-- No DIB Brand --,United Window & Door Manufacturing (UNIWI),United Window & Door Manufacturing,United Window & Door Manufacturing,,1517603,,,"United Window & Door Manufacturing, Commercial Product, 1517603",COMMERCIAL PRODUCT,"United Window & Door Manufacturing, 1517603, Commercial Product",United Window & Door Manufacturing Commercial Product,"United Window & Door Manufacturing, Commercial Product",,,,,,,,,,,,,,,,,,,,,,,,,,,"United Window & Door Manufacturing, Commercial Product",Series,,,Model,,,Item Type,,,Voltage Rating,,,Amperage Rating,,,Dimensions,,,Mounting Type,,,Material,,,Color,,,Sound Level,,,Additional Information,,,,,,,,,,,,,,,,,,,,,,,,,,,,,,,,,,,,,,,,,,,,,,,,,,,,,,,,,,,,,,,,,,,,,,,,,,,,,,,,,,,,,,,,,,,,,,,,,,,,,,,,,,,,,,,,,,,,,,,,,,,,,,1,EA,,,,,,,,,,,,,,,,,,,,,,,,,,,,,,,,,,,,,US,No,No
,,,,,,1517604,,,,1517604,1517604,6068L Gliding Patio Dr 4500 United White LowE Arg w/J,-- Unbranded --,-- No Unilog Brand --,-- No DIB Brand --,United Window & Door Manufacturing (UNIWI),United Window & Door Manufacturing,United Window & Door Manufacturing,,1517604,,,"United Window & Door Manufacturing, Commercial Product, 1517604",COMMERCIAL PRODUCT,"United Window & Door Manufacturing, 1517604, Commercial Product",United Window & Door Manufacturing Commercial Product,"United Window & Door Manufacturing, Commercial Product",,,,,,,,,,,,,,,,,,,,,,,,,,,"United Window & Door Manufacturing, Commercial Product",Series,,,Model,,,Item Type,,,Voltage Rating,,,Amperage Rating,,,Dimensions,,,Mounting Type,,,Material,,,Color,,,Sound Level,,,Additional Information,,,,,,,,,,,,,,,,,,,,,,,,,,,,,,,,,,,,,,,,,,,,,,,,,,,,,,,,,,,,,,,,,,,,,,,,,,,,,,,,,,,,,,,,,,,,,,,,,,,,,,,,,,,,,,,,,,,,,,,,,,,,,,1,EA,,,,,,,,,,,,,,,,,,,,,,,,,,,,,,,,,,,,,US,No,No
,,,,,,1517605,,,,1517605,1517605,6068R Gliding Patio Dr 4500 United White LowE Arg w/J,-- Unbranded --,-- No Unilog Brand --,-- No DIB Brand --,United Window & Door Manufacturing (UNIWI),United Window & Door Manufacturing,United Window & Door Manufacturing,,1517605,,,"United Window & Door Manufacturing, Commercial Product, 1517605",COMMERCIAL PRODUCT,"United Window & Door Manufacturing, 1517605, Commercial Product",United Window & Door Manufacturing Commercial Product,"United Window & Door Manufacturing, Commercial Product",,,,,,,,,,,,,,,,,,,,,,,,,,,"United Window & Door Manufacturing, Commercial Product",Series,,,Model,,,Item Type,,,Voltage Rating,,,Amperage Rating,,,Dimensions,,,Mounting Type,,,Material,,,Color,,,Sound Level,,,Additional Information,,,,,,,,,,,,,,,,,,,,,,,,,,,,,,,,,,,,,,,,,,,,,,,,,,,,,,,,,,,,,,,,,,,,,,,,,,,,,,,,,,,,,,,,,,,,,,,,,,,,,,,,,,,,,,,,,,,,,,,,,,,,,,1,EA,,,,,,,,,,,,,,,,,,,,,,,,,,,,,,,,,,,,,US,No,No
,,,,,,FS C01 2004S,,,,FS C01 2004S,FS C01 2004S,"FS C01 Velux Fxd Skylt Gry/Wh - w/Solar Shade RO 21""x26-7/8""",-- Unbranded --,-- No Unilog Brand --,-- No DIB Brand --,Velux America Inc (VELAM),Velux America Inc,Velux America Inc,,FS C01 2004S,,,"Velux America Inc, Commercial Product, FS C01 2004S",COMMERCIAL PRODUCT 21 INX26-7/8,"Velux America Inc, FS C01 2004S, Commercial Product","Velux America Inc Commercial Product, 21 inx26-7/8","Velux America Inc, Commercial Product",,,,,,,,,,,,,,,,,,,,,,,,,,,"Velux America Inc, Commercial Product",Series,,,Model,,,Item Type,,,Voltage Rating,,,Amperage Rating,,,Dimensions,21 inx26-7/8,,Mounting Type,,,Material,,,Color,,,Sound Level,,,Additional Information,,,,,,,,,,,,,,,,,,,,,,,,,,,,,,,,,,,,,,,,,,,,,,,,,,,,,,,,,,,,,,,,,,,,,,,,,,,,,,,,,,,,,,,,,,,,,,,,,,,,,,,,,,,,,,,,,,,,,,,,,,,,,,1,EA,,,,,,,,,,,,,,,,,,,,,,,,,,,,,,,,,,,,,US,No,No
,,,,,,FS C04 2004S,,,,FS C04 2004S,FS C04 2004S,"FS C04 Velux Fxd Skylt Gry/Wh - w/Solar Shade RO 21""x37-7/8""",-- Unbranded --,-- No Unilog Brand --,-- No DIB Brand --,Velux America Inc (VELAM),Velux America Inc,Velux America Inc,,FS C04 2004S,,,"Velux America Inc, Commercial Product, FS C04 2004S",COMMERCIAL PRODUCT 21 INX37-7/8,"Velux America Inc, FS C04 2004S, Commercial Product","Velux America Inc Commercial Product, 21 inx37-7/8","Velux America Inc, Commercial Product",,,,,,,,,,,,,,,,,,,,,,,,,,,"Velux America Inc, Commercial Product",Series,,,Model,,,Item Type,,,Voltage Rating,,,Amperage Rating,,,Dimensions,21 inx37-7/8,,Mounting Type,,,Material,,,Color,,,Sound Level,,,Additional Information,,,,,,,,,,,,,,,,,,,,,,,,,,,,,,,,,,,,,,,,,,,,,,,,,,,,,,,,,,,,,,,,,,,,,,,,,,,,,,,,,,,,,,,,,,,,,,,,,,,,,,,,,,,,,,,,,,,,,,,,,,,,,,1,EA,,,,,,,,,,,,,,,,,,,,,,,,,,,,,,,,,,,,,US,No,No
,,,,,,FS C06 2004S,,,,FS C06 2004S,FS C06 2004S,"FS C06 Velux Fxd Skylt Gry/Wh - w/Solar Shade RO 21""x45-7/8""",-- Unbranded --,-- No Unilog Brand --,-- No DIB Brand --,Velux America Inc (VELAM),Velux America Inc,Velux America Inc,,FS C06 2004S,,,"Velux America Inc, Commercial Product, FS C06 2004S",COMMERCIAL PRODUCT 21 INX45-7/8,"Velux America Inc, FS C06 2004S, Commercial Product","Velux America Inc Commercial Product, 21 inx45-7/8","Velux America Inc, Commercial Product",,,,,,,,,,,,,,,,,,,,,,,,,,,"Velux America Inc, Commercial Product",Series,,,Model,,,Item Type,,,Voltage Rating,,,Amperage Rating,,,Dimensions,21 inx45-7/8,,Mounting Type,,,Material,,,Color,,,Sound Level,,,Additional Information,,,,,,,,,,,,,,,,,,,,,,,,,,,,,,,,,,,,,,,,,,,,,,,,,,,,,,,,,,,,,,,,,,,,,,,,,,,,,,,,,,,,,,,,,,,,,,,,,,,,,,,,,,,,,,,,,,,,,,,,,,,,,,1,EA,,,,,,,,,,,,,,,,,,,,,,,,,,,,,,,,,,,,,US,No,No
,,,,,,1501831,,,,1501831,1501831,31.5x14.75 Bsmt ecoLitePlus WH - Hopper DLA w/Screen,-- Unbranded --,-- No Unilog Brand --,-- No DIB Brand --,ProVia (PRODO),ProVia,ProVia,,1501831,,,"ProVia, Commercial Product, 1501831",COMMERCIAL PRODUCT 31-1/2X14-3/4,"ProVia, 1501831, Commercial Product","ProVia Commercial Product, 31-1/2x14-3/4","ProVia, Commercial Product",,,,,,,,,,,,,,,,,,,,,,,,,,,"ProVia, Commercial Product",Series,,,Model,,,Item Type,,,Voltage Rating,,,Amperage Rating,,,Dimensions,31-1/2x14-3/4,,Mounting Type,,,Material,,,Color,,,Sound Level,,,Additional Information,,,,,,,,,,,,,,,ArborSize,14.75,,,,,,,,,,,,,,,,,,,,,,,,,,,,,,,,,,,,,,,,,,,,,,,,,,,,,,,,,,,,,,,,,,,,,,,,,,,,,,,,,,,,,,,,,,,,,,,,,,,,,,,,,,,,,,1,EA,,,,,,,,,,,,,,,,,,,,,,,,,,,,,,,,,,,,,US,No,No
,,,,,,1501832,,,,1501832,1501832,31.5x22.75 Bsmt ecoLitePlus WH - Hopper DLA w/Screen,-- Unbranded --,-- No Unilog Brand --,-- No DIB Brand --,ProVia (PRODO),ProVia,ProVia,,1501832,,,"ProVia, Commercial Product, 1501832",COMMERCIAL PRODUCT 31-1/2X22-3/4,"ProVia, 1501832, Commercial Product","ProVia Commercial Product, 31-1/2x22-3/4","ProVia, Commercial Product",,,,,,,,,,,,,,,,,,,,,,,,,,,"ProVia, Commercial Product",Series,,,Model,,,Item Type,,,Voltage Rating,,,Amperage Rating,,,Dimensions,31-1/2x22-3/4,,Mounting Type,,,Material,,,Color,,,Sound Level,,,Additional Information,,,,,,,,,,,,,,,ArborSize,22.75,,,,,,,,,,,,,,,,,,,,,,,,,,,,,,,,,,,,,,,,,,,,,,,,,,,,,,,,,,,,,,,,,,,,,,,,,,,,,,,,,,,,,,,,,,,,,,,,,,,,,,,,,,,,,,1,EA,,,,,,,,,,,,,,,,,,,,,,,,,,,,,,,,,,,,,US,No,No
,,,,,,1515974,,,,1515974,1515974,3030 Slider 3900 United Black WH Int LowE-2 w/Half Scrn w/J,-- Unbranded --,-- No Unilog Brand --,-- No DIB Brand --,-,-,-,,1515974,,,"-, Commercial Product, 1515974",COMMERCIAL PRODUCT,"-, 1515974, Commercial Product",- Commercial Product,"-, Commercial Product",,,,,,,,,,,,,,,,,,,,,,,,,,,"-, Commercial Product",Series,,,Model,,,Item Type,,,Voltage Rating,,,Amperage Rating,,,Dimensions,,,Mounting Type,,,Material,,,Color,,,Sound Level,,,Additional Information,,,,,,,,,,,,,,,,,,,,,,,,,,,,,,,,,,,,,,,,,,,,,,,,,,,,,,,,,,,,,,,,,,,,,,,,,,,,,,,,,,,,,,,,,,,,,,,,,,,,,,,,,,,,,,,,,,,,,,,,,,,,,,1,EA,,,,,,,,,,,,,,,,,,,,,,,,,,,,,,,,,,,,,US,No,No
,,,,,,640383,,,,640383,640383,"1/2"" 54""x10 Drywall Easi-Lite",-- Unbranded --,-- No Unilog Brand --,-- No DIB Brand --,Certainteed Gypsum (2765),Certainteed Gypsum,Certainteed Gypsum,,640383,,,"Certainteed Gypsum, Commercial Product, 640383",COMMERCIAL PRODUCT 54 INX10,"Certainteed Gypsum, 640383, Commercial Product","Certainteed Gypsum Commercial Product, 54 inx10","Certainteed Gypsum, Commercial Product",,,,,,,,,,,,,,,,,,,,,,,,,,,"Certainteed Gypsum, Commercial Product",Series,,,Model,,,Item Type,,,Voltage Rating,,,Amperage Rating,,,Dimensions,54 inx10,,Mounting Type,,,Material,,,Color,,,Sound Level,,,Additional Information,,,,,,,,,,,,,,,ArborSize,10,,,,,,,,,,,,,,,,,,,,,,,,,,,,,,,,,,,,,,,,,,,,,,,,,,,,,,,,,,,,,,,,,,,,,,,,,,,,,,,,,,,,,,,,,,,,,,,,,,,,,,,,,,,,,,1,EA,,,,,,,,,,,,,,,,,,,,,,,,,,,,,,,,,,,,,US,No,No
,,,,,,653258,,,,653258,653258,"5/8"" 4x9 Drywall Firelite",-- Unbranded --,-- No Unilog Brand --,-- No DIB Brand --,Certainteed Gypsum (2765),Certainteed Gypsum,Certainteed Gypsum,,653258,,,"Certainteed Gypsum, Commercial Product, 653258",COMMERCIAL PRODUCT 4X9,"Certainteed Gypsum, 653258, Commercial Product","Certainteed Gypsum Commercial Product, 4x9","Certainteed Gypsum, Commercial Product",,,,,,,,,,,,,,,,,,,,,,,,,,,"Certainteed Gypsum, Commercial Product",Series,,,Model,,,Item Type,,,Voltage Rating,,,Amperage Rating,,,Dimensions,4x9,,Mounting Type,,,Material,,,Color,,,Sound Level,,,Additional Information,,,,,,,,,,,,,,,ArborSize,9,,,,,,,,,,,,,,,,,,,,,,,,,,,,,,,,,,,,,,,,,,,,,,,,,,,,,,,,,,,,,,,,,,,,,,,,,,,,,,,,,,,,,,,,,,,,,,,,,,,,,,,,,,,,,,1,EA,,,,,,,,,,,,,,,,,,,,,,,,,,,,,,,,,,,,,US,No,No
,,,,,,413S-DBA-36,,,,413S-DBA-36,413S-DBA-36,"413S 36"" Alum Threshold DBZ",-- Unbranded --,-- No Unilog Brand --,-- No DIB Brand --,Hager Hinge Co (4189),Hager Hinge Co,Hager Hinge Co,,413S-DBA-36,,,"Hager Hinge Co, Commercial Product, 413S-DBA-36, Aluminum",COMMERCIAL PRODUCT ALUM,"Hager Hinge Co, 413S-DBA-36, Commercial Product, Aluminum","Hager Hinge Co Commercial Product, Aluminum","Hager Hinge Co, Commercial Product, Aluminum",,,,,,,,,,,,,,,,,,,,,,,,,,,"Hager Hinge Co, Commercial Product, Aluminum",Series,,,Model,,,Item Type,,,Voltage Rating,,,Amperage Rating,,,Dimensions,,,Mounting Type,,,Material,Aluminum,,Color,,,Sound Level,,,Additional Information,,,,,,,,,,,,,,,,,,,,,,,,,,,,,,,,,,,,,,,,,,,,,,,,,,,,,,,,,,,,,,,,,,,,,,,,,,,,,,,,,,,,,,,,,,,,,,,,,,,,,,,,,,,,,,,,,,,,,,,,,,,,,,1,EA,,,,,,,,,,,,,,,,,,,,,,,,,,,,,,,,,,,,,US,No,No
,,,,,,413S-DBA-72,,,,413S-DBA-72,413S-DBA-72,"413S 72"" Alum Threshold DBZ",-- Unbranded --,-- No Unilog Brand --,-- No DIB Brand --,Hager Hinge Co (4189),Hager Hinge Co,Hager Hinge Co,,413S-DBA-72,,,"Hager Hinge Co, Commercial Product, 413S-DBA-72, Aluminum",COMMERCIAL PRODUCT ALUM,"Hager Hinge Co, 413S-DBA-72, Commercial Product, Aluminum","Hager Hinge Co Commercial Product, Aluminum","Hager Hinge Co, Commercial Product, Aluminum",,,,,,,,,,,,,,,,,,,,,,,,,,,"Hager Hinge Co, Commercial Product, Aluminum",Series,,,Model,,,Item Type,,,Voltage Rating,,,Amperage Rating,,,Dimensions,,,Mounting Type,,,Material,Aluminum,,Color,,,Sound Level,,,Additional Information,,,,,,,,,,,,,,,,,,,,,,,,,,,,,,,,,,,,,,,,,,,,,,,,,,,,,,,,,,,,,,,,,,,,,,,,,,,,,,,,,,,,,,,,,,,,,,,,,,,,,,,,,,,,,,,,,,,,,,,,,,,,,,1,EA,,,,,,,,,,,,,,,,,,,,,,,,,,,,,,,,,,,,,US,No,No
,,,,,,1511506,,,,1511506,1511506,4'x65' Zip Rainscreen,-- Unbranded --,-- No Unilog Brand --,-- No DIB Brand --,Huber Eng Wood LLC (3158),Huber Eng Wood LLC,Huber Eng Wood LLC,,1511506,,,"Huber Eng Wood LLC, Commercial Product, 1511506",COMMERCIAL PRODUCT 4 FTX65,"Huber Eng Wood LLC, 1511506, Commercial Product","Huber Eng Wood LLC Commercial Product, 4 ftx65","Huber Eng Wood LLC, Commercial Product",,,,,,,,,,,,,,,,,,,,,,,,,,,"Huber Eng Wood LLC, Commercial Product",Series,,,Model,,,Item Type,,,Voltage Rating,,,Amperage Rating,,,Dimensions,4 ftx65,,Mounting Type,,,Material,,,Color,,,Sound Level,,,Additional Information,,,,,,,,,,,,,,,,,,,,,,,,,,,,,,,,,,,,,,,,,,,,,,,,,,,,,,,,,,,,,,,,,,,,,,,,,,,,,,,,,,,,,,,,,,,,,,,,,,,,,,,,,,,,,,,,,,,,,,,,,,,,,,1,EA,,,,,,,,,,,,,,,,,,,,,,,,,,,,,,,,,,,,,US,No,No
https://www.bc.com/product/1513577,,,,,,1513577,,,,1513577,1513577,1x8-12' Doug Fir STK Smooth 1S2E,-- Unbranded --,-- No Unilog Brand --,-- No DIB Brand --,Westwood Lumber Sales (WESLU),Boise Cascade Company,BOISE CASCADE®,,1513577,,,"BOISE CASCADE®, Commercial Product, 1513577",COMMERCIAL PRODUCT 1X8-12,"BOISE CASCADE®, 1513577, Commercial Product","BOISE CASCADE® Commercial Product, 1x8-12","BOISE CASCADE®, Commercial Product",,,,,,,,,,,,,,,,,,,,,,,,,,,"BOISE CASCADE®, Commercial Product",Series,,,Model,,,Item Type,,,Voltage Rating,,,Amperage Rating,,,Dimensions,1x8-12,,Mounting Type,,,Material,,,Color,,,Sound Level,,,Additional Information,,,,,,,,,,,,,,,,,,,,,,,,,,,,,,,,,,,,,,,,,,,,,,,,,,,,,,,,,,,,,,,,,,,,,,,,,,,,,,,,,,,,,,,,,,,,,,,,,,,,,,,,,,,,,,,,,,,,,,,,,,,,,,1,EA,,,,,,,,,,,,,,,,,,,,,,,,,,,,,,,,,,,,,US,No,No
https://www.bc.com/product/1513578,,,,,,1513578,,,,1513578,1513578,1x8-16' Doug Fir STK Smooth 1S2E,-- Unbranded --,-- No Unilog Brand --,-- No DIB Brand --,Westwood Lumber Sales (WESLU),Boise Cascade Company,BOISE CASCADE®,,1513578,,,"BOISE CASCADE®, Commercial Product, 1513578",COMMERCIAL PRODUCT 1X8-16,"BOISE CASCADE®, 1513578, Commercial Product","BOISE CASCADE® Commercial Product, 1x8-16","BOISE CASCADE®, Commercial Product",,,,,,,,,,,,,,,,,,,,,,,,,,,"BOISE CASCADE®, Commercial Product",Series,,,Model,,,Item Type,,,Voltage Rating,,,Amperage Rating,,,Dimensions,1x8-16,,Mounting Type,,,Material,,,Color,,,Sound Level,,,Additional Information,,,,,,,,,,,,,,,,,,,,,,,,,,,,,,,,,,,,,,,,,,,,,,,,,,,,,,,,,,,,,,,,,,,,,,,,,,,,,,,,,,,,,,,,,,,,,,,,,,,,,,,,,,,,,,,,,,,,,,,,,,,,,,1,EA,,,,,,,,,,,,,,,,,,,,,,,,,,,,,,,,,,,,,US,No,No
https://www.bc.com/product/1513579,,,,,,1513579,,,,1513579,1513579,1x12-12 'Doug Fir STK Smooth 1S2E,-- Unbranded --,-- No Unilog Brand --,-- No DIB Brand --,Westwood Lumber Sales (WESLU),Boise Cascade Company,BOISE CASCADE®,,1513579,,,"BOISE CASCADE®, Commercial Product, 1513579",COMMERCIAL PRODUCT 12 FT,"BOISE CASCADE®, 1513579, Commercial Product","BOISE CASCADE® Commercial Product, 12 ft","BOISE CASCADE®, Commercial Product",,,,,,,,,,,,,,,,,,,,,,,,,,,"BOISE CASCADE®, Commercial Product",Series,,,Model,,,Item Type,,,Voltage Rating,,,Amperage Rating,,,Dimensions,12 ft,,Mounting Type,,,Material,,,Color,,,Sound Level,,,Additional Information,,,,,,,,,,,,,,,,,,,,,,,,,,,,,,,,,,,,,,,,,,,,,,,,,,,,,,,,,,,,,,,,,,,,,,,,,,,,,,,,,,,,,,,,,,,,,,,,,,,,,,,,,,,,,,,,,,,,,,,,,,,,,,1,EA,,,,,,,,,,,,,,,,,,,,,,,,,,,,,,,,,,,,,US,No,No
https://www.bc.com/product/1513580,,,,,,1513580,,,,1513580,1513580,1x12-16' Doug Fir STK Smooth 1S2E,-- Unbranded --,-- No Unilog Brand --,-- No DIB Brand --,Westwood Lumber Sales (WESLU),Boise Cascade Company,BOISE CASCADE®,,1513580,,,"BOISE CASCADE®, Commercial Product, 1513580",COMMERCIAL PRODUCT 1X12-16,"BOISE CASCADE®, 1513580, Commercial Product","BOISE CASCADE® Commercial Product, 1x12-16","BOISE CASCADE®, Commercial Product",,,,,,,,,,,,,,,,,,,,,,,,,,,"BOISE CASCADE®, Commercial Product",Series,,,Model,,,Item Type,,,Voltage Rating,,,Amperage Rating,,,Dimensions,1x12-16,,Mounting Type,,,Material,,,Color,,,Sound Level,,,Additional Information,,,,,,,,,,,,,,,,,,,,,,,,,,,,,,,,,,,,,,,,,,,,,,,,,,,,,,,,,,,,,,,,,,,,,,,,,,,,,,,,,,,,,,,,,,,,,,,,,,,,,,,,,,,,,,,,,,,,,,,,,,,,,,1,EA,,,,,,,,,,,,,,,,,,,,,,,,,,,,,,,,,,,,,US,No,No
,,,,,,1501767,,,,1501767,1501767,"3/4"" 4x8T&G Huber Blue PlusOSB - Sub Floor",-- Unbranded --,-- No Unilog Brand --,-- No DIB Brand --,-,-,-,,1501767,,,"-, Commercial Product, 1501767",COMMERCIAL PRODUCT,"-, 1501767, Commercial Product",- Commercial Product,"-, Commercial Product",,,,,,,,,,,,,,,,,,,,,,,,,,,"-, Commercial Product",Series,,,Model,,,Item Type,,,Voltage Rating,,,Amperage Rating,,,Dimensions,,,Mounting Type,,,Material,,,Color,,,Sound Level,,,Additional Information,,,,,,,,,,,,,,,,,,,,,,,,,,,,,,,,,,,,,,,,,,,,,,,,,,,,,,,,,,,,,,,,,,,,,,,,,,,,,,,,,,,,,,,,,,,,,,,,,,,,,,,,,,,,,,,,,,,,,,,,,,,,,,1,EA,,,,,,,,,,,,,,,,,,,,,,,,,,,,,,,,,,,,,US,No,No
,,,,,,PP-8BL,,,,PP-8BL,PP-8BL,8' Premier Rib XL Black,-- Unbranded --,-- No Unilog Brand --,-- No DIB Brand --,Premier Metals (PREME),Premier Metals,Premier Metals,,PP-8BL,,,"Premier Metals, Commercial Product, PP-8BL",COMMERCIAL PRODUCT,"Premier Metals, PP-8BL, Commercial Product",Premier Metals Commercial Product,"Premier Metals, Commercial Product",,,,,,,,,,,,,,,,,,,,,,,,,,,"Premier Metals, Commercial Product",Series,,,Model,,,Item Type,,,Voltage Rating,,,Amperage Rating,,,Dimensions,,,Mounting Type,,,Material,,,Color,,,Sound Level,,,Additional Information,,,,,,,,,,,,,,,,,,,,,,,,,,,,,,,,,,,,,,,,,,,,,,,,,,,,,,,,,,,,,,,,,,,,,,,,,,,,,,,,,,,,,,,,,,,,,,,,,,,,,,,,,,,,,,,,,,,,,,,,,,,,,,1,EA,,,,,,,,,,,,,,,,,,,,,,,,,,,,,,,,,,,,,US,No,No
,,,,,,PP-10BL,,,,PP-10BL,PP-10BL,10' Premier Rib XL Black,-- Unbranded --,-- No Unilog Brand --,-- No DIB Brand --,Premier Metals (PREME),Premier Metals,Premier Metals,,PP-10BL,,,"Premier Metals, Commercial Product, PP-10BL",COMMERCIAL PRODUCT,"Premier Metals, PP-10BL, Commercial Product",Premier Metals Commercial Product,"Premier Metals, Commercial Product",,,,,,,,,,,,,,,,,,,,,,,,,,,"Premier Metals, Commercial Product",Series,,,Model,,,Item Type,,,Voltage Rating,,,Amperage Rating,,,Dimensions,,,Mounting Type,,,Material,,,Color,,,Sound Level,,,Additional Information,,,,,,,,,,,,,,,,,,,,,,,,,,,,,,,,,,,,,,,,,,,,,,,,,,,,,,,,,,,,,,,,,,,,,,,,,,,,,,,,,,,,,,,,,,,,,,,,,,,,,,,,,,,,,,,,,,,,,,,,,,,,,,1,EA,,,,,,,,,,,,,,,,,,,,,,,,,,,,,,,,,,,,,US,No,No
,,,,,,PP-12BL,,,,PP-12BL,PP-12BL,12' Premier Rib XL Black,-- Unbranded --,-- No Unilog Brand --,-- No DIB Brand --,Premier Metals (PREME),Premier Metals,Premier Metals,,PP-12BL,,,"Premier Metals, Commercial Product, PP-12BL",COMMERCIAL PRODUCT,"Premier Metals, PP-12BL, Commercial Product",Premier Metals Commercial Product,"Premier Metals, Commercial Product",,,,,,,,,,,,,,,,,,,,,,,,,,,"Premier Metals, Commercial Product",Series,,,Model,,,Item Type,,,Voltage Rating,,,Amperage Rating,,,Dimensions,,,Mounting Type,,,Material,,,Color,,,Sound Level,,,Additional Information,,,,,,,,,,,,,,,,,,,,,,,,,,,,,,,,,,,,,,,,,,,,,,,,,,,,,,,,,,,,,,,,,,,,,,,,,,,,,,,,,,,,,,,,,,,,,,,,,,,,,,,,,,,,,,,,,,,,,,,,,,,,,,1,EA,,,,,,,,,,,,,,,,,,,,,,,,,,,,,,,,,,,,,US,No,No
,,,,,,PP-8CH,,,,PP-8CH,PP-8CH,8' Premier Rib XL Charcoal,-- Unbranded --,-- No Unilog Brand --,-- No DIB Brand --,Premier Metals (PREME),Premier Metals,Premier Metals,,PP-8CH,,,"Premier Metals, Commercial Product, PP-8CH",COMMERCIAL PRODUCT,"Premier Metals, PP-8CH, Commercial Product",Premier Metals Commercial Product,"Premier Metals, Commercial Product",,,,,,,,,,,,,,,,,,,,,,,,,,,"Premier Metals, Commercial Product",Series,,,Model,,,Item Type,,,Voltage Rating,,,Amperage Rating,,,Dimensions,,,Mounting Type,,,Material,,,Color,,,Sound Level,,,Additional Information,,,,,,,,,,,,,,,,,,,,,,,,,,,,,,,,,,,,,,,,,,,,,,,,,,,,,,,,,,,,,,,,,,,,,,,,,,,,,,,,,,,,,,,,,,,,,,,,,,,,,,,,,,,,,,,,,,,,,,,,,,,,,,1,EA,,,,,,,,,,,,,,,,,,,,,,,,,,,,,,,,,,,,,US,No,No
,,,,,,PP-10CH,,,,PP-10CH,PP-10CH,10' Premier Rib XL Charcoal,-- Unbranded --,-- No Unilog Brand --,-- No DIB Brand --,Premier Metals (PREME),Premier Metals,Premier Metals,,PP-10CH,,,"Premier Metals, Commercial Product, PP-10CH",COMMERCIAL PRODUCT,"Premier Metals, PP-10CH, Commercial Product",Premier Metals Commercial Product,"Premier Metals, Commercial Product",,,,,,,,,,,,,,,,,,,,,,,,,,,"Premier Metals, Commercial Product",Series,,,Model,,,Item Type,,,Voltage Rating,,,Amperage Rating,,,Dimensions,,,Mounting Type,,,Material,,,Color,,,Sound Level,,,Additional Information,,,,,,,,,,,,,,,,,,,,,,,,,,,,,,,,,,,,,,,,,,,,,,,,,,,,,,,,,,,,,,,,,,,,,,,,,,,,,,,,,,,,,,,,,,,,,,,,,,,,,,,,,,,,,,,,,,,,,,,,,,,,,,1,EA,,,,,,,,,,,,,,,,,,,,,,,,,,,,,,,,,,,,,US,No,No
,,,,,,PP-12CH,,,,PP-12CH,PP-12CH,12' Premier Rib XL Charcoal,-- Unbranded --,-- No Unilog Brand --,-- No DIB Brand --,Premier Metals (PREME),Premier Metals,Premier Metals,,PP-12CH,,,"Premier Metals, Commercial Product, PP-12CH",COMMERCIAL PRODUCT,"Premier Metals, PP-12CH, Commercial Product",Premier Metals Commercial Product,"Premier Metals, Commercial Product",,,,,,,,,,,,,,,,,,,,,,,,,,,"Premier Metals, Commercial Product",Series,,,Model,,,Item Type,,,Voltage Rating,,,Amperage Rating,,,Dimensions,,,Mounting Type,,,Material,,,Color,,,Sound Level,,,Additional Information,,,,,,,,,,,,,,,,,,,,,,,,,,,,,,,,,,,,,,,,,,,,,,,,,,,,,,,,,,,,,,,,,,,,,,,,,,,,,,,,,,,,,,,,,,,,,,,,,,,,,,,,,,,,,,,,,,,,,,,,,,,,,,1,EA,,,,,,,,,,,,,,,,,,,,,,,,,,,,,,,,,,,,,US,No,No
,,,,,,PP-8WH,,,,PP-8WH,PP-8WH,8' Premier Rib XL White,-- Unbranded --,-- No Unilog Brand --,-- No DIB Brand --,Premier Metals (PREME),Premier Metals,Premier Metals,,PP-8WH,,,"Premier Metals, Commercial Product, PP-8WH",COMMERCIAL PRODUCT,"Premier Metals, PP-8WH, Commercial Product",Premier Metals Commercial Product,"Premier Metals, Commercial Product",,,,,,,,,,,,,,,,,,,,,,,,,,,"Premier Metals, Commercial Product",Series,,,Model,,,Item Type,,,Voltage Rating,,,Amperage Rating,,,Dimensions,,,Mounting Type,,,Material,,,Color,,,Sound Level,,,Additional Information,,,,,,,,,,,,,,,,,,,,,,,,,,,,,,,,,,,,,,,,,,,,,,,,,,,,,,,,,,,,,,,,,,,,,,,,,,,,,,,,,,,,,,,,,,,,,,,,,,,,,,,,,,,,,,,,,,,,,,,,,,,,,,1,EA,,,,,,,,,,,,,,,,,,,,,,,,,,,,,,,,,,,,,US,No,No
,,,,,,PP-10WH,,,,PP-10WH,PP-10WH,10' Premier Rib XL White,-- Unbranded --,-- No Unilog Brand --,-- No DIB Brand --,Premier Metals (PREME),Premier Metals,Premier Metals,,PP-10WH,,,"Premier Metals, Commercial Product, PP-10WH",COMMERCIAL PRODUCT,"Premier Metals, PP-10WH, Commercial Product",Premier Metals Commercial Product,"Premier Metals, Commercial Product",,,,,,,,,,,,,,,,,,,,,,,,,,,"Premier Metals, Commercial Product",Series,,,Model,,,Item Type,,,Voltage Rating,,,Amperage Rating,,,Dimensions,,,Mounting Type,,,Material,,,Color,,,Sound Level,,,Additional Information,,,,,,,,,,,,,,,,,,,,,,,,,,,,,,,,,,,,,,,,,,,,,,,,,,,,,,,,,,,,,,,,,,,,,,,,,,,,,,,,,,,,,,,,,,,,,,,,,,,,,,,,,,,,,,,,,,,,,,,,,,,,,,1,EA,,,,,,,,,,,,,,,,,,,,,,,,,,,,,,,,,,,,,US,No,No
,,,,,,1504345,,,,1504345,1504345,OC Duration TruDef Wburg Gray,-- Unbranded --,-- No Unilog Brand --,-- No DIB Brand --,Palmer Donavin Mfg Company (PALDO),Palmer Donavin Mfg Company,Palmer Donavin Mfg Company,,1504345,,,"Palmer Donavin Mfg Company, Commercial Product, 1504345",COMMERCIAL PRODUCT,"Palmer Donavin Mfg Company, 1504345, Commercial Product",Palmer Donavin Mfg Company Commercial Product,"Palmer Donavin Mfg Company, Commercial Product",,,,,,,,,,,,,,,,,,,,,,,,,,,"Palmer Donavin Mfg Company, Commercial Product",Series,,,Model,,,Item Type,,,Voltage Rating,,,Amperage Rating,,,Dimensions,,,Mounting Type,,,Material,,,Color,,,Sound Level,,,Additional Information,,,,,,,,,,,,,,,,,,,,,,,,,,,,,,,,,,,,,,,,,,,,,,,,,,,,,,,,,,,,,,,,,,,,,,,,,,,,,,,,,,,,,,,,,,,,,,,,,,,,,,,,,,,,,,,,,,,,,,,,,,,,,,1,EA,,,,,,,,,,,,,,,,,,,,,,,,,,,,,,,,,,,,,US,No,No
https://www.milwaukeetool.com/product/2733,,,,,,2733,,,,2733,2733,3'x65' Henry Eaveguard - Ice Guard,-- Unbranded --,-- No Unilog Brand --,-- No DIB Brand --,Palmer Donavin Mfg Company (PALDO),Milwaukee Electric Tool Corporation,MILWAUKEE®,,2733,,,"MILWAUKEE®, Commercial Product, 2733, M18 FUEL™ 7-1/4"" Dual Bevel Sliding Comp M","COMM PRODUCT M18 FUEL™ 7-1/4"" DUAL","MILWAUKEE®, 2733, Commercial Product, M18 FUEL™ 7-1/4"" Dual Bevel Sliding Comp Mounting","MILWAUKEE® Commercial Product, M18 FUEL™ 7-1/4"" Dual Bevel Sliding Comp A, M18 FUEL™ 7-1/4"" Dual Bevel Sliding Comp Mounting, 3 ftx65","MILWAUKEE®, Commercial Product, M18 FUEL™ 7-1/4"" Dual Bevel Sliding Comp Mounting",,,,,,,,,,,,,,,,,,,,,,,,,,,"MILWAUKEE®, Commercial Product, M18 FUEL™ 7-1/4"" Dual Bevel Sliding Comp Mounting",Series,,,Model,,,Item Type,,,Voltage Rating,,,Amperage Rating,"M18 FUEL™ 7-1/4"" Dual Bevel Sliding Comp",,Dimensions,3 ftx65,,Mounting Type,"M18 FUEL™ 7-1/4"" Dual Bevel Sliding Comp",,Material,,,Color,,,Sound Level,,,Additional Information,,,,,,,,,,,,,,,,,,,,,,,,,,,,,,,,,,,,,,,,,,,,,,,,,,,,,,,,,,,,,,,,,,,,,,,,,,,,,,,,,,,,,,,,,,,,,,,,,,,,,,,,,,,,,,,,,,,,,,,,,,,,,,1,EA,,,,,,,,,,,,,,,,,,,,,,,,,,,,,,,,,,,,,US,No,No
,,,,,,7547,,,,7547,7547,Ice Guard OC Weathr Lk Mat 2sq,-- Unbranded --,-- No Unilog Brand --,-- No DIB Brand --,-,-,-,,7547,,,"-, Commercial Product, 7547",COMMERCIAL PRODUCT,"-, 7547, Commercial Product",- Commercial Product,"-, Commercial Product",,,,,,,,,,,,,,,,,,,,,,,,,,,"-, Commercial Product",Series,,,Model,,,Item Type,,,Voltage Rating,,,Amperage Rating,,,Dimensions,,,Mounting Type,,,Material,,,Color,,,Sound Level,,,Additional Information,,,,,,,,,,,,,,,,,,,,,,,,,,,,,,,,,,,,,,,,,,,,,,,,,,,,,,,,,,,,,,,,,,,,,,,,,,,,,,,,,,,,,,,,,,,,,,,,,,,,,,,,,,,,,,,,,,,,,,,,,,,,,,1,EA,,,,,,,,,,,,,,,,,,,,,,,,,,,,,,,,,,,,,US,No,No
https://www.bc.com/product/8912220,,,,,,8912220,,,,8912220,8912220,"7-1/4""x12' Hardie Sdg Smooth - Primed HardiePlank",-- Unbranded --,-- No Unilog Brand --,-- No DIB Brand --,Boise Cascade Building Materials (BOICA),Boise Cascade Building Materials,Boise Cascade Building Materials,,8912220,,,"Boise Cascade Building Materials, Commercial Product, 8912220",COMMERCIAL PRODUCT 7-1/4 INX12,"Boise Cascade Building Materials, 8912220, Commercial Product","Boise Cascade Building Materials Commercial Product, 7-1/4 inx12","Boise Cascade Building Materials, Commercial Product",,,,,,,,,,,,,,,,,,,,,,,,,,,"Boise Cascade Building Materials, Commercial Product",Series,,,Model,,,Item Type,,,Voltage Rating,,,Amperage Rating,,,Dimensions,7-1/4 inx12,,Mounting Type,,,Material,,,Color,,,Sound Level,,,Additional Information,,,,,,,,,,,,,,,,,,,,,,,,,,,,,,,,,,,,,,,,,,,,,,,,,,,,,,,,,,,,,,,,,,,,,,,,,,,,,,,,,,,,,,,,,,,,,,,,,,,,,,,,,,,,,,,,,,,,,,,,,,,,,,1,EA,,,,,,,,,,,,,,,,,,,,,,,,,,,,,,,,,,,,,US,No,No
https://www.bc.com/product/8904015,,,,,,8904015,,,,8904015,8904015,4'x10' HardiePanel Smooth - Primed,-- Unbranded --,-- No Unilog Brand --,-- No DIB Brand --,Boise Cascade Building Materials (BOICA),Boise Cascade Building Materials,Boise Cascade Building Materials,,8904015,,,"Boise Cascade Building Materials, Commercial Product, 8904015",COMMERCIAL PRODUCT 4 FTX10,"Boise Cascade Building Materials, 8904015, Commercial Product","Boise Cascade Building Materials Commercial Product, 4 ftx10","Boise Cascade Building Materials, Commercial Product",,,,,,,,,,,,,,,,,,,,,,,,,,,"Boise Cascade Building Materials, Commercial Product",Series,,,Model,,,Item Type,,,Voltage Rating,,,Amperage Rating,,,Dimensions,4 ftx10,,Mounting Type,,,Material,,,Color,,,Sound Level,,,Additional Information,,,,,,,,,,,,,,,,,,,,,,,,,,,,,,,,,,,,,,,,,,,,,,,,,,,,,,,,,,,,,,,,,,,,,,,,,,,,,,,,,,,,,,,,,,,,,,,,,,,,,,,,,,,,,,,,,,,,,,,,,,,,,,1,EA,,,,,,,,,,,,,,,,,,,,,,,,,,,,,,,,,,,,,US,No,No
,,,,,,25796,,,,25796,25796,"6""x16' Smart Lap Sdg Cedar",-- Unbranded --,-- No Unilog Brand --,-- No DIB Brand --,U S Lumber (3073),U S Lumber,U S Lumber,,25796,,,"U S Lumber, Commercial Product, 25796",COMMERCIAL PRODUCT 6 INX16,"U S Lumber, 25796, Commercial Product","U S Lumber Commercial Product, 6 inx16","U S Lumber, Commercial Product",,,,,,,,,,,,,,,,,,,,,,,,,,,"U S Lumber, Commercial Product",Series,,,Model,,,Item Type,,,Voltage Rating,,,Amperage Rating,,,Dimensions,6 inx16,,Mounting Type,,,Material,,,Color,,,Sound Level,,,Additional Information,,,,,,,,,,,,,,,,,,,,,,,,,,,,,,,,,,,,,,,,,,,,,,,,,,,,,,,,,,,,,,,,,,,,,,,,,,,,,,,,,,,,,,,,,,,,,,,,,,,,,,,,,,,,,,,,,,,,,,,,,,,,,,1,EA,,,,,,,,,,,,,,,,,,,,,,,,,,,,,,,,,,,,,US,No,No
https://www.boschtools.com/product/40503,,,,,,40503,,,,40503,40503,"3/8"" 16""x16' Smart Pan Cedar - No-Groove Sq Edge B&B",-- Unbranded --,-- No Unilog Brand --,-- No DIB Brand --,U S Lumber (3073),Robert Bosch GmbH,BOSCH®,,40503,,,"BOSCH®, Commercial Product, 40503",COMMERCIAL PRODUCT 16 INX16,"BOSCH®, 40503, Commercial Product","BOSCH® Commercial Product, 16 inx16","BOSCH®, Commercial Product",,,,,,,,,,,,,,,,,,,,,,,,,,,"BOSCH®, Commercial Product",Series,,,Model,,,Item Type,,,Voltage Rating,,,Amperage Rating,,,Dimensions,16 inx16,,Mounting Type,,,Material,,,Color,,,Sound Level,,,Additional Information,,,,,,,,,,,,,,,,,,,,,,,,,,,,,,,,,,,,,,,,,,,,,,,,,,,,,,,,,,,,,,,,,,,,,,,,,,,,,,,,,,,,,,,,,,,,,,,,,,,,,,,,,,,,,,,,,,,,,,,,,,,,,,1,EA,,,,,,,,,,,,,,,,,,,,,,,,,,,,,,,,,,,,,US,No,No
,,,,,,25825,,,,25825,25825,"3/8"" 4x10 Smart Pan Cedar - No-Groove w/Shiplap Edges",-- Unbranded --,-- No Unilog Brand --,-- No DIB Brand --,U S Lumber (3073),U S Lumber,U S Lumber,,25825,,,"U S Lumber, Commercial Product, 25825",COMMERCIAL PRODUCT 4X10,"U S Lumber, 25825, Commercial Product","U S Lumber Commercial Product, 4x10","U S Lumber, Commercial Product",,,,,,,,,,,,,,,,,,,,,,,,,,,"U S Lumber, Commercial Product",Series,,,Model,,,Item Type,,,Voltage Rating,,,Amperage Rating,,,Dimensions,4x10,,Mounting Type,,,Material,,,Color,,,Sound Level,,,Additional Information,,,,,,,,,,,,,,,ArborSize,10,,,,,,,,,,,,,,,,,,,,,,,,,,,,,,,,,,,,,,,,,,,,,,,,,,,,,,,,,,,,,,,,,,,,,,,,,,,,,,,,,,,,,,,,,,,,,,,,,,,,,,,,,,,,,,1,EA,,,,,,,,,,,,,,,,,,,,,,,,,,,,,,,,,,,,,US,No,No
,,,,,,25822,,,,25822,25822,"3/8"" 12""x16' Smart Vented Soff - Cedar Soffit",-- Unbranded --,-- No Unilog Brand --,-- No DIB Brand --,U S Lumber (3073),U S Lumber,U S Lumber,,25822,,,"U S Lumber, Commercial Product, 25822",COMMERCIAL PRODUCT 12 INX16,"U S Lumber, 25822, Commercial Product","U S Lumber Commercial Product, 12 inx16","U S Lumber, Commercial Product",,,,,,,,,,,,,,,,,,,,,,,,,,,"U S Lumber, Commercial Product",Series,,,Model,,,Item Type,,,Voltage Rating,,,Amperage Rating,,,Dimensions,12 inx16,,Mounting Type,,,Material,,,Color,,,Sound Level,,,Additional Information,,,,,,,,,,,,,,,,,,,,,,,,,,,,,,,,,,,,,,,,,,,,,,,,,,,,,,,,,,,,,,,,,,,,,,,,,,,,,,,,,,,,,,,,,,,,,,,,,,,,,,,,,,,,,,,,,,,,,,,,,,,,,,1,EA,,,,,,,,,,,,,,,,,,,,,,,,,,,,,,,,,,,,,US,No,No
https://www.bc.com/product/543650101,,,,,,543650101,,,,543650101,543650101,Black Alum ADA Wall Mount Trex,-- Unbranded --,-- No Unilog Brand --,-- No DIB Brand --,Boise Cascade Building Materials (BOICA),Boise Cascade Building Materials,Boise Cascade Building Materials,,543650101,,,"Boise Cascade Building Materials, Commercial Product, 543650101, Wall Mount Moun",COMMERCIAL PRODUCT WALL MOUNT ALUM,"Boise Cascade Building Materials, 543650101, Commercial Product, Wall Mount Mounting, Aluminum","Boise Cascade Building Materials Commercial Product, Wall Mount Mounting, Aluminum","Boise Cascade Building Materials, Commercial Product, Wall Mount Mounting, Aluminum",,,,,,,,,,,,,,,,,,,,,,,,,,,"Boise Cascade Building Materials, Commercial Product, Wall Mount Mounting, Aluminum",Series,,,Model,,,Item Type,,,Voltage Rating,,,Amperage Rating,,,Dimensions,,,Mounting Type,Wall Mount,,Material,Aluminum,,Color,,,Sound Level,,,Additional Information,,,,,,,,,,,,,,,,,,,,,,,,,,,,,,,,,,,,,,,,,,,,,,,,,,,,,,,,,,,,,,,,,,,,,,,,,,,,,,,,,,,,,,,,,,,,,,,,,,,,,,,,,,,,,,,,,,,,,,,,,,,,,,1,EA,,,,,,,,,,,,,,,,,,,,,,,,,,,,,,,,,,,,,US,No,No
https://www.bc.com/product/543650010,,,,,,543650010,,,,543650010,543650010,Black Alum ADA Int End Cap - Trex,-- Unbranded --,-- No Unilog Brand --,-- No DIB Brand --,Boise Cascade Building Materials (BOICA),Boise Cascade Building Materials,Boise Cascade Building Materials,,543650010,,,"Boise Cascade Building Materials, Commercial Product, 543650010, Aluminum",COMMERCIAL PRODUCT ALUM,"Boise Cascade Building Materials, 543650010, Commercial Product, Aluminum","Boise Cascade Building Materials Commercial Product, Aluminum","Boise Cascade Building Materials, Commercial Product, Aluminum",,,,,,,,,,,,,,,,,,,,,,,,,,,"Boise Cascade Building Materials, Commercial Product, Aluminum",Series,,,Model,,,Item Type,,,Voltage Rating,,,Amperage Rating,,,Dimensions,,,Mounting Type,,,Material,Aluminum,,Color,,,Sound Level,,,Additional Information,,,,,,,,,,,,,,,,,,,,,,,,,,,,,,,,,,,,,,,,,,,,,,,,,,,,,,,,,,,,,,,,,,,,,,,,,,,,,,,,,,,,,,,,,,,,,,,,,,,,,,,,,,,,,,,,,,,,,,,,,,,,,,1,EA,,,,,,,,,,,,,,,,,,,,,,,,,,,,,,,,,,,,,US,No,No
https://www.bc.com/product/543650048,,,,,,543650048,,,,543650048,543650048,8' Black Alum ADA Rail Trex,-- Unbranded --,-- No Unilog Brand --,-- No DIB Brand --,Boise Cascade Building Materials (BOICA),Boise Cascade Building Materials,Boise Cascade Building Materials,,543650048,,,"Boise Cascade Building Materials, Commercial Product, 543650048, Aluminum",COMMERCIAL PRODUCT ALUM,"Boise Cascade Building Materials, 543650048, Commercial Product, Aluminum","Boise Cascade Building Materials Commercial Product, Aluminum","Boise Cascade Building Materials, Commercial Product, Aluminum",,,,,,,,,,,,,,,,,,,,,,,,,,,"Boise Cascade Building Materials, Commercial Product, Aluminum",Series,,,Model,,,Item Type,,,Voltage Rating,,,Amperage Rating,,,Dimensions,,,Mounting Type,,,Material,Aluminum,,Color,,,Sound Level,,,Additional Information,,,,,,,,,,,,,,,,,,,,,,,,,,,,,,,,,,,,,,,,,,,,,,,,,,,,,,,,,,,,,,,,,,,,,,,,,,,,,,,,,,,,,,,,,,,,,,,,,,,,,,,,,,,,,,,,,,,,,,,,,,,,,,1,EA,,,,,,,,,,,,,,,,,,,,,,,,,,,,,,,,,,,,,US,No,No
,,,,,,1506969,,,,1506969,1506969,"1-1/2"" 4x8 Huber Zip R6.6 - Insulated R-Sheathing",-- Unbranded --,-- No Unilog Brand --,-- No DIB Brand --,-,-,-,,1506969,,,"-, Commercial Product, 1506969",COMMERCIAL PRODUCT 4X8,"-, 1506969, Commercial Product","- Commercial Product, 4x8","-, Commercial Product",,,,,,,,,,,,,,,,,,,,,,,,,,,"-, Commercial Product",Series,,,Model,,,Item Type,,,Voltage Rating,,,Amperage Rating,,,Dimensions,4x8,,Mounting Type,,,Material,,,Color,,,Sound Level,,,Additional Information,,,,,,,,,,,,,,,ArborSize,8,,,,,,,,,,,,,,,,,,,,,,,,,,,,,,,,,,,,,,,,,,,,,,,,,,,,,,,,,,,,,,,,,,,,,,,,,,,,,,,,,,,,,,,,,,,,,,,,,,,,,,,,,,,,,,1,EA,,,,,,,,,,,,,,,,,,,,,,,,,,,,,,,,,,,,,US,No,No
,,,,,,1514681,,,,1514681,1514681,"1"" 4x8 Huber Zip R3.6 - Insulated R-Sheathing",-- Unbranded --,-- No Unilog Brand --,-- No DIB Brand --,-,-,-,,1514681,,,"-, Commercial Product, 1514681",COMMERCIAL PRODUCT 4X8,"-, 1514681, Commercial Product","- Commercial Product, 4x8","-, Commercial Product",,,,,,,,,,,,,,,,,,,,,,,,,,,"-, Commercial Product",Series,,,Model,,,Item Type,,,Voltage Rating,,,Amperage Rating,,,Dimensions,4x8,,Mounting Type,,,Material,,,Color,,,Sound Level,,,Additional Information,,,,,,,,,,,,,,,ArborSize,8,,,,,,,,,,,,,,,,,,,,,,,,,,,,,,,,,,,,,,,,,,,,,,,,,,,,,,,,,,,,,,,,,,,,,,,,,,,,,,,,,,,,,,,,,,,,,,,,,,,,,,,,,,,,,,1,EA,,,,,,,,,,,,,,,,,,,,,,,,,,,,,,,,,,,,,US,No,No
,,,,,,1514726,,,,1514726,1514726,"2"" 4x8 Huber Zip R9.6 - Insulated R-Sheathing",-- Unbranded --,-- No Unilog Brand --,-- No DIB Brand --,-,-,-,,1514726,,,"-, Commercial Product, 1514726",COMMERCIAL PRODUCT 4X8,"-, 1514726, Commercial Product","- Commercial Product, 4x8","-, Commercial Product",,,,,,,,,,,,,,,,,,,,,,,,,,,"-, Commercial Product",Series,,,Model,,,Item Type,,,Voltage Rating,,,Amperage Rating,,,Dimensions,4x8,,Mounting Type,,,Material,,,Color,,,Sound Level,,,Additional Information,,,,,,,,,,,,,,,ArborSize,8,,,,,,,,,,,,,,,,,,,,,,,,,,,,,,,,,,,,,,,,,,,,,,,,,,,,,,,,,,,,,,,,,,,,,,,,,,,,,,,,,,,,,,,,,,,,,,,,,,,,,,,,,,,,,,1,EA,,,,,,,,,,,,,,,,,,,,,,,,,,,,,,,,,,,,,US,No,No
,,,,,,1728ABL,,,,1728ABL,1728ABL,2x2 Black Fine Fissured 1728BL,-- Unbranded --,-- No Unilog Brand --,-- No DIB Brand --,Palmer Donavin Mfg Company (PALDO),Palmer Donavin Mfg Company,Palmer Donavin Mfg Company,,1728ABL,,,"Palmer Donavin Mfg Company, Commercial Product, 1728ABL",COMMERCIAL PRODUCT 2X2,"Palmer Donavin Mfg Company, 1728ABL, Commercial Product","Palmer Donavin Mfg Company Commercial Product, 2x2","Palmer Donavin Mfg Company, Commercial Product",,,,,,,,,,,,,,,,,,,,,,,,,,,"Palmer Donavin Mfg Company, Commercial Product",Series,,,Model,,,Item Type,,,Voltage Rating,,,Amperage Rating,,,Dimensions,2x2,,Mounting Type,,,Material,,,Color,,,Sound Level,,,Additional Information,,,,,,,,,,,,,,,ArborSize,2,,,,,,,,,,,,,,,,,,,,,,,,,,,,,,,,,,,,,,,,,,,,,,,,,,,,,,,,,,,,,,,,,,,,,,,,,,,,,,,,,,,,,,,,,,,,,,,,,,,,,,,,,,,,,,1,EA,,,,,,,,,,,,,,,,,,,,,,,,,,,,,,,,,,,,,US,No,No
https://www.boschtools.com/product/402-R,,,,,,402-R,,,,402-R,402-R,402R 12V12AH 8D Battery,-- Unbranded --,-- No Unilog Brand --,-- No DIB Brand --,MillerTech Energy Solutions (MILTE),Robert Bosch GmbH,BOSCH®,,402-R,,,"BOSCH®, Commercial Product, 402-R",COMMERCIAL PRODUCT,"BOSCH®, 402-R, Commercial Product",BOSCH® Commercial Product,"BOSCH®, Commercial Product",,,,,,,,,,,,,,,,,,,,,,,,,,,"BOSCH®, Commercial Product",Series,,,Model,,,Item Type,,,Voltage Rating,,,Amperage Rating,,,Dimensions,,,Mounting Type,,,Material,,,Color,,,Sound Level,,,Additional Information,,,,,,,,,,,,,,,,,,,,,,,,,,,,,,,,,,,,,,,,,,,,,,,,,,,,,,,,,,,,,,,,,,,,,,,,,,,,,,,,,,,,,,,,,,,,,,,,,,,,,,,,,,,,,,,,,,,,,,,,,,,,,,1,EA,,,,,,,,,,,,,,,,,,,,,,,,,,,,,,,,,,,,,US,No,No
,,,,,,SL1672,,,,SL1672,SL1672,SL1672 Jumpstart & Pwr Supply,-- Unbranded --,-- No Unilog Brand --,-- No DIB Brand --,-,-,-,,SL1672,,,"-, Commercial Product, SL1672",COMMERCIAL PRODUCT,"-, SL1672, Commercial Product",- Commercial Product,"-, Commercial Product",,,,,,,,,,,,,,,,,,,,,,,,,,,"-, Commercial Product",Series,,,Model,,,Item Type,,,Voltage Rating,,,Amperage Rating,,,Dimensions,,,Mounting Type,,,Material,,,Color,,,Sound Level,,,Additional Information,,,,,,,,,,,,,,,,,,,,,,,,,,,,,,,,,,,,,,,,,,,,,,,,,,,,,,,,,,,,,,,,,,,,,,,,,,,,,,,,,,,,,,,,,,,,,,,,,,,,,,,,,,,,,,,,,,,,,,,,,,,,,,1,EA,,,,,,,,,,,,,,,,,,,,,,,,,,,,,,,,,,,,,US,No,No
https://www.dewalt.com/product/BM-DW20-YLW-6,,,,,,BM-DW20-YLW-6,,,,BM-DW20-YLW-6,BM-DW20-YLW-6,BM-DW20-YLW-6 Dewalt - Battery Mounts 6pk,-- Unbranded --,-- No Unilog Brand --,-- No DIB Brand --,Metalmark Industrial Inc (METIN),Stanley Black & Decker,DEWALT®,,BM-DW20-YLW-6,,,"DEWALT®, Commercial Product, BM-DW20-YLW-6",COMMERCIAL PRODUCT,"DEWALT®, BM-DW20-YLW-6, Commercial Product",DEWALT® Commercial Product,"DEWALT®, Commercial Product",,,,,,,,,,,,,,,,,,,,,,,,,,,"DEWALT®, Commercial Product",Series,,,Model,,,Item Type,,,Voltage Rating,,,Amperage Rating,,,Dimensions,,,Mounting Type,,,Material,,,Color,,,Sound Level,,,Additional Information,,,,,,,,,,,,,,,PackQuantity,6 PK,,,,,,,,,,,,,,,,,,,,,,,,,,,,,,,,,,,,,,,,,,,,,,,,,,,,,,,,,,,,,,,,,,,,,,,,,,,,,,,,,,,,,,,,,,,,,,,,,,,,,,,,,,,,,,1,EA,,,,,,,,,,,,,,,,,,,,,,,,,,,,,,,,,,,,,US,No,No
https://www.southwire.com/product/BHA1-UPC,,,,,,BHA1-UPC,,,,BHA1-UPC,BHA1-UPC,16-24 Adjust Hanger,-- Unbranded --,-- No Unilog Brand --,-- No DIB Brand --,Southwire/g Turner (6603),Southwire Company,SOUTHWIRE®,,BHA1-UPC,,,"SOUTHWIRE®, Commercial Product, BHA1-UPC",COMMERCIAL PRODUCT,"SOUTHWIRE®, BHA1-UPC, Commercial Product",SOUTHWIRE® Commercial Product,"SOUTHWIRE®, Commercial Product",,,,,,,,,,,,,,,,,,,,,,,,,,,"SOUTHWIRE®, Commercial Product",Series,,,Model,,,Item Type,,,Voltage Rating,,,Amperage Rating,,,Dimensions,,,Mounting Type,,,Material,,,Color,,,Sound Level,,,Additional Information,,,,,,,,,,,,,,,,,,,,,,,,,,,,,,,,,,,,,,,,,,,,,,,,,,,,,,,,,,,,,,,,,,,,,,,,,,,,,,,,,,,,,,,,,,,,,,,,,,,,,,,,,,,,,,,,,,,,,,,,,,,,,,1,EA,,,,,,,,,,,,,,,,,,,,,,,,,,,,,,,,,,,,,US,No,No
https://www.southwire.com/product/G1941-UPC,,,,,,G1941-UPC,,,,G1941-UPC,G1941-UPC,"G1941UPC 4"" Sq Cover Sw/Outlet",-- Unbranded --,-- No Unilog Brand --,-- No DIB Brand --,Southwire/g Turner (6603),Southwire Company,SOUTHWIRE®,,G1941-UPC,,,"SOUTHWIRE®, Commercial Product, G1941-UPC",COMMERCIAL PRODUCT,"SOUTHWIRE®, G1941-UPC, Commercial Product",SOUTHWIRE® Commercial Product,"SOUTHWIRE®, Commercial Product",,,,,,,,,,,,,,,,,,,,,,,,,,,"SOUTHWIRE®, Commercial Product",Series,,,Model,,,Item Type,,,Voltage Rating,,,Amperage Rating,,,Dimensions,,,Mounting Type,,,Material,,,Color,,,Sound Level,,,Additional Information,,,,,,,,,,,,,,,,,,,,,,,,,,,,,,,,,,,,,,,,,,,,,,,,,,,,,,,,,,,,,,,,,,,,,,,,,,,,,,,,,,,,,,,,,,,,,,,,,,,,,,,,,,,,,,,,,,,,,,,,,,,,,,1,EA,,,,,,,,,,,,,,,,,,,,,,,,,,,,,,,,,,,,,US,No,No
https://www.southwire.com/product/G1950-UPC,,,,,,G1950-UPC,,,,G1950-UPC,G1950-UPC,4x4 2G GFI Box Cover,-- Unbranded --,-- No Unilog Brand --,-- No DIB Brand --,Southwire/g Turner (6603),Southwire Company,SOUTHWIRE®,,G1950-UPC,,,"SOUTHWIRE®, Commercial Product, G1950-UPC",COMMERCIAL PRODUCT 4X4,"SOUTHWIRE®, G1950-UPC, Commercial Product","SOUTHWIRE® Commercial Product, 4x4","SOUTHWIRE®, Commercial Product",,,,,,,,,,,,,,,,,,,,,,,,,,,"SOUTHWIRE®, Commercial Product",Series,,,Model,,,Item Type,,,Voltage Rating,,,Amperage Rating,,,Dimensions,4x4,,Mounting Type,,,Material,,,Color,,,Sound Level,,,Additional Information,,,,,,,,,,,,,,,ArborSize,4,,,,,,,,,,,,,,,,,,,,,,,,,,,,,,,,,,,,,,,,,,,,,,,,,,,,,,,,,,,,,,,,,,,,,,,,,,,,,,,,,,,,,,,,,,,,,,,,,,,,,,,,,,,,,,1,EA,,,,,,,,,,,,,,,,,,,,,,,,,,,,,,,,,,,,,US,No,No
,,,,,,A410RCAR,,,,A410RCAR,A410RCAR,4x4 1G PVC Box Cover,-- Unbranded --,-- No Unilog Brand --,-- No DIB Brand --,Thomas & Betts (7405),Thomas & Betts,Thomas & Betts,,A410RCAR,,,"Thomas & Betts, Commercial Product, A410RCAR",COMMERCIAL PRODUCT 4X4,"Thomas & Betts, A410RCAR, Commercial Product","Thomas & Betts Commercial Product, 4x4","Thomas & Betts, Commercial Product",,,,,,,,,,,,,,,,,,,,,,,,,,,"Thomas & Betts, Commercial Product",Series,,,Model,,,Item Type,,,Voltage Rating,,,Amperage Rating,,,Dimensions,4x4,,Mounting Type,,,Material,,,Color,,,Sound Level,,,Additional Information,,,,,,,,,,,,,,,ArborSize,4,,,,,,,,,,,,,,,,,,,,,,,,,,,,,,,,,,,,,,,,,,,,,,,,,,,,,,,,,,,,,,,,,,,,,,,,,,,,,,,,,,,,,,,,,,,,,,,,,,,,,,,,,,,,,,1,EA,,,,,,,,,,,,,,,,,,,,,,,,,,,,,,,,,,,,,US,No,No
https://www.southwire.com/product/G1951-UPC,,,,,,G1951-UPC,,,,G1951-UPC,G1951-UPC,4x4 2G GFCI Duplex Box Cover,-- Unbranded --,-- No Unilog Brand --,-- No DIB Brand --,Southwire/g Turner (6603),Southwire Company,SOUTHWIRE®,,G1951-UPC,,,"SOUTHWIRE®, Commercial Product, G1951-UPC",COMMERCIAL PRODUCT 4X4,"SOUTHWIRE®, G1951-UPC, Commercial Product","SOUTHWIRE® Commercial Product, 4x4","SOUTHWIRE®, Commercial Product",,,,,,,,,,,,,,,,,,,,,,,,,,,"SOUTHWIRE®, Commercial Product",Series,,,Model,,,Item Type,,,Voltage Rating,,,Amperage Rating,,,Dimensions,4x4,,Mounting Type,,,Material,,,Color,,,Sound Level,,,Additional Information,,,,,,,,,,,,,,,ArborSize,4,,,,,,,,,,,,,,,,,,,,,,,,,,,,,,,,,,,,,,,,,,,,,,,,,,,,,,,,,,,,,,,,,,,,,,,,,,,,,,,,,,,,,,,,,,,,,,,,,,,,,,,,,,,,,,1,EA,,,,,,,,,,,,,,,,,,,,,,,,,,,,,,,,,,,,,US,No,No
https://www.kichler.com/product/52C3-5/8-UPC,,,,,,52C3-5/8-UPC,,,,52C3-5/8-UPC,52C3-5/8-UPC,4x4 1G Box Cover,-- Unbranded --,-- No Unilog Brand --,-- No DIB Brand --,Southwire/g Turner (6603),Kichler Lighting LLC,KICHLER®,,52C3-5/8-UPC,,,"KICHLER®, Commercial Product, 52C3-5/8-UPC",COMMERCIAL PRODUCT 4X4,"KICHLER®, 52C3-5/8-UPC, Commercial Product","KICHLER® Commercial Product, 4x4","KICHLER®, Commercial Product",,,,,,,,,,,,,,,,,,,,,,,,,,,"KICHLER®, Commercial Product",Series,,,Model,,,Item Type,,,Voltage Rating,,,Amperage Rating,,,Dimensions,4x4,,Mounting Type,,,Material,,,Color,,,Sound Level,,,Additional Information,,,,,,,,,,,,,,,ArborSize,4,,,,,,,,,,,,,,,,,,,,,,,,,,,,,,,,,,,,,,,,,,,,,,,,,,,,,,,,,,,,,,,,,,,,,,,,,,,,,,,,,,,,,,,,,,,,,,,,,,,,,,,,,,,,,,1,EA,,,,,,,,,,,,,,,,,,,,,,,,,,,,,,,,,,,,,US,No,No
https://www.kichler.com/product/52C14-5/8-UPC,,,,,,52C14-5/8-UPC,,,,52C14-5/8-UPC,52C14-5/8-UPC,4x4 1G Box Cover,-- Unbranded --,-- No Unilog Brand --,-- No DIB Brand --,Southwire/g Turner (6603),Kichler Lighting LLC,KICHLER®,,52C14-5/8-UPC,,,"KICHLER®, Commercial Product, 52C14-5/8-UPC",COMMERCIAL PRODUCT 4X4,"KICHLER®, 52C14-5/8-UPC, Commercial Product","KICHLER® Commercial Product, 4x4","KICHLER®, Commercial Product",,,,,,,,,,,,,,,,,,,,,,,,,,,"KICHLER®, Commercial Product",Series,,,Model,,,Item Type,,,Voltage Rating,,,Amperage Rating,,,Dimensions,4x4,,Mounting Type,,,Material,,,Color,,,Sound Level,,,Additional Information,,,,,,,,,,,,,,,ArborSize,4,,,,,,,,,,,,,,,,,,,,,,,,,,,,,,,,,,,,,,,,,,,,,,,,,,,,,,,,,,,,,,,,,,,,,,,,,,,,,,,,,,,,,,,,,,,,,,,,,,,,,,,,,,,,,,1,EA,,,,,,,,,,,,,,,,,,,,,,,,,,,,,,,,,,,,,US,No,No
https://www.kichler.com/product/52C3-UPC,,,,,,52C3-UPC,,,,52C3-UPC,52C3-UPC,4x4 1G Box Cover,-- Unbranded --,-- No Unilog Brand --,-- No DIB Brand --,Southwire/g Turner (6603),Kichler Lighting LLC,KICHLER®,,52C3-UPC,,,"KICHLER®, Commercial Product, 52C3-UPC",COMMERCIAL PRODUCT 4X4,"KICHLER®, 52C3-UPC, Commercial Product","KICHLER® Commercial Product, 4x4","KICHLER®, Commercial Product",,,,,,,,,,,,,,,,,,,,,,,,,,,"KICHLER®, Commercial Product",Series,,,Model,,,Item Type,,,Voltage Rating,,,Amperage Rating,,,Dimensions,4x4,,Mounting Type,,,Material,,,Color,,,Sound Level,,,Additional Information,,,,,,,,,,,,,,,ArborSize,4,,,,,,,,,,,,,,,,,,,,,,,,,,,,,,,,,,,,,,,,,,,,,,,,,,,,,,,,,,,,,,,,,,,,,,,,,,,,,,,,,,,,,,,,,,,,,,,,,,,,,,,,,,,,,,1,EA,,,,,,,,,,,,,,,,,,,,,,,,,,,,,,,,,,,,,US,No,No
https://www.southwire.com/product/54151-F-UPC,,,,,,54151-F-UPC,,,,54151-F-UPC,54151-F-UPC,4x4x1-1/2 Oct Box w/Bracket,-- Unbranded --,-- No Unilog Brand --,-- No DIB Brand --,Southwire/g Turner (6603),Southwire Company,SOUTHWIRE®,,54151-F-UPC,,,"SOUTHWIRE®, Commercial Product, 54151-F-UPC",COMMERCIAL PRODUCT 4X4X1-1,"SOUTHWIRE®, 54151-F-UPC, Commercial Product","SOUTHWIRE® Commercial Product, 4x4x1-1","SOUTHWIRE®, Commercial Product",,,,,,,,,,,,,,,,,,,,,,,,,,,"SOUTHWIRE®, Commercial Product",Series,,,Model,,,Item Type,,,Voltage Rating,,,Amperage Rating,,,Dimensions,4x4x1-1,,Mounting Type,,,Material,,,Color,,,Sound Level,,,Additional Information,,,,,,,,,,,,,,,,,,,,,,,,,,,,,,,,,,,,,,,,,,,,,,,,,,,,,,,,,,,,,,,,,,,,,,,,,,,,,,,,,,,,,,,,,,,,,,,,,,,,,,,,,,,,,,,,,,,,,,,,,,,,,,1,EA,,,,,,,,,,,,,,,,,,,,,,,,,,,,,,,,,,,,,US,No,No
https://www.southwire.com/product/54151-HUR-UPC,,,,,,54151-HUR-UPC,,,,54151-HUR-UPC,54151-HUR-UPC,4x4x1-1/2 Oct Box w/Hanger,-- Unbranded --,-- No Unilog Brand --,-- No DIB Brand --,Southwire/g Turner (6603),Southwire Company,SOUTHWIRE®,,54151-HUR-UPC,,,"SOUTHWIRE®, Commercial Product, 54151-HUR-UPC",COMMERCIAL PRODUCT 4X4X1-1,"SOUTHWIRE®, 54151-HUR-UPC, Commercial Product","SOUTHWIRE® Commercial Product, 4x4x1-1","SOUTHWIRE®, Commercial Product",,,,,,,,,,,,,,,,,,,,,,,,,,,"SOUTHWIRE®, Commercial Product",Series,,,Model,,,Item Type,,,Voltage Rating,,,Amperage Rating,,,Dimensions,4x4x1-1,,Mounting Type,,,Material,,,Color,,,Sound Level,,,Additional Information,,,,,,,,,,,,,,,,,,,,,,,,,,,,,,,,,,,,,,,,,,,,,,,,,,,,,,,,,,,,,,,,,,,,,,,,,,,,,,,,,,,,,,,,,,,,,,,,,,,,,,,,,,,,,,,,,,,,,,,,,,,,,,1,EA,,,,,,,,,,,,,,,,,,,,,,,,,,,,,,,,,,,,,US,No,No
https://www.southwire.com/product/54151-JR-UPC,,,,,,54151-JR-UPC,,,,54151-JR-UPC,54151-JR-UPC,4x4x1-1/2 Oct Box w/Brakcet,-- Unbranded --,-- No Unilog Brand --,-- No DIB Brand --,Southwire/g Turner (6603),Southwire Company,SOUTHWIRE®,,54151-JR-UPC,,,"SOUTHWIRE®, Commercial Product, 54151-JR-UPC",COMMERCIAL PRODUCT 4X4X1-1,"SOUTHWIRE®, 54151-JR-UPC, Commercial Product","SOUTHWIRE® Commercial Product, 4x4x1-1","SOUTHWIRE®, Commercial Product",,,,,,,,,,,,,,,,,,,,,,,,,,,"SOUTHWIRE®, Commercial Product",Series,,,Model,,,Item Type,,,Voltage Rating,,,Amperage Rating,,,Dimensions,4x4x1-1,,Mounting Type,,,Material,,,Color,,,Sound Level,,,Additional Information,,,,,,,,,,,,,,,,,,,,,,,,,,,,,,,,,,,,,,,,,,,,,,,,,,,,,,,,,,,,,,,,,,,,,,,,,,,,,,,,,,,,,,,,,,,,,,,,,,,,,,,,,,,,,,,,,,,,,,,,,,,,,,1,EA,,,,,,,,,,,,,,,,,,,,,,,,,,,,,,,,,,,,,US,No,No
https://www.southwire.com/product/54171-R-UPC,,,,,,54171-R-UPC,,,,54171-R-UPC,54171-R-UPC,4x4x2 Oct Box,-- Unbranded --,-- No Unilog Brand --,-- No DIB Brand --,Southwire/g Turner (6603),Southwire Company,SOUTHWIRE®,,54171-R-UPC,,,"SOUTHWIRE®, Commercial Product, 54171-R-UPC",COMMERCIAL PRODUCT 4X4X2,"SOUTHWIRE®, 54171-R-UPC, Commercial Product","SOUTHWIRE® Commercial Product, 4x4x2","SOUTHWIRE®, Commercial Product",,,,,,,,,,,,,,,,,,,,,,,,,,,"SOUTHWIRE®, Commercial Product",Series,,,Model,,,Item Type,,,Voltage Rating,,,Amperage Rating,,,Dimensions,4x4x2,,Mounting Type,,,Material,,,Color,,,Sound Level,,,Additional Information,,,,,,,,,,,,,,,ArborSize,2,,,,,,,,,,,,,,,,,,,,,,,,,,,,,,,,,,,,,,,,,,,,,,,,,,,,,,,,,,,,,,,,,,,,,,,,,,,,,,,,,,,,,,,,,,,,,,,,,,,,,,,,,,,,,,1,EA,,,,,,,,,,,,,,,,,,,,,,,,,,,,,,,,,,,,,US,No,No
https://www.kichler.com/product/52151-S-UPC,,,,,,52151-S-UPC,,,,52151-S-UPC,52151-S-UPC,4x4x1-1/2 Square Box,-- Unbranded --,-- No Unilog Brand --,-- No DIB Brand --,Southwire/g Turner (6603),Kichler Lighting LLC,KICHLER®,,52151-S-UPC,,,"KICHLER®, Commercial Product, 52151-S-UPC",COMMERCIAL PRODUCT 4X4X1-1,"KICHLER®, 52151-S-UPC, Commercial Product","KICHLER® Commercial Product, 4x4x1-1","KICHLER®, Commercial Product",,,,,,,,,,,,,,,,,,,,,,,,,,,"KICHLER®, Commercial Product",Series,,,Model,,,Item Type,,,Voltage Rating,,,Amperage Rating,,,Dimensions,4x4x1-1,,Mounting Type,,,Material,,,Color,,,Sound Level,,,Additional Information,,,,,,,,,,,,,,,,,,,,,,,,,,,,,,,,,,,,,,,,,,,,,,,,,,,,,,,,,,,,,,,,,,,,,,,,,,,,,,,,,,,,,,,,,,,,,,,,,,,,,,,,,,,,,,,,,,,,,,,,,,,,,,1,EA,,,,,,,,,,,,,,,,,,,,,,,,,,,,,,,,,,,,,US,No,No
https://www.southwire.com/product/72171-3/4-1W-UPC,,,,,,72171-3/4-1W-UPC,,,,72171-3/4-1W-UPC,72171-3/4-1W-UPC,4-1/2x4-1/2x2 2G Box,-- Unbranded --,-- No Unilog Brand --,-- No DIB Brand --,Southwire/g Turner (6603),Southwire Company,SOUTHWIRE®,,72171-3/4-1W-UPC,,,"SOUTHWIRE®, Commercial Product, 72171-3/4-1W-UPC",COMMERCIAL PRODUCT 1/2X4-1,"SOUTHWIRE®, 72171-3/4-1W-UPC, Commercial Product","SOUTHWIRE® Commercial Product, 1/2x4-1","SOUTHWIRE®, Commercial Product",,,,,,,,,,,,,,,,,,,,,,,,,,,"SOUTHWIRE®, Commercial Product",Series,,,Model,,,Item Type,,,Voltage Rating,,,Amperage Rating,,,Dimensions,1/2x4-1,,Mounting Type,,,Material,,,Color,,,Sound Level,,,Additional Information,,,,,,,,,,,,,,,,,,,,,,,,,,,,,,,,,,,,,,,,,,,,,,,,,,,,,,,,,,,,,,,,,,,,,,,,,,,,,,,,,,,,,,,,,,,,,,,,,,,,,,,,,,,,,,,,,,,,,,,,,,,,,,1,EA,,,,,,,,,,,,,,,,,,,,,,,,,,,,,,,,,,,,,US,No,No
https://www.kichler.com/product/5522-5EV,,,,,,5522-5EV,,,,5522-5EV,5522-5EV,5522-5EV 2 Port Decor Plate,-- Unbranded --,-- No Unilog Brand --,-- No DIB Brand --,Cooper Wiring Devices (3560),Kichler Lighting LLC,KICHLER®,,5522-5EV,,,"KICHLER®, Commercial Product, 5522-5EV",COMMERCIAL PRODUCT,"KICHLER®, 5522-5EV, Commercial Product",KICHLER® Commercial Product,"KICHLER®, Commercial Product",,,,,,,,,,,,,,,,,,,,,,,,,,,"KICHLER®, Commercial Product",Series,,,Model,,,Item Type,,,Voltage Rating,,,Amperage Rating,,,Dimensions,,,Mounting Type,,,Material,,,Color,,,Sound Level,,,Additional Information,,,,,,,,,,,,,,,,,,,,,,,,,,,,,,,,,,,,,,,,,,,,,,,,,,,,,,,,,,,,,,,,,,,,,,,,,,,,,,,,,,,,,,,,,,,,,,,,,,,,,,,,,,,,,,,,,,,,,,,,,,,,,,1,EA,,,,,,,,,,,,,,,,,,,,,,,,,,,,,,,,,,,,,US,No,No
,,,,,,AYCL-153PH-LA,,,,AYCL-153PH-LA,AYCL-153PH-LA,AYCL-153PH-LA Lutron Dimmer LA,-- Unbranded --,-- No Unilog Brand --,-- No DIB Brand --,Fenton Bros Electric Inc (FENBR),Fenton Bros Electric Inc,Fenton Bros Electric Inc,,AYCL-153PH-LA,,,"Fenton Bros Electric Inc, Commercial Product, AYCL-153PH-LA",COMMERCIAL PRODUCT,"Fenton Bros Electric Inc, AYCL-153PH-LA, Commercial Product",Fenton Bros Electric Inc Commercial Product,"Fenton Bros Electric Inc, Commercial Product",,,,,,,,,,,,,,,,,,,,,,,,,,,"Fenton Bros Electric Inc, Commercial Product",Series,,,Model,,,Item Type,,,Voltage Rating,,,Amperage Rating,,,Dimensions,,,Mounting Type,,,Material,,,Color,,,Sound Level,,,Additional Information,,,,,,,,,,,,,,,,,,,,,,,,,,,,,,,,,,,,,,,,,,,,,,,,,,,,,,,,,,,,,,,,,,,,,,,,,,,,,,,,,,,,,,,,,,,,,,,,,,,,,,,,,,,,,,,,,,,,,,,,,,,,,,1,EA,,,,,,,,,,,,,,,,,,,,,,,,,,,,,,,,,,,,,US,No,No
,,,,,,AYCL-153PH-WH,,,,AYCL-153PH-WH,AYCL-153PH-WH,AYCL-153PH-WH Lutron Dimmer Wh,-- Unbranded --,-- No Unilog Brand --,-- No DIB Brand --,Fenton Bros Electric Inc (FENBR),Fenton Bros Electric Inc,Fenton Bros Electric Inc,,AYCL-153PH-WH,,,"Fenton Bros Electric Inc, Commercial Product, AYCL-153PH-WH",COMMERCIAL PRODUCT,"Fenton Bros Electric Inc, AYCL-153PH-WH, Commercial Product",Fenton Bros Electric Inc Commercial Product,"Fenton Bros Electric Inc, Commercial Product",,,,,,,,,,,,,,,,,,,,,,,,,,,"Fenton Bros Electric Inc, Commercial Product",Series,,,Model,,,Item Type,,,Voltage Rating,,,Amperage Rating,,,Dimensions,,,Mounting Type,,,Material,,,Color,,,Sound Level,,,Additional Information,,,,,,,,,,,,,,,,,,,,,,,,,,,,,,,,,,,,,,,,,,,,,,,,,,,,,,,,,,,,,,,,,,,,,,,,,,,,,,,,,,,,,,,,,,,,,,,,,,,,,,,,,,,,,,,,,,,,,,,,,,,,,,1,EA,,,,,,,,,,,,,,,,,,,,,,,,,,,,,,,,,,,,,US,No,No
https://www.kleintools.com/product/D23LP-R02-1RW,,,,,,D23LP-R02-1RW,,,,D23LP-R02-1RW,D23LP-R02-1RW,D23LPR021RW Plug In Dimmer Wh,-- Unbranded --,-- No Unilog Brand --,-- No DIB Brand --,Leviton Mfg Co (4927),Klein Tools Inc.,KLEIN TOOLS®,,D23LP-R02-1RW,,,"KLEIN TOOLS®, Commercial Product, D23LP-R02-1RW",COMMERCIAL PRODUCT,"KLEIN TOOLS®, D23LP-R02-1RW, Commercial Product",KLEIN TOOLS® Commercial Product,"KLEIN TOOLS®, Commercial Product",,,,,,,,,,,,,,,,,,,,,,,,,,,"KLEIN TOOLS®, Commercial Product",Series,,,Model,,,Item Type,,,Voltage Rating,,,Amperage Rating,,,Dimensions,,,Mounting Type,,,Material,,,Color,,,Sound Level,,,Additional Information,,,,,,,,,,,,,,,,,,,,,,,,,,,,,,,,,,,,,,,,,,,,,,,,,,,,,,,,,,,,,,,,,,,,,,,,,,,,,,,,,,,,,,,,,,,,,,,,,,,,,,,,,,,,,,,,,,,,,,,,,,,,,,1,EA,,,,,,,,,,,,,,,,,,,,,,,,,,,,,,,,,,,,,US,No,No
,,,,,,TNOCD002,,,,TNOCD002,TNOCD002,TNOCD002 125V Outdooor Timer,-- Unbranded --,-- No Unilog Brand --,-- No DIB Brand --,Prime Wire & Cable (3562),Prime Wire & Cable,Prime Wire & Cable,,TNOCD002,,,"Prime Wire & Cable, Commercial Product, TNOCD002",COMMERCIAL PRODUCT 125 V,"Prime Wire & Cable, TNOCD002, Commercial Product","Prime Wire & Cable Commercial Product, 125 V","Prime Wire & Cable, Commercial Product",,,,,,,,,,,,,,,,,,,,,,,,,,,"Prime Wire & Cable, Commercial Product",Series,,,Model,,,Item Type,,,Voltage Rating,125,V,Amperage Rating,,,Dimensions,,,Mounting Type,,,Material,,,Color,,,Sound Level,,,Additional Information,,,,,,,,,,,,,,,,,,,,,,,,,,,,,,,,,,,,,,,,,,,,,,,,,,,,,,,,,,,,,,,,,,,,,,,,,,,,,,,,,,,,,,,,,,,,,,,,,,,,,,,,,,,,,,,,,,,,,,,,,,,,,,1,EA,,,,,,,,,,,,,,,,,,,,,,,,,,,,,,,,,,,,,US,No,No
,,,,,,TNDHD002,,,,TNDHD002,TNDHD002,TNDHD002 125V 7Day Timer,-- Unbranded --,-- No Unilog Brand --,-- No DIB Brand --,Prime Wire & Cable (3562),Prime Wire & Cable,Prime Wire & Cable,,TNDHD002,,,"Prime Wire & Cable, Commercial Product, TNDHD002",COMMERCIAL PRODUCT 125 V,"Prime Wire & Cable, TNDHD002, Commercial Product","Prime Wire & Cable Commercial Product, 125 V","Prime Wire & Cable, Commercial Product",,,,,,,,,,,,,,,,,,,,,,,,,,,"Prime Wire & Cable, Commercial Product",Series,,,Model,,,Item Type,,,Voltage Rating,125,V,Amperage Rating,,,Dimensions,,,Mounting Type,,,Material,,,Color,,,Sound Level,,,Additional Information,,,,,,,,,,,,,,,,,,,,,,,,,,,,,,,,,,,,,,,,,,,,,,,,,,,,,,,,,,,,,,,,,,,,,,,,,,,,,,,,,,,,,,,,,,,,,,,,,,,,,,,,,,,,,,,,,,,,,,,,,,,,,,1,EA,,,,,,,,,,,,,,,,,,,,,,,,,,,,,,,,,,,,,US,No,No
,,,,,,TNIDP12,,,,TNIDP12,TNIDP12,TNIDP12 125V Dig Indoor Timer,-- Unbranded --,-- No Unilog Brand --,-- No DIB Brand --,Prime Wire & Cable (3562),Prime Wire & Cable,Prime Wire & Cable,,TNIDP12,,,"Prime Wire & Cable, Commercial Product, TNIDP12",COMMERCIAL PRODUCT 125 V,"Prime Wire & Cable, TNIDP12, Commercial Product","Prime Wire & Cable Commercial Product, 125 V","Prime Wire & Cable, Commercial Product",,,,,,,,,,,,,,,,,,,,,,,,,,,"Prime Wire & Cable, Commercial Product",Series,,,Model,,,Item Type,,,Voltage Rating,125,V,Amperage Rating,,,Dimensions,,,Mounting Type,,,Material,,,Color,,,Sound Level,,,Additional Information,,,,,,,,,,,,,,,,,,,,,,,,,,,,,,,,,,,,,,,,,,,,,,,,,,,,,,,,,,,,,,,,,,,,,,,,,,,,,,,,,,,,,,,,,,,,,,,,,,,,,,,,,,,,,,,,,,,,,,,,,,,,,,1,EA,,,,,,,,,,,,,,,,,,,,,,,,,,,,,,,,,,,,,US,No,No
,,,,,,TNIW24,,,,TNIW24,TNIW24,TNIW24 125V 24hr Mech Timer,-- Unbranded --,-- No Unilog Brand --,-- No DIB Brand --,Prime Wire & Cable (3562),Prime Wire & Cable,Prime Wire & Cable,,TNIW24,,,"Prime Wire & Cable, Commercial Product, TNIW24",COMMERCIAL PRODUCT 125 V,"Prime Wire & Cable, TNIW24, Commercial Product","Prime Wire & Cable Commercial Product, 125 V","Prime Wire & Cable, Commercial Product",,,,,,,,,,,,,,,,,,,,,,,,,,,"Prime Wire & Cable, Commercial Product",Series,,,Model,,,Item Type,,,Voltage Rating,125,V,Amperage Rating,,,Dimensions,,,Mounting Type,,,Material,,,Color,,,Sound Level,,,Additional Information,,,,,,,,,,,,,,,,,,,,,,,,,,,,,,,,,,,,,,,,,,,,,,,,,,,,,,,,,,,,,,,,,,,,,,,,,,,,,,,,,,,,,,,,,,,,,,,,,,,,,,,,,,,,,,,,,,,,,,,,,,,,,,1,EA,,,,,,,,,,,,,,,,,,,,,,,,,,,,,,,,,,,,,US,No,No
https://www.satco.com/product/65-1222,,,,,,65-1222,,,,65-1222,65-1222,65-1222 1' Led Lt Multi CCT,-- Unbranded --,-- No Unilog Brand --,-- No DIB Brand --,Satco Prod Inc (5573),Satco Products Inc,SATCO®,,65-1222,,,"SATCO®, Commercial Product, 65-1222, Built-In Mounting",COMM PRODUCT BLTLN 120 V 81 CASE WIDTH 7,"SATCO®, 65-1222, Commercial Product, Built-In Mounting","SATCO® Commercial Product, 120 V, 5KV Total Harmonic Distortion <20% CCT S A, Built-In Mounting, 81 Case Width 7","SATCO®, Commercial Product, Built-In Mounting",,,,,,,,,,,,,,,,,,,,,,,,,,,"SATCO®, Commercial Product, Built-In Mounting",Series,,,Model,,,Item Type,,,Voltage Rating,120,V,Amperage Rating,5KV Total Harmonic Distortion <20% CCT S,,Dimensions,81 Case Width 7,,Mounting Type,Built-In,,Material,,,Color,,,Sound Level,,,Additional Information,,,,,,,,,,,,,,,,,,,,,,,,,,,,,,,,,,,,,,,,,,,,,,,,,,,,,,,,,,,,,,,,,,,,,,,,,,,,,,,,,,,,,,,,,,,,,,,,,,,,,,,,,,,,,,,,,,,,,,,,,,,,,,1,EA,,,,,,,,,,,,,,,,,,,,,,,,,,,,,,,,,,,,,US,No,No
https://www.satco.com/product/65-1224,,,,,,65-1224,,,,65-1224,65-1224,65-1224 4' Led Strip Light,-- Unbranded --,-- No Unilog Brand --,-- No DIB Brand --,Satco Prod Inc (5573),Satco Products Inc,SATCO®,,65-1224,,,"SATCO®, Commercial Product, 65-1224, Built-In Mounting",COMM PRODUCT BLTLN 120 V 91 CASE WIDTH 7,"SATCO®, 65-1224, Commercial Product, Built-In Mounting","SATCO® Commercial Product, 120 V, 5KV Total Harmonic Distortion <20% CCT S A, Built-In Mounting, 91 Case Width 7","SATCO®, Commercial Product, Built-In Mounting",,,,,,,,,,,,,,,,,,,,,,,,,,,"SATCO®, Commercial Product, Built-In Mounting",Series,,,Model,,,Item Type,,,Voltage Rating,120,V,Amperage Rating,5KV Total Harmonic Distortion <20% CCT S,,Dimensions,91 Case Width 7,,Mounting Type,Built-In,,Material,,,Color,,,Sound Level,,,Additional Information,,,,,,,,,,,,,,,,,,,,,,,,,,,,,,,,,,,,,,,,,,,,,,,,,,,,,,,,,,,,,,,,,,,,,,,,,,,,,,,,,,,,,,,,,,,,,,,,,,,,,,,,,,,,,,,,,,,,,,,,,,,,,,1,EA,,,,,,,,,,,,,,,,,,,,,,,,,,,,,,,,,,,,,US,No,No
https://www.kichler.com/product/45297BK,,,,,,45297BK,,,,45297BK,45297BK,45297BK Kichler Wall Lt,-- Unbranded --,-- No Unilog Brand --,-- No DIB Brand --,Kichler Lighting (KICLI),Kichler Lighting LLC,KICHLER®,,45297BK,,,"KICHLER®, Commercial Product, 45297BK",COMMERCIAL PRODUCT,"KICHLER®, 45297BK, Commercial Product",KICHLER® Commercial Product,"KICHLER®, Commercial Product",,,,,,,,,,,,,,,,,,,,,,,,,,,"KICHLER®, Commercial Product",Series,,,Model,,,Item Type,,,Voltage Rating,,,Amperage Rating,,,Dimensions,,,Mounting Type,,,Material,,,Color,,,Sound Level,,,Additional Information,,,,,,,,,,,,,,,,,,,,,,,,,,,,,,,,,,,,,,,,,,,,,,,,,,,,,,,,,,,,,,,,,,,,,,,,,,,,,,,,,,,,,,,,,,,,,,,,,,,,,,,,,,,,,,,,,,,,,,,,,,,,,,1,EA,,,,,,,,,,,,,,,,,,,,,,,,,,,,,,,,,,,,,US,No,No
https://www.kichler.com/product/45573BK,,,,,,45573BK,,,,45573BK,45573BK,45573BK Kichler Wall Light,-- Unbranded --,-- No Unilog Brand --,-- No DIB Brand --,Kichler Lighting (KICLI),Kichler Lighting LLC,KICHLER®,,45573BK,,,"KICHLER®, Commercial Product, 45573BK",COMMERCIAL PRODUCT,"KICHLER®, 45573BK, Commercial Product",KICHLER® Commercial Product,"KICHLER®, Commercial Product",,,,,,,,,,,,,,,,,,,,,,,,,,,"KICHLER®, Commercial Product",Series,,,Model,,,Item Type,,,Voltage Rating,,,Amperage Rating,,,Dimensions,,,Mounting Type,,,Material,,,Color,,,Sound Level,,,Additional Information,,,,,,,,,,,,,,,,,,,,,,,,,,,,,,,,,,,,,,,,,,,,,,,,,,,,,,,,,,,,,,,,,,,,,,,,,,,,,,,,,,,,,,,,,,,,,,,,,,,,,,,,,,,,,,,,,,,,,,,,,,,,,,1,EA,,,,,,,,,,,,,,,,,,,,,,,,,,,,,,,,,,,,,US,No,No
https://www.kichler.com/product/37418A,,,,,,37418A,,,,37418A,37418A,37418A Kichler Bath Light,-- Unbranded --,-- No Unilog Brand --,-- No DIB Brand --,Kichler Lighting (KICLI),Kichler Lighting LLC,KICHLER®,,37418A,,,"KICHLER®, Commercial Product, 37418A",COMMERCIAL PRODUCT,"KICHLER®, 37418A, Commercial Product","KICHLER® Commercial Product, 37418 A","KICHLER®, Commercial Product",,,,,,,,,,,,,,,,,,,,,,,,,,,"KICHLER®, Commercial Product",Series,,,Model,,,Item Type,,,Voltage Rating,,,Amperage Rating,37418,A,Dimensions,,,Mounting Type,,,Material,,,Color,,,Sound Level,,,Additional Information,,,,,,,,,,,,,,,,,,,,,,,,,,,,,,,,,,,,,,,,,,,,,,,,,,,,,,,,,,,,,,,,,,,,,,,,,,,,,,,,,,,,,,,,,,,,,,,,,,,,,,,,,,,,,,,,,,,,,,,,,,,,,,1,EA,,,,,,,,,,,,,,,,,,,,,,,,,,,,,,,,,,,,,US,No,No
https://www.kichler.com/product/37423A,,,,,,37423A,,,,37423A,37423A,37423A Kichler Bath Light,-- Unbranded --,-- No Unilog Brand --,-- No DIB Brand --,Kichler Lighting (KICLI),Kichler Lighting LLC,KICHLER®,,37423A,,,"KICHLER®, Commercial Product, 37423A",COMMERCIAL PRODUCT,"KICHLER®, 37423A, Commercial Product","KICHLER® Commercial Product, 37423 A","KICHLER®, Commercial Product",,,,,,,,,,,,,,,,,,,,,,,,,,,"KICHLER®, Commercial Product",Series,,,Model,,,Item Type,,,Voltage Rating,,,Amperage Rating,37423,A,Dimensions,,,Mounting Type,,,Material,,,Color,,,Sound Level,,,Additional Information,,,,,,,,,,,,,,,,,,,,,,,,,,,,,,,,,,,,,,,,,,,,,,,,,,,,,,,,,,,,,,,,,,,,,,,,,,,,,,,,,,,,,,,,,,,,,,,,,,,,,,,,,,,,,,,,,,,,,,,,,,,,,,1,EA,,,,,,,,,,,,,,,,,,,,,,,,,,,,,,,,,,,,,US,No,No
https://www.kichler.com/product/45496BKCLR,,,,,,45496BKCLR,,,,45496BKCLR,45496BKCLR,45496BKCLR Kichler Bath Light,-- Unbranded --,-- No Unilog Brand --,-- No DIB Brand --,Kichler Lighting (KICLI),Kichler Lighting LLC,KICHLER®,,45496BKCLR,,,"KICHLER®, Commercial Product, 45496BKCLR",COMMERCIAL PRODUCT,"KICHLER®, 45496BKCLR, Commercial Product",KICHLER® Commercial Product,"KICHLER®, Commercial Product",,,,,,,,,,,,,,,,,,,,,,,,,,,"KICHLER®, Commercial Product",Series,,,Model,,,Item Type,,,Voltage Rating,,,Amperage Rating,,,Dimensions,,,Mounting Type,,,Material,,,Color,,,Sound Level,,,Additional Information,,,,,,,,,,,,,,,,,,,,,,,,,,,,,,,,,,,,,,,,,,,,,,,,,,,,,,,,,,,,,,,,,,,,,,,,,,,,,,,,,,,,,,,,,,,,,,,,,,,,,,,,,,,,,,,,,,,,,,,,,,,,,,1,EA,,,,,,,,,,,,,,,,,,,,,,,,,,,,,,,,,,,,,US,No,No
https://www.kichler.com/product/45973BK,,,,,,45973BK,,,,45973BK,45973BK,45973BK Kichler Wall Light,-- Unbranded --,-- No Unilog Brand --,-- No DIB Brand --,Kichler Lighting (KICLI),Kichler Lighting LLC,KICHLER®,,45973BK,,,"KICHLER®, Commercial Product, 45973BK",COMMERCIAL PRODUCT,"KICHLER®, 45973BK, Commercial Product",KICHLER® Commercial Product,"KICHLER®, Commercial Product",,,,,,,,,,,,,,,,,,,,,,,,,,,"KICHLER®, Commercial Product",Series,,,Model,,,Item Type,,,Voltage Rating,,,Amperage Rating,,,Dimensions,,,Mounting Type,,,Material,,,Color,,,Sound Level,,,Additional Information,,,,,,,,,,,,,,,,,,,,,,,,,,,,,,,,,,,,,,,,,,,,,,,,,,,,,,,,,,,,,,,,,,,,,,,,,,,,,,,,,,,,,,,,,,,,,,,,,,,,,,,,,,,,,,,,,,,,,,,,,,,,,,1,EA,,,,,,,,,,,,,,,,,,,,,,,,,,,,,,,,,,,,,US,No,No
https://www.kichler.com/product/55155BK,,,,,,55155BK,,,,55155BK,55155BK,55155BK Kichler Wall Lt,-- Unbranded --,-- No Unilog Brand --,-- No DIB Brand --,Kichler Lighting (KICLI),Kichler Lighting LLC,KICHLER®,,55155BK,,,"KICHLER®, Commercial Product, 55155BK",COMMERCIAL PRODUCT,"KICHLER®, 55155BK, Commercial Product",KICHLER® Commercial Product,"KICHLER®, Commercial Product",,,,,,,,,,,,,,,,,,,,,,,,,,,"KICHLER®, Commercial Product",Series,,,Model,,,Item Type,,,Voltage Rating,,,Amperage Rating,,,Dimensions,,,Mounting Type,,,Material,,,Color,,,Sound Level,,,Additional Information,,,,,,,,,,,,,,,,,,,,,,,,,,,,,,,,,,,,,,,,,,,,,,,,,,,,,,,,,,,,,,,,,,,,,,,,,,,,,,,,,,,,,,,,,,,,,,,,,,,,,,,,,,,,,,,,,,,,,,,,,,,,,,1,EA,,,,,,,,,,,,,,,,,,,,,,,,,,,,,,,,,,,,,US,No,No
https://www.kichler.com/product/55157CPZ,,,,,,55157CPZ,,,,55157CPZ,55157CPZ,55157CPZ Kichler Wall Light,-- Unbranded --,-- No Unilog Brand --,-- No DIB Brand --,Kichler Lighting (KICLI),Kichler Lighting LLC,KICHLER®,,55157CPZ,,,"KICHLER®, Commercial Product, 55157CPZ",COMMERCIAL PRODUCT,"KICHLER®, 55157CPZ, Commercial Product",KICHLER® Commercial Product,"KICHLER®, Commercial Product",,,,,,,,,,,,,,,,,,,,,,,,,,,"KICHLER®, Commercial Product",Series,,,Model,,,Item Type,,,Voltage Rating,,,Amperage Rating,,,Dimensions,,,Mounting Type,,,Material,,,Color,,,Sound Level,,,Additional Information,,,,,,,,,,,,,,,,,,,,,,,,,,,,,,,,,,,,,,,,,,,,,,,,,,,,,,,,,,,,,,,,,,,,,,,,,,,,,,,,,,,,,,,,,,,,,,,,,,,,,,,,,,,,,,,,,,,,,,,,,,,,,,1,EA,,,,,,,,,,,,,,,,,,,,,,,,,,,,,,,,,,,,,US,No,No
https://www.kichler.com/product/55184BK,,,,,,55184BK,,,,55184BK,55184BK,55184BK Kichler Wall Lt,-- Unbranded --,-- No Unilog Brand --,-- No DIB Brand --,Kichler Lighting (KICLI),Kichler Lighting LLC,KICHLER®,,55184BK,,,"KICHLER®, Commercial Product, 55184BK",COMMERCIAL PRODUCT,"KICHLER®, 55184BK, Commercial Product",KICHLER® Commercial Product,"KICHLER®, Commercial Product",,,,,,,,,,,,,,,,,,,,,,,,,,,"KICHLER®, Commercial Product",Series,,,Model,,,Item Type,,,Voltage Rating,,,Amperage Rating,,,Dimensions,,,Mounting Type,,,Material,,,Color,,,Sound Level,,,Additional Information,,,,,,,,,,,,,,,,,,,,,,,,,,,,,,,,,,,,,,,,,,,,,,,,,,,,,,,,,,,,,,,,,,,,,,,,,,,,,,,,,,,,,,,,,,,,,,,,,,,,,,,,,,,,,,,,,,,,,,,,,,,,,,1,EA,,,,,,,,,,,,,,,,,,,,,,,,,,,,,,,,,,,,,US,No,No
https://www.kichler.com/product/55185BK,,,,,,55185BK,,,,55185BK,55185BK,55185BK Kichler Wall Lt,-- Unbranded --,-- No Unilog Brand --,-- No DIB Brand --,Kichler Lighting (KICLI),Kichler Lighting LLC,KICHLER®,,55185BK,,,"KICHLER®, Commercial Product, 55185BK",COMMERCIAL PRODUCT,"KICHLER®, 55185BK, Commercial Product",KICHLER® Commercial Product,"KICHLER®, Commercial Product",,,,,,,,,,,,,,,,,,,,,,,,,,,"KICHLER®, Commercial Product",Series,,,Model,,,Item Type,,,Voltage Rating,,,Amperage Rating,,,Dimensions,,,Mounting Type,,,Material,,,Color,,,Sound Level,,,Additional Information,,,,,,,,,,,,,,,,,,,,,,,,,,,,,,,,,,,,,,,,,,,,,,,,,,,,,,,,,,,,,,,,,,,,,,,,,,,,,,,,,,,,,,,,,,,,,,,,,,,,,,,,,,,,,,,,,,,,,,,,,,,,,,1,EA,,,,,,,,,,,,,,,,,,,,,,,,,,,,,,,,,,,,,US,No,No
https://www.kichler.com/product/55186CH,,,,,,55186CH,,,,55186CH,55186CH,55186CH Kichler Wall Lt,-- Unbranded --,-- No Unilog Brand --,-- No DIB Brand --,Kichler Lighting (KICLI),Kichler Lighting LLC,KICHLER®,,55186CH,,,"KICHLER®, Commercial Product, 55186CH",COMMERCIAL PRODUCT,"KICHLER®, 55186CH, Commercial Product",KICHLER® Commercial Product,"KICHLER®, Commercial Product",,,,,,,,,,,,,,,,,,,,,,,,,,,"KICHLER®, Commercial Product",Series,,,Model,,,Item Type,,,Voltage Rating,,,Amperage Rating,,,Dimensions,,,Mounting Type,,,Material,,,Color,,,Sound Level,,,Additional Information,,,,,,,,,,,,,,,,,,,,,,,,,,,,,,,,,,,,,,,,,,,,,,,,,,,,,,,,,,,,,,,,,,,,,,,,,,,,,,,,,,,,,,,,,,,,,,,,,,,,,,,,,,,,,,,,,,,,,,,,,,,,,,1,EA,,,,,,,,,,,,,,,,,,,,,,,,,,,,,,,,,,,,,US,No,No
https://www.kichler.com/product/55210NI,,,,,,55210NI,,,,55210NI,55210NI,55210NI Kichler Wall Light,-- Unbranded --,-- No Unilog Brand --,-- No DIB Brand --,Kichler Lighting (KICLI),Kichler Lighting LLC,KICHLER®,,55210NI,,,"KICHLER®, Commercial Product, 55210NI",COMMERCIAL PRODUCT,"KICHLER®, 55210NI, Commercial Product",KICHLER® Commercial Product,"KICHLER®, Commercial Product",,,,,,,,,,,,,,,,,,,,,,,,,,,"KICHLER®, Commercial Product",Series,,,Model,,,Item Type,,,Voltage Rating,,,Amperage Rating,,,Dimensions,,,Mounting Type,,,Material,,,Color,,,Sound Level,,,Additional Information,,,,,,,,,,,,,,,,,,,,,,,,,,,,,,,,,,,,,,,,,,,,,,,,,,,,,,,,,,,,,,,,,,,,,,,,,,,,,,,,,,,,,,,,,,,,,,,,,,,,,,,,,,,,,,,,,,,,,,,,,,,,,,1,EA,,,,,,,,,,,,,,,,,,,,,,,,,,,,,,,,,,,,,US,No,No
https://www.kichler.com/product/55211BK,,,,,,55211BK,,,,55211BK,55211BK,55211BK Kichler Wall Light,-- Unbranded --,-- No Unilog Brand --,-- No DIB Brand --,Kichler Lighting (KICLI),Kichler Lighting LLC,KICHLER®,,55211BK,,,"KICHLER®, Commercial Product, 55211BK",COMMERCIAL PRODUCT,"KICHLER®, 55211BK, Commercial Product",KICHLER® Commercial Product,"KICHLER®, Commercial Product",,,,,,,,,,,,,,,,,,,,,,,,,,,"KICHLER®, Commercial Product",Series,,,Model,,,Item Type,,,Voltage Rating,,,Amperage Rating,,,Dimensions,,,Mounting Type,,,Material,,,Color,,,Sound Level,,,Additional Information,,,,,,,,,,,,,,,,,,,,,,,,,,,,,,,,,,,,,,,,,,,,,,,,,,,,,,,,,,,,,,,,,,,,,,,,,,,,,,,,,,,,,,,,,,,,,,,,,,,,,,,,,,,,,,,,,,,,,,,,,,,,,,1,EA,,,,,,,,,,,,,,,,,,,,,,,,,,,,,,,,,,,,,US,No,No
https://www.kichler.com/product/55211NI,,,,,,55211NI,,,,55211NI,55211NI,55211NI Kichler Wall Light,-- Unbranded --,-- No Unilog Brand --,-- No DIB Brand --,Kichler Lighting (KICLI),Kichler Lighting LLC,KICHLER®,,55211NI,,,"KICHLER®, Commercial Product, 55211NI",COMMERCIAL PRODUCT,"KICHLER®, 55211NI, Commercial Product",KICHLER® Commercial Product,"KICHLER®, Commercial Product",,,,,,,,,,,,,,,,,,,,,,,,,,,"KICHLER®, Commercial Product",Series,,,Model,,,Item Type,,,Voltage Rating,,,Amperage Rating,,,Dimensions,,,Mounting Type,,,Material,,,Color,,,Sound Level,,,Additional Information,,,,,,,,,,,,,,,,,,,,,,,,,,,,,,,,,,,,,,,,,,,,,,,,,,,,,,,,,,,,,,,,,,,,,,,,,,,,,,,,,,,,,,,,,,,,,,,,,,,,,,,,,,,,,,,,,,,,,,,,,,,,,,1,EA,,,,,,,,,,,,,,,,,,,,,,,,,,,,,,,,,,,,,US,No,No
https://www.kichler.com/product/55212NI,,,,,,55212NI,,,,55212NI,55212NI,55212NI Kichler Wall Light,-- Unbranded --,-- No Unilog Brand --,-- No DIB Brand --,Kichler Lighting (KICLI),Kichler Lighting LLC,KICHLER®,,55212NI,,,"KICHLER®, Commercial Product, 55212NI",COMMERCIAL PRODUCT,"KICHLER®, 55212NI, Commercial Product",KICHLER® Commercial Product,"KICHLER®, Commercial Product",,,,,,,,,,,,,,,,,,,,,,,,,,,"KICHLER®, Commercial Product",Series,,,Model,,,Item Type,,,Voltage Rating,,,Amperage Rating,,,Dimensions,,,Mounting Type,,,Material,,,Color,,,Sound Level,,,Additional Information,,,,,,,,,,,,,,,,,,,,,,,,,,,,,,,,,,,,,,,,,,,,,,,,,,,,,,,,,,,,,,,,,,,,,,,,,,,,,,,,,,,,,,,,,,,,,,,,,,,,,,,,,,,,,,,,,,,,,,,,,,,,,,1,EA,,,,,,,,,,,,,,,,,,,,,,,,,,,,,,,,,,,,,US,No,No
https://www.kichler.com/product/55226BKLFU,,,,,,55226BKLFU,,,,55226BKLFU,55226BKLFU,55226BKFLU Kichler Wall Lt,-- Unbranded --,-- No Unilog Brand --,-- No DIB Brand --,Kichler Lighting (KICLI),Kichler Lighting LLC,KICHLER®,,55226BKLFU,,,"KICHLER®, Commercial Product, 55226BKLFU",COMMERCIAL PRODUCT,"KICHLER®, 55226BKLFU, Commercial Product",KICHLER® Commercial Product,"KICHLER®, Commercial Product",,,,,,,,,,,,,,,,,,,,,,,,,,,"KICHLER®, Commercial Product",Series,,,Model,,,Item Type,,,Voltage Rating,,,Amperage Rating,,,Dimensions,,,Mounting Type,,,Material,,,Color,,,Sound Level,,,Additional Information,,,,,,,,,,,,,,,,,,,,,,,,,,,,,,,,,,,,,,,,,,,,,,,,,,,,,,,,,,,,,,,,,,,,,,,,,,,,,,,,,,,,,,,,,,,,,,,,,,,,,,,,,,,,,,,,,,,,,,,,,,,,,,1,EA,,,,,,,,,,,,,,,,,,,,,,,,,,,,,,,,,,,,,US,No,No
https://www.kichler.com/product/55239CPZLED,,,,,,55239CPZLED,,,,55239CPZLED,55239CPZLED,55239CPZLED Kichler Wall Lt,-- Unbranded --,-- No Unilog Brand --,-- No DIB Brand --,Kichler Lighting (KICLI),Kichler Lighting LLC,KICHLER®,,55239CPZLED,,,"KICHLER®, Commercial Product, 55239CPZLED",COMMERCIAL PRODUCT,"KICHLER®, 55239CPZLED, Commercial Product",KICHLER® Commercial Product,"KICHLER®, Commercial Product",,,,,,,,,,,,,,,,,,,,,,,,,,,"KICHLER®, Commercial Product",Series,,,Model,,,Item Type,,,Voltage Rating,,,Amperage Rating,,,Dimensions,,,Mounting Type,,,Material,,,Color,,,Sound Level,,,Additional Information,,,,,,,,,,,,,,,,,,,,,,,,,,,,,,,,,,,,,,,,,,,,,,,,,,,,,,,,,,,,,,,,,,,,,,,,,,,,,,,,,,,,,,,,,,,,,,,,,,,,,,,,,,,,,,,,,,,,,,,,,,,,,,1,EA,,,,,,,,,,,,,,,,,,,,,,,,,,,,,,,,,,,,,US,No,No
https://www.kichler.com/product/44072DBK,,,,,,44072DBK,,,,44072DBK,44072DBK,44072DBK Kichler Chandelier Lt,-- Unbranded --,-- No Unilog Brand --,-- No DIB Brand --,Kichler Lighting (KICLI),Kichler Lighting LLC,KICHLER®,,44072DBK,,,"KICHLER®, Commercial Product, 44072DBK",COMMERCIAL PRODUCT,"KICHLER®, 44072DBK, Commercial Product",KICHLER® Commercial Product,"KICHLER®, Commercial Product",,,,,,,,,,,,,,,,,,,,,,,,,,,"KICHLER®, Commercial Product",Series,,,Model,,,Item Type,,,Voltage Rating,,,Amperage Rating,,,Dimensions,,,Mounting Type,,,Material,,,Color,,,Sound Level,,,Additional Information,,,,,,,,,,,,,,,,,,,,,,,,,,,,,,,,,,,,,,,,,,,,,,,,,,,,,,,,,,,,,,,,,,,,,,,,,,,,,,,,,,,,,,,,,,,,,,,,,,,,,,,,,,,,,,,,,,,,,,,,,,,,,,1,EA,,,,,,,,,,,,,,,,,,,,,,,,,,,,,,,,,,,,,US,No,No
https://www.kichler.com/product/44073NI,,,,,,44073NI,,,,44073NI,44073NI,44073NI Kichler Chandelier Lt,-- Unbranded --,-- No Unilog Brand --,-- No DIB Brand --,Kichler Lighting (KICLI),Kichler Lighting LLC,KICHLER®,,44073NI,,,"KICHLER®, Commercial Product, 44073NI",COMMERCIAL PRODUCT,"KICHLER®, 44073NI, Commercial Product",KICHLER® Commercial Product,"KICHLER®, Commercial Product",,,,,,,,,,,,,,,,,,,,,,,,,,,"KICHLER®, Commercial Product",Series,,,Model,,,Item Type,,,Voltage Rating,,,Amperage Rating,,,Dimensions,,,Mounting Type,,,Material,,,Color,,,Sound Level,,,Additional Information,,,,,,,,,,,,,,,,,,,,,,,,,,,,,,,,,,,,,,,,,,,,,,,,,,,,,,,,,,,,,,,,,,,,,,,,,,,,,,,,,,,,,,,,,,,,,,,,,,,,,,,,,,,,,,,,,,,,,,,,,,,,,,1,EA,,,,,,,,,,,,,,,,,,,,,,,,,,,,,,,,,,,,,US,No,No
https://www.kichler.com/product/52033BK,,,,,,52033BK,,,,52033BK,52033BK,52033BK Kichler Chandelier Lt,-- Unbranded --,-- No Unilog Brand --,-- No DIB Brand --,Kichler Lighting (KICLI),Kichler Lighting LLC,KICHLER®,,52033BK,,,"KICHLER®, Commercial Product, 52033BK",COMMERCIAL PRODUCT,"KICHLER®, 52033BK, Commercial Product",KICHLER® Commercial Product,"KICHLER®, Commercial Product",,,,,,,,,,,,,,,,,,,,,,,,,,,"KICHLER®, Commercial Product",Series,,,Model,,,Item Type,,,Voltage Rating,,,Amperage Rating,,,Dimensions,,,Mounting Type,,,Material,,,Color,,,Sound Level,,,Additional Information,,,,,,,,,,,,,,,,,,,,,,,,,,,,,,,,,,,,,,,,,,,,,,,,,,,,,,,,,,,,,,,,,,,,,,,,,,,,,,,,,,,,,,,,,,,,,,,,,,,,,,,,,,,,,,,,,,,,,,,,,,,,,,1,EA,,,,,,,,,,,,,,,,,,,,,,,,,,,,,,,,,,,,,US,No,No
https://www.kichler.com/product/84322WH,,,,,,84322WH,,,,84322WH,84322WH,84322WH Kichler Chandelier Lt,-- Unbranded --,-- No Unilog Brand --,-- No DIB Brand --,Kichler Lighting (KICLI),Kichler Lighting LLC,KICHLER®,,84322WH,,,"KICHLER®, Commercial Product, 84322WH",COMMERCIAL PRODUCT,"KICHLER®, 84322WH, Commercial Product",KICHLER® Commercial Product,"KICHLER®, Commercial Product",,,,,,,,,,,,,,,,,,,,,,,,,,,"KICHLER®, Commercial Product",Series,,,Model,,,Item Type,,,Voltage Rating,,,Amperage Rating,,,Dimensions,,,Mounting Type,,,Material,,,Color,,,Sound Level,,,Additional Information,,,,,,,,,,,,,,,,,,,,,,,,,,,,,,,,,,,,,,,,,,,,,,,,,,,,,,,,,,,,,,,,,,,,,,,,,,,,,,,,,,,,,,,,,,,,,,,,,,,,,,,,,,,,,,,,,,,,,,,,,,,,,,1,EA,,,,,,,,,,,,,,,,,,,,,,,,,,,,,,,,,,,,,US,No,No
https://www.kichler.com/product/52404BK,,,,,,52404BK,,,,52404BK,52404BK,52404BK Kichler Chandelier Lt,-- Unbranded --,-- No Unilog Brand --,-- No DIB Brand --,Kichler Lighting (KICLI),Kichler Lighting LLC,KICHLER®,,52404BK,,,"KICHLER®, Commercial Product, 52404BK",COMMERCIAL PRODUCT,"KICHLER®, 52404BK, Commercial Product",KICHLER® Commercial Product,"KICHLER®, Commercial Product",,,,,,,,,,,,,,,,,,,,,,,,,,,"KICHLER®, Commercial Product",Series,,,Model,,,Item Type,,,Voltage Rating,,,Amperage Rating,,,Dimensions,,,Mounting Type,,,Material,,,Color,,,Sound Level,,,Additional Information,,,,,,,,,,,,,,,,,,,,,,,,,,,,,,,,,,,,,,,,,,,,,,,,,,,,,,,,,,,,,,,,,,,,,,,,,,,,,,,,,,,,,,,,,,,,,,,,,,,,,,,,,,,,,,,,,,,,,,,,,,,,,,1,EA,,,,,,,,,,,,,,,,,,,,,,,,,,,,,,,,,,,,,US,No,No
https://www.kichler.com/product/34686A,,,,,,34686A,,,,34686A,34686A,34686A Kichler Chandelier Lt,-- Unbranded --,-- No Unilog Brand --,-- No DIB Brand --,Kichler Lighting (KICLI),Kichler Lighting LLC,KICHLER®,,34686A,,,"KICHLER®, Commercial Product, 34686A",COMMERCIAL PRODUCT,"KICHLER®, 34686A, Commercial Product","KICHLER® Commercial Product, 34686 A","KICHLER®, Commercial Product",,,,,,,,,,,,,,,,,,,,,,,,,,,"KICHLER®, Commercial Product",Series,,,Model,,,Item Type,,,Voltage Rating,,,Amperage Rating,34686,A,Dimensions,,,Mounting Type,,,Material,,,Color,,,Sound Level,,,Additional Information,,,,,,,,,,,,,,,,,,,,,,,,,,,,,,,,,,,,,,,,,,,,,,,,,,,,,,,,,,,,,,,,,,,,,,,,,,,,,,,,,,,,,,,,,,,,,,,,,,,,,,,,,,,,,,,,,,,,,,,,,,,,,,1,EA,,,,,,,,,,,,,,,,,,,,,,,,,,,,,,,,,,,,,US,No,No
https://www.kichler.com/product/34687A,,,,,,34687A,,,,34687A,34687A,34687A Kichler Chandelier Lt,-- Unbranded --,-- No Unilog Brand --,-- No DIB Brand --,Kichler Lighting (KICLI),Kichler Lighting LLC,KICHLER®,,34687A,,,"KICHLER®, Commercial Product, 34687A",COMMERCIAL PRODUCT,"KICHLER®, 34687A, Commercial Product","KICHLER® Commercial Product, 34687 A","KICHLER®, Commercial Product",,,,,,,,,,,,,,,,,,,,,,,,,,,"KICHLER®, Commercial Product",Series,,,Model,,,Item Type,,,Voltage Rating,,,Amperage Rating,34687,A,Dimensions,,,Mounting Type,,,Material,,,Color,,,Sound Level,,,Additional Information,,,,,,,,,,,,,,,,,,,,,,,,,,,,,,,,,,,,,,,,,,,,,,,,,,,,,,,,,,,,,,,,,,,,,,,,,,,,,,,,,,,,,,,,,,,,,,,,,,,,,,,,,,,,,,,,,,,,,,,,,,,,,,1,EA,,,,,,,,,,,,,,,,,,,,,,,,,,,,,,,,,,,,,US,No,No
https://www.kichler.com/product/34688A,,,,,,34688A,,,,34688A,34688A,34688A Kichler Chandelier Lt,-- Unbranded --,-- No Unilog Brand --,-- No DIB Brand --,-,Kichler Lighting LLC,KICHLER®,,34688A,,,"KICHLER®, Commercial Product, 34688A",COMMERCIAL PRODUCT,"KICHLER®, 34688A, Commercial Product","KICHLER® Commercial Product, 34688 A","KICHLER®, Commercial Product",,,,,,,,,,,,,,,,,,,,,,,,,,,"KICHLER®, Commercial Product",Series,,,Model,,,Item Type,,,Voltage Rating,,,Amperage Rating,34688,A,Dimensions,,,Mounting Type,,,Material,,,Color,,,Sound Level,,,Additional Information,,,,,,,,,,,,,,,,,,,,,,,,,,,,,,,,,,,,,,,,,,,,,,,,,,,,,,,,,,,,,,,,,,,,,,,,,,,,,,,,,,,,,,,,,,,,,,,,,,,,,,,,,,,,,,,,,,,,,,,,,,,,,,1,EA,,,,,,,,,,,,,,,,,,,,,,,,,,,,,,,,,,,,,US,No,No
https://www.kichler.com/product/43671BKCLR,,,,,,43671BKCLR,,,,43671BKCLR,43671BKCLR,43671BKCLR Kichler Chand Lt,-- Unbranded --,-- No Unilog Brand --,-- No DIB Brand --,Kichler Lighting (KICLI),Kichler Lighting LLC,KICHLER®,,43671BKCLR,,,"KICHLER®, Commercial Product, 43671BKCLR",COMMERCIAL PRODUCT,"KICHLER®, 43671BKCLR, Commercial Product",KICHLER® Commercial Product,"KICHLER®, Commercial Product",,,,,,,,,,,,,,,,,,,,,,,,,,,"KICHLER®, Commercial Product",Series,,,Model,,,Item Type,,,Voltage Rating,,,Amperage Rating,,,Dimensions,,,Mounting Type,,,Material,,,Color,,,Sound Level,,,Additional Information,,,,,,,,,,,,,,,,,,,,,,,,,,,,,,,,,,,,,,,,,,,,,,,,,,,,,,,,,,,,,,,,,,,,,,,,,,,,,,,,,,,,,,,,,,,,,,,,,,,,,,,,,,,,,,,,,,,,,,,,,,,,,,1,EA,,,,,,,,,,,,,,,,,,,,,,,,,,,,,,,,,,,,,US,No,No
https://www.kichler.com/product/52616BK,,,,,,52616BK,,,,52616BK,52616BK,52616BK Kichler Chandelier Lt,-- Unbranded --,-- No Unilog Brand --,-- No DIB Brand --,Kichler Lighting (KICLI),Kichler Lighting LLC,KICHLER®,,52616BK,,,"KICHLER®, Commercial Product, 52616BK",COMMERCIAL PRODUCT,"KICHLER®, 52616BK, Commercial Product",KICHLER® Commercial Product,"KICHLER®, Commercial Product",,,,,,,,,,,,,,,,,,,,,,,,,,,"KICHLER®, Commercial Product",Series,,,Model,,,Item Type,,,Voltage Rating,,,Amperage Rating,,,Dimensions,,,Mounting Type,,,Material,,,Color,,,Sound Level,,,Additional Information,,,,,,,,,,,,,,,,,,,,,,,,,,,,,,,,,,,,,,,,,,,,,,,,,,,,,,,,,,,,,,,,,,,,,,,,,,,,,,,,,,,,,,,,,,,,,,,,,,,,,,,,,,,,,,,,,,,,,,,,,,,,,,1,EA,,,,,,,,,,,,,,,,,,,,,,,,,,,,,,,,,,,,,US,No,No
https://www.kichler.com/product/52616NI,,,,,,52616NI,,,,52616NI,52616NI,52616NI Kichler Chandelier Lt,-- Unbranded --,-- No Unilog Brand --,-- No DIB Brand --,Kichler Lighting (KICLI),Kichler Lighting LLC,KICHLER®,,52616NI,,,"KICHLER®, Commercial Product, 52616NI",COMMERCIAL PRODUCT,"KICHLER®, 52616NI, Commercial Product",KICHLER® Commercial Product,"KICHLER®, Commercial Product",,,,,,,,,,,,,,,,,,,,,,,,,,,"KICHLER®, Commercial Product",Series,,,Model,,,Item Type,,,Voltage Rating,,,Amperage Rating,,,Dimensions,,,Mounting Type,,,Material,,,Color,,,Sound Level,,,Additional Information,,,,,,,,,,,,,,,,,,,,,,,,,,,,,,,,,,,,,,,,,,,,,,,,,,,,,,,,,,,,,,,,,,,,,,,,,,,,,,,,,,,,,,,,,,,,,,,,,,,,,,,,,,,,,,,,,,,,,,,,,,,,,,1,EA,,,,,,,,,,,,,,,,,,,,,,,,,,,,,,,,,,,,,US,No,No
https://www.kichler.com/product/52678BK,,,,,,52678BK,,,,52678BK,52678BK,52678BK Kichler Chandelier Lt,-- Unbranded --,-- No Unilog Brand --,-- No DIB Brand --,Kichler Lighting (KICLI),Kichler Lighting LLC,KICHLER®,,52678BK,,,"KICHLER®, Commercial Product, 52678BK",COMMERCIAL PRODUCT,"KICHLER®, 52678BK, Commercial Product",KICHLER® Commercial Product,"KICHLER®, Commercial Product",,,,,,,,,,,,,,,,,,,,,,,,,,,"KICHLER®, Commercial Product",Series,,,Model,,,Item Type,,,Voltage Rating,,,Amperage Rating,,,Dimensions,,,Mounting Type,,,Material,,,Color,,,Sound Level,,,Additional Information,,,,,,,,,,,,,,,,,,,,,,,,,,,,,,,,,,,,,,,,,,,,,,,,,,,,,,,,,,,,,,,,,,,,,,,,,,,,,,,,,,,,,,,,,,,,,,,,,,,,,,,,,,,,,,,,,,,,,,,,,,,,,,1,EA,,,,,,,,,,,,,,,,,,,,,,,,,,,,,,,,,,,,,US,No,No
https://www.kichler.com/product/52680CPZ,,,,,,52680CPZ,,,,52680CPZ,52680CPZ,52680CPZ Kichler Chandelier Lt,-- Unbranded --,-- No Unilog Brand --,-- No DIB Brand --,Kichler Lighting (KICLI),Kichler Lighting LLC,KICHLER®,,52680CPZ,,,"KICHLER®, Commercial Product, 52680CPZ",COMMERCIAL PRODUCT,"KICHLER®, 52680CPZ, Commercial Product",KICHLER® Commercial Product,"KICHLER®, Commercial Product",,,,,,,,,,,,,,,,,,,,,,,,,,,"KICHLER®, Commercial Product",Series,,,Model,,,Item Type,,,Voltage Rating,,,Amperage Rating,,,Dimensions,,,Mounting Type,,,Material,,,Color,,,Sound Level,,,Additional Information,,,,,,,,,,,,,,,,,,,,,,,,,,,,,,,,,,,,,,,,,,,,,,,,,,,,,,,,,,,,,,,,,,,,,,,,,,,,,,,,,,,,,,,,,,,,,,,,,,,,,,,,,,,,,,,,,,,,,,,,,,,,,,1,EA,,,,,,,,,,,,,,,,,,,,,,,,,,,,,,,,,,,,,US,No,No
https://www.kichler.com/product/52772BK,,,,,,52772BK,,,,52772BK,52772BK,52772BK Kichler Chandelier Lt,-- Unbranded --,-- No Unilog Brand --,-- No DIB Brand --,Kichler Lighting (KICLI),Kichler Lighting LLC,KICHLER®,,52772BK,,,"KICHLER®, Commercial Product, 52772BK",COMMERCIAL PRODUCT,"KICHLER®, 52772BK, Commercial Product",KICHLER® Commercial Product,"KICHLER®, Commercial Product",,,,,,,,,,,,,,,,,,,,,,,,,,,"KICHLER®, Commercial Product",Series,,,Model,,,Item Type,,,Voltage Rating,,,Amperage Rating,,,Dimensions,,,Mounting Type,,,Material,,,Color,,,Sound Level,,,Additional Information,,,,,,,,,,,,,,,,,,,,,,,,,,,,,,,,,,,,,,,,,,,,,,,,,,,,,,,,,,,,,,,,,,,,,,,,,,,,,,,,,,,,,,,,,,,,,,,,,,,,,,,,,,,,,,,,,,,,,,,,,,,,,,1,EA,,,,,,,,,,,,,,,,,,,,,,,,,,,,,,,,,,,,,US,No,No
https://www.kichler.com/product/82399,,,,,,82399,,,,82399,82399,82399 Kichler Chandelier Lt,-- Unbranded --,-- No Unilog Brand --,-- No DIB Brand --,Kichler Lighting (KICLI),Kichler Lighting LLC,KICHLER®,,82399,,,"KICHLER®, Commercial Product, 82399",COMMERCIAL PRODUCT,"KICHLER®, 82399, Commercial Product",KICHLER® Commercial Product,"KICHLER®, Commercial Product",,,,,,,,,,,,,,,,,,,,,,,,,,,"KICHLER®, Commercial Product",Series,,,Model,,,Item Type,,,Voltage Rating,,,Amperage Rating,,,Dimensions,,,Mounting Type,,,Material,,,Color,,,Sound Level,,,Additional Information,,,,,,,,,,,,,,,,,,,,,,,,,,,,,,,,,,,,,,,,,,,,,,,,,,,,,,,,,,,,,,,,,,,,,,,,,,,,,,,,,,,,,,,,,,,,,,,,,,,,,,,,,,,,,,,,,,,,,,,,,,,,,,1,EA,,,,,,,,,,,,,,,,,,,,,,,,,,,,,,,,,,,,,US,No,No
https://www.satco.com/product/65-771R3,,,,,,65-771R3,,,,65-771R3,65-771R3,65-771R3 Nuvo Highbay Light,-- Unbranded --,-- No Unilog Brand --,-- No DIB Brand --,Satco Prod Inc (5573),Satco Products Inc,SATCO®,,65-771R3,,,"SATCO®, Commercial Product, 65-771R3",COMMERCIAL PRODUCT,"SATCO®, 65-771R3, Commercial Product",SATCO® Commercial Product,"SATCO®, Commercial Product",,,,,,,,,,,,,,,,,,,,,,,,,,,"SATCO®, Commercial Product",Series,,,Model,,,Item Type,,,Voltage Rating,,,Amperage Rating,,,Dimensions,,,Mounting Type,,,Material,,,Color,,,Sound Level,,,Additional Information,,,,,,,,,,,,,,,,,,,,,,,,,,,,,,,,,,,,,,,,,,,,,,,,,,,,,,,,,,,,,,,,,,,,,,,,,,,,,,,,,,,,,,,,,,,,,,,,,,,,,,,,,,,,,,,,,,,,,,,,,,,,,,1,EA,,,,,,,,,,,,,,,,,,,,,,,,,,,,,,,,,,,,,US,No,No
https://www.kichler.com/product/42955BK,,,,,,42955BK,,,,42955BK,42955BK,42955BK Kichler Ceiling Lt,-- Unbranded --,-- No Unilog Brand --,-- No DIB Brand --,Kichler Lighting (KICLI),Kichler Lighting LLC,KICHLER®,,42955BK,,,"KICHLER®, Commercial Product, 42955BK",COMMERCIAL PRODUCT,"KICHLER®, 42955BK, Commercial Product",KICHLER® Commercial Product,"KICHLER®, Commercial Product",,,,,,,,,,,,,,,,,,,,,,,,,,,"KICHLER®, Commercial Product",Series,,,Model,,,Item Type,,,Voltage Rating,,,Amperage Rating,,,Dimensions,,,Mounting Type,,,Material,,,Color,,,Sound Level,,,Additional Information,,,,,,,,,,,,,,,,,,,,,,,,,,,,,,,,,,,,,,,,,,,,,,,,,,,,,,,,,,,,,,,,,,,,,,,,,,,,,,,,,,,,,,,,,,,,,,,,,,,,,,,,,,,,,,,,,,,,,,,,,,,,,,1,EA,,,,,,,,,,,,,,,,,,,,,,,,,,,,,,,,,,,,,US,No,No
https://www.kichler.com/product/42275BK,,,,,,42275BK,,,,42275BK,42275BK,42275BK Kichler Ceiling Lt,-- Unbranded --,-- No Unilog Brand --,-- No DIB Brand --,Kichler Lighting (KICLI),Kichler Lighting LLC,KICHLER®,,42275BK,,,"KICHLER®, Commercial Product, 42275BK",COMMERCIAL PRODUCT,"KICHLER®, 42275BK, Commercial Product",KICHLER® Commercial Product,"KICHLER®, Commercial Product",,,,,,,,,,,,,,,,,,,,,,,,,,,"KICHLER®, Commercial Product",Series,,,Model,,,Item Type,,,Voltage Rating,,,Amperage Rating,,,Dimensions,,,Mounting Type,,,Material,,,Color,,,Sound Level,,,Additional Information,,,,,,,,,,,,,,,,,,,,,,,,,,,,,,,,,,,,,,,,,,,,,,,,,,,,,,,,,,,,,,,,,,,,,,,,,,,,,,,,,,,,,,,,,,,,,,,,,,,,,,,,,,,,,,,,,,,,,,,,,,,,,,1,EA,,,,,,,,,,,,,,,,,,,,,,,,,,,,,,,,,,,,,US,No,No
https://www.satco.com/product/62-1850,,,,,,62-1850,,,,62-1850,62-1850,"62-1850 11"" Led Ceiling Light",-- Unbranded --,-- No Unilog Brand --,-- No DIB Brand --,Satco Prod Inc (5573),Satco Products Inc,SATCO®,,62-1850,,,"SATCO®, Commercial Product, 62-1850",COMMERCIAL PRODUCT,"SATCO®, 62-1850, Commercial Product",SATCO® Commercial Product,"SATCO®, Commercial Product",,,,,,,,,,,,,,,,,,,,,,,,,,,"SATCO®, Commercial Product",Series,,,Model,,,Item Type,,,Voltage Rating,,,Amperage Rating,,,Dimensions,,,Mounting Type,,,Material,,,Color,,,Sound Level,,,Additional Information,,,,,,,,,,,,,,,,,,,,,,,,,,,,,,,,,,,,,,,,,,,,,,,,,,,,,,,,,,,,,,,,,,,,,,,,,,,,,,,,,,,,,,,,,,,,,,,,,,,,,,,,,,,,,,,,,,,,,,,,,,,,,,1,EA,,,,,,,,,,,,,,,,,,,,,,,,,,,,,,,,,,,,,US,No,No
https://www.satco.com/product/62-1852,,,,,,62-1852,,,,62-1852,62-1852,"62-1852 14"" Satco Led Ceiling Lt",-- Unbranded --,-- No Unilog Brand --,-- No DIB Brand --,Satco Prod Inc (5573),Satco Products Inc,SATCO®,,62-1852,,,"SATCO®, Commercial Product, 62-1852",COMMERCIAL PRODUCT,"SATCO®, 62-1852, Commercial Product",SATCO® Commercial Product,"SATCO®, Commercial Product",,,,,,,,,,,,,,,,,,,,,,,,,,,"SATCO®, Commercial Product",Series,,,Model,,,Item Type,,,Voltage Rating,,,Amperage Rating,,,Dimensions,,,Mounting Type,,,Material,,,Color,,,Sound Level,,,Additional Information,,,,,,,,,,,,,,,,,,,,,,,,,,,,,,,,,,,,,,,,,,,,,,,,,,,,,,,,,,,,,,,,,,,,,,,,,,,,,,,,,,,,,,,,,,,,,,,,,,,,,,,,,,,,,,,,,,,,,,,,,,,,,,1,EA,,,,,,,,,,,,,,,,,,,,,,,,,,,,,,,,,,,,,US,No,No
https://www.satco.com/product/62-1875,,,,,,62-1875,,,,62-1875,62-1875,"62-1875 10"" Led Ceiling Lt Bn",-- Unbranded --,-- No Unilog Brand --,-- No DIB Brand --,Satco Prod Inc (5573),Satco Products Inc,SATCO®,,62-1875,,,"SATCO®, Commercial Product, 62-1875, Built-In Mounting",COMM PRODUCT BLTLN 120 V PDF GLAMOUR &,"SATCO®, 62-1875, Commercial Product, Built-In Mounting","SATCO® Commercial Product, 120 V, 84 Material Steel Fixture Type Flush Mou A, Built-In Mounting, pdf GLAMOUR & CRISPO COLLECTIONS CCT SELECTABLE|LED FIXTURES","SATCO®, Commercial Product, Built-In Mounting",,,,,,,,,,,,,,,,,,,,,,,,,,,"SATCO®, Commercial Product, Built-In Mounting",Series,,,Model,,,Item Type,,,Voltage Rating,120,V,Amperage Rating,84 Material Steel Fixture Type Flush Mou,,Dimensions,pdf GLAMOUR & CRISPO COLLECTIONS CCT SELECTABLE|LED FIXTURES,,Mounting Type,Built-In,,Material,,,Color,Brushed Nickel,,Sound Level,,,Additional Information,,,,,,,,,,,,,,,,,,,,,,,,,,,,,,,,,,,,,,,,,,,,,,,,,,,,,,,,,,,,,,,,,,,,,,,,,,,,,,,,,,,,,,,,,,,,,,,,,,,,,,,,,,,,,,,,,,,,,,,,,,,,,,1,EA,,,,,,,,,,,,,,,,,,,,,,,,,,,,,,,,,,,,,US,No,No
https://www.satco.com/product/62-1876,,,,,,62-1876,,,,62-1876,62-1876,"62-1876 13"" Satco Ceiling Light BN",-- Unbranded --,-- No Unilog Brand --,-- No DIB Brand --,Satco Prod Inc (5573),Satco Products Inc,SATCO®,,62-1876,,,"SATCO®, Commercial Product, 62-1876, Built-In Mounting",COMM PRODUCT BLTLN 120 V PDF GLAMOUR &,"SATCO®, 62-1876, Commercial Product, Built-In Mounting","SATCO® Commercial Product, 120 V, 99 Material Steel Fixture Type Flush Mou A, Built-In Mounting, pdf GLAMOUR & CRISPO COLLECTIONS CCT SELECTABLE|LED FIXTURES","SATCO®, Commercial Product, Built-In Mounting",,,,,,,,,,,,,,,,,,,,,,,,,,,"SATCO®, Commercial Product, Built-In Mounting",Series,,,Model,,,Item Type,,,Voltage Rating,120,V,Amperage Rating,99 Material Steel Fixture Type Flush Mou,,Dimensions,pdf GLAMOUR & CRISPO COLLECTIONS CCT SELECTABLE|LED FIXTURES,,Mounting Type,Built-In,,Material,,,Color,Brushed Nickel,,Sound Level,,,Additional Information,,,,,,,,,,,,,,,,,,,,,,,,,,,,,,,,,,,,,,,,,,,,,,,,,,,,,,,,,,,,,,,,,,,,,,,,,,,,,,,,,,,,,,,,,,,,,,,,,,,,,,,,,,,,,,,,,,,,,,,,,,,,,,1,EA,,,,,,,,,,,,,,,,,,,,,,,,,,,,,,,,,,,,,US,No,No
https://www.kichler.com/product/42296BK,,,,,,42296BK,,,,42296BK,42296BK,42296BK Kichler Ceiling Lt,-- Unbranded --,-- No Unilog Brand --,-- No DIB Brand --,Kichler Lighting (KICLI),Kichler Lighting LLC,KICHLER®,,42296BK,,,"KICHLER®, Commercial Product, 42296BK",COMMERCIAL PRODUCT,"KICHLER®, 42296BK, Commercial Product",KICHLER® Commercial Product,"KICHLER®, Commercial Product",,,,,,,,,,,,,,,,,,,,,,,,,,,"KICHLER®, Commercial Product",Series,,,Model,,,Item Type,,,Voltage Rating,,,Amperage Rating,,,Dimensions,,,Mounting Type,,,Material,,,Color,,,Sound Level,,,Additional Information,,,,,,,,,,,,,,,,,,,,,,,,,,,,,,,,,,,,,,,,,,,,,,,,,,,,,,,,,,,,,,,,,,,,,,,,,,,,,,,,,,,,,,,,,,,,,,,,,,,,,,,,,,,,,,,,,,,,,,,,,,,,,,1,EA,,,,,,,,,,,,,,,,,,,,,,,,,,,,,,,,,,,,,US,No,No
https://www.kichler.com/product/43913BK,,,,,,43913BK,,,,43913BK,43913BK,43913BK Kichler Pendant Lt,-- Unbranded --,-- No Unilog Brand --,-- No DIB Brand --,Kichler Lighting (KICLI),Kichler Lighting LLC,KICHLER®,,43913BK,,,"KICHLER®, Commercial Product, 43913BK",COMMERCIAL PRODUCT,"KICHLER®, 43913BK, Commercial Product",KICHLER® Commercial Product,"KICHLER®, Commercial Product",,,,,,,,,,,,,,,,,,,,,,,,,,,"KICHLER®, Commercial Product",Series,,,Model,,,Item Type,,,Voltage Rating,,,Amperage Rating,,,Dimensions,,,Mounting Type,,,Material,,,Color,,,Sound Level,,,Additional Information,,,,,,,,,,,,,,,,,,,,,,,,,,,,,,,,,,,,,,,,,,,,,,,,,,,,,,,,,,,,,,,,,,,,,,,,,,,,,,,,,,,,,,,,,,,,,,,,,,,,,,,,,,,,,,,,,,,,,,,,,,,,,,1,EA,,,,,,,,,,,,,,,,,,,,,,,,,,,,,,,,,,,,,US,No,No
,,,,,,HLSMS9129FS1E,,,,HLSMS9129FS1E,HLSMS9129FS1E,"HLSMS9129FS1E 9"" Motion Lt",-- Unbranded --,-- No Unilog Brand --,-- No DIB Brand --,Cooper Lighting (7638),Cooper Lighting,Cooper Lighting,,HLSMS9129FS1E,,,"Cooper Lighting, Commercial Product, HLSMS9129FS1E",COMMERCIAL PRODUCT,"Cooper Lighting, HLSMS9129FS1E, Commercial Product",Cooper Lighting Commercial Product,"Cooper Lighting, Commercial Product",,,,,,,,,,,,,,,,,,,,,,,,,,,"Cooper Lighting, Commercial Product",Series,,,Model,,,Item Type,,,Voltage Rating,,,Amperage Rating,,,Dimensions,,,Mounting Type,,,Material,,,Color,,,Sound Level,,,Additional Information,,,,,,,,,,,,,,,,,,,,,,,,,,,,,,,,,,,,,,,,,,,,,,,,,,,,,,,,,,,,,,,,,,,,,,,,,,,,,,,,,,,,,,,,,,,,,,,,,,,,,,,,,,,,,,,,,,,,,,,,,,,,,,1,EA,,,,,,,,,,,,,,,,,,,,,,,,,,,,,,,,,,,,,US,No,No
https://www.satco.com/product/64-110,,,,,,64-110,,,,64-110,64-110,64-110 Satco Tape Light 16',-- Unbranded --,-- No Unilog Brand --,-- No DIB Brand --,Satco Prod Inc (5573),Satco Products Inc,SATCO®,,64-110,,,"SATCO®, Commercial Product, 64-110",COMM PRODUCT 120 V 64-110,"SATCO®, 64-110, Commercial Product","SATCO® Commercial Product, 120 V, 67 mm); Standard Brightness Status Disco A, 64-110 TAPE/RGBTW/IP20/PLUG/16 ft 64-110 TAPE/RGBTW/IP20/PLUG/","SATCO®, Commercial Product",,,,,,,,,,,,,,,,,,,,,,,,,,,"SATCO®, Commercial Product",Series,,,Model,,,Item Type,,,Voltage Rating,120,V,Amperage Rating,67 mm); Standard Brightness Status Disco,,Dimensions,64-110 TAPE/RGBTW/IP20/PLUG/16 ft 64-110 TAPE/RGBTW/IP20/PLUG/,,Mounting Type,,,Material,,,Color,,,Sound Level,,,Additional Information,,,,,,,,,,,,,,,,,,,,,,,,,,,,,,,,,,,,,,,,,,,,,,,,,,,,,,,,,,,,,,,,,,,,,,,,,,,,,,,,,,,,,,,,,,,,,,,,,,,,,,,,,,,,,,,,,,,,,,,,,,,,,,1,EA,,,,,,,,,,,,,,,,,,,,,,,,,,,,,,,,,,,,,US,No,No
https://www.lighting.philips.com/product/603571,,,,,,603571,,,,603571,603571,603571 3' Strip Light Ext,-- Unbranded --,-- No Unilog Brand --,-- No DIB Brand --,Phillips Lighting (5831),Signify N.V.,PHILIPS LIGHTING®,,603571,,,"PHILIPS LIGHTING®, Commercial Product, 603571",COMMERCIAL PRODUCT,"PHILIPS LIGHTING®, 603571, Commercial Product",PHILIPS LIGHTING® Commercial Product,"PHILIPS LIGHTING®, Commercial Product",,,,,,,,,,,,,,,,,,,,,,,,,,,"PHILIPS LIGHTING®, Commercial Product",Series,,,Model,,,Item Type,,,Voltage Rating,,,Amperage Rating,,,Dimensions,,,Mounting Type,,,Material,,,Color,,,Sound Level,,,Additional Information,,,,,,,,,,,,,,,,,,,,,,,,,,,,,,,,,,,,,,,,,,,,,,,,,,,,,,,,,,,,,,,,,,,,,,,,,,,,,,,,,,,,,,,,,,,,,,,,,,,,,,,,,,,,,,,,,,,,,,,,,,,,,,1,EA,,,,,,,,,,,,,,,,,,,,,,,,,,,,,,,,,,,,,US,No,No
https://www.satco.com/product/65-572R1,,,,,,65-572R1,,,,65-572R1,65-572R1,65572 Satco 2x4 Led Flat Panel,-- Unbranded --,-- No Unilog Brand --,-- No DIB Brand --,Satco Prod Inc (5573),Satco Products Inc,SATCO®,,65-572R1,,,"SATCO®, Commercial Product, 65-572R1, Built-In Mounting",COMM PRODUCT BLTLN 120 V 75 CASE WIDTH 2,"SATCO®, 65-572R1, Commercial Product, Built-In Mounting","SATCO® Commercial Product, 120 V, 1030mA, Built-In Mounting, 75 Case Width 2","SATCO®, Commercial Product, Built-In Mounting",,,,,,,,,,,,,,,,,,,,,,,,,,,"SATCO®, Commercial Product, Built-In Mounting",Series,,,Model,,,Item Type,,,Voltage Rating,120,V,Amperage Rating,1030mA,,Dimensions,75 Case Width 2,,Mounting Type,Built-In,,Material,,,Color,,,Sound Level,,,Additional Information,,,,,,,,,,,,,,,ArborSize,4,,,,,,,,,,,,,,,,,,,,,,,,,,,,,,,,,,,,,,,,,,,,,,,,,,,,,,,,,,,,,,,,,,,,,,,,,,,,,,,,,,,,,,,,,,,,,,,,,,,,,,,,,,,,,,1,EA,,,,,,,,,,,,,,,,,,,,,,,,,,,,,,,,,,,,,US,No,No
https://www.kichler.com/product/52476AVI,,,,,,52476AVI,,,,52476AVI,52476AVI,52476AVI Kichler Pendant Lt,-- Unbranded --,-- No Unilog Brand --,-- No DIB Brand --,Kichler Lighting (KICLI),Kichler Lighting LLC,KICHLER®,,52476AVI,,,"KICHLER®, Commercial Product, 52476AVI",COMMERCIAL PRODUCT,"KICHLER®, 52476AVI, Commercial Product",KICHLER® Commercial Product,"KICHLER®, Commercial Product",,,,,,,,,,,,,,,,,,,,,,,,,,,"KICHLER®, Commercial Product",Series,,,Model,,,Item Type,,,Voltage Rating,,,Amperage Rating,,,Dimensions,,,Mounting Type,,,Material,,,Color,,,Sound Level,,,Additional Information,,,,,,,,,,,,,,,,,,,,,,,,,,,,,,,,,,,,,,,,,,,,,,,,,,,,,,,,,,,,,,,,,,,,,,,,,,,,,,,,,,,,,,,,,,,,,,,,,,,,,,,,,,,,,,,,,,,,,,,,,,,,,,1,EA,,,,,,,,,,,,,,,,,,,,,,,,,,,,,,,,,,,,,US,No,No
https://www.kichler.com/product/42199BK,,,,,,42199BK,,,,42199BK,42199BK,42199BK Kichler Pendant Lt,-- Unbranded --,-- No Unilog Brand --,-- No DIB Brand --,Kichler Lighting (KICLI),Kichler Lighting LLC,KICHLER®,,42199BK,,,"KICHLER®, Commercial Product, 42199BK",COMMERCIAL PRODUCT,"KICHLER®, 42199BK, Commercial Product",KICHLER® Commercial Product,"KICHLER®, Commercial Product",,,,,,,,,,,,,,,,,,,,,,,,,,,"KICHLER®, Commercial Product",Series,,,Model,,,Item Type,,,Voltage Rating,,,Amperage Rating,,,Dimensions,,,Mounting Type,,,Material,,,Color,,,Sound Level,,,Additional Information,,,,,,,,,,,,,,,,,,,,,,,,,,,,,,,,,,,,,,,,,,,,,,,,,,,,,,,,,,,,,,,,,,,,,,,,,,,,,,,,,,,,,,,,,,,,,,,,,,,,,,,,,,,,,,,,,,,,,,,,,,,,,,1,EA,,,,,,,,,,,,,,,,,,,,,,,,,,,,,,,,,,,,,US,No,No
https://www.kichler.com/product/42199BKCS,,,,,,42199BKCS,,,,42199BKCS,42199BKCS,42199BKCS Kichler Pendant Lt,-- Unbranded --,-- No Unilog Brand --,-- No DIB Brand --,Kichler Lighting (KICLI),Kichler Lighting LLC,KICHLER®,,42199BKCS,,,"KICHLER®, Commercial Product, 42199BKCS",COMMERCIAL PRODUCT,"KICHLER®, 42199BKCS, Commercial Product",KICHLER® Commercial Product,"KICHLER®, Commercial Product",,,,,,,,,,,,,,,,,,,,,,,,,,,"KICHLER®, Commercial Product",Series,,,Model,,,Item Type,,,Voltage Rating,,,Amperage Rating,,,Dimensions,,,Mounting Type,,,Material,,,Color,,,Sound Level,,,Additional Information,,,,,,,,,,,,,,,,,,,,,,,,,,,,,,,,,,,,,,,,,,,,,,,,,,,,,,,,,,,,,,,,,,,,,,,,,,,,,,,,,,,,,,,,,,,,,,,,,,,,,,,,,,,,,,,,,,,,,,,,,,,,,,1,EA,,,,,,,,,,,,,,,,,,,,,,,,,,,,,,,,,,,,,US,No,No
https://www.kichler.com/product/42200BK,,,,,,42200BK,,,,42200BK,42200BK,42200BK Kichler Pendant Lt,-- Unbranded --,-- No Unilog Brand --,-- No DIB Brand --,Kichler Lighting (KICLI),Kichler Lighting LLC,KICHLER®,,42200BK,,,"KICHLER®, Commercial Product, 42200BK",COMMERCIAL PRODUCT,"KICHLER®, 42200BK, Commercial Product",KICHLER® Commercial Product,"KICHLER®, Commercial Product",,,,,,,,,,,,,,,,,,,,,,,,,,,"KICHLER®, Commercial Product",Series,,,Model,,,Item Type,,,Voltage Rating,,,Amperage Rating,,,Dimensions,,,Mounting Type,,,Material,,,Color,,,Sound Level,,,Additional Information,,,,,,,,,,,,,,,,,,,,,,,,,,,,,,,,,,,,,,,,,,,,,,,,,,,,,,,,,,,,,,,,,,,,,,,,,,,,,,,,,,,,,,,,,,,,,,,,,,,,,,,,,,,,,,,,,,,,,,,,,,,,,,1,EA,,,,,,,,,,,,,,,,,,,,,,,,,,,,,,,,,,,,,US,No,No
https://www.kichler.com/product/42200BKCS,,,,,,42200BKCS,,,,42200BKCS,42200BKCS,42200BKCS Kichler Pendant Lt,-- Unbranded --,-- No Unilog Brand --,-- No DIB Brand --,Kichler Lighting (KICLI),Kichler Lighting LLC,KICHLER®,,42200BKCS,,,"KICHLER®, Commercial Product, 42200BKCS",COMMERCIAL PRODUCT,"KICHLER®, 42200BKCS, Commercial Product",KICHLER® Commercial Product,"KICHLER®, Commercial Product",,,,,,,,,,,,,,,,,,,,,,,,,,,"KICHLER®, Commercial Product",Series,,,Model,,,Item Type,,,Voltage Rating,,,Amperage Rating,,,Dimensions,,,Mounting Type,,,Material,,,Color,,,Sound Level,,,Additional Information,,,,,,,,,,,,,,,,,,,,,,,,,,,,,,,,,,,,,,,,,,,,,,,,,,,,,,,,,,,,,,,,,,,,,,,,,,,,,,,,,,,,,,,,,,,,,,,,,,,,,,,,,,,,,,,,,,,,,,,,,,,,,,1,EA,,,,,,,,,,,,,,,,,,,,,,,,,,,,,,,,,,,,,US,No,No
https://www.kichler.com/product/43851BK,,,,,,43851BK,,,,43851BK,43851BK,43851BK Kichler Pendant Lt,-- Unbranded --,-- No Unilog Brand --,-- No DIB Brand --,Kichler Lighting (KICLI),Kichler Lighting LLC,KICHLER®,,43851BK,,,"KICHLER®, Commercial Product, 43851BK",COMMERCIAL PRODUCT,"KICHLER®, 43851BK, Commercial Product",KICHLER® Commercial Product,"KICHLER®, Commercial Product",,,,,,,,,,,,,,,,,,,,,,,,,,,"KICHLER®, Commercial Product",Series,,,Model,,,Item Type,,,Voltage Rating,,,Amperage Rating,,,Dimensions,,,Mounting Type,,,Material,,,Color,,,Sound Level,,,Additional Information,,,,,,,,,,,,,,,,,,,,,,,,,,,,,,,,,,,,,,,,,,,,,,,,,,,,,,,,,,,,,,,,,,,,,,,,,,,,,,,,,,,,,,,,,,,,,,,,,,,,,,,,,,,,,,,,,,,,,,,,,,,,,,1,EA,,,,,,,,,,,,,,,,,,,,,,,,,,,,,,,,,,,,,US,No,No
https://www.kichler.com/product/43852BK,,,,,,43852BK,,,,43852BK,43852BK,43852BK Kichler Pendant Lt,-- Unbranded --,-- No Unilog Brand --,-- No DIB Brand --,Kichler Lighting (KICLI),Kichler Lighting LLC,KICHLER®,,43852BK,,,"KICHLER®, Commercial Product, 43852BK",COMMERCIAL PRODUCT,"KICHLER®, 43852BK, Commercial Product",KICHLER® Commercial Product,"KICHLER®, Commercial Product",,,,,,,,,,,,,,,,,,,,,,,,,,,"KICHLER®, Commercial Product",Series,,,Model,,,Item Type,,,Voltage Rating,,,Amperage Rating,,,Dimensions,,,Mounting Type,,,Material,,,Color,,,Sound Level,,,Additional Information,,,,,,,,,,,,,,,,,,,,,,,,,,,,,,,,,,,,,,,,,,,,,,,,,,,,,,,,,,,,,,,,,,,,,,,,,,,,,,,,,,,,,,,,,,,,,,,,,,,,,,,,,,,,,,,,,,,,,,,,,,,,,,1,EA,,,,,,,,,,,,,,,,,,,,,,,,,,,,,,,,,,,,,US,No,No
https://www.kichler.com/product/43853BK,,,,,,43853BK,,,,43853BK,43853BK,43853BK Kichler Pendant Lt,-- Unbranded --,-- No Unilog Brand --,-- No DIB Brand --,Kichler Lighting (KICLI),Kichler Lighting LLC,KICHLER®,,43853BK,,,"KICHLER®, Commercial Product, 43853BK",COMMERCIAL PRODUCT,"KICHLER®, 43853BK, Commercial Product",KICHLER® Commercial Product,"KICHLER®, Commercial Product",,,,,,,,,,,,,,,,,,,,,,,,,,,"KICHLER®, Commercial Product",Series,,,Model,,,Item Type,,,Voltage Rating,,,Amperage Rating,,,Dimensions,,,Mounting Type,,,Material,,,Color,,,Sound Level,,,Additional Information,,,,,,,,,,,,,,,,,,,,,,,,,,,,,,,,,,,,,,,,,,,,,,,,,,,,,,,,,,,,,,,,,,,,,,,,,,,,,,,,,,,,,,,,,,,,,,,,,,,,,,,,,,,,,,,,,,,,,,,,,,,,,,1,EA,,,,,,,,,,,,,,,,,,,,,,,,,,,,,,,,,,,,,US,No,No
https://www.kichler.com/product/43905BK,,,,,,43905BK,,,,43905BK,43905BK,43905BK Kichler Pendant Lt,-- Unbranded --,-- No Unilog Brand --,-- No DIB Brand --,Kichler Lighting (KICLI),Kichler Lighting LLC,KICHLER®,,43905BK,,,"KICHLER®, Commercial Product, 43905BK",COMMERCIAL PRODUCT,"KICHLER®, 43905BK, Commercial Product",KICHLER® Commercial Product,"KICHLER®, Commercial Product",,,,,,,,,,,,,,,,,,,,,,,,,,,"KICHLER®, Commercial Product",Series,,,Model,,,Item Type,,,Voltage Rating,,,Amperage Rating,,,Dimensions,,,Mounting Type,,,Material,,,Color,,,Sound Level,,,Additional Information,,,,,,,,,,,,,,,,,,,,,,,,,,,,,,,,,,,,,,,,,,,,,,,,,,,,,,,,,,,,,,,,,,,,,,,,,,,,,,,,,,,,,,,,,,,,,,,,,,,,,,,,,,,,,,,,,,,,,,,,,,,,,,1,EA,,,,,,,,,,,,,,,,,,,,,,,,,,,,,,,,,,,,,US,No,No
https://www.kichler.com/product/43911BK,,,,,,43911BK,,,,43911BK,43911BK,43911BK Kichler Pendant Lt,-- Unbranded --,-- No Unilog Brand --,-- No DIB Brand --,Kichler Lighting (KICLI),Kichler Lighting LLC,KICHLER®,,43911BK,,,"KICHLER®, Commercial Product, 43911BK",COMMERCIAL PRODUCT,"KICHLER®, 43911BK, Commercial Product",KICHLER® Commercial Product,"KICHLER®, Commercial Product",,,,,,,,,,,,,,,,,,,,,,,,,,,"KICHLER®, Commercial Product",Series,,,Model,,,Item Type,,,Voltage Rating,,,Amperage Rating,,,Dimensions,,,Mounting Type,,,Material,,,Color,,,Sound Level,,,Additional Information,,,,,,,,,,,,,,,,,,,,,,,,,,,,,,,,,,,,,,,,,,,,,,,,,,,,,,,,,,,,,,,,,,,,,,,,,,,,,,,,,,,,,,,,,,,,,,,,,,,,,,,,,,,,,,,,,,,,,,,,,,,,,,1,EA,,,,,,,,,,,,,,,,,,,,,,,,,,,,,,,,,,,,,US,No,No
https://www.kichler.com/product/52529BK,,,,,,52529BK,,,,52529BK,52529BK,52529BK Kichler Pendant Light,-- Unbranded --,-- No Unilog Brand --,-- No DIB Brand --,Kichler Lighting (KICLI),Kichler Lighting LLC,KICHLER®,,52529BK,,,"KICHLER®, Commercial Product, 52529BK",COMMERCIAL PRODUCT,"KICHLER®, 52529BK, Commercial Product",KICHLER® Commercial Product,"KICHLER®, Commercial Product",,,,,,,,,,,,,,,,,,,,,,,,,,,"KICHLER®, Commercial Product",Series,,,Model,,,Item Type,,,Voltage Rating,,,Amperage Rating,,,Dimensions,,,Mounting Type,,,Material,,,Color,,,Sound Level,,,Additional Information,,,,,,,,,,,,,,,,,,,,,,,,,,,,,,,,,,,,,,,,,,,,,,,,,,,,,,,,,,,,,,,,,,,,,,,,,,,,,,,,,,,,,,,,,,,,,,,,,,,,,,,,,,,,,,,,,,,,,,,,,,,,,,1,EA,,,,,,,,,,,,,,,,,,,,,,,,,,,,,,,,,,,,,US,No,No
https://www.kichler.com/product/52662BKCLR,,,,,,52662BKCLR,,,,52662BKCLR,52662BKCLR,52662BKCLR Kichler Pendant Lt,-- Unbranded --,-- No Unilog Brand --,-- No DIB Brand --,Kichler Lighting (KICLI),Kichler Lighting LLC,KICHLER®,,52662BKCLR,,,"KICHLER®, Commercial Product, 52662BKCLR",COMMERCIAL PRODUCT,"KICHLER®, 52662BKCLR, Commercial Product",KICHLER® Commercial Product,"KICHLER®, Commercial Product",,,,,,,,,,,,,,,,,,,,,,,,,,,"KICHLER®, Commercial Product",Series,,,Model,,,Item Type,,,Voltage Rating,,,Amperage Rating,,,Dimensions,,,Mounting Type,,,Material,,,Color,,,Sound Level,,,Additional Information,,,,,,,,,,,,,,,,,,,,,,,,,,,,,,,,,,,,,,,,,,,,,,,,,,,,,,,,,,,,,,,,,,,,,,,,,,,,,,,,,,,,,,,,,,,,,,,,,,,,,,,,,,,,,,,,,,,,,,,,,,,,,,1,EA,,,,,,,,,,,,,,,,,,,,,,,,,,,,,,,,,,,,,US,No,No
https://www.kichler.com/product/52734CPZ,,,,,,52734CPZ,,,,52734CPZ,52734CPZ,52734CPZ Kichler Pendant Light,-- Unbranded --,-- No Unilog Brand --,-- No DIB Brand --,Kichler Lighting (KICLI),Kichler Lighting LLC,KICHLER®,,52734CPZ,,,"KICHLER®, Commercial Product, 52734CPZ",COMMERCIAL PRODUCT,"KICHLER®, 52734CPZ, Commercial Product",KICHLER® Commercial Product,"KICHLER®, Commercial Product",,,,,,,,,,,,,,,,,,,,,,,,,,,"KICHLER®, Commercial Product",Series,,,Model,,,Item Type,,,Voltage Rating,,,Amperage Rating,,,Dimensions,,,Mounting Type,,,Material,,,Color,,,Sound Level,,,Additional Information,,,,,,,,,,,,,,,,,,,,,,,,,,,,,,,,,,,,,,,,,,,,,,,,,,,,,,,,,,,,,,,,,,,,,,,,,,,,,,,,,,,,,,,,,,,,,,,,,,,,,,,,,,,,,,,,,,,,,,,,,,,,,,1,EA,,,,,,,,,,,,,,,,,,,,,,,,,,,,,,,,,,,,,US,No,No
https://www.kichler.com/product/82400,,,,,,82400,,,,82400,82400,82400 Kichler Pendant Lt,-- Unbranded --,-- No Unilog Brand --,-- No DIB Brand --,Kichler Lighting (KICLI),Kichler Lighting LLC,KICHLER®,,82400,,,"KICHLER®, Commercial Product, 82400",COMMERCIAL PRODUCT,"KICHLER®, 82400, Commercial Product",KICHLER® Commercial Product,"KICHLER®, Commercial Product",,,,,,,,,,,,,,,,,,,,,,,,,,,"KICHLER®, Commercial Product",Series,,,Model,,,Item Type,,,Voltage Rating,,,Amperage Rating,,,Dimensions,,,Mounting Type,,,Material,,,Color,,,Sound Level,,,Additional Information,,,,,,,,,,,,,,,,,,,,,,,,,,,,,,,,,,,,,,,,,,,,,,,,,,,,,,,,,,,,,,,,,,,,,,,,,,,,,,,,,,,,,,,,,,,,,,,,,,,,,,,,,,,,,,,,,,,,,,,,,,,,,,1,EA,,,,,,,,,,,,,,,,,,,,,,,,,,,,,,,,,,,,,US,No,No
https://www.satco.com/product/S11606,,,,,,S11606,,,,S11606,S11606,"S11606 8"" Round Down Lt 30K",-- Unbranded --,-- No Unilog Brand --,-- No DIB Brand --,Satco Prod Inc (5573),Satco Products Inc,SATCO®,,S11606,,,"SATCO®, Commercial Product, S11606",COMMERCIAL PRODUCT,"SATCO®, S11606, Commercial Product",SATCO® Commercial Product,"SATCO®, Commercial Product",,,,,,,,,,,,,,,,,,,,,,,,,,,"SATCO®, Commercial Product",Series,,,Model,,,Item Type,,,Voltage Rating,,,Amperage Rating,,,Dimensions,,,Mounting Type,,,Material,,,Color,,,Sound Level,,,Additional Information,,,,,,,,,,,,,,,,,,,,,,,,,,,,,,,,,,,,,,,,,,,,,,,,,,,,,,,,,,,,,,,,,,,,,,,,,,,,,,,,,,,,,,,,,,,,,,,,,,,,,,,,,,,,,,,,,,,,,,,,,,,,,,1,EA,,,,,,,,,,,,,,,,,,,,,,,,,,,,,,,,,,,,,US,No,No
https://www.satco.com/product/S11828,,,,,,S11828,,,,S11828,S11828,"S11828 8"" Led Down Light",-- Unbranded --,-- No Unilog Brand --,-- No DIB Brand --,Satco Prod Inc (5573),Satco Products Inc,SATCO®,,S11828,,,"SATCO®, Commercial Product, S11828",COMMERCIAL PRODUCT,"SATCO®, S11828, Commercial Product",SATCO® Commercial Product,"SATCO®, Commercial Product",,,,,,,,,,,,,,,,,,,,,,,,,,,"SATCO®, Commercial Product",Series,,,Model,,,Item Type,,,Voltage Rating,,,Amperage Rating,,,Dimensions,,,Mounting Type,,,Material,,,Color,,,Sound Level,,,Additional Information,,,,,,,,,,,,,,,,,,,,,,,,,,,,,,,,,,,,,,,,,,,,,,,,,,,,,,,,,,,,,,,,,,,,,,,,,,,,,,,,,,,,,,,,,,,,,,,,,,,,,,,,,,,,,,,,,,,,,,,,,,,,,,1,EA,,,,,,,,,,,,,,,,,,,,,,,,,,,,,,,,,,,,,US,No,No
https://www.lighting.philips.com/product/801274,,,,,,801274,,,,801274,801274,"801274 10w LED 6"" Retro 50k",-- Unbranded --,-- No Unilog Brand --,-- No DIB Brand --,Phillips Lighting (5831),Signify N.V.,PHILIPS LIGHTING®,,801274,,,"PHILIPS LIGHTING®, Commercial Product, 801274",COMMERCIAL PRODUCT,"PHILIPS LIGHTING®, 801274, Commercial Product",PHILIPS LIGHTING® Commercial Product,"PHILIPS LIGHTING®, Commercial Product",,,,,,,,,,,,,,,,,,,,,,,,,,,"PHILIPS LIGHTING®, Commercial Product",Series,,,Model,,,Item Type,,,Voltage Rating,,,Amperage Rating,,,Dimensions,,,Mounting Type,,,Material,,,Color,,,Sound Level,,,Additional Information,,,,,,,,,,,,,,,,,,,,,,,,,,,,,,,,,,,,,,,,,,,,,,,,,,,,,,,,,,,,,,,,,,,,,,,,,,,,,,,,,,,,,,,,,,,,,,,,,,,,,,,,,,,,,,,,,,,,,,,,,,,,,,1,EA,,,,,,,,,,,,,,,,,,,,,,,,,,,,,,,,,,,,,US,No,No
https://www.satco.com/product/S11860,,,,,,S11860,,,,S11860,S11860,"S11860 6"" Downlight White 5 CCT",-- Unbranded --,-- No Unilog Brand --,-- No DIB Brand --,Satco Prod Inc (5573),Satco Products Inc,SATCO®,,S11860,,,"SATCO®, Commercial Product, S11860",COMMERCIAL PRODUCT,"SATCO®, S11860, Commercial Product",SATCO® Commercial Product,"SATCO®, Commercial Product",,,,,,,,,,,,,,,,,,,,,,,,,,,"SATCO®, Commercial Product",Series,,,Model,,,Item Type,,,Voltage Rating,,,Amperage Rating,,,Dimensions,,,Mounting Type,,,Material,,,Color,,,Sound Level,,,Additional Information,,,,,,,,,,,,,,,,,,,,,,,,,,,,,,,,,,,,,,,,,,,,,,,,,,,,,,,,,,,,,,,,,,,,,,,,,,,,,,,,,,,,,,,,,,,,,,,,,,,,,,,,,,,,,,,,,,,,,,,,,,,,,,1,EA,,,,,,,,,,,,,,,,,,,,,,,,,,,,,,,,,,,,,US,No,No
https://www.satco.com/product/S11562,,,,,,S11562,,,,S11562,S11562,"S11562 Starfish 6"" D/W Downlight",-- Unbranded --,-- No Unilog Brand --,-- No DIB Brand --,Satco Prod Inc (5573),Satco Products Inc,SATCO®,,S11562,,,"SATCO®, Commercial Product, S11562",COMMERCIAL PRODUCT,"SATCO®, S11562, Commercial Product",SATCO® Commercial Product,"SATCO®, Commercial Product",,,,,,,,,,,,,,,,,,,,,,,,,,,"SATCO®, Commercial Product",Series,,,Model,,,Item Type,,,Voltage Rating,,,Amperage Rating,,,Dimensions,,,Mounting Type,,,Material,,,Color,,,Sound Level,,,Additional Information,,,,,,,,,,,,,,,,,,,,,,,,,,,,,,,,,,,,,,,,,,,,,,,,,,,,,,,,,,,,,,,,,,,,,,,,,,,,,,,,,,,,,,,,,,,,,,,,,,,,,,,,,,,,,,,,,,,,,,,,,,,,,,1,EA,,,,,,,,,,,,,,,,,,,,,,,,,,,,,,,,,,,,,US,No,No
https://www.satco.com/product/S11646,,,,,,S11646,,,,S11646,S11646,"S11646 6"" Downlight Wh",-- Unbranded --,-- No Unilog Brand --,-- No DIB Brand --,Satco Prod Inc (5573),Satco Products Inc,SATCO®,,S11646,,,"SATCO®, Commercial Product, S11646",COMMERCIAL PRODUCT,"SATCO®, S11646, Commercial Product",SATCO® Commercial Product,"SATCO®, Commercial Product",,,,,,,,,,,,,,,,,,,,,,,,,,,"SATCO®, Commercial Product",Series,,,Model,,,Item Type,,,Voltage Rating,,,Amperage Rating,,,Dimensions,,,Mounting Type,,,Material,,,Color,,,Sound Level,,,Additional Information,,,,,,,,,,,,,,,,,,,,,,,,,,,,,,,,,,,,,,,,,,,,,,,,,,,,,,,,,,,,,,,,,,,,,,,,,,,,,,,,,,,,,,,,,,,,,,,,,,,,,,,,,,,,,,,,,,,,,,,,,,,,,,1,EA,,,,,,,,,,,,,,,,,,,,,,,,,,,,,,,,,,,,,US,No,No
https://www.satco.com/product/S11801R1,,,,,,S11801R1,,,,S11801R1,S11801R1,"S11801R1 6"" Led Downlight Wh",-- Unbranded --,-- No Unilog Brand --,-- No DIB Brand --,Satco Prod Inc (5573),Satco Products Inc,SATCO®,,S11801R1,,,"SATCO®, Commercial Product, S11801R1",COMMERCIAL PRODUCT,"SATCO®, S11801R1, Commercial Product",SATCO® Commercial Product,"SATCO®, Commercial Product",,,,,,,,,,,,,,,,,,,,,,,,,,,"SATCO®, Commercial Product",Series,,,Model,,,Item Type,,,Voltage Rating,,,Amperage Rating,,,Dimensions,,,Mounting Type,,,Material,,,Color,,,Sound Level,,,Additional Information,,,,,,,,,,,,,,,,,,,,,,,,,,,,,,,,,,,,,,,,,,,,,,,,,,,,,,,,,,,,,,,,,,,,,,,,,,,,,,,,,,,,,,,,,,,,,,,,,,,,,,,,,,,,,,,,,,,,,,,,,,,,,,1,EA,,,,,,,,,,,,,,,,,,,,,,,,,,,,,,,,,,,,,US,No,No
https://www.satco.com/product/S11848,,,,,,S11848,,,,S11848,S11848,"S11848 10"" Down Light Wh",-- Unbranded --,-- No Unilog Brand --,-- No DIB Brand --,Satco Prod Inc (5573),Satco Products Inc,SATCO®,,S11848,,,"SATCO®, Commercial Product, S11848",COMMERCIAL PRODUCT,"SATCO®, S11848, Commercial Product",SATCO® Commercial Product,"SATCO®, Commercial Product",,,,,,,,,,,,,,,,,,,,,,,,,,,"SATCO®, Commercial Product",Series,,,Model,,,Item Type,,,Voltage Rating,,,Amperage Rating,,,Dimensions,,,Mounting Type,,,Material,,,Color,,,Sound Level,,,Additional Information,,,,,,,,,,,,,,,,,,,,,,,,,,,,,,,,,,,,,,,,,,,,,,,,,,,,,,,,,,,,,,,,,,,,,,,,,,,,,,,,,,,,,,,,,,,,,,,,,,,,,,,,,,,,,,,,,,,,,,,,,,,,,,1,EA,,,,,,,,,,,,,,,,,,,,,,,,,,,,,,,,,,,,,US,No,No
https://www.satco.com/product/S11849,,,,,,S11849,,,,S11849,S11849,"S11849 12"" Down Light Wh",-- Unbranded --,-- No Unilog Brand --,-- No DIB Brand --,Satco Prod Inc (5573),Satco Products Inc,SATCO®,,S11849,,,"SATCO®, Commercial Product, S11849",COMMERCIAL PRODUCT,"SATCO®, S11849, Commercial Product",SATCO® Commercial Product,"SATCO®, Commercial Product",,,,,,,,,,,,,,,,,,,,,,,,,,,"SATCO®, Commercial Product",Series,,,Model,,,Item Type,,,Voltage Rating,,,Amperage Rating,,,Dimensions,,,Mounting Type,,,Material,,,Color,,,Sound Level,,,Additional Information,,,,,,,,,,,,,,,,,,,,,,,,,,,,,,,,,,,,,,,,,,,,,,,,,,,,,,,,,,,,,,,,,,,,,,,,,,,,,,,,,,,,,,,,,,,,,,,,,,,,,,,,,,,,,,,,,,,,,,,,,,,,,,1,EA,,,,,,,,,,,,,,,,,,,,,,,,,,,,,,,,,,,,,US,No,No
,,,,,,HLBSL609FS5,,,,HLBSL609FS5,HLBSL609FS5,"HLBSL609FS5 6"" Down Light",-- Unbranded --,-- No Unilog Brand --,-- No DIB Brand --,Cooper Lighting (7638),Cooper Lighting,Cooper Lighting,,HLBSL609FS5,,,"Cooper Lighting, Commercial Product, HLBSL609FS5",COMMERCIAL PRODUCT,"Cooper Lighting, HLBSL609FS5, Commercial Product",Cooper Lighting Commercial Product,"Cooper Lighting, Commercial Product",,,,,,,,,,,,,,,,,,,,,,,,,,,"Cooper Lighting, Commercial Product",Series,,,Model,,,Item Type,,,Voltage Rating,,,Amperage Rating,,,Dimensions,,,Mounting Type,,,Material,,,Color,,,Sound Level,,,Additional Information,,,,,,,,,,,,,,,,,,,,,,,,,,,,,,,,,,,,,,,,,,,,,,,,,,,,,,,,,,,,,,,,,,,,,,,,,,,,,,,,,,,,,,,,,,,,,,,,,,,,,,,,,,,,,,,,,,,,,,,,,,,,,,1,EA,,,,,,,,,,,,,,,,,,,,,,,,,,,,,,,,,,,,,US,No,No
,,,,,,WF4REGSWW590CRIMW,,,,WF4REGSWW590CRIMW,WF4REGSWW590CRIMW,"WF4REGSWW590CRIMW 4"" Down Light",-- Unbranded --,-- No Unilog Brand --,-- No DIB Brand --,Lithonia Lighting (2776),Lithonia Lighting,Lithonia Lighting,,WF4REGSWW590CRIMW,,,"Lithonia Lighting, Commercial Product, WF4REGSWW590CRIMW",COMMERCIAL PRODUCT,"Lithonia Lighting, WF4REGSWW590CRIMW, Commercial Product",Lithonia Lighting Commercial Product,"Lithonia Lighting, Commercial Product",,,,,,,,,,,,,,,,,,,,,,,,,,,"Lithonia Lighting, Commercial Product",Series,,,Model,,,Item Type,,,Voltage Rating,,,Amperage Rating,,,Dimensions,,,Mounting Type,,,Material,,,Color,,,Sound Level,,,Additional Information,,,,,,,,,,,,,,,,,,,,,,,,,,,,,,,,,,,,,,,,,,,,,,,,,,,,,,,,,,,,,,,,,,,,,,,,,,,,,,,,,,,,,,,,,,,,,,,,,,,,,,,,,,,,,,,,,,,,,,,,,,,,,,1,EA,,,,,,,,,,,,,,,,,,,,,,,,,,,,,,,,,,,,,US,No,No
https://www.kichler.com/product/43849WH5CCT,,,,,,43849WH5CCT,,,,43849WH5CCT,43849WH5CCT,43849WH5CCT Kichler Ceiling Lt,-- Unbranded --,-- No Unilog Brand --,-- No DIB Brand --,Kichler Lighting (KICLI),Kichler Lighting LLC,KICHLER®,,43849WH5CCT,,,"KICHLER®, Commercial Product, 43849WH5CCT",COMMERCIAL PRODUCT,"KICHLER®, 43849WH5CCT, Commercial Product",KICHLER® Commercial Product,"KICHLER®, Commercial Product",,,,,,,,,,,,,,,,,,,,,,,,,,,"KICHLER®, Commercial Product",Series,,,Model,,,Item Type,,,Voltage Rating,,,Amperage Rating,,,Dimensions,,,Mounting Type,,,Material,,,Color,,,Sound Level,,,Additional Information,,,,,,,,,,,,,,,,,,,,,,,,,,,,,,,,,,,,,,,,,,,,,,,,,,,,,,,,,,,,,,,,,,,,,,,,,,,,,,,,,,,,,,,,,,,,,,,,,,,,,,,,,,,,,,,,,,,,,,,,,,,,,,1,EA,,,,,,,,,,,,,,,,,,,,,,,,,,,,,,,,,,,,,US,No,No
https://www.satco.com/product/62-1777,,,,,,62-1777,,,,62-1777,62-1777,"62-1777 15"" Ceiling Lt Wh",-- Unbranded --,-- No Unilog Brand --,-- No DIB Brand --,Satco Prod Inc (5573),Satco Products Inc,SATCO®,,62-1777,,,"SATCO®, Commercial Product, 62-1777, Built-In Mounting",COMM PRODUCT BLTLN 120 V ; SURFACE,"SATCO®, 62-1777, Commercial Product, Built-In Mounting","SATCO® Commercial Product, 120 V, 7; Hi pot - DC-1550V; Edge-lit - Yes Amp A, Built-In Mounting, ; Surface Mount LED; CCT Selectable; 90 CRI; White Finish; 1","SATCO®, Commercial Product, Built-In Mounting",,,,,,,,,,,,,,,,,,,,,,,,,,,"SATCO®, Commercial Product, Built-In Mounting",Series,,,Model,,,Item Type,,,Voltage Rating,120,V,Amperage Rating,7; Hi pot - DC-1550V; Edge-lit - Yes Amp,,Dimensions,; Surface Mount LED; CCT Selectable; 90 CRI; White Finish; 1,,Mounting Type,Built-In,,Material,,,Color,,,Sound Level,,,Additional Information,,,,,,,,,,,,,,,,,,,,,,,,,,,,,,,,,,,,,,,,,,,,,,,,,,,,,,,,,,,,,,,,,,,,,,,,,,,,,,,,,,,,,,,,,,,,,,,,,,,,,,,,,,,,,,,,,,,,,,,,,,,,,,1,EA,,,,,,,,,,,,,,,,,,,,,,,,,,,,,,,,,,,,,US,No,No
https://www.satco.com/product/62-1778,,,,,,62-1778,,,,62-1778,62-1778,"62-1778 19"" Ceiling Lt Wh",-- Unbranded --,-- No Unilog Brand --,-- No DIB Brand --,Satco Prod Inc (5573),Satco Products Inc,SATCO®,,62-1778,,,"SATCO®, Commercial Product, 62-1778",COMMERCIAL PRODUCT,"SATCO®, 62-1778, Commercial Product",SATCO® Commercial Product,"SATCO®, Commercial Product",,,,,,,,,,,,,,,,,,,,,,,,,,,"SATCO®, Commercial Product",Series,,,Model,,,Item Type,,,Voltage Rating,,,Amperage Rating,,,Dimensions,,,Mounting Type,,,Material,,,Color,,,Sound Level,,,Additional Information,,,,,,,,,,,,,,,,,,,,,,,,,,,,,,,,,,,,,,,,,,,,,,,,,,,,,,,,,,,,,,,,,,,,,,,,,,,,,,,,,,,,,,,,,,,,,,,,,,,,,,,,,,,,,,,,,,,,,,,,,,,,,,1,EA,,,,,,,,,,,,,,,,,,,,,,,,,,,,,,,,,,,,,US,No,No
https://www.satco.com/product/62-1784,,,,,,62-1784,,,,62-1784,62-1784,62-1784 24x24 Led Ceiling Lt,-- Unbranded --,-- No Unilog Brand --,-- No DIB Brand --,Satco Prod Inc (5573),Satco Products Inc,SATCO®,,62-1784,,,"SATCO®, Commercial Product, 62-1784",COMMERCIAL PRODUCT 24X24,"SATCO®, 62-1784, Commercial Product","SATCO® Commercial Product, 24x24","SATCO®, Commercial Product",,,,,,,,,,,,,,,,,,,,,,,,,,,"SATCO®, Commercial Product",Series,,,Model,,,Item Type,,,Voltage Rating,,,Amperage Rating,,,Dimensions,24x24,,Mounting Type,,,Material,,,Color,,,Sound Level,,,Additional Information,,,,,,,,,,,,,,,ArborSize,24,,,,,,,,,,,,,,,,,,,,,,,,,,,,,,,,,,,,,,,,,,,,,,,,,,,,,,,,,,,,,,,,,,,,,,,,,,,,,,,,,,,,,,,,,,,,,,,,,,,,,,,,,,,,,,1,EA,,,,,,,,,,,,,,,,,,,,,,,,,,,,,,,,,,,,,US,No,No
https://www.satco.com/product/62-1787,,,,,,62-1787,,,,62-1787,62-1787,"62-1787 15"" Ceiling Lt Bk",-- Unbranded --,-- No Unilog Brand --,-- No DIB Brand --,Satco Prod Inc (5573),Satco Products Inc,SATCO®,,62-1787,,,"SATCO®, Commercial Product, 62-1787",COMMERCIAL PRODUCT,"SATCO®, 62-1787, Commercial Product",SATCO® Commercial Product,"SATCO®, Commercial Product",,,,,,,,,,,,,,,,,,,,,,,,,,,"SATCO®, Commercial Product",Series,,,Model,,,Item Type,,,Voltage Rating,,,Amperage Rating,,,Dimensions,,,Mounting Type,,,Material,,,Color,,,Sound Level,,,Additional Information,,,,,,,,,,,,,,,,,,,,,,,,,,,,,,,,,,,,,,,,,,,,,,,,,,,,,,,,,,,,,,,,,,,,,,,,,,,,,,,,,,,,,,,,,,,,,,,,,,,,,,,,,,,,,,,,,,,,,,,,,,,,,,1,EA,,,,,,,,,,,,,,,,,,,,,,,,,,,,,,,,,,,,,US,No,No
https://www.satco.com/product/62-1788,,,,,,62-1788,,,,62-1788,62-1788,"62-1788 19"" Ceiling Lt Bk",-- Unbranded --,-- No Unilog Brand --,-- No DIB Brand --,Satco Prod Inc (5573),Satco Products Inc,SATCO®,,62-1788,,,"SATCO®, Commercial Product, 62-1788",COMMERCIAL PRODUCT,"SATCO®, 62-1788, Commercial Product",SATCO® Commercial Product,"SATCO®, Commercial Product",,,,,,,,,,,,,,,,,,,,,,,,,,,"SATCO®, Commercial Product",Series,,,Model,,,Item Type,,,Voltage Rating,,,Amperage Rating,,,Dimensions,,,Mounting Type,,,Material,,,Color,,,Sound Level,,,Additional Information,,,,,,,,,,,,,,,,,,,,,,,,,,,,,,,,,,,,,,,,,,,,,,,,,,,,,,,,,,,,,,,,,,,,,,,,,,,,,,,,,,,,,,,,,,,,,,,,,,,,,,,,,,,,,,,,,,,,,,,,,,,,,,1,EA,,,,,,,,,,,,,,,,,,,,,,,,,,,,,,,,,,,,,US,No,No
,,,,,,SHOP/4X2/840/V1,,,,SHOP/4X2/840/V1,SHOP/4X2/840/V1,4' Feit Shop Light 4500L 40k,-- Unbranded --,-- No Unilog Brand --,-- No DIB Brand --,Feit Electric (3468),Feit Electric,Feit Electric,,SHOP/4X2/840/V1,,,"Feit Electric, Commercial Product, SHOP/4X2/840/V1",COMMERCIAL PRODUCT,"Feit Electric, SHOP/4X2/840/V1, Commercial Product",Feit Electric Commercial Product,"Feit Electric, Commercial Product",,,,,,,,,,,,,,,,,,,,,,,,,,,"Feit Electric, Commercial Product",Series,,,Model,,,Item Type,,,Voltage Rating,,,Amperage Rating,,,Dimensions,,,Mounting Type,,,Material,,,Color,,,Sound Level,,,Additional Information,,,,,,,,,,,,,,,,,,,,,,,,,,,,,,,,,,,,,,,,,,,,,,,,,,,,,,,,,,,,,,,,,,,,,,,,,,,,,,,,,,,,,,,,,,,,,,,,,,,,,,,,,,,,,,,,,,,,,,,,,,,,,,1,EA,,,,,,,,,,,,,,,,,,,,,,,,,,,,,,,,,,,,,US,No,No
https://www.kichler.com/product/45495BKCLR,,,,,,45495BKCLR,,,,45495BKCLR,45495BKCLR,45495BKCLR Kichler Wall Lt,-- Unbranded --,-- No Unilog Brand --,-- No DIB Brand --,Kichler Lighting (KICLI),Kichler Lighting LLC,KICHLER®,,45495BKCLR,,,"KICHLER®, Commercial Product, 45495BKCLR",COMMERCIAL PRODUCT,"KICHLER®, 45495BKCLR, Commercial Product",KICHLER® Commercial Product,"KICHLER®, Commercial Product",,,,,,,,,,,,,,,,,,,,,,,,,,,"KICHLER®, Commercial Product",Series,,,Model,,,Item Type,,,Voltage Rating,,,Amperage Rating,,,Dimensions,,,Mounting Type,,,Material,,,Color,,,Sound Level,,,Additional Information,,,,,,,,,,,,,,,,,,,,,,,,,,,,,,,,,,,,,,,,,,,,,,,,,,,,,,,,,,,,,,,,,,,,,,,,,,,,,,,,,,,,,,,,,,,,,,,,,,,,,,,,,,,,,,,,,,,,,,,,,,,,,,1,EA,,,,,,,,,,,,,,,,,,,,,,,,,,,,,,,,,,,,,US,No,No
https://www.kichler.com/product/55209NI,,,,,,55209NI,,,,55209NI,55209NI,55209NI Kichler Wall Sconce,-- Unbranded --,-- No Unilog Brand --,-- No DIB Brand --,Kichler Lighting (KICLI),Kichler Lighting LLC,KICHLER®,,55209NI,,,"KICHLER®, Commercial Product, 55209NI",COMMERCIAL PRODUCT,"KICHLER®, 55209NI, Commercial Product",KICHLER® Commercial Product,"KICHLER®, Commercial Product",,,,,,,,,,,,,,,,,,,,,,,,,,,"KICHLER®, Commercial Product",Series,,,Model,,,Item Type,,,Voltage Rating,,,Amperage Rating,,,Dimensions,,,Mounting Type,,,Material,,,Color,,,Sound Level,,,Additional Information,,,,,,,,,,,,,,,,,,,,,,,,,,,,,,,,,,,,,,,,,,,,,,,,,,,,,,,,,,,,,,,,,,,,,,,,,,,,,,,,,,,,,,,,,,,,,,,,,,,,,,,,,,,,,,,,,,,,,,,,,,,,,,1,EA,,,,,,,,,,,,,,,,,,,,,,,,,,,,,,,,,,,,,US,No,No
https://www.satco.com/product/65-1210,,,,,,65-1210,,,,65-1210,65-1210,65-1210 2' LED Wrap Lt,-- Unbranded --,-- No Unilog Brand --,-- No DIB Brand --,Satco Prod Inc (5573),Satco Products Inc,SATCO®,,65-1210,,,"SATCO®, Commercial Product, 65-1210",COMMERCIAL PRODUCT,"SATCO®, 65-1210, Commercial Product",SATCO® Commercial Product,"SATCO®, Commercial Product",,,,,,,,,,,,,,,,,,,,,,,,,,,"SATCO®, Commercial Product",Series,,,Model,,,Item Type,,,Voltage Rating,,,Amperage Rating,,,Dimensions,,,Mounting Type,,,Material,,,Color,,,Sound Level,,,Additional Information,,,,,,,,,,,,,,,,,,,,,,,,,,,,,,,,,,,,,,,,,,,,,,,,,,,,,,,,,,,,,,,,,,,,,,,,,,,,,,,,,,,,,,,,,,,,,,,,,,,,,,,,,,,,,,,,,,,,,,,,,,,,,,1,EA,,,,,,,,,,,,,,,,,,,,,,,,,,,,,,,,,,,,,US,No,No
https://www.satco.com/product/65-1211,,,,,,65-1211,,,,65-1211,65-1211,65-1211 4' Led Wrap Light,-- Unbranded --,-- No Unilog Brand --,-- No DIB Brand --,Satco Prod Inc (5573),Satco Products Inc,SATCO®,,65-1211,,,"SATCO®, Commercial Product, 65-1211",COMMERCIAL PRODUCT,"SATCO®, 65-1211, Commercial Product",SATCO® Commercial Product,"SATCO®, Commercial Product",,,,,,,,,,,,,,,,,,,,,,,,,,,"SATCO®, Commercial Product",Series,,,Model,,,Item Type,,,Voltage Rating,,,Amperage Rating,,,Dimensions,,,Mounting Type,,,Material,,,Color,,,Sound Level,,,Additional Information,,,,,,,,,,,,,,,,,,,,,,,,,,,,,,,,,,,,,,,,,,,,,,,,,,,,,,,,,,,,,,,,,,,,,,,,,,,,,,,,,,,,,,,,,,,,,,,,,,,,,,,,,,,,,,,,,,,,,,,,,,,,,,1,EA,,,,,,,,,,,,,,,,,,,,,,,,,,,,,,,,,,,,,US,No,No
https://www.lighting.philips.com/product/141465,,,,,,141465,,,,141465,141465,"141465 15W Flor 18"" T12 27k",-- Unbranded --,-- No Unilog Brand --,-- No DIB Brand --,Phillips Lighting (5831),Signify N.V.,PHILIPS LIGHTING®,,141465,,,"PHILIPS LIGHTING®, Commercial Product, 141465",COMMERCIAL PRODUCT,"PHILIPS LIGHTING®, 141465, Commercial Product",PHILIPS LIGHTING® Commercial Product,"PHILIPS LIGHTING®, Commercial Product",,,,,,,,,,,,,,,,,,,,,,,,,,,"PHILIPS LIGHTING®, Commercial Product",Series,,,Model,,,Item Type,,,Voltage Rating,,,Amperage Rating,,,Dimensions,,,Mounting Type,,,Material,,,Color,,,Sound Level,,,Additional Information,,,,,,,,,,,,,,,,,,,,,,,,,,,,,,,,,,,,,,,,,,,,,,,,,,,,,,,,,,,,,,,,,,,,,,,,,,,,,,,,,,,,,,,,,,,,,,,,,,,,,,,,,,,,,,,,,,,,,,,,,,,,,,1,EA,,,,,,,,,,,,,,,,,,,,,,,,,,,,,,,,,,,,,US,No,No
https://www.lighting.philips.com/product/391227,,,,,,391227,,,,391227,391227,"391227 32W Led 12"" T9 30K",-- Unbranded --,-- No Unilog Brand --,-- No DIB Brand --,Phillips Lighting (5831),Signify N.V.,PHILIPS LIGHTING®,,391227,,,"PHILIPS LIGHTING®, Commercial Product, 391227",COMMERCIAL PRODUCT,"PHILIPS LIGHTING®, 391227, Commercial Product",PHILIPS LIGHTING® Commercial Product,"PHILIPS LIGHTING®, Commercial Product",,,,,,,,,,,,,,,,,,,,,,,,,,,"PHILIPS LIGHTING®, Commercial Product",Series,,,Model,,,Item Type,,,Voltage Rating,,,Amperage Rating,,,Dimensions,,,Mounting Type,,,Material,,,Color,,,Sound Level,,,Additional Information,,,,,,,,,,,,,,,,,,,,,,,,,,,,,,,,,,,,,,,,,,,,,,,,,,,,,,,,,,,,,,,,,,,,,,,,,,,,,,,,,,,,,,,,,,,,,,,,,,,,,,,,,,,,,,,,,,,,,,,,,,,,,,1,EA,,,,,,,,,,,,,,,,,,,,,,,,,,,,,,,,,,,,,US,No,No
https://www.lighting.philips.com/product/392225,,,,,,392225,,,,392225,392225,"392225 22W Flor 8"" T9 30k",-- Unbranded --,-- No Unilog Brand --,-- No DIB Brand --,Phillips Lighting (5831),Signify N.V.,PHILIPS LIGHTING®,,392225,,,"PHILIPS LIGHTING®, Commercial Product, 392225",COMMERCIAL PRODUCT,"PHILIPS LIGHTING®, 392225, Commercial Product",PHILIPS LIGHTING® Commercial Product,"PHILIPS LIGHTING®, Commercial Product",,,,,,,,,,,,,,,,,,,,,,,,,,,"PHILIPS LIGHTING®, Commercial Product",Series,,,Model,,,Item Type,,,Voltage Rating,,,Amperage Rating,,,Dimensions,,,Mounting Type,,,Material,,,Color,,,Sound Level,,,Additional Information,,,,,,,,,,,,,,,,,,,,,,,,,,,,,,,,,,,,,,,,,,,,,,,,,,,,,,,,,,,,,,,,,,,,,,,,,,,,,,,,,,,,,,,,,,,,,,,,,,,,,,,,,,,,,,,,,,,,,,,,,,,,,,1,EA,,,,,,,,,,,,,,,,,,,,,,,,,,,,,,,,,,,,,US,No,No
https://www.satco.com/product/S3539,,,,,,S3539,,,,S3539,S3539,S3539 20W Halogen Pin T4,-- Unbranded --,-- No Unilog Brand --,-- No DIB Brand --,Satco Prod Inc (5573),Satco Products Inc,SATCO®,,S3539,,,"SATCO®, Commercial Product, S3539",COMMERCIAL PRODUCT,"SATCO®, S3539, Commercial Product",SATCO® Commercial Product,"SATCO®, Commercial Product",,,,,,,,,,,,,,,,,,,,,,,,,,,"SATCO®, Commercial Product",Series,,,Model,,,Item Type,,,Voltage Rating,,,Amperage Rating,,,Dimensions,,,Mounting Type,,,Material,,,Color,,,Sound Level,,,Additional Information,,,,,,,,,,,,,,,,,,,,,,,,,,,,,,,,,,,,,,,,,,,,,,,,,,,,,,,,,,,,,,,,,,,,,,,,,,,,,,,,,,,,,,,,,,,,,,,,,,,,,,,,,,,,,,,,,,,,,,,,,,,,,,1,EA,,,,,,,,,,,,,,,,,,,,,,,,,,,,,,,,,,,,,US,No,No
https://www.satco.com/product/S3496,,,,,,S3496,,,,S3496,S3496,S3496 300W Halogen T3 Bulb,-- Unbranded --,-- No Unilog Brand --,-- No DIB Brand --,Satco Prod Inc (5573),Satco Products Inc,SATCO®,,S3496,,,"SATCO®, Commercial Product, S3496",COMM PRODUCT 120 V 88 CASE WIDTH 18,"SATCO®, S3496, Commercial Product","SATCO® Commercial Product, 120 V, S3496 300T3Q/CL/L 118MM CARDED 120V S349 A, 88 Case Width 18","SATCO®, Commercial Product",,,,,,,,,,,,,,,,,,,,,,,,,,,"SATCO®, Commercial Product",Series,,,Model,,,Item Type,,,Voltage Rating,120,V,Amperage Rating,S3496 300T3Q/CL/L 118MM CARDED 120V S349,,Dimensions,88 Case Width 18,,Mounting Type,,,Material,,,Color,,,Sound Level,,,Additional Information,,,,,,,,,,,,,,,,,,,,,,,,,,,,,,,,,,,,,,,,,,,,,,,,,,,,,,,,,,,,,,,,,,,,,,,,,,,,,,,,,,,,,,,,,,,,,,,,,,,,,,,,,,,,,,,,,,,,,,,,,,,,,,1,EA,,,,,,,,,,,,,,,,,,,,,,,,,,,,,,,,,,,,,US,No,No
https://www.lighting.philips.com/product/467316,,,,,,467316,,,,467316,467316,467316 150W Sodium Med 21k,-- Unbranded --,-- No Unilog Brand --,-- No DIB Brand --,Phillips Lighting (5831),Signify N.V.,PHILIPS LIGHTING®,,467316,,,"PHILIPS LIGHTING®, Commercial Product, 467316",COMMERCIAL PRODUCT,"PHILIPS LIGHTING®, 467316, Commercial Product",PHILIPS LIGHTING® Commercial Product,"PHILIPS LIGHTING®, Commercial Product",,,,,,,,,,,,,,,,,,,,,,,,,,,"PHILIPS LIGHTING®, Commercial Product",Series,,,Model,,,Item Type,,,Voltage Rating,,,Amperage Rating,,,Dimensions,,,Mounting Type,,,Material,,,Color,,,Sound Level,,,Additional Information,,,,,,,,,,,,,,,,,,,,,,,,,,,,,,,,,,,,,,,,,,,,,,,,,,,,,,,,,,,,,,,,,,,,,,,,,,,,,,,,,,,,,,,,,,,,,,,,,,,,,,,,,,,,,,,,,,,,,,,,,,,,,,1,EA,,,,,,,,,,,,,,,,,,,,,,,,,,,,,,,,,,,,,US,No,No
https://www.satco.com/product/S3709,,,,,,S3709,,,,S3709,S3709,S3709 25W Incan 27K,-- Unbranded --,-- No Unilog Brand --,-- No DIB Brand --,Satco Prod Inc (5573),Satco Products Inc,SATCO®,,S3709,,,"SATCO®, Commercial Product, S3709",COMMERCIAL PRODUCT 19 CASE WIDTH 13,"SATCO®, S3709, Commercial Product","SATCO® Commercial Product, 5/CL/E17/130V CARDED 25 Watt T6 1/2 Inca A, 19 Case Width 13","SATCO®, Commercial Product",,,,,,,,,,,,,,,,,,,,,,,,,,,"SATCO®, Commercial Product",Series,,,Model,,,Item Type,,,Voltage Rating,,,Amperage Rating,5/CL/E17/130V CARDED 25 Watt T6 1/2 Inca,,Dimensions,19 Case Width 13,,Mounting Type,,,Material,,,Color,,,Sound Level,,,Additional Information,,,,,,,,,,,,,,,,,,,,,,,,,,,,,,,,,,,,,,,,,,,,,,,,,,,,,,,,,,,,,,,,,,,,,,,,,,,,,,,,,,,,,,,,,,,,,,,,,,,,,,,,,,,,,,,,,,,,,,,,,,,,,,1,EA,,,,,,,,,,,,,,,,,,,,,,,,,,,,,,,,,,,,,US,No,No
https://www.satco.com/product/S4720,,,,,,S4720,,,,S4720,S4720,S4720 25W Incan 27K,-- Unbranded --,-- No Unilog Brand --,-- No DIB Brand --,Satco Prod Inc (5573),Satco Products Inc,SATCO®,,S4720,,,"SATCO®, Commercial Product, S4720",COMMERCIAL PRODUCT 0 CASE WIDTH 11,"SATCO®, S4720, Commercial Product","SATCO® Commercial Product, 5A, 0 Case Width 11","SATCO®, Commercial Product",,,,,,,,,,,,,,,,,,,,,,,,,,,"SATCO®, Commercial Product",Series,,,Model,,,Item Type,,,Voltage Rating,,,Amperage Rating,5,A,Dimensions,0 Case Width 11,,Mounting Type,,,Material,,,Color,,,Sound Level,,,Additional Information,,,,,,,,,,,,,,,,,,,,,,,,,,,,,,,,,,,,,,,,,,,,,,,,,,,,,,,,,,,,,,,,,,,,,,,,,,,,,,,,,,,,,,,,,,,,,,,,,,,,,,,,,,,,,,,,,,,,,,,,,,,,,,1,EA,,,,,,,,,,,,,,,,,,,,,,,,,,,,,,,,,,,,,US,No,No
https://www.satco.com/product/S3720,,,,,,S3720,,,,S3720,S3720,S3720 40w Inc A15 Med 26k,-- Unbranded --,-- No Unilog Brand --,-- No DIB Brand --,Satco Prod Inc (5573),Satco Products Inc,SATCO®,,S3720,,,"SATCO®, Commercial Product, S3720",COMM PRODUCT 130/120 V 35 CASE WIDTH 19,"SATCO®, S3720, Commercial Product","SATCO® Commercial Product, 130/120 V, S3720 40W A15 APPLIANCE CLR S3720 40W A1 A, 35 Case Width 19","SATCO®, Commercial Product",,,,,,,,,,,,,,,,,,,,,,,,,,,"SATCO®, Commercial Product",Series,,,Model,,,Item Type,,,Voltage Rating,130/120,V,Amperage Rating,S3720 40W A15 APPLIANCE CLR S3720 40W A1,,Dimensions,35 Case Width 19,,Mounting Type,,,Material,,,Color,,,Sound Level,,,Additional Information,,,,,,,,,,,,,,,,,,,,,,,,,,,,,,,,,,,,,,,,,,,,,,,,,,,,,,,,,,,,,,,,,,,,,,,,,,,,,,,,,,,,,,,,,,,,,,,,,,,,,,,,,,,,,,,,,,,,,,,,,,,,,,1,EA,,,,,,,,,,,,,,,,,,,,,,,,,,,,,,,,,,,,,US,No,No
https://www.satco.com/product/S3702,,,,,,S3702,,,,S3702,S3702,S3702 40W Incan Med 27K,-- Unbranded --,-- No Unilog Brand --,-- No DIB Brand --,Satco Prod Inc (5573),Satco Products Inc,SATCO®,,S3702,,,"SATCO®, Light Bulb, S3702",LIGHT BULB 120 V 19 CASE WIDTH 15,"SATCO®, S3702, Light Bulb","SATCO® Light Bulb, 120 V, S3702 40W T10 CLEAR CARDED MED BASE S370 A, 19 Case Width 15","SATCO®, Light Bulb",,,,,,,,,,,,,,,,,,,,,,,,,,,Light Bulb,Series,,,Model,,,Item Type,,,Voltage Rating,120,V,Amperage Rating,S3702 40W T10 CLEAR CARDED MED BASE S370,,Dimensions,19 Case Width 15,,Mounting Type,,,Material,,,Color,Clear,,Sound Level,,,Additional Information,,,,,,,,,,,,,,,wattage,40W,,cct,2700K,,candela,280 Lumens,,lamp_base,Medium base,,filament_type,C-5V,,dimmable,Yes,,operating_position,Universal,,lamp_type,T10 MOD,,color_temp,Warm White,,cri,100,,average_rated_hours,2000,,lumen_output,280,,beam_angle,360,,amps,0.333,A,lensed,Yes,,status,Active,,ca_prop_65,Lead,,rohs_compliant,Yes,,safety_listing,CSAus,,california_ban,Present,,,,,,,,,,,,,,,,,,,,,,,,,,,,,,,,,,,,,,,,,,,,,,,,,,,,,1,EA,,,,,,,,,,,,,,,,,,,,,,,,,,,,,,,,,,,,,US,No,No
https://www.satco.com/product/S3703,,,,,,S3703,,,,S3703,S3703,S3703 40W Incan Med 27K,-- Unbranded --,-- No Unilog Brand --,-- No DIB Brand --,Satco Prod Inc (5573),Satco Products Inc,SATCO®,,S3703,,,"SATCO®, Commercial Product, S3703",COMM PRODUCT 120 V 19 CASE WIDTH 15,"SATCO®, S3703, Commercial Product","SATCO® Commercial Product, 120 V, S3703 40W T10 STD FROST CARDED S3703 40W A, 19 Case Width 15","SATCO®, Commercial Product",,,,,,,,,,,,,,,,,,,,,,,,,,,"SATCO®, Commercial Product",Series,,,Model,,,Item Type,,,Voltage Rating,120,V,Amperage Rating,S3703 40W T10 STD FROST CARDED S3703 40W,,Dimensions,19 Case Width 15,,Mounting Type,,,Material,,,Color,,,Sound Level,,,Additional Information,,,,,,,,,,,,,,,,,,,,,,,,,,,,,,,,,,,,,,,,,,,,,,,,,,,,,,,,,,,,,,,,,,,,,,,,,,,,,,,,,,,,,,,,,,,,,,,,,,,,,,,,,,,,,,,,,,,,,,,,,,,,,,1,EA,,,,,,,,,,,,,,,,,,,,,,,,,,,,,,,,,,,,,US,No,No
https://www.satco.com/product/S3797,,,,,,S3797,,,,S3797,S3797,S3797 4W Incan Cand 27K 2pk,-- Unbranded --,-- No Unilog Brand --,-- No DIB Brand --,Satco Prod Inc (5573),Satco Products Inc,SATCO®,,S3797,,,"SATCO®, Commercial Product, S3797",COMM PRODUCT 120 V 49 CASE WIDTH 18,"SATCO®, S3797, Commercial Product","SATCO® Commercial Product, 120 V, 7A, 49 Case Width 18","SATCO®, Commercial Product",,,,,,,,,,,,,,,,,,,,,,,,,,,"SATCO®, Commercial Product",Series,,,Model,,,Item Type,,,Voltage Rating,120,V,Amperage Rating,7,A,Dimensions,49 Case Width 18,,Mounting Type,,,Material,,,Color,,,Sound Level,,,Additional Information,,,,,,,,,,,,,,,PackQuantity,2 PK,,,,,,,,,,,,,,,,,,,,,,,,,,,,,,,,,,,,,,,,,,,,,,,,,,,,,,,,,,,,,,,,,,,,,,,,,,,,,,,,,,,,,,,,,,,,,,,,,,,,,,,,,,,,,,1,EA,,,,,,,,,,,,,,,,,,,,,,,,,,,,,,,,,,,,,US,No,No
https://www.satco.com/product/S4724,,,,,,S4724,,,,S4724,S4724,S4724 4W Incan Cand 27K 4pk,-- Unbranded --,-- No Unilog Brand --,-- No DIB Brand --,Satco Prod Inc (5573),Satco Products Inc,SATCO®,,S4724,,,"SATCO®, Commercial Product, S4724",COMMERCIAL PRODUCT 120 V 54 CASE WIDTH 9,"SATCO®, S4724, Commercial Product","SATCO® Commercial Product, 120 V, 7A, 54 Case Width 9","SATCO®, Commercial Product",,,,,,,,,,,,,,,,,,,,,,,,,,,"SATCO®, Commercial Product",Series,,,Model,,,Item Type,,,Voltage Rating,120,V,Amperage Rating,7,A,Dimensions,54 Case Width 9,,Mounting Type,,,Material,,,Color,,,Sound Level,,,Additional Information,,,,,,,,,,,,,,,PackQuantity,4 PK,,,,,,,,,,,,,,,,,,,,,,,,,,,,,,,,,,,,,,,,,,,,,,,,,,,,,,,,,,,,,,,,,,,,,,,,,,,,,,,,,,,,,,,,,,,,,,,,,,,,,,,,,,,,,,1,EA,,,,,,,,,,,,,,,,,,,,,,,,,,,,,,,,,,,,,US,No,No
https://www.satco.com/product/S4717,,,,,,S4717,,,,S4717,S4717,S4717 6W Incan Cand 27k 2pk,-- Unbranded --,-- No Unilog Brand --,-- No DIB Brand --,Satco Prod Inc (5573),Satco Products Inc,SATCO®,,S4717,,,"SATCO®, Commercial Product, S4717",COMMERCIAL PRODUCT 82 CASE WIDTH 12,"SATCO®, S4717, Commercial Product","SATCO® Commercial Product, 7A, 82 Case Width 12","SATCO®, Commercial Product",,,,,,,,,,,,,,,,,,,,,,,,,,,"SATCO®, Commercial Product",Series,,,Model,,,Item Type,,,Voltage Rating,,,Amperage Rating,7,A,Dimensions,82 Case Width 12,,Mounting Type,,,Material,,,Color,,,Sound Level,,,Additional Information,,,,,,,,,,,,,,,PackQuantity,2 PK,,,,,,,,,,,,,,,,,,,,,,,,,,,,,,,,,,,,,,,,,,,,,,,,,,,,,,,,,,,,,,,,,,,,,,,,,,,,,,,,,,,,,,,,,,,,,,,,,,,,,,,,,,,,,,1,EA,,,,,,,,,,,,,,,,,,,,,,,,,,,,,,,,,,,,,US,No,No
https://www.satco.com/product/S3794,,,,,,S3794,,,,S3794,S3794,S3794 7W Incan Med 27K,-- Unbranded --,-- No Unilog Brand --,-- No DIB Brand --,Satco Prod Inc (5573),Satco Products Inc,SATCO®,,S3794,,,"SATCO®, Commercial Product, S3794",COMM PRODUCT 120 V 99 CASE WIDTH 17,"SATCO®, S3794, Commercial Product","SATCO® Commercial Product, 120 V, 5 Watt S11 Incandescent Clear 2500 Avera A, 99 Case Width 17","SATCO®, Commercial Product",,,,,,,,,,,,,,,,,,,,,,,,,,,"SATCO®, Commercial Product",Series,,,Model,,,Item Type,,,Voltage Rating,120,V,Amperage Rating,5 Watt S11 Incandescent Clear 2500 Avera,,Dimensions,99 Case Width 17,,Mounting Type,,,Material,,,Color,,,Sound Level,,,Additional Information,,,,,,,,,,,,,,,,,,,,,,,,,,,,,,,,,,,,,,,,,,,,,,,,,,,,,,,,,,,,,,,,,,,,,,,,,,,,,,,,,,,,,,,,,,,,,,,,,,,,,,,,,,,,,,,,,,,,,,,,,,,,,,1,EA,,,,,,,,,,,,,,,,,,,,,,,,,,,,,,,,,,,,,US,No,No
https://www.satco.com/product/S3795,,,,,,S3795,,,,S3795,S3795,S3795 7W Incan Med 27K,-- Unbranded --,-- No Unilog Brand --,-- No DIB Brand --,Satco Prod Inc (5573),Satco Products Inc,SATCO®,,S3795,,,"SATCO®, Commercial Product, S3795",COMMERCIAL PRODUCT,"SATCO®, S3795, Commercial Product",SATCO® Commercial Product,"SATCO®, Commercial Product",,,,,,,,,,,,,,,,,,,,,,,,,,,"SATCO®, Commercial Product",Series,,,Model,,,Item Type,,,Voltage Rating,,,Amperage Rating,,,Dimensions,,,Mounting Type,,,Material,,,Color,,,Sound Level,,,Additional Information,,,,,,,,,,,,,,,,,,,,,,,,,,,,,,,,,,,,,,,,,,,,,,,,,,,,,,,,,,,,,,,,,,,,,,,,,,,,,,,,,,,,,,,,,,,,,,,,,,,,,,,,,,,,,,,,,,,,,,,,,,,,,,1,EA,,,,,,,,,,,,,,,,,,,,,,,,,,,,,,,,,,,,,US,No,No
https://www.satco.com/product/S4726,,,,,,S4726,,,,S4726,S4726,S4726 7W Incan Cand 27K 4pk,-- Unbranded --,-- No Unilog Brand --,-- No DIB Brand --,Satco Prod Inc (5573),Satco Products Inc,SATCO®,,S4726,,,"SATCO®, Commercial Product, S4726",COMMERCIAL PRODUCT 120 V 5 CASE WIDTH 9,"SATCO®, S4726, Commercial Product","SATCO® Commercial Product, 120 V, 7A, 5 Case Width 9","SATCO®, Commercial Product",,,,,,,,,,,,,,,,,,,,,,,,,,,"SATCO®, Commercial Product",Series,,,Model,,,Item Type,,,Voltage Rating,120,V,Amperage Rating,7,A,Dimensions,5 Case Width 9,,Mounting Type,,,Material,,,Color,,,Sound Level,,,Additional Information,,,,,,,,,,,,,,,PackQuantity,4 PK,,,,,,,,,,,,,,,,,,,,,,,,,,,,,,,,,,,,,,,,,,,,,,,,,,,,,,,,,,,,,,,,,,,,,,,,,,,,,,,,,,,,,,,,,,,,,,,,,,,,,,,,,,,,,,1,EA,,,,,,,,,,,,,,,,,,,,,,,,,,,,,,,,,,,,,US,No,No
https://www.satco.com/product/S11429,,,,,,S11429,,,,S11429,S11429,S11429 60W Led Bulb 27K,-- Unbranded --,-- No Unilog Brand --,-- No DIB Brand --,Satco Prod Inc (5573),Satco Products Inc,SATCO®,,S11429,,,"SATCO®, Commercial Product, S11429",COMM PRODUCT 120 V 91 CASE WIDTH 11,"SATCO®, S11429, Commercial Product","SATCO® Commercial Product, 120 V, Beam Angle 120 Volt S11429 Specification A, 91 Case Width 11","SATCO®, Commercial Product",,,,,,,,,,,,,,,,,,,,,,,,,,,"SATCO®, Commercial Product",Series,,,Model,,,Item Type,,,Voltage Rating,120,V,Amperage Rating,Beam Angle 120 Volt S11429 Specification,,Dimensions,91 Case Width 11,,Mounting Type,,,Material,,,Color,,,Sound Level,,,Additional Information,,,,,,,,,,,,,,,,,,,,,,,,,,,,,,,,,,,,,,,,,,,,,,,,,,,,,,,,,,,,,,,,,,,,,,,,,,,,,,,,,,,,,,,,,,,,,,,,,,,,,,,,,,,,,,,,,,,,,,,,,,,,,,1,EA,,,,,,,,,,,,,,,,,,,,,,,,,,,,,,,,,,,,,US,No,No
https://www.satco.com/product/S21354,,,,,,S21354,,,,S21354,S21354,S21354 8W Led T9 Med 27k,-- Unbranded --,-- No Unilog Brand --,-- No DIB Brand --,Satco Prod Inc (5573),Satco Products Inc,SATCO®,,S21354,,,"SATCO®, Commercial Product, S21354",COMMERCIAL PRODUCT,"SATCO®, S21354, Commercial Product",SATCO® Commercial Product,"SATCO®, Commercial Product",,,,,,,,,,,,,,,,,,,,,,,,,,,"SATCO®, Commercial Product",Series,,,Model,,,Item Type,,,Voltage Rating,,,Amperage Rating,,,Dimensions,,,Mounting Type,,,Material,,,Color,,,Sound Level,,,Additional Information,,,,,,,,,,,,,,,,,,,,,,,,,,,,,,,,,,,,,,,,,,,,,,,,,,,,,,,,,,,,,,,,,,,,,,,,,,,,,,,,,,,,,,,,,,,,,,,,,,,,,,,,,,,,,,,,,,,,,,,,,,,,,,1,EA,,,,,,,,,,,,,,,,,,,,,,,,,,,,,,,,,,,,,US,No,No
https://www.satco.com/product/S21363,,,,,,S21363,,,,S21363,S21363,S21363 8W Led Edison ST19 27K,-- Unbranded --,-- No Unilog Brand --,-- No DIB Brand --,Satco Prod Inc (5573),Satco Products Inc,SATCO®,,S21363,,,"SATCO®, Commercial Product, S21363",COMMERCIAL PRODUCT,"SATCO®, S21363, Commercial Product",SATCO® Commercial Product,"SATCO®, Commercial Product",,,,,,,,,,,,,,,,,,,,,,,,,,,"SATCO®, Commercial Product",Series,,,Model,,,Item Type,,,Voltage Rating,,,Amperage Rating,,,Dimensions,,,Mounting Type,,,Material,,,Color,,,Sound Level,,,Additional Information,,,,,,,,,,,,,,,,,,,,,,,,,,,,,,,,,,,,,,,,,,,,,,,,,,,,,,,,,,,,,,,,,,,,,,,,,,,,,,,,,,,,,,,,,,,,,,,,,,,,,,,,,,,,,,,,,,,,,,,,,,,,,,1,EA,,,,,,,,,,,,,,,,,,,,,,,,,,,,,,,,,,,,,US,No,No
https://www.satco.com/product/S11445,,,,,,S11445,,,,S11445,S11445,S11445 12W Led Med 30k Motion,-- Unbranded --,-- No Unilog Brand --,-- No DIB Brand --,Satco Prod Inc (5573),Satco Products Inc,SATCO®,,S11445,,,"SATCO®, Commercial Product, S11445",COMMERCIAL PRODUCT,"SATCO®, S11445, Commercial Product",SATCO® Commercial Product,"SATCO®, Commercial Product",,,,,,,,,,,,,,,,,,,,,,,,,,,"SATCO®, Commercial Product",Series,,,Model,,,Item Type,,,Voltage Rating,,,Amperage Rating,,,Dimensions,,,Mounting Type,,,Material,,,Color,,,Sound Level,,,Additional Information,,,,,,,,,,,,,,,,,,,,,,,,,,,,,,,,,,,,,,,,,,,,,,,,,,,,,,,,,,,,,,,,,,,,,,,,,,,,,,,,,,,,,,,,,,,,,,,,,,,,,,,,,,,,,,,,,,,,,,,,,,,,,,1,EA,,,,,,,,,,,,,,,,,,,,,,,,,,,,,,,,,,,,,US,No,No
https://www.lighting.philips.com/product/567313,,,,,,567313,,,,567313,567313,567313 50W Led MR16 30K 3pk,-- Unbranded --,-- No Unilog Brand --,-- No DIB Brand --,Phillips Lighting (5831),Signify N.V.,PHILIPS LIGHTING®,,567313,,,"PHILIPS LIGHTING®, Commercial Product, 567313",COMMERCIAL PRODUCT,"PHILIPS LIGHTING®, 567313, Commercial Product",PHILIPS LIGHTING® Commercial Product,"PHILIPS LIGHTING®, Commercial Product",,,,,,,,,,,,,,,,,,,,,,,,,,,"PHILIPS LIGHTING®, Commercial Product",Series,,,Model,,,Item Type,,,Voltage Rating,,,Amperage Rating,,,Dimensions,,,Mounting Type,,,Material,,,Color,,,Sound Level,,,Additional Information,,,,,,,,,,,,,,,PackQuantity,3 PK,,,,,,,,,,,,,,,,,,,,,,,,,,,,,,,,,,,,,,,,,,,,,,,,,,,,,,,,,,,,,,,,,,,,,,,,,,,,,,,,,,,,,,,,,,,,,,,,,,,,,,,,,,,,,,1,EA,,,,,,,,,,,,,,,,,,,,,,,,,,,,,,,,,,,,,US,No,No
https://www.ustape.com/product/586875,,,,,,586875,,,,586875,586875,586875 60W Led Multi CCT 4pk,-- Unbranded --,-- No Unilog Brand --,-- No DIB Brand --,Phillips Lighting (5831),U.S. Tape Company,U.S. TAPE®,,586875,,,"U.S. TAPE®, Commercial Product, 586875",COMMERCIAL PRODUCT,"U.S. TAPE®, 586875, Commercial Product",U.S. TAPE® Commercial Product,"U.S. TAPE®, Commercial Product",,,,,,,,,,,,,,,,,,,,,,,,,,,"U.S. TAPE®, Commercial Product",Series,,,Model,,,Item Type,,,Voltage Rating,,,Amperage Rating,,,Dimensions,,,Mounting Type,,,Material,,,Color,,,Sound Level,,,Additional Information,,,,,,,,,,,,,,,PackQuantity,4 PK,,,,,,,,,,,,,,,,,,,,,,,,,,,,,,,,,,,,,,,,,,,,,,,,,,,,,,,,,,,,,,,,,,,,,,,,,,,,,,,,,,,,,,,,,,,,,,,,,,,,,,,,,,,,,,1,EA,,,,,,,,,,,,,,,,,,,,,,,,,,,,,,,,,,,,,US,No,No
https://www.festoolusa.com/product/576355,,,,,,576355,,,,576355,576355,576355 60/100/150 Led Med 50k,-- Unbranded --,-- No Unilog Brand --,-- No DIB Brand --,Phillips Lighting (5831),Festool GmbH,FESTOOL®,,576355,,,"FESTOOL®, Commercial Product, 576355",COMMERCIAL PRODUCT,"FESTOOL®, 576355, Commercial Product",FESTOOL® Commercial Product,"FESTOOL®, Commercial Product",,,,,,,,,,,,,,,,,,,,,,,,,,,"FESTOOL®, Commercial Product",Series,,,Model,,,Item Type,,,Voltage Rating,,,Amperage Rating,,,Dimensions,,,Mounting Type,,,Material,,,Color,,,Sound Level,,,Additional Information,,,,,,,,,,,,,,,,,,,,,,,,,,,,,,,,,,,,,,,,,,,,,,,,,,,,,,,,,,,,,,,,,,,,,,,,,,,,,,,,,,,,,,,,,,,,,,,,,,,,,,,,,,,,,,,,,,,,,,,,,,,,,,1,EA,,,,,,,,,,,,,,,,,,,,,,,,,,,,,,,,,,,,,US,No,No
https://www.festoolusa.com/product/576363,,,,,,576363,,,,576363,576363,576363 100/150/200 Led Med 27k,-- Unbranded --,-- No Unilog Brand --,-- No DIB Brand --,Phillips Lighting (5831),Festool GmbH,FESTOOL®,,576363,,,"FESTOOL®, Commercial Product, 576363",COMMERCIAL PRODUCT,"FESTOOL®, 576363, Commercial Product",FESTOOL® Commercial Product,"FESTOOL®, Commercial Product",,,,,,,,,,,,,,,,,,,,,,,,,,,"FESTOOL®, Commercial Product",Series,,,Model,,,Item Type,,,Voltage Rating,,,Amperage Rating,,,Dimensions,,,Mounting Type,,,Material,,,Color,,,Sound Level,,,Additional Information,,,,,,,,,,,,,,,,,,,,,,,,,,,,,,,,,,,,,,,,,,,,,,,,,,,,,,,,,,,,,,,,,,,,,,,,,,,,,,,,,,,,,,,,,,,,,,,,,,,,,,,,,,,,,,,,,,,,,,,,,,,,,,1,EA,,,,,,,,,,,,,,,,,,,,,,,,,,,,,,,,,,,,,US,No,No
https://www.lighting.philips.com/product/565374,,,,,,565374,,,,565374,565374,565374 75W Led A19 Med 27k 4pk,-- Unbranded --,-- No Unilog Brand --,-- No DIB Brand --,Phillips Lighting (5831),Signify N.V.,PHILIPS LIGHTING®,,565374,,,"PHILIPS LIGHTING®, Commercial Product, 565374",COMMERCIAL PRODUCT,"PHILIPS LIGHTING®, 565374, Commercial Product",PHILIPS LIGHTING® Commercial Product,"PHILIPS LIGHTING®, Commercial Product",,,,,,,,,,,,,,,,,,,,,,,,,,,"PHILIPS LIGHTING®, Commercial Product",Series,,,Model,,,Item Type,,,Voltage Rating,,,Amperage Rating,,,Dimensions,,,Mounting Type,,,Material,,,Color,,,Sound Level,,,Additional Information,,,,,,,,,,,,,,,PackQuantity,4 PK,,,,,,,,,,,,,,,,,,,,,,,,,,,,,,,,,,,,,,,,,,,,,,,,,,,,,,,,,,,,,,,,,,,,,,,,,,,,,,,,,,,,,,,,,,,,,,,,,,,,,,,,,,,,,,1,EA,,,,,,,,,,,,,,,,,,,,,,,,,,,,,,,,,,,,,US,No,No
https://www.lighting.philips.com/product/565390,,,,,,565390,,,,565390,565390,565390 75W Led A19 Med 50k 4pk,-- Unbranded --,-- No Unilog Brand --,-- No DIB Brand --,Phillips Lighting (5831),Signify N.V.,PHILIPS LIGHTING®,,565390,,,"PHILIPS LIGHTING®, Commercial Product, 565390",COMMERCIAL PRODUCT,"PHILIPS LIGHTING®, 565390, Commercial Product",PHILIPS LIGHTING® Commercial Product,"PHILIPS LIGHTING®, Commercial Product",,,,,,,,,,,,,,,,,,,,,,,,,,,"PHILIPS LIGHTING®, Commercial Product",Series,,,Model,,,Item Type,,,Voltage Rating,,,Amperage Rating,,,Dimensions,,,Mounting Type,,,Material,,,Color,,,Sound Level,,,Additional Information,,,,,,,,,,,,,,,PackQuantity,4 PK,,,,,,,,,,,,,,,,,,,,,,,,,,,,,,,,,,,,,,,,,,,,,,,,,,,,,,,,,,,,,,,,,,,,,,,,,,,,,,,,,,,,,,,,,,,,,,,,,,,,,,,,,,,,,,1,EA,,,,,,,,,,,,,,,,,,,,,,,,,,,,,,,,,,,,,US,No,No
https://www.festoolusa.com/product/576371,,,,,,576371,,,,576371,576371,576371 100/150/200 Led Med 50k,-- Unbranded --,-- No Unilog Brand --,-- No DIB Brand --,Phillips Lighting (5831),Festool GmbH,FESTOOL®,,576371,,,"FESTOOL®, Commercial Product, 576371",COMMERCIAL PRODUCT,"FESTOOL®, 576371, Commercial Product",FESTOOL® Commercial Product,"FESTOOL®, Commercial Product",,,,,,,,,,,,,,,,,,,,,,,,,,,"FESTOOL®, Commercial Product",Series,,,Model,,,Item Type,,,Voltage Rating,,,Amperage Rating,,,Dimensions,,,Mounting Type,,,Material,,,Color,,,Sound Level,,,Additional Information,,,,,,,,,,,,,,,,,,,,,,,,,,,,,,,,,,,,,,,,,,,,,,,,,,,,,,,,,,,,,,,,,,,,,,,,,,,,,,,,,,,,,,,,,,,,,,,,,,,,,,,,,,,,,,,,,,,,,,,,,,,,,,1,EA,,,,,,,,,,,,,,,,,,,,,,,,,,,,,,,,,,,,,US,No,No
https://www.festoolusa.com/product/576496,,,,,,576496,,,,576496,576496,576496 45W Led R20 Med 27k,-- Unbranded --,-- No Unilog Brand --,-- No DIB Brand --,Phillips Lighting (5831),Festool GmbH,FESTOOL®,,576496,,,"FESTOOL®, Commercial Product, 576496",COMMERCIAL PRODUCT,"FESTOOL®, 576496, Commercial Product",FESTOOL® Commercial Product,"FESTOOL®, Commercial Product",,,,,,,,,,,,,,,,,,,,,,,,,,,"FESTOOL®, Commercial Product",Series,,,Model,,,Item Type,,,Voltage Rating,,,Amperage Rating,,,Dimensions,,,Mounting Type,,,Material,,,Color,,,Sound Level,,,Additional Information,,,,,,,,,,,,,,,,,,,,,,,,,,,,,,,,,,,,,,,,,,,,,,,,,,,,,,,,,,,,,,,,,,,,,,,,,,,,,,,,,,,,,,,,,,,,,,,,,,,,,,,,,,,,,,,,,,,,,,,,,,,,,,1,EA,,,,,,,,,,,,,,,,,,,,,,,,,,,,,,,,,,,,,US,No,No
https://www.lighting.philips.com/product/564856,,,,,,564856,,,,564856,564856,564856 40W Led ST19 27k 2pk,-- Unbranded --,-- No Unilog Brand --,-- No DIB Brand --,Phillips Lighting (5831),Signify N.V.,PHILIPS LIGHTING®,,564856,,,"PHILIPS LIGHTING®, Commercial Product, 564856",COMMERCIAL PRODUCT,"PHILIPS LIGHTING®, 564856, Commercial Product",PHILIPS LIGHTING® Commercial Product,"PHILIPS LIGHTING®, Commercial Product",,,,,,,,,,,,,,,,,,,,,,,,,,,"PHILIPS LIGHTING®, Commercial Product",Series,,,Model,,,Item Type,,,Voltage Rating,,,Amperage Rating,,,Dimensions,,,Mounting Type,,,Material,,,Color,,,Sound Level,,,Additional Information,,,,,,,,,,,,,,,PackQuantity,2 PK,,,,,,,,,,,,,,,,,,,,,,,,,,,,,,,,,,,,,,,,,,,,,,,,,,,,,,,,,,,,,,,,,,,,,,,,,,,,,,,,,,,,,,,,,,,,,,,,,,,,,,,,,,,,,,1,EA,,,,,,,,,,,,,,,,,,,,,,,,,,,,,,,,,,,,,US,No,No
https://www.lighting.philips.com/product/565796,,,,,,565796,,,,565796,565796,565796 60W Led A19 Med 20k,-- Unbranded --,-- No Unilog Brand --,-- No DIB Brand --,Phillips Lighting (5831),Signify N.V.,PHILIPS LIGHTING®,,565796,,,"PHILIPS LIGHTING®, Commercial Product, 565796",COMMERCIAL PRODUCT,"PHILIPS LIGHTING®, 565796, Commercial Product",PHILIPS LIGHTING® Commercial Product,"PHILIPS LIGHTING®, Commercial Product",,,,,,,,,,,,,,,,,,,,,,,,,,,"PHILIPS LIGHTING®, Commercial Product",Series,,,Model,,,Item Type,,,Voltage Rating,,,Amperage Rating,,,Dimensions,,,Mounting Type,,,Material,,,Color,,,Sound Level,,,Additional Information,,,,,,,,,,,,,,,,,,,,,,,,,,,,,,,,,,,,,,,,,,,,,,,,,,,,,,,,,,,,,,,,,,,,,,,,,,,,,,,,,,,,,,,,,,,,,,,,,,,,,,,,,,,,,,,,,,,,,,,,,,,,,,1,EA,,,,,,,,,,,,,,,,,,,,,,,,,,,,,,,,,,,,,US,No,No
https://www.festoolusa.com/product/576389,,,,,,576389,,,,576389,576389,576389 100/200/300 Led Med 27k,-- Unbranded --,-- No Unilog Brand --,-- No DIB Brand --,Phillips Lighting (5831),Festool GmbH,FESTOOL®,,576389,,,"FESTOOL®, Light Bulb, 576389",LIGHT BULB,"FESTOOL®, 576389, Light Bulb",FESTOOL® Light Bulb,"FESTOOL®, Light Bulb",,,,,,,,,,,,,,,,,,,,,,,,,,,Light Bulb,Series,,,Model,,,Item Type,,,Voltage Rating,,,Amperage Rating,,,Dimensions,,,Mounting Type,,,Material,,,Color,,,Sound Level,,,Additional Information,,,,,,,,,,,,,,,led_type,Med,,color_temperature,27k,,quantity_options,100/200/300,,,,,,,,,,,,,,,,,,,,,,,,,,,,,,,,,,,,,,,,,,,,,,,,,,,,,,,,,,,,,,,,,,,,,,,,,,,,,,,,,,,,,,,,,,,,,,,,,,,,,,,,1,EA,,,,,,,,,,,,,,,,,,,,,,,,,,,,,,,,,,,,,US,No,No
https://www.lighting.philips.com/product/564492,,,,,,564492,,,,564492,564492,564492 75W Adj Base 27k 3pk,-- Unbranded --,-- No Unilog Brand --,-- No DIB Brand --,Phillips Lighting (5831),Signify N.V.,PHILIPS LIGHTING®,,564492,,,"PHILIPS LIGHTING®, Commercial Product, 564492",COMMERCIAL PRODUCT,"PHILIPS LIGHTING®, 564492, Commercial Product",PHILIPS LIGHTING® Commercial Product,"PHILIPS LIGHTING®, Commercial Product",,,,,,,,,,,,,,,,,,,,,,,,,,,"PHILIPS LIGHTING®, Commercial Product",Series,,,Model,,,Item Type,,,Voltage Rating,,,Amperage Rating,,,Dimensions,,,Mounting Type,,,Material,,,Color,,,Sound Level,,,Additional Information,,,,,,,,,,,,,,,PackQuantity,3 PK,,,,,,,,,,,,,,,,,,,,,,,,,,,,,,,,,,,,,,,,,,,,,,,,,,,,,,,,,,,,,,,,,,,,,,,,,,,,,,,,,,,,,,,,,,,,,,,,,,,,,,,,,,,,,,1,EA,,,,,,,,,,,,,,,,,,,,,,,,,,,,,,,,,,,,,US,No,No
https://www.lighting.philips.com/product/603449,,,,,,603449,,,,603449,603449,603449 Wiz 60W Led Med Clr Ch,-- Unbranded --,-- No Unilog Brand --,-- No DIB Brand --,Phillips Lighting (5831),Signify N.V.,PHILIPS LIGHTING®,,603449,,,"PHILIPS LIGHTING®, Commercial Product, 603449",COMMERCIAL PRODUCT,"PHILIPS LIGHTING®, 603449, Commercial Product",PHILIPS LIGHTING® Commercial Product,"PHILIPS LIGHTING®, Commercial Product",,,,,,,,,,,,,,,,,,,,,,,,,,,"PHILIPS LIGHTING®, Commercial Product",Series,,,Model,,,Item Type,,,Voltage Rating,,,Amperage Rating,,,Dimensions,,,Mounting Type,,,Material,,,Color,,,Sound Level,,,Additional Information,,,,,,,,,,,,,,,,,,,,,,,,,,,,,,,,,,,,,,,,,,,,,,,,,,,,,,,,,,,,,,,,,,,,,,,,,,,,,,,,,,,,,,,,,,,,,,,,,,,,,,,,,,,,,,,,,,,,,,,,,,,,,,1,EA,,,,,,,,,,,,,,,,,,,,,,,,,,,,,,,,,,,,,US,No,No
https://www.ustape.com/product/586909,,,,,,586909,,,,586909,586909,586909 Led 60W Med A19 27K,-- Unbranded --,-- No Unilog Brand --,-- No DIB Brand --,Phillips Lighting (5831),U.S. Tape Company,U.S. TAPE®,,586909,,,"U.S. TAPE®, Commercial Product, 586909",COMMERCIAL PRODUCT,"U.S. TAPE®, 586909, Commercial Product",U.S. TAPE® Commercial Product,"U.S. TAPE®, Commercial Product",,,,,,,,,,,,,,,,,,,,,,,,,,,"U.S. TAPE®, Commercial Product",Series,,,Model,,,Item Type,,,Voltage Rating,,,Amperage Rating,,,Dimensions,,,Mounting Type,,,Material,,,Color,,,Sound Level,,,Additional Information,,,,,,,,,,,,,,,,,,,,,,,,,,,,,,,,,,,,,,,,,,,,,,,,,,,,,,,,,,,,,,,,,,,,,,,,,,,,,,,,,,,,,,,,,,,,,,,,,,,,,,,,,,,,,,,,,,,,,,,,,,,,,,1,EA,,,,,,,,,,,,,,,,,,,,,,,,,,,,,,,,,,,,,US,No,No
https://www.lighting.philips.com/product/566364,,,,,,566364,,,,566364,566364,566364 75W Led ST19 27k 4pk,-- Unbranded --,-- No Unilog Brand --,-- No DIB Brand --,Phillips Lighting (5831),Signify N.V.,PHILIPS LIGHTING®,,566364,,,"PHILIPS LIGHTING®, Commercial Product, 566364",COMMERCIAL PRODUCT,"PHILIPS LIGHTING®, 566364, Commercial Product",PHILIPS LIGHTING® Commercial Product,"PHILIPS LIGHTING®, Commercial Product",,,,,,,,,,,,,,,,,,,,,,,,,,,"PHILIPS LIGHTING®, Commercial Product",Series,,,Model,,,Item Type,,,Voltage Rating,,,Amperage Rating,,,Dimensions,,,Mounting Type,,,Material,,,Color,,,Sound Level,,,Additional Information,,,,,,,,,,,,,,,PackQuantity,4 PK,,,,,,,,,,,,,,,,,,,,,,,,,,,,,,,,,,,,,,,,,,,,,,,,,,,,,,,,,,,,,,,,,,,,,,,,,,,,,,,,,,,,,,,,,,,,,,,,,,,,,,,,,,,,,,1,EA,,,,,,,,,,,,,,,,,,,,,,,,,,,,,,,,,,,,,US,No,No
https://www.festoolusa.com/product/576397,,,,,,576397,,,,576397,576397,576394 100/200/300 Led A23 50k,-- Unbranded --,-- No Unilog Brand --,-- No DIB Brand --,Phillips Lighting (5831),Festool GmbH,FESTOOL®,,576397,,,"FESTOOL®, Commercial Product, 576397",COMMERCIAL PRODUCT,"FESTOOL®, 576397, Commercial Product",FESTOOL® Commercial Product,"FESTOOL®, Commercial Product",,,,,,,,,,,,,,,,,,,,,,,,,,,"FESTOOL®, Commercial Product",Series,,,Model,,,Item Type,,,Voltage Rating,,,Amperage Rating,,,Dimensions,,,Mounting Type,,,Material,,,Color,,,Sound Level,,,Additional Information,,,,,,,,,,,,,,,,,,,,,,,,,,,,,,,,,,,,,,,,,,,,,,,,,,,,,,,,,,,,,,,,,,,,,,,,,,,,,,,,,,,,,,,,,,,,,,,,,,,,,,,,,,,,,,,,,,,,,,,,,,,,,,1,EA,,,,,,,,,,,,,,,,,,,,,,,,,,,,,,,,,,,,,US,No,No
https://www.festoolusa.com/product/571497,,,,,,571497,,,,571497,571497,571497 150W Led Med 27k,-- Unbranded --,-- No Unilog Brand --,-- No DIB Brand --,Phillips Lighting (5831),Festool GmbH,FESTOOL®,,571497,,,"FESTOOL®, Commercial Product, 571497",COMMERCIAL PRODUCT,"FESTOOL®, 571497, Commercial Product",FESTOOL® Commercial Product,"FESTOOL®, Commercial Product",,,,,,,,,,,,,,,,,,,,,,,,,,,"FESTOOL®, Commercial Product",Series,,,Model,,,Item Type,,,Voltage Rating,,,Amperage Rating,,,Dimensions,,,Mounting Type,,,Material,,,Color,,,Sound Level,,,Additional Information,,,,,,,,,,,,,,,,,,,,,,,,,,,,,,,,,,,,,,,,,,,,,,,,,,,,,,,,,,,,,,,,,,,,,,,,,,,,,,,,,,,,,,,,,,,,,,,,,,,,,,,,,,,,,,,,,,,,,,,,,,,,,,1,EA,,,,,,,,,,,,,,,,,,,,,,,,,,,,,,,,,,,,,US,No,No
https://www.festoolusa.com/product/576306,,,,,,576306,,,,576306,576306,576306 40W Led A19 5CCT 4pk,-- Unbranded --,-- No Unilog Brand --,-- No DIB Brand --,Phillips Lighting (5831),Festool GmbH,FESTOOL®,,576306,,,"FESTOOL®, Commercial Product, 576306",COMMERCIAL PRODUCT,"FESTOOL®, 576306, Commercial Product",FESTOOL® Commercial Product,"FESTOOL®, Commercial Product",,,,,,,,,,,,,,,,,,,,,,,,,,,"FESTOOL®, Commercial Product",Series,,,Model,,,Item Type,,,Voltage Rating,,,Amperage Rating,,,Dimensions,,,Mounting Type,,,Material,,,Color,,,Sound Level,,,Additional Information,,,,,,,,,,,,,,,PackQuantity,4 PK,,,,,,,,,,,,,,,,,,,,,,,,,,,,,,,,,,,,,,,,,,,,,,,,,,,,,,,,,,,,,,,,,,,,,,,,,,,,,,,,,,,,,,,,,,,,,,,,,,,,,,,,,,,,,,1,EA,,,,,,,,,,,,,,,,,,,,,,,,,,,,,,,,,,,,,US,No,No
https://www.ustape.com/product/588533,,,,,,588533,,,,588533,588533,588533 40W Led Cand 3pk,-- Unbranded --,-- No Unilog Brand --,-- No DIB Brand --,Phillips Lighting (5831),U.S. Tape Company,U.S. TAPE®,,588533,,,"U.S. TAPE®, Commercial Product, 588533",COMMERCIAL PRODUCT,"U.S. TAPE®, 588533, Commercial Product",U.S. TAPE® Commercial Product,"U.S. TAPE®, Commercial Product",,,,,,,,,,,,,,,,,,,,,,,,,,,"U.S. TAPE®, Commercial Product",Series,,,Model,,,Item Type,,,Voltage Rating,,,Amperage Rating,,,Dimensions,,,Mounting Type,,,Material,,,Color,,,Sound Level,,,Additional Information,,,,,,,,,,,,,,,PackQuantity,3 PK,,,,,,,,,,,,,,,,,,,,,,,,,,,,,,,,,,,,,,,,,,,,,,,,,,,,,,,,,,,,,,,,,,,,,,,,,,,,,,,,,,,,,,,,,,,,,,,,,,,,,,,,,,,,,,1,EA,,,,,,,,,,,,,,,,,,,,,,,,,,,,,,,,,,,,,US,No,No
https://www.festoolusa.com/product/576520,,,,,,576520,,,,576520,576520,576520 65W Led Med 27k,-- Unbranded --,-- No Unilog Brand --,-- No DIB Brand --,Phillips Lighting (5831),Festool GmbH,FESTOOL®,,576520,,,"FESTOOL®, Commercial Product, 576520",COMMERCIAL PRODUCT,"FESTOOL®, 576520, Commercial Product",FESTOOL® Commercial Product,"FESTOOL®, Commercial Product",,,,,,,,,,,,,,,,,,,,,,,,,,,"FESTOOL®, Commercial Product",Series,,,Model,,,Item Type,,,Voltage Rating,,,Amperage Rating,,,Dimensions,,,Mounting Type,,,Material,,,Color,,,Sound Level,,,Additional Information,,,,,,,,,,,,,,,,,,,,,,,,,,,,,,,,,,,,,,,,,,,,,,,,,,,,,,,,,,,,,,,,,,,,,,,,,,,,,,,,,,,,,,,,,,,,,,,,,,,,,,,,,,,,,,,,,,,,,,,,,,,,,,1,EA,,,,,,,,,,,,,,,,,,,,,,,,,,,,,,,,,,,,,US,No,No
https://www.festoolusa.com/product/574004,,,,,,574004,,,,574004,574004,574004 75W Led ST19 27k 2pk,-- Unbranded --,-- No Unilog Brand --,-- No DIB Brand --,Phillips Lighting (5831),Festool GmbH,FESTOOL®,,574004,,,"FESTOOL®, Commercial Product, 574004",COMMERCIAL PRODUCT,"FESTOOL®, 574004, Commercial Product",FESTOOL® Commercial Product,"FESTOOL®, Commercial Product",,,,,,,,,,,,,,,,,,,,,,,,,,,"FESTOOL®, Commercial Product",Series,,,Model,,,Item Type,,,Voltage Rating,,,Amperage Rating,,,Dimensions,,,Mounting Type,,,Material,,,Color,,,Sound Level,,,Additional Information,,,,,,,,,,,,,,,PackQuantity,2 PK,,,,,,,,,,,,,,,,,,,,,,,,,,,,,,,,,,,,,,,,,,,,,,,,,,,,,,,,,,,,,,,,,,,,,,,,,,,,,,,,,,,,,,,,,,,,,,,,,,,,,,,,,,,,,,1,EA,,,,,,,,,,,,,,,,,,,,,,,,,,,,,,,,,,,,,US,No,No
https://www.festoolusa.com/product/574012,,,,,,574012,,,,574012,574012,574012 75W Led ST19 50k 2pk,-- Unbranded --,-- No Unilog Brand --,-- No DIB Brand --,Phillips Lighting (5831),Festool GmbH,FESTOOL®,,574012,,,"FESTOOL®, Commercial Product, 574012",COMMERCIAL PRODUCT,"FESTOOL®, 574012, Commercial Product",FESTOOL® Commercial Product,"FESTOOL®, Commercial Product",,,,,,,,,,,,,,,,,,,,,,,,,,,"FESTOOL®, Commercial Product",Series,,,Model,,,Item Type,,,Voltage Rating,,,Amperage Rating,,,Dimensions,,,Mounting Type,,,Material,,,Color,,,Sound Level,,,Additional Information,,,,,,,,,,,,,,,PackQuantity,2 PK,,,,,,,,,,,,,,,,,,,,,,,,,,,,,,,,,,,,,,,,,,,,,,,,,,,,,,,,,,,,,,,,,,,,,,,,,,,,,,,,,,,,,,,,,,,,,,,,,,,,,,,,,,,,,,1,EA,,,,,,,,,,,,,,,,,,,,,,,,,,,,,,,,,,,,,US,No,No
https://www.festoolusa.com/product/573971,,,,,,573971,,,,573971,573971,573971 75W Led ST19 20k 4pk,-- Unbranded --,-- No Unilog Brand --,-- No DIB Brand --,Phillips Lighting (5831),Festool GmbH,FESTOOL®,,573971,,,"FESTOOL®, Commercial Product, 573971",COMMERCIAL PRODUCT,"FESTOOL®, 573971, Commercial Product",FESTOOL® Commercial Product,"FESTOOL®, Commercial Product",,,,,,,,,,,,,,,,,,,,,,,,,,,"FESTOOL®, Commercial Product",Series,,,Model,,,Item Type,,,Voltage Rating,,,Amperage Rating,,,Dimensions,,,Mounting Type,,,Material,,,Color,,,Sound Level,,,Additional Information,,,,,,,,,,,,,,,PackQuantity,4 PK,,,,,,,,,,,,,,,,,,,,,,,,,,,,,,,,,,,,,,,,,,,,,,,,,,,,,,,,,,,,,,,,,,,,,,,,,,,,,,,,,,,,,,,,,,,,,,,,,,,,,,,,,,,,,,1,EA,,,,,,,,,,,,,,,,,,,,,,,,,,,,,,,,,,,,,US,No,No
https://www.festoolusa.com/product/573989,,,,,,573989,,,,573989,573989,573989 40W Led Med 27K 4pk,-- Unbranded --,-- No Unilog Brand --,-- No DIB Brand --,Phillips Lighting (5831),Festool GmbH,FESTOOL®,,573989,,,"FESTOOL®, Commercial Product, 573989",COMMERCIAL PRODUCT,"FESTOOL®, 573989, Commercial Product",FESTOOL® Commercial Product,"FESTOOL®, Commercial Product",,,,,,,,,,,,,,,,,,,,,,,,,,,"FESTOOL®, Commercial Product",Series,,,Model,,,Item Type,,,Voltage Rating,,,Amperage Rating,,,Dimensions,,,Mounting Type,,,Material,,,Color,,,Sound Level,,,Additional Information,,,,,,,,,,,,,,,PackQuantity,4 PK,,,,,,,,,,,,,,,,,,,,,,,,,,,,,,,,,,,,,,,,,,,,,,,,,,,,,,,,,,,,,,,,,,,,,,,,,,,,,,,,,,,,,,,,,,,,,,,,,,,,,,,,,,,,,,1,EA,,,,,,,,,,,,,,,,,,,,,,,,,,,,,,,,,,,,,US,No,No
https://www.festoolusa.com/product/576769,,,,,,576769,,,,576769,576769,576769 65W Led BR30 Med 27k,-- Unbranded --,-- No Unilog Brand --,-- No DIB Brand --,Phillips Lighting (5831),Festool GmbH,FESTOOL®,,576769,,,"FESTOOL®, Commercial Product, 576769",COMMERCIAL PRODUCT,"FESTOOL®, 576769, Commercial Product",FESTOOL® Commercial Product,"FESTOOL®, Commercial Product",,,,,,,,,,,,,,,,,,,,,,,,,,,"FESTOOL®, Commercial Product",Series,,,Model,,,Item Type,,,Voltage Rating,,,Amperage Rating,,,Dimensions,,,Mounting Type,,,Material,,,Color,,,Sound Level,,,Additional Information,,,,,,,,,,,,,,,,,,,,,,,,,,,,,,,,,,,,,,,,,,,,,,,,,,,,,,,,,,,,,,,,,,,,,,,,,,,,,,,,,,,,,,,,,,,,,,,,,,,,,,,,,,,,,,,,,,,,,,,,,,,,,,1,EA,,,,,,,,,,,,,,,,,,,,,,,,,,,,,,,,,,,,,US,No,No
https://www.lighting.philips.com/product/567446,,,,,,567446,,,,567446,567446,567446 60W Led Med 50K 3pk,-- Unbranded --,-- No Unilog Brand --,-- No DIB Brand --,Phillips Lighting (5831),Signify N.V.,PHILIPS LIGHTING®,,567446,,,"PHILIPS LIGHTING®, Commercial Product, 567446",COMMERCIAL PRODUCT,"PHILIPS LIGHTING®, 567446, Commercial Product",PHILIPS LIGHTING® Commercial Product,"PHILIPS LIGHTING®, Commercial Product",,,,,,,,,,,,,,,,,,,,,,,,,,,"PHILIPS LIGHTING®, Commercial Product",Series,,,Model,,,Item Type,,,Voltage Rating,,,Amperage Rating,,,Dimensions,,,Mounting Type,,,Material,,,Color,,,Sound Level,,,Additional Information,,,,,,,,,,,,,,,PackQuantity,3 PK,,,,,,,,,,,,,,,,,,,,,,,,,,,,,,,,,,,,,,,,,,,,,,,,,,,,,,,,,,,,,,,,,,,,,,,,,,,,,,,,,,,,,,,,,,,,,,,,,,,,,,,,,,,,,,1,EA,,,,,,,,,,,,,,,,,,,,,,,,,,,,,,,,,,,,,US,No,No
https://www.festoolusa.com/product/573997,,,,,,573997,,,,573997,573997,573997 40W Led Med 50k 4pk,-- Unbranded --,-- No Unilog Brand --,-- No DIB Brand --,Phillips Lighting (5831),Festool GmbH,FESTOOL®,,573997,,,"FESTOOL®, Commercial Product, 573997",COMMERCIAL PRODUCT,"FESTOOL®, 573997, Commercial Product",FESTOOL® Commercial Product,"FESTOOL®, Commercial Product",,,,,,,,,,,,,,,,,,,,,,,,,,,"FESTOOL®, Commercial Product",Series,,,Model,,,Item Type,,,Voltage Rating,,,Amperage Rating,,,Dimensions,,,Mounting Type,,,Material,,,Color,,,Sound Level,,,Additional Information,,,,,,,,,,,,,,,PackQuantity,4 PK,,,,,,,,,,,,,,,,,,,,,,,,,,,,,,,,,,,,,,,,,,,,,,,,,,,,,,,,,,,,,,,,,,,,,,,,,,,,,,,,,,,,,,,,,,,,,,,,,,,,,,,,,,,,,,1,EA,,,,,,,,,,,,,,,,,,,,,,,,,,,,,,,,,,,,,US,No,No
https://www.festoolusa.com/product/571463,,,,,,571463,,,,571463,571463,571463 100W Led BR30 Med 50k,-- Unbranded --,-- No Unilog Brand --,-- No DIB Brand --,Phillips Lighting (5831),Festool GmbH,FESTOOL®,,571463,,,"FESTOOL®, Commercial Product, 571463",COMMERCIAL PRODUCT,"FESTOOL®, 571463, Commercial Product",FESTOOL® Commercial Product,"FESTOOL®, Commercial Product",,,,,,,,,,,,,,,,,,,,,,,,,,,"FESTOOL®, Commercial Product",Series,,,Model,,,Item Type,,,Voltage Rating,,,Amperage Rating,,,Dimensions,,,Mounting Type,,,Material,,,Color,,,Sound Level,,,Additional Information,,,,,,,,,,,,,,,,,,,,,,,,,,,,,,,,,,,,,,,,,,,,,,,,,,,,,,,,,,,,,,,,,,,,,,,,,,,,,,,,,,,,,,,,,,,,,,,,,,,,,,,,,,,,,,,,,,,,,,,,,,,,,,1,EA,,,,,,,,,,,,,,,,,,,,,,,,,,,,,,,,,,,,,US,No,No
https://www.festoolusa.com/product/576512,,,,,,576512,,,,576512,576512,576512 65W Led BR40 Med 27k,-- Unbranded --,-- No Unilog Brand --,-- No DIB Brand --,Phillips Lighting (5831),Festool GmbH,FESTOOL®,,576512,,,"FESTOOL®, Commercial Product, 576512",COMMERCIAL PRODUCT,"FESTOOL®, 576512, Commercial Product",FESTOOL® Commercial Product,"FESTOOL®, Commercial Product",,,,,,,,,,,,,,,,,,,,,,,,,,,"FESTOOL®, Commercial Product",Series,,,Model,,,Item Type,,,Voltage Rating,,,Amperage Rating,,,Dimensions,,,Mounting Type,,,Material,,,Color,,,Sound Level,,,Additional Information,,,,,,,,,,,,,,,,,,,,,,,,,,,,,,,,,,,,,,,,,,,,,,,,,,,,,,,,,,,,,,,,,,,,,,,,,,,,,,,,,,,,,,,,,,,,,,,,,,,,,,,,,,,,,,,,,,,,,,,,,,,,,,1,EA,,,,,,,,,,,,,,,,,,,,,,,,,,,,,,,,,,,,,US,No,No
https://www.ustape.com/product/581181,,,,,,581181,,,,581181,581181,581181 40W Led Med 2pk,-- Unbranded --,-- No Unilog Brand --,-- No DIB Brand --,Phillips Lighting (5831),U.S. Tape Company,U.S. TAPE®,,581181,,,"U.S. TAPE®, Commercial Product, 581181",COMMERCIAL PRODUCT,"U.S. TAPE®, 581181, Commercial Product",U.S. TAPE® Commercial Product,"U.S. TAPE®, Commercial Product",,,,,,,,,,,,,,,,,,,,,,,,,,,"U.S. TAPE®, Commercial Product",Series,,,Model,,,Item Type,,,Voltage Rating,,,Amperage Rating,,,Dimensions,,,Mounting Type,,,Material,,,Color,,,Sound Level,,,Additional Information,,,,,,,,,,,,,,,PackQuantity,2 PK,,,,,,,,,,,,,,,,,,,,,,,,,,,,,,,,,,,,,,,,,,,,,,,,,,,,,,,,,,,,,,,,,,,,,,,,,,,,,,,,,,,,,,,,,,,,,,,,,,,,,,,,,,,,,,1,EA,,,,,,,,,,,,,,,,,,,,,,,,,,,,,,,,,,,,,US,No,No
,,,,,,GT-CB-100C,,,,GT-CB-100C,GT-CB-100C,GTCB100C Led 100W Cob Bulb,-- Unbranded --,-- No Unilog Brand --,-- No DIB Brand --,Keystone (5702),Keystone,Keystone,,GT-CB-100C,,,"Keystone, Commercial Product, GT-CB-100C",COMMERCIAL PRODUCT,"Keystone, GT-CB-100C, Commercial Product",Keystone Commercial Product,"Keystone, Commercial Product",,,,,,,,,,,,,,,,,,,,,,,,,,,"Keystone, Commercial Product",Series,,,Model,,,Item Type,,,Voltage Rating,,,Amperage Rating,,,Dimensions,,,Mounting Type,,,Material,,,Color,,,Sound Level,,,Additional Information,,,,,,,,,,,,,,,,,,,,,,,,,,,,,,,,,,,,,,,,,,,,,,,,,,,,,,,,,,,,,,,,,,,,,,,,,,,,,,,,,,,,,,,,,,,,,,,,,,,,,,,,,,,,,,,,,,,,,,,,,,,,,,1,EA,,,,,,,,,,,,,,,,,,,,,,,,,,,,,,,,,,,,,US,No,No
https://www.lighting.philips.com/product/566430,,,,,,566430,,,,566430,566430,566430 75W Led Med 50k 4pk,-- Unbranded --,-- No Unilog Brand --,-- No DIB Brand --,Phillips Lighting (5831),Signify N.V.,PHILIPS LIGHTING®,,566430,,,"PHILIPS LIGHTING®, Commercial Product, 566430",COMMERCIAL PRODUCT,"PHILIPS LIGHTING®, 566430, Commercial Product",PHILIPS LIGHTING® Commercial Product,"PHILIPS LIGHTING®, Commercial Product",,,,,,,,,,,,,,,,,,,,,,,,,,,"PHILIPS LIGHTING®, Commercial Product",Series,,,Model,,,Item Type,,,Voltage Rating,,,Amperage Rating,,,Dimensions,,,Mounting Type,,,Material,,,Color,,,Sound Level,,,Additional Information,,,,,,,,,,,,,,,PackQuantity,4 PK,,,,,,,,,,,,,,,,,,,,,,,,,,,,,,,,,,,,,,,,,,,,,,,,,,,,,,,,,,,,,,,,,,,,,,,,,,,,,,,,,,,,,,,,,,,,,,,,,,,,,,,,,,,,,,1,EA,,,,,,,,,,,,,,,,,,,,,,,,,,,,,,,,,,,,,US,No,No
https://www.lighting.philips.com/product/568337,,,,,,568337,,,,568337,568337,568337 120W Led Par38 Med 50k,-- Unbranded --,-- No Unilog Brand --,-- No DIB Brand --,Phillips Lighting (5831),Signify N.V.,PHILIPS LIGHTING®,,568337,,,"PHILIPS LIGHTING®, Commercial Product, 568337",COMMERCIAL PRODUCT,"PHILIPS LIGHTING®, 568337, Commercial Product",PHILIPS LIGHTING® Commercial Product,"PHILIPS LIGHTING®, Commercial Product",,,,,,,,,,,,,,,,,,,,,,,,,,,"PHILIPS LIGHTING®, Commercial Product",Series,,,Model,,,Item Type,,,Voltage Rating,,,Amperage Rating,,,Dimensions,,,Mounting Type,,,Material,,,Color,,,Sound Level,,,Additional Information,,,,,,,,,,,,,,,,,,,,,,,,,,,,,,,,,,,,,,,,,,,,,,,,,,,,,,,,,,,,,,,,,,,,,,,,,,,,,,,,,,,,,,,,,,,,,,,,,,,,,,,,,,,,,,,,,,,,,,,,,,,,,,1,EA,,,,,,,,,,,,,,,,,,,,,,,,,,,,,,,,,,,,,US,No,No
https://www.lighting.philips.com/product/565788,,,,,,565788,,,,565788,565788,565788 40W Led A19 Med 27k,-- Unbranded --,-- No Unilog Brand --,-- No DIB Brand --,Phillips Lighting (5831),Signify N.V.,PHILIPS LIGHTING®,,565788,,,"PHILIPS LIGHTING®, Commercial Product, 565788",COMMERCIAL PRODUCT,"PHILIPS LIGHTING®, 565788, Commercial Product",PHILIPS LIGHTING® Commercial Product,"PHILIPS LIGHTING®, Commercial Product",,,,,,,,,,,,,,,,,,,,,,,,,,,"PHILIPS LIGHTING®, Commercial Product",Series,,,Model,,,Item Type,,,Voltage Rating,,,Amperage Rating,,,Dimensions,,,Mounting Type,,,Material,,,Color,,,Sound Level,,,Additional Information,,,,,,,,,,,,,,,,,,,,,,,,,,,,,,,,,,,,,,,,,,,,,,,,,,,,,,,,,,,,,,,,,,,,,,,,,,,,,,,,,,,,,,,,,,,,,,,,,,,,,,,,,,,,,,,,,,,,,,,,,,,,,,1,EA,,,,,,,,,,,,,,,,,,,,,,,,,,,,,,,,,,,,,US,No,No
https://www.lighting.philips.com/product/565770,,,,,,565770,,,,565770,565770,565770 40W Led A19 Med 50k,-- Unbranded --,-- No Unilog Brand --,-- No DIB Brand --,Phillips Lighting (5831),Signify N.V.,PHILIPS LIGHTING®,,565770,,,"PHILIPS LIGHTING®, Commercial Product, 565770",COMMERCIAL PRODUCT,"PHILIPS LIGHTING®, 565770, Commercial Product",PHILIPS LIGHTING® Commercial Product,"PHILIPS LIGHTING®, Commercial Product",,,,,,,,,,,,,,,,,,,,,,,,,,,"PHILIPS LIGHTING®, Commercial Product",Series,,,Model,,,Item Type,,,Voltage Rating,,,Amperage Rating,,,Dimensions,,,Mounting Type,,,Material,,,Color,,,Sound Level,,,Additional Information,,,,,,,,,,,,,,,,,,,,,,,,,,,,,,,,,,,,,,,,,,,,,,,,,,,,,,,,,,,,,,,,,,,,,,,,,,,,,,,,,,,,,,,,,,,,,,,,,,,,,,,,,,,,,,,,,,,,,,,,,,,,,,1,EA,,,,,,,,,,,,,,,,,,,,,,,,,,,,,,,,,,,,,US,No,No
https://www.festoolusa.com/product/573436,,,,,,573436,,,,573436,573436,573436 60W Led A19 Med 27k 2pk,-- Unbranded --,-- No Unilog Brand --,-- No DIB Brand --,Phillips Lighting (5831),Festool GmbH,FESTOOL®,,573436,,,"FESTOOL®, Commercial Product, 573436",COMMERCIAL PRODUCT,"FESTOOL®, 573436, Commercial Product",FESTOOL® Commercial Product,"FESTOOL®, Commercial Product",,,,,,,,,,,,,,,,,,,,,,,,,,,"FESTOOL®, Commercial Product",Series,,,Model,,,Item Type,,,Voltage Rating,,,Amperage Rating,,,Dimensions,,,Mounting Type,,,Material,,,Color,,,Sound Level,,,Additional Information,,,,,,,,,,,,,,,PackQuantity,2 PK,,,,,,,,,,,,,,,,,,,,,,,,,,,,,,,,,,,,,,,,,,,,,,,,,,,,,,,,,,,,,,,,,,,,,,,,,,,,,,,,,,,,,,,,,,,,,,,,,,,,,,,,,,,,,,1,EA,,,,,,,,,,,,,,,,,,,,,,,,,,,,,,,,,,,,,US,No,No
https://www.festoolusa.com/product/576538,,,,,,576538,,,,576538,576538,576538 65W Led BR30 Med 50k,-- Unbranded --,-- No Unilog Brand --,-- No DIB Brand --,Phillips Lighting (5831),Festool GmbH,FESTOOL®,,576538,,,"FESTOOL®, Commercial Product, 576538",COMMERCIAL PRODUCT,"FESTOOL®, 576538, Commercial Product",FESTOOL® Commercial Product,"FESTOOL®, Commercial Product",,,,,,,,,,,,,,,,,,,,,,,,,,,"FESTOOL®, Commercial Product",Series,,,Model,,,Item Type,,,Voltage Rating,,,Amperage Rating,,,Dimensions,,,Mounting Type,,,Material,,,Color,,,Sound Level,,,Additional Information,,,,,,,,,,,,,,,,,,,,,,,,,,,,,,,,,,,,,,,,,,,,,,,,,,,,,,,,,,,,,,,,,,,,,,,,,,,,,,,,,,,,,,,,,,,,,,,,,,,,,,,,,,,,,,,,,,,,,,,,,,,,,,1,EA,,,,,,,,,,,,,,,,,,,,,,,,,,,,,,,,,,,,,US,No,No
https://www.festoolusa.com/product/573451,,,,,,573451,,,,573451,573451,573451 40W Led Med 27k 2pk,-- Unbranded --,-- No Unilog Brand --,-- No DIB Brand --,Phillips Lighting (5831),Festool GmbH,FESTOOL®,,573451,,,"FESTOOL®, Commercial Product, 573451",COMMERCIAL PRODUCT,"FESTOOL®, 573451, Commercial Product",FESTOOL® Commercial Product,"FESTOOL®, Commercial Product",,,,,,,,,,,,,,,,,,,,,,,,,,,"FESTOOL®, Commercial Product",Series,,,Model,,,Item Type,,,Voltage Rating,,,Amperage Rating,,,Dimensions,,,Mounting Type,,,Material,,,Color,,,Sound Level,,,Additional Information,,,,,,,,,,,,,,,PackQuantity,2 PK,,,,,,,,,,,,,,,,,,,,,,,,,,,,,,,,,,,,,,,,,,,,,,,,,,,,,,,,,,,,,,,,,,,,,,,,,,,,,,,,,,,,,,,,,,,,,,,,,,,,,,,,,,,,,,1,EA,,,,,,,,,,,,,,,,,,,,,,,,,,,,,,,,,,,,,US,No,No
https://www.ustape.com/product/586883,,,,,,586883,,,,586883,586883,586883 100W Led Multi CCT 2pk,-- Unbranded --,-- No Unilog Brand --,-- No DIB Brand --,Phillips Lighting (5831),U.S. Tape Company,U.S. TAPE®,,586883,,,"U.S. TAPE®, Commercial Product, 586883",COMMERCIAL PRODUCT,"U.S. TAPE®, 586883, Commercial Product",U.S. TAPE® Commercial Product,"U.S. TAPE®, Commercial Product",,,,,,,,,,,,,,,,,,,,,,,,,,,"U.S. TAPE®, Commercial Product",Series,,,Model,,,Item Type,,,Voltage Rating,,,Amperage Rating,,,Dimensions,,,Mounting Type,,,Material,,,Color,,,Sound Level,,,Additional Information,,,,,,,,,,,,,,,PackQuantity,2 PK,,,,,,,,,,,,,,,,,,,,,,,,,,,,,,,,,,,,,,,,,,,,,,,,,,,,,,,,,,,,,,,,,,,,,,,,,,,,,,,,,,,,,,,,,,,,,,,,,,,,,,,,,,,,,,1,EA,,,,,,,,,,,,,,,,,,,,,,,,,,,,,,,,,,,,,US,No,No
https://www.ustape.com/product/586859,,,,,,586859,,,,586859,586859,586859 40W Led Med 27K Back Up,-- Unbranded --,-- No Unilog Brand --,-- No DIB Brand --,Phillips Lighting (5831),U.S. Tape Company,U.S. TAPE®,,586859,,,"U.S. TAPE®, Commercial Product, 586859",COMMERCIAL PRODUCT,"U.S. TAPE®, 586859, Commercial Product",U.S. TAPE® Commercial Product,"U.S. TAPE®, Commercial Product",,,,,,,,,,,,,,,,,,,,,,,,,,,"U.S. TAPE®, Commercial Product",Series,,,Model,,,Item Type,,,Voltage Rating,,,Amperage Rating,,,Dimensions,,,Mounting Type,,,Material,,,Color,,,Sound Level,,,Additional Information,,,,,,,,,,,,,,,,,,,,,,,,,,,,,,,,,,,,,,,,,,,,,,,,,,,,,,,,,,,,,,,,,,,,,,,,,,,,,,,,,,,,,,,,,,,,,,,,,,,,,,,,,,,,,,,,,,,,,,,,,,,,,,1,EA,,,,,,,,,,,,,,,,,,,,,,,,,,,,,,,,,,,,,US,No,No
https://www.festoolusa.com/product/576488,,,,,,576488,,,,576488,576488,576488 45W Led R20 Med 50k,-- Unbranded --,-- No Unilog Brand --,-- No DIB Brand --,Phillips Lighting (5831),Festool GmbH,FESTOOL®,,576488,,,"FESTOOL®, Commercial Product, 576488",COMMERCIAL PRODUCT,"FESTOOL®, 576488, Commercial Product",FESTOOL® Commercial Product,"FESTOOL®, Commercial Product",,,,,,,,,,,,,,,,,,,,,,,,,,,"FESTOOL®, Commercial Product",Series,,,Model,,,Item Type,,,Voltage Rating,,,Amperage Rating,,,Dimensions,,,Mounting Type,,,Material,,,Color,,,Sound Level,,,Additional Information,,,,,,,,,,,,,,,,,,,,,,,,,,,,,,,,,,,,,,,,,,,,,,,,,,,,,,,,,,,,,,,,,,,,,,,,,,,,,,,,,,,,,,,,,,,,,,,,,,,,,,,,,,,,,,,,,,,,,,,,,,,,,,1,EA,,,,,,,,,,,,,,,,,,,,,,,,,,,,,,,,,,,,,US,No,No
https://www.festoolusa.com/product/575217,,,,,,575217,,,,575217,575217,575217 60W Led Med 50k 2pk,-- Unbranded --,-- No Unilog Brand --,-- No DIB Brand --,Phillips Lighting (5831),Festool GmbH,FESTOOL®,,575217,,,"FESTOOL®, Light Bulb, 575217",LIGHT BULB,"FESTOOL®, 575217, Light Bulb",FESTOOL® Light Bulb,"FESTOOL®, Light Bulb",,,,,,,,,,,,,,,,,,,,,,,,,,,Light Bulb,Series,,,Model,,,Item Type,,,Voltage Rating,,,Amperage Rating,,,Dimensions,,,Mounting Type,,,Material,,,Color,,,Sound Level,,,Additional Information,,,,,,,,,,,,,,,wattage,60W,,color_temperature,50k,,pack_quantity,2pk,,,,,,,,,,,,,,,,,,,,,,,,,,,,,,,,,,,,,,,,,,,,,,,,,,,,,,,,,,,,,,,,,,,,,,,,,,,,,,,,,,,,,,,,,,,,,,,,,,,,,,,,1,EA,,,,,,,,,,,,,,,,,,,,,,,,,,,,,,,,,,,,,US,No,No
https://www.ustape.com/product/586479,,,,,,586479,,,,586479,586479,586479 90W Led Med Multi CCT,-- Unbranded --,-- No Unilog Brand --,-- No DIB Brand --,Phillips Lighting (5831),U.S. Tape Company,U.S. TAPE®,,586479,,,"U.S. TAPE®, Commercial Product, 586479",COMMERCIAL PRODUCT,"U.S. TAPE®, 586479, Commercial Product",U.S. TAPE® Commercial Product,"U.S. TAPE®, Commercial Product",,,,,,,,,,,,,,,,,,,,,,,,,,,"U.S. TAPE®, Commercial Product",Series,,,Model,,,Item Type,,,Voltage Rating,,,Amperage Rating,,,Dimensions,,,Mounting Type,,,Material,,,Color,,,Sound Level,,,Additional Information,,,,,,,,,,,,,,,,,,,,,,,,,,,,,,,,,,,,,,,,,,,,,,,,,,,,,,,,,,,,,,,,,,,,,,,,,,,,,,,,,,,,,,,,,,,,,,,,,,,,,,,,,,,,,,,,,,,,,,,,,,,,,,1,EA,,,,,,,,,,,,,,,,,,,,,,,,,,,,,,,,,,,,,US,No,No
https://www.festoolusa.com/product/571471,,,,,,571471,,,,571471,571471,571471 100W Led BR30 Med 27k,-- Unbranded --,-- No Unilog Brand --,-- No DIB Brand --,Phillips Lighting (5831),Festool GmbH,FESTOOL®,,571471,,,"FESTOOL®, Commercial Product, 571471",COMMERCIAL PRODUCT,"FESTOOL®, 571471, Commercial Product",FESTOOL® Commercial Product,"FESTOOL®, Commercial Product",,,,,,,,,,,,,,,,,,,,,,,,,,,"FESTOOL®, Commercial Product",Series,,,Model,,,Item Type,,,Voltage Rating,,,Amperage Rating,,,Dimensions,,,Mounting Type,,,Material,,,Color,,,Sound Level,,,Additional Information,,,,,,,,,,,,,,,,,,,,,,,,,,,,,,,,,,,,,,,,,,,,,,,,,,,,,,,,,,,,,,,,,,,,,,,,,,,,,,,,,,,,,,,,,,,,,,,,,,,,,,,,,,,,,,,,,,,,,,,,,,,,,,1,EA,,,,,,,,,,,,,,,,,,,,,,,,,,,,,,,,,,,,,US,No,No
https://www.festoolusa.com/product/570762,,,,,,570762,,,,570762,570762,570762 50W Led Par16 30k 3pk,-- Unbranded --,-- No Unilog Brand --,-- No DIB Brand --,Phillips Lighting (5831),Festool GmbH,FESTOOL®,,570762,,,"FESTOOL®, Commercial Product, 570762",COMMERCIAL PRODUCT,"FESTOOL®, 570762, Commercial Product",FESTOOL® Commercial Product,"FESTOOL®, Commercial Product",,,,,,,,,,,,,,,,,,,,,,,,,,,"FESTOOL®, Commercial Product",Series,,,Model,,,Item Type,,,Voltage Rating,,,Amperage Rating,,,Dimensions,,,Mounting Type,,,Material,,,Color,,,Sound Level,,,Additional Information,,,,,,,,,,,,,,,PackQuantity,3 PK,,,,,,,,,,,,,,,,,,,,,,,,,,,,,,,,,,,,,,,,,,,,,,,,,,,,,,,,,,,,,,,,,,,,,,,,,,,,,,,,,,,,,,,,,,,,,,,,,,,,,,,,,,,,,,1,EA,,,,,,,,,,,,,,,,,,,,,,,,,,,,,,,,,,,,,US,No,No
https://www.lighting.philips.com/product/533352,,,,,,533352,,,,533352,533352,571505 150W Led Med 50k,-- Unbranded --,-- No Unilog Brand --,-- No DIB Brand --,Phillips Lighting (5831),Signify N.V.,PHILIPS LIGHTING®,,533352,,,"PHILIPS LIGHTING®, Commercial Product, 533352",COMMERCIAL PRODUCT,"PHILIPS LIGHTING®, 533352, Commercial Product",PHILIPS LIGHTING® Commercial Product,"PHILIPS LIGHTING®, Commercial Product",,,,,,,,,,,,,,,,,,,,,,,,,,,"PHILIPS LIGHTING®, Commercial Product",Series,,,Model,,,Item Type,,,Voltage Rating,,,Amperage Rating,,,Dimensions,,,Mounting Type,,,Material,,,Color,,,Sound Level,,,Additional Information,,,,,,,,,,,,,,,,,,,,,,,,,,,,,,,,,,,,,,,,,,,,,,,,,,,,,,,,,,,,,,,,,,,,,,,,,,,,,,,,,,,,,,,,,,,,,,,,,,,,,,,,,,,,,,,,,,,,,,,,,,,,,,1,EA,,,,,,,,,,,,,,,,,,,,,,,,,,,,,,,,,,,,,US,No,No
https://www.festoolusa.com/product/573519,,,,,,573519,,,,573519,573519,573519 100W Led A21 27k 2pk,-- Unbranded --,-- No Unilog Brand --,-- No DIB Brand --,Phillips Lighting (5831),Festool GmbH,FESTOOL®,,573519,,,"FESTOOL®, Commercial Product, 573519",COMMERCIAL PRODUCT,"FESTOOL®, 573519, Commercial Product",FESTOOL® Commercial Product,"FESTOOL®, Commercial Product",,,,,,,,,,,,,,,,,,,,,,,,,,,"FESTOOL®, Commercial Product",Series,,,Model,,,Item Type,,,Voltage Rating,,,Amperage Rating,,,Dimensions,,,Mounting Type,,,Material,,,Color,,,Sound Level,,,Additional Information,,,,,,,,,,,,,,,PackQuantity,2 PK,,,,,,,,,,,,,,,,,,,,,,,,,,,,,,,,,,,,,,,,,,,,,,,,,,,,,,,,,,,,,,,,,,,,,,,,,,,,,,,,,,,,,,,,,,,,,,,,,,,,,,,,,,,,,,1,EA,,,,,,,,,,,,,,,,,,,,,,,,,,,,,,,,,,,,,US,No,No
https://www.festoolusa.com/product/573378,,,,,,573378,,,,573378,573378,573378 60W Led Med 27k 3pk,-- Unbranded --,-- No Unilog Brand --,-- No DIB Brand --,Phillips Lighting (5831),Festool GmbH,FESTOOL®,,573378,,,"FESTOOL®, Commercial Product, 573378",COMMERCIAL PRODUCT,"FESTOOL®, 573378, Commercial Product",FESTOOL® Commercial Product,"FESTOOL®, Commercial Product",,,,,,,,,,,,,,,,,,,,,,,,,,,"FESTOOL®, Commercial Product",Series,,,Model,,,Item Type,,,Voltage Rating,,,Amperage Rating,,,Dimensions,,,Mounting Type,,,Material,,,Color,,,Sound Level,,,Additional Information,,,,,,,,,,,,,,,PackQuantity,3 PK,,,,,,,,,,,,,,,,,,,,,,,,,,,,,,,,,,,,,,,,,,,,,,,,,,,,,,,,,,,,,,,,,,,,,,,,,,,,,,,,,,,,,,,,,,,,,,,,,,,,,,,,,,,,,,1,EA,,,,,,,,,,,,,,,,,,,,,,,,,,,,,,,,,,,,,US,No,No
https://www.lighting.philips.com/product/565622,,,,,,565622,,,,565622,565622,565622 60W Led Med 20k,-- Unbranded --,-- No Unilog Brand --,-- No DIB Brand --,Phillips Lighting (5831),Signify N.V.,PHILIPS LIGHTING®,,565622,,,"PHILIPS LIGHTING®, Commercial Product, 565622",COMMERCIAL PRODUCT,"PHILIPS LIGHTING®, 565622, Commercial Product",PHILIPS LIGHTING® Commercial Product,"PHILIPS LIGHTING®, Commercial Product",,,,,,,,,,,,,,,,,,,,,,,,,,,"PHILIPS LIGHTING®, Commercial Product",Series,,,Model,,,Item Type,,,Voltage Rating,,,Amperage Rating,,,Dimensions,,,Mounting Type,,,Material,,,Color,,,Sound Level,,,Additional Information,,,,,,,,,,,,,,,,,,,,,,,,,,,,,,,,,,,,,,,,,,,,,,,,,,,,,,,,,,,,,,,,,,,,,,,,,,,,,,,,,,,,,,,,,,,,,,,,,,,,,,,,,,,,,,,,,,,,,,,,,,,,,,1,EA,,,,,,,,,,,,,,,,,,,,,,,,,,,,,,,,,,,,,US,No,No
https://www.ustape.com/product/586891,,,,,,586891,,,,586891,586891,586891 Led 60W Med A19 27k,-- Unbranded --,-- No Unilog Brand --,-- No DIB Brand --,Phillips Lighting (5831),U.S. Tape Company,U.S. TAPE®,,586891,,,"U.S. TAPE®, Commercial Product, 586891",COMMERCIAL PRODUCT,"U.S. TAPE®, 586891, Commercial Product",U.S. TAPE® Commercial Product,"U.S. TAPE®, Commercial Product",,,,,,,,,,,,,,,,,,,,,,,,,,,"U.S. TAPE®, Commercial Product",Series,,,Model,,,Item Type,,,Voltage Rating,,,Amperage Rating,,,Dimensions,,,Mounting Type,,,Material,,,Color,,,Sound Level,,,Additional Information,,,,,,,,,,,,,,,,,,,,,,,,,,,,,,,,,,,,,,,,,,,,,,,,,,,,,,,,,,,,,,,,,,,,,,,,,,,,,,,,,,,,,,,,,,,,,,,,,,,,,,,,,,,,,,,,,,,,,,,,,,,,,,1,EA,,,,,,,,,,,,,,,,,,,,,,,,,,,,,,,,,,,,,US,No,No
https://www.ustape.com/product/585448,,,,,,585448,,,,585448,585448,585448 120W Led Motion Bulb,-- Unbranded --,-- No Unilog Brand --,-- No DIB Brand --,Phillips Lighting (5831),U.S. Tape Company,U.S. TAPE®,,585448,,,"U.S. TAPE®, Commercial Product, 585448",COMMERCIAL PRODUCT,"U.S. TAPE®, 585448, Commercial Product",U.S. TAPE® Commercial Product,"U.S. TAPE®, Commercial Product",,,,,,,,,,,,,,,,,,,,,,,,,,,"U.S. TAPE®, Commercial Product",Series,,,Model,,,Item Type,,,Voltage Rating,,,Amperage Rating,,,Dimensions,,,Mounting Type,,,Material,,,Color,,,Sound Level,,,Additional Information,,,,,,,,,,,,,,,,,,,,,,,,,,,,,,,,,,,,,,,,,,,,,,,,,,,,,,,,,,,,,,,,,,,,,,,,,,,,,,,,,,,,,,,,,,,,,,,,,,,,,,,,,,,,,,,,,,,,,,,,,,,,,,1,EA,,,,,,,,,,,,,,,,,,,,,,,,,,,,,,,,,,,,,US,No,No
https://www.festoolusa.com/product/573444,,,,,,573444,,,,573444,573444,573444 60W Led A19 Med 50k 2pk,-- Unbranded --,-- No Unilog Brand --,-- No DIB Brand --,Phillips Lighting (5831),Festool GmbH,FESTOOL®,,573444,,,"FESTOOL®, Commercial Product, 573444",COMMERCIAL PRODUCT,"FESTOOL®, 573444, Commercial Product",FESTOOL® Commercial Product,"FESTOOL®, Commercial Product",,,,,,,,,,,,,,,,,,,,,,,,,,,"FESTOOL®, Commercial Product",Series,,,Model,,,Item Type,,,Voltage Rating,,,Amperage Rating,,,Dimensions,,,Mounting Type,,,Material,,,Color,,,Sound Level,,,Additional Information,,,,,,,,,,,,,,,PackQuantity,2 PK,,,,,,,,,,,,,,,,,,,,,,,,,,,,,,,,,,,,,,,,,,,,,,,,,,,,,,,,,,,,,,,,,,,,,,,,,,,,,,,,,,,,,,,,,,,,,,,,,,,,,,,,,,,,,,1,EA,,,,,,,,,,,,,,,,,,,,,,,,,,,,,,,,,,,,,US,No,No
https://www.lighting.philips.com/product/566687,,,,,,566687,,,,566687,566687,566687 60W Cand Led 27k 3pk,-- Unbranded --,-- No Unilog Brand --,-- No DIB Brand --,Phillips Lighting (5831),Signify N.V.,PHILIPS LIGHTING®,,566687,,,"PHILIPS LIGHTING®, Commercial Product, 566687",COMMERCIAL PRODUCT,"PHILIPS LIGHTING®, 566687, Commercial Product",PHILIPS LIGHTING® Commercial Product,"PHILIPS LIGHTING®, Commercial Product",,,,,,,,,,,,,,,,,,,,,,,,,,,"PHILIPS LIGHTING®, Commercial Product",Series,,,Model,,,Item Type,,,Voltage Rating,,,Amperage Rating,,,Dimensions,,,Mounting Type,,,Material,,,Color,,,Sound Level,,,Additional Information,,,,,,,,,,,,,,,PackQuantity,3 PK,,,,,,,,,,,,,,,,,,,,,,,,,,,,,,,,,,,,,,,,,,,,,,,,,,,,,,,,,,,,,,,,,,,,,,,,,,,,,,,,,,,,,,,,,,,,,,,,,,,,,,,,,,,,,,1,EA,,,,,,,,,,,,,,,,,,,,,,,,,,,,,,,,,,,,,US,No,No
https://www.lighting.philips.com/product/564385,,,,,,564385,,,,564385,564385,564385 40w Led Med 27k 2pk,-- Unbranded --,-- No Unilog Brand --,-- No DIB Brand --,Phillips Lighting (5831),Signify N.V.,PHILIPS LIGHTING®,,564385,,,"PHILIPS LIGHTING®, Light Bulb, 564385",LIGHT BULB,"PHILIPS LIGHTING®, 564385, Light Bulb",PHILIPS LIGHTING® Light Bulb,"PHILIPS LIGHTING®, Light Bulb",,,,,,,,,,,,,,,,,,,,,,,,,,,Light Bulb,Series,,,Model,,,Item Type,,,Voltage Rating,,,Amperage Rating,,,Dimensions,,,Mounting Type,,,Material,,,Color,,,Sound Level,,,Additional Information,,,,,,,,,,,,,,,wattage,40w,,color_temperature,27k,,pack_quantity,2pk,,,,,,,,,,,,,,,,,,,,,,,,,,,,,,,,,,,,,,,,,,,,,,,,,,,,,,,,,,,,,,,,,,,,,,,,,,,,,,,,,,,,,,,,,,,,,,,,,,,,,,,,1,EA,,,,,,,,,,,,,,,,,,,,,,,,,,,,,,,,,,,,,US,No,No
https://www.lighting.philips.com/product/566661,,,,,,566661,,,,566661,566661,566661 40W LED Cand 27k 3pk,-- Unbranded --,-- No Unilog Brand --,-- No DIB Brand --,Phillips Lighting (5831),Signify N.V.,PHILIPS LIGHTING®,,566661,,,"PHILIPS LIGHTING®, Commercial Product, 566661",COMMERCIAL PRODUCT,"PHILIPS LIGHTING®, 566661, Commercial Product",PHILIPS LIGHTING® Commercial Product,"PHILIPS LIGHTING®, Commercial Product",,,,,,,,,,,,,,,,,,,,,,,,,,,"PHILIPS LIGHTING®, Commercial Product",Series,,,Model,,,Item Type,,,Voltage Rating,,,Amperage Rating,,,Dimensions,,,Mounting Type,,,Material,,,Color,,,Sound Level,,,Additional Information,,,,,,,,,,,,,,,PackQuantity,3 PK,,,,,,,,,,,,,,,,,,,,,,,,,,,,,,,,,,,,,,,,,,,,,,,,,,,,,,,,,,,,,,,,,,,,,,,,,,,,,,,,,,,,,,,,,,,,,,,,,,,,,,,,,,,,,,1,EA,,,,,,,,,,,,,,,,,,,,,,,,,,,,,,,,,,,,,US,No,No
https://www.lighting.philips.com/product/564898,,,,,,564898,,,,564898,564898,564898 60W Cand Led 50k 3pk,-- Unbranded --,-- No Unilog Brand --,-- No DIB Brand --,Phillips Lighting (5831),Signify N.V.,PHILIPS LIGHTING®,,564898,,,"PHILIPS LIGHTING®, Commercial Product, 564898",COMMERCIAL PRODUCT,"PHILIPS LIGHTING®, 564898, Commercial Product",PHILIPS LIGHTING® Commercial Product,"PHILIPS LIGHTING®, Commercial Product",,,,,,,,,,,,,,,,,,,,,,,,,,,"PHILIPS LIGHTING®, Commercial Product",Series,,,Model,,,Item Type,,,Voltage Rating,,,Amperage Rating,,,Dimensions,,,Mounting Type,,,Material,,,Color,,,Sound Level,,,Additional Information,,,,,,,,,,,,,,,PackQuantity,3 PK,,,,,,,,,,,,,,,,,,,,,,,,,,,,,,,,,,,,,,,,,,,,,,,,,,,,,,,,,,,,,,,,,,,,,,,,,,,,,,,,,,,,,,,,,,,,,,,,,,,,,,,,,,,,,,1,EA,,,,,,,,,,,,,,,,,,,,,,,,,,,,,,,,,,,,,US,No,No
https://www.lighting.philips.com/product/538319,,,,,,538319,,,,538319,538319,588525 40W Led Cand 3pk,-- Unbranded --,-- No Unilog Brand --,-- No DIB Brand --,Phillips Lighting (5831),Signify N.V.,PHILIPS LIGHTING®,,538319,,,"PHILIPS LIGHTING®, Commercial Product, 538319",COMMERCIAL PRODUCT,"PHILIPS LIGHTING®, 538319, Commercial Product",PHILIPS LIGHTING® Commercial Product,"PHILIPS LIGHTING®, Commercial Product",,,,,,,,,,,,,,,,,,,,,,,,,,,"PHILIPS LIGHTING®, Commercial Product",Series,,,Model,,,Item Type,,,Voltage Rating,,,Amperage Rating,,,Dimensions,,,Mounting Type,,,Material,,,Color,,,Sound Level,,,Additional Information,,,,,,,,,,,,,,,PackQuantity,3 PK,,,,,,,,,,,,,,,,,,,,,,,,,,,,,,,,,,,,,,,,,,,,,,,,,,,,,,,,,,,,,,,,,,,,,,,,,,,,,,,,,,,,,,,,,,,,,,,,,,,,,,,,,,,,,,1,EA,,,,,,,,,,,,,,,,,,,,,,,,,,,,,,,,,,,,,US,No,No
https://www.festoolusa.com/product/576009,,,,,,576009,,,,576009,576009,576009 100W Led Par30L Med 50k,-- Unbranded --,-- No Unilog Brand --,-- No DIB Brand --,Phillips Lighting (5831),Festool GmbH,FESTOOL®,,576009,,,"FESTOOL®, Commercial Product, 576009",COMMERCIAL PRODUCT,"FESTOOL®, 576009, Commercial Product",FESTOOL® Commercial Product,"FESTOOL®, Commercial Product",,,,,,,,,,,,,,,,,,,,,,,,,,,"FESTOOL®, Commercial Product",Series,,,Model,,,Item Type,,,Voltage Rating,,,Amperage Rating,,,Dimensions,,,Mounting Type,,,Material,,,Color,,,Sound Level,,,Additional Information,,,,,,,,,,,,,,,,,,,,,,,,,,,,,,,,,,,,,,,,,,,,,,,,,,,,,,,,,,,,,,,,,,,,,,,,,,,,,,,,,,,,,,,,,,,,,,,,,,,,,,,,,,,,,,,,,,,,,,,,,,,,,,1,EA,,,,,,,,,,,,,,,,,,,,,,,,,,,,,,,,,,,,,US,No,No
https://www.lighting.philips.com/product/564450,,,,,,564450,,,,564450,564450,564450 40W Led Cand 27k 2pk,-- Unbranded --,-- No Unilog Brand --,-- No DIB Brand --,Phillips Lighting (5831),Signify N.V.,PHILIPS LIGHTING®,,564450,,,"PHILIPS LIGHTING®, Commercial Product, 564450",COMMERCIAL PRODUCT,"PHILIPS LIGHTING®, 564450, Commercial Product",PHILIPS LIGHTING® Commercial Product,"PHILIPS LIGHTING®, Commercial Product",,,,,,,,,,,,,,,,,,,,,,,,,,,"PHILIPS LIGHTING®, Commercial Product",Series,,,Model,,,Item Type,,,Voltage Rating,,,Amperage Rating,,,Dimensions,,,Mounting Type,,,Material,,,Color,,,Sound Level,,,Additional Information,,,,,,,,,,,,,,,PackQuantity,2 PK,,,,,,,,,,,,,,,,,,,,,,,,,,,,,,,,,,,,,,,,,,,,,,,,,,,,,,,,,,,,,,,,,,,,,,,,,,,,,,,,,,,,,,,,,,,,,,,,,,,,,,,,,,,,,,1,EA,,,,,,,,,,,,,,,,,,,,,,,,,,,,,,,,,,,,,US,No,No
https://www.festoolusa.com/product/572669,,,,,,572669,,,,572669,572669,572669 60W Led F15 Med 27k,-- Unbranded --,-- No Unilog Brand --,-- No DIB Brand --,Phillips Lighting (5831),Festool GmbH,FESTOOL®,,572669,,,"FESTOOL®, Commercial Product, 572669",COMMERCIAL PRODUCT,"FESTOOL®, 572669, Commercial Product",FESTOOL® Commercial Product,"FESTOOL®, Commercial Product",,,,,,,,,,,,,,,,,,,,,,,,,,,"FESTOOL®, Commercial Product",Series,,,Model,,,Item Type,,,Voltage Rating,,,Amperage Rating,,,Dimensions,,,Mounting Type,,,Material,,,Color,,,Sound Level,,,Additional Information,,,,,,,,,,,,,,,,,,,,,,,,,,,,,,,,,,,,,,,,,,,,,,,,,,,,,,,,,,,,,,,,,,,,,,,,,,,,,,,,,,,,,,,,,,,,,,,,,,,,,,,,,,,,,,,,,,,,,,,,,,,,,,1,EA,,,,,,,,,,,,,,,,,,,,,,,,,,,,,,,,,,,,,US,No,No
https://www.lighting.philips.com/product/564906,,,,,,564906,,,,564906,564906,564906 60W Led Med 27k 2pk,-- Unbranded --,-- No Unilog Brand --,-- No DIB Brand --,Phillips Lighting (5831),Signify N.V.,PHILIPS LIGHTING®,,564906,,,"PHILIPS LIGHTING®, Commercial Product, 564906",COMMERCIAL PRODUCT,"PHILIPS LIGHTING®, 564906, Commercial Product",PHILIPS LIGHTING® Commercial Product,"PHILIPS LIGHTING®, Commercial Product",,,,,,,,,,,,,,,,,,,,,,,,,,,"PHILIPS LIGHTING®, Commercial Product",Series,,,Model,,,Item Type,,,Voltage Rating,,,Amperage Rating,,,Dimensions,,,Mounting Type,,,Material,,,Color,,,Sound Level,,,Additional Information,,,,,,,,,,,,,,,PackQuantity,2 PK,,,,,,,,,,,,,,,,,,,,,,,,,,,,,,,,,,,,,,,,,,,,,,,,,,,,,,,,,,,,,,,,,,,,,,,,,,,,,,,,,,,,,,,,,,,,,,,,,,,,,,,,,,,,,,1,EA,,,,,,,,,,,,,,,,,,,,,,,,,,,,,,,,,,,,,US,No,No
https://www.festoolusa.com/product/573410,,,,,,573410,,,,573410,573410,573410 40W Led A19 Med 27k 2pk,-- Unbranded --,-- No Unilog Brand --,-- No DIB Brand --,Phillips Lighting (5831),Festool GmbH,FESTOOL®,,573410,,,"FESTOOL®, Commercial Product, 573410",COMMERCIAL PRODUCT,"FESTOOL®, 573410, Commercial Product",FESTOOL® Commercial Product,"FESTOOL®, Commercial Product",,,,,,,,,,,,,,,,,,,,,,,,,,,"FESTOOL®, Commercial Product",Series,,,Model,,,Item Type,,,Voltage Rating,,,Amperage Rating,,,Dimensions,,,Mounting Type,,,Material,,,Color,,,Sound Level,,,Additional Information,,,,,,,,,,,,,,,PackQuantity,2 PK,,,,,,,,,,,,,,,,,,,,,,,,,,,,,,,,,,,,,,,,,,,,,,,,,,,,,,,,,,,,,,,,,,,,,,,,,,,,,,,,,,,,,,,,,,,,,,,,,,,,,,,,,,,,,,1,EA,,,,,,,,,,,,,,,,,,,,,,,,,,,,,,,,,,,,,US,No,No
https://www.festoolusa.com/product/576504,,,,,,576504,,,,576504,576504,576504 65W Led BR40 Med 50k,-- Unbranded --,-- No Unilog Brand --,-- No DIB Brand --,Phillips Lighting (5831),Festool GmbH,FESTOOL®,,576504,,,"FESTOOL®, Commercial Product, 576504",COMMERCIAL PRODUCT,"FESTOOL®, 576504, Commercial Product",FESTOOL® Commercial Product,"FESTOOL®, Commercial Product",,,,,,,,,,,,,,,,,,,,,,,,,,,"FESTOOL®, Commercial Product",Series,,,Model,,,Item Type,,,Voltage Rating,,,Amperage Rating,,,Dimensions,,,Mounting Type,,,Material,,,Color,,,Sound Level,,,Additional Information,,,,,,,,,,,,,,,,,,,,,,,,,,,,,,,,,,,,,,,,,,,,,,,,,,,,,,,,,,,,,,,,,,,,,,,,,,,,,,,,,,,,,,,,,,,,,,,,,,,,,,,,,,,,,,,,,,,,,,,,,,,,,,1,EA,,,,,,,,,,,,,,,,,,,,,,,,,,,,,,,,,,,,,US,No,No
https://www.festoolusa.com/product/576017,,,,,,576017,,,,576017,576017,576017 100W Led Par30L Med 30k,-- Unbranded --,-- No Unilog Brand --,-- No DIB Brand --,Phillips Lighting (5831),Festool GmbH,FESTOOL®,,576017,,,"FESTOOL®, Commercial Product, 576017",COMMERCIAL PRODUCT,"FESTOOL®, 576017, Commercial Product",FESTOOL® Commercial Product,"FESTOOL®, Commercial Product",,,,,,,,,,,,,,,,,,,,,,,,,,,"FESTOOL®, Commercial Product",Series,,,Model,,,Item Type,,,Voltage Rating,,,Amperage Rating,,,Dimensions,,,Mounting Type,,,Material,,,Color,,,Sound Level,,,Additional Information,,,,,,,,,,,,,,,,,,,,,,,,,,,,,,,,,,,,,,,,,,,,,,,,,,,,,,,,,,,,,,,,,,,,,,,,,,,,,,,,,,,,,,,,,,,,,,,,,,,,,,,,,,,,,,,,,,,,,,,,,,,,,,1,EA,,,,,,,,,,,,,,,,,,,,,,,,,,,,,,,,,,,,,US,No,No
https://www.festoolusa.com/product/574392,,,,,,574392,,,,574392,574392,574392 40W Led B11 Med 27k 3pk,-- Unbranded --,-- No Unilog Brand --,-- No DIB Brand --,Phillips Lighting (5831),Festool GmbH,FESTOOL®,,574392,,,"FESTOOL®, Commercial Product, 574392",COMMERCIAL PRODUCT,"FESTOOL®, 574392, Commercial Product",FESTOOL® Commercial Product,"FESTOOL®, Commercial Product",,,,,,,,,,,,,,,,,,,,,,,,,,,"FESTOOL®, Commercial Product",Series,,,Model,,,Item Type,,,Voltage Rating,,,Amperage Rating,,,Dimensions,,,Mounting Type,,,Material,,,Color,,,Sound Level,,,Additional Information,,,,,,,,,,,,,,,PackQuantity,3 PK,,,,,,,,,,,,,,,,,,,,,,,,,,,,,,,,,,,,,,,,,,,,,,,,,,,,,,,,,,,,,,,,,,,,,,,,,,,,,,,,,,,,,,,,,,,,,,,,,,,,,,,,,,,,,,1,EA,,,,,,,,,,,,,,,,,,,,,,,,,,,,,,,,,,,,,US,No,No
https://www.festoolusa.com/product/576751,,,,,,576751,,,,576751,576751,576751 65W Led BR30 Med 3pk,-- Unbranded --,-- No Unilog Brand --,-- No DIB Brand --,Phillips Lighting (5831),Festool GmbH,FESTOOL®,,576751,,,"FESTOOL®, Commercial Product, 576751",COMMERCIAL PRODUCT,"FESTOOL®, 576751, Commercial Product",FESTOOL® Commercial Product,"FESTOOL®, Commercial Product",,,,,,,,,,,,,,,,,,,,,,,,,,,"FESTOOL®, Commercial Product",Series,,,Model,,,Item Type,,,Voltage Rating,,,Amperage Rating,,,Dimensions,,,Mounting Type,,,Material,,,Color,,,Sound Level,,,Additional Information,,,,,,,,,,,,,,,PackQuantity,3 PK,,,,,,,,,,,,,,,,,,,,,,,,,,,,,,,,,,,,,,,,,,,,,,,,,,,,,,,,,,,,,,,,,,,,,,,,,,,,,,,,,,,,,,,,,,,,,,,,,,,,,,,,,,,,,,1,EA,,,,,,,,,,,,,,,,,,,,,,,,,,,,,,,,,,,,,US,No,No
https://www.ustape.com/product/583161,,,,,,583161,,,,583161,583161,583161 Led 65W Med BR30 3pk,-- Unbranded --,-- No Unilog Brand --,-- No DIB Brand --,Phillips Lighting (5831),U.S. Tape Company,U.S. TAPE®,,583161,,,"U.S. TAPE®, Commercial Product, 583161",COMMERCIAL PRODUCT,"U.S. TAPE®, 583161, Commercial Product",U.S. TAPE® Commercial Product,"U.S. TAPE®, Commercial Product",,,,,,,,,,,,,,,,,,,,,,,,,,,"U.S. TAPE®, Commercial Product",Series,,,Model,,,Item Type,,,Voltage Rating,,,Amperage Rating,,,Dimensions,,,Mounting Type,,,Material,,,Color,,,Sound Level,,,Additional Information,,,,,,,,,,,,,,,PackQuantity,3 PK,,,,,,,,,,,,,,,,,,,,,,,,,,,,,,,,,,,,,,,,,,,,,,,,,,,,,,,,,,,,,,,,,,,,,,,,,,,,,,,,,,,,,,,,,,,,,,,,,,,,,,,,,,,,,,1,EA,,,,,,,,,,,,,,,,,,,,,,,,,,,,,,,,,,,,,US,No,No
https://www.lighting.philips.com/product/566695,,,,,,566695,,,,566695,566695,566695 60W Led Med 27k 3pk,-- Unbranded --,-- No Unilog Brand --,-- No DIB Brand --,Phillips Lighting (5831),Signify N.V.,PHILIPS LIGHTING®,,566695,,,"PHILIPS LIGHTING®, Commercial Product, 566695",COMMERCIAL PRODUCT,"PHILIPS LIGHTING®, 566695, Commercial Product",PHILIPS LIGHTING® Commercial Product,"PHILIPS LIGHTING®, Commercial Product",,,,,,,,,,,,,,,,,,,,,,,,,,,"PHILIPS LIGHTING®, Commercial Product",Series,,,Model,,,Item Type,,,Voltage Rating,,,Amperage Rating,,,Dimensions,,,Mounting Type,,,Material,,,Color,,,Sound Level,,,Additional Information,,,,,,,,,,,,,,,PackQuantity,3 PK,,,,,,,,,,,,,,,,,,,,,,,,,,,,,,,,,,,,,,,,,,,,,,,,,,,,,,,,,,,,,,,,,,,,,,,,,,,,,,,,,,,,,,,,,,,,,,,,,,,,,,,,,,,,,,1,EA,,,,,,,,,,,,,,,,,,,,,,,,,,,,,,,,,,,,,US,No,No
https://www.festoolusa.com/product/577007,,,,,,577007,,,,577007,577007,577007 125W Led Med 30k Flood,-- Unbranded --,-- No Unilog Brand --,-- No DIB Brand --,Phillips Lighting (5831),Festool GmbH,FESTOOL®,,577007,,,"FESTOOL®, Commercial Product, 577007",COMMERCIAL PRODUCT,"FESTOOL®, 577007, Commercial Product",FESTOOL® Commercial Product,"FESTOOL®, Commercial Product",,,,,,,,,,,,,,,,,,,,,,,,,,,"FESTOOL®, Commercial Product",Series,,,Model,,,Item Type,,,Voltage Rating,,,Amperage Rating,,,Dimensions,,,Mounting Type,,,Material,,,Color,,,Sound Level,,,Additional Information,,,,,,,,,,,,,,,,,,,,,,,,,,,,,,,,,,,,,,,,,,,,,,,,,,,,,,,,,,,,,,,,,,,,,,,,,,,,,,,,,,,,,,,,,,,,,,,,,,,,,,,,,,,,,,,,,,,,,,,,,,,,,,1,EA,,,,,,,,,,,,,,,,,,,,,,,,,,,,,,,,,,,,,US,No,No
https://www.lighting.philips.com/product/566653,,,,,,566653,,,,566653,566653,566653 25W Led Cand 27k 3pk,-- Unbranded --,-- No Unilog Brand --,-- No DIB Brand --,Phillips Lighting (5831),Signify N.V.,PHILIPS LIGHTING®,,566653,,,"PHILIPS LIGHTING®, Commercial Product, 566653",COMMERCIAL PRODUCT,"PHILIPS LIGHTING®, 566653, Commercial Product",PHILIPS LIGHTING® Commercial Product,"PHILIPS LIGHTING®, Commercial Product",,,,,,,,,,,,,,,,,,,,,,,,,,,"PHILIPS LIGHTING®, Commercial Product",Series,,,Model,,,Item Type,,,Voltage Rating,,,Amperage Rating,,,Dimensions,,,Mounting Type,,,Material,,,Color,,,Sound Level,,,Additional Information,,,,,,,,,,,,,,,PackQuantity,3 PK,,,,,,,,,,,,,,,,,,,,,,,,,,,,,,,,,,,,,,,,,,,,,,,,,,,,,,,,,,,,,,,,,,,,,,,,,,,,,,,,,,,,,,,,,,,,,,,,,,,,,,,,,,,,,,1,EA,,,,,,,,,,,,,,,,,,,,,,,,,,,,,,,,,,,,,US,No,No
https://www.lighting.philips.com/product/566679,,,,,,566679,,,,566679,566679,566679 40W Led Med 27k 3pk,-- Unbranded --,-- No Unilog Brand --,-- No DIB Brand --,Phillips Lighting (5831),Signify N.V.,PHILIPS LIGHTING®,,566679,,,"PHILIPS LIGHTING®, Commercial Product, 566679",COMMERCIAL PRODUCT,"PHILIPS LIGHTING®, 566679, Commercial Product",PHILIPS LIGHTING® Commercial Product,"PHILIPS LIGHTING®, Commercial Product",,,,,,,,,,,,,,,,,,,,,,,,,,,"PHILIPS LIGHTING®, Commercial Product",Series,,,Model,,,Item Type,,,Voltage Rating,,,Amperage Rating,,,Dimensions,,,Mounting Type,,,Material,,,Color,,,Sound Level,,,Additional Information,,,,,,,,,,,,,,,PackQuantity,3 PK,,,,,,,,,,,,,,,,,,,,,,,,,,,,,,,,,,,,,,,,,,,,,,,,,,,,,,,,,,,,,,,,,,,,,,,,,,,,,,,,,,,,,,,,,,,,,,,,,,,,,,,,,,,,,,1,EA,,,,,,,,,,,,,,,,,,,,,,,,,,,,,,,,,,,,,US,No,No
https://www.festoolusa.com/product/573311,,,,,,573311,,,,573311,573311,573311 60W Led Med 27k 2pk,-- Unbranded --,-- No Unilog Brand --,-- No DIB Brand --,Phillips Lighting (5831),Festool GmbH,FESTOOL®,,573311,,,"FESTOOL®, Light Bulb, 573311",LIGHT BULB 120 A19,"FESTOOL®, 573311, Light Bulb","FESTOOL® Light Bulb, 120 V, A19","FESTOOL®, Light Bulb",,,,,,,,,,,,,,,,,,,,,,,,,,,Light Bulb,Series,,,Model,,,Item Type,,,Voltage Rating,120,,Amperage Rating,,,Dimensions,A19,,Mounting Type,,,Material,,,Color,,,Sound Level,,,Additional Information,,,,,,,,,,,,,,,wattage,60W,,color_temperature,27k,,pack_quantity,2pk,,,,,,,,,,,,,,,,,,,,,,,,,,,,,,,,,,,,,,,,,,,,,,,,,,,,,,,,,,,,,,,,,,,,,,,,,,,,,,,,,,,,,,,,,,,,,,,,,,,,,,,,1,EA,,,,,,,,,,,,,,,,,,,,,,,,,,,,,,,,,,,,,US,No,No
https://www.festoolusa.com/product/573394,,,,,,573394,,,,573394,573394,573394 60W Led Cand 27k 2pk,-- Unbranded --,-- No Unilog Brand --,-- No DIB Brand --,Phillips Lighting (5831),Festool GmbH,FESTOOL®,,573394,,,"FESTOOL®, Commercial Product, 573394",COMMERCIAL PRODUCT,"FESTOOL®, 573394, Commercial Product",FESTOOL® Commercial Product,"FESTOOL®, Commercial Product",,,,,,,,,,,,,,,,,,,,,,,,,,,"FESTOOL®, Commercial Product",Series,,,Model,,,Item Type,,,Voltage Rating,,,Amperage Rating,,,Dimensions,,,Mounting Type,,,Material,,,Color,,,Sound Level,,,Additional Information,,,,,,,,,,,,,,,PackQuantity,2 PK,,,,,,,,,,,,,,,,,,,,,,,,,,,,,,,,,,,,,,,,,,,,,,,,,,,,,,,,,,,,,,,,,,,,,,,,,,,,,,,,,,,,,,,,,,,,,,,,,,,,,,,,,,,,,,1,EA,,,,,,,,,,,,,,,,,,,,,,,,,,,,,,,,,,,,,US,No,No
https://www.festoolusa.com/product/573329,,,,,,573329,,,,573329,573329,573329 60W Cand Led 27k 2pk,-- Unbranded --,-- No Unilog Brand --,-- No DIB Brand --,Phillips Lighting (5831),Festool GmbH,FESTOOL®,,573329,,,"FESTOOL®, Commercial Product, 573329",COMMERCIAL PRODUCT,"FESTOOL®, 573329, Commercial Product",FESTOOL® Commercial Product,"FESTOOL®, Commercial Product",,,,,,,,,,,,,,,,,,,,,,,,,,,"FESTOOL®, Commercial Product",Series,,,Model,,,Item Type,,,Voltage Rating,,,Amperage Rating,,,Dimensions,,,Mounting Type,,,Material,,,Color,,,Sound Level,,,Additional Information,,,,,,,,,,,,,,,PackQuantity,2 PK,,,,,,,,,,,,,,,,,,,,,,,,,,,,,,,,,,,,,,,,,,,,,,,,,,,,,,,,,,,,,,,,,,,,,,,,,,,,,,,,,,,,,,,,,,,,,,,,,,,,,,,,,,,,,,1,EA,,,,,,,,,,,,,,,,,,,,,,,,,,,,,,,,,,,,,US,No,No
https://www.lighting.philips.com/product/564930,,,,,,564930,,,,564930,564930,564930 40W Cand Led 50k 3pk,-- Unbranded --,-- No Unilog Brand --,-- No DIB Brand --,Phillips Lighting (5831),Signify N.V.,PHILIPS LIGHTING®,,564930,,,"PHILIPS LIGHTING®, Commercial Product, 564930",COMMERCIAL PRODUCT,"PHILIPS LIGHTING®, 564930, Commercial Product",PHILIPS LIGHTING® Commercial Product,"PHILIPS LIGHTING®, Commercial Product",,,,,,,,,,,,,,,,,,,,,,,,,,,"PHILIPS LIGHTING®, Commercial Product",Series,,,Model,,,Item Type,,,Voltage Rating,,,Amperage Rating,,,Dimensions,,,Mounting Type,,,Material,,,Color,,,Sound Level,,,Additional Information,,,,,,,,,,,,,,,PackQuantity,3 PK,,,,,,,,,,,,,,,,,,,,,,,,,,,,,,,,,,,,,,,,,,,,,,,,,,,,,,,,,,,,,,,,,,,,,,,,,,,,,,,,,,,,,,,,,,,,,,,,,,,,,,,,,,,,,,1,EA,,,,,,,,,,,,,,,,,,,,,,,,,,,,,,,,,,,,,US,No,No
https://www.lighting.philips.com/product/565000,,,,,,565000,,,,565000,565000,565000 60W Led Med 27k 2pk,-- Unbranded --,-- No Unilog Brand --,-- No DIB Brand --,Phillips Lighting (5831),Signify N.V.,PHILIPS LIGHTING®,,565000,,,"PHILIPS LIGHTING®, Commercial Product, 565000",COMMERCIAL PRODUCT,"PHILIPS LIGHTING®, 565000, Commercial Product",PHILIPS LIGHTING® Commercial Product,"PHILIPS LIGHTING®, Commercial Product",,,,,,,,,,,,,,,,,,,,,,,,,,,"PHILIPS LIGHTING®, Commercial Product",Series,,,Model,,,Item Type,,,Voltage Rating,,,Amperage Rating,,,Dimensions,,,Mounting Type,,,Material,,,Color,,,Sound Level,,,Additional Information,,,,,,,,,,,,,,,PackQuantity,2 PK,,,,,,,,,,,,,,,,,,,,,,,,,,,,,,,,,,,,,,,,,,,,,,,,,,,,,,,,,,,,,,,,,,,,,,,,,,,,,,,,,,,,,,,,,,,,,,,,,,,,,,,,,,,,,,1,EA,,,,,,,,,,,,,,,,,,,,,,,,,,,,,,,,,,,,,US,No,No
https://www.lighting.philips.com/product/564922,,,,,,564922,,,,564922,564922,564922 60W Led BA11 50k 3pk,-- Unbranded --,-- No Unilog Brand --,-- No DIB Brand --,Phillips Lighting (5831),Signify N.V.,PHILIPS LIGHTING®,,564922,,,"PHILIPS LIGHTING®, Commercial Product, 564922",COMMERCIAL PRODUCT,"PHILIPS LIGHTING®, 564922, Commercial Product",PHILIPS LIGHTING® Commercial Product,"PHILIPS LIGHTING®, Commercial Product",,,,,,,,,,,,,,,,,,,,,,,,,,,"PHILIPS LIGHTING®, Commercial Product",Series,,,Model,,,Item Type,,,Voltage Rating,,,Amperage Rating,,,Dimensions,,,Mounting Type,,,Material,,,Color,,,Sound Level,,,Additional Information,,,,,,,,,,,,,,,PackQuantity,3 PK,,,,,,,,,,,,,,,,,,,,,,,,,,,,,,,,,,,,,,,,,,,,,,,,,,,,,,,,,,,,,,,,,,,,,,,,,,,,,,,,,,,,,,,,,,,,,,,,,,,,,,,,,,,,,,1,EA,,,,,,,,,,,,,,,,,,,,,,,,,,,,,,,,,,,,,US,No,No
https://www.festoolusa.com/product/573295,,,,,,573295,,,,573295,573295,573295 40W Led Med 27k 2pk,-- Unbranded --,-- No Unilog Brand --,-- No DIB Brand --,Phillips Lighting (5831),Festool GmbH,FESTOOL®,,573295,,,"FESTOOL®, Commercial Product, 573295",COMMERCIAL PRODUCT,"FESTOOL®, 573295, Commercial Product",FESTOOL® Commercial Product,"FESTOOL®, Commercial Product",,,,,,,,,,,,,,,,,,,,,,,,,,,"FESTOOL®, Commercial Product",Series,,,Model,,,Item Type,,,Voltage Rating,,,Amperage Rating,,,Dimensions,,,Mounting Type,,,Material,,,Color,,,Sound Level,,,Additional Information,,,,,,,,,,,,,,,PackQuantity,2 PK,,,,,,,,,,,,,,,,,,,,,,,,,,,,,,,,,,,,,,,,,,,,,,,,,,,,,,,,,,,,,,,,,,,,,,,,,,,,,,,,,,,,,,,,,,,,,,,,,,,,,,,,,,,,,,1,EA,,,,,,,,,,,,,,,,,,,,,,,,,,,,,,,,,,,,,US,No,No
https://www.lighting.philips.com/product/564914,,,,,,564914,,,,564914,564914,564914 60W Med Led 50k 2pk,-- Unbranded --,-- No Unilog Brand --,-- No DIB Brand --,Phillips Lighting (5831),Signify N.V.,PHILIPS LIGHTING®,,564914,,,"PHILIPS LIGHTING®, Commercial Product, 564914",COMMERCIAL PRODUCT,"PHILIPS LIGHTING®, 564914, Commercial Product",PHILIPS LIGHTING® Commercial Product,"PHILIPS LIGHTING®, Commercial Product",,,,,,,,,,,,,,,,,,,,,,,,,,,"PHILIPS LIGHTING®, Commercial Product",Series,,,Model,,,Item Type,,,Voltage Rating,,,Amperage Rating,,,Dimensions,,,Mounting Type,,,Material,,,Color,,,Sound Level,,,Additional Information,,,,,,,,,,,,,,,PackQuantity,2 PK,,,,,,,,,,,,,,,,,,,,,,,,,,,,,,,,,,,,,,,,,,,,,,,,,,,,,,,,,,,,,,,,,,,,,,,,,,,,,,,,,,,,,,,,,,,,,,,,,,,,,,,,,,,,,,1,EA,,,,,,,,,,,,,,,,,,,,,,,,,,,,,,,,,,,,,US,No,No
https://www.festoolusa.com/product/573485,,,,,,573485,,,,573485,573485,573485 60W Led A19 Med 50k 2pk,-- Unbranded --,-- No Unilog Brand --,-- No DIB Brand --,Phillips Lighting (5831),Festool GmbH,FESTOOL®,,573485,,,"FESTOOL®, Commercial Product, 573485",COMMERCIAL PRODUCT,"FESTOOL®, 573485, Commercial Product",FESTOOL® Commercial Product,"FESTOOL®, Commercial Product",,,,,,,,,,,,,,,,,,,,,,,,,,,"FESTOOL®, Commercial Product",Series,,,Model,,,Item Type,,,Voltage Rating,,,Amperage Rating,,,Dimensions,,,Mounting Type,,,Material,,,Color,,,Sound Level,,,Additional Information,,,,,,,,,,,,,,,PackQuantity,2 PK,,,,,,,,,,,,,,,,,,,,,,,,,,,,,,,,,,,,,,,,,,,,,,,,,,,,,,,,,,,,,,,,,,,,,,,,,,,,,,,,,,,,,,,,,,,,,,,,,,,,,,,,,,,,,,1,EA,,,,,,,,,,,,,,,,,,,,,,,,,,,,,,,,,,,,,US,No,No
https://www.festoolusa.com/product/573337,,,,,,573337,,,,573337,573337,573337 40W Led G25 Med 50k 2pk,-- Unbranded --,-- No Unilog Brand --,-- No DIB Brand --,Phillips Lighting (5831),Festool GmbH,FESTOOL®,,573337,,,"FESTOOL®, Commercial Product, 573337",COMMERCIAL PRODUCT,"FESTOOL®, 573337, Commercial Product",FESTOOL® Commercial Product,"FESTOOL®, Commercial Product",,,,,,,,,,,,,,,,,,,,,,,,,,,"FESTOOL®, Commercial Product",Series,,,Model,,,Item Type,,,Voltage Rating,,,Amperage Rating,,,Dimensions,,,Mounting Type,,,Material,,,Color,,,Sound Level,,,Additional Information,,,,,,,,,,,,,,,PackQuantity,2 PK,,,,,,,,,,,,,,,,,,,,,,,,,,,,,,,,,,,,,,,,,,,,,,,,,,,,,,,,,,,,,,,,,,,,,,,,,,,,,,,,,,,,,,,,,,,,,,,,,,,,,,,,,,,,,,1,EA,,,,,,,,,,,,,,,,,,,,,,,,,,,,,,,,,,,,,US,No,No
https://www.lighting.philips.com/product/544874,,,,,,544874,,,,544874,544874,544874 32W Led T8 UBulb 40k,-- Unbranded --,-- No Unilog Brand --,-- No DIB Brand --,Phillips Lighting (5831),Signify N.V.,PHILIPS LIGHTING®,,544874,,,"PHILIPS LIGHTING®, Commercial Product, 544874",COMMERCIAL PRODUCT,"PHILIPS LIGHTING®, 544874, Commercial Product",PHILIPS LIGHTING® Commercial Product,"PHILIPS LIGHTING®, Commercial Product",,,,,,,,,,,,,,,,,,,,,,,,,,,"PHILIPS LIGHTING®, Commercial Product",Series,,,Model,,,Item Type,,,Voltage Rating,,,Amperage Rating,,,Dimensions,,,Mounting Type,,,Material,,,Color,,,Sound Level,,,Additional Information,,,,,,,,,,,,,,,,,,,,,,,,,,,,,,,,,,,,,,,,,,,,,,,,,,,,,,,,,,,,,,,,,,,,,,,,,,,,,,,,,,,,,,,,,,,,,,,,,,,,,,,,,,,,,,,,,,,,,,,,,,,,,,1,EA,,,,,,,,,,,,,,,,,,,,,,,,,,,,,,,,,,,,,US,No,No
https://www.festoolusa.com/product/570846,,,,,,570846,,,,570846,570846,570846 50W Led Med 22K 2pk,-- Unbranded --,-- No Unilog Brand --,-- No DIB Brand --,Phillips Lighting (5831),Festool GmbH,FESTOOL®,,570846,,,"FESTOOL®, Commercial Product, 570846",COMMERCIAL PRODUCT,"FESTOOL®, 570846, Commercial Product",FESTOOL® Commercial Product,"FESTOOL®, Commercial Product",,,,,,,,,,,,,,,,,,,,,,,,,,,"FESTOOL®, Commercial Product",Series,,,Model,,,Item Type,,,Voltage Rating,,,Amperage Rating,,,Dimensions,,,Mounting Type,,,Material,,,Color,,,Sound Level,,,Additional Information,,,,,,,,,,,,,,,PackQuantity,2 PK,,,,,,,,,,,,,,,,,,,,,,,,,,,,,,,,,,,,,,,,,,,,,,,,,,,,,,,,,,,,,,,,,,,,,,,,,,,,,,,,,,,,,,,,,,,,,,,,,,,,,,,,,,,,,,1,EA,,,,,,,,,,,,,,,,,,,,,,,,,,,,,,,,,,,,,US,No,No
https://www.lighting.philips.com/product/565473,,,,,,565473,,,,565473,565473,565473 60W Led A19 Bulb 2pk,-- Unbranded --,-- No Unilog Brand --,-- No DIB Brand --,Phillips Lighting (5831),Signify N.V.,PHILIPS LIGHTING®,,565473,,,"PHILIPS LIGHTING®, Commercial Product, 565473",COMMERCIAL PRODUCT,"PHILIPS LIGHTING®, 565473, Commercial Product",PHILIPS LIGHTING® Commercial Product,"PHILIPS LIGHTING®, Commercial Product",,,,,,,,,,,,,,,,,,,,,,,,,,,"PHILIPS LIGHTING®, Commercial Product",Series,,,Model,,,Item Type,,,Voltage Rating,,,Amperage Rating,,,Dimensions,,,Mounting Type,,,Material,,,Color,,,Sound Level,,,Additional Information,,,,,,,,,,,,,,,PackQuantity,2 PK,,,,,,,,,,,,,,,,,,,,,,,,,,,,,,,,,,,,,,,,,,,,,,,,,,,,,,,,,,,,,,,,,,,,,,,,,,,,,,,,,,,,,,,,,,,,,,,,,,,,,,,,,,,,,,1,EA,,,,,,,,,,,,,,,,,,,,,,,,,,,,,,,,,,,,,US,No,No
https://www.festoolusa.com/product/573402,,,,,,573402,,,,573402,573402,573402 60W Led Med 50k 2pk,-- Unbranded --,-- No Unilog Brand --,-- No DIB Brand --,Phillips Lighting (5831),Festool GmbH,FESTOOL®,,573402,,,"FESTOOL®, Commercial Product, 573402",COMMERCIAL PRODUCT,"FESTOOL®, 573402, Commercial Product",FESTOOL® Commercial Product,"FESTOOL®, Commercial Product",,,,,,,,,,,,,,,,,,,,,,,,,,,"FESTOOL®, Commercial Product",Series,,,Model,,,Item Type,,,Voltage Rating,,,Amperage Rating,,,Dimensions,,,Mounting Type,,,Material,,,Color,,,Sound Level,,,Additional Information,,,,,,,,,,,,,,,PackQuantity,2 PK,,,,,,,,,,,,,,,,,,,,,,,,,,,,,,,,,,,,,,,,,,,,,,,,,,,,,,,,,,,,,,,,,,,,,,,,,,,,,,,,,,,,,,,,,,,,,,,,,,,,,,,,,,,,,,1,EA,,,,,,,,,,,,,,,,,,,,,,,,,,,,,,,,,,,,,US,No,No
https://www.festoolusa.com/product/573352,,,,,,573352,,,,573352,573352,573352 40W Led Med 27k 2pk,-- Unbranded --,-- No Unilog Brand --,-- No DIB Brand --,Phillips Lighting (5831),Festool GmbH,FESTOOL®,,573352,,,"FESTOOL®, Commercial Product, 573352",COMMERCIAL PRODUCT,"FESTOOL®, 573352, Commercial Product",FESTOOL® Commercial Product,"FESTOOL®, Commercial Product",,,,,,,,,,,,,,,,,,,,,,,,,,,"FESTOOL®, Commercial Product",Series,,,Model,,,Item Type,,,Voltage Rating,,,Amperage Rating,,,Dimensions,,,Mounting Type,,,Material,,,Color,,,Sound Level,,,Additional Information,,,,,,,,,,,,,,,PackQuantity,2 PK,,,,,,,,,,,,,,,,,,,,,,,,,,,,,,,,,,,,,,,,,,,,,,,,,,,,,,,,,,,,,,,,,,,,,,,,,,,,,,,,,,,,,,,,,,,,,,,,,,,,,,,,,,,,,,1,EA,,,,,,,,,,,,,,,,,,,,,,,,,,,,,,,,,,,,,US,No,No
https://www.festoolusa.com/product/573428,,,,,,573428,,,,573428,573428,573428 40W Med Led 50k 2pk,-- Unbranded --,-- No Unilog Brand --,-- No DIB Brand --,Phillips Lighting (5831),Festool GmbH,FESTOOL®,,573428,,,"FESTOOL®, Commercial Product, 573428",COMMERCIAL PRODUCT,"FESTOOL®, 573428, Commercial Product",FESTOOL® Commercial Product,"FESTOOL®, Commercial Product",,,,,,,,,,,,,,,,,,,,,,,,,,,"FESTOOL®, Commercial Product",Series,,,Model,,,Item Type,,,Voltage Rating,,,Amperage Rating,,,Dimensions,,,Mounting Type,,,Material,,,Color,,,Sound Level,,,Additional Information,,,,,,,,,,,,,,,PackQuantity,2 PK,,,,,,,,,,,,,,,,,,,,,,,,,,,,,,,,,,,,,,,,,,,,,,,,,,,,,,,,,,,,,,,,,,,,,,,,,,,,,,,,,,,,,,,,,,,,,,,,,,,,,,,,,,,,,,1,EA,,,,,,,,,,,,,,,,,,,,,,,,,,,,,,,,,,,,,US,No,No
https://www.festoolusa.com/product/573386,,,,,,573386,,,,573386,573386,573386 60W Led Med 27k 2pk,-- Unbranded --,-- No Unilog Brand --,-- No DIB Brand --,Phillips Lighting (5831),Festool GmbH,FESTOOL®,,573386,,,"FESTOOL®, Commercial Product, 573386",COMMERCIAL PRODUCT,"FESTOOL®, 573386, Commercial Product",FESTOOL® Commercial Product,"FESTOOL®, Commercial Product",,,,,,,,,,,,,,,,,,,,,,,,,,,"FESTOOL®, Commercial Product",Series,,,Model,,,Item Type,,,Voltage Rating,,,Amperage Rating,,,Dimensions,,,Mounting Type,,,Material,,,Color,,,Sound Level,,,Additional Information,,,,,,,,,,,,,,,PackQuantity,2 PK,,,,,,,,,,,,,,,,,,,,,,,,,,,,,,,,,,,,,,,,,,,,,,,,,,,,,,,,,,,,,,,,,,,,,,,,,,,,,,,,,,,,,,,,,,,,,,,,,,,,,,,,,,,,,,1,EA,,,,,,,,,,,,,,,,,,,,,,,,,,,,,,,,,,,,,US,No,No
https://www.lighting.philips.com/product/564948,,,,,,564948,,,,564948,564948,564948 40W Led Med 50k 3pk,-- Unbranded --,-- No Unilog Brand --,-- No DIB Brand --,Phillips Lighting (5831),Signify N.V.,PHILIPS LIGHTING®,,564948,,,"PHILIPS LIGHTING®, Commercial Product, 564948",COMMERCIAL PRODUCT,"PHILIPS LIGHTING®, 564948, Commercial Product",PHILIPS LIGHTING® Commercial Product,"PHILIPS LIGHTING®, Commercial Product",,,,,,,,,,,,,,,,,,,,,,,,,,,"PHILIPS LIGHTING®, Commercial Product",Series,,,Model,,,Item Type,,,Voltage Rating,,,Amperage Rating,,,Dimensions,,,Mounting Type,,,Material,,,Color,,,Sound Level,,,Additional Information,,,,,,,,,,,,,,,PackQuantity,3 PK,,,,,,,,,,,,,,,,,,,,,,,,,,,,,,,,,,,,,,,,,,,,,,,,,,,,,,,,,,,,,,,,,,,,,,,,,,,,,,,,,,,,,,,,,,,,,,,,,,,,,,,,,,,,,,1,EA,,,,,,,,,,,,,,,,,,,,,,,,,,,,,,,,,,,,,US,No,No
https://www.festoolusa.com/product/573303,,,,,,573303,,,,573303,573303,573303 40W Led Cand 27k 2pk,-- Unbranded --,-- No Unilog Brand --,-- No DIB Brand --,Phillips Lighting (5831),Festool GmbH,FESTOOL®,,573303,,,"FESTOOL®, Commercial Product, 573303",COMMERCIAL PRODUCT,"FESTOOL®, 573303, Commercial Product",FESTOOL® Commercial Product,"FESTOOL®, Commercial Product",,,,,,,,,,,,,,,,,,,,,,,,,,,"FESTOOL®, Commercial Product",Series,,,Model,,,Item Type,,,Voltage Rating,,,Amperage Rating,,,Dimensions,,,Mounting Type,,,Material,,,Color,,,Sound Level,,,Additional Information,,,,,,,,,,,,,,,PackQuantity,2 PK,,,,,,,,,,,,,,,,,,,,,,,,,,,,,,,,,,,,,,,,,,,,,,,,,,,,,,,,,,,,,,,,,,,,,,,,,,,,,,,,,,,,,,,,,,,,,,,,,,,,,,,,,,,,,,1,EA,,,,,,,,,,,,,,,,,,,,,,,,,,,,,,,,,,,,,US,No,No
https://www.festoolusa.com/product/573188,,,,,,573188,,,,573188,573188,573188 250W Led Par38 Med 50k,-- Unbranded --,-- No Unilog Brand --,-- No DIB Brand --,Phillips Lighting (5831),Festool GmbH,FESTOOL®,,573188,,,"FESTOOL®, Commercial Product, 573188",COMMERCIAL PRODUCT,"FESTOOL®, 573188, Commercial Product",FESTOOL® Commercial Product,"FESTOOL®, Commercial Product",,,,,,,,,,,,,,,,,,,,,,,,,,,"FESTOOL®, Commercial Product",Series,,,Model,,,Item Type,,,Voltage Rating,,,Amperage Rating,,,Dimensions,,,Mounting Type,,,Material,,,Color,,,Sound Level,,,Additional Information,,,,,,,,,,,,,,,,,,,,,,,,,,,,,,,,,,,,,,,,,,,,,,,,,,,,,,,,,,,,,,,,,,,,,,,,,,,,,,,,,,,,,,,,,,,,,,,,,,,,,,,,,,,,,,,,,,,,,,,,,,,,,,1,EA,,,,,,,,,,,,,,,,,,,,,,,,,,,,,,,,,,,,,US,No,No
https://www.festoolusa.com/product/573469,,,,,,573469,,,,573469,573469,573469 40W Led A19 Med 50k 2pk,-- Unbranded --,-- No Unilog Brand --,-- No DIB Brand --,Phillips Lighting (5831),Festool GmbH,FESTOOL®,,573469,,,"FESTOOL®, Commercial Product, 573469",COMMERCIAL PRODUCT,"FESTOOL®, 573469, Commercial Product",FESTOOL® Commercial Product,"FESTOOL®, Commercial Product",,,,,,,,,,,,,,,,,,,,,,,,,,,"FESTOOL®, Commercial Product",Series,,,Model,,,Item Type,,,Voltage Rating,,,Amperage Rating,,,Dimensions,,,Mounting Type,,,Material,,,Color,,,Sound Level,,,Additional Information,,,,,,,,,,,,,,,PackQuantity,2 PK,,,,,,,,,,,,,,,,,,,,,,,,,,,,,,,,,,,,,,,,,,,,,,,,,,,,,,,,,,,,,,,,,,,,,,,,,,,,,,,,,,,,,,,,,,,,,,,,,,,,,,,,,,,,,,1,EA,,,,,,,,,,,,,,,,,,,,,,,,,,,,,,,,,,,,,US,No,No
https://www.lighting.philips.com/product/565671,,,,,,565671,,,,565671,565671,565671 25W Led Med 20K,-- Unbranded --,-- No Unilog Brand --,-- No DIB Brand --,Phillips Lighting (5831),Signify N.V.,PHILIPS LIGHTING®,,565671,,,"PHILIPS LIGHTING®, Commercial Product, 565671",COMMERCIAL PRODUCT,"PHILIPS LIGHTING®, 565671, Commercial Product",PHILIPS LIGHTING® Commercial Product,"PHILIPS LIGHTING®, Commercial Product",,,,,,,,,,,,,,,,,,,,,,,,,,,"PHILIPS LIGHTING®, Commercial Product",Series,,,Model,,,Item Type,,,Voltage Rating,,,Amperage Rating,,,Dimensions,,,Mounting Type,,,Material,,,Color,,,Sound Level,,,Additional Information,,,,,,,,,,,,,,,,,,,,,,,,,,,,,,,,,,,,,,,,,,,,,,,,,,,,,,,,,,,,,,,,,,,,,,,,,,,,,,,,,,,,,,,,,,,,,,,,,,,,,,,,,,,,,,,,,,,,,,,,,,,,,,1,EA,,,,,,,,,,,,,,,,,,,,,,,,,,,,,,,,,,,,,US,No,No
https://www.festoolusa.com/product/573204,,,,,,573204,,,,573204,573204,573204 75W Led Par20 Med 50k,-- Unbranded --,-- No Unilog Brand --,-- No DIB Brand --,Phillips Lighting (5831),Festool GmbH,FESTOOL®,,573204,,,"FESTOOL®, Commercial Product, 573204",COMMERCIAL PRODUCT,"FESTOOL®, 573204, Commercial Product",FESTOOL® Commercial Product,"FESTOOL®, Commercial Product",,,,,,,,,,,,,,,,,,,,,,,,,,,"FESTOOL®, Commercial Product",Series,,,Model,,,Item Type,,,Voltage Rating,,,Amperage Rating,,,Dimensions,,,Mounting Type,,,Material,,,Color,,,Sound Level,,,Additional Information,,,,,,,,,,,,,,,,,,,,,,,,,,,,,,,,,,,,,,,,,,,,,,,,,,,,,,,,,,,,,,,,,,,,,,,,,,,,,,,,,,,,,,,,,,,,,,,,,,,,,,,,,,,,,,,,,,,,,,,,,,,,,,1,EA,,,,,,,,,,,,,,,,,,,,,,,,,,,,,,,,,,,,,US,No,No
https://www.ustape.com/product/581199,,,,,,581199,,,,581199,581199,581199 60W Led Med 2pk,-- Unbranded --,-- No Unilog Brand --,-- No DIB Brand --,Phillips Lighting (5831),U.S. Tape Company,U.S. TAPE®,,581199,,,"U.S. TAPE®, Commercial Product, 581199",COMMERCIAL PRODUCT,"U.S. TAPE®, 581199, Commercial Product",U.S. TAPE® Commercial Product,"U.S. TAPE®, Commercial Product",,,,,,,,,,,,,,,,,,,,,,,,,,,"U.S. TAPE®, Commercial Product",Series,,,Model,,,Item Type,,,Voltage Rating,,,Amperage Rating,,,Dimensions,,,Mounting Type,,,Material,,,Color,,,Sound Level,,,Additional Information,,,,,,,,,,,,,,,PackQuantity,2 PK,,,,,,,,,,,,,,,,,,,,,,,,,,,,,,,,,,,,,,,,,,,,,,,,,,,,,,,,,,,,,,,,,,,,,,,,,,,,,,,,,,,,,,,,,,,,,,,,,,,,,,,,,,,,,,1,EA,,,,,,,,,,,,,,,,,,,,,,,,,,,,,,,,,,,,,US,No,No
https://www.lighting.philips.com/product/565887,,,,,,565887,,,,565887,565887,565887 60W Led Med 20k,-- Unbranded --,-- No Unilog Brand --,-- No DIB Brand --,Phillips Lighting (5831),Signify N.V.,PHILIPS LIGHTING®,,565887,,,"PHILIPS LIGHTING®, Commercial Product, 565887",COMMERCIAL PRODUCT,"PHILIPS LIGHTING®, 565887, Commercial Product",PHILIPS LIGHTING® Commercial Product,"PHILIPS LIGHTING®, Commercial Product",,,,,,,,,,,,,,,,,,,,,,,,,,,"PHILIPS LIGHTING®, Commercial Product",Series,,,Model,,,Item Type,,,Voltage Rating,,,Amperage Rating,,,Dimensions,,,Mounting Type,,,Material,,,Color,,,Sound Level,,,Additional Information,,,,,,,,,,,,,,,,,,,,,,,,,,,,,,,,,,,,,,,,,,,,,,,,,,,,,,,,,,,,,,,,,,,,,,,,,,,,,,,,,,,,,,,,,,,,,,,,,,,,,,,,,,,,,,,,,,,,,,,,,,,,,,1,EA,,,,,,,,,,,,,,,,,,,,,,,,,,,,,,,,,,,,,US,No,No
https://www.ustape.com/product/586867,,,,,,586867,,,,586867,586867,586867 60W Led Med 27K,-- Unbranded --,-- No Unilog Brand --,-- No DIB Brand --,Phillips Lighting (5831),U.S. Tape Company,U.S. TAPE®,,586867,,,"U.S. TAPE®, Commercial Product, 586867",COMMERCIAL PRODUCT,"U.S. TAPE®, 586867, Commercial Product",U.S. TAPE® Commercial Product,"U.S. TAPE®, Commercial Product",,,,,,,,,,,,,,,,,,,,,,,,,,,"U.S. TAPE®, Commercial Product",Series,,,Model,,,Item Type,,,Voltage Rating,,,Amperage Rating,,,Dimensions,,,Mounting Type,,,Material,,,Color,,,Sound Level,,,Additional Information,,,,,,,,,,,,,,,,,,,,,,,,,,,,,,,,,,,,,,,,,,,,,,,,,,,,,,,,,,,,,,,,,,,,,,,,,,,,,,,,,,,,,,,,,,,,,,,,,,,,,,,,,,,,,,,,,,,,,,,,,,,,,,1,EA,,,,,,,,,,,,,,,,,,,,,,,,,,,,,,,,,,,,,US,No,No
https://www.lighting.philips.com/product/568451,,,,,,568451,,,,568451,568451,5686451 50W Led Med 50k 2pk,-- Unbranded --,-- No Unilog Brand --,-- No DIB Brand --,Phillips Lighting (5831),Signify N.V.,PHILIPS LIGHTING®,,568451,,,"PHILIPS LIGHTING®, Commercial Product, 568451",COMMERCIAL PRODUCT,"PHILIPS LIGHTING®, 568451, Commercial Product",PHILIPS LIGHTING® Commercial Product,"PHILIPS LIGHTING®, Commercial Product",,,,,,,,,,,,,,,,,,,,,,,,,,,"PHILIPS LIGHTING®, Commercial Product",Series,,,Model,,,Item Type,,,Voltage Rating,,,Amperage Rating,,,Dimensions,,,Mounting Type,,,Material,,,Color,,,Sound Level,,,Additional Information,,,,,,,,,,,,,,,PackQuantity,2 PK,,,,,,,,,,,,,,,,,,,,,,,,,,,,,,,,,,,,,,,,,,,,,,,,,,,,,,,,,,,,,,,,,,,,,,,,,,,,,,,,,,,,,,,,,,,,,,,,,,,,,,,,,,,,,,1,EA,,,,,,,,,,,,,,,,,,,,,,,,,,,,,,,,,,,,,US,No,No
https://www.lighting.philips.com/product/568444,,,,,,568444,,,,568444,568444,568444 90W Led Par38 50k 2pk,-- Unbranded --,-- No Unilog Brand --,-- No DIB Brand --,Phillips Lighting (5831),Signify N.V.,PHILIPS LIGHTING®,,568444,,,"PHILIPS LIGHTING®, Commercial Product, 568444",COMMERCIAL PRODUCT,"PHILIPS LIGHTING®, 568444, Commercial Product",PHILIPS LIGHTING® Commercial Product,"PHILIPS LIGHTING®, Commercial Product",,,,,,,,,,,,,,,,,,,,,,,,,,,"PHILIPS LIGHTING®, Commercial Product",Series,,,Model,,,Item Type,,,Voltage Rating,,,Amperage Rating,,,Dimensions,,,Mounting Type,,,Material,,,Color,,,Sound Level,,,Additional Information,,,,,,,,,,,,,,,PackQuantity,2 PK,,,,,,,,,,,,,,,,,,,,,,,,,,,,,,,,,,,,,,,,,,,,,,,,,,,,,,,,,,,,,,,,,,,,,,,,,,,,,,,,,,,,,,,,,,,,,,,,,,,,,,,,,,,,,,1,EA,,,,,,,,,,,,,,,,,,,,,,,,,,,,,,,,,,,,,US,No,No
https://www.festoolusa.com/product/573196,,,,,,573196,,,,573196,573196,573196 75W Led Med 30K,-- Unbranded --,-- No Unilog Brand --,-- No DIB Brand --,Phillips Lighting (5831),Festool GmbH,FESTOOL®,,573196,,,"FESTOOL®, Commercial Product, 573196",COMMERCIAL PRODUCT,"FESTOOL®, 573196, Commercial Product",FESTOOL® Commercial Product,"FESTOOL®, Commercial Product",,,,,,,,,,,,,,,,,,,,,,,,,,,"FESTOOL®, Commercial Product",Series,,,Model,,,Item Type,,,Voltage Rating,,,Amperage Rating,,,Dimensions,,,Mounting Type,,,Material,,,Color,,,Sound Level,,,Additional Information,,,,,,,,,,,,,,,,,,,,,,,,,,,,,,,,,,,,,,,,,,,,,,,,,,,,,,,,,,,,,,,,,,,,,,,,,,,,,,,,,,,,,,,,,,,,,,,,,,,,,,,,,,,,,,,,,,,,,,,,,,,,,,1,EA,,,,,,,,,,,,,,,,,,,,,,,,,,,,,,,,,,,,,US,No,No
https://www.lighting.philips.com/product/564500,,,,,,564500,,,,564500,564500,564500 75W Adj Base 50k 3pk,-- Unbranded --,-- No Unilog Brand --,-- No DIB Brand --,Phillips Lighting (5831),Signify N.V.,PHILIPS LIGHTING®,,564500,,,"PHILIPS LIGHTING®, Commercial Product, 564500",COMMERCIAL PRODUCT,"PHILIPS LIGHTING®, 564500, Commercial Product",PHILIPS LIGHTING® Commercial Product,"PHILIPS LIGHTING®, Commercial Product",,,,,,,,,,,,,,,,,,,,,,,,,,,"PHILIPS LIGHTING®, Commercial Product",Series,,,Model,,,Item Type,,,Voltage Rating,,,Amperage Rating,,,Dimensions,,,Mounting Type,,,Material,,,Color,,,Sound Level,,,Additional Information,,,,,,,,,,,,,,,PackQuantity,3 PK,,,,,,,,,,,,,,,,,,,,,,,,,,,,,,,,,,,,,,,,,,,,,,,,,,,,,,,,,,,,,,,,,,,,,,,,,,,,,,,,,,,,,,,,,,,,,,,,,,,,,,,,,,,,,,1,EA,,,,,,,,,,,,,,,,,,,,,,,,,,,,,,,,,,,,,US,No,No
https://www.festoolusa.com/product/571513,,,,,,571513,,,,571513,571513,571513 40/60/100 Led Med 27k,-- Unbranded --,-- No Unilog Brand --,-- No DIB Brand --,Phillips Lighting (5831),Festool GmbH,FESTOOL®,,571513,,,"FESTOOL®, Commercial Product, 571513",COMMERCIAL PRODUCT,"FESTOOL®, 571513, Commercial Product",FESTOOL® Commercial Product,"FESTOOL®, Commercial Product",,,,,,,,,,,,,,,,,,,,,,,,,,,"FESTOOL®, Commercial Product",Series,,,Model,,,Item Type,,,Voltage Rating,,,Amperage Rating,,,Dimensions,,,Mounting Type,,,Material,,,Color,,,Sound Level,,,Additional Information,,,,,,,,,,,,,,,,,,,,,,,,,,,,,,,,,,,,,,,,,,,,,,,,,,,,,,,,,,,,,,,,,,,,,,,,,,,,,,,,,,,,,,,,,,,,,,,,,,,,,,,,,,,,,,,,,,,,,,,,,,,,,,1,EA,,,,,,,,,,,,,,,,,,,,,,,,,,,,,,,,,,,,,US,No,No
https://www.ustape.com/product/588566,,,,,,588566,,,,588566,588566,588566 40W Led Med 55k 3pk,-- Unbranded --,-- No Unilog Brand --,-- No DIB Brand --,Phillips Lighting (5831),U.S. Tape Company,U.S. TAPE®,,588566,,,"U.S. TAPE®, Commercial Product, 588566",COMMERCIAL PRODUCT,"U.S. TAPE®, 588566, Commercial Product",U.S. TAPE® Commercial Product,"U.S. TAPE®, Commercial Product",,,,,,,,,,,,,,,,,,,,,,,,,,,"U.S. TAPE®, Commercial Product",Series,,,Model,,,Item Type,,,Voltage Rating,,,Amperage Rating,,,Dimensions,,,Mounting Type,,,Material,,,Color,,,Sound Level,,,Additional Information,,,,,,,,,,,,,,,PackQuantity,3 PK,,,,,,,,,,,,,,,,,,,,,,,,,,,,,,,,,,,,,,,,,,,,,,,,,,,,,,,,,,,,,,,,,,,,,,,,,,,,,,,,,,,,,,,,,,,,,,,,,,,,,,,,,,,,,,1,EA,,,,,,,,,,,,,,,,,,,,,,,,,,,,,,,,,,,,,US,No,No
https://www.lighting.philips.com/product/565655,,,,,,565655,,,,565655,565655,565655 25W Led A15 Med 20k,-- Unbranded --,-- No Unilog Brand --,-- No DIB Brand --,Phillips Lighting (5831),Signify N.V.,PHILIPS LIGHTING®,,565655,,,"PHILIPS LIGHTING®, Commercial Product, 565655",COMMERCIAL PRODUCT,"PHILIPS LIGHTING®, 565655, Commercial Product",PHILIPS LIGHTING® Commercial Product,"PHILIPS LIGHTING®, Commercial Product",,,,,,,,,,,,,,,,,,,,,,,,,,,"PHILIPS LIGHTING®, Commercial Product",Series,,,Model,,,Item Type,,,Voltage Rating,,,Amperage Rating,,,Dimensions,,,Mounting Type,,,Material,,,Color,,,Sound Level,,,Additional Information,,,,,,,,,,,,,,,,,,,,,,,,,,,,,,,,,,,,,,,,,,,,,,,,,,,,,,,,,,,,,,,,,,,,,,,,,,,,,,,,,,,,,,,,,,,,,,,,,,,,,,,,,,,,,,,,,,,,,,,,,,,,,,1,EA,,,,,,,,,,,,,,,,,,,,,,,,,,,,,,,,,,,,,US,No,No
https://www.lighting.philips.com/product/565812,,,,,,565812,,,,565812,565812,565812 60W Med Led 50k,-- Unbranded --,-- No Unilog Brand --,-- No DIB Brand --,Phillips Lighting (5831),Signify N.V.,PHILIPS LIGHTING®,,565812,,,"PHILIPS LIGHTING®, Commercial Product, 565812",COMMERCIAL PRODUCT,"PHILIPS LIGHTING®, 565812, Commercial Product",PHILIPS LIGHTING® Commercial Product,"PHILIPS LIGHTING®, Commercial Product",,,,,,,,,,,,,,,,,,,,,,,,,,,"PHILIPS LIGHTING®, Commercial Product",Series,,,Model,,,Item Type,,,Voltage Rating,,,Amperage Rating,,,Dimensions,,,Mounting Type,,,Material,,,Color,,,Sound Level,,,Additional Information,,,,,,,,,,,,,,,,,,,,,,,,,,,,,,,,,,,,,,,,,,,,,,,,,,,,,,,,,,,,,,,,,,,,,,,,,,,,,,,,,,,,,,,,,,,,,,,,,,,,,,,,,,,,,,,,,,,,,,,,,,,,,,1,EA,,,,,,,,,,,,,,,,,,,,,,,,,,,,,,,,,,,,,US,No,No
https://www.ustape.com/product/586917,,,,,,586917,,,,586917,586917,586917 40W Led Cand 27K 2pk,-- Unbranded --,-- No Unilog Brand --,-- No DIB Brand --,Phillips Lighting (5831),U.S. Tape Company,U.S. TAPE®,,586917,,,"U.S. TAPE®, Commercial Product, 586917",COMMERCIAL PRODUCT,"U.S. TAPE®, 586917, Commercial Product",U.S. TAPE® Commercial Product,"U.S. TAPE®, Commercial Product",,,,,,,,,,,,,,,,,,,,,,,,,,,"U.S. TAPE®, Commercial Product",Series,,,Model,,,Item Type,,,Voltage Rating,,,Amperage Rating,,,Dimensions,,,Mounting Type,,,Material,,,Color,,,Sound Level,,,Additional Information,,,,,,,,,,,,,,,PackQuantity,2 PK,,,,,,,,,,,,,,,,,,,,,,,,,,,,,,,,,,,,,,,,,,,,,,,,,,,,,,,,,,,,,,,,,,,,,,,,,,,,,,,,,,,,,,,,,,,,,,,,,,,,,,,,,,,,,,1,EA,,,,,,,,,,,,,,,,,,,,,,,,,,,,,,,,,,,,,US,No,No
,,,,,,46719,,,,46719,46719,49719 Wall Light Motion Wh,-- Unbranded --,-- No Unilog Brand --,-- No DIB Brand --,Maxsa Innovations (MAXIN),Maxsa Innovations,Maxsa Innovations,,46719,,,"Maxsa Innovations, Commercial Product, 46719",COMMERCIAL PRODUCT,"Maxsa Innovations, 46719, Commercial Product",Maxsa Innovations Commercial Product,"Maxsa Innovations, Commercial Product",,,,,,,,,,,,,,,,,,,,,,,,,,,"Maxsa Innovations, Commercial Product",Series,,,Model,,,Item Type,,,Voltage Rating,,,Amperage Rating,,,Dimensions,,,Mounting Type,,,Material,,,Color,,,Sound Level,,,Additional Information,,,,,,,,,,,,,,,,,,,,,,,,,,,,,,,,,,,,,,,,,,,,,,,,,,,,,,,,,,,,,,,,,,,,,,,,,,,,,,,,,,,,,,,,,,,,,,,,,,,,,,,,,,,,,,,,,,,,,,,,,,,,,,1,EA,,,,,,,,,,,,,,,,,,,,,,,,,,,,,,,,,,,,,US,No,No
https://www.ustape.com/product/59061BSL,,,,,,59061BSL,,,,59061BSL,59061BSL,59061BSL Kichler Ext Wall Lt,-- Unbranded --,-- No Unilog Brand --,-- No DIB Brand --,Kichler Lighting (KICLI),U.S. Tape Company,U.S. TAPE®,,59061BSL,,,"U.S. TAPE®, Commercial Product, 59061BSL",COMMERCIAL PRODUCT,"U.S. TAPE®, 59061BSL, Commercial Product",U.S. TAPE® Commercial Product,"U.S. TAPE®, Commercial Product",,,,,,,,,,,,,,,,,,,,,,,,,,,"U.S. TAPE®, Commercial Product",Series,,,Model,,,Item Type,,,Voltage Rating,,,Amperage Rating,,,Dimensions,,,Mounting Type,,,Material,,,Color,,,Sound Level,,,Additional Information,,,,,,,,,,,,,,,,,,,,,,,,,,,,,,,,,,,,,,,,,,,,,,,,,,,,,,,,,,,,,,,,,,,,,,,,,,,,,,,,,,,,,,,,,,,,,,,,,,,,,,,,,,,,,,,,,,,,,,,,,,,,,,1,EA,,,,,,,,,,,,,,,,,,,,,,,,,,,,,,,,,,,,,US,No,No
https://www.ustape.com/product/59062BSL,,,,,,59062BSL,,,,59062BSL,59062BSL,59062BSL Kichler Ext Wall Lt,-- Unbranded --,-- No Unilog Brand --,-- No DIB Brand --,Kichler Lighting (KICLI),U.S. Tape Company,U.S. TAPE®,,59062BSL,,,"U.S. TAPE®, Commercial Product, 59062BSL",COMMERCIAL PRODUCT,"U.S. TAPE®, 59062BSL, Commercial Product",U.S. TAPE® Commercial Product,"U.S. TAPE®, Commercial Product",,,,,,,,,,,,,,,,,,,,,,,,,,,"U.S. TAPE®, Commercial Product",Series,,,Model,,,Item Type,,,Voltage Rating,,,Amperage Rating,,,Dimensions,,,Mounting Type,,,Material,,,Color,,,Sound Level,,,Additional Information,,,,,,,,,,,,,,,,,,,,,,,,,,,,,,,,,,,,,,,,,,,,,,,,,,,,,,,,,,,,,,,,,,,,,,,,,,,,,,,,,,,,,,,,,,,,,,,,,,,,,,,,,,,,,,,,,,,,,,,,,,,,,,1,EA,,,,,,,,,,,,,,,,,,,,,,,,,,,,,,,,,,,,,US,No,No
https://www.ustape.com/product/59124BKT,,,,,,59124BKT,,,,59124BKT,59124BKT,59124BKT Kichler Ext Wall Lt,-- Unbranded --,-- No Unilog Brand --,-- No DIB Brand --,Kichler Lighting (KICLI),U.S. Tape Company,U.S. TAPE®,,59124BKT,,,"U.S. TAPE®, Commercial Product, 59124BKT",COMMERCIAL PRODUCT,"U.S. TAPE®, 59124BKT, Commercial Product",U.S. TAPE® Commercial Product,"U.S. TAPE®, Commercial Product",,,,,,,,,,,,,,,,,,,,,,,,,,,"U.S. TAPE®, Commercial Product",Series,,,Model,,,Item Type,,,Voltage Rating,,,Amperage Rating,,,Dimensions,,,Mounting Type,,,Material,,,Color,,,Sound Level,,,Additional Information,,,,,,,,,,,,,,,,,,,,,,,,,,,,,,,,,,,,,,,,,,,,,,,,,,,,,,,,,,,,,,,,,,,,,,,,,,,,,,,,,,,,,,,,,,,,,,,,,,,,,,,,,,,,,,,,,,,,,,,,,,,,,,1,EA,,,,,,,,,,,,,,,,,,,,,,,,,,,,,,,,,,,,,US,No,No
https://www.ustape.com/product/59025BK,,,,,,59025BK,,,,59025BK,59025BK,59025BK Kichler Post Lt,-- Unbranded --,-- No Unilog Brand --,-- No DIB Brand --,Kichler Lighting (KICLI),U.S. Tape Company,U.S. TAPE®,,59025BK,,,"U.S. TAPE®, Commercial Product, 59025BK",COMMERCIAL PRODUCT,"U.S. TAPE®, 59025BK, Commercial Product",U.S. TAPE® Commercial Product,"U.S. TAPE®, Commercial Product",,,,,,,,,,,,,,,,,,,,,,,,,,,"U.S. TAPE®, Commercial Product",Series,,,Model,,,Item Type,,,Voltage Rating,,,Amperage Rating,,,Dimensions,,,Mounting Type,,,Material,,,Color,,,Sound Level,,,Additional Information,,,,,,,,,,,,,,,,,,,,,,,,,,,,,,,,,,,,,,,,,,,,,,,,,,,,,,,,,,,,,,,,,,,,,,,,,,,,,,,,,,,,,,,,,,,,,,,,,,,,,,,,,,,,,,,,,,,,,,,,,,,,,,1,EA,,,,,,,,,,,,,,,,,,,,,,,,,,,,,,,,,,,,,US,No,No
https://www.dewalt.com/product/DCL183,,,,,,DCL183,,,,DCL183,DCL183,Dewalt DCL183 Light - Rechargeable,-- Unbranded --,-- No Unilog Brand --,-- No DIB Brand --,Black & Decker/dewlt (2585),Stanley Black & Decker,DEWALT®,,DCL183,,,"DEWALT®, Commercial Product, DCL183",COMMERCIAL PRODUCT,"DEWALT®, DCL183, Commercial Product",DEWALT® Commercial Product,"DEWALT®, Commercial Product",,,,,,,,,,,,,,,,,,,,,,,,,,,"DEWALT®, Commercial Product",Series,,,Model,,,Item Type,,,Voltage Rating,,,Amperage Rating,,,Dimensions,,,Mounting Type,,,Material,,,Color,,,Sound Level,,,Additional Information,,,,,,,,,,,,,,,,,,,,,,,,,,,,,,,,,,,,,,,,,,,,,,,,,,,,,,,,,,,,,,,,,,,,,,,,,,,,,,,,,,,,,,,,,,,,,,,,,,,,,,,,,,,,,,,,,,,,,,,,,,,,,,1,EA,,,,,,,,,,,,,,,,,,,,,,,,,,,,,,,,,,,,,US,No,No
,,,,,,73020,,,,73020,73020,73020 Nano Clip Light Bk,-- Unbranded --,-- No Unilog Brand --,-- No DIB Brand --,Streamlight (7277),Streamlight,Streamlight,,73020,,,"Streamlight, Commercial Product, 73020",COMMERCIAL PRODUCT,"Streamlight, 73020, Commercial Product",Streamlight Commercial Product,"Streamlight, Commercial Product",,,,,,,,,,,,,,,,,,,,,,,,,,,"Streamlight, Commercial Product",Series,,,Model,,,Item Type,,,Voltage Rating,,,Amperage Rating,,,Dimensions,,,Mounting Type,,,Material,,,Color,,,Sound Level,,,Additional Information,,,,,,,,,,,,,,,,,,,,,,,,,,,,,,,,,,,,,,,,,,,,,,,,,,,,,,,,,,,,,,,,,,,,,,,,,,,,,,,,,,,,,,,,,,,,,,,,,,,,,,,,,,,,,,,,,,,,,,,,,,,,,,1,EA,,,,,,,,,,,,,,,,,,,,,,,,,,,,,,,,,,,,,US,No,No
,,,,,,NEB-FLT-1021,,,,NEB-FLT-1021,NEB-FLT-1021,NEBFLT1021 Slyde King FlashLt,-- Unbranded --,-- No Unilog Brand --,-- No DIB Brand --,ACG Brands (1154),ACG Brands,ACG Brands,,NEB-FLT-1021,,,"ACG Brands, Commercial Product, NEB-FLT-1021",COMMERCIAL PRODUCT,"ACG Brands, NEB-FLT-1021, Commercial Product",ACG Brands Commercial Product,"ACG Brands, Commercial Product",,,,,,,,,,,,,,,,,,,,,,,,,,,"ACG Brands, Commercial Product",Series,,,Model,,,Item Type,,,Voltage Rating,,,Amperage Rating,,,Dimensions,,,Mounting Type,,,Material,,,Color,,,Sound Level,,,Additional Information,,,,,,,,,,,,,,,,,,,,,,,,,,,,,,,,,,,,,,,,,,,,,,,,,,,,,,,,,,,,,,,,,,,,,,,,,,,,,,,,,,,,,,,,,,,,,,,,,,,,,,,,,,,,,,,,,,,,,,,,,,,,,,1,EA,,,,,,,,,,,,,,,,,,,,,,,,,,,,,,,,,,,,,US,No,No
,,,,,,NEB-FLT-0053,,,,NEB-FLT-0053,NEB-FLT-0053,NEBFLT0053 2600L Flash Light,-- Unbranded --,-- No Unilog Brand --,-- No DIB Brand --,ACG Brands (1154),ACG Brands,ACG Brands,,NEB-FLT-0053,,,"ACG Brands, Commercial Product, NEB-FLT-0053",COMMERCIAL PRODUCT,"ACG Brands, NEB-FLT-0053, Commercial Product",ACG Brands Commercial Product,"ACG Brands, Commercial Product",,,,,,,,,,,,,,,,,,,,,,,,,,,"ACG Brands, Commercial Product",Series,,,Model,,,Item Type,,,Voltage Rating,,,Amperage Rating,,,Dimensions,,,Mounting Type,,,Material,,,Color,,,Sound Level,,,Additional Information,,,,,,,,,,,,,,,,,,,,,,,,,,,,,,,,,,,,,,,,,,,,,,,,,,,,,,,,,,,,,,,,,,,,,,,,,,,,,,,,,,,,,,,,,,,,,,,,,,,,,,,,,,,,,,,,,,,,,,,,,,,,,,1,EA,,,,,,,,,,,,,,,,,,,,,,,,,,,,,,,,,,,,,US,No,No
,,,,,,97708,,,,97708,97708,97708 Police 800L Headlight,-- Unbranded --,-- No Unilog Brand --,-- No DIB Brand --,Police Security (9470),Police Security,Police Security,,97708,,,"Police Security, Commercial Product, 97708",COMMERCIAL PRODUCT,"Police Security, 97708, Commercial Product",Police Security Commercial Product,"Police Security, Commercial Product",,,,,,,,,,,,,,,,,,,,,,,,,,,"Police Security, Commercial Product",Series,,,Model,,,Item Type,,,Voltage Rating,,,Amperage Rating,,,Dimensions,,,Mounting Type,,,Material,,,Color,,,Sound Level,,,Additional Information,,,,,,,,,,,,,,,,,,,,,,,,,,,,,,,,,,,,,,,,,,,,,,,,,,,,,,,,,,,,,,,,,,,,,,,,,,,,,,,,,,,,,,,,,,,,,,,,,,,,,,,,,,,,,,,,,,,,,,,,,,,,,,1,EA,,,,,,,,,,,,,,,,,,,,,,,,,,,,,,,,,,,,,US,No,No
,,,,,,WORK6000XLTPPLUG,,,,WORK6000XLTPPLUG,WORK6000XLTPPLUG,6000L Twin Head Work Light,-- Unbranded --,-- No Unilog Brand --,-- No DIB Brand --,Feit Electric (3468),Feit Electric,Feit Electric,,WORK6000XLTPPLUG,,,"Feit Electric, Commercial Product, WORK6000XLTPPLUG",COMMERCIAL PRODUCT,"Feit Electric, WORK6000XLTPPLUG, Commercial Product",Feit Electric Commercial Product,"Feit Electric, Commercial Product",,,,,,,,,,,,,,,,,,,,,,,,,,,"Feit Electric, Commercial Product",Series,,,Model,,,Item Type,,,Voltage Rating,,,Amperage Rating,,,Dimensions,,,Mounting Type,,,Material,,,Color,,,Sound Level,,,Additional Information,,,,,,,,,,,,,,,,,,,,,,,,,,,,,,,,,,,,,,,,,,,,,,,,,,,,,,,,,,,,,,,,,,,,,,,,,,,,,,,,,,,,,,,,,,,,,,,,,,,,,,,,,,,,,,,,,,,,,,,,,,,,,,1,EA,,,,,,,,,,,,,,,,,,,,,,,,,,,,,,,,,,,,,US,No,No
https://www.se.com/product/HOM2040M200PRB,,,,,,HOM2040M200PRB,,,,HOM2040M200PRB,HOM2040M200PRB,HOM2040M200PRB 200A Load Cntr,-- Unbranded --,-- No Unilog Brand --,-- No DIB Brand --,Square D Con Prod Dv (6825),Schneider Electric,SQUARE D®,,HOM2040M200PRB,,,"SQUARE D®, Commercial Product, HOM2040M200PRB",COMMERCIAL PRODUCT,"SQUARE D®, HOM2040M200PRB, Commercial Product","SQUARE D® Commercial Product, 200 A","SQUARE D®, Commercial Product",,,,,,,,,,,,,,,,,,,,,,,,,,,"SQUARE D®, Commercial Product",Series,,,Model,,,Item Type,,,Voltage Rating,,,Amperage Rating,200,A,Dimensions,,,Mounting Type,,,Material,,,Color,,,Sound Level,,,Additional Information,,,,,,,,,,,,,,,,,,,,,,,,,,,,,,,,,,,,,,,,,,,,,,,,,,,,,,,,,,,,,,,,,,,,,,,,,,,,,,,,,,,,,,,,,,,,,,,,,,,,,,,,,,,,,,,,,,,,,,,,,,,,,,1,EA,,,,,,,,,,,,,,,,,,,,,,,,,,,,,,,,,,,,,US,No,No
https://www.se.com/product/HOM3060L225PGC,,,,,,HOM3060L225PGC,,,,HOM3060L225PGC,HOM3060L225PGC,HOM3060L225PGC 225 Load Center,-- Unbranded --,-- No Unilog Brand --,-- No DIB Brand --,Square D Con Prod Dv (6825),Schneider Electric,SQUARE D®,,HOM3060L225PGC,,,"SQUARE D®, Commercial Product, HOM3060L225PGC",COMMERCIAL PRODUCT,"SQUARE D®, HOM3060L225PGC, Commercial Product",SQUARE D® Commercial Product,"SQUARE D®, Commercial Product",,,,,,,,,,,,,,,,,,,,,,,,,,,"SQUARE D®, Commercial Product",Series,,,Model,,,Item Type,,,Voltage Rating,,,Amperage Rating,,,Dimensions,,,Mounting Type,,,Material,,,Color,,,Sound Level,,,Additional Information,,,,,,,,,,,,,,,,,,,,,,,,,,,,,,,,,,,,,,,,,,,,,,,,,,,,,,,,,,,,,,,,,,,,,,,,,,,,,,,,,,,,,,,,,,,,,,,,,,,,,,,,,,,,,,,,,,,,,,,,,,,,,,1,EA,,,,,,,,,,,,,,,,,,,,,,,,,,,,,,,,,,,,,US,No,No
https://www.se.com/product/QO612L100RBCP,,,,,,QO612L100RBCP,,,,QO612L100RBCP,QO612L100RBCP,QO612L100RBCP 100A Load Center,-- Unbranded --,-- No Unilog Brand --,-- No DIB Brand --,Square D Con Prod Dv (6825),Schneider Electric,SQUARE D®,,QO612L100RBCP,,,"SQUARE D®, Commercial Product, QO612L100RBCP",COMMERCIAL PRODUCT,"SQUARE D®, QO612L100RBCP, Commercial Product","SQUARE D® Commercial Product, 100 A","SQUARE D®, Commercial Product",,,,,,,,,,,,,,,,,,,,,,,,,,,"SQUARE D®, Commercial Product",Series,,,Model,,,Item Type,,,Voltage Rating,,,Amperage Rating,100,A,Dimensions,,,Mounting Type,,,Material,,,Color,,,Sound Level,,,Additional Information,,,,,,,,,,,,,,,,,,,,,,,,,,,,,,,,,,,,,,,,,,,,,,,,,,,,,,,,,,,,,,,,,,,,,,,,,,,,,,,,,,,,,,,,,,,,,,,,,,,,,,,,,,,,,,,,,,,,,,,,,,,,,,1,EA,,,,,,,,,,,,,,,,,,,,,,,,,,,,,,,,,,,,,US,No,No
https://www.southwire.com/product/13093005,,,,,,13093005,,,,13093005,13093005,4/0 Aluminum Entrance Cable (Linear Foot),-- Unbranded --,-- No Unilog Brand --,-- No DIB Brand --,Southwire/g Turner (6603),Southwire Company,SOUTHWIRE®,,13093005,,,"SOUTHWIRE®, Commercial Product, 13093005, Aluminum",COMMERCIAL PRODUCT ALUM,"SOUTHWIRE®, 13093005, Commercial Product, Aluminum","SOUTHWIRE® Commercial Product, Aluminum","SOUTHWIRE®, Commercial Product, Aluminum",,,,,,,,,,,,,,,,,,,,,,,,,,,"SOUTHWIRE®, Commercial Product, Aluminum",Series,,,Model,,,Item Type,,,Voltage Rating,,,Amperage Rating,,,Dimensions,,,Mounting Type,,,Material,Aluminum,,Color,,,Sound Level,,,Additional Information,,,,,,,,,,,,,,,,,,,,,,,,,,,,,,,,,,,,,,,,,,,,,,,,,,,,,,,,,,,,,,,,,,,,,,,,,,,,,,,,,,,,,,,,,,,,,,,,,,,,,,,,,,,,,,,,,,,,,,,,,,,,,,1,EA,,,,,,,,,,,,,,,,,,,,,,,,,,,,,,,,,,,,,US,No,No
https://www.boschtools.com/product/12-4 SO,,,,,,12-4 SO,,,,12-4 SO,12-4 SO,12-4 SO Cord (Linear Foot),-- Unbranded --,-- No Unilog Brand --,-- No DIB Brand --,-,Robert Bosch GmbH,BOSCH®,,12-4 SO,,,"BOSCH®, Commercial Product, 12-4 SO",COMMERCIAL PRODUCT,"BOSCH®, 12-4 SO, Commercial Product",BOSCH® Commercial Product,"BOSCH®, Commercial Product",,,,,,,,,,,,,,,,,,,,,,,,,,,"BOSCH®, Commercial Product",Series,,,Model,,,Item Type,,,Voltage Rating,,,Amperage Rating,,,Dimensions,,,Mounting Type,,,Material,,,Color,,,Sound Level,,,Additional Information,,,,,,,,,,,,,,,,,,,,,,,,,,,,,,,,,,,,,,,,,,,,,,,,,,,,,,,,,,,,,,,,,,,,,,,,,,,,,,,,,,,,,,,,,,,,,,,,,,,,,,,,,,,,,,,,,,,,,,,,,,,,,,1,EA,,,,,,,,,,,,,,,,,,,,,,,,,,,,,,,,,,,,,US,No,No
https://www.southwire.com/product/96263-46-06,,,,,,96263-46-06,,,,96263-46-06,96263-46-06,96263-46-06 CAT5E Wire (Linear Foot),-- Unbranded --,-- No Unilog Brand --,-- No DIB Brand --,Woods Wire Southwire (7579),Southwire Company,SOUTHWIRE®,,96263-46-06,,,"SOUTHWIRE®, Commercial Product, 96263-46-06",COMMERCIAL PRODUCT,"SOUTHWIRE®, 96263-46-06, Commercial Product",SOUTHWIRE® Commercial Product,"SOUTHWIRE®, Commercial Product",,,,,,,,,,,,,,,,,,,,,,,,,,,"SOUTHWIRE®, Commercial Product",Series,,,Model,,,Item Type,,,Voltage Rating,,,Amperage Rating,,,Dimensions,,,Mounting Type,,,Material,,,Color,,,Sound Level,,,Additional Information,,,,,,,,,,,,,,,,,,,,,,,,,,,,,,,,,,,,,,,,,,,,,,,,,,,,,,,,,,,,,,,,,,,,,,,,,,,,,,,,,,,,,,,,,,,,,,,,,,,,,,,,,,,,,,,,,,,,,,,,,,,,,,1,EA,,,,,,,,,,,,,,,,,,,,,,,,,,,,,,,,,,,,,US,No,No
https://www.southwire.com/product/R50003-ID,,,,,,R50003-ID,,,,R50003-ID,R50003-ID,16-2 Stranded Wire CL3 500' (Linear Foot),-- Unbranded --,-- No Unilog Brand --,-- No DIB Brand --,Southwire/g Turner (6603),Southwire Company,SOUTHWIRE®,,R50003-ID,,,"SOUTHWIRE®, Commercial Product, R50003-ID",COMMERCIAL PRODUCT,"SOUTHWIRE®, R50003-ID, Commercial Product",SOUTHWIRE® Commercial Product,"SOUTHWIRE®, Commercial Product",,,,,,,,,,,,,,,,,,,,,,,,,,,"SOUTHWIRE®, Commercial Product",Series,,,Model,,,Item Type,,,Voltage Rating,,,Amperage Rating,,,Dimensions,,,Mounting Type,,,Material,,,Color,,,Sound Level,,,Additional Information,,,,,,,,,,,,,,,,,,,,,,,,,,,,,,,,,,,,,,,,,,,,,,,,,,,,,,,,,,,,,,,,,,,,,,,,,,,,,,,,,,,,,,,,,,,,,,,,,,,,,,,,,,,,,,,,,,,,,,,,,,,,,,1,EA,,,,,,,,,,,,,,,,,,,,,,,,,,,,,,,,,,,,,US,No,No
https://www.southwire.com/product/10-4 SO,,,,,,10-4 SO,,,,10-4 SO,10-4 SO,10-4 SO Cord (Linear Foot),-- Unbranded --,-- No Unilog Brand --,-- No DIB Brand --,Southwire/g Turner (6603),Southwire Company,SOUTHWIRE®,,10-4 SO,,,"SOUTHWIRE®, Commercial Product, 10-4 SO",COMMERCIAL PRODUCT,"SOUTHWIRE®, 10-4 SO, Commercial Product",SOUTHWIRE® Commercial Product,"SOUTHWIRE®, Commercial Product",,,,,,,,,,,,,,,,,,,,,,,,,,,"SOUTHWIRE®, Commercial Product",Series,,,Model,,,Item Type,,,Voltage Rating,,,Amperage Rating,,,Dimensions,,,Mounting Type,,,Material,,,Color,,,Sound Level,,,Additional Information,,,,,,,,,,,,,,,,,,,,,,,,,,,,,,,,,,,,,,,,,,,,,,,,,,,,,,,,,,,,,,,,,,,,,,,,,,,,,,,,,,,,,,,,,,,,,,,,,,,,,,,,,,,,,,,,,,,,,,,,,,,,,,1,EA,,,,,,,,,,,,,,,,,,,,,,,,,,,,,,,,,,,,,US,No,No
,,,,,,23346-0408,,,,23346-0408,23346-0408,23346-0408 Wire 16/3 SJEWA 250 (Linear Foot),-- Unbranded --,-- No Unilog Brand --,-- No DIB Brand --,-,-,-,,23346-0408,,,"-, Commercial Product, 23346-0408",COMMERCIAL PRODUCT,"-, 23346-0408, Commercial Product",- Commercial Product,"-, Commercial Product",,,,,,,,,,,,,,,,,,,,,,,,,,,"-, Commercial Product",Series,,,Model,,,Item Type,,,Voltage Rating,,,Amperage Rating,,,Dimensions,,,Mounting Type,,,Material,,,Color,,,Sound Level,,,Additional Information,,,,,,,,,,,,,,,,,,,,,,,,,,,,,,,,,,,,,,,,,,,,,,,,,,,,,,,,,,,,,,,,,,,,,,,,,,,,,,,,,,,,,,,,,,,,,,,,,,,,,,,,,,,,,,,,,,,,,,,,,,,,,,1,EA,,,,,,,,,,,,,,,,,,,,,,,,,,,,,,,,,,,,,US,No,No
https://www.southwire.com/product/2/2/4 UD ALUM,,,,,,2/2/4 UD ALUM,,,,2/2/4 UD ALUM,2/2/4 UD ALUM,2/2/4 UD Aluminum Triplex Wire (Linear Foot),-- Unbranded --,-- No Unilog Brand --,-- No DIB Brand --,Southwire/g Turner (6603),Southwire Company,SOUTHWIRE®,,2/2/4 UD ALUM,,,"SOUTHWIRE®, Commercial Product, 2/2/4 UD ALUM, Aluminum",COMMERCIAL PRODUCT ALUM,"SOUTHWIRE®, 2/2/4 UD ALUM, Commercial Product, Aluminum","SOUTHWIRE® Commercial Product, Aluminum","SOUTHWIRE®, Commercial Product, Aluminum",,,,,,,,,,,,,,,,,,,,,,,,,,,"SOUTHWIRE®, Commercial Product, Aluminum",Series,,,Model,,,Item Type,,,Voltage Rating,,,Amperage Rating,,,Dimensions,,,Mounting Type,,,Material,Aluminum,,Color,,,Sound Level,,,Additional Information,,,,,,,,,,,,,,,,,,,,,,,,,,,,,,,,,,,,,,,,,,,,,,,,,,,,,,,,,,,,,,,,,,,,,,,,,,,,,,,,,,,,,,,,,,,,,,,,,,,,,,,,,,,,,,,,,,,,,,,,,,,,,,1,EA,,,,,,,,,,,,,,,,,,,,,,,,,,,,,,,,,,,,,US,No,No
https://www.kichler.com/product/55418901,,,,,,55418901,,,,55418901,55418901,6/6/6 UD Triplex Aluminum Wire,-- Unbranded --,-- No Unilog Brand --,-- No DIB Brand --,Southwire/g Turner (6603),Kichler Lighting LLC,KICHLER®,,55418901,,,"KICHLER®, Commercial Product, 55418901, Aluminum",COMMERCIAL PRODUCT ALUM,"KICHLER®, 55418901, Commercial Product, Aluminum","KICHLER® Commercial Product, Aluminum","KICHLER®, Commercial Product, Aluminum",,,,,,,,,,,,,,,,,,,,,,,,,,,"KICHLER®, Commercial Product, Aluminum",Series,,,Model,,,Item Type,,,Voltage Rating,,,Amperage Rating,,,Dimensions,,,Mounting Type,,,Material,Aluminum,,Color,,,Sound Level,,,Additional Information,,,,,,,,,,,,,,,,,,,,,,,,,,,,,,,,,,,,,,,,,,,,,,,,,,,,,,,,,,,,,,,,,,,,,,,,,,,,,,,,,,,,,,,,,,,,,,,,,,,,,,,,,,,,,,,,,,,,,,,,,,,,,,1,EA,,,,,,,,,,,,,,,,,,,,,,,,,,,,,,,,,,,,,US,No,No
,,,,,,CG50K,,,,CG50K,CG50K,"CG50K 1/2"" Cord Grip Kit",-- Unbranded --,-- No Unilog Brand --,-- No DIB Brand --,Fenton Bros Electric Inc (FENBR),Fenton Bros Electric Inc,Fenton Bros Electric Inc,,CG50K,,,"Fenton Bros Electric Inc, Commercial Product, CG50K",COMMERCIAL PRODUCT,"Fenton Bros Electric Inc, CG50K, Commercial Product",Fenton Bros Electric Inc Commercial Product,"Fenton Bros Electric Inc, Commercial Product",,,,,,,,,,,,,,,,,,,,,,,,,,,"Fenton Bros Electric Inc, Commercial Product",Series,,,Model,,,Item Type,,,Voltage Rating,,,Amperage Rating,,,Dimensions,,,Mounting Type,,,Material,,,Color,,,Sound Level,,,Additional Information,,,,,,,,,,,,,,,,,,,,,,,,,,,,,,,,,,,,,,,,,,,,,,,,,,,,,,,,,,,,,,,,,,,,,,,,,,,,,,,,,,,,,,,,,,,,,,,,,,,,,,,,,,,,,,,,,,,,,,,,,,,,,,1,EA,,,,,,,,,,,,,,,,,,,,,,,,,,,,,,,,,,,,,US,No,No
https://www.leviton.com/product/R02-D215P-1RW,,,,,,R02-D215P-1RW,,,,R02-D215P-1RW,R02-D215P-1RW,R02D215P1RW 15A Mini Outlet Wh,-- Unbranded --,-- No Unilog Brand --,-- No DIB Brand --,Leviton Mfg Co (4927),"Leviton Manufacturing Co., Inc.",LEVITON®,,R02-D215P-1RW,,,"LEVITON®, Commercial Product, R02-D215P-1RW",COMMERCIAL PRODUCT,"LEVITON®, R02-D215P-1RW, Commercial Product","LEVITON® Commercial Product, 15 A","LEVITON®, Commercial Product",,,,,,,,,,,,,,,,,,,,,,,,,,,"LEVITON®, Commercial Product",Series,,,Model,,,Item Type,,,Voltage Rating,,,Amperage Rating,15,A,Dimensions,,,Mounting Type,,,Material,,,Color,,,Sound Level,,,Additional Information,,,,,,,,,,,,,,,,,,,,,,,,,,,,,,,,,,,,,,,,,,,,,,,,,,,,,,,,,,,,,,,,,,,,,,,,,,,,,,,,,,,,,,,,,,,,,,,,,,,,,,,,,,,,,,,,,,,,,,,,,,,,,,1,EA,,,,,,,,,,,,,,,,,,,,,,,,,,,,,,,,,,,,,US,No,No
,,,,,,PBUC013,,,,PBUC013,PBUC013,PBUC013 15A Wall Tap w/USB,-- Unbranded --,-- No Unilog Brand --,-- No DIB Brand --,Prime Wire & Cable (3562),Prime Wire & Cable,Prime Wire & Cable,,PBUC013,,,"Prime Wire & Cable, Commercial Product, PBUC013",COMMERCIAL PRODUCT,"Prime Wire & Cable, PBUC013, Commercial Product","Prime Wire & Cable Commercial Product, 15 A","Prime Wire & Cable, Commercial Product",,,,,,,,,,,,,,,,,,,,,,,,,,,"Prime Wire & Cable, Commercial Product",Series,,,Model,,,Item Type,,,Voltage Rating,,,Amperage Rating,15,A,Dimensions,,,Mounting Type,,,Material,,,Color,,,Sound Level,,,Additional Information,,,,,,,,,,,,,,,,,,,,,,,,,,,,,,,,,,,,,,,,,,,,,,,,,,,,,,,,,,,,,,,,,,,,,,,,,,,,,,,,,,,,,,,,,,,,,,,,,,,,,,,,,,,,,,,,,,,,,,,,,,,,,,1,EA,,,,,,,,,,,,,,,,,,,,,,,,,,,,,,,,,,,,,US,No,No
https://www.leviton.com/product/R00-GFNT1-00K,,,,,,R00-GFNT1-00K,,,,R00-GFNT1-00K,R00-GFNT1-00K,R00GFNT100K 15A Outlet Br,-- Unbranded --,-- No Unilog Brand --,-- No DIB Brand --,Leviton Mfg Co (4927),"Leviton Manufacturing Co., Inc.",LEVITON®,,R00-GFNT1-00K,,,"LEVITON®, Commercial Product, R00-GFNT1-00K",COMMERCIAL PRODUCT,"LEVITON®, R00-GFNT1-00K, Commercial Product","LEVITON® Commercial Product, 15 A","LEVITON®, Commercial Product",,,,,,,,,,,,,,,,,,,,,,,,,,,"LEVITON®, Commercial Product",Series,,,Model,,,Item Type,,,Voltage Rating,,,Amperage Rating,15,A,Dimensions,,,Mounting Type,,,Material,,,Color,,,Sound Level,,,Additional Information,,,,,,,,,,,,,,,,,,,,,,,,,,,,,,,,,,,,,,,,,,,,,,,,,,,,,,,,,,,,,,,,,,,,,,,,,,,,,,,,,,,,,,,,,,,,,,,,,,,,,,,,,,,,,,,,,,,,,,,,,,,,,,1,EA,,,,,,,,,,,,,,,,,,,,,,,,,,,,,,,,,,,,,US,No,No
https://www.leviton.com/product/R92-GFWT1-0KW,,,,,,R92-GFWT1-0KW,,,,R92-GFWT1-0KW,R92-GFWT1-0KW,R92GFWT10KW 15A GFCI Outlet Wh,-- Unbranded --,-- No Unilog Brand --,-- No DIB Brand --,Leviton Mfg Co (4927),"Leviton Manufacturing Co., Inc.",LEVITON®,,R92-GFWT1-0KW,,,"LEVITON®, Commercial Product, R92-GFWT1-0KW",COMMERCIAL PRODUCT,"LEVITON®, R92-GFWT1-0KW, Commercial Product","LEVITON® Commercial Product, 15 A","LEVITON®, Commercial Product",,,,,,,,,,,,,,,,,,,,,,,,,,,"LEVITON®, Commercial Product",Series,,,Model,,,Item Type,,,Voltage Rating,,,Amperage Rating,15,A,Dimensions,,,Mounting Type,,,Material,,,Color,,,Sound Level,,,Additional Information,,,,,,,,,,,,,,,,,,,,,,,,,,,,,,,,,,,,,,,,,,,,,,,,,,,,,,,,,,,,,,,,,,,,,,,,,,,,,,,,,,,,,,,,,,,,,,,,,,,,,,,,,,,,,,,,,,,,,,,,,,,,,,1,EA,,,,,,,,,,,,,,,,,,,,,,,,,,,,,,,,,,,,,US,No,No
https://www.leviton.com/product/R12-AGTR1-0KW,,,,,,R12-AGTR1-0KW,,,,R12-AGTR1-0KW,R12-AGTR1-0KW,R12AGTR10KW 15A GFCI Outler Wh,-- Unbranded --,-- No Unilog Brand --,-- No DIB Brand --,Leviton Mfg Co (4927),"Leviton Manufacturing Co., Inc.",LEVITON®,,R12-AGTR1-0KW,,,"LEVITON®, Commercial Product, R12-AGTR1-0KW",COMMERCIAL PRODUCT,"LEVITON®, R12-AGTR1-0KW, Commercial Product","LEVITON® Commercial Product, 15 A","LEVITON®, Commercial Product",,,,,,,,,,,,,,,,,,,,,,,,,,,"LEVITON®, Commercial Product",Series,,,Model,,,Item Type,,,Voltage Rating,,,Amperage Rating,15,A,Dimensions,,,Mounting Type,,,Material,,,Color,,,Sound Level,,,Additional Information,,,,,,,,,,,,,,,,,,,,,,,,,,,,,,,,,,,,,,,,,,,,,,,,,,,,,,,,,,,,,,,,,,,,,,,,,,,,,,,,,,,,,,,,,,,,,,,,,,,,,,,,,,,,,,,,,,,,,,,,,,,,,,1,EA,,,,,,,,,,,,,,,,,,,,,,,,,,,,,,,,,,,,,US,No,No
https://www.leviton.com/product/R62-GFTA1-0KW,,,,,,R62-GFTA1-0KW,,,,R62-GFTA1-0KW,R62-GFTA1-0KW,R92GFTA10KW 15A GFCI Outlet Wh,-- Unbranded --,-- No Unilog Brand --,-- No DIB Brand --,Leviton Mfg Co (4927),"Leviton Manufacturing Co., Inc.",LEVITON®,,R62-GFTA1-0KW,,,"LEVITON®, Commercial Product, R62-GFTA1-0KW",COMMERCIAL PRODUCT,"LEVITON®, R62-GFTA1-0KW, Commercial Product","LEVITON® Commercial Product, 15 A","LEVITON®, Commercial Product",,,,,,,,,,,,,,,,,,,,,,,,,,,"LEVITON®, Commercial Product",Series,,,Model,,,Item Type,,,Voltage Rating,,,Amperage Rating,15,A,Dimensions,,,Mounting Type,,,Material,,,Color,,,Sound Level,,,Additional Information,,,,,,,,,,,,,,,,,,,,,,,,,,,,,,,,,,,,,,,,,,,,,,,,,,,,,,,,,,,,,,,,,,,,,,,,,,,,,,,,,,,,,,,,,,,,,,,,,,,,,,,,,,,,,,,,,,,,,,,,,,,,,,1,EA,,,,,,,,,,,,,,,,,,,,,,,,,,,,,,,,,,,,,US,No,No
https://www.boschtools.com/product/165-04729-00C,,,,,,165-04729-00C,,,,165-04729-00C,165-04729-00C,1650472900C 15A 125V Cord Conn,-- Unbranded --,-- No Unilog Brand --,-- No DIB Brand --,Leviton Mfg Co (4927),Robert Bosch GmbH,BOSCH®,,165-04729-00C,,,"BOSCH®, Commercial Product, 165-04729-00C",COMMERCIAL PRODUCT 125 V,"BOSCH®, 165-04729-00C, Commercial Product","BOSCH® Commercial Product, 125 V, 15 A","BOSCH®, Commercial Product",,,,,,,,,,,,,,,,,,,,,,,,,,,"BOSCH®, Commercial Product",Series,,,Model,,,Item Type,,,Voltage Rating,125,V,Amperage Rating,15,A,Dimensions,,,Mounting Type,,,Material,,,Color,,,Sound Level,,,Additional Information,,,,,,,,,,,,,,,,,,,,,,,,,,,,,,,,,,,,,,,,,,,,,,,,,,,,,,,,,,,,,,,,,,,,,,,,,,,,,,,,,,,,,,,,,,,,,,,,,,,,,,,,,,,,,,,,,,,,,,,,,,,,,,1,EA,,,,,,,,,,,,,,,,,,,,,,,,,,,,,,,,,,,,,US,No,No
https://www.boschtools.com/product/161-04720-00C,,,,,,161-04720-00C,,,,161-04720-00C,161-04720-00C,1610472000C 15A 125V Cord Conn,-- Unbranded --,-- No Unilog Brand --,-- No DIB Brand --,Leviton Mfg Co (4927),Robert Bosch GmbH,BOSCH®,,161-04720-00C,,,"BOSCH®, Commercial Product, 161-04720-00C",COMMERCIAL PRODUCT 125 V,"BOSCH®, 161-04720-00C, Commercial Product","BOSCH® Commercial Product, 125 V, 15 A","BOSCH®, Commercial Product",,,,,,,,,,,,,,,,,,,,,,,,,,,"BOSCH®, Commercial Product",Series,,,Model,,,Item Type,,,Voltage Rating,125,V,Amperage Rating,15,A,Dimensions,,,Mounting Type,,,Material,,,Color,,,Sound Level,,,Additional Information,,,,,,,,,,,,,,,,,,,,,,,,,,,,,,,,,,,,,,,,,,,,,,,,,,,,,,,,,,,,,,,,,,,,,,,,,,,,,,,,,,,,,,,,,,,,,,,,,,,,,,,,,,,,,,,,,,,,,,,,,,,,,,1,EA,,,,,,,,,,,,,,,,,,,,,,,,,,,,,,,,,,,,,US,No,No
https://www.leviton.com/product/R02-GUAC1-0BW,,,,,,R02-GUAC1-0BW,,,,R02-GUAC1-0BW,R02-GUAC1-0BW,R02GUAC10BW 15A/USB Outlet Wh,-- Unbranded --,-- No Unilog Brand --,-- No DIB Brand --,Leviton Mfg Co (4927),"Leviton Manufacturing Co., Inc.",LEVITON®,,R02-GUAC1-0BW,,,"LEVITON®, Commercial Product, R02-GUAC1-0BW",COMMERCIAL PRODUCT,"LEVITON®, R02-GUAC1-0BW, Commercial Product","LEVITON® Commercial Product, 15 A","LEVITON®, Commercial Product",,,,,,,,,,,,,,,,,,,,,,,,,,,"LEVITON®, Commercial Product",Series,,,Model,,,Item Type,,,Voltage Rating,,,Amperage Rating,15,A,Dimensions,,,Mounting Type,,,Material,,,Color,,,Sound Level,,,Additional Information,,,,,,,,,,,,,,,,,,,,,,,,,,,,,,,,,,,,,,,,,,,,,,,,,,,,,,,,,,,,,,,,,,,,,,,,,,,,,,,,,,,,,,,,,,,,,,,,,,,,,,,,,,,,,,,,,,,,,,,,,,,,,,1,EA,,,,,,,,,,,,,,,,,,,,,,,,,,,,,,,,,,,,,US,No,No
https://www.leviton.com/product/R56-CBR15-00T,,,,,,R56-CBR15-00T,,,,R56-CBR15-00T,R56-CBR15-00T,R56CBR1500T 15A Outlet LA,-- Unbranded --,-- No Unilog Brand --,-- No DIB Brand --,Leviton Mfg Co (4927),"Leviton Manufacturing Co., Inc.",LEVITON®,,R56-CBR15-00T,,,"LEVITON®, Commercial Product, R56-CBR15-00T",COMMERCIAL PRODUCT,"LEVITON®, R56-CBR15-00T, Commercial Product","LEVITON® Commercial Product, 15 A","LEVITON®, Commercial Product",,,,,,,,,,,,,,,,,,,,,,,,,,,"LEVITON®, Commercial Product",Series,,,Model,,,Item Type,,,Voltage Rating,,,Amperage Rating,15,A,Dimensions,,,Mounting Type,,,Material,,,Color,,,Sound Level,,,Additional Information,,,,,,,,,,,,,,,,,,,,,,,,,,,,,,,,,,,,,,,,,,,,,,,,,,,,,,,,,,,,,,,,,,,,,,,,,,,,,,,,,,,,,,,,,,,,,,,,,,,,,,,,,,,,,,,,,,,,,,,,,,,,,,1,EA,,,,,,,,,,,,,,,,,,,,,,,,,,,,,,,,,,,,,US,No,No
https://www.leviton.com/product/R20-05378-P00,,,,,,R20-05378-P00,,,,R20-05378-P00,R20-05378-P00,R2005378P00 6-50R Welder Outet,-- Unbranded --,-- No Unilog Brand --,-- No DIB Brand --,Leviton Mfg Co (4927),"Leviton Manufacturing Co., Inc.",LEVITON®,,R20-05378-P00,,,"LEVITON®, Commercial Product, R20-05378-P00",COMMERCIAL PRODUCT,"LEVITON®, R20-05378-P00, Commercial Product",LEVITON® Commercial Product,"LEVITON®, Commercial Product",,,,,,,,,,,,,,,,,,,,,,,,,,,"LEVITON®, Commercial Product",Series,,,Model,,,Item Type,,,Voltage Rating,,,Amperage Rating,,,Dimensions,,,Mounting Type,,,Material,,,Color,,,Sound Level,,,Additional Information,,,,,,,,,,,,,,,,,,,,,,,,,,,,,,,,,,,,,,,,,,,,,,,,,,,,,,,,,,,,,,,,,,,,,,,,,,,,,,,,,,,,,,,,,,,,,,,,,,,,,,,,,,,,,,,,,,,,,,,,,,,,,,1,EA,,,,,,,,,,,,,,,,,,,,,,,,,,,,,,,,,,,,,US,No,No
https://www.southwire.com/product/WC1V12W-SG-UPC,,,,,,WC1V12W-SG-UPC,,,,WC1V12W-SG-UPC,WC1V12W-SG-UPC,WC1V12WSGUPC 1G Cover Wh,-- Unbranded --,-- No Unilog Brand --,-- No DIB Brand --,Southwire/g Turner (6603),Southwire Company,SOUTHWIRE®,,WC1V12W-SG-UPC,,,"SOUTHWIRE®, Commercial Product, WC1V12W-SG-UPC",COMMERCIAL PRODUCT,"SOUTHWIRE®, WC1V12W-SG-UPC, Commercial Product",SOUTHWIRE® Commercial Product,"SOUTHWIRE®, Commercial Product",,,,,,,,,,,,,,,,,,,,,,,,,,,"SOUTHWIRE®, Commercial Product",Series,,,Model,,,Item Type,,,Voltage Rating,,,Amperage Rating,,,Dimensions,,,Mounting Type,,,Material,,,Color,,,Sound Level,,,Additional Information,,,,,,,,,,,,,,,,,,,,,,,,,,,,,,,,,,,,,,,,,,,,,,,,,,,,,,,,,,,,,,,,,,,,,,,,,,,,,,,,,,,,,,,,,,,,,,,,,,,,,,,,,,,,,,,,,,,,,,,,,,,,,,1,EA,,,,,,,,,,,,,,,,,,,,,,,,,,,,,,,,,,,,,US,No,No
https://www.leviton.com/product/R51-GSRA1-THD,,,,,,R51-GSRA1-THD,,,,R51-GSRA1-THD,R51-GSRA1-THD,R5GSRA1THD 15A GFCI Plug,-- Unbranded --,-- No Unilog Brand --,-- No DIB Brand --,Leviton Mfg Co (4927),"Leviton Manufacturing Co., Inc.",LEVITON®,,R51-GSRA1-THD,,,"LEVITON®, Commercial Product, R51-GSRA1-THD",COMMERCIAL PRODUCT,"LEVITON®, R51-GSRA1-THD, Commercial Product","LEVITON® Commercial Product, 15 A","LEVITON®, Commercial Product",,,,,,,,,,,,,,,,,,,,,,,,,,,"LEVITON®, Commercial Product",Series,,,Model,,,Item Type,,,Voltage Rating,,,Amperage Rating,15,A,Dimensions,,,Mounting Type,,,Material,,,Color,,,Sound Level,,,Additional Information,,,,,,,,,,,,,,,,,,,,,,,,,,,,,,,,,,,,,,,,,,,,,,,,,,,,,,,,,,,,,,,,,,,,,,,,,,,,,,,,,,,,,,,,,,,,,,,,,,,,,,,,,,,,,,,,,,,,,,,,,,,,,,1,EA,,,,,,,,,,,,,,,,,,,,,,,,,,,,,,,,,,,,,US,No,No
https://www.leviton.com/product/R62-CBR15-00W,,,,,,R62-CBR15-00W,,,,R62-CBR15-00W,R62-CBR15-00W,R62CBR1500W 15A Outlet Wh,-- Unbranded --,-- No Unilog Brand --,-- No DIB Brand --,Leviton Mfg Co (4927),"Leviton Manufacturing Co., Inc.",LEVITON®,,R62-CBR15-00W,,,"LEVITON®, Commercial Product, R62-CBR15-00W",COMMERCIAL PRODUCT,"LEVITON®, R62-CBR15-00W, Commercial Product","LEVITON® Commercial Product, 15 A","LEVITON®, Commercial Product",,,,,,,,,,,,,,,,,,,,,,,,,,,"LEVITON®, Commercial Product",Series,,,Model,,,Item Type,,,Voltage Rating,,,Amperage Rating,15,A,Dimensions,,,Mounting Type,,,Material,,,Color,,,Sound Level,,,Additional Information,,,,,,,,,,,,,,,,,,,,,,,,,,,,,,,,,,,,,,,,,,,,,,,,,,,,,,,,,,,,,,,,,,,,,,,,,,,,,,,,,,,,,,,,,,,,,,,,,,,,,,,,,,,,,,,,,,,,,,,,,,,,,,1,EA,,,,,,,,,,,,,,,,,,,,,,,,,,,,,,,,,,,,,US,No,No
https://www.leviton.com/product/S03-05226-IS,,,,,,S03-05226-IS,,,,S03-05226-IS,S03-05226-IS,S0305226IS IV Switch / Pilot,-- Unbranded --,-- No Unilog Brand --,-- No DIB Brand --,Leviton Mfg Co (4927),"Leviton Manufacturing Co., Inc.",LEVITON®,,S03-05226-IS,,,"LEVITON®, Commercial Product, S03-05226-IS",COMMERCIAL PRODUCT,"LEVITON®, S03-05226-IS, Commercial Product",LEVITON® Commercial Product,"LEVITON®, Commercial Product",,,,,,,,,,,,,,,,,,,,,,,,,,,"LEVITON®, Commercial Product",Series,,,Model,,,Item Type,,,Voltage Rating,,,Amperage Rating,,,Dimensions,,,Mounting Type,,,Material,,,Color,,,Sound Level,,,Additional Information,,,,,,,,,,,,,,,,,,,,,,,,,,,,,,,,,,,,,,,,,,,,,,,,,,,,,,,,,,,,,,,,,,,,,,,,,,,,,,,,,,,,,,,,,,,,,,,,,,,,,,,,,,,,,,,,,,,,,,,,,,,,,,1,EA,,,,,,,,,,,,,,,,,,,,,,,,,,,,,,,,,,,,,US,No,No
https://www.leviton.com/product/174-0CSB3-15W,,,,,,174-0CSB3-15W,,,,174-0CSB3-15W,174-0CSB3-15W,174-OCSB3-15A Toggle 3-Way Switch Wh,-- Unbranded --,-- No Unilog Brand --,-- No DIB Brand --,Leviton Mfg Co (4927),"Leviton Manufacturing Co., Inc.",LEVITON®,,174-0CSB3-15W,,,"LEVITON®, Commercial Product, 174-0CSB3-15W",COMMERCIAL PRODUCT,"LEVITON®, 174-0CSB3-15W, Commercial Product","LEVITON® Commercial Product, 15 A","LEVITON®, Commercial Product",,,,,,,,,,,,,,,,,,,,,,,,,,,"LEVITON®, Commercial Product",Series,,,Model,,,Item Type,,,Voltage Rating,,,Amperage Rating,15,A,Dimensions,,,Mounting Type,,,Material,,,Color,,,Sound Level,,,Additional Information,,,,,,,,,,,,,,,,,,,,,,,,,,,,,,,,,,,,,,,,,,,,,,,,,,,,,,,,,,,,,,,,,,,,,,,,,,,,,,,,,,,,,,,,,,,,,,,,,,,,,,,,,,,,,,,,,,,,,,,,,,,,,,1,EA,,,,,,,,,,,,,,,,,,,,,,,,,,,,,,,,,,,,,US,No,No
https://www.leviton.com/product/R50-0SL13-000,,,,,,R50-0SL13-000,,,,R50-0SL13-000,R50-0SL13-000,T50-0SL13000 1G Wallplate SS - Blank,-- Unbranded --,-- No Unilog Brand --,-- No DIB Brand --,Leviton Mfg Co (4927),"Leviton Manufacturing Co., Inc.",LEVITON®,,R50-0SL13-000,,,"LEVITON®, Commercial Product, R50-0SL13-000, Stainless Steel",COMMERCIAL PRODUCT SST,"LEVITON®, R50-0SL13-000, Commercial Product, Stainless Steel","LEVITON® Commercial Product, Stainless Steel","LEVITON®, Commercial Product, Stainless Steel",,,,,,,,,,,,,,,,,,,,,,,,,,,"LEVITON®, Commercial Product, Stainless Steel",Series,,,Model,,,Item Type,,,Voltage Rating,,,Amperage Rating,,,Dimensions,,,Mounting Type,,,Material,Stainless Steel,,Color,,,Sound Level,,,Additional Information,,,,,,,,,,,,,,,,,,,,,,,,,,,,,,,,,,,,,,,,,,,,,,,,,,,,,,,,,,,,,,,,,,,,,,,,,,,,,,,,,,,,,,,,,,,,,,,,,,,,,,,,,,,,,,,,,,,,,,,,,,,,,,1,EA,,,,,,,,,,,,,,,,,,,,,,,,,,,,,,,,,,,,,US,No,No
https://www.leviton.com/product/R52-0PJ13-00W,,,,,,R52-0PJ13-00W,,,,R52-0PJ13-00W,R52-0PJ13-00W,R520PJ1300W 1G Wallplate Wh - Blank,-- Unbranded --,-- No Unilog Brand --,-- No DIB Brand --,Leviton Mfg Co (4927),"Leviton Manufacturing Co., Inc.",LEVITON®,,R52-0PJ13-00W,,,"LEVITON®, Commercial Product, R52-0PJ13-00W",COMMERCIAL PRODUCT,"LEVITON®, R52-0PJ13-00W, Commercial Product",LEVITON® Commercial Product,"LEVITON®, Commercial Product",,,,,,,,,,,,,,,,,,,,,,,,,,,"LEVITON®, Commercial Product",Series,,,Model,,,Item Type,,,Voltage Rating,,,Amperage Rating,,,Dimensions,,,Mounting Type,,,Material,,,Color,,,Sound Level,,,Additional Information,,,,,,,,,,,,,,,,,,,,,,,,,,,,,,,,,,,,,,,,,,,,,,,,,,,,,,,,,,,,,,,,,,,,,,,,,,,,,,,,,,,,,,,,,,,,,,,,,,,,,,,,,,,,,,,,,,,,,,,,,,,,,,1,EA,,,,,,,,,,,,,,,,,,,,,,,,,,,,,,,,,,,,,US,No,No
,,,,,,XOU2470BCGS,,,,XOU2470BCGS,XOU2470BCGS,XOU2470BCGS Tall Beverage Center SS,-- Unbranded --,-- No Unilog Brand --,-- No DIB Brand --,Appliance Dealers Cooperative (APPDE),Appliance Dealers Cooperative,Appliance Dealers Cooperative,,XOU2470BCGS,,,"Appliance Dealers Cooperative, Commercial Product, XOU2470BCGS, Stainless Steel",COMMERCIAL PRODUCT SST,"Appliance Dealers Cooperative, XOU2470BCGS, Commercial Product, Stainless Steel","Appliance Dealers Cooperative Commercial Product, Stainless Steel","Appliance Dealers Cooperative, Commercial Product, Stainless Steel",,,,,,,,,,,,,,,,,,,,,,,,,,,"Appliance Dealers Cooperative, Commercial Product, Stainless Steel",Series,,,Model,,,Item Type,,,Voltage Rating,,,Amperage Rating,,,Dimensions,,,Mounting Type,,,Material,Stainless Steel,,Color,,,Sound Level,,,Additional Information,,,,,,,,,,,,,,,,,,,,,,,,,,,,,,,,,,,,,,,,,,,,,,,,,,,,,,,,,,,,,,,,,,,,,,,,,,,,,,,,,,,,,,,,,,,,,,,,,,,,,,,,,,,,,,,,,,,,,,,,,,,,,,1,EA,,,,,,,,,,,,,,,,,,,,,,,,,,,,,,,,,,,,,US,No,No
,,,,,,XOU24BCGSR,,,,XOU24BCGSR,XOU24BCGSR,XOU24BCGSR Beverage Center SS,-- Unbranded --,-- No Unilog Brand --,-- No DIB Brand --,Appliance Dealers Cooperative (APPDE),Appliance Dealers Cooperative,Appliance Dealers Cooperative,,XOU24BCGSR,,,"Appliance Dealers Cooperative, Commercial Product, XOU24BCGSR, Stainless Steel",COMMERCIAL PRODUCT SST,"Appliance Dealers Cooperative, XOU24BCGSR, Commercial Product, Stainless Steel","Appliance Dealers Cooperative Commercial Product, Stainless Steel","Appliance Dealers Cooperative, Commercial Product, Stainless Steel",,,,,,,,,,,,,,,,,,,,,,,,,,,"Appliance Dealers Cooperative, Commercial Product, Stainless Steel",Series,,,Model,,,Item Type,,,Voltage Rating,,,Amperage Rating,,,Dimensions,,,Mounting Type,,,Material,Stainless Steel,,Color,,,Sound Level,,,Additional Information,,,,,,,,,,,,,,,,,,,,,,,,,,,,,,,,,,,,,,,,,,,,,,,,,,,,,,,,,,,,,,,,,,,,,,,,,,,,,,,,,,,,,,,,,,,,,,,,,,,,,,,,,,,,,,,,,,,,,,,,,,,,,,1,EA,,,,,,,,,,,,,,,,,,,,,,,,,,,,,,,,,,,,,US,No,No
,,,,,,XOU24WDZGBR,,,,XOU24WDZGBR,XOU24WDZGBR,XOU24WDZGBR Beverage Center Bk,-- Unbranded --,-- No Unilog Brand --,-- No DIB Brand --,Appliance Dealers Cooperative (APPDE),Appliance Dealers Cooperative,Appliance Dealers Cooperative,,XOU24WDZGBR,,,"Appliance Dealers Cooperative, Commercial Product, XOU24WDZGBR",COMMERCIAL PRODUCT,"Appliance Dealers Cooperative, XOU24WDZGBR, Commercial Product",Appliance Dealers Cooperative Commercial Product,"Appliance Dealers Cooperative, Commercial Product",,,,,,,,,,,,,,,,,,,,,,,,,,,"Appliance Dealers Cooperative, Commercial Product",Series,,,Model,,,Item Type,,,Voltage Rating,,,Amperage Rating,,,Dimensions,,,Mounting Type,,,Material,,,Color,,,Sound Level,,,Additional Information,,,,,,,,,,,,,,,,,,,,,,,,,,,,,,,,,,,,,,,,,,,,,,,,,,,,,,,,,,,,,,,,,,,,,,,,,,,,,,,,,,,,,,,,,,,,,,,,,,,,,,,,,,,,,,,,,,,,,,,,,,,,,,1,EA,,,,,,,,,,,,,,,,,,,,,,,,,,,,,,,,,,,,,US,No,No
,,,,,,C7CDAAS3PD3,,,,C7CDAAS3PD3,C7CDAAS3PD3,C7CDAAS3PD3 Café Drip Coffee Maker MB,-- Unbranded --,-- No Unilog Brand --,-- No DIB Brand --,Appliance Dealers Cooperative (APPDE),Appliance Dealers Cooperative,Appliance Dealers Cooperative,,C7CDAAS3PD3,,,"Appliance Dealers Cooperative, Commercial Product, C7CDAAS3PD3",COMMERCIAL PRODUCT,"Appliance Dealers Cooperative, C7CDAAS3PD3, Commercial Product",Appliance Dealers Cooperative Commercial Product,"Appliance Dealers Cooperative, Commercial Product",,,,,,,,,,,,,,,,,,,,,,,,,,,"Appliance Dealers Cooperative, Commercial Product",Series,,,Model,,,Item Type,,,Voltage Rating,,,Amperage Rating,,,Dimensions,,,Mounting Type,,,Material,,,Color,Matte Black,,Sound Level,,,Additional Information,,,,,,,,,,,,,,,,,,,,,,,,,,,,,,,,,,,,,,,,,,,,,,,,,,,,,,,,,,,,,,,,,,,,,,,,,,,,,,,,,,,,,,,,,,,,,,,,,,,,,,,,,,,,,,,,,,,,,,,,,,,,,,1,EA,,,,,,,,,,,,,,,,,,,,,,,,,,,,,,,,,,,,,US,No,No
,,,,,,C7CDAAS4PW3,,,,C7CDAAS4PW3,C7CDAAS4PW3,C7CDAAS4PW3 Café Drip Coffee Maker MW,-- Unbranded --,-- No Unilog Brand --,-- No DIB Brand --,Appliance Dealers Cooperative (APPDE),Appliance Dealers Cooperative,Appliance Dealers Cooperative,,C7CDAAS4PW3,,,"Appliance Dealers Cooperative, Commercial Product, C7CDAAS4PW3",COMMERCIAL PRODUCT,"Appliance Dealers Cooperative, C7CDAAS4PW3, Commercial Product",Appliance Dealers Cooperative Commercial Product,"Appliance Dealers Cooperative, Commercial Product",,,,,,,,,,,,,,,,,,,,,,,,,,,"Appliance Dealers Cooperative, Commercial Product",Series,,,Model,,,Item Type,,,Voltage Rating,,,Amperage Rating,,,Dimensions,,,Mounting Type,,,Material,,,Color,,,Sound Level,,,Additional Information,,,,,,,,,,,,,,,,,,,,,,,,,,,,,,,,,,,,,,,,,,,,,,,,,,,,,,,,,,,,,,,,,,,,,,,,,,,,,,,,,,,,,,,,,,,,,,,,,,,,,,,,,,,,,,,,,,,,,,,,,,,,,,1,EA,,,,,,,,,,,,,,,,,,,,,,,,,,,,,,,,,,,,,US,No,No
,,,,,,C7CDABS2RS3,,,,C7CDABS2RS3,C7CDABS2RS3,C7CDABS2RS3 Cafe Coffee Maker,-- Unbranded --,-- No Unilog Brand --,-- No DIB Brand --,Appliance Dealers Cooperative (APPDE),Appliance Dealers Cooperative,Appliance Dealers Cooperative,,C7CDABS2RS3,,,"Appliance Dealers Cooperative, Commercial Product, C7CDABS2RS3",COMMERCIAL PRODUCT,"Appliance Dealers Cooperative, C7CDABS2RS3, Commercial Product",Appliance Dealers Cooperative Commercial Product,"Appliance Dealers Cooperative, Commercial Product",,,,,,,,,,,,,,,,,,,,,,,,,,,"Appliance Dealers Cooperative, Commercial Product",Series,,,Model,,,Item Type,,,Voltage Rating,,,Amperage Rating,,,Dimensions,,,Mounting Type,,,Material,,,Color,,,Sound Level,,,Additional Information,,,,,,,,,,,,,,,,,,,,,,,,,,,,,,,,,,,,,,,,,,,,,,,,,,,,,,,,,,,,,,,,,,,,,,,,,,,,,,,,,,,,,,,,,,,,,,,,,,,,,,,,,,,,,,,,,,,,,,,,,,,,,,1,EA,,,,,,,,,,,,,,,,,,,,,,,,,,,,,,,,,,,,,US,No,No
,,,,,,C7CDABS3RD3,,,,C7CDABS3RD3,C7CDABS3RD3,C7CDABS3RD3 Café Coffee Maker MB,-- Unbranded --,-- No Unilog Brand --,-- No DIB Brand --,Appliance Dealers Cooperative (APPDE),Appliance Dealers Cooperative,Appliance Dealers Cooperative,,C7CDABS3RD3,,,"Appliance Dealers Cooperative, Commercial Product, C7CDABS3RD3",COMMERCIAL PRODUCT,"Appliance Dealers Cooperative, C7CDABS3RD3, Commercial Product",Appliance Dealers Cooperative Commercial Product,"Appliance Dealers Cooperative, Commercial Product",,,,,,,,,,,,,,,,,,,,,,,,,,,"Appliance Dealers Cooperative, Commercial Product",Series,,,Model,,,Item Type,,,Voltage Rating,,,Amperage Rating,,,Dimensions,,,Mounting Type,,,Material,,,Color,Matte Black,,Sound Level,,,Additional Information,,,,,,,,,,,,,,,,,,,,,,,,,,,,,,,,,,,,,,,,,,,,,,,,,,,,,,,,,,,,,,,,,,,,,,,,,,,,,,,,,,,,,,,,,,,,,,,,,,,,,,,,,,,,,,,,,,,,,,,,,,,,,,1,EA,,,,,,,,,,,,,,,,,,,,,,,,,,,,,,,,,,,,,US,No,No
,,,,,,C7CDABS4RW3,,,,C7CDABS4RW3,C7CDABS4RW3,C7CDABS4RW3 Café Coffee Maker MW,-- Unbranded --,-- No Unilog Brand --,-- No DIB Brand --,Appliance Dealers Cooperative (APPDE),Appliance Dealers Cooperative,Appliance Dealers Cooperative,,C7CDABS4RW3,,,"Appliance Dealers Cooperative, Commercial Product, C7CDABS4RW3",COMMERCIAL PRODUCT,"Appliance Dealers Cooperative, C7CDABS4RW3, Commercial Product",Appliance Dealers Cooperative Commercial Product,"Appliance Dealers Cooperative, Commercial Product",,,,,,,,,,,,,,,,,,,,,,,,,,,"Appliance Dealers Cooperative, Commercial Product",Series,,,Model,,,Item Type,,,Voltage Rating,,,Amperage Rating,,,Dimensions,,,Mounting Type,,,Material,,,Color,,,Sound Level,,,Additional Information,,,,,,,,,,,,,,,,,,,,,,,,,,,,,,,,,,,,,,,,,,,,,,,,,,,,,,,,,,,,,,,,,,,,,,,,,,,,,,,,,,,,,,,,,,,,,,,,,,,,,,,,,,,,,,,,,,,,,,,,,,,,,,1,EA,,,,,,,,,,,,,,,,,,,,,,,,,,,,,,,,,,,,,US,No,No
,,,,,,C7CEBBS2RS3,,,,C7CEBBS2RS3,C7CEBBS2RS3,C7CEBBS2RS3 Cafe Auto Espresso Machine SS,-- Unbranded --,-- No Unilog Brand --,-- No DIB Brand --,Appliance Dealers Cooperative (APPDE),Appliance Dealers Cooperative,Appliance Dealers Cooperative,,C7CEBBS2RS3,,,"Appliance Dealers Cooperative, Commercial Product, C7CEBBS2RS3, Stainless Steel",COMMERCIAL PRODUCT SST,"Appliance Dealers Cooperative, C7CEBBS2RS3, Commercial Product, Stainless Steel","Appliance Dealers Cooperative Commercial Product, Stainless Steel","Appliance Dealers Cooperative, Commercial Product, Stainless Steel",,,,,,,,,,,,,,,,,,,,,,,,,,,"Appliance Dealers Cooperative, Commercial Product, Stainless Steel",Series,,,Model,,,Item Type,,,Voltage Rating,,,Amperage Rating,,,Dimensions,,,Mounting Type,,,Material,Stainless Steel,,Color,,,Sound Level,,,Additional Information,,,,,,,,,,,,,,,,,,,,,,,,,,,,,,,,,,,,,,,,,,,,,,,,,,,,,,,,,,,,,,,,,,,,,,,,,,,,,,,,,,,,,,,,,,,,,,,,,,,,,,,,,,,,,,,,,,,,,,,,,,,,,,1,EA,,,,,,,,,,,,,,,,,,,,,,,,,,,,,,,,,,,,,US,No,No
,,,,,,C7CEBBS4RW3,,,,C7CEBBS4RW3,C7CEBBS4RW3,C7CEBBS4RW3 Café Auto Espresso Machine Wh,-- Unbranded --,-- No Unilog Brand --,-- No DIB Brand --,Appliance Dealers Cooperative (APPDE),Appliance Dealers Cooperative,Appliance Dealers Cooperative,,C7CEBBS4RW3,,,"Appliance Dealers Cooperative, Commercial Product, C7CEBBS4RW3",COMMERCIAL PRODUCT,"Appliance Dealers Cooperative, C7CEBBS4RW3, Commercial Product",Appliance Dealers Cooperative Commercial Product,"Appliance Dealers Cooperative, Commercial Product",,,,,,,,,,,,,,,,,,,,,,,,,,,"Appliance Dealers Cooperative, Commercial Product",Series,,,Model,,,Item Type,,,Voltage Rating,,,Amperage Rating,,,Dimensions,,,Mounting Type,,,Material,,,Color,,,Sound Level,,,Additional Information,,,,,,,,,,,,,,,,,,,,,,,,,,,,,,,,,,,,,,,,,,,,,,,,,,,,,,,,,,,,,,,,,,,,,,,,,,,,,,,,,,,,,,,,,,,,,,,,,,,,,,,,,,,,,,,,,,,,,,,,,,,,,,1,EA,,,,,,,,,,,,,,,,,,,,,,,,,,,,,,,,,,,,,US,No,No
,,,,,,C7CESAS2RS3,,,,C7CESAS2RS3,C7CESAS2RS3,C7CESAS2RS3 Café Espresso SS,-- Unbranded --,-- No Unilog Brand --,-- No DIB Brand --,Appliance Dealers Cooperative (APPDE),Appliance Dealers Cooperative,Appliance Dealers Cooperative,,C7CESAS2RS3,,,"Appliance Dealers Cooperative, Commercial Product, C7CESAS2RS3, Stainless Steel",COMMERCIAL PRODUCT SST,"Appliance Dealers Cooperative, C7CESAS2RS3, Commercial Product, Stainless Steel","Appliance Dealers Cooperative Commercial Product, Stainless Steel","Appliance Dealers Cooperative, Commercial Product, Stainless Steel",,,,,,,,,,,,,,,,,,,,,,,,,,,"Appliance Dealers Cooperative, Commercial Product, Stainless Steel",Series,,,Model,,,Item Type,,,Voltage Rating,,,Amperage Rating,,,Dimensions,,,Mounting Type,,,Material,Stainless Steel,,Color,,,Sound Level,,,Additional Information,,,,,,,,,,,,,,,,,,,,,,,,,,,,,,,,,,,,,,,,,,,,,,,,,,,,,,,,,,,,,,,,,,,,,,,,,,,,,,,,,,,,,,,,,,,,,,,,,,,,,,,,,,,,,,,,,,,,,,,,,,,,,,1,EA,,,,,,,,,,,,,,,,,,,,,,,,,,,,,,,,,,,,,US,No,No
,,,,,,C7CESAS3RD3,,,,C7CESAS3RD3,C7CESAS3RD3,C7CESAS3RD3 Café Espresso Machine MB,-- Unbranded --,-- No Unilog Brand --,-- No DIB Brand --,Appliance Dealers Cooperative (APPDE),Appliance Dealers Cooperative,Appliance Dealers Cooperative,,C7CESAS3RD3,,,"Appliance Dealers Cooperative, Commercial Product, C7CESAS3RD3",COMMERCIAL PRODUCT,"Appliance Dealers Cooperative, C7CESAS3RD3, Commercial Product",Appliance Dealers Cooperative Commercial Product,"Appliance Dealers Cooperative, Commercial Product",,,,,,,,,,,,,,,,,,,,,,,,,,,"Appliance Dealers Cooperative, Commercial Product",Series,,,Model,,,Item Type,,,Voltage Rating,,,Amperage Rating,,,Dimensions,,,Mounting Type,,,Material,,,Color,Matte Black,,Sound Level,,,Additional Information,,,,,,,,,,,,,,,,,,,,,,,,,,,,,,,,,,,,,,,,,,,,,,,,,,,,,,,,,,,,,,,,,,,,,,,,,,,,,,,,,,,,,,,,,,,,,,,,,,,,,,,,,,,,,,,,,,,,,,,,,,,,,,1,EA,,,,,,,,,,,,,,,,,,,,,,,,,,,,,,,,,,,,,US,No,No
,,,,,,C7CESAS4RW3,,,,C7CESAS4RW3,C7CESAS4RW3,C7CESAS4RW3 Cafe Espresso Wh,-- Unbranded --,-- No Unilog Brand --,-- No DIB Brand --,Appliance Dealers Cooperative (APPDE),Appliance Dealers Cooperative,Appliance Dealers Cooperative,,C7CESAS4RW3,,,"Appliance Dealers Cooperative, Commercial Product, C7CESAS4RW3",COMMERCIAL PRODUCT,"Appliance Dealers Cooperative, C7CESAS4RW3, Commercial Product",Appliance Dealers Cooperative Commercial Product,"Appliance Dealers Cooperative, Commercial Product",,,,,,,,,,,,,,,,,,,,,,,,,,,"Appliance Dealers Cooperative, Commercial Product",Series,,,Model,,,Item Type,,,Voltage Rating,,,Amperage Rating,,,Dimensions,,,Mounting Type,,,Material,,,Color,,,Sound Level,,,Additional Information,,,,,,,,,,,,,,,,,,,,,,,,,,,,,,,,,,,,,,,,,,,,,,,,,,,,,,,,,,,,,,,,,,,,,,,,,,,,,,,,,,,,,,,,,,,,,,,,,,,,,,,,,,,,,,,,,,,,,,,,,,,,,,1,EA,,,,,,,,,,,,,,,,,,,,,,,,,,,,,,,,,,,,,US,No,No
,,,,,,WOSP30100SS,,,,WOSP30100SS,WOSP30100SS,WOSP30100SS Beko Wall Oven SS,-- Unbranded --,-- No Unilog Brand --,-- No DIB Brand --,Appliance Dealers Cooperative (APPDE),Appliance Dealers Cooperative,Appliance Dealers Cooperative,,WOSP30100SS,,,"Appliance Dealers Cooperative, Range, WOSP30100SS, Stainless Steel",RANGE SST,"Appliance Dealers Cooperative, WOSP30100SS, Range, Stainless Steel","Appliance Dealers Cooperative Range, Stainless Steel","Appliance Dealers Cooperative, Range, Stainless Steel",,,,,,,,,,,,,,,,,,,,,,,,,,,Range,Series,,,Model,,,Item Type,,,Voltage Rating,,,Amperage Rating,,,Dimensions,,,Mounting Type,,,Material,Stainless Steel,,Color,,,Sound Level,,,Additional Information,,,,,,,,,,,,,,,,,,,,,,,,,,,,,,,,,,,,,,,,,,,,,,,,,,,,,,,,,,,,,,,,,,,,,,,,,,,,,,,,,,,,,,,,,,,,,,,,,,,,,,,,,,,,,,,,,,,,,,,,,,,,,,1,EA,,,,,,,,,,,,,,,,,,,,,,,,,,,,,,,,,,,,,US,No,No
,,,,,,MSER2090S,,,,MSER2090S,MSER2090S,MSER2090S LG Microwave SS,-- Unbranded --,-- No Unilog Brand --,-- No DIB Brand --,Appliance Dealers Cooperative (APPDE),Appliance Dealers Cooperative,Appliance Dealers Cooperative,,MSER2090S,,,"Appliance Dealers Cooperative, Commercial Product, MSER2090S, Stainless Steel",COMMERCIAL PRODUCT SST,"Appliance Dealers Cooperative, MSER2090S, Commercial Product, Stainless Steel","Appliance Dealers Cooperative Commercial Product, Stainless Steel","Appliance Dealers Cooperative, Commercial Product, Stainless Steel",,,,,,,,,,,,,,,,,,,,,,,,,,,"Appliance Dealers Cooperative, Commercial Product, Stainless Steel",Series,,,Model,,,Item Type,,,Voltage Rating,,,Amperage Rating,,,Dimensions,,,Mounting Type,,,Material,Stainless Steel,,Color,,,Sound Level,,,Additional Information,,,,,,,,,,,,,,,,,,,,,,,,,,,,,,,,,,,,,,,,,,,,,,,,,,,,,,,,,,,,,,,,,,,,,,,,,,,,,,,,,,,,,,,,,,,,,,,,,,,,,,,,,,,,,,,,,,,,,,,,,,,,,,1,EA,,,,,,,,,,,,,,,,,,,,,,,,,,,,,,,,,,,,,US,No,No
,,,,,,GCST16S1WSS,,,,GCST16S1WSS,GCST16S1WSS,GCST16S1WSS GE Microwave SS,-- Unbranded --,-- No Unilog Brand --,-- No DIB Brand --,Appliance Dealers Cooperative (APPDE),Appliance Dealers Cooperative,Appliance Dealers Cooperative,,GCST16S1WSS,,,"Appliance Dealers Cooperative, Commercial Product, GCST16S1WSS, Stainless Steel",COMMERCIAL PRODUCT SST,"Appliance Dealers Cooperative, GCST16S1WSS, Commercial Product, Stainless Steel","Appliance Dealers Cooperative Commercial Product, Stainless Steel","Appliance Dealers Cooperative, Commercial Product, Stainless Steel",,,,,,,,,,,,,,,,,,,,,,,,,,,"Appliance Dealers Cooperative, Commercial Product, Stainless Steel",Series,,,Model,,,Item Type,,,Voltage Rating,,,Amperage Rating,,,Dimensions,,,Mounting Type,,,Material,Stainless Steel,,Color,,,Sound Level,,,Additional Information,,,,,,,,,,,,,,,,,,,,,,,,,,,,,,,,,,,,,,,,,,,,,,,,,,,,,,,,,,,,,,,,,,,,,,,,,,,,,,,,,,,,,,,,,,,,,,,,,,,,,,,,,,,,,,,,,,,,,,,,,,,,,,1,EA,,,,,,,,,,,,,,,,,,,,,,,,,,,,,,,,,,,,,US,No,No
,,,,,,PCWK15C1WSS,,,,PCWK15C1WSS,PCWK15C1WSS,PCWK15C1WSS GE Microwave,-- Unbranded --,-- No Unilog Brand --,-- No DIB Brand --,Appliance Dealers Cooperative (APPDE),Appliance Dealers Cooperative,Appliance Dealers Cooperative,,PCWK15C1WSS,,,"Appliance Dealers Cooperative, Commercial Product, PCWK15C1WSS",COMMERCIAL PRODUCT,"Appliance Dealers Cooperative, PCWK15C1WSS, Commercial Product",Appliance Dealers Cooperative Commercial Product,"Appliance Dealers Cooperative, Commercial Product",,,,,,,,,,,,,,,,,,,,,,,,,,,"Appliance Dealers Cooperative, Commercial Product",Series,,,Model,,,Item Type,,,Voltage Rating,,,Amperage Rating,,,Dimensions,,,Mounting Type,,,Material,,,Color,,,Sound Level,,,Additional Information,,,,,,,,,,,,,,,,,,,,,,,,,,,,,,,,,,,,,,,,,,,,,,,,,,,,,,,,,,,,,,,,,,,,,,,,,,,,,,,,,,,,,,,,,,,,,,,,,,,,,,,,,,,,,,,,,,,,,,,,,,,,,,1,EA,,,,,,,,,,,,,,,,,,,,,,,,,,,,,,,,,,,,,US,No,No
,,,,,,SMC2266KS,,,,SMC2266KS,SMC2266KS,SMC2266KS Microwave SS Display Only,-- Unbranded --,-- No Unilog Brand --,-- No DIB Brand --,Appliance Dealers Cooperative (APPDE),Appliance Dealers Cooperative,Appliance Dealers Cooperative,,SMC2266KS,,,"Appliance Dealers Cooperative, Commercial Product, SMC2266KS, Stainless Steel",COMMERCIAL PRODUCT SST,"Appliance Dealers Cooperative, SMC2266KS, Commercial Product, Stainless Steel","Appliance Dealers Cooperative Commercial Product, Stainless Steel","Appliance Dealers Cooperative, Commercial Product, Stainless Steel",,,,,,,,,,,,,,,,,,,,,,,,,,,"Appliance Dealers Cooperative, Commercial Product, Stainless Steel",Series,,,Model,,,Item Type,,,Voltage Rating,,,Amperage Rating,,,Dimensions,,,Mounting Type,,,Material,Stainless Steel,,Color,,,Sound Level,,,Additional Information,,,,,,,,,,,,,,,,,,,,,,,,,,,,,,,,,,,,,,,,,,,,,,,,,,,,,,,,,,,,,,,,,,,,,,,,,,,,,,,,,,,,,,,,,,,,,,,,,,,,,,,,,,,,,,,,,,,,,,,,,,,,,,1,EA,,,,,,,,,,,,,,,,,,,,,,,,,,,,,,,,,,,,,US,No,No
,,,,,,SMD2479JS,,,,SMD2479JS,SMD2479JS,SMD2479JS Microwave Drawer SS Display Only,-- Unbranded --,-- No Unilog Brand --,-- No DIB Brand --,Appliance Dealers Cooperative (APPDE),Appliance Dealers Cooperative,Appliance Dealers Cooperative,,SMD2479JS,,,"Appliance Dealers Cooperative, Commercial Product, SMD2479JS, Stainless Steel",COMMERCIAL PRODUCT SST,"Appliance Dealers Cooperative, SMD2479JS, Commercial Product, Stainless Steel","Appliance Dealers Cooperative Commercial Product, Stainless Steel","Appliance Dealers Cooperative, Commercial Product, Stainless Steel",,,,,,,,,,,,,,,,,,,,,,,,,,,"Appliance Dealers Cooperative, Commercial Product, Stainless Steel",Series,,,Model,,,Item Type,,,Voltage Rating,,,Amperage Rating,,,Dimensions,,,Mounting Type,,,Material,Stainless Steel,,Color,,,Sound Level,,,Additional Information,,,,,,,,,,,,,,,,,,,,,,,,,,,,,,,,,,,,,,,,,,,,,,,,,,,,,,,,,,,,,,,,,,,,,,,,,,,,,,,,,,,,,,,,,,,,,,,,,,,,,,,,,,,,,,,,,,,,,,,,,,,,,,1,EA,,,,,,,,,,,,,,,,,,,,,,,,,,,,,,,,,,,,,US,No,No
,,,,,,PEP9030DTBB,,,,PEP9030DTBB,PEP9030DTBB,"PEP9030DTBB 30"" GE Cooktop Bk",-- Unbranded --,-- No Unilog Brand --,-- No DIB Brand --,Appliance Dealers Cooperative (APPDE),Appliance Dealers Cooperative,Appliance Dealers Cooperative,,PEP9030DTBB,,,"Appliance Dealers Cooperative, Commercial Product, PEP9030DTBB",COMMERCIAL PRODUCT,"Appliance Dealers Cooperative, PEP9030DTBB, Commercial Product",Appliance Dealers Cooperative Commercial Product,"Appliance Dealers Cooperative, Commercial Product",,,,,,,,,,,,,,,,,,,,,,,,,,,"Appliance Dealers Cooperative, Commercial Product",Series,,,Model,,,Item Type,,,Voltage Rating,,,Amperage Rating,,,Dimensions,,,Mounting Type,,,Material,,,Color,,,Sound Level,,,Additional Information,,,,,,,,,,,,,,,,,,,,,,,,,,,,,,,,,,,,,,,,,,,,,,,,,,,,,,,,,,,,,,,,,,,,,,,,,,,,,,,,,,,,,,,,,,,,,,,,,,,,,,,,,,,,,,,,,,,,,,,,,,,,,,1,EA,,,,,,,,,,,,,,,,,,,,,,,,,,,,,,,,,,,,,US,No,No
,,,,,,CES700P3MD1,,,,CES700P3MD1,CES700P3MD1,"CES700P3MD1 Cafe 30"" Range Bk - Display",-- Unbranded --,-- No Unilog Brand --,-- No DIB Brand --,Appliance Dealers Cooperative (APPDE),Appliance Dealers Cooperative,Appliance Dealers Cooperative,,CES700P3MD1,,,"Appliance Dealers Cooperative, Range, CES700P3MD1",RANGE,"Appliance Dealers Cooperative, CES700P3MD1, Range",Appliance Dealers Cooperative Range,"Appliance Dealers Cooperative, Range",,,,,,,,,,,,,,,,,,,,,,,,,,,Range,Series,,,Model,,,Item Type,,,Voltage Rating,,,Amperage Rating,,,Dimensions,,,Mounting Type,,,Material,,,Color,,,Sound Level,,,Additional Information,,,,,,,,,,,,,,,,,,,,,,,,,,,,,,,,,,,,,,,,,,,,,,,,,,,,,,,,,,,,,,,,,,,,,,,,,,,,,,,,,,,,,,,,,,,,,,,,,,,,,,,,,,,,,,,,,,,,,,,,,,,,,,1,EA,,,,,,,,,,,,,,,,,,,,,,,,,,,,,,,,,,,,,US,No,No
,,,,,,PS960YPFS,,,,PS960YPFS,PS960YPFS,"PS960YPFS 30"" GE Electric Range SS - Display Only",-- Unbranded --,-- No Unilog Brand --,-- No DIB Brand --,Appliance Dealers Cooperative (APPDE),Appliance Dealers Cooperative,Appliance Dealers Cooperative,,PS960YPFS,,,"Appliance Dealers Cooperative, Range, PS960YPFS, Stainless Steel",RANGE SST,"Appliance Dealers Cooperative, PS960YPFS, Range, Stainless Steel","Appliance Dealers Cooperative Range, Stainless Steel","Appliance Dealers Cooperative, Range, Stainless Steel",,,,,,,,,,,,,,,,,,,,,,,,,,,Range,Series,,,Model,,,Item Type,,,Voltage Rating,,,Amperage Rating,,,Dimensions,,,Mounting Type,,,Material,Stainless Steel,,Color,,,Sound Level,,,Additional Information,,,,,,,,,,,,,,,,,,,,,,,,,,,,,,,,,,,,,,,,,,,,,,,,,,,,,,,,,,,,,,,,,,,,,,,,,,,,,,,,,,,,,,,,,,,,,,,,,,,,,,,,,,,,,,,,,,,,,,,,,,,,,,1,EA,,,,,,,,,,,,,,,,,,,,,,,,,,,,,,,,,,,,,US,No,No
,,,,,,PB900YVFS,,,,PB900YVFS,PB900YVFS,"PB900YVFS Elect 30"" Range SS",-- Unbranded --,-- No Unilog Brand --,-- No DIB Brand --,Appliance Dealers Cooperative (APPDE),Appliance Dealers Cooperative,Appliance Dealers Cooperative,,PB900YVFS,,,"Appliance Dealers Cooperative, Range, PB900YVFS, Stainless Steel",RANGE SST,"Appliance Dealers Cooperative, PB900YVFS, Range, Stainless Steel","Appliance Dealers Cooperative Range, Stainless Steel","Appliance Dealers Cooperative, Range, Stainless Steel",,,,,,,,,,,,,,,,,,,,,,,,,,,Range,Series,,,Model,,,Item Type,,,Voltage Rating,,,Amperage Rating,,,Dimensions,,,Mounting Type,,,Material,Stainless Steel,,Color,,,Sound Level,,,Additional Information,,,,,,,,,,,,,,,,,,,,,,,,,,,,,,,,,,,,,,,,,,,,,,,,,,,,,,,,,,,,,,,,,,,,,,,,,,,,,,,,,,,,,,,,,,,,,,,,,,,,,,,,,,,,,,,,,,,,,,,,,,,,,,1,EA,,,,,,,,,,,,,,,,,,,,,,,,,,,,,,,,,,,,,US,No,No
,,,,,,PCFE3080AF,,,,PCFE3080AF,PCFE3080AF,"PCFE3080AF 30"" Elect Range SS - Display Only",-- Unbranded --,-- No Unilog Brand --,-- No DIB Brand --,Appliance Dealers Cooperative (APPDE),Appliance Dealers Cooperative,Appliance Dealers Cooperative,,PCFE3080AF,,,"Appliance Dealers Cooperative, Range, PCFE3080AF, Stainless Steel",RANGE SST,"Appliance Dealers Cooperative, PCFE3080AF, Range, Stainless Steel","Appliance Dealers Cooperative Range, Stainless Steel","Appliance Dealers Cooperative, Range, Stainless Steel",,,,,,,,,,,,,,,,,,,,,,,,,,,Range,Series,,,Model,,,Item Type,,,Voltage Rating,,,Amperage Rating,,,Dimensions,,,Mounting Type,,,Material,Stainless Steel,,Color,,,Sound Level,,,Additional Information,,,,,,,,,,,,,,,,,,,,,,,,,,,,,,,,,,,,,,,,,,,,,,,,,,,,,,,,,,,,,,,,,,,,,,,,,,,,,,,,,,,,,,,,,,,,,,,,,,,,,,,,,,,,,,,,,,,,,,,,,,,,,,1,EA,,,,,,,,,,,,,,,,,,,,,,,,,,,,,,,,,,,,,US,No,No
,,,,,,SLER30524SS,,,,SLER30524SS,SLER30524SS,"SLER30524SS 30"" Elect Range SS",-- Unbranded --,-- No Unilog Brand --,-- No DIB Brand --,Appliance Dealers Cooperative (APPDE),Appliance Dealers Cooperative,Appliance Dealers Cooperative,,SLER30524SS,,,"Appliance Dealers Cooperative, Range, SLER30524SS, Stainless Steel",RANGE SST,"Appliance Dealers Cooperative, SLER30524SS, Range, Stainless Steel","Appliance Dealers Cooperative Range, Stainless Steel","Appliance Dealers Cooperative, Range, Stainless Steel",,,,,,,,,,,,,,,,,,,,,,,,,,,Range,Series,,,Model,,,Item Type,,,Voltage Rating,,,Amperage Rating,,,Dimensions,,,Mounting Type,,,Material,Stainless Steel,,Color,,,Sound Level,,,Additional Information,,,,,,,,,,,,,,,,,,,,,,,,,,,,,,,,,,,,,,,,,,,,,,,,,,,,,,,,,,,,,,,,,,,,,,,,,,,,,,,,,,,,,,,,,,,,,,,,,,,,,,,,,,,,,,,,,,,,,,,,,,,,,,1,EA,,,,,,,,,,,,,,,,,,,,,,,,,,,,,,,,,,,,,US,No,No
,,,,,,LSEL6333ZE,,,,LSEL6333ZE,LSEL6333ZE,"LSEL6333ZE LG 30"" Elec Range BS-Display Only",-- Unbranded --,-- No Unilog Brand --,-- No DIB Brand --,Appliance Dealers Cooperative (APPDE),Appliance Dealers Cooperative,Appliance Dealers Cooperative,,LSEL6333ZE,,,"Appliance Dealers Cooperative, Range, LSEL6333ZE",RANGE,"Appliance Dealers Cooperative, LSEL6333ZE, Range",Appliance Dealers Cooperative Range,"Appliance Dealers Cooperative, Range",,,,,,,,,,,,,,,,,,,,,,,,,,,Range,Series,,,Model,,,Item Type,,,Voltage Rating,,,Amperage Rating,,,Dimensions,,,Mounting Type,,,Material,,,Color,,,Sound Level,,,Additional Information,,,,,,,,,,,,,,,,,,,,,,,,,,,,,,,,,,,,,,,,,,,,,,,,,,,,,,,,,,,,,,,,,,,,,,,,,,,,,,,,,,,,,,,,,,,,,,,,,,,,,,,,,,,,,,,,,,,,,,,,,,,,,,1,EA,,,,,,,,,,,,,,,,,,,,,,,,,,,,,,,,,,,,,US,No,No
,,,,,,KSES530SBE,,,,KSES530SBE,KSES530SBE,"KSES530SBE 30"" Elect Range BO Display Only",-- Unbranded --,-- No Unilog Brand --,-- No DIB Brand --,Appliance Dealers Cooperative (APPDE),Appliance Dealers Cooperative,Appliance Dealers Cooperative,,KSES530SBE,,,"Appliance Dealers Cooperative, Range, KSES530SBE",RANGE,"Appliance Dealers Cooperative, KSES530SBE, Range",Appliance Dealers Cooperative Range,"Appliance Dealers Cooperative, Range",,,,,,,,,,,,,,,,,,,,,,,,,,,Range,Series,,,Model,,,Item Type,,,Voltage Rating,,,Amperage Rating,,,Dimensions,,,Mounting Type,,,Material,,,Color,,,Sound Level,,,Additional Information,,,,,,,,,,,,,,,,,,,,,,,,,,,,,,,,,,,,,,,,,,,,,,,,,,,,,,,,,,,,,,,,,,,,,,,,,,,,,,,,,,,,,,,,,,,,,,,,,,,,,,,,,,,,,,,,,,,,,,,,,,,,,,1,EA,,,,,,,,,,,,,,,,,,,,,,,,,,,,,,,,,,,,,US,No,No
https://www.frigidaire.com/product/GCFG3661AF,,,,,,GCFG3661AF,,,,GCFG3661AF,GCFG3661AF,"GCFG3661AF 36"" Frigidaire Gas Range SS",-- Unbranded --,-- No Unilog Brand --,-- No DIB Brand --,Appliance Dealers Cooperative (APPDE),Rheem Manufacturing,FRIGIDAIRE®,,GCFG3661AF,,,"FRIGIDAIRE®, Range, GCFG3661AF, Stainless Steel",RANGE SST,"FRIGIDAIRE®, GCFG3661AF, Range, Stainless Steel","FRIGIDAIRE® Range, Stainless Steel","FRIGIDAIRE®, Range, Stainless Steel",,,,,,,,,,,,,,,,,,,,,,,,,,,Range,Series,,,Model,,,Item Type,,,Voltage Rating,,,Amperage Rating,,,Dimensions,,,Mounting Type,,,Material,Stainless Steel,,Color,,,Sound Level,,,Additional Information,,,,,,,,,,,,,,,,,,,,,,,,,,,,,,,,,,,,,,,,,,,,,,,,,,,,,,,,,,,,,,,,,,,,,,,,,,,,,,,,,,,,,,,,,,,,,,,,,,,,,,,,,,,,,,,,,,,,,,,,,,,,,,1,EA,,,,,,,,,,,,,,,,,,,,,,,,,,,,,,,,,,,,,US,No,No
,,,,,,WSGS7530RZ,,,,WSGS7530RZ,WSGS7530RZ,"WSGS7530RZ 30"" Gas Range SS - Display Only",-- Unbranded --,-- No Unilog Brand --,-- No DIB Brand --,Appliance Dealers Cooperative (APPDE),Appliance Dealers Cooperative,Appliance Dealers Cooperative,,WSGS7530RZ,,,"Appliance Dealers Cooperative, Range, WSGS7530RZ, Stainless Steel",RANGE SST,"Appliance Dealers Cooperative, WSGS7530RZ, Range, Stainless Steel","Appliance Dealers Cooperative Range, Stainless Steel","Appliance Dealers Cooperative, Range, Stainless Steel",,,,,,,,,,,,,,,,,,,,,,,,,,,Range,Series,,,Model,,,Item Type,,,Voltage Rating,,,Amperage Rating,,,Dimensions,,,Mounting Type,,,Material,Stainless Steel,,Color,,,Sound Level,,,Additional Information,,,,,,,,,,,,,,,,,,,,,,,,,,,,,,,,,,,,,,,,,,,,,,,,,,,,,,,,,,,,,,,,,,,,,,,,,,,,,,,,,,,,,,,,,,,,,,,,,,,,,,,,,,,,,,,,,,,,,,,,,,,,,,1,EA,,,,,,,,,,,,,,,,,,,,,,,,,,,,,,,,,,,,,US,No,No
https://www.eaton.com/product/CHP90301TBB,,,,,,CHP90301TBB,,,,CHP90301TBB,CHP90301TBB,CHP90301TBB Café Cooktop Bk,-- Unbranded --,-- No Unilog Brand --,-- No DIB Brand --,Appliance Dealers Cooperative (APPDE),Eaton Corporation,EATON®,,CHP90301TBB,,,"EATON®, Commercial Product, CHP90301TBB",COMMERCIAL PRODUCT,"EATON®, CHP90301TBB, Commercial Product",EATON® Commercial Product,"EATON®, Commercial Product",,,,,,,,,,,,,,,,,,,,,,,,,,,"EATON®, Commercial Product",Series,,,Model,,,Item Type,,,Voltage Rating,,,Amperage Rating,,,Dimensions,,,Mounting Type,,,Material,,,Color,,,Sound Level,,,Additional Information,,,,,,,,,,,,,,,,,,,,,,,,,,,,,,,,,,,,,,,,,,,,,,,,,,,,,,,,,,,,,,,,,,,,,,,,,,,,,,,,,,,,,,,,,,,,,,,,,,,,,,,,,,,,,,,,,,,,,,,,,,,,,,1,EA,,,,,,,,,,,,,,,,,,,,,,,,,,,,,,,,,,,,,US,No,No
,,,,,,CVM517P3RD1,,,,CVM517P3RD1,CVM517P3RD1,CVM517P3RD1 Cafe Microwave Bk - Display,-- Unbranded --,-- No Unilog Brand --,-- No DIB Brand --,Appliance Dealers Cooperative (APPDE),Appliance Dealers Cooperative,Appliance Dealers Cooperative,,CVM517P3RD1,,,"Appliance Dealers Cooperative, Commercial Product, CVM517P3RD1",COMMERCIAL PRODUCT,"Appliance Dealers Cooperative, CVM517P3RD1, Commercial Product",Appliance Dealers Cooperative Commercial Product,"Appliance Dealers Cooperative, Commercial Product",,,,,,,,,,,,,,,,,,,,,,,,,,,"Appliance Dealers Cooperative, Commercial Product",Series,,,Model,,,Item Type,,,Voltage Rating,,,Amperage Rating,,,Dimensions,,,Mounting Type,,,Material,,,Color,,,Sound Level,,,Additional Information,,,,,,,,,,,,,,,,,,,,,,,,,,,,,,,,,,,,,,,,,,,,,,,,,,,,,,,,,,,,,,,,,,,,,,,,,,,,,,,,,,,,,,,,,,,,,,,,,,,,,,,,,,,,,,,,,,,,,,,,,,,,,,1,EA,,,,,,,,,,,,,,,,,,,,,,,,,,,,,,,,,,,,,US,No,No
,,,,,,PMOS1980AF,,,,PMOS1980AF,PMOS1980AF,PMOS1980AF OTR Microwave SS - Display Only,-- Unbranded --,-- No Unilog Brand --,-- No DIB Brand --,Appliance Dealers Cooperative (APPDE),Appliance Dealers Cooperative,Appliance Dealers Cooperative,,PMOS1980AF,,,"Appliance Dealers Cooperative, Commercial Product, PMOS1980AF, Stainless Steel",COMMERCIAL PRODUCT SST,"Appliance Dealers Cooperative, PMOS1980AF, Commercial Product, Stainless Steel","Appliance Dealers Cooperative Commercial Product, Stainless Steel","Appliance Dealers Cooperative, Commercial Product, Stainless Steel",,,,,,,,,,,,,,,,,,,,,,,,,,,"Appliance Dealers Cooperative, Commercial Product, Stainless Steel",Series,,,Model,,,Item Type,,,Voltage Rating,,,Amperage Rating,,,Dimensions,,,Mounting Type,,,Material,Stainless Steel,,Color,,,Sound Level,,,Additional Information,,,,,,,,,,,,,,,,,,,,,,,,,,,,,,,,,,,,,,,,,,,,,,,,,,,,,,,,,,,,,,,,,,,,,,,,,,,,,,,,,,,,,,,,,,,,,,,,,,,,,,,,,,,,,,,,,,,,,,,,,,,,,,1,EA,,,,,,,,,,,,,,,,,,,,,,,,,,,,,,,,,,,,,US,No,No
,,,,,,WMMS3330RZ,,,,WMMS3330RZ,WMMS3330RZ,WMMS3330RZ OTR Mocrowave SS - Display Only,-- Unbranded --,-- No Unilog Brand --,-- No DIB Brand --,Appliance Dealers Cooperative (APPDE),Appliance Dealers Cooperative,Appliance Dealers Cooperative,,WMMS3330RZ,,,"Appliance Dealers Cooperative, Commercial Product, WMMS3330RZ, Stainless Steel",COMMERCIAL PRODUCT SST,"Appliance Dealers Cooperative, WMMS3330RZ, Commercial Product, Stainless Steel","Appliance Dealers Cooperative Commercial Product, Stainless Steel","Appliance Dealers Cooperative, Commercial Product, Stainless Steel",,,,,,,,,,,,,,,,,,,,,,,,,,,"Appliance Dealers Cooperative, Commercial Product, Stainless Steel",Series,,,Model,,,Item Type,,,Voltage Rating,,,Amperage Rating,,,Dimensions,,,Mounting Type,,,Material,Stainless Steel,,Color,,,Sound Level,,,Additional Information,,,,,,,,,,,,,,,,,,,,,,,,,,,,,,,,,,,,,,,,,,,,,,,,,,,,,,,,,,,,,,,,,,,,,,,,,,,,,,,,,,,,,,,,,,,,,,,,,,,,,,,,,,,,,,,,,,,,,,,,,,,,,,1,EA,,,,,,,,,,,,,,,,,,,,,,,,,,,,,,,,,,,,,US,No,No
,,,,,,KMMF530PBE,,,,KMMF530PBE,KMMF530PBE,KMMF530PBE OTR Microwave BO Display Only,-- Unbranded --,-- No Unilog Brand --,-- No DIB Brand --,Appliance Dealers Cooperative (APPDE),Appliance Dealers Cooperative,Appliance Dealers Cooperative,,KMMF530PBE,,,"Appliance Dealers Cooperative, Commercial Product, KMMF530PBE",COMMERCIAL PRODUCT,"Appliance Dealers Cooperative, KMMF530PBE, Commercial Product",Appliance Dealers Cooperative Commercial Product,"Appliance Dealers Cooperative, Commercial Product",,,,,,,,,,,,,,,,,,,,,,,,,,,"Appliance Dealers Cooperative, Commercial Product",Series,,,Model,,,Item Type,,,Voltage Rating,,,Amperage Rating,,,Dimensions,,,Mounting Type,,,Material,,,Color,,,Sound Level,,,Additional Information,,,,,,,,,,,,,,,,,,,,,,,,,,,,,,,,,,,,,,,,,,,,,,,,,,,,,,,,,,,,,,,,,,,,,,,,,,,,,,,,,,,,,,,,,,,,,,,,,,,,,,,,,,,,,,,,,,,,,,,,,,,,,,1,EA,,,,,,,,,,,,,,,,,,,,,,,,,,,,,,,,,,,,,US,No,No
,,,,,,JXGRILL1,,,,JXGRILL1,JXGRILL1,JXGRILL1 GE Range Grill,-- Unbranded --,-- No Unilog Brand --,-- No DIB Brand --,Appliance Dealers Cooperative (APPDE),Appliance Dealers Cooperative,Appliance Dealers Cooperative,,JXGRILL1,,,"Appliance Dealers Cooperative, Range, JXGRILL1",RANGE,"Appliance Dealers Cooperative, JXGRILL1, Range",Appliance Dealers Cooperative Range,"Appliance Dealers Cooperative, Range",,,,,,,,,,,,,,,,,,,,,,,,,,,Range,Series,,,Model,,,Item Type,,,Voltage Rating,,,Amperage Rating,,,Dimensions,,,Mounting Type,,,Material,,,Color,,,Sound Level,,,Additional Information,,,,,,,,,,,,,,,,,,,,,,,,,,,,,,,,,,,,,,,,,,,,,,,,,,,,,,,,,,,,,,,,,,,,,,,,,,,,,,,,,,,,,,,,,,,,,,,,,,,,,,,,,,,,,,,,,,,,,,,,,,,,,,1,EA,,,,,,,,,,,,,,,,,,,,,,,,,,,,,,,,,,,,,US,No,No
,,,,,,C9TMA2S3PD3,,,,C9TMA2S3PD3,C9TMA2S3PD3,C9TMA2S3PD3 Café Toaster MB,-- Unbranded --,-- No Unilog Brand --,-- No DIB Brand --,Appliance Dealers Cooperative (APPDE),Appliance Dealers Cooperative,Appliance Dealers Cooperative,,C9TMA2S3PD3,,,"Appliance Dealers Cooperative, Commercial Product, C9TMA2S3PD3",COMMERCIAL PRODUCT,"Appliance Dealers Cooperative, C9TMA2S3PD3, Commercial Product",Appliance Dealers Cooperative Commercial Product,"Appliance Dealers Cooperative, Commercial Product",,,,,,,,,,,,,,,,,,,,,,,,,,,"Appliance Dealers Cooperative, Commercial Product",Series,,,Model,,,Item Type,,,Voltage Rating,,,Amperage Rating,,,Dimensions,,,Mounting Type,,,Material,,,Color,Matte Black,,Sound Level,,,Additional Information,,,,,,,,,,,,,,,,,,,,,,,,,,,,,,,,,,,,,,,,,,,,,,,,,,,,,,,,,,,,,,,,,,,,,,,,,,,,,,,,,,,,,,,,,,,,,,,,,,,,,,,,,,,,,,,,,,,,,,,,,,,,,,1,EA,,,,,,,,,,,,,,,,,,,,,,,,,,,,,,,,,,,,,US,No,No
,,,,,,C9TMA2S4PW3,,,,C9TMA2S4PW3,C9TMA2S4PW3,C9TMA2S4PW3 Café Toaster MW,-- Unbranded --,-- No Unilog Brand --,-- No DIB Brand --,Appliance Dealers Cooperative (APPDE),Appliance Dealers Cooperative,Appliance Dealers Cooperative,,C9TMA2S4PW3,,,"Appliance Dealers Cooperative, Commercial Product, C9TMA2S4PW3",COMMERCIAL PRODUCT,"Appliance Dealers Cooperative, C9TMA2S4PW3, Commercial Product",Appliance Dealers Cooperative Commercial Product,"Appliance Dealers Cooperative, Commercial Product",,,,,,,,,,,,,,,,,,,,,,,,,,,"Appliance Dealers Cooperative, Commercial Product",Series,,,Model,,,Item Type,,,Voltage Rating,,,Amperage Rating,,,Dimensions,,,Mounting Type,,,Material,,,Color,,,Sound Level,,,Additional Information,,,,,,,,,,,,,,,,,,,,,,,,,,,,,,,,,,,,,,,,,,,,,,,,,,,,,,,,,,,,,,,,,,,,,,,,,,,,,,,,,,,,,,,,,,,,,,,,,,,,,,,,,,,,,,,,,,,,,,,,,,,,,,1,EA,,,,,,,,,,,,,,,,,,,,,,,,,,,,,,,,,,,,,US,No,No
,,,,,,C90AAAS2RS3,,,,C90AAAS2RS3,C90AAAS2RS3,C90AAAS2RS3 Cafe Toast Oven SS,-- Unbranded --,-- No Unilog Brand --,-- No DIB Brand --,Appliance Dealers Cooperative (APPDE),Appliance Dealers Cooperative,Appliance Dealers Cooperative,,C90AAAS2RS3,,,"Appliance Dealers Cooperative, Range, C90AAAS2RS3, Stainless Steel",RANGE SST,"Appliance Dealers Cooperative, C90AAAS2RS3, Range, Stainless Steel","Appliance Dealers Cooperative Range, Stainless Steel","Appliance Dealers Cooperative, Range, Stainless Steel",,,,,,,,,,,,,,,,,,,,,,,,,,,Range,Series,,,Model,,,Item Type,,,Voltage Rating,,,Amperage Rating,,,Dimensions,,,Mounting Type,,,Material,Stainless Steel,,Color,,,Sound Level,,,Additional Information,,,,,,,,,,,,,,,,,,,,,,,,,,,,,,,,,,,,,,,,,,,,,,,,,,,,,,,,,,,,,,,,,,,,,,,,,,,,,,,,,,,,,,,,,,,,,,,,,,,,,,,,,,,,,,,,,,,,,,,,,,,,,,1,EA,,,,,,,,,,,,,,,,,,,,,,,,,,,,,,,,,,,,,US,No,No
,,,,,,C9TMA2SP2PS3,,,,C9TMA2SP2PS3,C9TMA2SP2PS3,C9TMA2S2PS3 Cafe Toaster SS,-- Unbranded --,-- No Unilog Brand --,-- No DIB Brand --,Appliance Dealers Cooperative (APPDE),Appliance Dealers Cooperative,Appliance Dealers Cooperative,,C9TMA2SP2PS3,,,"Appliance Dealers Cooperative, Commercial Product, C9TMA2SP2PS3, Stainless Steel",COMMERCIAL PRODUCT SST,"Appliance Dealers Cooperative, C9TMA2SP2PS3, Commercial Product, Stainless Steel","Appliance Dealers Cooperative Commercial Product, Stainless Steel","Appliance Dealers Cooperative, Commercial Product, Stainless Steel",,,,,,,,,,,,,,,,,,,,,,,,,,,"Appliance Dealers Cooperative, Commercial Product, Stainless Steel",Series,,,Model,,,Item Type,,,Voltage Rating,,,Amperage Rating,,,Dimensions,,,Mounting Type,,,Material,Stainless Steel,,Color,,,Sound Level,,,Additional Information,,,,,,,,,,,,,,,,,,,,,,,,,,,,,,,,,,,,,,,,,,,,,,,,,,,,,,,,,,,,,,,,,,,,,,,,,,,,,,,,,,,,,,,,,,,,,,,,,,,,,,,,,,,,,,,,,,,,,,,,,,,,,,1,EA,,,,,,,,,,,,,,,,,,,,,,,,,,,,,,,,,,,,,US,No,No
,,,,,,GDE21EMKES,,,,GDE21EMKES,GDE21EMKES,GDE21EMKES GE 21CF Fridge SL Display Only,-- Unbranded --,-- No Unilog Brand --,-- No DIB Brand --,Appliance Dealers Cooperative (APPDE),Appliance Dealers Cooperative,Appliance Dealers Cooperative,,GDE21EMKES,,,"Appliance Dealers Cooperative, Commercial Product, GDE21EMKES",COMMERCIAL PRODUCT,"Appliance Dealers Cooperative, GDE21EMKES, Commercial Product",Appliance Dealers Cooperative Commercial Product,"Appliance Dealers Cooperative, Commercial Product",,,,,,,,,,,,,,,,,,,,,,,,,,,"Appliance Dealers Cooperative, Commercial Product",Series,,,Model,,,Item Type,,,Voltage Rating,,,Amperage Rating,,,Dimensions,,,Mounting Type,,,Material,,,Color,,,Sound Level,,,Additional Information,,,,,,,,,,,,,,,,,,,,,,,,,,,,,,,,,,,,,,,,,,,,,,,,,,,,,,,,,,,,,,,,,,,,,,,,,,,,,,,,,,,,,,,,,,,,,,,,,,,,,,,,,,,,,,,,,,,,,,,,,,,,,,1,EA,,,,,,,,,,,,,,,,,,,,,,,,,,,,,,,,,,,,,US,No,No
,,,,,,FCM16SLWW,,,,FCM16SLWW,FCM16SLWW,FCM16SLWW 16CF GE Freezer Chest MH,-- Unbranded --,-- No Unilog Brand --,-- No DIB Brand --,Appliance Dealers Cooperative (APPDE),Appliance Dealers Cooperative,Appliance Dealers Cooperative,,FCM16SLWW,,,"Appliance Dealers Cooperative, Commercial Product, FCM16SLWW",COMMERCIAL PRODUCT,"Appliance Dealers Cooperative, FCM16SLWW, Commercial Product",Appliance Dealers Cooperative Commercial Product,"Appliance Dealers Cooperative, Commercial Product",,,,,,,,,,,,,,,,,,,,,,,,,,,"Appliance Dealers Cooperative, Commercial Product",Series,,,Model,,,Item Type,,,Voltage Rating,,,Amperage Rating,,,Dimensions,,,Mounting Type,,,Material,,,Color,,,Sound Level,,,Additional Information,,,,,,,,,,,,,,,,,,,,,,,,,,,,,,,,,,,,,,,,,,,,,,,,,,,,,,,,,,,,,,,,,,,,,,,,,,,,,,,,,,,,,,,,,,,,,,,,,,,,,,,,,,,,,,,,,,,,,,,,,,,,,,1,EA,,,,,,,,,,,,,,,,,,,,,,,,,,,,,,,,,,,,,US,No,No
,,,,,,GNE27JYMFS,,,,GNE27JYMFS,GNE27JYMFS,GNE27JYMFS GE Fridge SS,-- Unbranded --,-- No Unilog Brand --,-- No DIB Brand --,Appliance Dealers Cooperative (APPDE),Appliance Dealers Cooperative,Appliance Dealers Cooperative,,GNE27JYMFS,,,"Appliance Dealers Cooperative, Commercial Product, GNE27JYMFS, Stainless Steel",COMMERCIAL PRODUCT SST,"Appliance Dealers Cooperative, GNE27JYMFS, Commercial Product, Stainless Steel","Appliance Dealers Cooperative Commercial Product, Stainless Steel","Appliance Dealers Cooperative, Commercial Product, Stainless Steel",,,,,,,,,,,,,,,,,,,,,,,,,,,"Appliance Dealers Cooperative, Commercial Product, Stainless Steel",Series,,,Model,,,Item Type,,,Voltage Rating,,,Amperage Rating,,,Dimensions,,,Mounting Type,,,Material,Stainless Steel,,Color,,,Sound Level,,,Additional Information,,,,,,,,,,,,,,,,,,,,,,,,,,,,,,,,,,,,,,,,,,,,,,,,,,,,,,,,,,,,,,,,,,,,,,,,,,,,,,,,,,,,,,,,,,,,,,,,,,,,,,,,,,,,,,,,,,,,,,,,,,,,,,1,EA,,,,,,,,,,,,,,,,,,,,,,,,,,,,,,,,,,,,,US,No,No
,,,,,,CVE28DP3ND1,,,,CVE28DP3ND1,CVE28DP3ND1,CVE28DP3ND1 Cafe Fridge Bk,-- Unbranded --,-- No Unilog Brand --,-- No DIB Brand --,Appliance Dealers Cooperative (APPDE),Appliance Dealers Cooperative,Appliance Dealers Cooperative,,CVE28DP3ND1,,,"Appliance Dealers Cooperative, Commercial Product, CVE28DP3ND1",COMMERCIAL PRODUCT,"Appliance Dealers Cooperative, CVE28DP3ND1, Commercial Product",Appliance Dealers Cooperative Commercial Product,"Appliance Dealers Cooperative, Commercial Product",,,,,,,,,,,,,,,,,,,,,,,,,,,"Appliance Dealers Cooperative, Commercial Product",Series,,,Model,,,Item Type,,,Voltage Rating,,,Amperage Rating,,,Dimensions,,,Mounting Type,,,Material,,,Color,,,Sound Level,,,Additional Information,,,,,,,,,,,,,,,,,,,,,,,,,,,,,,,,,,,,,,,,,,,,,,,,,,,,,,,,,,,,,,,,,,,,,,,,,,,,,,,,,,,,,,,,,,,,,,,,,,,,,,,,,,,,,,,,,,,,,,,,,,,,,,1,EA,,,,,,,,,,,,,,,,,,,,,,,,,,,,,,,,,,,,,US,No,No
,,,,,,GNE25JMKES,,,,GNE25JMKES,GNE25JMKES,GNE25JMKES GE Fridge Slate - Display,-- Unbranded --,-- No Unilog Brand --,-- No DIB Brand --,Appliance Dealers Cooperative (APPDE),Appliance Dealers Cooperative,Appliance Dealers Cooperative,,GNE25JMKES,,,"Appliance Dealers Cooperative, Commercial Product, GNE25JMKES",COMMERCIAL PRODUCT,"Appliance Dealers Cooperative, GNE25JMKES, Commercial Product",Appliance Dealers Cooperative Commercial Product,"Appliance Dealers Cooperative, Commercial Product",,,,,,,,,,,,,,,,,,,,,,,,,,,"Appliance Dealers Cooperative, Commercial Product",Series,,,Model,,,Item Type,,,Voltage Rating,,,Amperage Rating,,,Dimensions,,,Mounting Type,,,Material,,,Color,,,Sound Level,,,Additional Information,,,,,,,,,,,,,,,,,,,,,,,,,,,,,,,,,,,,,,,,,,,,,,,,,,,,,,,,,,,,,,,,,,,,,,,,,,,,,,,,,,,,,,,,,,,,,,,,,,,,,,,,,,,,,,,,,,,,,,,,,,,,,,1,EA,,,,,,,,,,,,,,,,,,,,,,,,,,,,,,,,,,,,,US,No,No
,,,,,,PRFS2883AF,,,,PRFS2883AF,PRFS2883AF,"PRFS2883AF 36"" Fridge SS - Display Only",-- Unbranded --,-- No Unilog Brand --,-- No DIB Brand --,Appliance Dealers Cooperative (APPDE),Appliance Dealers Cooperative,Appliance Dealers Cooperative,,PRFS2883AF,,,"Appliance Dealers Cooperative, Commercial Product, PRFS2883AF, Stainless Steel",COMMERCIAL PRODUCT SST,"Appliance Dealers Cooperative, PRFS2883AF, Commercial Product, Stainless Steel","Appliance Dealers Cooperative Commercial Product, Stainless Steel","Appliance Dealers Cooperative, Commercial Product, Stainless Steel",,,,,,,,,,,,,,,,,,,,,,,,,,,"Appliance Dealers Cooperative, Commercial Product, Stainless Steel",Series,,,Model,,,Item Type,,,Voltage Rating,,,Amperage Rating,,,Dimensions,,,Mounting Type,,,Material,Stainless Steel,,Color,,,Sound Level,,,Additional Information,,,,,,,,,,,,,,,,,,,,,,,,,,,,,,,,,,,,,,,,,,,,,,,,,,,,,,,,,,,,,,,,,,,,,,,,,,,,,,,,,,,,,,,,,,,,,,,,,,,,,,,,,,,,,,,,,,,,,,,,,,,,,,1,EA,,,,,,,,,,,,,,,,,,,,,,,,,,,,,,,,,,,,,US,No,No
,,,,,,PAD28BYTFS,,,,PAD28BYTFS,PAD28BYTFS,PAD28BYTFS GE Fridge SS,-- Unbranded --,-- No Unilog Brand --,-- No DIB Brand --,Appliance Dealers Cooperative (APPDE),Appliance Dealers Cooperative,Appliance Dealers Cooperative,,PAD28BYTFS,,,"Appliance Dealers Cooperative, Commercial Product, PAD28BYTFS, Stainless Steel",COMMERCIAL PRODUCT SST,"Appliance Dealers Cooperative, PAD28BYTFS, Commercial Product, Stainless Steel","Appliance Dealers Cooperative Commercial Product, Stainless Steel","Appliance Dealers Cooperative, Commercial Product, Stainless Steel",,,,,,,,,,,,,,,,,,,,,,,,,,,"Appliance Dealers Cooperative, Commercial Product, Stainless Steel",Series,,,Model,,,Item Type,,,Voltage Rating,,,Amperage Rating,,,Dimensions,,,Mounting Type,,,Material,Stainless Steel,,Color,,,Sound Level,,,Additional Information,,,,,,,,,,,,,,,,,,,,,,,,,,,,,,,,,,,,,,,,,,,,,,,,,,,,,,,,,,,,,,,,,,,,,,,,,,,,,,,,,,,,,,,,,,,,,,,,,,,,,,,,,,,,,,,,,,,,,,,,,,,,,,1,EA,,,,,,,,,,,,,,,,,,,,,,,,,,,,,,,,,,,,,US,No,No
,,,,,,PGE29BYTFS,,,,PGE29BYTFS,PGE29BYTFS,PGE29BYTFS GE Fridge SS,-- Unbranded --,-- No Unilog Brand --,-- No DIB Brand --,Appliance Dealers Cooperative (APPDE),Appliance Dealers Cooperative,Appliance Dealers Cooperative,,PGE29BYTFS,,,"Appliance Dealers Cooperative, Commercial Product, PGE29BYTFS, Stainless Steel",COMMERCIAL PRODUCT SST,"Appliance Dealers Cooperative, PGE29BYTFS, Commercial Product, Stainless Steel","Appliance Dealers Cooperative Commercial Product, Stainless Steel","Appliance Dealers Cooperative, Commercial Product, Stainless Steel",,,,,,,,,,,,,,,,,,,,,,,,,,,"Appliance Dealers Cooperative, Commercial Product, Stainless Steel",Series,,,Model,,,Item Type,,,Voltage Rating,,,Amperage Rating,,,Dimensions,,,Mounting Type,,,Material,Stainless Steel,,Color,,,Sound Level,,,Additional Information,,,,,,,,,,,,,,,,,,,,,,,,,,,,,,,,,,,,,,,,,,,,,,,,,,,,,,,,,,,,,,,,,,,,,,,,,,,,,,,,,,,,,,,,,,,,,,,,,,,,,,,,,,,,,,,,,,,,,,,,,,,,,,1,EA,,,,,,,,,,,,,,,,,,,,,,,,,,,,,,,,,,,,,US,No,No
,,,,,,ERFD19CGCS,,,,ERFD19CGCS,ERFD19CGCS,ERFD19CGCS Element Fridge SS,-- Unbranded --,-- No Unilog Brand --,-- No DIB Brand --,Appliance Dealers Cooperative (APPDE),Appliance Dealers Cooperative,Appliance Dealers Cooperative,,ERFD19CGCS,,,"Appliance Dealers Cooperative, Commercial Product, ERFD19CGCS, Stainless Steel",COMMERCIAL PRODUCT SST,"Appliance Dealers Cooperative, ERFD19CGCS, Commercial Product, Stainless Steel","Appliance Dealers Cooperative Commercial Product, Stainless Steel","Appliance Dealers Cooperative, Commercial Product, Stainless Steel",,,,,,,,,,,,,,,,,,,,,,,,,,,"Appliance Dealers Cooperative, Commercial Product, Stainless Steel",Series,,,Model,,,Item Type,,,Voltage Rating,,,Amperage Rating,,,Dimensions,,,Mounting Type,,,Material,Stainless Steel,,Color,,,Sound Level,,,Additional Information,,,,,,,,,,,,,,,,,,,,,,,,,,,,,,,,,,,,,,,,,,,,,,,,,,,,,,,,,,,,,,,,,,,,,,,,,,,,,,,,,,,,,,,,,,,,,,,,,,,,,,,,,,,,,,,,,,,,,,,,,,,,,,1,EA,,,,,,,,,,,,,,,,,,,,,,,,,,,,,,,,,,,,,US,No,No
,,,,,,LT18S2100W,,,,LT18S2100W,LT18S2100W,LT18S2100W LG Fridge Wh,-- Unbranded --,-- No Unilog Brand --,-- No DIB Brand --,Appliance Dealers Cooperative (APPDE),Appliance Dealers Cooperative,Appliance Dealers Cooperative,,LT18S2100W,,,"Appliance Dealers Cooperative, Commercial Product, LT18S2100W",COMMERCIAL PRODUCT,"Appliance Dealers Cooperative, LT18S2100W, Commercial Product",Appliance Dealers Cooperative Commercial Product,"Appliance Dealers Cooperative, Commercial Product",,,,,,,,,,,,,,,,,,,,,,,,,,,"Appliance Dealers Cooperative, Commercial Product",Series,,,Model,,,Item Type,,,Voltage Rating,,,Amperage Rating,,,Dimensions,,,Mounting Type,,,Material,,,Color,,,Sound Level,,,Additional Information,,,,,,,,,,,,,,,,,,,,,,,,,,,,,,,,,,,,,,,,,,,,,,,,,,,,,,,,,,,,,,,,,,,,,,,,,,,,,,,,,,,,,,,,,,,,,,,,,,,,,,,,,,,,,,,,,,,,,,,,,,,,,,1,EA,,,,,,,,,,,,,,,,,,,,,,,,,,,,,,,,,,,,,US,No,No
,,,,,,LT18S2100SS,,,,LT18S2100SS,LT18S2100SS,LT18S2100S 18CF LG Fridge SS,-- Unbranded --,-- No Unilog Brand --,-- No DIB Brand --,Appliance Dealers Cooperative (APPDE),Appliance Dealers Cooperative,Appliance Dealers Cooperative,,LT18S2100SS,,,"Appliance Dealers Cooperative, Commercial Product, LT18S2100SS, Stainless Steel",COMMERCIAL PRODUCT SST,"Appliance Dealers Cooperative, LT18S2100SS, Commercial Product, Stainless Steel","Appliance Dealers Cooperative Commercial Product, Stainless Steel","Appliance Dealers Cooperative, Commercial Product, Stainless Steel",,,,,,,,,,,,,,,,,,,,,,,,,,,"Appliance Dealers Cooperative, Commercial Product, Stainless Steel",Series,,,Model,,,Item Type,,,Voltage Rating,,,Amperage Rating,,,Dimensions,,,Mounting Type,,,Material,Stainless Steel,,Color,,,Sound Level,,,Additional Information,,,,,,,,,,,,,,,,,,,,,,,,,,,,,,,,,,,,,,,,,,,,,,,,,,,,,,,,,,,,,,,,,,,,,,,,,,,,,,,,,,,,,,,,,,,,,,,,,,,,,,,,,,,,,,,,,,,,,,,,,,,,,,1,EA,,,,,,,,,,,,,,,,,,,,,,,,,,,,,,,,,,,,,US,No,No
,,,,,,EUF17CDBW,,,,EUF17CDBW,EUF17CDBW,EUF17CDBW Element 17CF Freezer - Upright,-- Unbranded --,-- No Unilog Brand --,-- No DIB Brand --,Appliance Dealers Cooperative (APPDE),Appliance Dealers Cooperative,Appliance Dealers Cooperative,,EUF17CDBW,,,"Appliance Dealers Cooperative, Commercial Product, EUF17CDBW",COMMERCIAL PRODUCT,"Appliance Dealers Cooperative, EUF17CDBW, Commercial Product",Appliance Dealers Cooperative Commercial Product,"Appliance Dealers Cooperative, Commercial Product",,,,,,,,,,,,,,,,,,,,,,,,,,,"Appliance Dealers Cooperative, Commercial Product",Series,,,Model,,,Item Type,,,Voltage Rating,,,Amperage Rating,,,Dimensions,,,Mounting Type,,,Material,,,Color,,,Sound Level,,,Additional Information,,,,,,,,,,,,,,,,,,,,,,,,,,,,,,,,,,,,,,,,,,,,,,,,,,,,,,,,,,,,,,,,,,,,,,,,,,,,,,,,,,,,,,,,,,,,,,,,,,,,,,,,,,,,,,,,,,,,,,,,,,,,,,1,EA,,,,,,,,,,,,,,,,,,,,,,,,,,,,,,,,,,,,,US,No,No
,,,,,,EUF21CDBW,,,,EUF21CDBW,EUF21CDBW,EUF21CDBW Element 21CF Freezer - Upright,-- Unbranded --,-- No Unilog Brand --,-- No DIB Brand --,Appliance Dealers Cooperative (APPDE),Appliance Dealers Cooperative,Appliance Dealers Cooperative,,EUF21CDBW,,,"Appliance Dealers Cooperative, Commercial Product, EUF21CDBW",COMMERCIAL PRODUCT,"Appliance Dealers Cooperative, EUF21CDBW, Commercial Product",Appliance Dealers Cooperative Commercial Product,"Appliance Dealers Cooperative, Commercial Product",,,,,,,,,,,,,,,,,,,,,,,,,,,"Appliance Dealers Cooperative, Commercial Product",Series,,,Model,,,Item Type,,,Voltage Rating,,,Amperage Rating,,,Dimensions,,,Mounting Type,,,Material,,,Color,,,Sound Level,,,Additional Information,,,,,,,,,,,,,,,,,,,,,,,,,,,,,,,,,,,,,,,,,,,,,,,,,,,,,,,,,,,,,,,,,,,,,,,,,,,,,,,,,,,,,,,,,,,,,,,,,,,,,,,,,,,,,,,,,,,,,,,,,,,,,,1,EA,,,,,,,,,,,,,,,,,,,,,,,,,,,,,,,,,,,,,US,No,No
,,,,,,TP-1935,,,,TP-1935,TP-1935,TP-1935 Hole Drilling System,-- Unbranded --,-- No Unilog Brand --,-- No DIB Brand --,-,-,-,,TP-1935,,,"-, Commercial Product, TP-1935",COMMERCIAL PRODUCT,"-, TP-1935, Commercial Product",- Commercial Product,"-, Commercial Product",,,,,,,,,,,,,,,,,,,,,,,,,,,"-, Commercial Product",Series,,,Model,,,Item Type,,,Voltage Rating,,,Amperage Rating,,,Dimensions,,,Mounting Type,,,Material,,,Color,,,Sound Level,,,Additional Information,,,,,,,,,,,,,,,,,,,,,,,,,,,,,,,,,,,,,,,,,,,,,,,,,,,,,,,,,,,,,,,,,,,,,,,,,,,,,,,,,,,,,,,,,,,,,,,,,,,,,,,,,,,,,,,,,,,,,,,,,,,,,,1,EA,,,,,,,,,,,,,,,,,,,,,,,,,,,,,,,,,,,,,US,No,No
,,,,,,K527APBXR,,,,K527APBXR,K527APBXR,"K527APBXR Senco .131x3"" SM BB - 500CT",-- Unbranded --,-- No Unilog Brand --,-- No DIB Brand --,Senco Products Inc (4650),Senco Products Inc,Senco Products Inc,,K527APBXR,,,"Senco Products Inc, Commercial Product, K527APBXR",COMMERCIAL PRODUCT 131X3,"Senco Products Inc, K527APBXR, Commercial Product","Senco Products Inc Commercial Product, 131x3","Senco Products Inc, Commercial Product",,,,,,,,,,,,,,,,,,,,,,,,,,,"Senco Products Inc, Commercial Product",Series,,,Model,,,Item Type,,,Voltage Rating,,,Amperage Rating,,,Dimensions,131x3,,Mounting Type,,,Material,,,Color,,,Sound Level,,,Additional Information,,,,,,,,,,,,,,,ArborSize,3,in,,,,,,,,,,,,,,,,,,,,,,,,,,,,,,,,,,,,,,,,,,,,,,,,,,,,,,,,,,,,,,,,,,,,,,,,,,,,,,,,,,,,,,,,,,,,,,,,,,,,,,,,,,,,,1,EA,,,,,,,,,,,,,,,,,,,,,,,,,,,,,,,,,,,,,US,No,No
,,,,,,603150,,,,603150,603150,"603150 2-1/2"" Finish Nail 15GA - 4M",-- Unbranded --,-- No Unilog Brand --,-- No DIB Brand --,National Nail Corp (7439),National Nail Corp,National Nail Corp,,603150,,,"National Nail Corp, Commercial Product, 603150",COMMERCIAL PRODUCT,"National Nail Corp, 603150, Commercial Product",National Nail Corp Commercial Product,"National Nail Corp, Commercial Product",,,,,,,,,,,,,,,,,,,,,,,,,,,"National Nail Corp, Commercial Product",Series,,,Model,,,Item Type,,,Voltage Rating,,,Amperage Rating,,,Dimensions,,,Mounting Type,,,Material,,,Color,,,Sound Level,,,Additional Information,,,,,,,,,,,,,,,,,,,,,,,,,,,,,,,,,,,,,,,,,,,,,,,,,,,,,,,,,,,,,,,,,,,,,,,,,,,,,,,,,,,,,,,,,,,,,,,,,,,,,,,,,,,,,,,,,,,,,,,,,,,,,,1,EA,,,,,,,,,,,,,,,,,,,,,,,,,,,,,,,,,,,,,US,No,No
https://www.diablotools.com/product/D10CNK,,,,,,D10CNK,,,,D10CNK,D10CNK,"D10CNK Prebena 1/2""x3/8"" - Staple",-- Unbranded --,-- No Unilog Brand --,-- No DIB Brand --,Prebena (PREBE),Freud Tools / Robert Bosch Tool Corporation,DIABLO®,,D10CNK,,,"DIABLO®, Commercial Product, d10cnk",COMMERCIAL PRODUCT 1/2 INX3/8,"DIABLO®, d10cnk, Commercial Product","DIABLO® Commercial Product, 1/2 inx3/8","DIABLO®, Commercial Product",,,,,,,,,,,,,,,,,,,,,,,,,,,"DIABLO®, Commercial Product",Series,,,Model,,,Item Type,,,Voltage Rating,,,Amperage Rating,,,Dimensions,1/2 inx3/8,,Mounting Type,,,Material,,,Color,,,Sound Level,,,Additional Information,,,,,,,,,,,,,,,,,,,,,,,,,,,,,,,,,,,,,,,,,,,,,,,,,,,,,,,,,,,,,,,,,,,,,,,,,,,,,,,,,,,,,,,,,,,,,,,,,,,,,,,,,,,,,,,,,,,,,,,,,,,,,,1,EA,,,,,,,,,,,,,,,,,,,,,,,,,,,,,,,,,,,,,US,No,No
,,,,,,E28CNKHA,,,,E28CNKHA,E28CNKHA,"E28CNKHA Prebena 2/4""x1 1/8"" - Staple",-- Unbranded --,-- No Unilog Brand --,-- No DIB Brand --,Prebena (PREBE),Prebena,Prebena,,E28CNKHA,,,"Prebena, Commercial Product, e28cnkha",COMMERCIAL PRODUCT 2/4 INX1 1/8,"Prebena, e28cnkha, Commercial Product","Prebena Commercial Product, 2/4 inx1 1/8","Prebena, Commercial Product",,,,,,,,,,,,,,,,,,,,,,,,,,,"Prebena, Commercial Product",Series,,,Model,,,Item Type,,,Voltage Rating,,,Amperage Rating,,,Dimensions,2/4 inx1 1/8,,Mounting Type,,,Material,,,Color,,,Sound Level,,,Additional Information,,,,,,,,,,,,,,,,,,,,,,,,,,,,,,,,,,,,,,,,,,,,,,,,,,,,,,,,,,,,,,,,,,,,,,,,,,,,,,,,,,,,,,,,,,,,,,,,,,,,,,,,,,,,,,,,,,,,,,,,,,,,,,1,EA,,,,,,,,,,,,,,,,,,,,,,,,,,,,,,,,,,,,,US,No,No
,,,,,,51334,,,,51334,51334,"51334 44"" Wh Gilmour Fan",-- Unbranded --,-- No Unilog Brand --,-- No DIB Brand --,Hunter Fan Co (4381),Hunter Fan Co,Hunter Fan Co,,51334,,,"Hunter Fan Co, Commercial Product, 51334",COMMERCIAL PRODUCT,"Hunter Fan Co, 51334, Commercial Product",Hunter Fan Co Commercial Product,"Hunter Fan Co, Commercial Product",,,,,,,,,,,,,,,,,,,,,,,,,,,"Hunter Fan Co, Commercial Product",Series,,,Model,,,Item Type,,,Voltage Rating,,,Amperage Rating,,,Dimensions,,,Mounting Type,,,Material,,,Color,,,Sound Level,,,Additional Information,,,,,,,,,,,,,,,,,,,,,,,,,,,,,,,,,,,,,,,,,,,,,,,,,,,,,,,,,,,,,,,,,,,,,,,,,,,,,,,,,,,,,,,,,,,,,,,,,,,,,,,,,,,,,,,,,,,,,,,,,,,,,,1,EA,,,,,,,,,,,,,,,,,,,,,,,,,,,,,,,,,,,,,US,No,No
https://www.ustape.com/product/59210,,,,,,59210,,,,59210,59210,"59210 52"" BZ Sent Hunter Fan",-- Unbranded --,-- No Unilog Brand --,-- No DIB Brand --,Hunter Fan Co (4381),U.S. Tape Company,U.S. TAPE®,,59210,,,"U.S. TAPE®, Commercial Product, 59210",COMMERCIAL PRODUCT,"U.S. TAPE®, 59210, Commercial Product",U.S. TAPE® Commercial Product,"U.S. TAPE®, Commercial Product",,,,,,,,,,,,,,,,,,,,,,,,,,,"U.S. TAPE®, Commercial Product",Series,,,Model,,,Item Type,,,Voltage Rating,,,Amperage Rating,,,Dimensions,,,Mounting Type,,,Material,,,Color,,,Sound Level,,,Additional Information,,,,,,,,,,,,,,,,,,,,,,,,,,,,,,,,,,,,,,,,,,,,,,,,,,,,,,,,,,,,,,,,,,,,,,,,,,,,,,,,,,,,,,,,,,,,,,,,,,,,,,,,,,,,,,,,,,,,,,,,,,,,,,1,EA,,,,,,,,,,,,,,,,,,,,,,,,,,,,,,,,,,,,,US,No,No
https://www.kichler.com/product/52485,,,,,,52485,,,,52485,52485,"52485 52"" MB Anisten Fan",-- Unbranded --,-- No Unilog Brand --,-- No DIB Brand --,Hunter Fan Co (4381),Kichler Lighting LLC,KICHLER®,,52485,,,"KICHLER®, Commercial Product, 52485",COMMERCIAL PRODUCT,"KICHLER®, 52485, Commercial Product",KICHLER® Commercial Product,"KICHLER®, Commercial Product",,,,,,,,,,,,,,,,,,,,,,,,,,,"KICHLER®, Commercial Product",Series,,,Model,,,Item Type,,,Voltage Rating,,,Amperage Rating,,,Dimensions,,,Mounting Type,,,Material,,,Color,Matte Black,,Sound Level,,,Additional Information,,,,,,,,,,,,,,,,,,,,,,,,,,,,,,,,,,,,,,,,,,,,,,,,,,,,,,,,,,,,,,,,,,,,,,,,,,,,,,,,,,,,,,,,,,,,,,,,,,,,,,,,,,,,,,,,,,,,,,,,,,,,,,1,EA,,,,,,,,,,,,,,,,,,,,,,,,,,,,,,,,,,,,,US,No,No
https://www.kichler.com/product/52486,,,,,,52486,,,,52486,52486,"52486 44"" MB Anisten Fan",-- Unbranded --,-- No Unilog Brand --,-- No DIB Brand --,Hunter Fan Co (4381),Kichler Lighting LLC,KICHLER®,,52486,,,"KICHLER®, Commercial Product, 52486",COMMERCIAL PRODUCT,"KICHLER®, 52486, Commercial Product",KICHLER® Commercial Product,"KICHLER®, Commercial Product",,,,,,,,,,,,,,,,,,,,,,,,,,,"KICHLER®, Commercial Product",Series,,,Model,,,Item Type,,,Voltage Rating,,,Amperage Rating,,,Dimensions,,,Mounting Type,,,Material,,,Color,Matte Black,,Sound Level,,,Additional Information,,,,,,,,,,,,,,,,,,,,,,,,,,,,,,,,,,,,,,,,,,,,,,,,,,,,,,,,,,,,,,,,,,,,,,,,,,,,,,,,,,,,,,,,,,,,,,,,,,,,,,,,,,,,,,,,,,,,,,,,,,,,,,1,EA,,,,,,,,,,,,,,,,,,,,,,,,,,,,,,,,,,,,,US,No,No
https://www.kichler.com/product/52487,,,,,,52487,,,,52487,52487,"52487 52"" WH Anisten Fan",-- Unbranded --,-- No Unilog Brand --,-- No DIB Brand --,Hunter Fan Co (4381),Kichler Lighting LLC,KICHLER®,,52487,,,"KICHLER®, Commercial Product, 52487",COMMERCIAL PRODUCT,"KICHLER®, 52487, Commercial Product",KICHLER® Commercial Product,"KICHLER®, Commercial Product",,,,,,,,,,,,,,,,,,,,,,,,,,,"KICHLER®, Commercial Product",Series,,,Model,,,Item Type,,,Voltage Rating,,,Amperage Rating,,,Dimensions,,,Mounting Type,,,Material,,,Color,,,Sound Level,,,Additional Information,,,,,,,,,,,,,,,,,,,,,,,,,,,,,,,,,,,,,,,,,,,,,,,,,,,,,,,,,,,,,,,,,,,,,,,,,,,,,,,,,,,,,,,,,,,,,,,,,,,,,,,,,,,,,,,,,,,,,,,,,,,,,,1,EA,,,,,,,,,,,,,,,,,,,,,,,,,,,,,,,,,,,,,US,No,No
https://www.kichler.com/product/52488,,,,,,52488,,,,52488,52488,"52488 44"" WH Anisten Fan",-- Unbranded --,-- No Unilog Brand --,-- No DIB Brand --,Hunter Fan Co (4381),Kichler Lighting LLC,KICHLER®,,52488,,,"KICHLER®, Commercial Product, 52488",COMMERCIAL PRODUCT,"KICHLER®, 52488, Commercial Product",KICHLER® Commercial Product,"KICHLER®, Commercial Product",,,,,,,,,,,,,,,,,,,,,,,,,,,"KICHLER®, Commercial Product",Series,,,Model,,,Item Type,,,Voltage Rating,,,Amperage Rating,,,Dimensions,,,Mounting Type,,,Material,,,Color,,,Sound Level,,,Additional Information,,,,,,,,,,,,,,,,,,,,,,,,,,,,,,,,,,,,,,,,,,,,,,,,,,,,,,,,,,,,,,,,,,,,,,,,,,,,,,,,,,,,,,,,,,,,,,,,,,,,,,,,,,,,,,,,,,,,,,,,,,,,,,1,EA,,,,,,,,,,,,,,,,,,,,,,,,,,,,,,,,,,,,,US,No,No
https://www.kichler.com/product/52655,,,,,,52655,,,,52655,52655,"52655 52"" MB Xidane Hunter Fan",-- Unbranded --,-- No Unilog Brand --,-- No DIB Brand --,Hunter Fan Co (4381),Kichler Lighting LLC,KICHLER®,,52655,,,"KICHLER®, Commercial Product, 52655",COMMERCIAL PRODUCT,"KICHLER®, 52655, Commercial Product",KICHLER® Commercial Product,"KICHLER®, Commercial Product",,,,,,,,,,,,,,,,,,,,,,,,,,,"KICHLER®, Commercial Product",Series,,,Model,,,Item Type,,,Voltage Rating,,,Amperage Rating,,,Dimensions,,,Mounting Type,,,Material,,,Color,Matte Black,,Sound Level,,,Additional Information,,,,,,,,,,,,,,,,,,,,,,,,,,,,,,,,,,,,,,,,,,,,,,,,,,,,,,,,,,,,,,,,,,,,,,,,,,,,,,,,,,,,,,,,,,,,,,,,,,,,,,,,,,,,,,,,,,,,,,,,,,,,,,1,EA,,,,,,,,,,,,,,,,,,,,,,,,,,,,,,,,,,,,,US,No,No
https://www.ustape.com/product/59261,,,,,,59261,,,,59261,59261,"59261 52"" PB Cassius Fan",-- Unbranded --,-- No Unilog Brand --,-- No DIB Brand --,Hunter Fan Co (4381),U.S. Tape Company,U.S. TAPE®,,59261,,,"U.S. TAPE®, Commercial Product, 59261",COMMERCIAL PRODUCT,"U.S. TAPE®, 59261, Commercial Product",U.S. TAPE® Commercial Product,"U.S. TAPE®, Commercial Product",,,,,,,,,,,,,,,,,,,,,,,,,,,"U.S. TAPE®, Commercial Product",Series,,,Model,,,Item Type,,,Voltage Rating,,,Amperage Rating,,,Dimensions,,,Mounting Type,,,Material,,,Color,,,Sound Level,,,Additional Information,,,,,,,,,,,,,,,,,,,,,,,,,,,,,,,,,,,,,,,,,,,,,,,,,,,,,,,,,,,,,,,,,,,,,,,,,,,,,,,,,,,,,,,,,,,,,,,,,,,,,,,,,,,,,,,,,,,,,,,,,,,,,,1,EA,,,,,,,,,,,,,,,,,,,,,,,,,,,,,,,,,,,,,US,No,No
,,,,,,51731,,,,51731,51731,"51731 52"" MB Jetty Hunter Fan",-- Unbranded --,-- No Unilog Brand --,-- No DIB Brand --,Hunter Fan Co (4381),Hunter Fan Co,Hunter Fan Co,,51731,,,"Hunter Fan Co, Commercial Product, 51731",COMMERCIAL PRODUCT,"Hunter Fan Co, 51731, Commercial Product",Hunter Fan Co Commercial Product,"Hunter Fan Co, Commercial Product",,,,,,,,,,,,,,,,,,,,,,,,,,,"Hunter Fan Co, Commercial Product",Series,,,Model,,,Item Type,,,Voltage Rating,,,Amperage Rating,,,Dimensions,,,Mounting Type,,,Material,,,Color,Matte Black,,Sound Level,,,Additional Information,,,,,,,,,,,,,,,,,,,,,,,,,,,,,,,,,,,,,,,,,,,,,,,,,,,,,,,,,,,,,,,,,,,,,,,,,,,,,,,,,,,,,,,,,,,,,,,,,,,,,,,,,,,,,,,,,,,,,,,,,,,,,,1,EA,,,,,,,,,,,,,,,,,,,,,,,,,,,,,,,,,,,,,US,No,No
https://www.makitatools.com/product/XLC10ZW,,,,,,XLC10ZW,,,,XLC10ZW,XLC10ZW,XLC10ZW Makita 18V Cordless Vacuum,-- Unbranded --,-- No Unilog Brand --,-- No DIB Brand --,Makita Usa Inc (5142),Makita Corporation,MAKITA®,,XLC10ZW,,,"MAKITA®, Commercial Product, XLC10ZW",COMMERCIAL PRODUCT 18 V,"MAKITA®, XLC10ZW, Commercial Product","MAKITA® Commercial Product, 18 V","MAKITA®, Commercial Product",,,,,,,,,,,,,,,,,,,,,,,,,,,"MAKITA®, Commercial Product",Series,,,Model,,,Item Type,,,Voltage Rating,18,V,Amperage Rating,,,Dimensions,,,Mounting Type,,,Material,,,Color,,,Sound Level,,,Additional Information,,,,,,,,,,,,,,,,,,,,,,,,,,,,,,,,,,,,,,,,,,,,,,,,,,,,,,,,,,,,,,,,,,,,,,,,,,,,,,,,,,,,,,,,,,,,,,,,,,,,,,,,,,,,,,,,,,,,,,,,,,,,,,1,EA,,,,,,,,,,,,,,,,,,,,,,,,,,,,,,,,,,,,,US,No,No
,,,,,,HS-DA,,,,HS-DA,HS-DA,HS-DA Motion Driveway Alert,-- Unbranded --,-- No Unilog Brand --,-- No DIB Brand --,Sabre (9195),Sabre,Sabre,,HS-DA,,,"Sabre, Commercial Product, HS-DA",COMMERCIAL PRODUCT,"Sabre, HS-DA, Commercial Product",Sabre Commercial Product,"Sabre, Commercial Product",,,,,,,,,,,,,,,,,,,,,,,,,,,"Sabre, Commercial Product",Series,,,Model,,,Item Type,,,Voltage Rating,,,Amperage Rating,,,Dimensions,,,Mounting Type,,,Material,,,Color,,,Sound Level,,,Additional Information,,,,,,,,,,,,,,,,,,,,,,,,,,,,,,,,,,,,,,,,,,,,,,,,,,,,,,,,,,,,,,,,,,,,,,,,,,,,,,,,,,,,,,,,,,,,,,,,,,,,,,,,,,,,,,,,,,,,,,,,,,,,,,1,EA,,,,,,,,,,,,,,,,,,,,,,,,,,,,,,,,,,,,,US,No,No
,,,,,,73002252,,,,73002252,73002252,Black Gate Gravity Latch RDI,-- Unbranded --,-- No Unilog Brand --,-- No DIB Brand --,-,-,-,,73002252,,,"-, Commercial Product, 73002252",COMMERCIAL PRODUCT,"-, 73002252, Commercial Product",- Commercial Product,"-, Commercial Product",,,,,,,,,,,,,,,,,,,,,,,,,,,"-, Commercial Product",Series,,,Model,,,Item Type,,,Voltage Rating,,,Amperage Rating,,,Dimensions,,,Mounting Type,,,Material,,,Color,,,Sound Level,,,Additional Information,,,,,,,,,,,,,,,,,,,,,,,,,,,,,,,,,,,,,,,,,,,,,,,,,,,,,,,,,,,,,,,,,,,,,,,,,,,,,,,,,,,,,,,,,,,,,,,,,,,,,,,,,,,,,,,,,,,,,,,,,,,,,,1,EA,,,,,,,,,,,,,,,,,,,,,,,,,,,,,,,,,,,,,US,No,No
https://www.milwaukeetool.com/product/48-22-8396R,,,,,,48-22-8396R,,,,48-22-8396R,48-22-8396R,48-22-8396R Milw 24oz Bottle - Insulated,-- Unbranded --,-- No Unilog Brand --,-- No DIB Brand --,Milwaukee Accessory (4031),Milwaukee Electric Tool Corporation,MILWAUKEE®,,48-22-8396R,,,"MILWAUKEE®, Commercial Product, 48-22-8396R",COMMERCIAL PRODUCT,"MILWAUKEE®, 48-22-8396R, Commercial Product",MILWAUKEE® Commercial Product,"MILWAUKEE®, Commercial Product",,,,,,,,,,,,,,,,,,,,,,,,,,,"MILWAUKEE®, Commercial Product",Series,,,Model,,,Item Type,,,Voltage Rating,,,Amperage Rating,,,Dimensions,,,Mounting Type,,,Material,,,Color,,,Sound Level,,,Additional Information,,,,,,,,,,,,,,,,,,,,,,,,,,,,,,,,,,,,,,,,,,,,,,,,,,,,,,,,,,,,,,,,,,,,,,,,,,,,,,,,,,,,,,,,,,,,,,,,,,,,,,,,,,,,,,,,,,,,,,,,,,,,,,1,EA,,,,,,,,,,,,,,,,,,,,,,,,,,,,,,,,,,,,,US,No,No
https://www.milwaukeetool.com/product/48-22-8397R,,,,,,48-22-8397R,,,,48-22-8397R,48-22-8397R,48-22-8397R Milw 36oz Bottle - Insulated,-- Unbranded --,-- No Unilog Brand --,-- No DIB Brand --,Milwaukee Accessory (4031),Milwaukee Electric Tool Corporation,MILWAUKEE®,,48-22-8397R,,,"MILWAUKEE®, Commercial Product, 48-22-8397R",COMMERCIAL PRODUCT,"MILWAUKEE®, 48-22-8397R, Commercial Product",MILWAUKEE® Commercial Product,"MILWAUKEE®, Commercial Product",,,,,,,,,,,,,,,,,,,,,,,,,,,"MILWAUKEE®, Commercial Product",Series,,,Model,,,Item Type,,,Voltage Rating,,,Amperage Rating,,,Dimensions,,,Mounting Type,,,Material,,,Color,,,Sound Level,,,Additional Information,,,,,,,,,,,,,,,,,,,,,,,,,,,,,,,,,,,,,,,,,,,,,,,,,,,,,,,,,,,,,,,,,,,,,,,,,,,,,,,,,,,,,,,,,,,,,,,,,,,,,,,,,,,,,,,,,,,,,,,,,,,,,,1,EA,,,,,,,,,,,,,,,,,,,,,,,,,,,,,,,,,,,,,US,No,No
https://www.dewalt.com/product/DCGG581B,,,,,,DCGG581B,,,,DCGG581B,DCGG581B,DCGG581B Dewalt 20V Grease Gun 2-Speed,-- Unbranded --,-- No Unilog Brand --,-- No DIB Brand --,Black & Decker/dewlt (2585),Stanley Black & Decker,DEWALT®,,DCGG581B,,,"DEWALT®, Commercial Product, DCGG581B",COMMERCIAL PRODUCT 20 V,"DEWALT®, DCGG581B, Commercial Product","DEWALT® Commercial Product, 20 V","DEWALT®, Commercial Product",,,,,,,,,,,,,,,,,,,,,,,,,,,"DEWALT®, Commercial Product",Series,,,Model,,,Item Type,,,Voltage Rating,20,V,Amperage Rating,,,Dimensions,,,Mounting Type,,,Material,,,Color,,,Sound Level,,,Additional Information,,,,,,,,,,,,,,,,,,,,,,,,,,,,,,,,,,,,,,,,,,,,,,,,,,,,,,,,,,,,,,,,,,,,,,,,,,,,,,,,,,,,,,,,,,,,,,,,,,,,,,,,,,,,,,,,,,,,,,,,,,,,,,1,EA,,,,,,,,,,,,,,,,,,,,,,,,,,,,,,,,,,,,,US,No,No
https://www.dewalt.com/product/DCGG581GD1,,,,,,DCGG581GD1,,,,DCGG581GD1,DCGG581GD1,DCGG581GD1 Dewalt 20V Grease Gun 2-Speed Kit,-- Unbranded --,-- No Unilog Brand --,-- No DIB Brand --,Black & Decker/dewlt (2585),Stanley Black & Decker,DEWALT®,,DCGG581GD1,,,"DEWALT®, Commercial Product, DCGG581GD1",COMMERCIAL PRODUCT 20 V,"DEWALT®, DCGG581GD1, Commercial Product","DEWALT® Commercial Product, 20 V","DEWALT®, Commercial Product",,,,,,,,,,,,,,,,,,,,,,,,,,,"DEWALT®, Commercial Product",Series,,,Model,,,Item Type,,,Voltage Rating,20,V,Amperage Rating,,,Dimensions,,,Mounting Type,,,Material,,,Color,,,Sound Level,,,Additional Information,,,,,,,,,,,,,,,,,,,,,,,,,,,,,,,,,,,,,,,,,,,,,,,,,,,,,,,,,,,,,,,,,,,,,,,,,,,,,,,,,,,,,,,,,,,,,,,,,,,,,,,,,,,,,,,,,,,,,,,,,,,,,,1,EA,,,,,,,,,,,,,,,,,,,,,,,,,,,,,,,,,,,,,US,No,No
https://www.dewalt.com/product/DWST41092,,,,,,DWST41092,,,,DWST41092,DWST41092,"DWST41092 Dewalt Tool Chest 41"" Bottom",-- Unbranded --,-- No Unilog Brand --,-- No DIB Brand --,Black & Decker/dewlt (2585),Stanley Black & Decker,DEWALT®,,DWST41092,,,"DEWALT®, Commercial Product, DWST41092",COMMERCIAL PRODUCT,"DEWALT®, DWST41092, Commercial Product",DEWALT® Commercial Product,"DEWALT®, Commercial Product",,,,,,,,,,,,,,,,,,,,,,,,,,,"DEWALT®, Commercial Product",Series,,,Model,,,Item Type,,,Voltage Rating,,,Amperage Rating,,,Dimensions,,,Mounting Type,,,Material,,,Color,,,Sound Level,,,Additional Information,,,,,,,,,,,,,,,,,,,,,,,,,,,,,,,,,,,,,,,,,,,,,,,,,,,,,,,,,,,,,,,,,,,,,,,,,,,,,,,,,,,,,,,,,,,,,,,,,,,,,,,,,,,,,,,,,,,,,,,,,,,,,,1,EA,,,,,,,,,,,,,,,,,,,,,,,,,,,,,,,,,,,,,US,No,No
,,,,,,156436WHT,,,,156436WHT,156436WHT,156436 Wh 4x4x120 Post Wrap,-- Unbranded --,-- No Unilog Brand --,-- No DIB Brand --,Palmer Donavin Mfg Company (PALDO),Palmer Donavin Mfg Company,Palmer Donavin Mfg Company,,156436WHT,,,"Palmer Donavin Mfg Company, Commercial Product, 156436WHT",COMMERCIAL PRODUCT 4X4X120,"Palmer Donavin Mfg Company, 156436WHT, Commercial Product","Palmer Donavin Mfg Company Commercial Product, 4x4x120","Palmer Donavin Mfg Company, Commercial Product",,,,,,,,,,,,,,,,,,,,,,,,,,,"Palmer Donavin Mfg Company, Commercial Product",Series,,,Model,,,Item Type,,,Voltage Rating,,,Amperage Rating,,,Dimensions,4x4x120,,Mounting Type,,,Material,,,Color,,,Sound Level,,,Additional Information,,,,,,,,,,,,,,,ArborSize,120,,,,,,,,,,,,,,,,,,,,,,,,,,,,,,,,,,,,,,,,,,,,,,,,,,,,,,,,,,,,,,,,,,,,,,,,,,,,,,,,,,,,,,,,,,,,,,,,,,,,,,,,,,,,,,1,EA,,,,,,,,,,,,,,,,,,,,,,,,,,,,,,,,,,,,,US,No,No
,,,,,,173950TBK,,,,173950TBK,173950TBK,"4""x8'-6"" DSI SQ Black Alum Post Wrap",-- Unbranded --,-- No Unilog Brand --,-- No DIB Brand --,Palmer Donavin Mfg Company (PALDO),Palmer Donavin Mfg Company,Palmer Donavin Mfg Company,,173950TBK,,,"Palmer Donavin Mfg Company, Commercial Product, 173950TBK, Aluminum",COMMERCIAL PRODUCT ALUM 4 INX8,"Palmer Donavin Mfg Company, 173950TBK, Commercial Product, Aluminum","Palmer Donavin Mfg Company Commercial Product, 4 inx8, Aluminum","Palmer Donavin Mfg Company, Commercial Product, Aluminum",,,,,,,,,,,,,,,,,,,,,,,,,,,"Palmer Donavin Mfg Company, Commercial Product, Aluminum",Series,,,Model,,,Item Type,,,Voltage Rating,,,Amperage Rating,,,Dimensions,4 inx8,,Mounting Type,,,Material,Aluminum,,Color,,,Sound Level,,,Additional Information,,,,,,,,,,,,,,,,,,,,,,,,,,,,,,,,,,,,,,,,,,,,,,,,,,,,,,,,,,,,,,,,,,,,,,,,,,,,,,,,,,,,,,,,,,,,,,,,,,,,,,,,,,,,,,,,,,,,,,,,,,,,,,1,EA,,,,,,,,,,,,,,,,,,,,,,,,,,,,,,,,,,,,,US,No,No
,,,,,,173951TBK,,,,173951TBK,173951TBK,"6""x8'-6"" DSI SQ Black Alum Post Wrap",-- Unbranded --,-- No Unilog Brand --,-- No DIB Brand --,Palmer Donavin Mfg Company (PALDO),Palmer Donavin Mfg Company,Palmer Donavin Mfg Company,,173951TBK,,,"Palmer Donavin Mfg Company, Commercial Product, 173951TBK, Aluminum",COMMERCIAL PRODUCT ALUM 6 INX8,"Palmer Donavin Mfg Company, 173951TBK, Commercial Product, Aluminum","Palmer Donavin Mfg Company Commercial Product, 6 inx8, Aluminum","Palmer Donavin Mfg Company, Commercial Product, Aluminum",,,,,,,,,,,,,,,,,,,,,,,,,,,"Palmer Donavin Mfg Company, Commercial Product, Aluminum",Series,,,Model,,,Item Type,,,Voltage Rating,,,Amperage Rating,,,Dimensions,6 inx8,,Mounting Type,,,Material,Aluminum,,Color,,,Sound Level,,,Additional Information,,,,,,,,,,,,,,,,,,,,,,,,,,,,,,,,,,,,,,,,,,,,,,,,,,,,,,,,,,,,,,,,,,,,,,,,,,,,,,,,,,,,,,,,,,,,,,,,,,,,,,,,,,,,,,,,,,,,,,,,,,,,,,1,EA,,,,,,,,,,,,,,,,,,,,,,,,,,,,,,,,,,,,,US,No,No
,,,,,,173952TBK,,,,173952TBK,173952TBK,"6""x10' DSI SQ Black Alum Post Wrap",-- Unbranded --,-- No Unilog Brand --,-- No DIB Brand --,Palmer Donavin Mfg Company (PALDO),Palmer Donavin Mfg Company,Palmer Donavin Mfg Company,,173952TBK,,,"Palmer Donavin Mfg Company, Commercial Product, 173952TBK, Aluminum",COMMERCIAL PRODUCT ALUM 6 INX10,"Palmer Donavin Mfg Company, 173952TBK, Commercial Product, Aluminum","Palmer Donavin Mfg Company Commercial Product, 6 inx10, Aluminum","Palmer Donavin Mfg Company, Commercial Product, Aluminum",,,,,,,,,,,,,,,,,,,,,,,,,,,"Palmer Donavin Mfg Company, Commercial Product, Aluminum",Series,,,Model,,,Item Type,,,Voltage Rating,,,Amperage Rating,,,Dimensions,6 inx10,,Mounting Type,,,Material,Aluminum,,Color,,,Sound Level,,,Additional Information,,,,,,,,,,,,,,,,,,,,,,,,,,,,,,,,,,,,,,,,,,,,,,,,,,,,,,,,,,,,,,,,,,,,,,,,,,,,,,,,,,,,,,,,,,,,,,,,,,,,,,,,,,,,,,,,,,,,,,,,,,,,,,1,EA,,,,,,,,,,,,,,,,,,,,,,,,,,,,,,,,,,,,,US,No,No
https://www.boschtools.com/product/1624157,,,,,,1624157,,,,1624157,1624157,TW52 WH INSIDE CAS VIN WRAPPED,-- Unbranded --,-- No Unilog Brand --,-- No DIB Brand --,-,Robert Bosch GmbH,BOSCH®,,1624157,,,"BOSCH®, Commercial Product, 1624157",COMMERCIAL PRODUCT,"BOSCH®, 1624157, Commercial Product",BOSCH® Commercial Product,"BOSCH®, Commercial Product",,,,,,,,,,,,,,,,,,,,,,,,,,,"BOSCH®, Commercial Product",Series,,,Model,,,Item Type,,,Voltage Rating,,,Amperage Rating,,,Dimensions,,,Mounting Type,,,Material,,,Color,,,Sound Level,,,Additional Information,,,,,,,,,,,,,,,,,,,,,,,,,,,,,,,,,,,,,,,,,,,,,,,,,,,,,,,,,,,,,,,,,,,,,,,,,,,,,,,,,,,,,,,,,,,,,,,,,,,,,,,,,,,,,,,,,,,,,,,,,,,,,,1,EA,,,,,,,,,,,,,,,,,,,,,,,,,,,,,,,,,,,,,US,No,No
https://www.boschtools.com/product/40025,,,,,,40025,,,,40025,40025,40025 TS-54 Wal-Board T-Square 009-008,-- Unbranded --,-- No Unilog Brand --,-- No DIB Brand --,Marshalltown Trowel (5155),Robert Bosch GmbH,BOSCH®,,40025,,,"BOSCH®, Commercial Product, 40025",COMMERCIAL PRODUCT,"BOSCH®, 40025, Commercial Product",BOSCH® Commercial Product,"BOSCH®, Commercial Product",,,,,,,,,,,,,,,,,,,,,,,,,,,"BOSCH®, Commercial Product",Series,,,Model,,,Item Type,,,Voltage Rating,,,Amperage Rating,,,Dimensions,,,Mounting Type,,,Material,,,Color,,,Sound Level,,,Additional Information,,,,,,,,,,,,,,,,,,,,,,,,,,,,,,,,,,,,,,,,,,,,,,,,,,,,,,,,,,,,,,,,,,,,,,,,,,,,,,,,,,,,,,,,,,,,,,,,,,,,,,,,,,,,,,,,,,,,,,,,,,,,,,1,EA,,,,,,,,,,,,,,,,,,,,,,,,,,,,,,,,,,,,,US,No,No
https://www.milwaukeetool.com/product/48-22-3301,,,,,,48-22-3301,,,,48-22-3301,48-22-3301,48-22-3301 Milw Mechanical Pencil w/ Lead Pack,-- Unbranded --,-- No Unilog Brand --,-- No DIB Brand --,Milwaukee Accessory (4031),Milwaukee Electric Tool Corporation,MILWAUKEE®,,48-22-3301,,,"MILWAUKEE®, Commercial Product, 48-22-3301",COMMERCIAL PRODUCT,"MILWAUKEE®, 48-22-3301, Commercial Product",MILWAUKEE® Commercial Product,"MILWAUKEE®, Commercial Product",,,,,,,,,,,,,,,,,,,,,,,,,,,"MILWAUKEE®, Commercial Product",Series,,,Model,,,Item Type,,,Voltage Rating,,,Amperage Rating,,,Dimensions,,,Mounting Type,,,Material,,,Color,,,Sound Level,,,Additional Information,,,,,,,,,,,,,,,,,,,,,,,,,,,,,,,,,,,,,,,,,,,,,,,,,,,,,,,,,,,,,,,,,,,,,,,,,,,,,,,,,,,,,,,,,,,,,,,,,,,,,,,,,,,,,,,,,,,,,,,,,,,,,,1,EA,,,,,,,,,,,,,,,,,,,,,,,,,,,,,,,,,,,,,US,No,No
https://www.milwaukeetool.com/product/48-22-3302,,,,,,48-22-3302,,,,48-22-3302,48-22-3302,48-22-3302 Milw Mechanical Pencil Replacement Lead,-- Unbranded --,-- No Unilog Brand --,-- No DIB Brand --,Milwaukee Accessory (4031),Milwaukee Electric Tool Corporation,MILWAUKEE®,,48-22-3302,,,"MILWAUKEE®, Commercial Product, 48-22-3302",COMMERCIAL PRODUCT,"MILWAUKEE®, 48-22-3302, Commercial Product",MILWAUKEE® Commercial Product,"MILWAUKEE®, Commercial Product",,,,,,,,,,,,,,,,,,,,,,,,,,,"MILWAUKEE®, Commercial Product",Series,,,Model,,,Item Type,,,Voltage Rating,,,Amperage Rating,,,Dimensions,,,Mounting Type,,,Material,,,Color,,,Sound Level,,,Additional Information,,,,,,,,,,,,,,,,,,,,,,,,,,,,,,,,,,,,,,,,,,,,,,,,,,,,,,,,,,,,,,,,,,,,,,,,,,,,,,,,,,,,,,,,,,,,,,,,,,,,,,,,,,,,,,,,,,,,,,,,,,,,,,1,EA,,,,,,,,,,,,,,,,,,,,,,,,,,,,,,,,,,,,,US,No,No
https://www.milwaukeetool.com/product/48-22-3303,,,,,,48-22-3303,,,,48-22-3303,48-22-3303,48-22-3303 Milw Mechanical Pencil Replacement Lead-Color,-- Unbranded --,-- No Unilog Brand --,-- No DIB Brand --,Milwaukee Accessory (4031),Milwaukee Electric Tool Corporation,MILWAUKEE®,,48-22-3303,,,"MILWAUKEE®, Commercial Product, 48-22-3303",COMMERCIAL PRODUCT,"MILWAUKEE®, 48-22-3303, Commercial Product",MILWAUKEE® Commercial Product,"MILWAUKEE®, Commercial Product",,,,,,,,,,,,,,,,,,,,,,,,,,,"MILWAUKEE®, Commercial Product",Series,,,Model,,,Item Type,,,Voltage Rating,,,Amperage Rating,,,Dimensions,,,Mounting Type,,,Material,,,Color,,,Sound Level,,,Additional Information,,,,,,,,,,,,,,,,,,,,,,,,,,,,,,,,,,,,,,,,,,,,,,,,,,,,,,,,,,,,,,,,,,,,,,,,,,,,,,,,,,,,,,,,,,,,,,,,,,,,,,,,,,,,,,,,,,,,,,,,,,,,,,1,EA,,,,,,,,,,,,,,,,,,,,,,,,,,,,,,,,,,,,,US,No,No
https://www.edgeeyewear.com/product/TSDKAP218-G2,,,,,,TSDKAP218-G2,,,,TSDKAP218-G2,TSDKAP218-G2,TSDKAP218-G2 Edge Safety - Khor Black Frame Polarized,-- Unbranded --,-- No Unilog Brand --,-- No DIB Brand --,Edge Eyewear Inc (EDGSA),Edge Eyewear,EDGE SAFETY®,,TSDKAP218-G2,,,"EDGE SAFETY®, Commercial Product, TSDKAP218-G2",COMMERCIAL PRODUCT,"EDGE SAFETY®, TSDKAP218-G2, Commercial Product",EDGE SAFETY® Commercial Product,"EDGE SAFETY®, Commercial Product",,,,,,,,,,,,,,,,,,,,,,,,,,,"EDGE SAFETY®, Commercial Product",Series,,,Model,,,Item Type,,,Voltage Rating,,,Amperage Rating,,,Dimensions,,,Mounting Type,,,Material,,,Color,,,Sound Level,,,Additional Information,,,,,,,,,,,,,,,,,,,,,,,,,,,,,,,,,,,,,,,,,,,,,,,,,,,,,,,,,,,,,,,,,,,,,,,,,,,,,,,,,,,,,,,,,,,,,,,,,,,,,,,,,,,,,,,,,,,,,,,,,,,,,,1,EA,,,,,,,,,,,,,,,,,,,,,,,,,,,,,,,,,,,,,US,No,No
https://www.edgeeyewear.com/product/XPAP418,,,,,,XPAP418,,,,XPAP418,XPAP418,XPAP418 Edge Safety Glasses - Pumori Black Frame,-- Unbranded --,-- No Unilog Brand --,-- No DIB Brand --,Edge Eyewear Inc (EDGSA),Edge Eyewear,EDGE SAFETY®,,XPAP418,,,"EDGE SAFETY®, Commercial Product, XPAP418",COMMERCIAL PRODUCT,"EDGE SAFETY®, XPAP418, Commercial Product",EDGE SAFETY® Commercial Product,"EDGE SAFETY®, Commercial Product",,,,,,,,,,,,,,,,,,,,,,,,,,,"EDGE SAFETY®, Commercial Product",Series,,,Model,,,Item Type,,,Voltage Rating,,,Amperage Rating,,,Dimensions,,,Mounting Type,,,Material,,,Color,,,Sound Level,,,Additional Information,,,,,,,,,,,,,,,,,,,,,,,,,,,,,,,,,,,,,,,,,,,,,,,,,,,,,,,,,,,,,,,,,,,,,,,,,,,,,,,,,,,,,,,,,,,,,,,,,,,,,,,,,,,,,,,,,,,,,,,,,,,,,,1,EA,,,,,,,,,,,,,,,,,,,,,,,,,,,,,,,,,,,,,US,No,No
https://www.edgeeyewear.com/product/XDAP419,,,,,,XDAP419,,,,XDAP419,XDAP419,XDAP419 Edge Safety Glasses - Dawson Black Frame Red Lenses,-- Unbranded --,-- No Unilog Brand --,-- No DIB Brand --,Edge Eyewear Inc (EDGSA),Edge Eyewear,EDGE SAFETY®,,XDAP419,,,"EDGE SAFETY®, Commercial Product, XDAP419",COMMERCIAL PRODUCT,"EDGE SAFETY®, XDAP419, Commercial Product",EDGE SAFETY® Commercial Product,"EDGE SAFETY®, Commercial Product",,,,,,,,,,,,,,,,,,,,,,,,,,,"EDGE SAFETY®, Commercial Product",Series,,,Model,,,Item Type,,,Voltage Rating,,,Amperage Rating,,,Dimensions,,,Mounting Type,,,Material,,,Color,,,Sound Level,,,Additional Information,,,,,,,,,,,,,,,,,,,,,,,,,,,,,,,,,,,,,,,,,,,,,,,,,,,,,,,,,,,,,,,,,,,,,,,,,,,,,,,,,,,,,,,,,,,,,,,,,,,,,,,,,,,,,,,,,,,,,,,,,,,,,,1,EA,,,,,,,,,,,,,,,,,,,,,,,,,,,,,,,,,,,,,US,No,No
https://www.edgeeyewear.com/product/XB11PCVS,,,,,,XB11PCVS,,,,XB11PCVS,XB11PCVS,XB11PCVS Edge Safety Glasses - Photochromic Lense,-- Unbranded --,-- No Unilog Brand --,-- No DIB Brand --,Edge Eyewear Inc (EDGSA),Edge Eyewear,EDGE SAFETY®,,XB11PCVS,,,"EDGE SAFETY®, Commercial Product, XB11PCVS",COMMERCIAL PRODUCT,"EDGE SAFETY®, XB11PCVS, Commercial Product",EDGE SAFETY® Commercial Product,"EDGE SAFETY®, Commercial Product",,,,,,,,,,,,,,,,,,,,,,,,,,,"EDGE SAFETY®, Commercial Product",Series,,,Model,,,Item Type,,,Voltage Rating,,,Amperage Rating,,,Dimensions,,,Mounting Type,,,Material,,,Color,,,Sound Level,,,Additional Information,,,,,,,,,,,,,,,,,,,,,,,,,,,,,,,,,,,,,,,,,,,,,,,,,,,,,,,,,,,,,,,,,,,,,,,,,,,,,,,,,,,,,,,,,,,,,,,,,,,,,,,,,,,,,,,,,,,,,,,,,,,,,,1,EA,,,,,,,,,,,,,,,,,,,,,,,,,,,,,,,,,,,,,US,No,No
https://www.edgeeyewear.com/product/KB121VS,,,,,,KB121VS,,,,KB121VS,KB121VS,KB121VS Edge Safety Glasses - Kabru Black Frame,-- Unbranded --,-- No Unilog Brand --,-- No DIB Brand --,Edge Eyewear Inc (EDGSA),Edge Eyewear,EDGE SAFETY®,,KB121VS,,,"EDGE SAFETY®, Commercial Product, KB121VS",COMMERCIAL PRODUCT,"EDGE SAFETY®, KB121VS, Commercial Product",EDGE SAFETY® Commercial Product,"EDGE SAFETY®, Commercial Product",,,,,,,,,,,,,,,,,,,,,,,,,,,"EDGE SAFETY®, Commercial Product",Series,,,Model,,,Item Type,,,Voltage Rating,,,Amperage Rating,,,Dimensions,,,Mounting Type,,,Material,,,Color,,,Sound Level,,,Additional Information,,,,,,,,,,,,,,,,,,,,,,,,,,,,,,,,,,,,,,,,,,,,,,,,,,,,,,,,,,,,,,,,,,,,,,,,,,,,,,,,,,,,,,,,,,,,,,,,,,,,,,,,,,,,,,,,,,,,,,,,,,,,,,1,EA,,,,,,,,,,,,,,,,,,,,,,,,,,,,,,,,,,,,,US,No,No
https://www.edgeeyewear.com/product/KB126VS,,,,,,KB126VS,,,,KB126VS,KB126VS,KB126VS Edge Safety Glasses - Kabru Black Frame,-- Unbranded --,-- No Unilog Brand --,-- No DIB Brand --,Edge Eyewear Inc (EDGSA),Edge Eyewear,EDGE SAFETY®,,KB126VS,,,"EDGE SAFETY®, Commercial Product, KB126VS",COMMERCIAL PRODUCT,"EDGE SAFETY®, KB126VS, Commercial Product",EDGE SAFETY® Commercial Product,"EDGE SAFETY®, Commercial Product",,,,,,,,,,,,,,,,,,,,,,,,,,,"EDGE SAFETY®, Commercial Product",Series,,,Model,,,Item Type,,,Voltage Rating,,,Amperage Rating,,,Dimensions,,,Mounting Type,,,Material,,,Color,,,Sound Level,,,Additional Information,,,,,,,,,,,,,,,,,,,,,,,,,,,,,,,,,,,,,,,,,,,,,,,,,,,,,,,,,,,,,,,,,,,,,,,,,,,,,,,,,,,,,,,,,,,,,,,,,,,,,,,,,,,,,,,,,,,,,,,,,,,,,,1,EA,,,,,,,,,,,,,,,,,,,,,,,,,,,,,,,,,,,,,US,No,No
https://www.edgeeyewear.com/product/TC121VS,,,,,,TC121VS,,,,TC121VS,TC121VS,TC121VS Edge Safety Glasses - Tacana Black Frame,-- Unbranded --,-- No Unilog Brand --,-- No DIB Brand --,Edge Eyewear Inc (EDGSA),Edge Eyewear,EDGE SAFETY®,,TC121VS,,,"EDGE SAFETY®, Commercial Product, TC121VS",COMMERCIAL PRODUCT,"EDGE SAFETY®, TC121VS, Commercial Product",EDGE SAFETY® Commercial Product,"EDGE SAFETY®, Commercial Product",,,,,,,,,,,,,,,,,,,,,,,,,,,"EDGE SAFETY®, Commercial Product",Series,,,Model,,,Item Type,,,Voltage Rating,,,Amperage Rating,,,Dimensions,,,Mounting Type,,,Material,,,Color,,,Sound Level,,,Additional Information,,,,,,,,,,,,,,,,,,,,,,,,,,,,,,,,,,,,,,,,,,,,,,,,,,,,,,,,,,,,,,,,,,,,,,,,,,,,,,,,,,,,,,,,,,,,,,,,,,,,,,,,,,,,,,,,,,,,,,,,,,,,,,1,EA,,,,,,,,,,,,,,,,,,,,,,,,,,,,,,,,,,,,,US,No,No
https://www.edgeeyewear.com/product/TC126VS,,,,,,TC126VS,,,,TC126VS,TC126VS,TC126VS Edge Safety Glasses - Tacana Black Frame,-- Unbranded --,-- No Unilog Brand --,-- No DIB Brand --,Edge Eyewear Inc (EDGSA),Edge Eyewear,EDGE SAFETY®,,TC126VS,,,"EDGE SAFETY®, Commercial Product, TC126VS",COMMERCIAL PRODUCT,"EDGE SAFETY®, TC126VS, Commercial Product",EDGE SAFETY® Commercial Product,"EDGE SAFETY®, Commercial Product",,,,,,,,,,,,,,,,,,,,,,,,,,,"EDGE SAFETY®, Commercial Product",Series,,,Model,,,Item Type,,,Voltage Rating,,,Amperage Rating,,,Dimensions,,,Mounting Type,,,Material,,,Color,,,Sound Level,,,Additional Information,,,,,,,,,,,,,,,,,,,,,,,,,,,,,,,,,,,,,,,,,,,,,,,,,,,,,,,,,,,,,,,,,,,,,,,,,,,,,,,,,,,,,,,,,,,,,,,,,,,,,,,,,,,,,,,,,,,,,,,,,,,,,,1,EA,,,,,,,,,,,,,,,,,,,,,,,,,,,,,,,,,,,,,US,No,No
https://www.edgeeyewear.com/product/MK113MPAP,,,,,,MK113MPAP,,,,MK113MPAP,MK113MPAP,MK113MPAP Edge Safety Glasses - Makalu Black Frame Polarized,-- Unbranded --,-- No Unilog Brand --,-- No DIB Brand --,Edge Eyewear Inc (EDGSA),Edge Eyewear,EDGE SAFETY®,,MK113MPAP,,,"EDGE SAFETY®, Commercial Product, MK113MPAP",COMMERCIAL PRODUCT,"EDGE SAFETY®, MK113MPAP, Commercial Product",EDGE SAFETY® Commercial Product,"EDGE SAFETY®, Commercial Product",,,,,,,,,,,,,,,,,,,,,,,,,,,"EDGE SAFETY®, Commercial Product",Series,,,Model,,,Item Type,,,Voltage Rating,,,Amperage Rating,,,Dimensions,,,Mounting Type,,,Material,,,Color,,,Sound Level,,,Additional Information,,,,,,,,,,,,,,,,,,,,,,,,,,,,,,,,,,,,,,,,,,,,,,,,,,,,,,,,,,,,,,,,,,,,,,,,,,,,,,,,,,,,,,,,,,,,,,,,,,,,,,,,,,,,,,,,,,,,,,,,,,,,,,1,EA,,,,,,,,,,,,,,,,,,,,,,,,,,,,,,,,,,,,,US,No,No
https://www.edgeeyewear.com/product/LS117MPAP,,,,,,LS117MPAP,,,,LS117MPAP,LS117MPAP,LS117MPAP Edge Safety Glasses - Lassen Black Frame Polarized,-- Unbranded --,-- No Unilog Brand --,-- No DIB Brand --,Edge Eyewear Inc (EDGSA),Edge Eyewear,EDGE SAFETY®,,LS117MPAP,,,"EDGE SAFETY®, Commercial Product, LS117MPAP",COMMERCIAL PRODUCT,"EDGE SAFETY®, LS117MPAP, Commercial Product",EDGE SAFETY® Commercial Product,"EDGE SAFETY®, Commercial Product",,,,,,,,,,,,,,,,,,,,,,,,,,,"EDGE SAFETY®, Commercial Product",Series,,,Model,,,Item Type,,,Voltage Rating,,,Amperage Rating,,,Dimensions,,,Mounting Type,,,Material,,,Color,,,Sound Level,,,Additional Information,,,,,,,,,,,,,,,,,,,,,,,,,,,,,,,,,,,,,,,,,,,,,,,,,,,,,,,,,,,,,,,,,,,,,,,,,,,,,,,,,,,,,,,,,,,,,,,,,,,,,,,,,,,,,,,,,,,,,,,,,,,,,,1,EA,,,,,,,,,,,,,,,,,,,,,,,,,,,,,,,,,,,,,US,No,No
,,,,,,FE-EFX-6L,,,,FE-EFX-6L,FE-EFX-6L,FEEFX6L Lith Fire Extinguisher,-- Unbranded --,-- No Unilog Brand --,-- No DIB Brand --,Ohio Firewatch Protection Inc (HOLFS),Ohio Firewatch Protection Inc,Ohio Firewatch Protection Inc,,FE-EFX-6L,,,"Ohio Firewatch Protection Inc, Commercial Product, FE-EFX-6L",COMMERCIAL PRODUCT,"Ohio Firewatch Protection Inc, FE-EFX-6L, Commercial Product",Ohio Firewatch Protection Inc Commercial Product,"Ohio Firewatch Protection Inc, Commercial Product",,,,,,,,,,,,,,,,,,,,,,,,,,,"Ohio Firewatch Protection Inc, Commercial Product",Series,,,Model,,,Item Type,,,Voltage Rating,,,Amperage Rating,,,Dimensions,,,Mounting Type,,,Material,,,Color,,,Sound Level,,,Additional Information,,,,,,,,,,,,,,,,,,,,,,,,,,,,,,,,,,,,,,,,,,,,,,,,,,,,,,,,,,,,,,,,,,,,,,,,,,,,,,,,,,,,,,,,,,,,,,,,,,,,,,,,,,,,,,,,,,,,,,,,,,,,,,1,EA,,,,,,,,,,,,,,,,,,,,,,,,,,,,,,,,,,,,,US,No,No
,,,,,,FE-EFX-9L,,,,FE-EFX-9L,FE-EFX-9L,FEEFX9L Lith Fire Extinguisher,-- Unbranded --,-- No Unilog Brand --,-- No DIB Brand --,Ohio Firewatch Protection Inc (HOLFS),Ohio Firewatch Protection Inc,Ohio Firewatch Protection Inc,,FE-EFX-9L,,,"Ohio Firewatch Protection Inc, Commercial Product, FE-EFX-9L",COMMERCIAL PRODUCT,"Ohio Firewatch Protection Inc, FE-EFX-9L, Commercial Product",Ohio Firewatch Protection Inc Commercial Product,"Ohio Firewatch Protection Inc, Commercial Product",,,,,,,,,,,,,,,,,,,,,,,,,,,"Ohio Firewatch Protection Inc, Commercial Product",Series,,,Model,,,Item Type,,,Voltage Rating,,,Amperage Rating,,,Dimensions,,,Mounting Type,,,Material,,,Color,,,Sound Level,,,Additional Information,,,,,,,,,,,,,,,,,,,,,,,,,,,,,,,,,,,,,,,,,,,,,,,,,,,,,,,,,,,,,,,,,,,,,,,,,,,,,,,,,,,,,,,,,,,,,,,,,,,,,,,,,,,,,,,,,,,,,,,,,,,,,,1,EA,,,,,,,,,,,,,,,,,,,,,,,,,,,,,,,,,,,,,US,No,No
,,,,,,1046793,,,,1046793,1046793,1046793 Smoke & CO Alarm,-- Unbranded --,-- No Unilog Brand --,-- No DIB Brand --,First Alert - B R K Brands (2754),First Alert - B R K Brands,First Alert - B R K Brands,,1046793,,,"First Alert - B R K Brands, Commercial Product, 1046793",COMMERCIAL PRODUCT,"First Alert - B R K Brands, 1046793, Commercial Product",First Alert - B R K Brands Commercial Product,"First Alert - B R K Brands, Commercial Product",,,,,,,,,,,,,,,,,,,,,,,,,,,"First Alert - B R K Brands, Commercial Product",Series,,,Model,,,Item Type,,,Voltage Rating,,,Amperage Rating,,,Dimensions,,,Mounting Type,,,Material,,,Color,,,Sound Level,,,Additional Information,,,,,,,,,,,,,,,,,,,,,,,,,,,,,,,,,,,,,,,,,,,,,,,,,,,,,,,,,,,,,,,,,,,,,,,,,,,,,,,,,,,,,,,,,,,,,,,,,,,,,,,,,,,,,,,,,,,,,,,,,,,,,,1,EA,,,,,,,,,,,,,,,,,,,,,,,,,,,,,,,,,,,,,US,No,No
,,,,,,1046870,,,,1046870,1046870,1046870 Smoke & CO Alarm,-- Unbranded --,-- No Unilog Brand --,-- No DIB Brand --,First Alert - B R K Brands (2754),First Alert - B R K Brands,First Alert - B R K Brands,,1046870,,,"First Alert - B R K Brands, Commercial Product, 1046870",COMMERCIAL PRODUCT,"First Alert - B R K Brands, 1046870, Commercial Product",First Alert - B R K Brands Commercial Product,"First Alert - B R K Brands, Commercial Product",,,,,,,,,,,,,,,,,,,,,,,,,,,"First Alert - B R K Brands, Commercial Product",Series,,,Model,,,Item Type,,,Voltage Rating,,,Amperage Rating,,,Dimensions,,,Mounting Type,,,Material,,,Color,,,Sound Level,,,Additional Information,,,,,,,,,,,,,,,,,,,,,,,,,,,,,,,,,,,,,,,,,,,,,,,,,,,,,,,,,,,,,,,,,,,,,,,,,,,,,,,,,,,,,,,,,,,,,,,,,,,,,,,,,,,,,,,,,,,,,,,,,,,,,,1,EA,,,,,,,,,,,,,,,,,,,,,,,,,,,,,,,,,,,,,US,No,No
https://www.milwaukeetool.com/product/M701B-21L,,,,,,M701B-21L,,,,M701B-21L,M701B-21L,M701B-21L Milw L Black Heated Work Glove Liners,-- Unbranded --,-- No Unilog Brand --,-- No DIB Brand --,Milwaukee Accessory (4031),Milwaukee Electric Tool Corporation,MILWAUKEE®,,M701B-21L,,,"MILWAUKEE®, Commercial Product, M701B-21L",COMMERCIAL PRODUCT,"MILWAUKEE®, M701B-21L, Commercial Product",MILWAUKEE® Commercial Product,"MILWAUKEE®, Commercial Product",,,,,,,,,,,,,,,,,,,,,,,,,,,"MILWAUKEE®, Commercial Product",Series,,,Model,,,Item Type,,,Voltage Rating,,,Amperage Rating,,,Dimensions,,,Mounting Type,,,Material,,,Color,,,Sound Level,,,Additional Information,,,,,,,,,,,,,,,,,,,,,,,,,,,,,,,,,,,,,,,,,,,,,,,,,,,,,,,,,,,,,,,,,,,,,,,,,,,,,,,,,,,,,,,,,,,,,,,,,,,,,,,,,,,,,,,,,,,,,,,,,,,,,,1,EA,,,,,,,,,,,,,,,,,,,,,,,,,,,,,,,,,,,,,US,No,No
https://www.milwaukeetool.com/product/M701B-21M,,,,,,M701B-21M,,,,M701B-21M,M701B-21M,M701B-21M Milw M Black Heated Work Glove Liners,-- Unbranded --,-- No Unilog Brand --,-- No DIB Brand --,Milwaukee Accessory (4031),Milwaukee Electric Tool Corporation,MILWAUKEE®,,M701B-21M,,,"MILWAUKEE®, Commercial Product, M701B-21M",COMMERCIAL PRODUCT,"MILWAUKEE®, M701B-21M, Commercial Product",MILWAUKEE® Commercial Product,"MILWAUKEE®, Commercial Product",,,,,,,,,,,,,,,,,,,,,,,,,,,"MILWAUKEE®, Commercial Product",Series,,,Model,,,Item Type,,,Voltage Rating,,,Amperage Rating,,,Dimensions,,,Mounting Type,,,Material,,,Color,,,Sound Level,,,Additional Information,,,,,,,,,,,,,,,,,,,,,,,,,,,,,,,,,,,,,,,,,,,,,,,,,,,,,,,,,,,,,,,,,,,,,,,,,,,,,,,,,,,,,,,,,,,,,,,,,,,,,,,,,,,,,,,,,,,,,,,,,,,,,,1,EA,,,,,,,,,,,,,,,,,,,,,,,,,,,,,,,,,,,,,US,No,No
https://www.ustape.com/product/M701B-21S,,,,,,M701B-21S,,,,M701B-21S,M701B-21S,M701B-21S Milw S Black Heated Work Glove Liners,-- Unbranded --,-- No Unilog Brand --,-- No DIB Brand --,Milwaukee Accessory (4031),U.S. Tape Company,U.S. TAPE®,,M701B-21S,,,"U.S. TAPE®, Commercial Product, M701B-21S",COMMERCIAL PRODUCT,"U.S. TAPE®, M701B-21S, Commercial Product",U.S. TAPE® Commercial Product,"U.S. TAPE®, Commercial Product",,,,,,,,,,,,,,,,,,,,,,,,,,,"U.S. TAPE®, Commercial Product",Series,,,Model,,,Item Type,,,Voltage Rating,,,Amperage Rating,,,Dimensions,,,Mounting Type,,,Material,,,Color,,,Sound Level,,,Additional Information,,,,,,,,,,,,,,,,,,,,,,,,,,,,,,,,,,,,,,,,,,,,,,,,,,,,,,,,,,,,,,,,,,,,,,,,,,,,,,,,,,,,,,,,,,,,,,,,,,,,,,,,,,,,,,,,,,,,,,,,,,,,,,1,EA,,,,,,,,,,,,,,,,,,,,,,,,,,,,,,,,,,,,,US,No,No
https://www.milwaukeetool.com/product/M701B-21XL,,,,,,M701B-21XL,,,,M701B-21XL,M701B-21XL,M701B-21XL Milw XL Black Heated Work Glove Liners,-- Unbranded --,-- No Unilog Brand --,-- No DIB Brand --,Milwaukee Accessory (4031),Milwaukee Electric Tool Corporation,MILWAUKEE®,,M701B-21XL,,,"MILWAUKEE®, Commercial Product, M701B-21XL",COMMERCIAL PRODUCT,"MILWAUKEE®, M701B-21XL, Commercial Product",MILWAUKEE® Commercial Product,"MILWAUKEE®, Commercial Product",,,,,,,,,,,,,,,,,,,,,,,,,,,"MILWAUKEE®, Commercial Product",Series,,,Model,,,Item Type,,,Voltage Rating,,,Amperage Rating,,,Dimensions,,,Mounting Type,,,Material,,,Color,,,Sound Level,,,Additional Information,,,,,,,,,,,,,,,,,,,,,,,,,,,,,,,,,,,,,,,,,,,,,,,,,,,,,,,,,,,,,,,,,,,,,,,,,,,,,,,,,,,,,,,,,,,,,,,,,,,,,,,,,,,,,,,,,,,,,,,,,,,,,,1,EA,,,,,,,,,,,,,,,,,,,,,,,,,,,,,,,,,,,,,US,No,No
,,,,,,MWUG42010124,,,,MWUG42010124,MWUG42010124,UTW Pro Heated Glove Blk XS,-- Unbranded --,-- No Unilog Brand --,-- No DIB Brand --,Tech Gear 5.7 Inc (TECGE),Tech Gear 5.7 Inc,Tech Gear 5.7 Inc,,MWUG42010124,,,"Tech Gear 5.7 Inc, Commercial Product, MWUG42010124",COMMERCIAL PRODUCT,"Tech Gear 5.7 Inc, MWUG42010124, Commercial Product",Tech Gear 5.7 Inc Commercial Product,"Tech Gear 5.7 Inc, Commercial Product",,,,,,,,,,,,,,,,,,,,,,,,,,,"Tech Gear 5.7 Inc, Commercial Product",Series,,,Model,,,Item Type,,,Voltage Rating,,,Amperage Rating,,,Dimensions,,,Mounting Type,,,Material,,,Color,,,Sound Level,,,Additional Information,,,,,,,,,,,,,,,,,,,,,,,,,,,,,,,,,,,,,,,,,,,,,,,,,,,,,,,,,,,,,,,,,,,,,,,,,,,,,,,,,,,,,,,,,,,,,,,,,,,,,,,,,,,,,,,,,,,,,,,,,,,,,,1,EA,,,,,,,,,,,,,,,,,,,,,,,,,,,,,,,,,,,,,US,No,No
,,,,,,MWUG42010224,,,,MWUG42010224,MWUG42010224,UTW Pro Heated Glove Blk SM,-- Unbranded --,-- No Unilog Brand --,-- No DIB Brand --,Tech Gear 5.7 Inc (TECGE),Tech Gear 5.7 Inc,Tech Gear 5.7 Inc,,MWUG42010224,,,"Tech Gear 5.7 Inc, Commercial Product, MWUG42010224",COMMERCIAL PRODUCT,"Tech Gear 5.7 Inc, MWUG42010224, Commercial Product",Tech Gear 5.7 Inc Commercial Product,"Tech Gear 5.7 Inc, Commercial Product",,,,,,,,,,,,,,,,,,,,,,,,,,,"Tech Gear 5.7 Inc, Commercial Product",Series,,,Model,,,Item Type,,,Voltage Rating,,,Amperage Rating,,,Dimensions,,,Mounting Type,,,Material,,,Color,,,Sound Level,,,Additional Information,,,,,,,,,,,,,,,,,,,,,,,,,,,,,,,,,,,,,,,,,,,,,,,,,,,,,,,,,,,,,,,,,,,,,,,,,,,,,,,,,,,,,,,,,,,,,,,,,,,,,,,,,,,,,,,,,,,,,,,,,,,,,,1,EA,,,,,,,,,,,,,,,,,,,,,,,,,,,,,,,,,,,,,US,No,No
,,,,,,MWUG42010324,,,,MWUG42010324,MWUG42010324,UTW Pro Heated Glove Blk MD,-- Unbranded --,-- No Unilog Brand --,-- No DIB Brand --,Tech Gear 5.7 Inc (TECGE),Tech Gear 5.7 Inc,Tech Gear 5.7 Inc,,MWUG42010324,,,"Tech Gear 5.7 Inc, Commercial Product, MWUG42010324",COMMERCIAL PRODUCT,"Tech Gear 5.7 Inc, MWUG42010324, Commercial Product",Tech Gear 5.7 Inc Commercial Product,"Tech Gear 5.7 Inc, Commercial Product",,,,,,,,,,,,,,,,,,,,,,,,,,,"Tech Gear 5.7 Inc, Commercial Product",Series,,,Model,,,Item Type,,,Voltage Rating,,,Amperage Rating,,,Dimensions,,,Mounting Type,,,Material,,,Color,,,Sound Level,,,Additional Information,,,,,,,,,,,,,,,,,,,,,,,,,,,,,,,,,,,,,,,,,,,,,,,,,,,,,,,,,,,,,,,,,,,,,,,,,,,,,,,,,,,,,,,,,,,,,,,,,,,,,,,,,,,,,,,,,,,,,,,,,,,,,,1,EA,,,,,,,,,,,,,,,,,,,,,,,,,,,,,,,,,,,,,US,No,No
,,,,,,MWUG42010424,,,,MWUG42010424,MWUG42010424,UTW Pro Heated Glove Blk LG,-- Unbranded --,-- No Unilog Brand --,-- No DIB Brand --,Tech Gear 5.7 Inc (TECGE),Tech Gear 5.7 Inc,Tech Gear 5.7 Inc,,MWUG42010424,,,"Tech Gear 5.7 Inc, Commercial Product, MWUG42010424",COMMERCIAL PRODUCT,"Tech Gear 5.7 Inc, MWUG42010424, Commercial Product",Tech Gear 5.7 Inc Commercial Product,"Tech Gear 5.7 Inc, Commercial Product",,,,,,,,,,,,,,,,,,,,,,,,,,,"Tech Gear 5.7 Inc, Commercial Product",Series,,,Model,,,Item Type,,,Voltage Rating,,,Amperage Rating,,,Dimensions,,,Mounting Type,,,Material,,,Color,,,Sound Level,,,Additional Information,,,,,,,,,,,,,,,,,,,,,,,,,,,,,,,,,,,,,,,,,,,,,,,,,,,,,,,,,,,,,,,,,,,,,,,,,,,,,,,,,,,,,,,,,,,,,,,,,,,,,,,,,,,,,,,,,,,,,,,,,,,,,,1,EA,,,,,,,,,,,,,,,,,,,,,,,,,,,,,,,,,,,,,US,No,No
,,,,,,MWUG42010524,,,,MWUG42010524,MWUG42010524,UTW Pro Heated Glove Blk XL,-- Unbranded --,-- No Unilog Brand --,-- No DIB Brand --,Tech Gear 5.7 Inc (TECGE),Tech Gear 5.7 Inc,Tech Gear 5.7 Inc,,MWUG42010524,,,"Tech Gear 5.7 Inc, Commercial Product, MWUG42010524",COMMERCIAL PRODUCT,"Tech Gear 5.7 Inc, MWUG42010524, Commercial Product",Tech Gear 5.7 Inc Commercial Product,"Tech Gear 5.7 Inc, Commercial Product",,,,,,,,,,,,,,,,,,,,,,,,,,,"Tech Gear 5.7 Inc, Commercial Product",Series,,,Model,,,Item Type,,,Voltage Rating,,,Amperage Rating,,,Dimensions,,,Mounting Type,,,Material,,,Color,,,Sound Level,,,Additional Information,,,,,,,,,,,,,,,,,,,,,,,,,,,,,,,,,,,,,,,,,,,,,,,,,,,,,,,,,,,,,,,,,,,,,,,,,,,,,,,,,,,,,,,,,,,,,,,,,,,,,,,,,,,,,,,,,,,,,,,,,,,,,,1,EA,,,,,,,,,,,,,,,,,,,,,,,,,,,,,,,,,,,,,US,No,No
,,,,,,MWUG42010624,,,,MWUG42010624,MWUG42010624,UTW Pro Heated Glove Blk 2X,-- Unbranded --,-- No Unilog Brand --,-- No DIB Brand --,Tech Gear 5.7 Inc (TECGE),Tech Gear 5.7 Inc,Tech Gear 5.7 Inc,,MWUG42010624,,,"Tech Gear 5.7 Inc, Commercial Product, MWUG42010624",COMMERCIAL PRODUCT,"Tech Gear 5.7 Inc, MWUG42010624, Commercial Product",Tech Gear 5.7 Inc Commercial Product,"Tech Gear 5.7 Inc, Commercial Product",,,,,,,,,,,,,,,,,,,,,,,,,,,"Tech Gear 5.7 Inc, Commercial Product",Series,,,Model,,,Item Type,,,Voltage Rating,,,Amperage Rating,,,Dimensions,,,Mounting Type,,,Material,,,Color,,,Sound Level,,,Additional Information,,,,,,,,,,,,,,,,,,,,,,,,,,,,,,,,,,,,,,,,,,,,,,,,,,,,,,,,,,,,,,,,,,,,,,,,,,,,,,,,,,,,,,,,,,,,,,,,,,,,,,,,,,,,,,,,,,,,,,,,,,,,,,1,EA,,,,,,,,,,,,,,,,,,,,,,,,,,,,,,,,,,,,,US,No,No
,,,,,,MWUG36010225,,,,MWUG36010225,MWUG36010225,MWUG36010225 BLK SM Aerial Snow Heated Glove,-- Unbranded --,-- No Unilog Brand --,-- No DIB Brand --,Tech Gear 5.7 Inc (TECGE),Tech Gear 5.7 Inc,Tech Gear 5.7 Inc,,MWUG36010225,,,"Tech Gear 5.7 Inc, Commercial Product, MWUG36010225",COMMERCIAL PRODUCT,"Tech Gear 5.7 Inc, MWUG36010225, Commercial Product",Tech Gear 5.7 Inc Commercial Product,"Tech Gear 5.7 Inc, Commercial Product",,,,,,,,,,,,,,,,,,,,,,,,,,,"Tech Gear 5.7 Inc, Commercial Product",Series,,,Model,,,Item Type,,,Voltage Rating,,,Amperage Rating,,,Dimensions,,,Mounting Type,,,Material,,,Color,,,Sound Level,,,Additional Information,,,,,,,,,,,,,,,,,,,,,,,,,,,,,,,,,,,,,,,,,,,,,,,,,,,,,,,,,,,,,,,,,,,,,,,,,,,,,,,,,,,,,,,,,,,,,,,,,,,,,,,,,,,,,,,,,,,,,,,,,,,,,,1,EA,,,,,,,,,,,,,,,,,,,,,,,,,,,,,,,,,,,,,US,No,No
,,,,,,MWUG36010325,,,,MWUG36010325,MWUG36010325,MWUG36010325 BLK MD Aerial Snow Heated Glove,-- Unbranded --,-- No Unilog Brand --,-- No DIB Brand --,Tech Gear 5.7 Inc (TECGE),Tech Gear 5.7 Inc,Tech Gear 5.7 Inc,,MWUG36010325,,,"Tech Gear 5.7 Inc, Commercial Product, MWUG36010325",COMMERCIAL PRODUCT,"Tech Gear 5.7 Inc, MWUG36010325, Commercial Product",Tech Gear 5.7 Inc Commercial Product,"Tech Gear 5.7 Inc, Commercial Product",,,,,,,,,,,,,,,,,,,,,,,,,,,"Tech Gear 5.7 Inc, Commercial Product",Series,,,Model,,,Item Type,,,Voltage Rating,,,Amperage Rating,,,Dimensions,,,Mounting Type,,,Material,,,Color,,,Sound Level,,,Additional Information,,,,,,,,,,,,,,,,,,,,,,,,,,,,,,,,,,,,,,,,,,,,,,,,,,,,,,,,,,,,,,,,,,,,,,,,,,,,,,,,,,,,,,,,,,,,,,,,,,,,,,,,,,,,,,,,,,,,,,,,,,,,,,1,EA,,,,,,,,,,,,,,,,,,,,,,,,,,,,,,,,,,,,,US,No,No
,,,,,,MWUG36010425,,,,MWUG36010425,MWUG36010425,MWUG36010425 BLK LG Aerial Snow Heated Glove,-- Unbranded --,-- No Unilog Brand --,-- No DIB Brand --,Tech Gear 5.7 Inc (TECGE),Tech Gear 5.7 Inc,Tech Gear 5.7 Inc,,MWUG36010425,,,"Tech Gear 5.7 Inc, Commercial Product, MWUG36010425",COMMERCIAL PRODUCT,"Tech Gear 5.7 Inc, MWUG36010425, Commercial Product",Tech Gear 5.7 Inc Commercial Product,"Tech Gear 5.7 Inc, Commercial Product",,,,,,,,,,,,,,,,,,,,,,,,,,,"Tech Gear 5.7 Inc, Commercial Product",Series,,,Model,,,Item Type,,,Voltage Rating,,,Amperage Rating,,,Dimensions,,,Mounting Type,,,Material,,,Color,,,Sound Level,,,Additional Information,,,,,,,,,,,,,,,,,,,,,,,,,,,,,,,,,,,,,,,,,,,,,,,,,,,,,,,,,,,,,,,,,,,,,,,,,,,,,,,,,,,,,,,,,,,,,,,,,,,,,,,,,,,,,,,,,,,,,,,,,,,,,,1,EA,,,,,,,,,,,,,,,,,,,,,,,,,,,,,,,,,,,,,US,No,No
,,,,,,MWUG36010525,,,,MWUG36010525,MWUG36010525,MWUG36010525 BLK XL Aerial Snow Heated Glove,-- Unbranded --,-- No Unilog Brand --,-- No DIB Brand --,Tech Gear 5.7 Inc (TECGE),Tech Gear 5.7 Inc,Tech Gear 5.7 Inc,,MWUG36010525,,,"Tech Gear 5.7 Inc, Commercial Product, MWUG36010525",COMMERCIAL PRODUCT,"Tech Gear 5.7 Inc, MWUG36010525, Commercial Product",Tech Gear 5.7 Inc Commercial Product,"Tech Gear 5.7 Inc, Commercial Product",,,,,,,,,,,,,,,,,,,,,,,,,,,"Tech Gear 5.7 Inc, Commercial Product",Series,,,Model,,,Item Type,,,Voltage Rating,,,Amperage Rating,,,Dimensions,,,Mounting Type,,,Material,,,Color,,,Sound Level,,,Additional Information,,,,,,,,,,,,,,,,,,,,,,,,,,,,,,,,,,,,,,,,,,,,,,,,,,,,,,,,,,,,,,,,,,,,,,,,,,,,,,,,,,,,,,,,,,,,,,,,,,,,,,,,,,,,,,,,,,,,,,,,,,,,,,1,EA,,,,,,,,,,,,,,,,,,,,,,,,,,,,,,,,,,,,,US,No,No
,,,,,,MWUG36010625,,,,MWUG36010625,MWUG36010625,MWUG36010625 BLK 2X Aerial Snow Heated Glove,-- Unbranded --,-- No Unilog Brand --,-- No DIB Brand --,Tech Gear 5.7 Inc (TECGE),Tech Gear 5.7 Inc,Tech Gear 5.7 Inc,,MWUG36010625,,,"Tech Gear 5.7 Inc, Commercial Product, MWUG36010625",COMMERCIAL PRODUCT,"Tech Gear 5.7 Inc, MWUG36010625, Commercial Product",Tech Gear 5.7 Inc Commercial Product,"Tech Gear 5.7 Inc, Commercial Product",,,,,,,,,,,,,,,,,,,,,,,,,,,"Tech Gear 5.7 Inc, Commercial Product",Series,,,Model,,,Item Type,,,Voltage Rating,,,Amperage Rating,,,Dimensions,,,Mounting Type,,,Material,,,Color,,,Sound Level,,,Additional Information,,,,,,,,,,,,,,,,,,,,,,,,,,,,,,,,,,,,,,,,,,,,,,,,,,,,,,,,,,,,,,,,,,,,,,,,,,,,,,,,,,,,,,,,,,,,,,,,,,,,,,,,,,,,,,,,,,,,,,,,,,,,,,1,EA,,,,,,,,,,,,,,,,,,,,,,,,,,,,,,,,,,,,,US,No,No
https://www.dewalt.com/product/DPG15,,,,,,DPG15,,,,DPG15,DPG15,DPG15 Dewalt AM/FM Hearing Protector,-- Unbranded --,-- No Unilog Brand --,-- No DIB Brand --,Radians (7363),Stanley Black & Decker,DEWALT®,,DPG15,,,"DEWALT®, Commercial Product, DPG15",COMMERCIAL PRODUCT,"DEWALT®, DPG15, Commercial Product",DEWALT® Commercial Product,"DEWALT®, Commercial Product",,,,,,,,,,,,,,,,,,,,,,,,,,,"DEWALT®, Commercial Product",Series,,,Model,,,Item Type,,,Voltage Rating,,,Amperage Rating,,,Dimensions,,,Mounting Type,,,Material,,,Color,,,Sound Level,,,Additional Information,,,,,,,,,,,,,,,,,,,,,,,,,,,,,,,,,,,,,,,,,,,,,,,,,,,,,,,,,,,,,,,,,,,,,,,,,,,,,,,,,,,,,,,,,,,,,,,,,,,,,,,,,,,,,,,,,,,,,,,,,,,,,,1,EA,,,,,,,,,,,,,,,,,,,,,,,,,,,,,,,,,,,,,US,No,No
https://www.milwaukeetool.com/product/F200B-21L,,,,,,F200B-21L,,,,F200B-21L,F200B-21L,F200B-21L Milw M12 Womens - BLK Heated Hoodie Kit L,-- Unbranded --,-- No Unilog Brand --,-- No DIB Brand --,Milwaukee Accessory (4031),Milwaukee Electric Tool Corporation,MILWAUKEE®,,F200B-21L,,,"MILWAUKEE®, Commercial Product, F200B-21L",COMMERCIAL PRODUCT,"MILWAUKEE®, F200B-21L, Commercial Product",MILWAUKEE® Commercial Product,"MILWAUKEE®, Commercial Product",,,,,,,,,,,,,,,,,,,,,,,,,,,"MILWAUKEE®, Commercial Product",Series,,,Model,,,Item Type,,,Voltage Rating,,,Amperage Rating,,,Dimensions,,,Mounting Type,,,Material,,,Color,,,Sound Level,,,Additional Information,,,,,,,,,,,,,,,,,,,,,,,,,,,,,,,,,,,,,,,,,,,,,,,,,,,,,,,,,,,,,,,,,,,,,,,,,,,,,,,,,,,,,,,,,,,,,,,,,,,,,,,,,,,,,,,,,,,,,,,,,,,,,,1,EA,,,,,,,,,,,,,,,,,,,,,,,,,,,,,,,,,,,,,US,No,No
https://www.milwaukeetool.com/product/F200B-21M,,,,,,F200B-21M,,,,F200B-21M,F200B-21M,F200B-21M Milw M12 Womens - BLK Heated Hoodie Kit M,-- Unbranded --,-- No Unilog Brand --,-- No DIB Brand --,Milwaukee Accessory (4031),Milwaukee Electric Tool Corporation,MILWAUKEE®,,F200B-21M,,,"MILWAUKEE®, Commercial Product, F200B-21M",COMMERCIAL PRODUCT,"MILWAUKEE®, F200B-21M, Commercial Product",MILWAUKEE® Commercial Product,"MILWAUKEE®, Commercial Product",,,,,,,,,,,,,,,,,,,,,,,,,,,"MILWAUKEE®, Commercial Product",Series,,,Model,,,Item Type,,,Voltage Rating,,,Amperage Rating,,,Dimensions,,,Mounting Type,,,Material,,,Color,,,Sound Level,,,Additional Information,,,,,,,,,,,,,,,,,,,,,,,,,,,,,,,,,,,,,,,,,,,,,,,,,,,,,,,,,,,,,,,,,,,,,,,,,,,,,,,,,,,,,,,,,,,,,,,,,,,,,,,,,,,,,,,,,,,,,,,,,,,,,,1,EA,,,,,,,,,,,,,,,,,,,,,,,,,,,,,,,,,,,,,US,No,No
https://www.milwaukeetool.com/product/M200B-21L,,,,,,M200B-21L,,,,M200B-21L,M200B-21L,M200B-21L Milw M12 BLK - Heated Hoodie Kit L,-- Unbranded --,-- No Unilog Brand --,-- No DIB Brand --,Milwaukee Accessory (4031),Milwaukee Electric Tool Corporation,MILWAUKEE®,,M200B-21L,,,"MILWAUKEE®, Commercial Product, M200B-21L",COMMERCIAL PRODUCT,"MILWAUKEE®, M200B-21L, Commercial Product",MILWAUKEE® Commercial Product,"MILWAUKEE®, Commercial Product",,,,,,,,,,,,,,,,,,,,,,,,,,,"MILWAUKEE®, Commercial Product",Series,,,Model,,,Item Type,,,Voltage Rating,,,Amperage Rating,,,Dimensions,,,Mounting Type,,,Material,,,Color,,,Sound Level,,,Additional Information,,,,,,,,,,,,,,,,,,,,,,,,,,,,,,,,,,,,,,,,,,,,,,,,,,,,,,,,,,,,,,,,,,,,,,,,,,,,,,,,,,,,,,,,,,,,,,,,,,,,,,,,,,,,,,,,,,,,,,,,,,,,,,1,EA,,,,,,,,,,,,,,,,,,,,,,,,,,,,,,,,,,,,,US,No,No
https://www.milwaukeetool.com/product/M200B-21M,,,,,,M200B-21M,,,,M200B-21M,M200B-21M,M200B-21M Milw M12 BLK - Heated Hoodie Kit M,-- Unbranded --,-- No Unilog Brand --,-- No DIB Brand --,Milwaukee Accessory (4031),Milwaukee Electric Tool Corporation,MILWAUKEE®,,M200B-21M,,,"MILWAUKEE®, Commercial Product, M200B-21M",COMMERCIAL PRODUCT,"MILWAUKEE®, M200B-21M, Commercial Product",MILWAUKEE® Commercial Product,"MILWAUKEE®, Commercial Product",,,,,,,,,,,,,,,,,,,,,,,,,,,"MILWAUKEE®, Commercial Product",Series,,,Model,,,Item Type,,,Voltage Rating,,,Amperage Rating,,,Dimensions,,,Mounting Type,,,Material,,,Color,,,Sound Level,,,Additional Information,,,,,,,,,,,,,,,,,,,,,,,,,,,,,,,,,,,,,,,,,,,,,,,,,,,,,,,,,,,,,,,,,,,,,,,,,,,,,,,,,,,,,,,,,,,,,,,,,,,,,,,,,,,,,,,,,,,,,,,,,,,,,,1,EA,,,,,,,,,,,,,,,,,,,,,,,,,,,,,,,,,,,,,US,No,No
https://www.milwaukeetool.com/product/M200B-21XL,,,,,,M200B-21XL,,,,M200B-21XL,M200B-21XL,M200B-21XL Milw M12 BLK - Heated Hoodie Kit XL,-- Unbranded --,-- No Unilog Brand --,-- No DIB Brand --,Milwaukee Accessory (4031),Milwaukee Electric Tool Corporation,MILWAUKEE®,,M200B-21XL,,,"MILWAUKEE®, Commercial Product, M200B-21XL",COMMERCIAL PRODUCT,"MILWAUKEE®, M200B-21XL, Commercial Product",MILWAUKEE® Commercial Product,"MILWAUKEE®, Commercial Product",,,,,,,,,,,,,,,,,,,,,,,,,,,"MILWAUKEE®, Commercial Product",Series,,,Model,,,Item Type,,,Voltage Rating,,,Amperage Rating,,,Dimensions,,,Mounting Type,,,Material,,,Color,,,Sound Level,,,Additional Information,,,,,,,,,,,,,,,,,,,,,,,,,,,,,,,,,,,,,,,,,,,,,,,,,,,,,,,,,,,,,,,,,,,,,,,,,,,,,,,,,,,,,,,,,,,,,,,,,,,,,,,,,,,,,,,,,,,,,,,,,,,,,,1,EA,,,,,,,,,,,,,,,,,,,,,,,,,,,,,,,,,,,,,US,No,No
https://www.milwaukeetool.com/product/M200G-21L,,,,,,M200G-21L,,,,M200G-21L,M200G-21L,M200G-21L Milw M12 Gray - Heated Hoodie Kit L,-- Unbranded --,-- No Unilog Brand --,-- No DIB Brand --,Milwaukee Accessory (4031),Milwaukee Electric Tool Corporation,MILWAUKEE®,,M200G-21L,,,"MILWAUKEE®, Commercial Product, M200G-21L",COMMERCIAL PRODUCT,"MILWAUKEE®, M200G-21L, Commercial Product",MILWAUKEE® Commercial Product,"MILWAUKEE®, Commercial Product",,,,,,,,,,,,,,,,,,,,,,,,,,,"MILWAUKEE®, Commercial Product",Series,,,Model,,,Item Type,,,Voltage Rating,,,Amperage Rating,,,Dimensions,,,Mounting Type,,,Material,,,Color,,,Sound Level,,,Additional Information,,,,,,,,,,,,,,,,,,,,,,,,,,,,,,,,,,,,,,,,,,,,,,,,,,,,,,,,,,,,,,,,,,,,,,,,,,,,,,,,,,,,,,,,,,,,,,,,,,,,,,,,,,,,,,,,,,,,,,,,,,,,,,1,EA,,,,,,,,,,,,,,,,,,,,,,,,,,,,,,,,,,,,,US,No,No
https://www.milwaukeetool.com/product/M200G-21M,,,,,,M200G-21M,,,,M200G-21M,M200G-21M,M200G-21M Milw M12 Gray - Heated Hoodie Kit M,-- Unbranded --,-- No Unilog Brand --,-- No DIB Brand --,Milwaukee Accessory (4031),Milwaukee Electric Tool Corporation,MILWAUKEE®,,M200G-21M,,,"MILWAUKEE®, Commercial Product, M200G-21M",COMMERCIAL PRODUCT,"MILWAUKEE®, M200G-21M, Commercial Product",MILWAUKEE® Commercial Product,"MILWAUKEE®, Commercial Product",,,,,,,,,,,,,,,,,,,,,,,,,,,"MILWAUKEE®, Commercial Product",Series,,,Model,,,Item Type,,,Voltage Rating,,,Amperage Rating,,,Dimensions,,,Mounting Type,,,Material,,,Color,,,Sound Level,,,Additional Information,,,,,,,,,,,,,,,,,,,,,,,,,,,,,,,,,,,,,,,,,,,,,,,,,,,,,,,,,,,,,,,,,,,,,,,,,,,,,,,,,,,,,,,,,,,,,,,,,,,,,,,,,,,,,,,,,,,,,,,,,,,,,,1,EA,,,,,,,,,,,,,,,,,,,,,,,,,,,,,,,,,,,,,US,No,No
https://www.milwaukeetool.com/product/M200G-21XL,,,,,,M200G-21XL,,,,M200G-21XL,M200G-21XL,M200G-21XL Milw M12 Gray - Heated Hoodie Kit XL,-- Unbranded --,-- No Unilog Brand --,-- No DIB Brand --,Milwaukee Accessory (4031),Milwaukee Electric Tool Corporation,MILWAUKEE®,,M200G-21XL,,,"MILWAUKEE®, Commercial Product, M200G-21XL",COMMERCIAL PRODUCT,"MILWAUKEE®, M200G-21XL, Commercial Product",MILWAUKEE® Commercial Product,"MILWAUKEE®, Commercial Product",,,,,,,,,,,,,,,,,,,,,,,,,,,"MILWAUKEE®, Commercial Product",Series,,,Model,,,Item Type,,,Voltage Rating,,,Amperage Rating,,,Dimensions,,,Mounting Type,,,Material,,,Color,,,Sound Level,,,Additional Information,,,,,,,,,,,,,,,,,,,,,,,,,,,,,,,,,,,,,,,,,,,,,,,,,,,,,,,,,,,,,,,,,,,,,,,,,,,,,,,,,,,,,,,,,,,,,,,,,,,,,,,,,,,,,,,,,,,,,,,,,,,,,,1,EA,,,,,,,,,,,,,,,,,,,,,,,,,,,,,,,,,,,,,US,No,No
https://www.milwaukeetool.com/product/48-11-2330,,,,,,48-11-2330,,,,48-11-2330,48-11-2330,48-11-2330 Milw Heated Gear Power Source,-- Unbranded --,-- No Unilog Brand --,-- No DIB Brand --,Milwaukee Accessory (4031),Milwaukee Electric Tool Corporation,MILWAUKEE®,,48-11-2330,,,"MILWAUKEE®, Commercial Product, 48-11-2330",COMMERCIAL PRODUCT,"MILWAUKEE®, 48-11-2330, Commercial Product",MILWAUKEE® Commercial Product,"MILWAUKEE®, Commercial Product",,,,,,,,,,,,,,,,,,,,,,,,,,,"MILWAUKEE®, Commercial Product",Series,,,Model,,,Item Type,,,Voltage Rating,,,Amperage Rating,,,Dimensions,,,Mounting Type,,,Material,,,Color,,,Sound Level,,,Additional Information,,,,,,,,,,,,,,,,,,,,,,,,,,,,,,,,,,,,,,,,,,,,,,,,,,,,,,,,,,,,,,,,,,,,,,,,,,,,,,,,,,,,,,,,,,,,,,,,,,,,,,,,,,,,,,,,,,,,,,,,,,,,,,1,EA,,,,,,,,,,,,,,,,,,,,,,,,,,,,,,,,,,,,,US,No,No
https://www.diablotools.com/product/DCBP250C,,,,,,DCBP250C,,,,DCBP250C,DCBP250C,DCBP520C Dewalt Starter Kit,-- Unbranded --,-- No Unilog Brand --,-- No DIB Brand --,Black & Decker/dewlt (2585),Freud Tools / Robert Bosch Tool Corporation,DIABLO®,,DCBP250C,,,"DIABLO®, Commercial Product, DCBP250C",COMMERCIAL PRODUCT,"DIABLO®, DCBP250C, Commercial Product",DIABLO® Commercial Product,"DIABLO®, Commercial Product",,,,,,,,,,,,,,,,,,,,,,,,,,,"DIABLO®, Commercial Product",Series,,,Model,,,Item Type,,,Voltage Rating,,,Amperage Rating,,,Dimensions,,,Mounting Type,,,Material,,,Color,,,Sound Level,,,Additional Information,,,,,,,,,,,,,,,,,,,,,,,,,,,,,,,,,,,,,,,,,,,,,,,,,,,,,,,,,,,,,,,,,,,,,,,,,,,,,,,,,,,,,,,,,,,,,,,,,,,,,,,,,,,,,,,,,,,,,,,,,,,,,,1,EA,,,,,,,,,,,,,,,,,,,,,,,,,,,,,,,,,,,,,US,No,No
,,,,,,5328,,,,5328,5328,5328 Lg. Leather Phone Holster - Clip-on,-- Unbranded --,-- No Unilog Brand --,-- No DIB Brand --,-,-,-,,5328,,,"-, Commercial Product, 5328",COMMERCIAL PRODUCT,"-, 5328, Commercial Product",- Commercial Product,"-, Commercial Product",,,,,,,,,,,,,,,,,,,,,,,,,,,"-, Commercial Product",Series,,,Model,,,Item Type,,,Voltage Rating,,,Amperage Rating,,,Dimensions,,,Mounting Type,,,Material,,,Color,,,Sound Level,,,Additional Information,,,,,,,,,,,,,,,,,,,,,,,,,,,,,,,,,,,,,,,,,,,,,,,,,,,,,,,,,,,,,,,,,,,,,,,,,,,,,,,,,,,,,,,,,,,,,,,,,,,,,,,,,,,,,,,,,,,,,,,,,,,,,,1,EA,,,,,,,,,,,,,,,,,,,,,,,,,,,,,,,,,,,,,US,No,No
https://www.kleintools.com/product/3200-20,,,,,,3200-20,,,,3200-20,3200-20,3200-20 Milw Voltage Detector,-- Unbranded --,-- No Unilog Brand --,-- No DIB Brand --,Milwaukee Accessory (4031),Klein Tools Inc.,KLEIN TOOLS®,,3200-20,,,"KLEIN TOOLS®, Commercial Product, 3200-20",COMMERCIAL PRODUCT,"KLEIN TOOLS®, 3200-20, Commercial Product",KLEIN TOOLS® Commercial Product,"KLEIN TOOLS®, Commercial Product",,,,,,,,,,,,,,,,,,,,,,,,,,,"KLEIN TOOLS®, Commercial Product",Series,,,Model,,,Item Type,,,Voltage Rating,,,Amperage Rating,,,Dimensions,,,Mounting Type,,,Material,,,Color,,,Sound Level,,,Additional Information,,,,,,,,,,,,,,,,,,,,,,,,,,,,,,,,,,,,,,,,,,,,,,,,,,,,,,,,,,,,,,,,,,,,,,,,,,,,,,,,,,,,,,,,,,,,,,,,,,,,,,,,,,,,,,,,,,,,,,,,,,,,,,1,EA,,,,,,,,,,,,,,,,,,,,,,,,,,,,,,,,,,,,,US,No,No
https://www.kleintools.com/product/3202-20,,,,,,3202-20,,,,3202-20,3202-20,3202-20 Milw Voltage Detector w/ LED,-- Unbranded --,-- No Unilog Brand --,-- No DIB Brand --,Milwaukee Accessory (4031),Klein Tools Inc.,KLEIN TOOLS®,,3202-20,,,"KLEIN TOOLS®, Commercial Product, 3202-20",COMMERCIAL PRODUCT,"KLEIN TOOLS®, 3202-20, Commercial Product",KLEIN TOOLS® Commercial Product,"KLEIN TOOLS®, Commercial Product",,,,,,,,,,,,,,,,,,,,,,,,,,,"KLEIN TOOLS®, Commercial Product",Series,,,Model,,,Item Type,,,Voltage Rating,,,Amperage Rating,,,Dimensions,,,Mounting Type,,,Material,,,Color,,,Sound Level,,,Additional Information,,,,,,,,,,,,,,,,,,,,,,,,,,,,,,,,,,,,,,,,,,,,,,,,,,,,,,,,,,,,,,,,,,,,,,,,,,,,,,,,,,,,,,,,,,,,,,,,,,,,,,,,,,,,,,,,,,,,,,,,,,,,,,1,EA,,,,,,,,,,,,,,,,,,,,,,,,,,,,,,,,,,,,,US,No,No
https://www.kleintools.com/product/3203-20,,,,,,3203-20,,,,3203-20,3203-20,3203-20 Milw Dual Range Voltage Detector w/ LED,-- Unbranded --,-- No Unilog Brand --,-- No DIB Brand --,Milwaukee Accessory (4031),Klein Tools Inc.,KLEIN TOOLS®,,3203-20,,,"KLEIN TOOLS®, Range, 3203-20",RANGE,"KLEIN TOOLS®, 3203-20, Range",KLEIN TOOLS® Range,"KLEIN TOOLS®, Range",,,,,,,,,,,,,,,,,,,,,,,,,,,Range,Series,,,Model,,,Item Type,,,Voltage Rating,,,Amperage Rating,,,Dimensions,,,Mounting Type,,,Material,,,Color,,,Sound Level,,,Additional Information,,,,,,,,,,,,,,,,,,,,,,,,,,,,,,,,,,,,,,,,,,,,,,,,,,,,,,,,,,,,,,,,,,,,,,,,,,,,,,,,,,,,,,,,,,,,,,,,,,,,,,,,,,,,,,,,,,,,,,,,,,,,,,1,EA,,,,,,,,,,,,,,,,,,,,,,,,,,,,,,,,,,,,,US,No,No
,,,,,,BC-12300,,,,BC-12300,BC-12300,"BC-12300 BigCal 12""/300mm",-- Unbranded --,-- No Unilog Brand --,-- No DIB Brand --,Woodpeckers Inc (WOODP),Woodpeckers Inc,Woodpeckers Inc,,BC-12300,,,"Woodpeckers Inc, Commercial Product, BC-12300",COMMERCIAL PRODUCT 300 MM,"Woodpeckers Inc, BC-12300, Commercial Product","Woodpeckers Inc Commercial Product, 300 mm","Woodpeckers Inc, Commercial Product",,,,,,,,,,,,,,,,,,,,,,,,,,,"Woodpeckers Inc, Commercial Product",Series,,,Model,,,Item Type,,,Voltage Rating,,,Amperage Rating,,,Dimensions,300 mm,,Mounting Type,,,Material,,,Color,,,Sound Level,,,Additional Information,,,,,,,,,,,,,,,,,,,,,,,,,,,,,,,,,,,,,,,,,,,,,,,,,,,,,,,,,,,,,,,,,,,,,,,,,,,,,,,,,,,,,,,,,,,,,,,,,,,,,,,,,,,,,,,,,,,,,,,,,,,,,,1,EA,,,,,,,,,,,,,,,,,,,,,,,,,,,,,,,,,,,,,US,No,No
,,,,,,BC-24600,,,,BC-24600,BC-24600,"BC-24600 BigCal 24""/600mm",-- Unbranded --,-- No Unilog Brand --,-- No DIB Brand --,Woodpeckers Inc (WOODP),Woodpeckers Inc,Woodpeckers Inc,,BC-24600,,,"Woodpeckers Inc, Commercial Product, BC-24600",COMMERCIAL PRODUCT 600 MM,"Woodpeckers Inc, BC-24600, Commercial Product","Woodpeckers Inc Commercial Product, 600 mm","Woodpeckers Inc, Commercial Product",,,,,,,,,,,,,,,,,,,,,,,,,,,"Woodpeckers Inc, Commercial Product",Series,,,Model,,,Item Type,,,Voltage Rating,,,Amperage Rating,,,Dimensions,600 mm,,Mounting Type,,,Material,,,Color,,,Sound Level,,,Additional Information,,,,,,,,,,,,,,,,,,,,,,,,,,,,,,,,,,,,,,,,,,,,,,,,,,,,,,,,,,,,,,,,,,,,,,,,,,,,,,,,,,,,,,,,,,,,,,,,,,,,,,,,,,,,,,,,,,,,,,,,,,,,,,1,EA,,,,,,,,,,,,,,,,,,,,,,,,,,,,,,,,,,,,,US,No,No
https://www.dewalt.com/product/DW08302CG,,,,,,DW08302CG,,,,DW08302CG,DW08302CG,DW08302CG Dewalt Laser - Green 3 Spot,-- Unbranded --,-- No Unilog Brand --,-- No DIB Brand --,Black & Decker/dewlt (2585),Stanley Black & Decker,DEWALT®,,DW08302CG,,,"DEWALT®, Commercial Product, DW08302CG",COMMERCIAL PRODUCT,"DEWALT®, DW08302CG, Commercial Product",DEWALT® Commercial Product,"DEWALT®, Commercial Product",,,,,,,,,,,,,,,,,,,,,,,,,,,"DEWALT®, Commercial Product",Series,,,Model,,,Item Type,,,Voltage Rating,,,Amperage Rating,,,Dimensions,,,Mounting Type,,,Material,,,Color,,,Sound Level,,,Additional Information,,,,,,,,,,,,,,,,,,,,,,,,,,,,,,,,,,,,,,,,,,,,,,,,,,,,,,,,,,,,,,,,,,,,,,,,,,,,,,,,,,,,,,,,,,,,,,,,,,,,,,,,,,,,,,,,,,,,,,,,,,,,,,1,EA,,,,,,,,,,,,,,,,,,,,,,,,,,,,,,,,,,,,,US,No,No
https://www.boschtools.com/product/GCL165-42GL,,,,,,GCL165-42GL,,,,GCL165-42GL,GCL165-42GL,GCL165--42GL Cross Line Laser,-- Unbranded --,-- No Unilog Brand --,-- No DIB Brand --,Robt Bosch Tool Corp (6564),Robert Bosch GmbH,BOSCH®,,GCL165-42GL,,,"BOSCH®, Commercial Product, GCL165-42GL",COMMERCIAL PRODUCT,"BOSCH®, GCL165-42GL, Commercial Product",BOSCH® Commercial Product,"BOSCH®, Commercial Product",,,,,,,,,,,,,,,,,,,,,,,,,,,"BOSCH®, Commercial Product",Series,,,Model,,,Item Type,,,Voltage Rating,,,Amperage Rating,,,Dimensions,,,Mounting Type,,,Material,,,Color,,,Sound Level,,,Additional Information,,,,,,,,,,,,,,,,,,,,,,,,,,,,,,,,,,,,,,,,,,,,,,,,,,,,,,,,,,,,,,,,,,,,,,,,,,,,,,,,,,,,,,,,,,,,,,,,,,,,,,,,,,,,,,,,,,,,,,,,,,,,,,1,EA,,,,,,,,,,,,,,,,,,,,,,,,,,,,,,,,,,,,,US,No,No
https://www.dewalt.com/product/DW08802CG,,,,,,DW08802CG,,,,DW08802CG,DW08802CG,DW08802CG Dewalt Laser Green - Self-Level Cross Line,-- Unbranded --,-- No Unilog Brand --,-- No DIB Brand --,Black & Decker/dewlt (2585),Stanley Black & Decker,DEWALT®,,DW08802CG,,,"DEWALT®, Commercial Product, DW08802CG",COMMERCIAL PRODUCT,"DEWALT®, DW08802CG, Commercial Product",DEWALT® Commercial Product,"DEWALT®, Commercial Product",,,,,,,,,,,,,,,,,,,,,,,,,,,"DEWALT®, Commercial Product",Series,,,Model,,,Item Type,,,Voltage Rating,,,Amperage Rating,,,Dimensions,,,Mounting Type,,,Material,,,Color,,,Sound Level,,,Additional Information,,,,,,,,,,,,,,,,,,,,,,,,,,,,,,,,,,,,,,,,,,,,,,,,,,,,,,,,,,,,,,,,,,,,,,,,,,,,,,,,,,,,,,,,,,,,,,,,,,,,,,,,,,,,,,,,,,,,,,,,,,,,,,1,EA,,,,,,,,,,,,,,,,,,,,,,,,,,,,,,,,,,,,,US,No,No
https://www.dewalt.com/product/DW088CG,,,,,,DW088CG,,,,DW088CG,DW088CG,DW088CG Dewalt Laser - Green Cross Line,-- Unbranded --,-- No Unilog Brand --,-- No DIB Brand --,Black & Decker/dewlt (2585),Stanley Black & Decker,DEWALT®,,DW088CG,,,"DEWALT®, Commercial Product, DW088CG",COMMERCIAL PRODUCT,"DEWALT®, DW088CG, Commercial Product",DEWALT® Commercial Product,"DEWALT®, Commercial Product",,,,,,,,,,,,,,,,,,,,,,,,,,,"DEWALT®, Commercial Product",Series,,,Model,,,Item Type,,,Voltage Rating,,,Amperage Rating,,,Dimensions,,,Mounting Type,,,Material,,,Color,,,Sound Level,,,Additional Information,,,,,,,,,,,,,,,,,,,,,,,,,,,,,,,,,,,,,,,,,,,,,,,,,,,,,,,,,,,,,,,,,,,,,,,,,,,,,,,,,,,,,,,,,,,,,,,,,,,,,,,,,,,,,,,,,,,,,,,,,,,,,,1,EA,,,,,,,,,,,,,,,,,,,,,,,,,,,,,,,,,,,,,US,No,No
https://www.dewalt.com/product/DW089CG,,,,,,DW089CG,,,,DW089CG,DW089CG,DW089CG Dewalt Laser Level - 3 Line 30ft Range,-- Unbranded --,-- No Unilog Brand --,-- No DIB Brand --,Black & Decker/dewlt (2585),Stanley Black & Decker,DEWALT®,,DW089CG,,,"DEWALT®, Range, DW089CG",RANGE,"DEWALT®, DW089CG, Range","DEWALT® Range, 30 ft","DEWALT®, Range",,,,,,,,,,,,,,,,,,,,,,,,,,,Range,Series,,,Model,,,Item Type,,,Voltage Rating,,,Amperage Rating,,,Dimensions,30 ft,,Mounting Type,,,Material,,,Color,,,Sound Level,,,Additional Information,,,,,,,,,,,,,,,,,,,,,,,,,,,,,,,,,,,,,,,,,,,,,,,,,,,,,,,,,,,,,,,,,,,,,,,,,,,,,,,,,,,,,,,,,,,,,,,,,,,,,,,,,,,,,,,,,,,,,,,,,,,,,,1,EA,,,,,,,,,,,,,,,,,,,,,,,,,,,,,,,,,,,,,US,No,No
https://www.dewalt.com/product/DCLE34520GB,,,,,,DCLE34520GB,,,,DCLE34520GB,DCLE34520GB,DCLE34520GB Dewalt Laser 20V - Cross Line 5 Spot,-- Unbranded --,-- No Unilog Brand --,-- No DIB Brand --,Black & Decker/dewlt (2585),Stanley Black & Decker,DEWALT®,,DCLE34520GB,,,"DEWALT®, Commercial Product, DCLE34520GB",COMMERCIAL PRODUCT 20 V,"DEWALT®, DCLE34520GB, Commercial Product","DEWALT® Commercial Product, 20 V","DEWALT®, Commercial Product",,,,,,,,,,,,,,,,,,,,,,,,,,,"DEWALT®, Commercial Product",Series,,,Model,,,Item Type,,,Voltage Rating,20,V,Amperage Rating,,,Dimensions,,,Mounting Type,,,Material,,,Color,,,Sound Level,,,Additional Information,,,,,,,,,,,,,,,,,,,,,,,,,,,,,,,,,,,,,,,,,,,,,,,,,,,,,,,,,,,,,,,,,,,,,,,,,,,,,,,,,,,,,,,,,,,,,,,,,,,,,,,,,,,,,,,,,,,,,,,,,,,,,,1,EA,,,,,,,,,,,,,,,,,,,,,,,,,,,,,,,,,,,,,US,No,No
https://www.dewalt.com/product/DCLE34031B,,,,,,DCLE34031B,,,,DCLE34031B,DCLE34031B,DCLE34031B Dewalt Line Laser - 20V Self-Leveling,-- Unbranded --,-- No Unilog Brand --,-- No DIB Brand --,Black & Decker/dewlt (2585),Stanley Black & Decker,DEWALT®,,DCLE34031B,,,"DEWALT®, Commercial Product, DCLE34031B",COMMERCIAL PRODUCT 20 V,"DEWALT®, DCLE34031B, Commercial Product","DEWALT® Commercial Product, 20 V","DEWALT®, Commercial Product",,,,,,,,,,,,,,,,,,,,,,,,,,,"DEWALT®, Commercial Product",Series,,,Model,,,Item Type,,,Voltage Rating,20,V,Amperage Rating,,,Dimensions,,,Mounting Type,,,Material,,,Color,,,Sound Level,,,Additional Information,,,,,,,,,,,,,,,,,,,,,,,,,,,,,,,,,,,,,,,,,,,,,,,,,,,,,,,,,,,,,,,,,,,,,,,,,,,,,,,,,,,,,,,,,,,,,,,,,,,,,,,,,,,,,,,,,,,,,,,,,,,,,,1,EA,,,,,,,,,,,,,,,,,,,,,,,,,,,,,,,,,,,,,US,No,No
https://www.dewalt.com/product/DW0822CG,,,,,,DW0822CG,,,,DW0822CG,DW0822CG,DW0822CG Dewalt Cross Line - Plumb Spots Laser-Green,-- Unbranded --,-- No Unilog Brand --,-- No DIB Brand --,Black & Decker/dewlt (2585),Stanley Black & Decker,DEWALT®,,DW0822CG,,,"DEWALT®, Commercial Product, DW0822CG",COMMERCIAL PRODUCT,"DEWALT®, DW0822CG, Commercial Product",DEWALT® Commercial Product,"DEWALT®, Commercial Product",,,,,,,,,,,,,,,,,,,,,,,,,,,"DEWALT®, Commercial Product",Series,,,Model,,,Item Type,,,Voltage Rating,,,Amperage Rating,,,Dimensions,,,Mounting Type,,,Material,,,Color,,,Sound Level,,,Additional Information,,,,,,,,,,,,,,,,,,,,,,,,,,,,,,,,,,,,,,,,,,,,,,,,,,,,,,,,,,,,,,,,,,,,,,,,,,,,,,,,,,,,,,,,,,,,,,,,,,,,,,,,,,,,,,,,,,,,,,,,,,,,,,1,EA,,,,,,,,,,,,,,,,,,,,,,,,,,,,,,,,,,,,,US,No,No
https://www.ustape.com/product/25459,,,,,,25459,,,,25459,25459,25459 Mason Line Brd Orange - 500',-- Unbranded --,-- No Unilog Brand --,-- No DIB Brand --,U S Tape Company (6694),U.S. Tape Company,U.S. TAPE®,,25459,,,"U.S. TAPE®, Commercial Product, 25459",COMMERCIAL PRODUCT,"U.S. TAPE®, 25459, Commercial Product",U.S. TAPE® Commercial Product,"U.S. TAPE®, Commercial Product",,,,,,,,,,,,,,,,,,,,,,,,,,,"U.S. TAPE®, Commercial Product",Series,,,Model,,,Item Type,,,Voltage Rating,,,Amperage Rating,,,Dimensions,,,Mounting Type,,,Material,,,Color,,,Sound Level,,,Additional Information,,,,,,,,,,,,,,,,,,,,,,,,,,,,,,,,,,,,,,,,,,,,,,,,,,,,,,,,,,,,,,,,,,,,,,,,,,,,,,,,,,,,,,,,,,,,,,,,,,,,,,,,,,,,,,,,,,,,,,,,,,,,,,1,EA,,,,,,,,,,,,,,,,,,,,,,,,,,,,,,,,,,,,,US,No,No
https://www.ustape.com/product/35459,,,,,,35459,,,,35459,35459,35459 Mason Line Brd Orange - 500' Replacement,-- Unbranded --,-- No Unilog Brand --,-- No DIB Brand --,U S Tape Company (6694),U.S. Tape Company,U.S. TAPE®,,35459,,,"U.S. TAPE®, Commercial Product, 35459",COMMERCIAL PRODUCT,"U.S. TAPE®, 35459, Commercial Product",U.S. TAPE® Commercial Product,"U.S. TAPE®, Commercial Product",,,,,,,,,,,,,,,,,,,,,,,,,,,"U.S. TAPE®, Commercial Product",Series,,,Model,,,Item Type,,,Voltage Rating,,,Amperage Rating,,,Dimensions,,,Mounting Type,,,Material,,,Color,,,Sound Level,,,Additional Information,,,,,,,,,,,,,,,,,,,,,,,,,,,,,,,,,,,,,,,,,,,,,,,,,,,,,,,,,,,,,,,,,,,,,,,,,,,,,,,,,,,,,,,,,,,,,,,,,,,,,,,,,,,,,,,,,,,,,,,,,,,,,,1,EA,,,,,,,,,,,,,,,,,,,,,,,,,,,,,,,,,,,,,US,No,No
https://www.ustape.com/product/25759,,,,,,25759,,,,25759,25759,25759 Mason Line Brd Orange - 1000',-- Unbranded --,-- No Unilog Brand --,-- No DIB Brand --,U S Tape Company (6694),U.S. Tape Company,U.S. TAPE®,,25759,,,"U.S. TAPE®, Commercial Product, 25759",COMMERCIAL PRODUCT,"U.S. TAPE®, 25759, Commercial Product",U.S. TAPE® Commercial Product,"U.S. TAPE®, Commercial Product",,,,,,,,,,,,,,,,,,,,,,,,,,,"U.S. TAPE®, Commercial Product",Series,,,Model,,,Item Type,,,Voltage Rating,,,Amperage Rating,,,Dimensions,,,Mounting Type,,,Material,,,Color,,,Sound Level,,,Additional Information,,,,,,,,,,,,,,,,,,,,,,,,,,,,,,,,,,,,,,,,,,,,,,,,,,,,,,,,,,,,,,,,,,,,,,,,,,,,,,,,,,,,,,,,,,,,,,,,,,,,,,,,,,,,,,,,,,,,,,,,,,,,,,1,EA,,,,,,,,,,,,,,,,,,,,,,,,,,,,,,,,,,,,,US,No,No
https://www.ustape.com/product/35112,,,,,,35112,,,,35112,35112,35112 Mason Line Twist Yellow - 270',-- Unbranded --,-- No Unilog Brand --,-- No DIB Brand --,U S Tape Company (6694),U.S. Tape Company,U.S. TAPE®,,35112,,,"U.S. TAPE®, Commercial Product, 35112",COMMERCIAL PRODUCT,"U.S. TAPE®, 35112, Commercial Product",U.S. TAPE® Commercial Product,"U.S. TAPE®, Commercial Product",,,,,,,,,,,,,,,,,,,,,,,,,,,"U.S. TAPE®, Commercial Product",Series,,,Model,,,Item Type,,,Voltage Rating,,,Amperage Rating,,,Dimensions,,,Mounting Type,,,Material,,,Color,,,Sound Level,,,Additional Information,,,,,,,,,,,,,,,,,,,,,,,,,,,,,,,,,,,,,,,,,,,,,,,,,,,,,,,,,,,,,,,,,,,,,,,,,,,,,,,,,,,,,,,,,,,,,,,,,,,,,,,,,,,,,,,,,,,,,,,,,,,,,,1,EA,,,,,,,,,,,,,,,,,,,,,,,,,,,,,,,,,,,,,US,No,No
https://www.ustape.com/product/35115,,,,,,35115,,,,35115,35115,35115 Mason Line Twist Green - 270',-- Unbranded --,-- No Unilog Brand --,-- No DIB Brand --,U S Tape Company (6694),U.S. Tape Company,U.S. TAPE®,,35115,,,"U.S. TAPE®, Commercial Product, 35115",COMMERCIAL PRODUCT,"U.S. TAPE®, 35115, Commercial Product",U.S. TAPE® Commercial Product,"U.S. TAPE®, Commercial Product",,,,,,,,,,,,,,,,,,,,,,,,,,,"U.S. TAPE®, Commercial Product",Series,,,Model,,,Item Type,,,Voltage Rating,,,Amperage Rating,,,Dimensions,,,Mounting Type,,,Material,,,Color,,,Sound Level,,,Additional Information,,,,,,,,,,,,,,,,,,,,,,,,,,,,,,,,,,,,,,,,,,,,,,,,,,,,,,,,,,,,,,,,,,,,,,,,,,,,,,,,,,,,,,,,,,,,,,,,,,,,,,,,,,,,,,,,,,,,,,,,,,,,,,1,EA,,,,,,,,,,,,,,,,,,,,,,,,,,,,,,,,,,,,,US,No,No
https://www.ustape.com/product/25168,,,,,,25168,,,,25168,25168,25168 Mason Line Brd Green - 250',-- Unbranded --,-- No Unilog Brand --,-- No DIB Brand --,U S Tape Company (6694),U.S. Tape Company,U.S. TAPE®,,25168,,,"U.S. TAPE®, Commercial Product, 25168",COMMERCIAL PRODUCT,"U.S. TAPE®, 25168, Commercial Product",U.S. TAPE® Commercial Product,"U.S. TAPE®, Commercial Product",,,,,,,,,,,,,,,,,,,,,,,,,,,"U.S. TAPE®, Commercial Product",Series,,,Model,,,Item Type,,,Voltage Rating,,,Amperage Rating,,,Dimensions,,,Mounting Type,,,Material,,,Color,,,Sound Level,,,Additional Information,,,,,,,,,,,,,,,,,,,,,,,,,,,,,,,,,,,,,,,,,,,,,,,,,,,,,,,,,,,,,,,,,,,,,,,,,,,,,,,,,,,,,,,,,,,,,,,,,,,,,,,,,,,,,,,,,,,,,,,,,,,,,,1,EA,,,,,,,,,,,,,,,,,,,,,,,,,,,,,,,,,,,,,US,No,No
https://www.ustape.com/product/35468,,,,,,35468,,,,35468,35468,35468 Mason Line Brd Green - 500' Replacement,-- Unbranded --,-- No Unilog Brand --,-- No DIB Brand --,U S Tape Company (6694),U.S. Tape Company,U.S. TAPE®,,35468,,,"U.S. TAPE®, General Commercial, 35468",GENERAL COMMERCIAL,"U.S. TAPE®, 35468, General Commercial",U.S. TAPE® General Commercial,"U.S. TAPE®, General Commercial",,,,,,,,,,,,,,,,,,,,,,,,,,,General Commercial,Series,,,Model,,,Item Type,,,Voltage Rating,,,Amperage Rating,,,Dimensions,,,Mounting Type,,,Material,,,Color,,,Sound Level,,,Additional Information,,,,,,,,,,,,,,,description,Mason Line Brd Green - 500' Replacement,,supplier_manufacturer,U.S. TAPE,,catalog_category,General Commercial,,,,,,,,,,,,,,,,,,,,,,,,,,,,,,,,,,,,,,,,,,,,,,,,,,,,,,,,,,,,,,,,,,,,,,,,,,,,,,,,,,,,,,,,,,,,,,,,,,,,,,,,1,EA,,,,,,,,,,,,,,,,,,,,,,,,,,,,,,,,,,,,,US,No,No
https://www.ustape.com/product/35494,,,,,,35494,,,,35494,35494,35494 Mason Line Brd Blk/Yellw - 500' Replacement,-- Unbranded --,-- No Unilog Brand --,-- No DIB Brand --,U S Tape Company (6694),U.S. Tape Company,U.S. TAPE®,,35494,,,"U.S. TAPE®, Commercial Product, 35494",COMMERCIAL PRODUCT,"U.S. TAPE®, 35494, Commercial Product",U.S. TAPE® Commercial Product,"U.S. TAPE®, Commercial Product",,,,,,,,,,,,,,,,,,,,,,,,,,,"U.S. TAPE®, Commercial Product",Series,,,Model,,,Item Type,,,Voltage Rating,,,Amperage Rating,,,Dimensions,,,Mounting Type,,,Material,,,Color,,,Sound Level,,,Additional Information,,,,,,,,,,,,,,,,,,,,,,,,,,,,,,,,,,,,,,,,,,,,,,,,,,,,,,,,,,,,,,,,,,,,,,,,,,,,,,,,,,,,,,,,,,,,,,,,,,,,,,,,,,,,,,,,,,,,,,,,,,,,,,1,EA,,,,,,,,,,,,,,,,,,,,,,,,,,,,,,,,,,,,,US,No,No
https://www.milwaukeetool.com/product/MLSQ0120,,,,,,MLSQ0120,,,,MLSQ0120,MLSQ0120,"MLSQ0120 Milw 12"" RafterSquare",-- Unbranded --,-- No Unilog Brand --,-- No DIB Brand --,Milwaukee Accessory (4031),Milwaukee Electric Tool Corporation,MILWAUKEE®,,MLSQ0120,,,"MILWAUKEE®, Commercial Product, MLSQ0120",COMMERCIAL PRODUCT,"MILWAUKEE®, MLSQ0120, Commercial Product",MILWAUKEE® Commercial Product,"MILWAUKEE®, Commercial Product",,,,,,,,,,,,,,,,,,,,,,,,,,,"MILWAUKEE®, Commercial Product",Series,,,Model,,,Item Type,,,Voltage Rating,,,Amperage Rating,,,Dimensions,,,Mounting Type,,,Material,,,Color,,,Sound Level,,,Additional Information,,,,,,,,,,,,,,,,,,,,,,,,,,,,,,,,,,,,,,,,,,,,,,,,,,,,,,,,,,,,,,,,,,,,,,,,,,,,,,,,,,,,,,,,,,,,,,,,,,,,,,,,,,,,,,,,,,,,,,,,,,,,,,1,EA,,,,,,,,,,,,,,,,,,,,,,,,,,,,,,,,,,,,,US,No,No
https://www.se.com/product/MLSQ1120,,,,,,MLSQ1120,,,,MLSQ1120,MLSQ1120,MLSQ1120 Milw 300mm Rafter - Square,-- Unbranded --,-- No Unilog Brand --,-- No DIB Brand --,Milwaukee Accessory (4031),Schneider Electric,SQUARE D®,,MLSQ1120,,,"SQUARE D®, Commercial Product, MLSQ1120",COMMERCIAL PRODUCT 300 MM,"SQUARE D®, MLSQ1120, Commercial Product","SQUARE D® Commercial Product, 300 mm","SQUARE D®, Commercial Product",,,,,,,,,,,,,,,,,,,,,,,,,,,"SQUARE D®, Commercial Product",Series,,,Model,,,Item Type,,,Voltage Rating,,,Amperage Rating,,,Dimensions,300 mm,,Mounting Type,,,Material,,,Color,,,Sound Level,,,Additional Information,,,,,,,,,,,,,,,,,,,,,,,,,,,,,,,,,,,,,,,,,,,,,,,,,,,,,,,,,,,,,,,,,,,,,,,,,,,,,,,,,,,,,,,,,,,,,,,,,,,,,,,,,,,,,,,,,,,,,,,,,,,,,,1,EA,,,,,,,,,,,,,,,,,,,,,,,,,,,,,,,,,,,,,US,No,No
https://www.kichler.com/product/55227,,,,,,55227,,,,55227,55227,"55227 Amana Countersink/Stop 1/8"" Drill TB",-- Unbranded --,-- No Unilog Brand --,-- No DIB Brand --,Amana Tool Corp (AMATO),Kichler Lighting LLC,KICHLER®,,55227,,,"KICHLER®, Commercial Product, 55227",COMMERCIAL PRODUCT,"KICHLER®, 55227, Commercial Product",KICHLER® Commercial Product,"KICHLER®, Commercial Product",,,,,,,,,,,,,,,,,,,,,,,,,,,"KICHLER®, Commercial Product",Series,,,Model,,,Item Type,,,Voltage Rating,,,Amperage Rating,,,Dimensions,,,Mounting Type,,,Material,,,Color,,,Sound Level,,,Additional Information,,,,,,,,,,,,,,,,,,,,,,,,,,,,,,,,,,,,,,,,,,,,,,,,,,,,,,,,,,,,,,,,,,,,,,,,,,,,,,,,,,,,,,,,,,,,,,,,,,,,,,,,,,,,,,,,,,,,,,,,,,,,,,1,EA,,,,,,,,,,,,,,,,,,,,,,,,,,,,,,,,,,,,,US,No,No
https://www.kichler.com/product/37300952,,,,,,37300952,,,,37300952,37300952,"095842 Fisch Plug Cutter 3/8""",-- Unbranded --,-- No Unilog Brand --,-- No DIB Brand --,-,Kichler Lighting LLC,KICHLER®,,37300952,,,"KICHLER®, Commercial Product, 37300952",COMMERCIAL PRODUCT,"KICHLER®, 37300952, Commercial Product",KICHLER® Commercial Product,"KICHLER®, Commercial Product",,,,,,,,,,,,,,,,,,,,,,,,,,,"KICHLER®, Commercial Product",Series,,,Model,,,Item Type,,,Voltage Rating,,,Amperage Rating,,,Dimensions,,,Mounting Type,,,Material,,,Color,,,Sound Level,,,Additional Information,,,,,,,,,,,,,,,,,,,,,,,,,,,,,,,,,,,,,,,,,,,,,,,,,,,,,,,,,,,,,,,,,,,,,,,,,,,,,,,,,,,,,,,,,,,,,,,,,,,,,,,,,,,,,,,,,,,,,,,,,,,,,,1,EA,,,,,,,,,,,,,,,,,,,,,,,,,,,,,,,,,,,,,US,No,No
,,,,,,6008,,,,6008,6008,6008 Whiteside Router Bit,-- Unbranded --,-- No Unilog Brand --,-- No DIB Brand --,Whiteside Machine & Repair Co (WHIMA),Whiteside Machine & Repair Co,Whiteside Machine & Repair Co,,6008,,,"Whiteside Machine & Repair Co, Drill Bit, 6008",DRILL BIT,"Whiteside Machine & Repair Co, 6008, Drill Bit",Whiteside Machine & Repair Co Drill Bit,"Whiteside Machine & Repair Co, Drill Bit",,,,,,,,,,,,,,,,,,,,,,,,,,,Drill Bit,Series,,,Model,,,Item Type,,,Voltage Rating,,,Amperage Rating,,,Dimensions,,,Mounting Type,,,Material,,,Color,,,Sound Level,,,Additional Information,,,,,,,,,,,,,,,,,,,,,,,,,,,,,,,,,,,,,,,,,,,,,,,,,,,,,,,,,,,,,,,,,,,,,,,,,,,,,,,,,,,,,,,,,,,,,,,,,,,,,,,,,,,,,,,,,,,,,,,,,,,,,,1,EA,,,,,,,,,,,,,,,,,,,,,,,,,,,,,,,,,,,,,US,No,No
,,,,,,6009,,,,6009,6009,6009 Whiteside Router Bit,-- Unbranded --,-- No Unilog Brand --,-- No DIB Brand --,Whiteside Machine & Repair Co (WHIMA),Whiteside Machine & Repair Co,Whiteside Machine & Repair Co,,6009,,,"Whiteside Machine & Repair Co, Drill Bit, 6009",DRILL BIT,"Whiteside Machine & Repair Co, 6009, Drill Bit",Whiteside Machine & Repair Co Drill Bit,"Whiteside Machine & Repair Co, Drill Bit",,,,,,,,,,,,,,,,,,,,,,,,,,,Drill Bit,Series,,,Model,,,Item Type,,,Voltage Rating,,,Amperage Rating,,,Dimensions,,,Mounting Type,,,Material,,,Color,,,Sound Level,,,Additional Information,,,,,,,,,,,,,,,,,,,,,,,,,,,,,,,,,,,,,,,,,,,,,,,,,,,,,,,,,,,,,,,,,,,,,,,,,,,,,,,,,,,,,,,,,,,,,,,,,,,,,,,,,,,,,,,,,,,,,,,,,,,,,,1,EA,,,,,,,,,,,,,,,,,,,,,,,,,,,,,,,,,,,,,US,No,No
,,,,,,3000A,,,,3000A,3000A,3000A Whiteside Router Bit,-- Unbranded --,-- No Unilog Brand --,-- No DIB Brand --,Whiteside Machine & Repair Co (WHIMA),Whiteside Machine & Repair Co,Whiteside Machine & Repair Co,,3000A,,,"Whiteside Machine & Repair Co, Drill Bit, 3000A",DRILL BIT,"Whiteside Machine & Repair Co, 3000A, Drill Bit","Whiteside Machine & Repair Co Drill Bit, 3000 A","Whiteside Machine & Repair Co, Drill Bit",,,,,,,,,,,,,,,,,,,,,,,,,,,Drill Bit,Series,,,Model,,,Item Type,,,Voltage Rating,,,Amperage Rating,3000,A,Dimensions,,,Mounting Type,,,Material,,,Color,,,Sound Level,,,Additional Information,,,,,,,,,,,,,,,,,,,,,,,,,,,,,,,,,,,,,,,,,,,,,,,,,,,,,,,,,,,,,,,,,,,,,,,,,,,,,,,,,,,,,,,,,,,,,,,,,,,,,,,,,,,,,,,,,,,,,,,,,,,,,,1,EA,,,,,,,,,,,,,,,,,,,,,,,,,,,,,,,,,,,,,US,No,No
https://www.mirka.com/product/MID6630201US,,,,,,MID6630201US,,,,MID6630201US,MID6630201US,MID6630201US Deos663XCV Sander,-- Unbranded --,-- No Unilog Brand --,-- No DIB Brand --,Mirka Abrasives Inc (MIRUS),Mirka Ltd.,MIRKA®,,MID6630201US,,,"MIRKA®, Commercial Product, MID6630201US",COMMERCIAL PRODUCT,"MIRKA®, MID6630201US, Commercial Product",MIRKA® Commercial Product,"MIRKA®, Commercial Product",,,,,,,,,,,,,,,,,,,,,,,,,,,"MIRKA®, Commercial Product",Series,,,Model,,,Item Type,,,Voltage Rating,,,Amperage Rating,,,Dimensions,,,Mounting Type,,,Material,,,Color,,,Sound Level,,,Additional Information,,,,,,,,,,,,,,,,,,,,,,,,,,,,,,,,,,,,,,,,,,,,,,,,,,,,,,,,,,,,,,,,,,,,,,,,,,,,,,,,,,,,,,,,,,,,,,,,,,,,,,,,,,,,,,,,,,,,,,,,,,,,,,1,EA,,,,,,,,,,,,,,,,,,,,,,,,,,,,,,,,,,,,,US,No,No
https://www.dewalt.com/product/DCF6202,,,,,,DCF6202,,,,DCF6202,DCF6202,DCF6202 Dewalt Collated Attach,-- Unbranded --,-- No Unilog Brand --,-- No DIB Brand --,Black & Decker/dewlt (2585),Stanley Black & Decker,DEWALT®,,DCF6202,,,"DEWALT®, Commercial Product, DCF6202",COMMERCIAL PRODUCT,"DEWALT®, DCF6202, Commercial Product",DEWALT® Commercial Product,"DEWALT®, Commercial Product",,,,,,,,,,,,,,,,,,,,,,,,,,,"DEWALT®, Commercial Product",Series,,,Model,,,Item Type,,,Voltage Rating,,,Amperage Rating,,,Dimensions,,,Mounting Type,,,Material,,,Color,,,Sound Level,,,Additional Information,,,,,,,,,,,,,,,,,,,,,,,,,,,,,,,,,,,,,,,,,,,,,,,,,,,,,,,,,,,,,,,,,,,,,,,,,,,,,,,,,,,,,,,,,,,,,,,,,,,,,,,,,,,,,,,,,,,,,,,,,,,,,,1,EA,,,,,,,,,,,,,,,,,,,,,,,,,,,,,,,,,,,,,US,No,No
https://www.ustape.com/product/25468,,,,,,25468,,,,25468,25468,25468 Mason Line Brd Green - 500',-- Unbranded --,-- No Unilog Brand --,-- No DIB Brand --,U S Tape Company (6694),U.S. Tape Company,U.S. TAPE®,,25468,,,"U.S. TAPE®, Commercial Product, 25468",COMMERCIAL PRODUCT,"U.S. TAPE®, 25468, Commercial Product",U.S. TAPE® Commercial Product,"U.S. TAPE®, Commercial Product",,,,,,,,,,,,,,,,,,,,,,,,,,,"U.S. TAPE®, Commercial Product",Series,,,Model,,,Item Type,,,Voltage Rating,,,Amperage Rating,,,Dimensions,,,Mounting Type,,,Material,,,Color,,,Sound Level,,,Additional Information,,,,,,,,,,,,,,,,,,,,,,,,,,,,,,,,,,,,,,,,,,,,,,,,,,,,,,,,,,,,,,,,,,,,,,,,,,,,,,,,,,,,,,,,,,,,,,,,,,,,,,,,,,,,,,,,,,,,,,,,,,,,,,1,EA,,,,,,,,,,,,,,,,,,,,,,,,,,,,,,,,,,,,,US,No,No
https://www.ustape.com/product/25762,,,,,,25762,,,,25762,25762,25762 Mason Line Brd Pink - 1000',-- Unbranded --,-- No Unilog Brand --,-- No DIB Brand --,U S Tape Company (6694),U.S. Tape Company,U.S. TAPE®,,25762,,,"U.S. TAPE®, Commercial Product, 25762",COMMERCIAL PRODUCT,"U.S. TAPE®, 25762, Commercial Product",U.S. TAPE® Commercial Product,"U.S. TAPE®, Commercial Product",,,,,,,,,,,,,,,,,,,,,,,,,,,"U.S. TAPE®, Commercial Product",Series,,,Model,,,Item Type,,,Voltage Rating,,,Amperage Rating,,,Dimensions,,,Mounting Type,,,Material,,,Color,,,Sound Level,,,Additional Information,,,,,,,,,,,,,,,,,,,,,,,,,,,,,,,,,,,,,,,,,,,,,,,,,,,,,,,,,,,,,,,,,,,,,,,,,,,,,,,,,,,,,,,,,,,,,,,,,,,,,,,,,,,,,,,,,,,,,,,,,,,,,,1,EA,,,,,,,,,,,,,,,,,,,,,,,,,,,,,,,,,,,,,US,No,No
,,,,,,21839NN,,,,21839NN,21839NN,"21839NN File Bstd Mill 10""",-- Unbranded --,-- No Unilog Brand --,-- No DIB Brand --,-,-,-,,21839NN,,,"-, Commercial Product, 21839NN",COMMERCIAL PRODUCT,"-, 21839NN, Commercial Product",- Commercial Product,"-, Commercial Product",,,,,,,,,,,,,,,,,,,,,,,,,,,"-, Commercial Product",Series,,,Model,,,Item Type,,,Voltage Rating,,,Amperage Rating,,,Dimensions,,,Mounting Type,,,Material,,,Color,,,Sound Level,,,Additional Information,,,,,,,,,,,,,,,,,,,,,,,,,,,,,,,,,,,,,,,,,,,,,,,,,,,,,,,,,,,,,,,,,,,,,,,,,,,,,,,,,,,,,,,,,,,,,,,,,,,,,,,,,,,,,,,,,,,,,,,,,,,,,,1,EA,,,,,,,,,,,,,,,,,,,,,,,,,,,,,,,,,,,,,US,No,No
,,,,,,VN56920,Tools & Hardware,Power Tool Accessories,Saw Blades,VN56920,VN56920,"VN56920 10 1/2"" Saw Blade",-- Unbranded --,-- No Unilog Brand --,-- No DIB Brand --,Marshalltown Trowel (5155),Marshalltown Trowel,Marshalltown Trowel,,VN56920,,Tools & Hardware>Power Tool Accessories>Saw Blades,"Marshalltown Trowel, Saw Blade, VN56920",SAW BLADE,"Marshalltown Trowel, VN56920, Saw Blade",Marshalltown Trowel Saw Blade,"Marshalltown Trowel, Saw Blade",,,,,,,,,,,,,,,,,,,,,,,,,,,Saw Blade,Item Type,,,Dimensions,,,Grit,,,Arbor Size,,,Abrasive Material,,,Pack Quantity,,,Additional Information,,,,,,,,,,,,,,,,,,,,,,,,,,,,,,,,,,,,,,,,,,,,,,,,,,,,,,,,,,,,,,,,,,,,,,,,,,,,,,,,,,,,,,,,,,,,,,,,,,,,,,,,,,,,,,,,,,,,,,,,,,,,,,,,,,,,,,,,,,1,EA,,,,,,,,,,,,,,,,,,,,,,,,,,,,,,,,,,,,,US,No,No
https://www.kleintools.com/product/133164,,,,,,133164,,,,133164,133164,133164 950/9 Hex Plus Spks - Multicolor,-- Unbranded --,-- No Unilog Brand --,-- No DIB Brand --,Wera Tools NA Inc (WERTO),Klein Tools Inc.,KLEIN TOOLS®,,133164,,,"KLEIN TOOLS®, Commercial Product, 133164",COMMERCIAL PRODUCT,"KLEIN TOOLS®, 133164, Commercial Product",KLEIN TOOLS® Commercial Product,"KLEIN TOOLS®, Commercial Product",,,,,,,,,,,,,,,,,,,,,,,,,,,"KLEIN TOOLS®, Commercial Product",Series,,,Model,,,Item Type,,,Voltage Rating,,,Amperage Rating,,,Dimensions,,,Mounting Type,,,Material,,,Color,,,Sound Level,,,Additional Information,,,,,,,,,,,,,,,,,,,,,,,,,,,,,,,,,,,,,,,,,,,,,,,,,,,,,,,,,,,,,,,,,,,,,,,,,,,,,,,,,,,,,,,,,,,,,,,,,,,,,,,,,,,,,,,,,,,,,,,,,,,,,,1,EA,,,,,,,,,,,,,,,,,,,,,,,,,,,,,,,,,,,,,US,No,No
https://www.dewalt.com/product/DWHT10993,,,,,,DWHT10993,,,,DWHT10993,DWHT10993,DWHT10993 Folding Knife,-- Unbranded --,-- No Unilog Brand --,-- No DIB Brand --,Black & Decker/dewlt (2585),Stanley Black & Decker,DEWALT®,,DWHT10993,,,"DEWALT®, Commercial Product, DWHT10993",COMMERCIAL PRODUCT,"DEWALT®, DWHT10993, Commercial Product",DEWALT® Commercial Product,"DEWALT®, Commercial Product",,,,,,,,,,,,,,,,,,,,,,,,,,,"DEWALT®, Commercial Product",Series,,,Model,,,Item Type,,,Voltage Rating,,,Amperage Rating,,,Dimensions,,,Mounting Type,,,Material,,,Color,,,Sound Level,,,Additional Information,,,,,,,,,,,,,,,,,,,,,,,,,,,,,,,,,,,,,,,,,,,,,,,,,,,,,,,,,,,,,,,,,,,,,,,,,,,,,,,,,,,,,,,,,,,,,,,,,,,,,,,,,,,,,,,,,,,,,,,,,,,,,,1,EA,,,,,,,,,,,,,,,,,,,,,,,,,,,,,,,,,,,,,US,No,No
https://www.dewalt.com/product/DWHT10994,,,,,,DWHT10994,,,,DWHT10994,DWHT10994,DWHT10994 Folding Knife,-- Unbranded --,-- No Unilog Brand --,-- No DIB Brand --,Black & Decker/dewlt (2585),Stanley Black & Decker,DEWALT®,,DWHT10994,,,"DEWALT®, Commercial Product, DWHT10994",COMMERCIAL PRODUCT,"DEWALT®, DWHT10994, Commercial Product",DEWALT® Commercial Product,"DEWALT®, Commercial Product",,,,,,,,,,,,,,,,,,,,,,,,,,,"DEWALT®, Commercial Product",Series,,,Model,,,Item Type,,,Voltage Rating,,,Amperage Rating,,,Dimensions,,,Mounting Type,,,Material,,,Color,,,Sound Level,,,Additional Information,,,,,,,,,,,,,,,,,,,,,,,,,,,,,,,,,,,,,,,,,,,,,,,,,,,,,,,,,,,,,,,,,,,,,,,,,,,,,,,,,,,,,,,,,,,,,,,,,,,,,,,,,,,,,,,,,,,,,,,,,,,,,,1,EA,,,,,,,,,,,,,,,,,,,,,,,,,,,,,,,,,,,,,US,No,No
https://www.kleintools.com/product/QB22RU,,,,,,QB22RU,,,,QB22RU,QB22RU,QB22RU Vessel Carrying Bit Holder,-- Unbranded --,-- No Unilog Brand --,-- No DIB Brand --,Vessel Tools USA Inc (VESTO),Klein Tools Inc.,KLEIN TOOLS®,,QB22RU,,,"KLEIN TOOLS®, Drill Bit, QB22RU",DRILL BIT,"KLEIN TOOLS®, QB22RU, Drill Bit",KLEIN TOOLS® Drill Bit,"KLEIN TOOLS®, Drill Bit",,,,,,,,,,,,,,,,,,,,,,,,,,,Drill Bit,Series,,,Model,,,Item Type,,,Voltage Rating,,,Amperage Rating,,,Dimensions,,,Mounting Type,,,Material,,,Color,,,Sound Level,,,Additional Information,,,,,,,,,,,,,,,,,,,,,,,,,,,,,,,,,,,,,,,,,,,,,,,,,,,,,,,,,,,,,,,,,,,,,,,,,,,,,,,,,,,,,,,,,,,,,,,,,,,,,,,,,,,,,,,,,,,,,,,,,,,,,,1,EA,,,,,,,,,,,,,,,,,,,,,,,,,,,,,,,,,,,,,US,No,No
https://www.kleintools.com/product/QB22KU,,,,,,QB22KU,,,,QB22KU,QB22KU,QB22KU Vessel Carrying Bit Holder,-- Unbranded --,-- No Unilog Brand --,-- No DIB Brand --,Vessel Tools USA Inc (VESTO),Klein Tools Inc.,KLEIN TOOLS®,,QB22KU,,,"KLEIN TOOLS®, Drill Bit, QB22KU",DRILL BIT,"KLEIN TOOLS®, QB22KU, Drill Bit",KLEIN TOOLS® Drill Bit,"KLEIN TOOLS®, Drill Bit",,,,,,,,,,,,,,,,,,,,,,,,,,,Drill Bit,Series,,,Model,,,Item Type,,,Voltage Rating,,,Amperage Rating,,,Dimensions,,,Mounting Type,,,Material,,,Color,,,Sound Level,,,Additional Information,,,,,,,,,,,,,,,,,,,,,,,,,,,,,,,,,,,,,,,,,,,,,,,,,,,,,,,,,,,,,,,,,,,,,,,,,,,,,,,,,,,,,,,,,,,,,,,,,,,,,,,,,,,,,,,,,,,,,,,,,,,,,,1,EA,,,,,,,,,,,,,,,,,,,,,,,,,,,,,,,,,,,,,US,No,No
,,,,,,AVM6EV,,,,AVM6EV,AVM6EV,AVM6 EV Mini Snip Red,-- Unbranded --,-- No Unilog Brand --,-- No DIB Brand --,Malco Prod (2370),Malco Prod,Malco Prod,,AVM6EV,,,"Malco Prod, Commercial Product, AVM6EV",COMMERCIAL PRODUCT,"Malco Prod, AVM6EV, Commercial Product",Malco Prod Commercial Product,"Malco Prod, Commercial Product",,,,,,,,,,,,,,,,,,,,,,,,,,,"Malco Prod, Commercial Product",Series,,,Model,,,Item Type,,,Voltage Rating,,,Amperage Rating,,,Dimensions,,,Mounting Type,,,Material,,,Color,,,Sound Level,,,Additional Information,,,,,,,,,,,,,,,,,,,,,,,,,,,,,,,,,,,,,,,,,,,,,,,,,,,,,,,,,,,,,,,,,,,,,,,,,,,,,,,,,,,,,,,,,,,,,,,,,,,,,,,,,,,,,,,,,,,,,,,,,,,,,,1,EA,,,,,,,,,,,,,,,,,,,,,,,,,,,,,,,,,,,,,US,No,No
,,,,,,AVM6EV,,,,AVM6EV,AVM6EV,AVM7 EV Mini Snip Green,-- Unbranded --,-- No Unilog Brand --,-- No DIB Brand --,Malco Prod (2370),Malco Prod,Malco Prod,,AVM6EV,,,"Malco Prod, Commercial Product, AVM6EV",COMMERCIAL PRODUCT,"Malco Prod, AVM6EV, Commercial Product",Malco Prod Commercial Product,"Malco Prod, Commercial Product",,,,,,,,,,,,,,,,,,,,,,,,,,,"Malco Prod, Commercial Product",Series,,,Model,,,Item Type,,,Voltage Rating,,,Amperage Rating,,,Dimensions,,,Mounting Type,,,Material,,,Color,,,Sound Level,,,Additional Information,,,,,,,,,,,,,,,,,,,,,,,,,,,,,,,,,,,,,,,,,,,,,,,,,,,,,,,,,,,,,,,,,,,,,,,,,,,,,,,,,,,,,,,,,,,,,,,,,,,,,,,,,,,,,,,,,,,,,,,,,,,,,,1,EA,,,,,,,,,,,,,,,,,,,,,,,,,,,,,,,,,,,,,US,No,No
https://www.freudtools.com/product/DSA0250B,,,,,,DSA0250B,,,,DSA0250B,DSA0250B,"DSA0250B 1/4"" Square x1/4"" Hex - Socket Adapter",-- Unbranded --,-- No Unilog Brand --,-- No DIB Brand --,Freud Inc (2435),Robert Bosch Tool Corporation,FREUD®,,DSA0250B,,,"FREUD®, Adapter, DSA0250B",ADAPTER,"FREUD®, DSA0250B, Adapter",FREUD® Adapter,"FREUD®, Adapter",,,,,,,,,,,,,,,,,,,,,,,,,,,Adapter,Series,,,Model,,,Connection Type,,,Connection Size,,,Pressure Rating,,,Material,,,Additional Information,,,,,,,,,,,,,,,,,,,,,,,,,,,,,,,,,,,,,,,,,,,,,,,,,,,,,,,,,,,,,,,,,,,,,,,,,,,,,,,,,,,,,,,,,,,,,,,,,,,,,,,,,,,,,,,,,,,,,,,,,,,,,,,,,,,,,,,,,,1,EA,,,,,,,,,,,,,,,,,,,,,,,,,,,,,,,,,,,,,US,No,No
https://www.freudtools.com/product/DSA0375B,,,,,,DSA0375B,,,,DSA0375B,DSA0375B,"DSA0375B 3/8"" Square x1/4"" Hex - Socket Adapter",-- Unbranded --,-- No Unilog Brand --,-- No DIB Brand --,Freud Inc (2435),Robert Bosch Tool Corporation,FREUD®,,DSA0375B,,,"FREUD®, Adapter, DSA0375B",ADAPTER,"FREUD®, DSA0375B, Adapter",FREUD® Adapter,"FREUD®, Adapter",,,,,,,,,,,,,,,,,,,,,,,,,,,Adapter,Series,,,Model,,,Connection Type,,,Connection Size,,,Pressure Rating,,,Material,,,Additional Information,,,,,,,,,,,,,,,,,,,,,,,,,,,,,,,,,,,,,,,,,,,,,,,,,,,,,,,,,,,,,,,,,,,,,,,,,,,,,,,,,,,,,,,,,,,,,,,,,,,,,,,,,,,,,,,,,,,,,,,,,,,,,,,,,,,,,,,,,,1,EA,,,,,,,,,,,,,,,,,,,,,,,,,,,,,,,,,,,,,US,No,No
https://www.freudtools.com/product/DSA0500B,,,,,,DSA0500B,,,,DSA0500B,DSA0500B,"DSA0500B 1/2"" Square x1/4"" Hex - Socket Adapter",-- Unbranded --,-- No Unilog Brand --,-- No DIB Brand --,Freud Inc (2435),Robert Bosch Tool Corporation,FREUD®,,DSA0500B,,,"FREUD®, Adapter, DSA0500B",ADAPTER,"FREUD®, DSA0500B, Adapter",FREUD® Adapter,"FREUD®, Adapter",,,,,,,,,,,,,,,,,,,,,,,,,,,Adapter,Series,,,Model,,,Connection Type,,,Connection Size,,,Pressure Rating,,,Material,,,Additional Information,,,,,,,,,,,,,,,,,,,,,,,,,,,,,,,,,,,,,,,,,,,,,,,,,,,,,,,,,,,,,,,,,,,,,,,,,,,,,,,,,,,,,,,,,,,,,,,,,,,,,,,,,,,,,,,,,,,,,,,,,,,,,,,,,,,,,,,,,,1,EA,,,,,,,,,,,,,,,,,,,,,,,,,,,,,,,,,,,,,US,No,No
https://www.kichler.com/product/42-04-9107,,,,,,42-04-9107,,,,42-04-9107,42-04-9107,"42-04-9107 Milw 3/8"" Drive Universal Joint",-- Unbranded --,-- No Unilog Brand --,-- No DIB Brand --,Milwaukee Accessory (4031),Kichler Lighting LLC,KICHLER®,,42-04-9107,,,"KICHLER®, Commercial Product, 42-04-9107",COMMERCIAL PRODUCT,"KICHLER®, 42-04-9107, Commercial Product",KICHLER® Commercial Product,"KICHLER®, Commercial Product",,,,,,,,,,,,,,,,,,,,,,,,,,,"KICHLER®, Commercial Product",Series,,,Model,,,Item Type,,,Voltage Rating,,,Amperage Rating,,,Dimensions,,,Mounting Type,,,Material,,,Color,,,Sound Level,,,Additional Information,,,,,,,,,,,,,,,,,,,,,,,,,,,,,,,,,,,,,,,,,,,,,,,,,,,,,,,,,,,,,,,,,,,,,,,,,,,,,,,,,,,,,,,,,,,,,,,,,,,,,,,,,,,,,,,,,,,,,,,,,,,,,,1,EA,,,,,,,,,,,,,,,,,,,,,,,,,,,,,,,,,,,,,US,No,No
https://www.milwaukeetool.com/product/48-22-9491,,,,,,48-22-9491,,,,48-22-9491,48-22-9491,48-22-9491 Milw 242pc Ratchet & Socket Set 4-Drawer Tool Box,-- Unbranded --,-- No Unilog Brand --,-- No DIB Brand --,Milwaukee Accessory (4031),Milwaukee Electric Tool Corporation,MILWAUKEE®,,48-22-9491,,,"MILWAUKEE®, Commercial Product, 48-22-9491",COMMERCIAL PRODUCT,"MILWAUKEE®, 48-22-9491, Commercial Product",MILWAUKEE® Commercial Product,"MILWAUKEE®, Commercial Product",,,,,,,,,,,,,,,,,,,,,,,,,,,"MILWAUKEE®, Commercial Product",Series,,,Model,,,Item Type,,,Voltage Rating,,,Amperage Rating,,,Dimensions,,,Mounting Type,,,Material,,,Color,,,Sound Level,,,Additional Information,,,,,,,,,,,,,,,PackQuantity,242 PK,,,,,,,,,,,,,,,,,,,,,,,,,,,,,,,,,,,,,,,,,,,,,,,,,,,,,,,,,,,,,,,,,,,,,,,,,,,,,,,,,,,,,,,,,,,,,,,,,,,,,,,,,,,,,,1,EA,,,,,,,,,,,,,,,,,,,,,,,,,,,,,,,,,,,,,US,No,No
https://www.dewalt.com/product/DWMT45422,,,,,,DWMT45422,,,,DWMT45422,DWMT45422,"DWMT45422 Dewalt 1/4"" Drive - 50pc Mechanics Set",-- Unbranded --,-- No Unilog Brand --,-- No DIB Brand --,Black & Decker/dewlt (2585),Stanley Black & Decker,DEWALT®,,DWMT45422,,,"DEWALT®, Commercial Product, DWMT45422",COMMERCIAL PRODUCT,"DEWALT®, DWMT45422, Commercial Product",DEWALT® Commercial Product,"DEWALT®, Commercial Product",,,,,,,,,,,,,,,,,,,,,,,,,,,"DEWALT®, Commercial Product",Series,,,Model,,,Item Type,,,Voltage Rating,,,Amperage Rating,,,Dimensions,,,Mounting Type,,,Material,,,Color,,,Sound Level,,,Additional Information,,,,,,,,,,,,,,,PackQuantity,50 PK,,,,,,,,,,,,,,,,,,,,,,,,,,,,,,,,,,,,,,,,,,,,,,,,,,,,,,,,,,,,,,,,,,,,,,,,,,,,,,,,,,,,,,,,,,,,,,,,,,,,,,,,,,,,,,1,EA,,,,,,,,,,,,,,,,,,,,,,,,,,,,,,,,,,,,,US,No,No
https://www.dewalt.com/product/DWMT45424,,,,,,DWMT45424,,,,DWMT45424,DWMT45424,"DWMT45424 Dewalt 3/8"" Drive - 84pc Mechanics Set",-- Unbranded --,-- No Unilog Brand --,-- No DIB Brand --,Black & Decker/dewlt (2585),Stanley Black & Decker,DEWALT®,,DWMT45424,,,"DEWALT®, Commercial Product, DWMT45424",COMMERCIAL PRODUCT,"DEWALT®, DWMT45424, Commercial Product",DEWALT® Commercial Product,"DEWALT®, Commercial Product",,,,,,,,,,,,,,,,,,,,,,,,,,,"DEWALT®, Commercial Product",Series,,,Model,,,Item Type,,,Voltage Rating,,,Amperage Rating,,,Dimensions,,,Mounting Type,,,Material,,,Color,,,Sound Level,,,Additional Information,,,,,,,,,,,,,,,PackQuantity,84 PK,,,,,,,,,,,,,,,,,,,,,,,,,,,,,,,,,,,,,,,,,,,,,,,,,,,,,,,,,,,,,,,,,,,,,,,,,,,,,,,,,,,,,,,,,,,,,,,,,,,,,,,,,,,,,,1,EA,,,,,,,,,,,,,,,,,,,,,,,,,,,,,,,,,,,,,US,No,No
https://www.milwaukeetool.com/product/48-22-9483,,,,,,48-22-9483,,,,48-22-9483,48-22-9483,48-22-9483 Milw Packout 15pc - Metric Wrench Set,-- Unbranded --,-- No Unilog Brand --,-- No DIB Brand --,Milwaukee Accessory (4031),Milwaukee Electric Tool Corporation,MILWAUKEE®,,48-22-9483,,,"MILWAUKEE®, Commercial Product, 48-22-9483",COMMERCIAL PRODUCT,"MILWAUKEE®, 48-22-9483, Commercial Product",MILWAUKEE® Commercial Product,"MILWAUKEE®, Commercial Product",,,,,,,,,,,,,,,,,,,,,,,,,,,"MILWAUKEE®, Commercial Product",Series,,,Model,,,Item Type,,,Voltage Rating,,,Amperage Rating,,,Dimensions,,,Mounting Type,,,Material,,,Color,,,Sound Level,,,Additional Information,,,,,,,,,,,,,,,PackQuantity,15 PK,,,,,,,,,,,,,,,,,,,,,,,,,,,,,,,,,,,,,,,,,,,,,,,,,,,,,,,,,,,,,,,,,,,,,,,,,,,,,,,,,,,,,,,,,,,,,,,,,,,,,,,,,,,,,,1,EA,,,,,,,,,,,,,,,,,,,,,,,,,,,,,,,,,,,,,US,No,No
https://www.milwaukeetool.com/product/48-22-9484,,,,,,48-22-9484,,,,48-22-9484,48-22-9484,48-22-9484 Milw Packout 15pc - SAE Wrench Set,-- Unbranded --,-- No Unilog Brand --,-- No DIB Brand --,Milwaukee Accessory (4031),Milwaukee Electric Tool Corporation,MILWAUKEE®,,48-22-9484,,,"MILWAUKEE®, Commercial Product, 48-22-9484",COMMERCIAL PRODUCT,"MILWAUKEE®, 48-22-9484, Commercial Product",MILWAUKEE® Commercial Product,"MILWAUKEE®, Commercial Product",,,,,,,,,,,,,,,,,,,,,,,,,,,"MILWAUKEE®, Commercial Product",Series,,,Model,,,Item Type,,,Voltage Rating,,,Amperage Rating,,,Dimensions,,,Mounting Type,,,Material,,,Color,,,Sound Level,,,Additional Information,,,,,,,,,,,,,,,PackQuantity,15 PK,,,,,,,,,,,,,,,,,,,,,,,,,,,,,,,,,,,,,,,,,,,,,,,,,,,,,,,,,,,,,,,,,,,,,,,,,,,,,,,,,,,,,,,,,,,,,,,,,,,,,,,,,,,,,,1,EA,,,,,,,,,,,,,,,,,,,,,,,,,,,,,,,,,,,,,US,No,No
https://www.milwaukeetool.com/product/48-22-9485,,,,,,48-22-9485,,,,48-22-9485,48-22-9485,48-22-9485 Milw Packout 30pc - Metric & SAE Wrench Set,-- Unbranded --,-- No Unilog Brand --,-- No DIB Brand --,Milwaukee Accessory (4031),Milwaukee Electric Tool Corporation,MILWAUKEE®,,48-22-9485,,,"MILWAUKEE®, Commercial Product, 48-22-9485",COMMERCIAL PRODUCT,"MILWAUKEE®, 48-22-9485, Commercial Product",MILWAUKEE® Commercial Product,"MILWAUKEE®, Commercial Product",,,,,,,,,,,,,,,,,,,,,,,,,,,"MILWAUKEE®, Commercial Product",Series,,,Model,,,Item Type,,,Voltage Rating,,,Amperage Rating,,,Dimensions,,,Mounting Type,,,Material,,,Color,,,Sound Level,,,Additional Information,,,,,,,,,,,,,,,PackQuantity,30 PK,,,,,,,,,,,,,,,,,,,,,,,,,,,,,,,,,,,,,,,,,,,,,,,,,,,,,,,,,,,,,,,,,,,,,,,,,,,,,,,,,,,,,,,,,,,,,,,,,,,,,,,,,,,,,,1,EA,,,,,,,,,,,,,,,,,,,,,,,,,,,,,,,,,,,,,US,No,No
https://www.milwaukeetool.com/product/48-44-2770,,,,,,48-44-2770,Tools & Hardware,Power Tool Accessories,Saw Blades,48-44-2770,48-44-2770,48-44-2770 Milw Pole Pruning - Shears Replacement Blade,-- Unbranded --,-- No Unilog Brand --,-- No DIB Brand --,Milwaukee Accessory (4031),Milwaukee Electric Tool Corporation,MILWAUKEE®,,48-44-2770,,Tools & Hardware>Power Tool Accessories>Saw Blades,"MILWAUKEE®, Saw Blade, 48-44-2770",SAW BLADE,"MILWAUKEE®, 48-44-2770, Saw Blade",MILWAUKEE® Saw Blade,"MILWAUKEE®, Saw Blade",,,,,,,,,,,,,,,,,,,,,,,,,,,Saw Blade,Item Type,,,Dimensions,,,Grit,,,Arbor Size,,,Abrasive Material,,,Pack Quantity,,,Additional Information,,,,,,,,,,,,,,,,,,,,,,,,,,,,,,,,,,,,,,,,,,,,,,,,,,,,,,,,,,,,,,,,,,,,,,,,,,,,,,,,,,,,,,,,,,,,,,,,,,,,,,,,,,,,,,,,,,,,,,,,,,,,,,,,,,,,,,,,,,1,EA,,,,,,,,,,,,,,,,,,,,,,,,,,,,,,,,,,,,,US,No,No
https://www.kleintools.com/product/IWHT48441RC,,,,,,IWHT48441RC,,,,IWHT48441RC,IWHT48441RC,IWHT48441RC Irwin 100ft - Red Chalk & Reel Set,-- Unbranded --,-- No Unilog Brand --,-- No DIB Brand --,Irwin Industrial Tools (5863),Klein Tools Inc.,KLEIN TOOLS®,,IWHT48441RC,,,"KLEIN TOOLS®, Commercial Product, IWHT48441RC",COMMERCIAL PRODUCT 100 FT,"KLEIN TOOLS®, IWHT48441RC, Commercial Product","KLEIN TOOLS® Commercial Product, 100 ft","KLEIN TOOLS®, Commercial Product",,,,,,,,,,,,,,,,,,,,,,,,,,,"KLEIN TOOLS®, Commercial Product",Series,,,Model,,,Item Type,,,Voltage Rating,,,Amperage Rating,,,Dimensions,100 ft,,Mounting Type,,,Material,,,Color,,,Sound Level,,,Additional Information,,,,,,,,,,,,,,,,,,,,,,,,,,,,,,,,,,,,,,,,,,,,,,,,,,,,,,,,,,,,,,,,,,,,,,,,,,,,,,,,,,,,,,,,,,,,,,,,,,,,,,,,,,,,,,,,,,,,,,,,,,,,,,1,EA,,,,,,,,,,,,,,,,,,,,,,,,,,,,,,,,,,,,,US,No,No
https://www.makitatools.com/product/XRU23SM1,,,,,,XRU23SM1,,,,XRU23SM1,XRU23SM1,"XRU23SM1 Makita 18V 13"" - String Trimmer Kit",-- Unbranded --,-- No Unilog Brand --,-- No DIB Brand --,Makita Usa Inc (5142),Makita Corporation,MAKITA®,,XRU23SM1,,,"MAKITA®, Commercial Product, XRU23SM1",COMMERCIAL PRODUCT 18 V,"MAKITA®, XRU23SM1, Commercial Product","MAKITA® Commercial Product, 18 V","MAKITA®, Commercial Product",,,,,,,,,,,,,,,,,,,,,,,,,,,"MAKITA®, Commercial Product",Series,,,Model,,,Item Type,,,Voltage Rating,18,V,Amperage Rating,,,Dimensions,,,Mounting Type,,,Material,,,Color,,,Sound Level,,,Additional Information,,,,,,,,,,,,,,,,,,,,,,,,,,,,,,,,,,,,,,,,,,,,,,,,,,,,,,,,,,,,,,,,,,,,,,,,,,,,,,,,,,,,,,,,,,,,,,,,,,,,,,,,,,,,,,,,,,,,,,,,,,,,,,1,EA,,,,,,,,,,,,,,,,,,,,,,,,,,,,,,,,,,,,,US,No,No
https://www.makitatools.com/product/XRU15PT1,,,,,,XRU15PT1,,,,XRU15PT1,XRU15PT1,XRU15PT1 Makita String Trimmer,-- Unbranded --,-- No Unilog Brand --,-- No DIB Brand --,Makita Usa Inc (5142),Makita Corporation,MAKITA®,,XRU15PT1,,,"MAKITA®, Commercial Product, XRU15PT1",COMMERCIAL PRODUCT,"MAKITA®, XRU15PT1, Commercial Product",MAKITA® Commercial Product,"MAKITA®, Commercial Product",,,,,,,,,,,,,,,,,,,,,,,,,,,"MAKITA®, Commercial Product",Series,,,Model,,,Item Type,,,Voltage Rating,,,Amperage Rating,,,Dimensions,,,Mounting Type,,,Material,,,Color,,,Sound Level,,,Additional Information,,,,,,,,,,,,,,,,,,,,,,,,,,,,,,,,,,,,,,,,,,,,,,,,,,,,,,,,,,,,,,,,,,,,,,,,,,,,,,,,,,,,,,,,,,,,,,,,,,,,,,,,,,,,,,,,,,,,,,,,,,,,,,1,EA,,,,,,,,,,,,,,,,,,,,,,,,,,,,,,,,,,,,,US,No,No
https://www.makitatools.com/product/XRU23Z,,,,,,XRU23Z,,,,XRU23Z,XRU23Z,XRU23Z Makita 18V Trimmer Tool - Only,-- Unbranded --,-- No Unilog Brand --,-- No DIB Brand --,Makita Usa Inc (5142),Makita Corporation,MAKITA®,,XRU23Z,,,"MAKITA®, Commercial Product, XRU23Z",COMMERCIAL PRODUCT 18 V,"MAKITA®, XRU23Z, Commercial Product","MAKITA® Commercial Product, 18 V","MAKITA®, Commercial Product",,,,,,,,,,,,,,,,,,,,,,,,,,,"MAKITA®, Commercial Product",Series,,,Model,,,Item Type,,,Voltage Rating,18,V,Amperage Rating,,,Dimensions,,,Mounting Type,,,Material,,,Color,,,Sound Level,,,Additional Information,,,,,,,,,,,,,,,,,,,,,,,,,,,,,,,,,,,,,,,,,,,,,,,,,,,,,,,,,,,,,,,,,,,,,,,,,,,,,,,,,,,,,,,,,,,,,,,,,,,,,,,,,,,,,,,,,,,,,,,,,,,,,,1,EA,,,,,,,,,,,,,,,,,,,,,,,,,,,,,,,,,,,,,US,No,No
https://www.milwaukeetool.com/product/0887-20,,,,,,0887-20,,,,0887-20,0887-20,0887-20 Milw M18 Brushless Precision Blower,-- Unbranded --,-- No Unilog Brand --,-- No DIB Brand --,Milwaukee Accessory (4031),Milwaukee Electric Tool Corporation,MILWAUKEE®,,0887-20,,,"MILWAUKEE®, Commercial Product, 0887-20",COMMERCIAL PRODUCT,"MILWAUKEE®, 0887-20, Commercial Product",MILWAUKEE® Commercial Product,"MILWAUKEE®, Commercial Product",,,,,,,,,,,,,,,,,,,,,,,,,,,"MILWAUKEE®, Commercial Product",Series,,,Model,,,Item Type,,,Voltage Rating,,,Amperage Rating,,,Dimensions,,,Mounting Type,,,Material,,,Color,,,Sound Level,,,Additional Information,,,,,,,,,,,,,,,,,,,,,,,,,,,,,,,,,,,,,,,,,,,,,,,,,,,,,,,,,,,,,,,,,,,,,,,,,,,,,,,,,,,,,,,,,,,,,,,,,,,,,,,,,,,,,,,,,,,,,,,,,,,,,,1,EA,,,,,,,,,,,,,,,,,,,,,,,,,,,,,,,,,,,,,US,No,No
https://www.diablotools.com/product/DCBL724B,,,,,,DCBL724B,,,,DCBL724B,DCBL724B,DCBL724B Dewalt 20V Max XR Blower,-- Unbranded --,-- No Unilog Brand --,-- No DIB Brand --,Black & Decker/dewlt (2585),Freud Tools / Robert Bosch Tool Corporation,DIABLO®,,DCBL724B,,,"DIABLO®, Commercial Product, DCBL724B",COMMERCIAL PRODUCT 20 V,"DIABLO®, DCBL724B, Commercial Product","DIABLO® Commercial Product, 20 V","DIABLO®, Commercial Product",,,,,,,,,,,,,,,,,,,,,,,,,,,"DIABLO®, Commercial Product",Series,,,Model,,,Item Type,,,Voltage Rating,20,V,Amperage Rating,,,Dimensions,,,Mounting Type,,,Material,,,Color,,,Sound Level,,,Additional Information,,,,,,,,,,,,,,,,,,,,,,,,,,,,,,,,,,,,,,,,,,,,,,,,,,,,,,,,,,,,,,,,,,,,,,,,,,,,,,,,,,,,,,,,,,,,,,,,,,,,,,,,,,,,,,,,,,,,,,,,,,,,,,1,EA,,,,,,,,,,,,,,,,,,,,,,,,,,,,,,,,,,,,,US,No,No
https://www.milwaukeetool.com/product/2954-20,,,,,,2954-20,,,,2954-20,2954-20,2954-20 Milw M18 Bluetooth Jobsite Speaker,-- Unbranded --,-- No Unilog Brand --,-- No DIB Brand --,Milwaukee Accessory (4031),Milwaukee Electric Tool Corporation,MILWAUKEE®,,2954-20,,,"MILWAUKEE®, Commercial Product, 2954-20",COMMERCIAL PRODUCT,"MILWAUKEE®, 2954-20, Commercial Product",MILWAUKEE® Commercial Product,"MILWAUKEE®, Commercial Product",,,,,,,,,,,,,,,,,,,,,,,,,,,"MILWAUKEE®, Commercial Product",Series,,,Model,,,Item Type,,,Voltage Rating,,,Amperage Rating,,,Dimensions,,,Mounting Type,,,Material,,,Color,,,Sound Level,,,Additional Information,,,,,,,,,,,,,,,,,,,,,,,,,,,,,,,,,,,,,,,,,,,,,,,,,,,,,,,,,,,,,,,,,,,,,,,,,,,,,,,,,,,,,,,,,,,,,,,,,,,,,,,,,,,,,,,,,,,,,,,,,,,,,,1,EA,,,,,,,,,,,,,,,,,,,,,,,,,,,,,,,,,,,,,US,No,No
https://www.milwaukeetool.com/product/2955-20,,,,,,2955-20,,,,2955-20,2955-20,2955-20 Milw M12 Bluetooth - Jobsite Speaker w/Packout,-- Unbranded --,-- No Unilog Brand --,-- No DIB Brand --,Milwaukee Accessory (4031),Milwaukee Electric Tool Corporation,MILWAUKEE®,,2955-20,,,"MILWAUKEE®, Commercial Product, 2955-20",COMMERCIAL PRODUCT,"MILWAUKEE®, 2955-20, Commercial Product",MILWAUKEE® Commercial Product,"MILWAUKEE®, Commercial Product",,,,,,,,,,,,,,,,,,,,,,,,,,,"MILWAUKEE®, Commercial Product",Series,,,Model,,,Item Type,,,Voltage Rating,,,Amperage Rating,,,Dimensions,,,Mounting Type,,,Material,,,Color,,,Sound Level,,,Additional Information,,,,,,,,,,,,,,,,,,,,,,,,,,,,,,,,,,,,,,,,,,,,,,,,,,,,,,,,,,,,,,,,,,,,,,,,,,,,,,,,,,,,,,,,,,,,,,,,,,,,,,,,,,,,,,,,,,,,,,,,,,,,,,1,EA,,,,,,,,,,,,,,,,,,,,,,,,,,,,,,,,,,,,,US,No,No
https://www.mirka.com/product/9A-219-180,,,,,,9A-219-180,Tools & Hardware,Abrasives,Cutting Discs,9A-219-180,9A-219-180,9A-219-180 Abranet 4x6x6,-- Unbranded --,-- No Unilog Brand --,-- No DIB Brand --,Mirka Abrasives Inc (MIRUS),Mirka Ltd.,MIRKA®,,9A-219-180,,Tools & Hardware>Abrasives>Cutting & Grinding Discs,"MIRKA®, Abrasive Disc, 9A-219-180",ABRASIVE DISC 4X6X6,"MIRKA®, 9A-219-180, Abrasive Disc","MIRKA® Abrasive Disc, 9 A, 4x6x6","MIRKA®, Abrasive Disc",,,,,,,,,,,,,,,,,,,,,,,,,,,Abrasive Disc,Item Type,,,Dimensions,4x6x6,,Grit,,,Arbor Size,,,Abrasive Material,,,Pack Quantity,,,Additional Information,,,,,,,,,,,,,,,,,,,,,,,,,,,Amperage,9,A,,,,,,,,,,,,,,,,,,,,,,,,,,,,,,,,,,,,,,,,,,,,,,,,,,,,,,,,,,,,,,,,,,,,,,,,,,,,,,,,,,,,,,,,,,,,,,,,,,,,,,,,,,,,,1,EA,,,,,,,,,,,,,,,,,,,,,,,,,,,,,,,,,,,,,US,No,No
https://www.mirka.com/product/9A-219-120RP,,,,,,9A-219-120RP,Tools & Hardware,Abrasives,Cutting Discs,9A-219-120RP,9A-219-120RP,9A-219-120RP Abranet 4x6x6,-- Unbranded --,-- No Unilog Brand --,-- No DIB Brand --,Mirka Abrasives Inc (MIRUS),Mirka Ltd.,MIRKA®,,9A-219-120RP,,Tools & Hardware>Abrasives>Cutting & Grinding Discs,"MIRKA®, Abrasive Disc, 9A-219-120RP",ABRASIVE DISC 4X6X6,"MIRKA®, 9A-219-120RP, Abrasive Disc","MIRKA® Abrasive Disc, 9 A, 4x6x6","MIRKA®, Abrasive Disc",,,,,,,,,,,,,,,,,,,,,,,,,,,Abrasive Disc,Item Type,,,Dimensions,4x6x6,,Grit,,,Arbor Size,,,Abrasive Material,,,Pack Quantity,,,Additional Information,,,,,,,,,,,,,,,,,,,,,,,,,,,Amperage,9,A,,,,,,,,,,,,,,,,,,,,,,,,,,,,,,,,,,,,,,,,,,,,,,,,,,,,,,,,,,,,,,,,,,,,,,,,,,,,,,,,,,,,,,,,,,,,,,,,,,,,,,,,,,,,,1,EA,,,,,,,,,,,,,,,,,,,,,,,,,,,,,,,,,,,,,US,No,No
https://www.milwaukeetool.com/product/3033-20,,,,,,3033-20,,,,3033-20,3033-20,"3033-20 Milw M18 24"" - Hedge Trimmer",-- Unbranded --,-- No Unilog Brand --,-- No DIB Brand --,Milwaukee Accessory (4031),Milwaukee Electric Tool Corporation,MILWAUKEE®,,3033-20,,,"MILWAUKEE®, Commercial Product, 3033-20",COMMERCIAL PRODUCT,"MILWAUKEE®, 3033-20, Commercial Product",MILWAUKEE® Commercial Product,"MILWAUKEE®, Commercial Product",,,,,,,,,,,,,,,,,,,,,,,,,,,"MILWAUKEE®, Commercial Product",Series,,,Model,,,Item Type,,,Voltage Rating,,,Amperage Rating,,,Dimensions,,,Mounting Type,,,Material,,,Color,,,Sound Level,,,Additional Information,,,,,,,,,,,,,,,,,,,,,,,,,,,,,,,,,,,,,,,,,,,,,,,,,,,,,,,,,,,,,,,,,,,,,,,,,,,,,,,,,,,,,,,,,,,,,,,,,,,,,,,,,,,,,,,,,,,,,,,,,,,,,,1,EA,,,,,,,,,,,,,,,,,,,,,,,,,,,,,,,,,,,,,US,No,No
https://www.milwaukeetool.com/product/3033-21,,,,,,3033-21,,,,3033-21,3033-21,"3033-21 Milw M18 24"" - Hedge Trimmer Kit",-- Unbranded --,-- No Unilog Brand --,-- No DIB Brand --,Milwaukee Accessory (4031),Milwaukee Electric Tool Corporation,MILWAUKEE®,,3033-21,,,"MILWAUKEE®, Commercial Product, 3033-21",COMMERCIAL PRODUCT,"MILWAUKEE®, 3033-21, Commercial Product",MILWAUKEE® Commercial Product,"MILWAUKEE®, Commercial Product",,,,,,,,,,,,,,,,,,,,,,,,,,,"MILWAUKEE®, Commercial Product",Series,,,Model,,,Item Type,,,Voltage Rating,,,Amperage Rating,,,Dimensions,,,Mounting Type,,,Material,,,Color,,,Sound Level,,,Additional Information,,,,,,,,,,,,,,,,,,,,,,,,,,,,,,,,,,,,,,,,,,,,,,,,,,,,,,,,,,,,,,,,,,,,,,,,,,,,,,,,,,,,,,,,,,,,,,,,,,,,,,,,,,,,,,,,,,,,,,,,,,,,,,1,EA,,,,,,,,,,,,,,,,,,,,,,,,,,,,,,,,,,,,,US,No,No
https://www.milwaukeetool.com/product/3034-20,,,,,,3034-20,,,,3034-20,3034-20,"3034-20 Milw M18 30"" - Hedge Trimmer",-- Unbranded --,-- No Unilog Brand --,-- No DIB Brand --,Milwaukee Accessory (4031),Milwaukee Electric Tool Corporation,MILWAUKEE®,,3034-20,,,"MILWAUKEE®, Commercial Product, 3034-20",COMMERCIAL PRODUCT,"MILWAUKEE®, 3034-20, Commercial Product",MILWAUKEE® Commercial Product,"MILWAUKEE®, Commercial Product",,,,,,,,,,,,,,,,,,,,,,,,,,,"MILWAUKEE®, Commercial Product",Series,,,Model,,,Item Type,,,Voltage Rating,,,Amperage Rating,,,Dimensions,,,Mounting Type,,,Material,,,Color,,,Sound Level,,,Additional Information,,,,,,,,,,,,,,,,,,,,,,,,,,,,,,,,,,,,,,,,,,,,,,,,,,,,,,,,,,,,,,,,,,,,,,,,,,,,,,,,,,,,,,,,,,,,,,,,,,,,,,,,,,,,,,,,,,,,,,,,,,,,,,1,EA,,,,,,,,,,,,,,,,,,,,,,,,,,,,,,,,,,,,,US,No,No
https://www.kleintools.com/product/D25333K,,,,,,D25333K,,,,D25333K,D25333K,D25333K Dewalt Hammer Drill,-- Unbranded --,-- No Unilog Brand --,-- No DIB Brand --,Black & Decker/dewlt (2585),Klein Tools Inc.,KLEIN TOOLS®,,D25333K,,,"KLEIN TOOLS®, Commercial Product, D25333K",COMMERCIAL PRODUCT,"KLEIN TOOLS®, D25333K, Commercial Product",KLEIN TOOLS® Commercial Product,"KLEIN TOOLS®, Commercial Product",,,,,,,,,,,,,,,,,,,,,,,,,,,"KLEIN TOOLS®, Commercial Product",Series,,,Model,,,Item Type,,,Voltage Rating,,,Amperage Rating,,,Dimensions,,,Mounting Type,,,Material,,,Color,,,Sound Level,,,Additional Information,,,,,,,,,,,,,,,,,,,,,,,,,,,,,,,,,,,,,,,,,,,,,,,,,,,,,,,,,,,,,,,,,,,,,,,,,,,,,,,,,,,,,,,,,,,,,,,,,,,,,,,,,,,,,,,,,,,,,,,,,,,,,,1,EA,,,,,,,,,,,,,,,,,,,,,,,,,,,,,,,,,,,,,US,No,No
https://www.dewalt.com/product/DCD803B,,,,,,DCD803B,,,,DCD803B,DCD803B,DCD803B Dewalt Multi-Head Drill Driver,-- Unbranded --,-- No Unilog Brand --,-- No DIB Brand --,Black & Decker/dewlt (2585),Stanley Black & Decker,DEWALT®,,DCD803B,,,"DEWALT®, Drill Driver, DCD803B",DRILL DRIVER 20 V,"DEWALT®, DCD803B, Drill Driver","DEWALT® Drill Driver, 20 V","DEWALT®, Drill Driver",,,,,,,,,,,,,,,,,,,,,,,,,,,Drill Driver,Series,,,Model,,,Item Type,,,Voltage Rating,20,V,Amperage Rating,,,Dimensions,,,Mounting Type,,,Material,,,Color,,,Sound Level,,,Additional Information,,,,,,,,,,,,,,,,,,,,,,,,,,,,,,,,,,,,,,,,,,,,,,,,,,,,,,,,,,,,,,,,,,,,,,,,,,,,,,,,,,,,,,,,,,,,,,,,,,,,,,,,,,,,,,,,,,,,,,,,,,,,,,1,EA,,,,,,,,,,,,,,,,,,,,,,,,,,,,,,,,,,,,,US,No,No
https://www.dewalt.com/product/DCF860B,,,,,,DCF860B,,,,DCF860B,DCF860B,DCF860B Dewalt 20V Impact - Driver Drill,-- Unbranded --,-- No Unilog Brand --,-- No DIB Brand --,Black & Decker/dewlt (2585),Stanley Black & Decker,DEWALT®,,DCF860B,,,"DEWALT®, Commercial Product, DCF860B",COMMERCIAL PRODUCT 20 V,"DEWALT®, DCF860B, Commercial Product","DEWALT® Commercial Product, 20 V","DEWALT®, Commercial Product",,,,,,,,,,,,,,,,,,,,,,,,,,,"DEWALT®, Commercial Product",Series,,,Model,,,Item Type,,,Voltage Rating,20,V,Amperage Rating,,,Dimensions,,,Mounting Type,,,Material,,,Color,,,Sound Level,,,Additional Information,,,,,,,,,,,,,,,,,,,,,,,,,,,,,,,,,,,,,,,,,,,,,,,,,,,,,,,,,,,,,,,,,,,,,,,,,,,,,,,,,,,,,,,,,,,,,,,,,,,,,,,,,,,,,,,,,,,,,,,,,,,,,,1,EA,,,,,,,,,,,,,,,,,,,,,,,,,,,,,,,,,,,,,US,No,No
https://www.milwaukeetool.com/product/3401-20,,,,,,3401-20,,,,3401-20,3401-20,3401-20 Milw M12 Drill Driver - Brushless Compact,-- Unbranded --,-- No Unilog Brand --,-- No DIB Brand --,Milwaukee Accessory (4031),Milwaukee Electric Tool Corporation,MILWAUKEE®,,3401-20,,,"MILWAUKEE®, Commercial Product, 3401-20",COMMERCIAL PRODUCT,"MILWAUKEE®, 3401-20, Commercial Product",MILWAUKEE® Commercial Product,"MILWAUKEE®, Commercial Product",,,,,,,,,,,,,,,,,,,,,,,,,,,"MILWAUKEE®, Commercial Product",Series,,,Model,,,Item Type,,,Voltage Rating,,,Amperage Rating,,,Dimensions,,,Mounting Type,,,Material,,,Color,,,Sound Level,,,Additional Information,,,,,,,,,,,,,,,,,,,,,,,,,,,,,,,,,,,,,,,,,,,,,,,,,,,,,,,,,,,,,,,,,,,,,,,,,,,,,,,,,,,,,,,,,,,,,,,,,,,,,,,,,,,,,,,,,,,,,,,,,,,,,,1,EA,,,,,,,,,,,,,,,,,,,,,,,,,,,,,,,,,,,,,US,No,No
https://www.kregtool.com/product/KPTDR050A,,,,,,KPTDR050A,,,,KPTDR050A,KPTDR050A,KPTDR050A Kreg 20V Ionic Compact Drill,-- Unbranded --,-- No Unilog Brand --,-- No DIB Brand --,Kreg Tool Company (KRETO),Kreg Tool Company,KREG®,,KPTDR050A,,,"KREG®, Commercial Product, KPTDR050A",COMMERCIAL PRODUCT 20 V,"KREG®, KPTDR050A, Commercial Product","KREG® Commercial Product, 20 V","KREG®, Commercial Product",,,,,,,,,,,,,,,,,,,,,,,,,,,"KREG®, Commercial Product",Series,,,Model,,,Item Type,,,Voltage Rating,20,V,Amperage Rating,,,Dimensions,,,Mounting Type,,,Material,,,Color,,,Sound Level,,,Additional Information,,,,,,,,,,,,,,,,,,,,,,,,,,,,,,,,,,,,,,,,,,,,,,,,,,,,,,,,,,,,,,,,,,,,,,,,,,,,,,,,,,,,,,,,,,,,,,,,,,,,,,,,,,,,,,,,,,,,,,,,,,,,,,1,EA,,,,,,,,,,,,,,,,,,,,,,,,,,,,,,,,,,,,,US,No,No
https://www.dewalt.com/product/DCD1007B,,,,,,DCD1007B,,,,DCD1007B,DCD1007B,"DCD1007B Dewalt 20V Cordless - 1/2"" Hammer Drill",-- Unbranded --,-- No Unilog Brand --,-- No DIB Brand --,Black & Decker/dewlt (2585),Stanley Black & Decker,DEWALT®,,DCD1007B,,,"DEWALT®, Commercial Product, DCD1007B",COMMERCIAL PRODUCT 20 V,"DEWALT®, DCD1007B, Commercial Product","DEWALT® Commercial Product, 20 V","DEWALT®, Commercial Product",,,,,,,,,,,,,,,,,,,,,,,,,,,"DEWALT®, Commercial Product",Series,,,Model,,,Item Type,,,Voltage Rating,20,V,Amperage Rating,,,Dimensions,,,Mounting Type,,,Material,,,Color,,,Sound Level,,,Additional Information,,,,,,,,,,,,,,,,,,,,,,,,,,,,,,,,,,,,,,,,,,,,,,,,,,,,,,,,,,,,,,,,,,,,,,,,,,,,,,,,,,,,,,,,,,,,,,,,,,,,,,,,,,,,,,,,,,,,,,,,,,,,,,1,EA,,,,,,,,,,,,,,,,,,,,,,,,,,,,,,,,,,,,,US,No,No
https://www.dewalt.com/product/DCD799B,,,,,,DCD799B,,,,DCD799B,DCD799B,DCD799B Dewalt Drill,-- Unbranded --,-- No Unilog Brand --,-- No DIB Brand --,Black & Decker/dewlt (2585),Stanley Black & Decker,DEWALT®,,DCD799B,,,"DEWALT®, Commercial Product, DCD799B",COMMERCIAL PRODUCT,"DEWALT®, DCD799B, Commercial Product",DEWALT® Commercial Product,"DEWALT®, Commercial Product",,,,,,,,,,,,,,,,,,,,,,,,,,,"DEWALT®, Commercial Product",Series,,,Model,,,Item Type,,,Voltage Rating,,,Amperage Rating,,,Dimensions,,,Mounting Type,,,Material,,,Color,,,Sound Level,,,Additional Information,,,,,,,,,,,,,,,,,,,,,,,,,,,,,,,,,,,,,,,,,,,,,,,,,,,,,,,,,,,,,,,,,,,,,,,,,,,,,,,,,,,,,,,,,,,,,,,,,,,,,,,,,,,,,,,,,,,,,,,,,,,,,,1,EA,,,,,,,,,,,,,,,,,,,,,,,,,,,,,,,,,,,,,US,No,No
https://www.ustape.com/product/58006,,,,,,58006,,,,58006,58006,58006 Voyager Drill Press,-- Unbranded --,-- No Unilog Brand --,-- No DIB Brand --,King Canada Inc (KINCA),U.S. Tape Company,U.S. TAPE®,,58006,,,"U.S. TAPE®, Commercial Product, 58006",COMMERCIAL PRODUCT,"U.S. TAPE®, 58006, Commercial Product",U.S. TAPE® Commercial Product,"U.S. TAPE®, Commercial Product",,,,,,,,,,,,,,,,,,,,,,,,,,,"U.S. TAPE®, Commercial Product",Series,,,Model,,,Item Type,,,Voltage Rating,,,Amperage Rating,,,Dimensions,,,Mounting Type,,,Material,,,Color,,,Sound Level,,,Additional Information,,,,,,,,,,,,,,,ConnectionType,Press,,,,,,,,,,,,,,,,,,,,,,,,,,,,,,,,,,,,,,,,,,,,,,,,,,,,,,,,,,,,,,,,,,,,,,,,,,,,,,,,,,,,,,,,,,,,,,,,,,,,,,,,,,,,,,1,EA,,,,,,,,,,,,,,,,,,,,,,,,,,,,,,,,,,,,,US,No,No
https://www.milwaukeetool.com/product/2909-20,,,,,,2909-20,,,,2909-20,2909-20,2909-20 Milw Roofing Nailer - M18,-- Unbranded --,-- No Unilog Brand --,-- No DIB Brand --,Milwaukee Accessory (4031),Milwaukee Electric Tool Corporation,MILWAUKEE®,,2909-20,,,"MILWAUKEE®, Commercial Product, 2909-20",COMMERCIAL PRODUCT,"MILWAUKEE®, 2909-20, Commercial Product",MILWAUKEE® Commercial Product,"MILWAUKEE®, Commercial Product",,,,,,,,,,,,,,,,,,,,,,,,,,,"MILWAUKEE®, Commercial Product",Series,,,Model,,,Item Type,,,Voltage Rating,,,Amperage Rating,,,Dimensions,,,Mounting Type,,,Material,,,Color,,,Sound Level,,,Additional Information,,,,,,,,,,,,,,,,,,,,,,,,,,,,,,,,,,,,,,,,,,,,,,,,,,,,,,,,,,,,,,,,,,,,,,,,,,,,,,,,,,,,,,,,,,,,,,,,,,,,,,,,,,,,,,,,,,,,,,,,,,,,,,1,EA,,,,,,,,,,,,,,,,,,,,,,,,,,,,,,,,,,,,,US,No,No
https://www.milwaukeetool.com/product/2909-21,,,,,,2909-21,,,,2909-21,2909-21,2909-21 Milw M18 Coil Roofing - Nailer Kit,-- Unbranded --,-- No Unilog Brand --,-- No DIB Brand --,Milwaukee Accessory (4031),Milwaukee Electric Tool Corporation,MILWAUKEE®,,2909-21,,,"MILWAUKEE®, Commercial Product, 2909-21",COMMERCIAL PRODUCT,"MILWAUKEE®, 2909-21, Commercial Product",MILWAUKEE® Commercial Product,"MILWAUKEE®, Commercial Product",,,,,,,,,,,,,,,,,,,,,,,,,,,"MILWAUKEE®, Commercial Product",Series,,,Model,,,Item Type,,,Voltage Rating,,,Amperage Rating,,,Dimensions,,,Mounting Type,,,Material,,,Color,,,Sound Level,,,Additional Information,,,,,,,,,,,,,,,,,,,,,,,,,,,,,,,,,,,,,,,,,,,,,,,,,,,,,,,,,,,,,,,,,,,,,,,,,,,,,,,,,,,,,,,,,,,,,,,,,,,,,,,,,,,,,,,,,,,,,,,,,,,,,,1,EA,,,,,,,,,,,,,,,,,,,,,,,,,,,,,,,,,,,,,US,No,No
,,,,,,918200,,,,918200,918200,918200 Paslode CT200S24 18Ga ST Brad Nailer,-- Unbranded --,-- No Unilog Brand --,-- No DIB Brand --,National Nail Corp (7439),National Nail Corp,National Nail Corp,,918200,,,"National Nail Corp, Commercial Product, 918200",COMMERCIAL PRODUCT,"National Nail Corp, 918200, Commercial Product",National Nail Corp Commercial Product,"National Nail Corp, Commercial Product",,,,,,,,,,,,,,,,,,,,,,,,,,,"National Nail Corp, Commercial Product",Series,,,Model,,,Item Type,,,Voltage Rating,,,Amperage Rating,,,Dimensions,,,Mounting Type,,,Material,,,Color,,,Sound Level,,,Additional Information,,,,,,,,,,,,,,,,,,,,,,,,,,,,,,,,,,,,,,,,,,,,,,,,,,,,,,,,,,,,,,,,,,,,,,,,,,,,,,,,,,,,,,,,,,,,,,,,,,,,,,,,,,,,,,,,,,,,,,,,,,,,,,1,EA,,,,,,,,,,,,,,,,,,,,,,,,,,,,,,,,,,,,,US,No,No
https://www.milwaukeetool.com/product/2541-20,,,,,,2541-20,,,,2541-20,2541-20,2541-20 Milw M12 - Compact Brad Nailer,-- Unbranded --,-- No Unilog Brand --,-- No DIB Brand --,Milwaukee Accessory (4031),Milwaukee Electric Tool Corporation,MILWAUKEE®,,2541-20,,,"MILWAUKEE®, Commercial Product, 2541-20",COMMERCIAL PRODUCT,"MILWAUKEE®, 2541-20, Commercial Product",MILWAUKEE® Commercial Product,"MILWAUKEE®, Commercial Product",,,,,,,,,,,,,,,,,,,,,,,,,,,"MILWAUKEE®, Commercial Product",Series,,,Model,,,Item Type,,,Voltage Rating,,,Amperage Rating,,,Dimensions,,,Mounting Type,,,Material,,,Color,,,Sound Level,,,Additional Information,,,,,,,,,,,,,,,,,,,,,,,,,,,,,,,,,,,,,,,,,,,,,,,,,,,,,,,,,,,,,,,,,,,,,,,,,,,,,,,,,,,,,,,,,,,,,,,,,,,,,,,,,,,,,,,,,,,,,,,,,,,,,,1,EA,,,,,,,,,,,,,,,,,,,,,,,,,,,,,,,,,,,,,US,No,No
https://www.dewalt.com/product/DCN930B,,,,,,DCN930B,,,,DCN930B,DCN930B,DCN930B Dewalt 20V 30 Degree - Framing Nailer,-- Unbranded --,-- No Unilog Brand --,-- No DIB Brand --,Black & Decker/dewlt (2585),Stanley Black & Decker,DEWALT®,,DCN930B,,,"DEWALT®, Commercial Product, DCN930B",COMMERCIAL PRODUCT 20 V,"DEWALT®, DCN930B, Commercial Product","DEWALT® Commercial Product, 20 V","DEWALT®, Commercial Product",,,,,,,,,,,,,,,,,,,,,,,,,,,"DEWALT®, Commercial Product",Series,,,Model,,,Item Type,,,Voltage Rating,20,V,Amperage Rating,,,Dimensions,,,Mounting Type,,,Material,,,Color,,,Sound Level,,,Additional Information,,,,,,,,,,,,,,,,,,,,,,,,,,,,,,,,,,,,,,,,,,,,,,,,,,,,,,,,,,,,,,,,,,,,,,,,,,,,,,,,,,,,,,,,,,,,,,,,,,,,,,,,,,,,,,,,,,,,,,,,,,,,,,1,EA,,,,,,,,,,,,,,,,,,,,,,,,,,,,,,,,,,,,,US,No,No
https://www.dewalt.com/product/DCN930P1,,,,,,DCN930P1,,,,DCN930P1,DCN930P1,DCN930P1 Dewalt 20V 30 Degree - Framing Nailer Kit,-- Unbranded --,-- No Unilog Brand --,-- No DIB Brand --,Black & Decker/dewlt (2585),Stanley Black & Decker,DEWALT®,,DCN930P1,,,"DEWALT®, Commercial Product, DCN930P1",COMMERCIAL PRODUCT 20 V,"DEWALT®, DCN930P1, Commercial Product","DEWALT® Commercial Product, 20 V","DEWALT®, Commercial Product",,,,,,,,,,,,,,,,,,,,,,,,,,,"DEWALT®, Commercial Product",Series,,,Model,,,Item Type,,,Voltage Rating,20,V,Amperage Rating,,,Dimensions,,,Mounting Type,,,Material,,,Color,,,Sound Level,,,Additional Information,,,,,,,,,,,,,,,,,,,,,,,,,,,,,,,,,,,,,,,,,,,,,,,,,,,,,,,,,,,,,,,,,,,,,,,,,,,,,,,,,,,,,,,,,,,,,,,,,,,,,,,,,,,,,,,,,,,,,,,,,,,,,,1,EA,,,,,,,,,,,,,,,,,,,,,,,,,,,,,,,,,,,,,US,No,No
https://www.makitatools.com/product/XNB04Z,,,,,,XNB04Z,,,,XNB04Z,XNB04Z,"XNB04Z Makita 18V 2"" Brad Nailer 18GA",-- Unbranded --,-- No Unilog Brand --,-- No DIB Brand --,Makita Usa Inc (5142),Makita Corporation,MAKITA®,,XNB04Z,,,"MAKITA®, Commercial Product, XNB04Z",COMMERCIAL PRODUCT 18 V,"MAKITA®, XNB04Z, Commercial Product","MAKITA® Commercial Product, 18 V","MAKITA®, Commercial Product",,,,,,,,,,,,,,,,,,,,,,,,,,,"MAKITA®, Commercial Product",Series,,,Model,,,Item Type,,,Voltage Rating,18,V,Amperage Rating,,,Dimensions,,,Mounting Type,,,Material,,,Color,,,Sound Level,,,Additional Information,,,,,,,,,,,,,,,,,,,,,,,,,,,,,,,,,,,,,,,,,,,,,,,,,,,,,,,,,,,,,,,,,,,,,,,,,,,,,,,,,,,,,,,,,,,,,,,,,,,,,,,,,,,,,,,,,,,,,,,,,,,,,,1,EA,,,,,,,,,,,,,,,,,,,,,,,,,,,,,,,,,,,,,US,No,No
https://www.makitatools.com/product/XNB05Z,,,,,,XNB05Z,,,,XNB05Z,XNB05Z,"XNB05Z Makita 18V 2-1/2"" Straight Finish Nailer 16GA",-- Unbranded --,-- No Unilog Brand --,-- No DIB Brand --,Makita Usa Inc (5142),Makita Corporation,MAKITA®,,XNB05Z,,,"MAKITA®, Commercial Product, XNB05Z",COMMERCIAL PRODUCT 18 V,"MAKITA®, XNB05Z, Commercial Product","MAKITA® Commercial Product, 18 V","MAKITA®, Commercial Product",,,,,,,,,,,,,,,,,,,,,,,,,,,"MAKITA®, Commercial Product",Series,,,Model,,,Item Type,,,Voltage Rating,18,V,Amperage Rating,,,Dimensions,,,Mounting Type,,,Material,,,Color,,,Sound Level,,,Additional Information,,,,,,,,,,,,,,,,,,,,,,,,,,,,,,,,,,,,,,,,,,,,,,,,,,,,,,,,,,,,,,,,,,,,,,,,,,,,,,,,,,,,,,,,,,,,,,,,,,,,,,,,,,,,,,,,,,,,,,,,,,,,,,1,EA,,,,,,,,,,,,,,,,,,,,,,,,,,,,,,,,,,,,,US,No,No
https://www.makitatools.com/product/XNB06Z,,,,,,XNB06Z,,,,XNB06Z,XNB06Z,"XNB06Z Makita 18V 2-1/2"" Angled Finish Nailer 16GA",-- Unbranded --,-- No Unilog Brand --,-- No DIB Brand --,Makita Usa Inc (5142),Makita Corporation,MAKITA®,,XNB06Z,,,"MAKITA®, Commercial Product, XNB06Z",COMMERCIAL PRODUCT 18 V,"MAKITA®, XNB06Z, Commercial Product","MAKITA® Commercial Product, 18 V","MAKITA®, Commercial Product",,,,,,,,,,,,,,,,,,,,,,,,,,,"MAKITA®, Commercial Product",Series,,,Model,,,Item Type,,,Voltage Rating,18,V,Amperage Rating,,,Dimensions,,,Mounting Type,,,Material,,,Color,,,Sound Level,,,Additional Information,,,,,,,,,,,,,,,,,,,,,,,,,,,,,,,,,,,,,,,,,,,,,,,,,,,,,,,,,,,,,,,,,,,,,,,,,,,,,,,,,,,,,,,,,,,,,,,,,,,,,,,,,,,,,,,,,,,,,,,,,,,,,,1,EA,,,,,,,,,,,,,,,,,,,,,,,,,,,,,,,,,,,,,US,No,No
https://www.makitatools.com/product/XNB07Z,,,,,,XNB07Z,,,,XNB07Z,XNB07Z,XNB07Z Makita 18V LXT BL 30 Nailer,-- Unbranded --,-- No Unilog Brand --,-- No DIB Brand --,Makita Usa Inc (5142),Makita Corporation,MAKITA®,,XNB07Z,,,"MAKITA®, Commercial Product, XNB07Z",COMMERCIAL PRODUCT 18 V,"MAKITA®, XNB07Z, Commercial Product","MAKITA® Commercial Product, 18 V","MAKITA®, Commercial Product",,,,,,,,,,,,,,,,,,,,,,,,,,,"MAKITA®, Commercial Product",Series,,,Model,,,Item Type,,,Voltage Rating,18,V,Amperage Rating,,,Dimensions,,,Mounting Type,,,Material,,,Color,,,Sound Level,,,Additional Information,,,,,,,,,,,,,,,,,,,,,,,,,,,,,,,,,,,,,,,,,,,,,,,,,,,,,,,,,,,,,,,,,,,,,,,,,,,,,,,,,,,,,,,,,,,,,,,,,,,,,,,,,,,,,,,,,,,,,,,,,,,,,,1,EA,,,,,,,,,,,,,,,,,,,,,,,,,,,,,,,,,,,,,US,No,No
https://www.edgeeyewear.com/product/DZN930,,,,,,DZN930,,,,DZN930,DZN930,DZN930 Dewalt 30 Degree - Framing Magazine,-- Unbranded --,-- No Unilog Brand --,-- No DIB Brand --,Black & Decker/dewlt (2585),Edge Eyewear,EDGE SAFETY®,,DZN930,,,"EDGE SAFETY®, Commercial Product, DZN930",COMMERCIAL PRODUCT,"EDGE SAFETY®, DZN930, Commercial Product",EDGE SAFETY® Commercial Product,"EDGE SAFETY®, Commercial Product",,,,,,,,,,,,,,,,,,,,,,,,,,,"EDGE SAFETY®, Commercial Product",Series,,,Model,,,Item Type,,,Voltage Rating,,,Amperage Rating,,,Dimensions,,,Mounting Type,,,Material,,,Color,,,Sound Level,,,Additional Information,,,,,,,,,,,,,,,,,,,,,,,,,,,,,,,,,,,,,,,,,,,,,,,,,,,,,,,,,,,,,,,,,,,,,,,,,,,,,,,,,,,,,,,,,,,,,,,,,,,,,,,,,,,,,,,,,,,,,,,,,,,,,,1,EA,,,,,,,,,,,,,,,,,,,,,,,,,,,,,,,,,,,,,US,No,No
https://www.kleintools.com/product/220USB25U,,,,,,220USB25U,,,,220USB25U,220USB25U,220USB25U Vessel Screwdriver w/25pc Bit Set,-- Unbranded --,-- No Unilog Brand --,-- No DIB Brand --,Vessel Tools USA Inc (VESTO),Klein Tools Inc.,KLEIN TOOLS®,,220USB25U,,,"KLEIN TOOLS®, Drill Bit, 220USB25U",DRILL BIT,"KLEIN TOOLS®, 220USB25U, Drill Bit",KLEIN TOOLS® Drill Bit,"KLEIN TOOLS®, Drill Bit",,,,,,,,,,,,,,,,,,,,,,,,,,,Drill Bit,Series,,,Model,,,Item Type,,,Voltage Rating,,,Amperage Rating,,,Dimensions,,,Mounting Type,,,Material,,,Color,,,Sound Level,,,Additional Information,,,,,,,,,,,,,,,PackQuantity,25 PK,,,,,,,,,,,,,,,,,,,,,,,,,,,,,,,,,,,,,,,,,,,,,,,,,,,,,,,,,,,,,,,,,,,,,,,,,,,,,,,,,,,,,,,,,,,,,,,,,,,,,,,,,,,,,,1,EA,,,,,,,,,,,,,,,,,,,,,,,,,,,,,,,,,,,,,US,No,No
https://www.makitatools.com/product/XRF03Z,,,,,,XRF03Z,,,,XRF03Z,XRF03Z,XRF03Z Makita 18V Screwdriver - Autofeed,-- Unbranded --,-- No Unilog Brand --,-- No DIB Brand --,Makita Usa Inc (5142),Makita Corporation,MAKITA®,,XRF03Z,,,"MAKITA®, Commercial Product, XRF03Z",COMMERCIAL PRODUCT 18 V,"MAKITA®, XRF03Z, Commercial Product","MAKITA® Commercial Product, 18 V","MAKITA®, Commercial Product",,,,,,,,,,,,,,,,,,,,,,,,,,,"MAKITA®, Commercial Product",Series,,,Model,,,Item Type,,,Voltage Rating,18,V,Amperage Rating,,,Dimensions,,,Mounting Type,,,Material,,,Color,,,Sound Level,,,Additional Information,,,,,,,,,,,,,,,,,,,,,,,,,,,,,,,,,,,,,,,,,,,,,,,,,,,,,,,,,,,,,,,,,,,,,,,,,,,,,,,,,,,,,,,,,,,,,,,,,,,,,,,,,,,,,,,,,,,,,,,,,,,,,,1,EA,,,,,,,,,,,,,,,,,,,,,,,,,,,,,,,,,,,,,US,No,No
https://www.kleintools.com/product/220USBP5U,,,,,,220USBP5U,,,,220USBP5U,220USBP5U,220USBP5U Vessel Screwdriver Plus w/5pc Bit Set,-- Unbranded --,-- No Unilog Brand --,-- No DIB Brand --,Vessel Tools USA Inc (VESTO),Klein Tools Inc.,KLEIN TOOLS®,,220USBP5U,,,"KLEIN TOOLS®, Drill Bit, 220USBP5U",DRILL BIT,"KLEIN TOOLS®, 220USBP5U, Drill Bit",KLEIN TOOLS® Drill Bit,"KLEIN TOOLS®, Drill Bit",,,,,,,,,,,,,,,,,,,,,,,,,,,Drill Bit,Series,,,Model,,,Item Type,,,Voltage Rating,,,Amperage Rating,,,Dimensions,,,Mounting Type,,,Material,,,Color,,,Sound Level,,,Additional Information,,,,,,,,,,,,,,,PackQuantity,5 PK,,,,,,,,,,,,,,,,,,,,,,,,,,,,,,,,,,,,,,,,,,,,,,,,,,,,,,,,,,,,,,,,,,,,,,,,,,,,,,,,,,,,,,,,,,,,,,,,,,,,,,,,,,,,,,1,EA,,,,,,,,,,,,,,,,,,,,,,,,,,,,,,,,,,,,,US,No,No
https://www.milwaukeetool.com/product/49-66-4567,,,,,,49-66-4567,,,,49-66-4567,49-66-4567,"49-66-4567 Milw 6"" Magnetic - Impact Driver Set 6pc",-- Unbranded --,-- No Unilog Brand --,-- No DIB Brand --,Milwaukee Accessory (4031),Milwaukee Electric Tool Corporation,MILWAUKEE®,,49-66-4567,,,"MILWAUKEE®, Commercial Product, 49-66-4567",COMMERCIAL PRODUCT,"MILWAUKEE®, 49-66-4567, Commercial Product",MILWAUKEE® Commercial Product,"MILWAUKEE®, Commercial Product",,,,,,,,,,,,,,,,,,,,,,,,,,,"MILWAUKEE®, Commercial Product",Series,,,Model,,,Item Type,,,Voltage Rating,,,Amperage Rating,,,Dimensions,,,Mounting Type,,,Material,,,Color,,,Sound Level,,,Additional Information,,,,,,,,,,,,,,,PackQuantity,6 PK,,,,,,,,,,,,,,,,,,,,,,,,,,,,,,,,,,,,,,,,,,,,,,,,,,,,,,,,,,,,,,,,,,,,,,,,,,,,,,,,,,,,,,,,,,,,,,,,,,,,,,,,,,,,,,1,EA,,,,,,,,,,,,,,,,,,,,,,,,,,,,,,,,,,,,,US,No,No
https://www.kleintools.com/product/IBMG90K003,,,,,,IBMG90K003,,,,IBMG90K003,IBMG90K003,"IBMG90K003 Vessel Impact Ball Torsion Bit Assort 5pc 3.5""",-- Unbranded --,-- No Unilog Brand --,-- No DIB Brand --,Vessel Tools USA Inc (VESTO),Klein Tools Inc.,KLEIN TOOLS®,,IBMG90K003,,,"KLEIN TOOLS®, Drill Bit, IBMG90K003",DRILL BIT,"KLEIN TOOLS®, IBMG90K003, Drill Bit",KLEIN TOOLS® Drill Bit,"KLEIN TOOLS®, Drill Bit",,,,,,,,,,,,,,,,,,,,,,,,,,,Drill Bit,Series,,,Model,,,Item Type,,,Voltage Rating,,,Amperage Rating,,,Dimensions,,,Mounting Type,,,Material,,,Color,,,Sound Level,,,Additional Information,,,,,,,,,,,,,,,PackQuantity,5 PK,,,,,,,,,,,,,,,,,,,,,,,,,,,,,,,,,,,,,,,,,,,,,,,,,,,,,,,,,,,,,,,,,,,,,,,,,,,,,,,,,,,,,,,,,,,,,,,,,,,,,,,,,,,,,,1,EA,,,,,,,,,,,,,,,,,,,,,,,,,,,,,,,,,,,,,US,No,No
https://www.kleintools.com/product/IBPH250P15T,,,,,,IBPH250P15T,,,,IBPH250P15T,IBPH250P15T,"IBPH250P15T Vessel Torsion Bit 2"" 15pc",-- Unbranded --,-- No Unilog Brand --,-- No DIB Brand --,Vessel Tools USA Inc (VESTO),Klein Tools Inc.,KLEIN TOOLS®,,IBPH250P15T,,,"KLEIN TOOLS®, Drill Bit, IBPH250P15T",DRILL BIT,"KLEIN TOOLS®, IBPH250P15T, Drill Bit",KLEIN TOOLS® Drill Bit,"KLEIN TOOLS®, Drill Bit",,,,,,,,,,,,,,,,,,,,,,,,,,,Drill Bit,Series,,,Model,,,Item Type,,,Voltage Rating,,,Amperage Rating,,,Dimensions,,,Mounting Type,,,Material,,,Color,,,Sound Level,,,Additional Information,,,,,,,,,,,,,,,PackQuantity,15 PK,,,,,,,,,,,,,,,,,,,,,,,,,,,,,,,,,,,,,,,,,,,,,,,,,,,,,,,,,,,,,,,,,,,,,,,,,,,,,,,,,,,,,,,,,,,,,,,,,,,,,,,,,,,,,,1,EA,,,,,,,,,,,,,,,,,,,,,,,,,,,,,,,,,,,,,US,No,No
https://www.freudtools.com/product/DPH12B,,,,,,DPH12B,,,,DPH12B,DPH12B,"DPH12B 2"" #1 Phillips Drive - Bit",-- Unbranded --,-- No Unilog Brand --,-- No DIB Brand --,Freud Inc (2435),Robert Bosch Tool Corporation,FREUD®,,DPH12B,,,"FREUD®, Drill Bit, DPH12B, Bi-Metal",DRILL BIT BI-METAL,"FREUD®, DPH12B, Drill Bit, Bi-Metal","FREUD® Drill Bit, Bi-Metal","FREUD®, Drill Bit, Bi-Metal",,,,,,,,,,,,,,,,,,,,,,,,,,,Drill Bit,Series,,,Model,,,Item Type,,,Voltage Rating,,,Amperage Rating,,,Dimensions,,,Mounting Type,,,Material,Bi-Metal,,Color,,,Sound Level,,,Additional Information,,,,,,,,,,,,,,,drive_type,#1 Phillips,,bit_size,"2""",,,,,,,,,,,,,,,,,,,,,,,,,,,,,,,,,,,,,,,,,,,,,,,,,,,,,,,,,,,,,,,,,,,,,,,,,,,,,,,,,,,,,,,,,,,,,,,,,,,,,,,,,,,1,EA,,,,,,,,,,,,,,,,,,,,,,,,,,,,,,,,,,,,,US,No,No
https://www.freudtools.com/product/DPH135B,,,,,,DPH135B,,,,DPH135B,DPH135B,"DPH135B 3-1/2"" #1 Phillips - Drive Bit",-- Unbranded --,-- No Unilog Brand --,-- No DIB Brand --,Freud Inc (2435),Robert Bosch Tool Corporation,FREUD®,,DPH135B,,,"FREUD®, Drill Bit, DPH135B",DRILL BIT,"FREUD®, DPH135B, Drill Bit",FREUD® Drill Bit,"FREUD®, Drill Bit",,,,,,,,,,,,,,,,,,,,,,,,,,,Drill Bit,Series,,,Model,,,Item Type,,,Voltage Rating,,,Amperage Rating,,,Dimensions,,,Mounting Type,,,Material,,,Color,,,Sound Level,,,Additional Information,,,,,,,,,,,,,,,,,,,,,,,,,,,,,,,,,,,,,,,,,,,,,,,,,,,,,,,,,,,,,,,,,,,,,,,,,,,,,,,,,,,,,,,,,,,,,,,,,,,,,,,,,,,,,,,,,,,,,,,,,,,,,,1,EA,,,,,,,,,,,,,,,,,,,,,,,,,,,,,,,,,,,,,US,No,No
https://www.freudtools.com/product/DPH21B,,,,,,DPH21B,,,,DPH21B,DPH21B,"DPH21B 1"" #2 Phillips Drive - Bit",-- Unbranded --,-- No Unilog Brand --,-- No DIB Brand --,Freud Inc (2435),Robert Bosch Tool Corporation,FREUD®,,DPH21B,,,"FREUD®, Drill Bit, DPH21B",DRILL BIT,"FREUD®, DPH21B, Drill Bit",FREUD® Drill Bit,"FREUD®, Drill Bit",,,,,,,,,,,,,,,,,,,,,,,,,,,Drill Bit,Series,,,Model,,,Item Type,,,Voltage Rating,,,Amperage Rating,,,Dimensions,,,Mounting Type,,,Material,,,Color,,,Sound Level,,,Additional Information,,,,,,,,,,,,,,,,,,,,,,,,,,,,,,,,,,,,,,,,,,,,,,,,,,,,,,,,,,,,,,,,,,,,,,,,,,,,,,,,,,,,,,,,,,,,,,,,,,,,,,,,,,,,,,,,,,,,,,,,,,,,,,1,EA,,,,,,,,,,,,,,,,,,,,,,,,,,,,,,,,,,,,,US,No,No
https://www.freudtools.com/product/DPH22B,,,,,,DPH22B,,,,DPH22B,DPH22B,"DPH22B 2"" #2 Phillips Drive - Bit",-- Unbranded --,-- No Unilog Brand --,-- No DIB Brand --,Freud Inc (2435),Robert Bosch Tool Corporation,FREUD®,,DPH22B,,,"FREUD®, Drill Bit, DPH22B",DRILL BIT,"FREUD®, DPH22B, Drill Bit",FREUD® Drill Bit,"FREUD®, Drill Bit",,,,,,,,,,,,,,,,,,,,,,,,,,,Drill Bit,Series,,,Model,,,Item Type,,,Voltage Rating,,,Amperage Rating,,,Dimensions,,,Mounting Type,,,Material,,,Color,,,Sound Level,,,Additional Information,,,,,,,,,,,,,,,,,,,,,,,,,,,,,,,,,,,,,,,,,,,,,,,,,,,,,,,,,,,,,,,,,,,,,,,,,,,,,,,,,,,,,,,,,,,,,,,,,,,,,,,,,,,,,,,,,,,,,,,,,,,,,,1,EA,,,,,,,,,,,,,,,,,,,,,,,,,,,,,,,,,,,,,US,No,No
https://www.freudtools.com/product/DPH235B,,,,,,DPH235B,,,,DPH235B,DPH235B,"DPH235B 3-1/2"" #2 Phillips - Drive Bit",-- Unbranded --,-- No Unilog Brand --,-- No DIB Brand --,Freud Inc (2435),Robert Bosch Tool Corporation,FREUD®,,DPH235B,,,"FREUD®, Drill Bit, DPH235B, High Speed Steel",DRILL BIT HSS 3-1/2 IN,"FREUD®, DPH235B, Drill Bit, High Speed Steel","FREUD® Drill Bit, 3-1/2 in, High Speed Steel","FREUD®, Drill Bit, High Speed Steel",,,,,,,,,,,,,,,,,,,,,,,,,,,Drill Bit,Series,,,Model,,,Item Type,,,Voltage Rating,,,Amperage Rating,,,Dimensions,3-1/2,in,Mounting Type,,,Material,High Speed Steel,,Color,,,Sound Level,,,Additional Information,,,,,,,,,,,,,,,drive_type,#2 Phillips,,length,"3-1/2""",,,,,,,,,,,,,,,,,,,,,,,,,,,,,,,,,,,,,,,,,,,,,,,,,,,,,,,,,,,,,,,,,,,,,,,,,,,,,,,,,,,,,,,,,,,,,,,,,,,,,,,,,,,1,EA,,,,,,,,,,,,,,,,,,,,,,,,,,,,,,,,,,,,,US,No,No
https://www.freudtools.com/product/DPH26B,,,,,,DPH26B,,,,DPH26B,DPH26B,"DPH26B 6"" #2 Phillips Drive - Bit",-- Unbranded --,-- No Unilog Brand --,-- No DIB Brand --,Freud Inc (2435),Robert Bosch Tool Corporation,FREUD®,,DPH26B,,,"FREUD®, Drill Bit, DPH26B",DRILL BIT,"FREUD®, DPH26B, Drill Bit",FREUD® Drill Bit,"FREUD®, Drill Bit",,,,,,,,,,,,,,,,,,,,,,,,,,,Drill Bit,Series,,,Model,,,Item Type,,,Voltage Rating,,,Amperage Rating,,,Dimensions,,,Mounting Type,,,Material,,,Color,,,Sound Level,,,Additional Information,,,,,,,,,,,,,,,,,,,,,,,,,,,,,,,,,,,,,,,,,,,,,,,,,,,,,,,,,,,,,,,,,,,,,,,,,,,,,,,,,,,,,,,,,,,,,,,,,,,,,,,,,,,,,,,,,,,,,,,,,,,,,,1,EA,,,,,,,,,,,,,,,,,,,,,,,,,,,,,,,,,,,,,US,No,No
https://www.freudtools.com/product/DPH2R1B,,,,,,DPH2R1B,,,,DPH2R1B,DPH2R1B,"DPH2R1B 1"" #2 Phillips Drywall - Screws Drive Bit",-- Unbranded --,-- No Unilog Brand --,-- No DIB Brand --,Freud Inc (2435),Robert Bosch Tool Corporation,FREUD®,,DPH2R1B,,,"FREUD®, Drill Bit, DPH2R1B",DRILL BIT,"FREUD®, DPH2R1B, Drill Bit",FREUD® Drill Bit,"FREUD®, Drill Bit",,,,,,,,,,,,,,,,,,,,,,,,,,,Drill Bit,Series,,,Model,,,Item Type,,,Voltage Rating,,,Amperage Rating,,,Dimensions,,,Mounting Type,,,Material,,,Color,,,Sound Level,,,Additional Information,,,,,,,,,,,,,,,,,,,,,,,,,,,,,,,,,,,,,,,,,,,,,,,,,,,,,,,,,,,,,,,,,,,,,,,,,,,,,,,,,,,,,,,,,,,,,,,,,,,,,,,,,,,,,,,,,,,,,,,,,,,,,,1,EA,,,,,,,,,,,,,,,,,,,,,,,,,,,,,,,,,,,,,US,No,No
https://www.freudtools.com/product/DPH31B,,,,,,DPH31B,,,,DPH31B,DPH31B,"DPH31B 1"" #3 Phillips Drive - Bit",-- Unbranded --,-- No Unilog Brand --,-- No DIB Brand --,Freud Inc (2435),Robert Bosch Tool Corporation,FREUD®,,DPH31B,,,"FREUD®, Drill Bit, DPH31B",DRILL BIT,"FREUD®, DPH31B, Drill Bit",FREUD® Drill Bit,"FREUD®, Drill Bit",,,,,,,,,,,,,,,,,,,,,,,,,,,Drill Bit,Series,,,Model,,,Item Type,,,Voltage Rating,,,Amperage Rating,,,Dimensions,,,Mounting Type,,,Material,,,Color,,,Sound Level,,,Additional Information,,,,,,,,,,,,,,,,,,,,,,,,,,,,,,,,,,,,,,,,,,,,,,,,,,,,,,,,,,,,,,,,,,,,,,,,,,,,,,,,,,,,,,,,,,,,,,,,,,,,,,,,,,,,,,,,,,,,,,,,,,,,,,1,EA,,,,,,,,,,,,,,,,,,,,,,,,,,,,,,,,,,,,,US,No,No
https://www.freudtools.com/product/DPH32B,,,,,,DPH32B,,,,DPH32B,DPH32B,"DPH32B 2"" #3 Phillips Drive - Bit",-- Unbranded --,-- No Unilog Brand --,-- No DIB Brand --,Freud Inc (2435),Robert Bosch Tool Corporation,FREUD®,,DPH32B,,,"FREUD®, Drill Bit, DPH32B",DRILL BIT,"FREUD®, DPH32B, Drill Bit",FREUD® Drill Bit,"FREUD®, Drill Bit",,,,,,,,,,,,,,,,,,,,,,,,,,,Drill Bit,Series,,,Model,,,Item Type,,,Voltage Rating,,,Amperage Rating,,,Dimensions,,,Mounting Type,,,Material,,,Color,,,Sound Level,,,Additional Information,,,,,,,,,,,,,,,,,,,,,,,,,,,,,,,,,,,,,,,,,,,,,,,,,,,,,,,,,,,,,,,,,,,,,,,,,,,,,,,,,,,,,,,,,,,,,,,,,,,,,,,,,,,,,,,,,,,,,,,,,,,,,,1,EA,,,,,,,,,,,,,,,,,,,,,,,,,,,,,,,,,,,,,US,No,No
https://www.freudtools.com/product/DPH335B,,,,,,DPH335B,,,,DPH335B,DPH335B,"DPH335B 3-1/2"" #3 Phillips - Drive Bit",-- Unbranded --,-- No Unilog Brand --,-- No DIB Brand --,Freud Inc (2435),Robert Bosch Tool Corporation,FREUD®,,DPH335B,,,"FREUD®, Drill Bit, DPH335B",DRILL BIT,"FREUD®, DPH335B, Drill Bit",FREUD® Drill Bit,"FREUD®, Drill Bit",,,,,,,,,,,,,,,,,,,,,,,,,,,Drill Bit,Series,,,Model,,,Item Type,,,Voltage Rating,,,Amperage Rating,,,Dimensions,,,Mounting Type,,,Material,,,Color,,,Sound Level,,,Additional Information,,,,,,,,,,,,,,,,,,,,,,,,,,,,,,,,,,,,,,,,,,,,,,,,,,,,,,,,,,,,,,,,,,,,,,,,,,,,,,,,,,,,,,,,,,,,,,,,,,,,,,,,,,,,,,,,,,,,,,,,,,,,,,1,EA,,,,,,,,,,,,,,,,,,,,,,,,,,,,,,,,,,,,,US,No,No
https://www.freudtools.com/product/DSQ12B,,,,,,DSQ12B,,,,DSQ12B,DSQ12B,"DSQ12B 2"" #1 Square Drive Bit",-- Unbranded --,-- No Unilog Brand --,-- No DIB Brand --,Freud Inc (2435),Robert Bosch Tool Corporation,FREUD®,,DSQ12B,,,"FREUD®, Drill Bit, DSQ12B",DRILL BIT,"FREUD®, DSQ12B, Drill Bit",FREUD® Drill Bit,"FREUD®, Drill Bit",,,,,,,,,,,,,,,,,,,,,,,,,,,Drill Bit,Series,,,Model,,,Item Type,,,Voltage Rating,,,Amperage Rating,,,Dimensions,,,Mounting Type,,,Material,,,Color,,,Sound Level,,,Additional Information,,,,,,,,,,,,,,,,,,,,,,,,,,,,,,,,,,,,,,,,,,,,,,,,,,,,,,,,,,,,,,,,,,,,,,,,,,,,,,,,,,,,,,,,,,,,,,,,,,,,,,,,,,,,,,,,,,,,,,,,,,,,,,1,EA,,,,,,,,,,,,,,,,,,,,,,,,,,,,,,,,,,,,,US,No,No
https://www.freudtools.com/product/DSQ22B,,,,,,DSQ22B,,,,DSQ22B,DSQ22B,"DSQ22B 2"" #2 Square Drive Bit",-- Unbranded --,-- No Unilog Brand --,-- No DIB Brand --,Freud Inc (2435),Robert Bosch Tool Corporation,FREUD®,,DSQ22B,,,"FREUD®, Drill Bit, DSQ22B",DRILL BIT,"FREUD®, DSQ22B, Drill Bit",FREUD® Drill Bit,"FREUD®, Drill Bit",,,,,,,,,,,,,,,,,,,,,,,,,,,Drill Bit,Series,,,Model,,,Item Type,,,Voltage Rating,,,Amperage Rating,,,Dimensions,,,Mounting Type,,,Material,,,Color,,,Sound Level,,,Additional Information,,,,,,,,,,,,,,,,,,,,,,,,,,,,,,,,,,,,,,,,,,,,,,,,,,,,,,,,,,,,,,,,,,,,,,,,,,,,,,,,,,,,,,,,,,,,,,,,,,,,,,,,,,,,,,,,,,,,,,,,,,,,,,1,EA,,,,,,,,,,,,,,,,,,,,,,,,,,,,,,,,,,,,,US,No,No
https://www.freudtools.com/product/DSQ26B,,,,,,DSQ26B,,,,DSQ26B,DSQ26B,"DSQ26B 6"" #2 Square Drive Bit",-- Unbranded --,-- No Unilog Brand --,-- No DIB Brand --,Freud Inc (2435),Robert Bosch Tool Corporation,FREUD®,,DSQ26B,,,"FREUD®, Drill Bit, DSQ26B",DRILL BIT,"FREUD®, DSQ26B, Drill Bit",FREUD® Drill Bit,"FREUD®, Drill Bit",,,,,,,,,,,,,,,,,,,,,,,,,,,Drill Bit,Series,,,Model,,,Item Type,,,Voltage Rating,,,Amperage Rating,,,Dimensions,,,Mounting Type,,,Material,,,Color,,,Sound Level,,,Additional Information,,,,,,,,,,,,,,,,,,,,,,,,,,,,,,,,,,,,,,,,,,,,,,,,,,,,,,,,,,,,,,,,,,,,,,,,,,,,,,,,,,,,,,,,,,,,,,,,,,,,,,,,,,,,,,,,,,,,,,,,,,,,,,1,EA,,,,,,,,,,,,,,,,,,,,,,,,,,,,,,,,,,,,,US,No,No
https://www.freudtools.com/product/DSQ32B,,,,,,DSQ32B,,,,DSQ32B,DSQ32B,"DSQ32B 2"" #3 Square Drive Bit",-- Unbranded --,-- No Unilog Brand --,-- No DIB Brand --,Freud Inc (2435),Robert Bosch Tool Corporation,FREUD®,,DSQ32B,,,"FREUD®, Drill Bit, DSQ32B",DRILL BIT,"FREUD®, DSQ32B, Drill Bit",FREUD® Drill Bit,"FREUD®, Drill Bit",,,,,,,,,,,,,,,,,,,,,,,,,,,Drill Bit,Series,,,Model,,,Item Type,,,Voltage Rating,,,Amperage Rating,,,Dimensions,,,Mounting Type,,,Material,,,Color,,,Sound Level,,,Additional Information,,,,,,,,,,,,,,,,,,,,,,,,,,,,,,,,,,,,,,,,,,,,,,,,,,,,,,,,,,,,,,,,,,,,,,,,,,,,,,,,,,,,,,,,,,,,,,,,,,,,,,,,,,,,,,,,,,,,,,,,,,,,,,1,EA,,,,,,,,,,,,,,,,,,,,,,,,,,,,,,,,,,,,,US,No,No
https://www.freudtools.com/product/DT102B,,,,,,DT102B,,,,DT102B,DT102B,"DT102B 2"" #10 Torx Drive Bit",-- Unbranded --,-- No Unilog Brand --,-- No DIB Brand --,Freud Inc (2435),Robert Bosch Tool Corporation,FREUD®,,DT102B,,,"FREUD®, Drill Bit, DT102B",DRILL BIT,"FREUD®, DT102B, Drill Bit",FREUD® Drill Bit,"FREUD®, Drill Bit",,,,,,,,,,,,,,,,,,,,,,,,,,,Drill Bit,Series,,,Model,,,Item Type,,,Voltage Rating,,,Amperage Rating,,,Dimensions,,,Mounting Type,,,Material,,,Color,,,Sound Level,,,Additional Information,,,,,,,,,,,,,,,,,,,,,,,,,,,,,,,,,,,,,,,,,,,,,,,,,,,,,,,,,,,,,,,,,,,,,,,,,,,,,,,,,,,,,,,,,,,,,,,,,,,,,,,,,,,,,,,,,,,,,,,,,,,,,,1,EA,,,,,,,,,,,,,,,,,,,,,,,,,,,,,,,,,,,,,US,No,No
https://www.freudtools.com/product/DT152B,,,,,,DT152B,,,,DT152B,DT152B,"DT152B 2"" #15 Torx Drive Bit",-- Unbranded --,-- No Unilog Brand --,-- No DIB Brand --,Freud Inc (2435),Robert Bosch Tool Corporation,FREUD®,,DT152B,,,"FREUD®, Drill Bit, DT152B",DRILL BIT,"FREUD®, DT152B, Drill Bit",FREUD® Drill Bit,"FREUD®, Drill Bit",,,,,,,,,,,,,,,,,,,,,,,,,,,Drill Bit,Series,,,Model,,,Item Type,,,Voltage Rating,,,Amperage Rating,,,Dimensions,,,Mounting Type,,,Material,,,Color,,,Sound Level,,,Additional Information,,,,,,,,,,,,,,,,,,,,,,,,,,,,,,,,,,,,,,,,,,,,,,,,,,,,,,,,,,,,,,,,,,,,,,,,,,,,,,,,,,,,,,,,,,,,,,,,,,,,,,,,,,,,,,,,,,,,,,,,,,,,,,1,EA,,,,,,,,,,,,,,,,,,,,,,,,,,,,,,,,,,,,,US,No,No
https://www.freudtools.com/product/DT1535B,,,,,,DT1535B,,,,DT1535B,DT1535B,"DT1535B 3-1/2"" #15 Torx Drive - Bit",-- Unbranded --,-- No Unilog Brand --,-- No DIB Brand --,Freud Inc (2435),Robert Bosch Tool Corporation,FREUD®,,DT1535B,,,"FREUD®, Drill Bit, DT1535B",DRILL BIT,"FREUD®, DT1535B, Drill Bit",FREUD® Drill Bit,"FREUD®, Drill Bit",,,,,,,,,,,,,,,,,,,,,,,,,,,Drill Bit,Series,,,Model,,,Item Type,,,Voltage Rating,,,Amperage Rating,,,Dimensions,,,Mounting Type,,,Material,,,Color,,,Sound Level,,,Additional Information,,,,,,,,,,,,,,,,,,,,,,,,,,,,,,,,,,,,,,,,,,,,,,,,,,,,,,,,,,,,,,,,,,,,,,,,,,,,,,,,,,,,,,,,,,,,,,,,,,,,,,,,,,,,,,,,,,,,,,,,,,,,,,1,EA,,,,,,,,,,,,,,,,,,,,,,,,,,,,,,,,,,,,,US,No,No
https://www.freudtools.com/product/DT202B,,,,,,DT202B,,,,DT202B,DT202B,"DT202B 2"" #20 Torx Drive Bit",-- Unbranded --,-- No Unilog Brand --,-- No DIB Brand --,Freud Inc (2435),Robert Bosch Tool Corporation,FREUD®,,DT202B,,,"FREUD®, Drill Bit, DT202B",DRILL BIT,"FREUD®, DT202B, Drill Bit",FREUD® Drill Bit,"FREUD®, Drill Bit",,,,,,,,,,,,,,,,,,,,,,,,,,,Drill Bit,Series,,,Model,,,Item Type,,,Voltage Rating,,,Amperage Rating,,,Dimensions,,,Mounting Type,,,Material,,,Color,,,Sound Level,,,Additional Information,,,,,,,,,,,,,,,,,,,,,,,,,,,,,,,,,,,,,,,,,,,,,,,,,,,,,,,,,,,,,,,,,,,,,,,,,,,,,,,,,,,,,,,,,,,,,,,,,,,,,,,,,,,,,,,,,,,,,,,,,,,,,,1,EA,,,,,,,,,,,,,,,,,,,,,,,,,,,,,,,,,,,,,US,No,No
https://www.freudtools.com/product/DT2035B,,,,,,DT2035B,,,,DT2035B,DT2035B,"DT2035B 3-1/2"" #20 Torx Drive - Bit",-- Unbranded --,-- No Unilog Brand --,-- No DIB Brand --,Freud Inc (2435),Robert Bosch Tool Corporation,FREUD®,,DT2035B,,,"FREUD®, Drill Bit, DT2035B",DRILL BIT,"FREUD®, DT2035B, Drill Bit",FREUD® Drill Bit,"FREUD®, Drill Bit",,,,,,,,,,,,,,,,,,,,,,,,,,,Drill Bit,Series,,,Model,,,Item Type,,,Voltage Rating,,,Amperage Rating,,,Dimensions,,,Mounting Type,,,Material,,,Color,,,Sound Level,,,Additional Information,,,,,,,,,,,,,,,,,,,,,,,,,,,,,,,,,,,,,,,,,,,,,,,,,,,,,,,,,,,,,,,,,,,,,,,,,,,,,,,,,,,,,,,,,,,,,,,,,,,,,,,,,,,,,,,,,,,,,,,,,,,,,,1,EA,,,,,,,,,,,,,,,,,,,,,,,,,,,,,,,,,,,,,US,No,No
https://www.freudtools.com/product/DT206B,,,,,,DT206B,,,,DT206B,DT206B,"DT206B 6"" #20 Torx Drive Bit",-- Unbranded --,-- No Unilog Brand --,-- No DIB Brand --,Freud Inc (2435),Robert Bosch Tool Corporation,FREUD®,,DT206B,,,"FREUD®, Drill Bit, DT206B",DRILL BIT,"FREUD®, DT206B, Drill Bit",FREUD® Drill Bit,"FREUD®, Drill Bit",,,,,,,,,,,,,,,,,,,,,,,,,,,Drill Bit,Series,,,Model,,,Item Type,,,Voltage Rating,,,Amperage Rating,,,Dimensions,,,Mounting Type,,,Material,,,Color,,,Sound Level,,,Additional Information,,,,,,,,,,,,,,,,,,,,,,,,,,,,,,,,,,,,,,,,,,,,,,,,,,,,,,,,,,,,,,,,,,,,,,,,,,,,,,,,,,,,,,,,,,,,,,,,,,,,,,,,,,,,,,,,,,,,,,,,,,,,,,1,EA,,,,,,,,,,,,,,,,,,,,,,,,,,,,,,,,,,,,,US,No,No
https://www.freudtools.com/product/DT252B,,,,,,DT252B,,,,DT252B,DT252B,"DT252B 2"" #25 Trox Drive Bit",-- Unbranded --,-- No Unilog Brand --,-- No DIB Brand --,Freud Inc (2435),Robert Bosch Tool Corporation,FREUD®,,DT252B,,,"FREUD®, Drill Bit, DT252B",DRILL BIT,"FREUD®, DT252B, Drill Bit",FREUD® Drill Bit,"FREUD®, Drill Bit",,,,,,,,,,,,,,,,,,,,,,,,,,,Drill Bit,Series,,,Model,,,Item Type,,,Voltage Rating,,,Amperage Rating,,,Dimensions,,,Mounting Type,,,Material,,,Color,,,Sound Level,,,Additional Information,,,,,,,,,,,,,,,,,,,,,,,,,,,,,,,,,,,,,,,,,,,,,,,,,,,,,,,,,,,,,,,,,,,,,,,,,,,,,,,,,,,,,,,,,,,,,,,,,,,,,,,,,,,,,,,,,,,,,,,,,,,,,,1,EA,,,,,,,,,,,,,,,,,,,,,,,,,,,,,,,,,,,,,US,No,No
https://www.freudtools.com/product/DT2535B,,,,,,DT2535B,,,,DT2535B,DT2535B,"DT2535B 3-1/4"" #25 Torx Drive - Bit",-- Unbranded --,-- No Unilog Brand --,-- No DIB Brand --,Freud Inc (2435),Robert Bosch Tool Corporation,FREUD®,,DT2535B,,,"FREUD®, Drill Bit, DT2535B",DRILL BIT,"FREUD®, DT2535B, Drill Bit",FREUD® Drill Bit,"FREUD®, Drill Bit",,,,,,,,,,,,,,,,,,,,,,,,,,,Drill Bit,Series,,,Model,,,Item Type,,,Voltage Rating,,,Amperage Rating,,,Dimensions,,,Mounting Type,,,Material,,,Color,,,Sound Level,,,Additional Information,,,,,,,,,,,,,,,,,,,,,,,,,,,,,,,,,,,,,,,,,,,,,,,,,,,,,,,,,,,,,,,,,,,,,,,,,,,,,,,,,,,,,,,,,,,,,,,,,,,,,,,,,,,,,,,,,,,,,,,,,,,,,,1,EA,,,,,,,,,,,,,,,,,,,,,,,,,,,,,,,,,,,,,US,No,No
https://www.freudtools.com/product/DT256B,,,,,,DT256B,,,,DT256B,DT256B,"DT256B 6"" #25 Torx Drive Bit",-- Unbranded --,-- No Unilog Brand --,-- No DIB Brand --,Freud Inc (2435),Robert Bosch Tool Corporation,FREUD®,,DT256B,,,"FREUD®, Drill Bit, DT256B",DRILL BIT,"FREUD®, DT256B, Drill Bit",FREUD® Drill Bit,"FREUD®, Drill Bit",,,,,,,,,,,,,,,,,,,,,,,,,,,Drill Bit,Series,,,Model,,,Item Type,,,Voltage Rating,,,Amperage Rating,,,Dimensions,,,Mounting Type,,,Material,,,Color,,,Sound Level,,,Additional Information,,,,,,,,,,,,,,,,,,,,,,,,,,,,,,,,,,,,,,,,,,,,,,,,,,,,,,,,,,,,,,,,,,,,,,,,,,,,,,,,,,,,,,,,,,,,,,,,,,,,,,,,,,,,,,,,,,,,,,,,,,,,,,1,EA,,,,,,,,,,,,,,,,,,,,,,,,,,,,,,,,,,,,,US,No,No
https://www.freudtools.com/product/DT302B,,,,,,DT302B,,,,DT302B,DT302B,"DT302B 2"" #30 Torx Drive Bit",-- Unbranded --,-- No Unilog Brand --,-- No DIB Brand --,Freud Inc (2435),Robert Bosch Tool Corporation,FREUD®,,DT302B,,,"FREUD®, Drill Bit, DT302B",DRILL BIT,"FREUD®, DT302B, Drill Bit",FREUD® Drill Bit,"FREUD®, Drill Bit",,,,,,,,,,,,,,,,,,,,,,,,,,,Drill Bit,Series,,,Model,,,Item Type,,,Voltage Rating,,,Amperage Rating,,,Dimensions,,,Mounting Type,,,Material,,,Color,,,Sound Level,,,Additional Information,,,,,,,,,,,,,,,,,,,,,,,,,,,,,,,,,,,,,,,,,,,,,,,,,,,,,,,,,,,,,,,,,,,,,,,,,,,,,,,,,,,,,,,,,,,,,,,,,,,,,,,,,,,,,,,,,,,,,,,,,,,,,,1,EA,,,,,,,,,,,,,,,,,,,,,,,,,,,,,,,,,,,,,US,No,No
https://www.freudtools.com/product/DT402B,,,,,,DT402B,,,,DT402B,DT402B,"DT402B 2"" #40 Torx Drive Bit",-- Unbranded --,-- No Unilog Brand --,-- No DIB Brand --,Freud Inc (2435),Robert Bosch Tool Corporation,FREUD®,,DT402B,,,"FREUD®, Drill Bit, DT402B",DRILL BIT,"FREUD®, DT402B, Drill Bit",FREUD® Drill Bit,"FREUD®, Drill Bit",,,,,,,,,,,,,,,,,,,,,,,,,,,Drill Bit,Series,,,Model,,,Item Type,,,Voltage Rating,,,Amperage Rating,,,Dimensions,,,Mounting Type,,,Material,,,Color,,,Sound Level,,,Additional Information,,,,,,,,,,,,,,,,,,,,,,,,,,,,,,,,,,,,,,,,,,,,,,,,,,,,,,,,,,,,,,,,,,,,,,,,,,,,,,,,,,,,,,,,,,,,,,,,,,,,,,,,,,,,,,,,,,,,,,,,,,,,,,1,EA,,,,,,,,,,,,,,,,,,,,,,,,,,,,,,,,,,,,,US,No,No
https://www.freudtools.com/product/DDWSSB,,,,,,DDWSSB,,,,DDWSSB,DDWSSB,DDWSSB #2 Drywall Screw Setter,-- Unbranded --,-- No Unilog Brand --,-- No DIB Brand --,Freud Inc (2435),Robert Bosch Tool Corporation,FREUD®,,DDWSSB,,,"FREUD®, Drill Bit, DDWSSB, Carbide",DRILL BIT CARBIDE,"FREUD®, DDWSSB, Drill Bit, Carbide","FREUD® Drill Bit, Carbide","FREUD®, Drill Bit, Carbide",,,,,,,,,,,,,,,,,,,,,,,,,,,Drill Bit,Series,,,Model,,,Item Type,,,Voltage Rating,,,Amperage Rating,,,Dimensions,,,Mounting Type,,,Material,Carbide,,Color,,,Sound Level,,,Additional Information,,,,,,,,,,,,,,,description,Drywall Screw Setter,,manufacturer_part_number,DDWSSB,,supplier_manufacturer,FREUD®,,catalog_category,General Commercial,,,,,,,,,,,,,,,,,,,,,,,,,,,,,,,,,,,,,,,,,,,,,,,,,,,,,,,,,,,,,,,,,,,,,,,,,,,,,,,,,,,,,,,,,,,,,,,,,,,,,1,EA,,,,,,,,,,,,,,,,,,,,,,,,,,,,,,,,,,,,,US,No,No
https://www.makitatools.com/product/191V02-0,,,,,,191V02-0,,,,191V02-0,191V02-0,191V02-0 Makita #2 Phillips Bit 5pk,-- Unbranded --,-- No Unilog Brand --,-- No DIB Brand --,Makita Usa Inc (5142),Makita Corporation,MAKITA®,,191V02-0,,,"MAKITA®, Drill Bit, 191V02-0",DRILL BIT,"MAKITA®, 191V02-0, Drill Bit",MAKITA® Drill Bit,"MAKITA®, Drill Bit",,,,,,,,,,,,,,,,,,,,,,,,,,,Drill Bit,Series,,,Model,,,Item Type,,,Voltage Rating,,,Amperage Rating,,,Dimensions,,,Mounting Type,,,Material,,,Color,,,Sound Level,,,Additional Information,,,,,,,,,,,,,,,PackQuantity,5 PK,,,,,,,,,,,,,,,,,,,,,,,,,,,,,,,,,,,,,,,,,,,,,,,,,,,,,,,,,,,,,,,,,,,,,,,,,,,,,,,,,,,,,,,,,,,,,,,,,,,,,,,,,,,,,,1,EA,,,,,,,,,,,,,,,,,,,,,,,,,,,,,,,,,,,,,US,No,No
https://www.makitatools.com/product/XTS02Z,,,,,,XTS02Z,,,,XTS02Z,XTS02Z,"XTS02Z Makita 18V 1/4"" Narrow Crown Stapler 18GA",-- Unbranded --,-- No Unilog Brand --,-- No DIB Brand --,Makita Usa Inc (5142),Makita Corporation,MAKITA®,,XTS02Z,,,"MAKITA®, Commercial Product, XTS02Z",COMMERCIAL PRODUCT 18 V,"MAKITA®, XTS02Z, Commercial Product","MAKITA® Commercial Product, 18 V","MAKITA®, Commercial Product",,,,,,,,,,,,,,,,,,,,,,,,,,,"MAKITA®, Commercial Product",Series,,,Model,,,Item Type,,,Voltage Rating,18,V,Amperage Rating,,,Dimensions,,,Mounting Type,,,Material,,,Color,,,Sound Level,,,Additional Information,,,,,,,,,,,,,,,,,,,,,,,,,,,,,,,,,,,,,,,,,,,,,,,,,,,,,,,,,,,,,,,,,,,,,,,,,,,,,,,,,,,,,,,,,,,,,,,,,,,,,,,,,,,,,,,,,,,,,,,,,,,,,,1,EA,,,,,,,,,,,,,,,,,,,,,,,,,,,,,,,,,,,,,US,No,No
https://www.dewalt.com/product/DCF809D1,,,,,,DCF809D1,,,,DCF809D1,DCF809D1,"DCF809D1 Dewalt Atomic 20V 1/4"" Impact Driver Kit",-- Unbranded --,-- No Unilog Brand --,-- No DIB Brand --,Black & Decker/dewlt (2585),Stanley Black & Decker,DEWALT®,,DCF809D1,,,"DEWALT®, Commercial Product, DCF809D1",COMMERCIAL PRODUCT 20 V,"DEWALT®, DCF809D1, Commercial Product","DEWALT® Commercial Product, 20 V","DEWALT®, Commercial Product",,,,,,,,,,,,,,,,,,,,,,,,,,,"DEWALT®, Commercial Product",Series,,,Model,,,Item Type,,,Voltage Rating,20,V,Amperage Rating,,,Dimensions,,,Mounting Type,,,Material,,,Color,,,Sound Level,,,Additional Information,,,,,,,,,,,,,,,,,,,,,,,,,,,,,,,,,,,,,,,,,,,,,,,,,,,,,,,,,,,,,,,,,,,,,,,,,,,,,,,,,,,,,,,,,,,,,,,,,,,,,,,,,,,,,,,,,,,,,,,,,,,,,,1,EA,,,,,,,,,,,,,,,,,,,,,,,,,,,,,,,,,,,,,US,No,No
https://www.milwaukeetool.com/product/2761-20,,,,,,2761-20,,,,2761-20,2761-20,"2761-20 Milw M18 1/4"" Hex Hydraulic Driver",-- Unbranded --,-- No Unilog Brand --,-- No DIB Brand --,Milwaukee Accessory (4031),Milwaukee Electric Tool Corporation,MILWAUKEE®,,2761-20,,,"MILWAUKEE®, Commercial Product, 2761-20",COMMERCIAL PRODUCT,"MILWAUKEE®, 2761-20, Commercial Product",MILWAUKEE® Commercial Product,"MILWAUKEE®, Commercial Product",,,,,,,,,,,,,,,,,,,,,,,,,,,"MILWAUKEE®, Commercial Product",Series,,,Model,,,Item Type,,,Voltage Rating,,,Amperage Rating,,,Dimensions,,,Mounting Type,,,Material,,,Color,,,Sound Level,,,Additional Information,,,,,,,,,,,,,,,,,,,,,,,,,,,,,,,,,,,,,,,,,,,,,,,,,,,,,,,,,,,,,,,,,,,,,,,,,,,,,,,,,,,,,,,,,,,,,,,,,,,,,,,,,,,,,,,,,,,,,,,,,,,,,,1,EA,,,,,,,,,,,,,,,,,,,,,,,,,,,,,,,,,,,,,US,No,No
https://www.milwaukeetool.com/product/2761-22,,,,,,2761-22,,,,2761-22,2761-22,2761-22 Milw M18 Surge Kit,-- Unbranded --,-- No Unilog Brand --,-- No DIB Brand --,Milwaukee Accessory (4031),Milwaukee Electric Tool Corporation,MILWAUKEE®,,2761-22,,,"MILWAUKEE®, Commercial Product, 2761-22",COMMERCIAL PRODUCT,"MILWAUKEE®, 2761-22, Commercial Product",MILWAUKEE® Commercial Product,"MILWAUKEE®, Commercial Product",,,,,,,,,,,,,,,,,,,,,,,,,,,"MILWAUKEE®, Commercial Product",Series,,,Model,,,Item Type,,,Voltage Rating,,,Amperage Rating,,,Dimensions,,,Mounting Type,,,Material,,,Color,,,Sound Level,,,Additional Information,,,,,,,,,,,,,,,,,,,,,,,,,,,,,,,,,,,,,,,,,,,,,,,,,,,,,,,,,,,,,,,,,,,,,,,,,,,,,,,,,,,,,,,,,,,,,,,,,,,,,,,,,,,,,,,,,,,,,,,,,,,,,,1,EA,,,,,,,,,,,,,,,,,,,,,,,,,,,,,,,,,,,,,US,No,No
https://www.milwaukeetool.com/product/3450-20,,,,,,3450-20,,,,3450-20,3450-20,3450-20 Milw M12 Impact Driver - Brushless Compact,-- Unbranded --,-- No Unilog Brand --,-- No DIB Brand --,Milwaukee Accessory (4031),Milwaukee Electric Tool Corporation,MILWAUKEE®,,3450-20,,,"MILWAUKEE®, Commercial Product, 3450-20, M12 Subcompact Brushless 1/4"" Hex Impac",COMM PRODUCT M12 SUBCOMPACT BRUSHLESS,"MILWAUKEE®, 3450-20, Commercial Product, M12 Subcompact Brushless 1/4"" Hex Impact Mounting","MILWAUKEE® Commercial Product, M12 Subcompact Brushless 1/4"" Hex Impact A, M12 Subcompact Brushless 1/4"" Hex Impact Mounting, 0 in in width, allowing for the best access in tight spaces an","MILWAUKEE®, Commercial Product, M12 Subcompact Brushless 1/4"" Hex Impact Mounting",,,,,,,,,,,,,,,,,,,,,,,,,,,"MILWAUKEE®, Commercial Product, M12 Subcompact Brushless 1/4"" Hex Impact Mounting",Series,,,Model,,,Item Type,,,Voltage Rating,,,Amperage Rating,"M12 Subcompact Brushless 1/4"" Hex Impact",,Dimensions,"0 in in width, allowing for the best access in tight spaces an",,Mounting Type,"M12 Subcompact Brushless 1/4"" Hex Impact",,Material,,,Color,,,Sound Level,,,Additional Information,,,,,,,,,,,,,,,,,,,,,,,,,,,,,,,,,,,,,,,,,,,,,,,,,,,,,,,,,,,,,,,,,,,,,,,,,,,,,,,,,,,,,,,,,,,,,,,,,,,,,,,,,,,,,,,,,,,,,,,,,,,,,,1,EA,,,,,,,,,,,,,,,,,,,,,,,,,,,,,,,,,,,,,US,No,No
https://www.kregtool.com/product/KPTDV025A,,,,,,KPTDV025A,,,,KPTDV025A,KPTDV025A,KPTDV025A Kreg 20V Ionic Compact Impact Driver,-- Unbranded --,-- No Unilog Brand --,-- No DIB Brand --,Kreg Tool Company (KRETO),Kreg Tool Company,KREG®,,KPTDV025A,,,"KREG®, Commercial Product, KPTDV025A",COMMERCIAL PRODUCT 20 V,"KREG®, KPTDV025A, Commercial Product","KREG® Commercial Product, 20 V","KREG®, Commercial Product",,,,,,,,,,,,,,,,,,,,,,,,,,,"KREG®, Commercial Product",Series,,,Model,,,Item Type,,,Voltage Rating,20,V,Amperage Rating,,,Dimensions,,,Mounting Type,,,Material,,,Color,,,Sound Level,,,Additional Information,,,,,,,,,,,,,,,,,,,,,,,,,,,,,,,,,,,,,,,,,,,,,,,,,,,,,,,,,,,,,,,,,,,,,,,,,,,,,,,,,,,,,,,,,,,,,,,,,,,,,,,,,,,,,,,,,,,,,,,,,,,,,,1,EA,,,,,,,,,,,,,,,,,,,,,,,,,,,,,,,,,,,,,US,No,No
https://www.milwaukeetool.com/product/3048-20,,,,,,3048-20,,,,3048-20,3048-20,"3048-20 Milw M12 1/4"" Impact Wrench w/Friction Ring",-- Unbranded --,-- No Unilog Brand --,-- No DIB Brand --,Milwaukee Accessory (4031),Milwaukee Electric Tool Corporation,MILWAUKEE®,,3048-20,,,"MILWAUKEE®, Commercial Product, 3048-20, M12 FUEL™ 1/4"" Subcompact Impact Wrench","COMM PRODUCT M12 FUEL™ 1/4"" SUBCOMPACT","MILWAUKEE®, 3048-20, Commercial Product, M12 FUEL™ 1/4"" Subcompact Impact Wrench  Mounting","MILWAUKEE® Commercial Product, M12 FUEL™ 1/4"" Subcompact Impact Wrench  A, M12 FUEL™ 1/4"" Subcompact Impact Wrench  Mounting, 0” in width, this Subcompact Impact Wrench fits into the tig","MILWAUKEE®, Commercial Product, M12 FUEL™ 1/4"" Subcompact Impact Wrench  Mounting",,,,,,,,,,,,,,,,,,,,,,,,,,,"MILWAUKEE®, Commercial Product, M12 FUEL™ 1/4"" Subcompact Impact Wrench  Mounting",Series,,,Model,,,Item Type,,,Voltage Rating,,,Amperage Rating,"M12 FUEL™ 1/4"" Subcompact Impact Wrench",,Dimensions,"0” in width, this Subcompact Impact Wrench fits into the tig",,Mounting Type,"M12 FUEL™ 1/4"" Subcompact Impact Wrench",,Material,,,Color,,,Sound Level,,,Additional Information,,,,,,,,,,,,,,,,,,,,,,,,,,,,,,,,,,,,,,,,,,,,,,,,,,,,,,,,,,,,,,,,,,,,,,,,,,,,,,,,,,,,,,,,,,,,,,,,,,,,,,,,,,,,,,,,,,,,,,,,,,,,,,1,EA,,,,,,,,,,,,,,,,,,,,,,,,,,,,,,,,,,,,,US,No,No
https://www.milwaukeetool.com/product/3049-20,,,,,,3049-20,,,,3049-20,3049-20,"3049-20 Milw M12 3/8"" Impact Wrench w/Friction Ring",-- Unbranded --,-- No Unilog Brand --,-- No DIB Brand --,Milwaukee Accessory (4031),Milwaukee Electric Tool Corporation,MILWAUKEE®,,3049-20,,,"MILWAUKEE®, Commercial Product, 3049-20, M12 FUEL™ 3/8"" Subcompact Impact Wrench","COMM PRODUCT M12 FUEL™ 3/8"" SUBCOMPACT","MILWAUKEE®, 3049-20, Commercial Product, M12 FUEL™ 3/8"" Subcompact Impact Wrench  Mounting","MILWAUKEE® Commercial Product, M12 FUEL™ 3/8"" Subcompact Impact Wrench  A, M12 FUEL™ 3/8"" Subcompact Impact Wrench  Mounting, 0” in width, this Subcompact Impact Wrench fits into the tig","MILWAUKEE®, Commercial Product, M12 FUEL™ 3/8"" Subcompact Impact Wrench  Mounting",,,,,,,,,,,,,,,,,,,,,,,,,,,"MILWAUKEE®, Commercial Product, M12 FUEL™ 3/8"" Subcompact Impact Wrench  Mounting",Series,,,Model,,,Item Type,,,Voltage Rating,,,Amperage Rating,"M12 FUEL™ 3/8"" Subcompact Impact Wrench",,Dimensions,"0” in width, this Subcompact Impact Wrench fits into the tig",,Mounting Type,"M12 FUEL™ 3/8"" Subcompact Impact Wrench",,Material,,,Color,,,Sound Level,,,Additional Information,,,,,,,,,,,,,,,,,,,,,,,,,,,,,,,,,,,,,,,,,,,,,,,,,,,,,,,,,,,,,,,,,,,,,,,,,,,,,,,,,,,,,,,,,,,,,,,,,,,,,,,,,,,,,,,,,,,,,,,,,,,,,,1,EA,,,,,,,,,,,,,,,,,,,,,,,,,,,,,,,,,,,,,US,No,No
https://www.milwaukeetool.com/product/2563-20,,,,,,2563-20,,,,2563-20,2563-20,"2563-20 Milw M12 Stubby 1/2"" Impact Wrench",-- Unbranded --,-- No Unilog Brand --,-- No DIB Brand --,Milwaukee Accessory (4031),Milwaukee Electric Tool Corporation,MILWAUKEE®,,2563-20,,,"MILWAUKEE®, Commercial Product, 2563-20, 1/2"" M12 FUEL™ Stubby Impact Wrench | M","COMM PRODUCT 1/2"" M12 FUEL™ STUBBY","MILWAUKEE®, 2563-20, Commercial Product, 1/2"" M12 FUEL™ Stubby Impact Wrench | Mi Mounting","MILWAUKEE® Commercial Product, 1/2"" M12 FUEL™ Stubby Impact Wrench | Mi A, 1/2"" M12 FUEL™ Stubby Impact Wrench | Mi Mounting","MILWAUKEE®, Commercial Product, 1/2"" M12 FUEL™ Stubby Impact Wrench | Mi Mounting",,,,,,,,,,,,,,,,,,,,,,,,,,,"MILWAUKEE®, Commercial Product, 1/2"" M12 FUEL™ Stubby Impact Wrench | Mi Mounting",Series,,,Model,,,Item Type,,,Voltage Rating,,,Amperage Rating,"1/2"" M12 FUEL™ Stubby Impact Wrench | Mi",,Dimensions,,,Mounting Type,"1/2"" M12 FUEL™ Stubby Impact Wrench | Mi",,Material,,,Color,,,Sound Level,,,Additional Information,,,,,,,,,,,,,,,,,,,,,,,,,,,,,,,,,,,,,,,,,,,,,,,,,,,,,,,,,,,,,,,,,,,,,,,,,,,,,,,,,,,,,,,,,,,,,,,,,,,,,,,,,,,,,,,,,,,,,,,,,,,,,,1,EA,,,,,,,,,,,,,,,,,,,,,,,,,,,,,,,,,,,,,US,No,No
https://www.dewalt.com/product/DCF961B,,,,,,DCF961B,,,,DCF961B,DCF961B,"Dewalt DCF961B 20V 1/2"" Impact - Bare Tool",-- Unbranded --,-- No Unilog Brand --,-- No DIB Brand --,Black & Decker/dewlt (2585),Stanley Black & Decker,DEWALT®,,DCF961B,,,"DEWALT®, Commercial Product, DCF961B",COMMERCIAL PRODUCT 20 V,"DEWALT®, DCF961B, Commercial Product","DEWALT® Commercial Product, 20 V","DEWALT®, Commercial Product",,,,,,,,,,,,,,,,,,,,,,,,,,,"DEWALT®, Commercial Product",Series,,,Model,,,Item Type,,,Voltage Rating,20,V,Amperage Rating,,,Dimensions,,,Mounting Type,,,Material,,,Color,,,Sound Level,,,Additional Information,,,,,,,,,,,,,,,,,,,,,,,,,,,,,,,,,,,,,,,,,,,,,,,,,,,,,,,,,,,,,,,,,,,,,,,,,,,,,,,,,,,,,,,,,,,,,,,,,,,,,,,,,,,,,,,,,,,,,,,,,,,,,,1,EA,,,,,,,,,,,,,,,,,,,,,,,,,,,,,,,,,,,,,US,No,No
https://www.dewalt.com/product/DCF964B,,,,,,DCF964B,,,,DCF964B,DCF964B,"DCF964B Dewalt 20V 3/4"" Impact - Wrench",-- Unbranded --,-- No Unilog Brand --,-- No DIB Brand --,Black & Decker/dewlt (2585),Stanley Black & Decker,DEWALT®,,DCF964B,,,"DEWALT®, Commercial Product, DCF964B",COMMERCIAL PRODUCT 20 V,"DEWALT®, DCF964B, Commercial Product","DEWALT® Commercial Product, 20 V","DEWALT®, Commercial Product",,,,,,,,,,,,,,,,,,,,,,,,,,,"DEWALT®, Commercial Product",Series,,,Model,,,Item Type,,,Voltage Rating,20,V,Amperage Rating,,,Dimensions,,,Mounting Type,,,Material,,,Color,,,Sound Level,,,Additional Information,,,,,,,,,,,,,,,,,,,,,,,,,,,,,,,,,,,,,,,,,,,,,,,,,,,,,,,,,,,,,,,,,,,,,,,,,,,,,,,,,,,,,,,,,,,,,,,,,,,,,,,,,,,,,,,,,,,,,,,,,,,,,,1,EA,,,,,,,,,,,,,,,,,,,,,,,,,,,,,,,,,,,,,US,No,No
https://www.milwaukeetool.com/product/2563P-20,,,,,,2563P-20,,,,2563P-20,2563P-20,"2563P-20 Milw M12 1/2"" Stubby - Impact Wrench w/Pin Detent",-- Unbranded --,-- No Unilog Brand --,-- No DIB Brand --,Milwaukee Accessory (4031),Milwaukee Electric Tool Corporation,MILWAUKEE®,,2563P-20,,,"MILWAUKEE®, Commercial Product, 2563P-20, 1/2"" M12 FUEL™ Stubby Impact Wrench w/","COMM PRODUCT 1/2"" M12 FUEL™ STUBBY","MILWAUKEE®, 2563P-20, Commercial Product, 1/2"" M12 FUEL™ Stubby Impact Wrench w/ P Mounting","MILWAUKEE® Commercial Product, 1/2"" M12 FUEL™ Stubby Impact Wrench w/ P A, 1/2"" M12 FUEL™ Stubby Impact Wrench w/ P Mounting","MILWAUKEE®, Commercial Product, 1/2"" M12 FUEL™ Stubby Impact Wrench w/ P Mounting",,,,,,,,,,,,,,,,,,,,,,,,,,,"MILWAUKEE®, Commercial Product, 1/2"" M12 FUEL™ Stubby Impact Wrench w/ P Mounting",Series,,,Model,,,Item Type,,,Voltage Rating,,,Amperage Rating,"1/2"" M12 FUEL™ Stubby Impact Wrench w/ P",,Dimensions,,,Mounting Type,"1/2"" M12 FUEL™ Stubby Impact Wrench w/ P",,Material,,,Color,,,Sound Level,,,Additional Information,,,,,,,,,,,,,,,,,,,,,,,,,,,,,,,,,,,,,,,,,,,,,,,,,,,,,,,,,,,,,,,,,,,,,,,,,,,,,,,,,,,,,,,,,,,,,,,,,,,,,,,,,,,,,,,,,,,,,,,,,,,,,,1,EA,,,,,,,,,,,,,,,,,,,,,,,,,,,,,,,,,,,,,US,No,No
https://www.dewalt.com/product/DCF921P2,,,,,,DCF921P2,,,,DCF921P2,DCF921P2,DCF921P2 Dewalt 20V 1/2 Impact,-- Unbranded --,-- No Unilog Brand --,-- No DIB Brand --,Black & Decker/dewlt (2585),Stanley Black & Decker,DEWALT®,,DCF921P2,,,"DEWALT®, Commercial Product, DCF921P2",COMMERCIAL PRODUCT 20 V,"DEWALT®, DCF921P2, Commercial Product","DEWALT® Commercial Product, 20 V","DEWALT®, Commercial Product",,,,,,,,,,,,,,,,,,,,,,,,,,,"DEWALT®, Commercial Product",Series,,,Model,,,Item Type,,,Voltage Rating,20,V,Amperage Rating,,,Dimensions,,,Mounting Type,,,Material,,,Color,,,Sound Level,,,Additional Information,,,,,,,,,,,,,,,,,,,,,,,,,,,,,,,,,,,,,,,,,,,,,,,,,,,,,,,,,,,,,,,,,,,,,,,,,,,,,,,,,,,,,,,,,,,,,,,,,,,,,,,,,,,,,,,,,,,,,,,,,,,,,,1,EA,,,,,,,,,,,,,,,,,,,,,,,,,,,,,,,,,,,,,US,No,No
https://www.makitatools.com/product/XLT03Z,,,,,,XLT03Z,,,,XLT03Z,XLT03Z,"XLT03Z Makita 3/8"" 18V Angle Impact",-- Unbranded --,-- No Unilog Brand --,-- No DIB Brand --,Makita Usa Inc (5142),Makita Corporation,MAKITA®,,XLT03Z,,,"MAKITA®, Commercial Product, XLT03Z",COMMERCIAL PRODUCT 18 V,"MAKITA®, XLT03Z, Commercial Product","MAKITA® Commercial Product, 18 V","MAKITA®, Commercial Product",,,,,,,,,,,,,,,,,,,,,,,,,,,"MAKITA®, Commercial Product",Series,,,Model,,,Item Type,,,Voltage Rating,18,V,Amperage Rating,,,Dimensions,,,Mounting Type,,,Material,,,Color,,,Sound Level,,,Additional Information,,,,,,,,,,,,,,,,,,,,,,,,,,,,,,,,,,,,,,,,,,,,,,,,,,,,,,,,,,,,,,,,,,,,,,,,,,,,,,,,,,,,,,,,,,,,,,,,,,,,,,,,,,,,,,,,,,,,,,,,,,,,,,1,EA,,,,,,,,,,,,,,,,,,,,,,,,,,,,,,,,,,,,,US,No,No
https://www.makitatools.com/product/XLT04Z,,,,,,XLT04Z,,,,XLT04Z,XLT04Z,"XLT04Z Makita 1/4"" 18V Angle Impact",-- Unbranded --,-- No Unilog Brand --,-- No DIB Brand --,Makita Usa Inc (5142),Makita Corporation,MAKITA®,,XLT04Z,,,"MAKITA®, Commercial Product, XLT04Z",COMMERCIAL PRODUCT 18 V,"MAKITA®, XLT04Z, Commercial Product","MAKITA® Commercial Product, 18 V","MAKITA®, Commercial Product",,,,,,,,,,,,,,,,,,,,,,,,,,,"MAKITA®, Commercial Product",Series,,,Model,,,Item Type,,,Voltage Rating,18,V,Amperage Rating,,,Dimensions,,,Mounting Type,,,Material,,,Color,,,Sound Level,,,Additional Information,,,,,,,,,,,,,,,,,,,,,,,,,,,,,,,,,,,,,,,,,,,,,,,,,,,,,,,,,,,,,,,,,,,,,,,,,,,,,,,,,,,,,,,,,,,,,,,,,,,,,,,,,,,,,,,,,,,,,,,,,,,,,,1,EA,,,,,,,,,,,,,,,,,,,,,,,,,,,,,,,,,,,,,US,No,No
https://www.makitatools.com/product/XLT05Z,,,,,,XLT05Z,,,,XLT05Z,XLT05Z,"XLT05Z Makita 1/2"" 18V Angle Impact",-- Unbranded --,-- No Unilog Brand --,-- No DIB Brand --,Makita Usa Inc (5142),Makita Corporation,MAKITA®,,XLT05Z,,,"MAKITA®, Commercial Product, XLT05Z",COMMERCIAL PRODUCT 18 V,"MAKITA®, XLT05Z, Commercial Product","MAKITA® Commercial Product, 18 V","MAKITA®, Commercial Product",,,,,,,,,,,,,,,,,,,,,,,,,,,"MAKITA®, Commercial Product",Series,,,Model,,,Item Type,,,Voltage Rating,18,V,Amperage Rating,,,Dimensions,,,Mounting Type,,,Material,,,Color,,,Sound Level,,,Additional Information,,,,,,,,,,,,,,,,,,,,,,,,,,,,,,,,,,,,,,,,,,,,,,,,,,,,,,,,,,,,,,,,,,,,,,,,,,,,,,,,,,,,,,,,,,,,,,,,,,,,,,,,,,,,,,,,,,,,,,,,,,,,,,1,EA,,,,,,,,,,,,,,,,,,,,,,,,,,,,,,,,,,,,,US,No,No
https://www.dewalt.com/product/DCF510B,,,,,,DCF510B,,,,DCF510B,DCF510B,Dewalt DCF510B 20V Rachet - Interchangeable Anvil,-- Unbranded --,-- No Unilog Brand --,-- No DIB Brand --,Black & Decker/dewlt (2585),Stanley Black & Decker,DEWALT®,,DCF510B,,,"DEWALT®, Commercial Product, DCF510B",COMMERCIAL PRODUCT 20 V,"DEWALT®, DCF510B, Commercial Product","DEWALT® Commercial Product, 20 V","DEWALT®, Commercial Product",,,,,,,,,,,,,,,,,,,,,,,,,,,"DEWALT®, Commercial Product",Series,,,Model,,,Item Type,,,Voltage Rating,20,V,Amperage Rating,,,Dimensions,,,Mounting Type,,,Material,,,Color,,,Sound Level,,,Additional Information,,,,,,,,,,,,,,,,,,,,,,,,,,,,,,,,,,,,,,,,,,,,,,,,,,,,,,,,,,,,,,,,,,,,,,,,,,,,,,,,,,,,,,,,,,,,,,,,,,,,,,,,,,,,,,,,,,,,,,,,,,,,,,1,EA,,,,,,,,,,,,,,,,,,,,,,,,,,,,,,,,,,,,,US,No,No
https://www.milwaukeetool.com/product/3052-20,,,,,,3052-20,,,,3052-20,3052-20,"3052-20 Milw M12 Fuel 1/4"" Rachet",-- Unbranded --,-- No Unilog Brand --,-- No DIB Brand --,Milwaukee Accessory (4031),Milwaukee Electric Tool Corporation,MILWAUKEE®,,3052-20,,,"MILWAUKEE®, Commercial Product, 3052-20",COMMERCIAL PRODUCT,"MILWAUKEE®, 3052-20, Commercial Product",MILWAUKEE® Commercial Product,"MILWAUKEE®, Commercial Product",,,,,,,,,,,,,,,,,,,,,,,,,,,"MILWAUKEE®, Commercial Product",Series,,,Model,,,Item Type,,,Voltage Rating,,,Amperage Rating,,,Dimensions,,,Mounting Type,,,Material,,,Color,,,Sound Level,,,Additional Information,,,,,,,,,,,,,,,,,,,,,,,,,,,,,,,,,,,,,,,,,,,,,,,,,,,,,,,,,,,,,,,,,,,,,,,,,,,,,,,,,,,,,,,,,,,,,,,,,,,,,,,,,,,,,,,,,,,,,,,,,,,,,,1,EA,,,,,,,,,,,,,,,,,,,,,,,,,,,,,,,,,,,,,US,No,No
https://www.milwaukeetool.com/product/3054-20,,,,,,3054-20,,,,3054-20,3054-20,"3054-20 Milw M12 1/2"" Ratchet",-- Unbranded --,-- No Unilog Brand --,-- No DIB Brand --,Milwaukee Accessory (4031),Milwaukee Electric Tool Corporation,MILWAUKEE®,,3054-20,,,"MILWAUKEE®, Commercial Product, 3054-20",COMMERCIAL PRODUCT,"MILWAUKEE®, 3054-20, Commercial Product",MILWAUKEE® Commercial Product,"MILWAUKEE®, Commercial Product",,,,,,,,,,,,,,,,,,,,,,,,,,,"MILWAUKEE®, Commercial Product",Series,,,Model,,,Item Type,,,Voltage Rating,,,Amperage Rating,,,Dimensions,,,Mounting Type,,,Material,,,Color,,,Sound Level,,,Additional Information,,,,,,,,,,,,,,,,,,,,,,,,,,,,,,,,,,,,,,,,,,,,,,,,,,,,,,,,,,,,,,,,,,,,,,,,,,,,,,,,,,,,,,,,,,,,,,,,,,,,,,,,,,,,,,,,,,,,,,,,,,,,,,1,EA,,,,,,,,,,,,,,,,,,,,,,,,,,,,,,,,,,,,,US,No,No
https://www.dewalt.com/product/DCF513EB,,,,,,DCF513EB,,,,DCF513EB,DCF513EB,"DCF513EB Dewalt 3/8"" Open Head Rachet",-- Unbranded --,-- No Unilog Brand --,-- No DIB Brand --,Black & Decker/dewlt (2585),Stanley Black & Decker,DEWALT®,,DCF513EB,,,"DEWALT®, Commercial Product, DCF513EB",COMMERCIAL PRODUCT,"DEWALT®, DCF513EB, Commercial Product",DEWALT® Commercial Product,"DEWALT®, Commercial Product",,,,,,,,,,,,,,,,,,,,,,,,,,,"DEWALT®, Commercial Product",Series,,,Model,,,Item Type,,,Voltage Rating,,,Amperage Rating,,,Dimensions,,,Mounting Type,,,Material,,,Color,,,Sound Level,,,Additional Information,,,,,,,,,,,,,,,,,,,,,,,,,,,,,,,,,,,,,,,,,,,,,,,,,,,,,,,,,,,,,,,,,,,,,,,,,,,,,,,,,,,,,,,,,,,,,,,,,,,,,,,,,,,,,,,,,,,,,,,,,,,,,,1,EA,,,,,,,,,,,,,,,,,,,,,,,,,,,,,,,,,,,,,US,No,No
https://www.makitatools.com/product/XVP01Z,,,,,,XVP01Z,,,,XVP01Z,XVP01Z,"XVP01Z Makita 18V 3"" Polisher/ 2"" Sander",-- Unbranded --,-- No Unilog Brand --,-- No DIB Brand --,Makita Usa Inc (5142),Makita Corporation,MAKITA®,,XVP01Z,,,"MAKITA®, Commercial Product, XVP01Z",COMMERCIAL PRODUCT 18 V,"MAKITA®, XVP01Z, Commercial Product","MAKITA® Commercial Product, 18 V","MAKITA®, Commercial Product",,,,,,,,,,,,,,,,,,,,,,,,,,,"MAKITA®, Commercial Product",Series,,,Model,,,Item Type,,,Voltage Rating,18,V,Amperage Rating,,,Dimensions,,,Mounting Type,,,Material,,,Color,,,Sound Level,,,Additional Information,,,,,,,,,,,,,,,,,,,,,,,,,,,,,,,,,,,,,,,,,,,,,,,,,,,,,,,,,,,,,,,,,,,,,,,,,,,,,,,,,,,,,,,,,,,,,,,,,,,,,,,,,,,,,,,,,,,,,,,,,,,,,,1,EA,,,,,,,,,,,,,,,,,,,,,,,,,,,,,,,,,,,,,US,No,No
https://www.dewalt.com/product/DCM200B,,,,,,DCM200B,,,,DCM200B,DCM200B,DCM200B Dewalt 1/2in x 18in - Band File,-- Unbranded --,-- No Unilog Brand --,-- No DIB Brand --,Black & Decker/dewlt (2585),Stanley Black & Decker,DEWALT®,,DCM200B,,,"DEWALT®, Commercial Product, DCM200B",COMMERCIAL PRODUCT 1/2 IN X 18 IN,"DEWALT®, DCM200B, Commercial Product","DEWALT® Commercial Product, 1/2 in x 18 in","DEWALT®, Commercial Product",,,,,,,,,,,,,,,,,,,,,,,,,,,"DEWALT®, Commercial Product",Series,,,Model,,,Item Type,,,Voltage Rating,,,Amperage Rating,,,Dimensions,1/2 in x 18 in,,Mounting Type,,,Material,,,Color,,,Sound Level,,,Additional Information,,,,,,,,,,,,,,,ArborSize,18,in,,,,,,,,,,,,,,,,,,,,,,,,,,,,,,,,,,,,,,,,,,,,,,,,,,,,,,,,,,,,,,,,,,,,,,,,,,,,,,,,,,,,,,,,,,,,,,,,,,,,,,,,,,,,,1,EA,,,,,,,,,,,,,,,,,,,,,,,,,,,,,,,,,,,,,US,No,No
https://www.dewalt.com/product/DCG410B,,,,,,DCG410B,,,,DCG410B,DCG410B,"DCG410B Dewalt 20V 4-1/2""-5"" - Angle Grinder",-- Unbranded --,-- No Unilog Brand --,-- No DIB Brand --,Black & Decker/dewlt (2585),Stanley Black & Decker,DEWALT®,,DCG410B,,,"DEWALT®, Commercial Product, DCG410B",COMMERCIAL PRODUCT 20 V,"DEWALT®, DCG410B, Commercial Product","DEWALT® Commercial Product, 20 V","DEWALT®, Commercial Product",,,,,,,,,,,,,,,,,,,,,,,,,,,"DEWALT®, Commercial Product",Series,,,Model,,,Item Type,,,Voltage Rating,20,V,Amperage Rating,,,Dimensions,,,Mounting Type,,,Material,,,Color,,,Sound Level,,,Additional Information,,,,,,,,,,,,,,,,,,,,,,,,,,,,,,,,,,,,,,,,,,,,,,,,,,,,,,,,,,,,,,,,,,,,,,,,,,,,,,,,,,,,,,,,,,,,,,,,,,,,,,,,,,,,,,,,,,,,,,,,,,,,,,1,EA,,,,,,,,,,,,,,,,,,,,,,,,,,,,,,,,,,,,,US,No,No
https://www.dewalt.com/product/DCG460B,,,,,,DCG460B,,,,DCG460B,DCG460B,"DCG460B Dewalt 60V Grinder - 7-9""",-- Unbranded --,-- No Unilog Brand --,-- No DIB Brand --,Black & Decker/dewlt (2585),Stanley Black & Decker,DEWALT®,,DCG460B,,,"DEWALT®, Commercial Product, DCG460B",COMMERCIAL PRODUCT 60 V,"DEWALT®, DCG460B, Commercial Product","DEWALT® Commercial Product, 60 V","DEWALT®, Commercial Product",,,,,,,,,,,,,,,,,,,,,,,,,,,"DEWALT®, Commercial Product",Series,,,Model,,,Item Type,,,Voltage Rating,60,V,Amperage Rating,,,Dimensions,,,Mounting Type,,,Material,,,Color,,,Sound Level,,,Additional Information,,,,,,,,,,,,,,,,,,,,,,,,,,,,,,,,,,,,,,,,,,,,,,,,,,,,,,,,,,,,,,,,,,,,,,,,,,,,,,,,,,,,,,,,,,,,,,,,,,,,,,,,,,,,,,,,,,,,,,,,,,,,,,1,EA,,,,,,,,,,,,,,,,,,,,,,,,,,,,,,,,,,,,,US,No,No
https://www.dewalt.com/product/DCG402B,,,,,,DCG402B,,,,DCG402B,DCG402B,"DCG402B Dewalt 20V 4.5"" Angle Grinder",-- Unbranded --,-- No Unilog Brand --,-- No DIB Brand --,Black & Decker/dewlt (2585),Stanley Black & Decker,DEWALT®,,DCG402B,,,"DEWALT®, Commercial Product, DCG402B",COMMERCIAL PRODUCT 20 V,"DEWALT®, DCG402B, Commercial Product","DEWALT® Commercial Product, 20 V","DEWALT®, Commercial Product",,,,,,,,,,,,,,,,,,,,,,,,,,,"DEWALT®, Commercial Product",Series,,,Model,,,Item Type,,,Voltage Rating,20,V,Amperage Rating,,,Dimensions,,,Mounting Type,,,Material,,,Color,,,Sound Level,,,Additional Information,,,,,,,,,,,,,,,,,,,,,,,,,,,,,,,,,,,,,,,,,,,,,,,,,,,,,,,,,,,,,,,,,,,,,,,,,,,,,,,,,,,,,,,,,,,,,,,,,,,,,,,,,,,,,,,,,,,,,,,,,,,,,,1,EA,,,,,,,,,,,,,,,,,,,,,,,,,,,,,,,,,,,,,US,No,No
https://www.milwaukeetool.com/product/3485-20,,,,,,3485-20,,,,3485-20,3485-20,"3485-20 Milw M12 1/4"" Right Angle Die Grinder",-- Unbranded --,-- No Unilog Brand --,-- No DIB Brand --,Milwaukee Accessory (4031),Milwaukee Electric Tool Corporation,MILWAUKEE®,,3485-20,,,"MILWAUKEE®, Commercial Product, 3485-20",COMMERCIAL PRODUCT,"MILWAUKEE®, 3485-20, Commercial Product",MILWAUKEE® Commercial Product,"MILWAUKEE®, Commercial Product",,,,,,,,,,,,,,,,,,,,,,,,,,,"MILWAUKEE®, Commercial Product",Series,,,Model,,,Item Type,,,Voltage Rating,,,Amperage Rating,,,Dimensions,,,Mounting Type,,,Material,,,Color,,,Sound Level,,,Additional Information,,,,,,,,,,,,,,,,,,,,,,,,,,,,,,,,,,,,,,,,,,,,,,,,,,,,,,,,,,,,,,,,,,,,,,,,,,,,,,,,,,,,,,,,,,,,,,,,,,,,,,,,,,,,,,,,,,,,,,,,,,,,,,1,EA,,,,,,,,,,,,,,,,,,,,,,,,,,,,,,,,,,,,,US,No,No
https://www.dewalt.com/product/DCG420B,,,,,,DCG420B,,,,DCG420B,DCG420B,DCG420B Dewalt 20V Die Grinder,-- Unbranded --,-- No Unilog Brand --,-- No DIB Brand --,Black & Decker/dewlt (2585),Stanley Black & Decker,DEWALT®,,DCG420B,,,"DEWALT®, Commercial Product, DCG420B",COMMERCIAL PRODUCT 20 V,"DEWALT®, DCG420B, Commercial Product","DEWALT® Commercial Product, 20 V","DEWALT®, Commercial Product",,,,,,,,,,,,,,,,,,,,,,,,,,,"DEWALT®, Commercial Product",Series,,,Model,,,Item Type,,,Voltage Rating,20,V,Amperage Rating,,,Dimensions,,,Mounting Type,,,Material,,,Color,,,Sound Level,,,Additional Information,,,,,,,,,,,,,,,,,,,,,,,,,,,,,,,,,,,,,,,,,,,,,,,,,,,,,,,,,,,,,,,,,,,,,,,,,,,,,,,,,,,,,,,,,,,,,,,,,,,,,,,,,,,,,,,,,,,,,,,,,,,,,,1,EA,,,,,,,,,,,,,,,,,,,,,,,,,,,,,,,,,,,,,US,No,No
https://www.dewalt.com/product/DCG422B,,,,,,DCG422B,,,,DCG422B,DCG422B,DCG422B Dewalt 20V Right Angle Die Grinder,-- Unbranded --,-- No Unilog Brand --,-- No DIB Brand --,Black & Decker/dewlt (2585),Stanley Black & Decker,DEWALT®,,DCG422B,,,"DEWALT®, Commercial Product, DCG422B",COMMERCIAL PRODUCT 20 V,"DEWALT®, DCG422B, Commercial Product","DEWALT® Commercial Product, 20 V","DEWALT®, Commercial Product",,,,,,,,,,,,,,,,,,,,,,,,,,,"DEWALT®, Commercial Product",Series,,,Model,,,Item Type,,,Voltage Rating,20,V,Amperage Rating,,,Dimensions,,,Mounting Type,,,Material,,,Color,,,Sound Level,,,Additional Information,,,,,,,,,,,,,,,,,,,,,,,,,,,,,,,,,,,,,,,,,,,,,,,,,,,,,,,,,,,,,,,,,,,,,,,,,,,,,,,,,,,,,,,,,,,,,,,,,,,,,,,,,,,,,,,,,,,,,,,,,,,,,,1,EA,,,,,,,,,,,,,,,,,,,,,,,,,,,,,,,,,,,,,US,No,No
,,,,,,924422,,,,924422,924422,924422 Mafell Carpentry - Planing Machine ZH 320 Ec 120V,-- Unbranded --,-- No Unilog Brand --,-- No DIB Brand --,-,-,-,,924422,,,"-, Commercial Product, 924422",COMMERCIAL PRODUCT 120 V,"-, 924422, Commercial Product","- Commercial Product, 120 V","-, Commercial Product",,,,,,,,,,,,,,,,,,,,,,,,,,,"-, Commercial Product",Series,,,Model,,,Item Type,,,Voltage Rating,120,V,Amperage Rating,,,Dimensions,,,Mounting Type,,,Material,,,Color,,,Sound Level,,,Additional Information,,,,,,,,,,,,,,,,,,,,,,,,,,,,,,,,,,,,,,,,,,,,,,,,,,,,,,,,,,,,,,,,,,,,,,,,,,,,,,,,,,,,,,,,,,,,,,,,,,,,,,,,,,,,,,,,,,,,,,,,,,,,,,1,EA,,,,,,,,,,,,,,,,,,,,,,,,,,,,,,,,,,,,,US,No,No
https://www.dewalt.com/product/DCW620B,,,,,,DCW620B,,,,DCW620B,DCW620B,DCW620B Dewalt 20V Plunge - Router,-- Unbranded --,-- No Unilog Brand --,-- No DIB Brand --,Black & Decker/dewlt (2585),Stanley Black & Decker,DEWALT®,,DCW620B,,,"DEWALT®, Commercial Product, DCW620B",COMMERCIAL PRODUCT 20 V,"DEWALT®, DCW620B, Commercial Product","DEWALT® Commercial Product, 20 V","DEWALT®, Commercial Product",,,,,,,,,,,,,,,,,,,,,,,,,,,"DEWALT®, Commercial Product",Series,,,Model,,,Item Type,,,Voltage Rating,20,V,Amperage Rating,,,Dimensions,,,Mounting Type,,,Material,,,Color,,,Sound Level,,,Additional Information,,,,,,,,,,,,,,,,,,,,,,,,,,,,,,,,,,,,,,,,,,,,,,,,,,,,,,,,,,,,,,,,,,,,,,,,,,,,,,,,,,,,,,,,,,,,,,,,,,,,,,,,,,,,,,,,,,,,,,,,,,,,,,1,EA,,,,,,,,,,,,,,,,,,,,,,,,,,,,,,,,,,,,,US,No,No
https://www.milwaukeetool.com/product/2535-20,,,,,,2535-20,,,,2535-20,2535-20,"2535-20 Milw 3"" Orbit Sander - M12",-- Unbranded --,-- No Unilog Brand --,-- No DIB Brand --,Milwaukee Accessory (4031),Milwaukee Electric Tool Corporation,MILWAUKEE®,,2535-20,,,"MILWAUKEE®, Drill Bit, 2535-20",DRILL BIT,"MILWAUKEE®, 2535-20, Drill Bit",MILWAUKEE® Drill Bit,"MILWAUKEE®, Drill Bit",,,,,,,,,,,,,,,,,,,,,,,,,,,Drill Bit,Series,,,Model,,,Item Type,,,Voltage Rating,,,Amperage Rating,,,Dimensions,,,Mounting Type,,,Material,,,Color,,,Sound Level,,,Additional Information,,,,,,,,,,,,,,,,,,,,,,,,,,,,,,,,,,,,,,,,,,,,,,,,,,,,,,,,,,,,,,,,,,,,,,,,,,,,,,,,,,,,,,,,,,,,,,,,,,,,,,,,,,,,,,,,,,,,,,,,,,,,,,1,EA,,,,,,,,,,,,,,,,,,,,,,,,,,,,,,,,,,,,,US,No,No
https://www.milwaukeetool.com/product/2837-20,,,,,,2837-20,,,,2837-20,2837-20,"2837-20 Milw M18 5"" Sander - Orbital",-- Unbranded --,-- No Unilog Brand --,-- No DIB Brand --,Milwaukee Accessory (4031),Milwaukee Electric Tool Corporation,MILWAUKEE®,,2837-20,,,"MILWAUKEE®, Commercial Product, 2837-20, M18­ FUEL™ 5"" Random Orbital Sander | M","COMM PRODUCT M18­ FUEL™ 5"" RANDOM","MILWAUKEE®, 2837-20, Commercial Product, M18­ FUEL™ 5"" Random Orbital Sander | Mi Mounting","MILWAUKEE® Commercial Product, M18­ FUEL™ 5"" Random Orbital Sander | Mi A, M18­ FUEL™ 5"" Random Orbital Sander | Mi Mounting, The sander features a random orbital sanding motion with a 3","MILWAUKEE®, Commercial Product, M18­ FUEL™ 5"" Random Orbital Sander | Mi Mounting",,,,,,,,,,,,,,,,,,,,,,,,,,,"MILWAUKEE®, Commercial Product, M18­ FUEL™ 5"" Random Orbital Sander | Mi Mounting",Series,,,Model,,,Item Type,,,Voltage Rating,,,Amperage Rating,"M18­ FUEL™ 5"" Random Orbital Sander | Mi",,Dimensions,The sander features a random orbital sanding motion with a 3,,Mounting Type,"M18­ FUEL™ 5"" Random Orbital Sander | Mi",,Material,,,Color,,,Sound Level,,,Additional Information,,,,,,,,,,,,,,,,,,,,,,,,,,,,,,,,,,,,,,,,,,,,,,,,,,,,,,,,,,,,,,,,,,,,,,,,,,,,,,,,,,,,,,,,,,,,,,,,,,,,,,,,,,,,,,,,,,,,,,,,,,,,,,1,EA,,,,,,,,,,,,,,,,,,,,,,,,,,,,,,,,,,,,,US,No,No
https://www.festoolusa.com/product/577728,,,,,,577728,,,,577728,577728,577728 Festool Cordless Sander - ETSC 2 150 I-Plus,-- Unbranded --,-- No Unilog Brand --,-- No DIB Brand --,Festool USA (FESTO),Festool GmbH,FESTOOL®,,577728,,,"FESTOOL®, Commercial Product, 577728",COMMERCIAL PRODUCT,"FESTOOL®, 577728, Commercial Product",FESTOOL® Commercial Product,"FESTOOL®, Commercial Product",,,,,,,,,,,,,,,,,,,,,,,,,,,"FESTOOL®, Commercial Product",Series,,,Model,,,Item Type,,,Voltage Rating,,,Amperage Rating,,,Dimensions,,,Mounting Type,,,Material,,,Color,,,Sound Level,,,Additional Information,,,,,,,,,,,,,,,,,,,,,,,,,,,,,,,,,,,,,,,,,,,,,,,,,,,,,,,,,,,,,,,,,,,,,,,,,,,,,,,,,,,,,,,,,,,,,,,,,,,,,,,,,,,,,,,,,,,,,,,,,,,,,,1,EA,,,,,,,,,,,,,,,,,,,,,,,,,,,,,,,,,,,,,US,No,No
https://www.festoolusa.com/product/577738,,,,,,577738,,,,577738,577738,577738 Festool Cordless Sander - ETSC 2 125 I-Plus,-- Unbranded --,-- No Unilog Brand --,-- No DIB Brand --,Festool USA (FESTO),Festool GmbH,FESTOOL®,,577738,,,"FESTOOL®, Commercial Product, 577738",COMMERCIAL PRODUCT,"FESTOOL®, 577738, Commercial Product",FESTOOL® Commercial Product,"FESTOOL®, Commercial Product",,,,,,,,,,,,,,,,,,,,,,,,,,,"FESTOOL®, Commercial Product",Series,,,Model,,,Item Type,,,Voltage Rating,,,Amperage Rating,,,Dimensions,,,Mounting Type,,,Material,,,Color,,,Sound Level,,,Additional Information,,,,,,,,,,,,,,,,,,,,,,,,,,,,,,,,,,,,,,,,,,,,,,,,,,,,,,,,,,,,,,,,,,,,,,,,,,,,,,,,,,,,,,,,,,,,,,,,,,,,,,,,,,,,,,,,,,,,,,,,,,,,,,1,EA,,,,,,,,,,,,,,,,,,,,,,,,,,,,,,,,,,,,,US,No,No
https://www.kregtool.com/product/KPTRS500A,,,,,,KPTRS500A,,,,KPTRS500A,KPTRS500A,"KPTRS500A Kreg 20V Ionic 5"" Random Orbit Sander",-- Unbranded --,-- No Unilog Brand --,-- No DIB Brand --,Kreg Tool Company (KRETO),Kreg Tool Company,KREG®,,KPTRS500A,,,"KREG®, Drill Bit, KPTRS500A",DRILL BIT 20 V,"KREG®, KPTRS500A, Drill Bit","KREG® Drill Bit, 20 V","KREG®, Drill Bit",,,,,,,,,,,,,,,,,,,,,,,,,,,Drill Bit,Series,,,Model,,,Item Type,,,Voltage Rating,20,V,Amperage Rating,,,Dimensions,,,Mounting Type,,,Material,,,Color,,,Sound Level,,,Additional Information,,,,,,,,,,,,,,,,,,,,,,,,,,,,,,,,,,,,,,,,,,,,,,,,,,,,,,,,,,,,,,,,,,,,,,,,,,,,,,,,,,,,,,,,,,,,,,,,,,,,,,,,,,,,,,,,,,,,,,,,,,,,,,1,EA,,,,,,,,,,,,,,,,,,,,,,,,,,,,,,,,,,,,,US,No,No
https://www.mirka.com/product/24-35M-320,,,,,,24-35M-320,,,,24-35M-320,24-35M-320,"24-35M-320 Iridium Grip - 3.2"" x 5.2"" Grip",-- Unbranded --,-- No Unilog Brand --,-- No DIB Brand --,Mirka Abrasives Inc (MIRUS),Mirka Ltd.,MIRKA®,,24-35M-320,,,"MIRKA®, Commercial Product, 24-35M-320",COMMERCIAL PRODUCT 3.2 IN X 5.2,"MIRKA®, 24-35M-320, Commercial Product","MIRKA® Commercial Product, 3.2 in x 5.2","MIRKA®, Commercial Product",,,,,,,,,,,,,,,,,,,,,,,,,,,"MIRKA®, Commercial Product",Series,,,Model,,,Item Type,,,Voltage Rating,,,Amperage Rating,,,Dimensions,3.2 in x 5.2,,Mounting Type,,,Material,,,Color,,,Sound Level,,,Additional Information,,,,,,,,,,,,,,,ArborSize,5.2,in,,,,,,,,,,,,,,,,,,,,,,,,,,,,,,,,,,,,,,,,,,,,,,,,,,,,,,,,,,,,,,,,,,,,,,,,,,,,,,,,,,,,,,,,,,,,,,,,,,,,,,,,,,,,,1,EA,,,,,,,,,,,,,,,,,,,,,,,,,,,,,,,,,,,,,US,No,No
https://www.mirka.com/product/9A-129-120,,,,,,9A-129-120,Tools & Hardware,Abrasives,Cutting Discs,9A-129-120,9A-129-120,9A-129-120 Abranet 3x4 - 50 Sheets/Box,-- Unbranded --,-- No Unilog Brand --,-- No DIB Brand --,Mirka Abrasives Inc (MIRUS),Mirka Ltd.,MIRKA®,,9A-129-120,,Tools & Hardware>Abrasives>Cutting & Grinding Discs,"MIRKA®, Abrasive Disc, 9A-129-120",ABRASIVE DISC 3X4,"MIRKA®, 9A-129-120, Abrasive Disc","MIRKA® Abrasive Disc, 9 A, 3x4","MIRKA®, Abrasive Disc",,,,,,,,,,,,,,,,,,,,,,,,,,,Abrasive Disc,Item Type,,,Dimensions,3x4,,Grit,,,Arbor Size,,,Abrasive Material,,,Pack Quantity,,,Additional Information,,,,,,,,,,,,,,,,,,,,,,,,,,,Amperage,9,A,,,,,,,,,,,,,,,,,,,,,,,,,,,,,,,,,,,,,,,,,,,,,,,,,,,,,,,,,,,,,,,,,,,,,,,,,,,,,,,,,,,,,,,,,,,,,,,,,,,,,,,,,,,,,1,EA,,,,,,,,,,,,,,,,,,,,,,,,,,,,,,,,,,,,,US,No,No
https://www.festoolusa.com/product/578800,,,,,,578800,,,,578800,578800,578800 Festool 80x133 M GR PRO/10,-- Unbranded --,-- No Unilog Brand --,-- No DIB Brand --,Festool USA (FESTO),Festool GmbH,FESTOOL®,,578800,,,"FESTOOL®, Commercial Product, 578800",COMMERCIAL PRODUCT 80X133,"FESTOOL®, 578800, Commercial Product","FESTOOL® Commercial Product, 80x133","FESTOOL®, Commercial Product",,,,,,,,,,,,,,,,,,,,,,,,,,,"FESTOOL®, Commercial Product",Series,,,Model,,,Item Type,,,Voltage Rating,,,Amperage Rating,,,Dimensions,80x133,,Mounting Type,,,Material,,,Color,,,Sound Level,,,Additional Information,,,,,,,,,,,,,,,ArborSize,133,,,,,,,,,,,,,,,,,,,,,,,,,,,,,,,,,,,,,,,,,,,,,,,,,,,,,,,,,,,,,,,,,,,,,,,,,,,,,,,,,,,,,,,,,,,,,,,,,,,,,,,,,,,,,,1,EA,,,,,,,,,,,,,,,,,,,,,,,,,,,,,,,,,,,,,US,No,No
https://www.festoolusa.com/product/578801,,,,,,578801,,,,578801,578801,578801 Festool 80x133 F GR PRO/10,-- Unbranded --,-- No Unilog Brand --,-- No DIB Brand --,Festool USA (FESTO),Festool GmbH,FESTOOL®,,578801,,,"FESTOOL®, Commercial Product, 578801",COMMERCIAL PRODUCT 80X133,"FESTOOL®, 578801, Commercial Product","FESTOOL® Commercial Product, 80x133","FESTOOL®, Commercial Product",,,,,,,,,,,,,,,,,,,,,,,,,,,"FESTOOL®, Commercial Product",Series,,,Model,,,Item Type,,,Voltage Rating,,,Amperage Rating,,,Dimensions,80x133,,Mounting Type,,,Material,,,Color,,,Sound Level,,,Additional Information,,,,,,,,,,,,,,,ArborSize,133,,,,,,,,,,,,,,,,,,,,,,,,,,,,,,,,,,,,,,,,,,,,,,,,,,,,,,,,,,,,,,,,,,,,,,,,,,,,,,,,,,,,,,,,,,,,,,,,,,,,,,,,,,,,,,1,EA,,,,,,,,,,,,,,,,,,,,,,,,,,,,,,,,,,,,,US,No,No
https://www.festoolusa.com/product/578802,,,,,,578802,,,,578802,578802,578802 Festool 80x133 S GR PRO/10,-- Unbranded --,-- No Unilog Brand --,-- No DIB Brand --,Festool USA (FESTO),Festool GmbH,FESTOOL®,,578802,,,"FESTOOL®, Commercial Product, 578802",COMMERCIAL PRODUCT 80X133,"FESTOOL®, 578802, Commercial Product","FESTOOL® Commercial Product, 80x133","FESTOOL®, Commercial Product",,,,,,,,,,,,,,,,,,,,,,,,,,,"FESTOOL®, Commercial Product",Series,,,Model,,,Item Type,,,Voltage Rating,,,Amperage Rating,,,Dimensions,80x133,,Mounting Type,,,Material,,,Color,,,Sound Level,,,Additional Information,,,,,,,,,,,,,,,ArborSize,133,,,,,,,,,,,,,,,,,,,,,,,,,,,,,,,,,,,,,,,,,,,,,,,,,,,,,,,,,,,,,,,,,,,,,,,,,,,,,,,,,,,,,,,,,,,,,,,,,,,,,,,,,,,,,,1,EA,,,,,,,,,,,,,,,,,,,,,,,,,,,,,,,,,,,,,US,No,No
https://www.festoolusa.com/product/578808,,,,,,578808,,,,578808,578808,578808 Festool 3x4 M GR PRO/10,-- Unbranded --,-- No Unilog Brand --,-- No DIB Brand --,Festool USA (FESTO),Festool GmbH,FESTOOL®,,578808,,,"FESTOOL®, Commercial Product, 578808",COMMERCIAL PRODUCT 3X4,"FESTOOL®, 578808, Commercial Product","FESTOOL® Commercial Product, 3x4","FESTOOL®, Commercial Product",,,,,,,,,,,,,,,,,,,,,,,,,,,"FESTOOL®, Commercial Product",Series,,,Model,,,Item Type,,,Voltage Rating,,,Amperage Rating,,,Dimensions,3x4,,Mounting Type,,,Material,,,Color,,,Sound Level,,,Additional Information,,,,,,,,,,,,,,,ArborSize,4,,,,,,,,,,,,,,,,,,,,,,,,,,,,,,,,,,,,,,,,,,,,,,,,,,,,,,,,,,,,,,,,,,,,,,,,,,,,,,,,,,,,,,,,,,,,,,,,,,,,,,,,,,,,,,1,EA,,,,,,,,,,,,,,,,,,,,,,,,,,,,,,,,,,,,,US,No,No
https://www.festoolusa.com/product/578809,,,,,,578809,,,,578809,578809,578809 Festool 3x4 F GR PRO/10,-- Unbranded --,-- No Unilog Brand --,-- No DIB Brand --,Festool USA (FESTO),Festool GmbH,FESTOOL®,,578809,,,"FESTOOL®, Commercial Product, 578809",COMMERCIAL PRODUCT 3X4,"FESTOOL®, 578809, Commercial Product","FESTOOL® Commercial Product, 3x4","FESTOOL®, Commercial Product",,,,,,,,,,,,,,,,,,,,,,,,,,,"FESTOOL®, Commercial Product",Series,,,Model,,,Item Type,,,Voltage Rating,,,Amperage Rating,,,Dimensions,3x4,,Mounting Type,,,Material,,,Color,,,Sound Level,,,Additional Information,,,,,,,,,,,,,,,ArborSize,4,,,,,,,,,,,,,,,,,,,,,,,,,,,,,,,,,,,,,,,,,,,,,,,,,,,,,,,,,,,,,,,,,,,,,,,,,,,,,,,,,,,,,,,,,,,,,,,,,,,,,,,,,,,,,,1,EA,,,,,,,,,,,,,,,,,,,,,,,,,,,,,,,,,,,,,US,No,No
https://www.festoolusa.com/product/578810,,,,,,578810,,,,578810,578810,578810 Festool 3x4 S GR PRO/10,-- Unbranded --,-- No Unilog Brand --,-- No DIB Brand --,Festool USA (FESTO),Festool GmbH,FESTOOL®,,578810,,,"FESTOOL®, Commercial Product, 578810",COMMERCIAL PRODUCT 3X4,"FESTOOL®, 578810, Commercial Product","FESTOOL® Commercial Product, 3x4","FESTOOL®, Commercial Product",,,,,,,,,,,,,,,,,,,,,,,,,,,"FESTOOL®, Commercial Product",Series,,,Model,,,Item Type,,,Voltage Rating,,,Amperage Rating,,,Dimensions,3x4,,Mounting Type,,,Material,,,Color,,,Sound Level,,,Additional Information,,,,,,,,,,,,,,,ArborSize,4,,,,,,,,,,,,,,,,,,,,,,,,,,,,,,,,,,,,,,,,,,,,,,,,,,,,,,,,,,,,,,,,,,,,,,,,,,,,,,,,,,,,,,,,,,,,,,,,,,,,,,,,,,,,,,1,EA,,,,,,,,,,,,,,,,,,,,,,,,,,,,,,,,,,,,,US,No,No
https://www.festoolusa.com/product/578811,,,,,,578811,,,,578811,578811,578811 Festool 3x4 GR PRO/10-Set,-- Unbranded --,-- No Unilog Brand --,-- No DIB Brand --,Festool USA (FESTO),Festool GmbH,FESTOOL®,,578811,,,"FESTOOL®, Commercial Product, 578811",COMMERCIAL PRODUCT 3X4,"FESTOOL®, 578811, Commercial Product","FESTOOL® Commercial Product, 3x4","FESTOOL®, Commercial Product",,,,,,,,,,,,,,,,,,,,,,,,,,,"FESTOOL®, Commercial Product",Series,,,Model,,,Item Type,,,Voltage Rating,,,Amperage Rating,,,Dimensions,3x4,,Mounting Type,,,Material,,,Color,,,Sound Level,,,Additional Information,,,,,,,,,,,,,,,ArborSize,4,,,,,,,,,,,,,,,,,,,,,,,,,,,,,,,,,,,,,,,,,,,,,,,,,,,,,,,,,,,,,,,,,,,,,,,,,,,,,,,,,,,,,,,,,,,,,,,,,,,,,,,,,,,,,,1,EA,,,,,,,,,,,,,,,,,,,,,,,,,,,,,,,,,,,,,US,No,No
https://www.festoolusa.com/product/578192,,,,,,578192,,,,578192,578192,578192 Festool D 150 GR SYS - Systainer Abrasive Set,-- Unbranded --,-- No Unilog Brand --,-- No DIB Brand --,Festool USA (FESTO),Festool GmbH,FESTOOL®,,578192,,,"FESTOOL®, Commercial Product, 578192",COMMERCIAL PRODUCT,"FESTOOL®, 578192, Commercial Product",FESTOOL® Commercial Product,"FESTOOL®, Commercial Product",,,,,,,,,,,,,,,,,,,,,,,,,,,"FESTOOL®, Commercial Product",Series,,,Model,,,Item Type,,,Voltage Rating,,,Amperage Rating,,,Dimensions,,,Mounting Type,,,Material,,,Color,,,Sound Level,,,Additional Information,,,,,,,,,,,,,,,,,,,,,,,,,,,,,,,,,,,,,,,,,,,,,,,,,,,,,,,,,,,,,,,,,,,,,,,,,,,,,,,,,,,,,,,,,,,,,,,,,,,,,,,,,,,,,,,,,,,,,,,,,,,,,,1,EA,,,,,,,,,,,,,,,,,,,,,,,,,,,,,,,,,,,,,US,No,No
https://www.festoolusa.com/product/578806,,,,,,578806,,,,578806,578806,578806 Festool Delta S GR PRO/10,-- Unbranded --,-- No Unilog Brand --,-- No DIB Brand --,Festool USA (FESTO),Festool GmbH,FESTOOL®,,578806,,,"FESTOOL®, Commercial Product, 578806",COMMERCIAL PRODUCT,"FESTOOL®, 578806, Commercial Product",FESTOOL® Commercial Product,"FESTOOL®, Commercial Product",,,,,,,,,,,,,,,,,,,,,,,,,,,"FESTOOL®, Commercial Product",Series,,,Model,,,Item Type,,,Voltage Rating,,,Amperage Rating,,,Dimensions,,,Mounting Type,,,Material,,,Color,,,Sound Level,,,Additional Information,,,,,,,,,,,,,,,,,,,,,,,,,,,,,,,,,,,,,,,,,,,,,,,,,,,,,,,,,,,,,,,,,,,,,,,,,,,,,,,,,,,,,,,,,,,,,,,,,,,,,,,,,,,,,,,,,,,,,,,,,,,,,,1,EA,,,,,,,,,,,,,,,,,,,,,,,,,,,,,,,,,,,,,US,No,No
https://www.diablotools.com/product/D0860X,,,,,,D0860X,Tools & Hardware,Power Tool Accessories,Saw Blades,D0860X,D0860X,"D0860X Diablo 8-1/4"" 60 Tooth - Fine Finish Saw Blade",-- Unbranded --,-- No Unilog Brand --,-- No DIB Brand --,Freud Inc (2435),Freud Tools / Robert Bosch Tool Corporation,DIABLO®,,D0860X,,Tools & Hardware>Power Tool Accessories>Saw Blades,"DIABLO®, Saw Blade, D0860X",SAW BLADE,"DIABLO®, D0860X, Saw Blade",DIABLO® Saw Blade,"DIABLO®, Saw Blade",,,,,,,,,,,,,,,,,,,,,,,,,,,Saw Blade,Item Type,,,Dimensions,,,Grit,,,Arbor Size,,,Abrasive Material,,,Pack Quantity,,,Additional Information,,,,,,,,,,,,,,,,,,,,,,,,,,,,,,,,,,,,,,,,,,,,,,,,,,,,,,,,,,,,,,,,,,,,,,,,,,,,,,,,,,,,,,,,,,,,,,,,,,,,,,,,,,,,,,,,,,,,,,,,,,,,,,,,,,,,,,,,,,1,EA,,,,,,,,,,,,,,,,,,,,,,,,,,,,,,,,,,,,,US,No,No
https://www.milwaukeetool.com/product/48-40-0740,,,,,,48-40-0740,Tools & Hardware,Power Tool Accessories,Saw Blades,48-40-0740,48-40-0740,48-40-0740 Milw 7-1/4in. 24T - Framing Circ Saw Blade,-- Unbranded --,-- No Unilog Brand --,-- No DIB Brand --,Milwaukee Accessory (4031),Milwaukee Electric Tool Corporation,MILWAUKEE®,,48-40-0740,,Tools & Hardware>Power Tool Accessories>Saw Blades,"MILWAUKEE®, Saw Blade, 48-40-0740, 7-1/4"" 24T Thick Kerf Framing Circular S Moun",SAW BLADE 7-1/4 IN,"MILWAUKEE®, 48-40-0740, Saw Blade, 7-1/4"" 24T Thick Kerf Framing Circular S Mounting","MILWAUKEE® Saw Blade, 7-1/4"" 24T Thick Kerf Framing Circular S A, 7-1/4"" 24T Thick Kerf Framing Circular S Mounting, 7-1/4 in","MILWAUKEE®, Saw Blade, 7-1/4"" 24T Thick Kerf Framing Circular S Mounting",,,,,,,,,,,,,,,,,,,,,,,,,,,Saw Blade,Item Type,,,Dimensions,7-1/4,in,Grit,,,Arbor Size,,,Abrasive Material,,,Pack Quantity,,,Additional Information,,,,,,,,,,,,,,,,,,,,,,,,,,,Mounting Type,"7-1/4"" 24T Thick Kerf Framing Circular S",,Amperage,"7-1/4"" 24T Thick Kerf Framing Circular S",,,,,,,,,,,,,,,,,,,,,,,,,,,,,,,,,,,,,,,,,,,,,,,,,,,,,,,,,,,,,,,,,,,,,,,,,,,,,,,,,,,,,,,,,,,,,,,,,,,,,,,,,,,1,EA,,,,,,,,,,,,,,,,,,,,,,,,,,,,,,,,,,,,,US,No,No
https://www.milwaukeetool.com/product/48-41-0740,,,,,,48-41-0740,Tools & Hardware,Power Tool Accessories,Saw Blades,48-41-0740,48-41-0740,48-41-0740 Milw7-1/4 24TFrming - Blade,-- Unbranded --,-- No Unilog Brand --,-- No DIB Brand --,Milwaukee Accessory (4031),Milwaukee Electric Tool Corporation,MILWAUKEE®,,48-41-0740,,Tools & Hardware>Power Tool Accessories>Saw Blades,"MILWAUKEE®, Saw Blade, 48-41-0740, 7-1/4"" 24T Thick Kerf Framing Circular S Moun",SAW BLADE,"MILWAUKEE®, 48-41-0740, Saw Blade, 7-1/4"" 24T Thick Kerf Framing Circular S Mounting","MILWAUKEE® Saw Blade, 7-1/4"" 24T Thick Kerf Framing Circular S A, 7-1/4"" 24T Thick Kerf Framing Circular S Mounting","MILWAUKEE®, Saw Blade, 7-1/4"" 24T Thick Kerf Framing Circular S Mounting",,,,,,,,,,,,,,,,,,,,,,,,,,,Saw Blade,Item Type,,,Dimensions,,,Grit,,,Arbor Size,,,Abrasive Material,,,Pack Quantity,,,Additional Information,,,,,,,,,,,,,,,,,,,,,,,,,,,Mounting Type,"7-1/4"" 24T Thick Kerf Framing Circular S",,Amperage,"7-1/4"" 24T Thick Kerf Framing Circular S",,,,,,,,,,,,,,,,,,,,,,,,,,,,,,,,,,,,,,,,,,,,,,,,,,,,,,,,,,,,,,,,,,,,,,,,,,,,,,,,,,,,,,,,,,,,,,,,,,,,,,,,,,,1,EA,,,,,,,,,,,,,,,,,,,,,,,,,,,,,,,,,,,,,US,No,No
https://www.makitatools.com/product/A-96095,,,,,,A-96095,Tools & Hardware,Power Tool Accessories,Saw Blades,A-96095,A-96095,"A-96095 Makita 5-7/8"" 32T Saw Blade",-- Unbranded --,-- No Unilog Brand --,-- No DIB Brand --,Makita Usa Inc (5142),Makita Corporation,MAKITA®,,A-96095,,Tools & Hardware>Power Tool Accessories>Saw Blades,"MAKITA®, Saw Blade, A-96095",SAW BLADE,"MAKITA®, A-96095, Saw Blade",MAKITA® Saw Blade,"MAKITA®, Saw Blade",,,,,,,,,,,,,,,,,,,,,,,,,,,Saw Blade,Item Type,,,Dimensions,,,Grit,,,Arbor Size,,,Abrasive Material,,,Pack Quantity,,,Additional Information,,,,,,,,,,,,,,,,,,,,,,,,,,,,,,,,,,,,,,,,,,,,,,,,,,,,,,,,,,,,,,,,,,,,,,,,,,,,,,,,,,,,,,,,,,,,,,,,,,,,,,,,,,,,,,,,,,,,,,,,,,,,,,,,,,,,,,,,,,1,EA,,,,,,,,,,,,,,,,,,,,,,,,,,,,,,,,,,,,,US,No,No
https://www.diablotools.com/product/D0760UX,,,,,,D0760UX,Tools & Hardware,Power Tool Accessories,Saw Blades,D0760UX,D0760UX,"D0760UX Diablo 7-1/4"" 60T Circ - Saw Blade",-- Unbranded --,-- No Unilog Brand --,-- No DIB Brand --,Freud Inc (2435),Freud Tools / Robert Bosch Tool Corporation,DIABLO®,,D0760UX,,Tools & Hardware>Power Tool Accessories>Saw Blades,"DIABLO®, Saw Blade, D0760UX",SAW BLADE,"DIABLO®, D0760UX, Saw Blade",DIABLO® Saw Blade,"DIABLO®, Saw Blade",,,,,,,,,,,,,,,,,,,,,,,,,,,Saw Blade,Item Type,,,Dimensions,,,Grit,,,Arbor Size,,,Abrasive Material,,,Pack Quantity,,,Additional Information,,,,,,,,,,,,,,,,,,,,,,,,,,,,,,,,,,,,,,,,,,,,,,,,,,,,,,,,,,,,,,,,,,,,,,,,,,,,,,,,,,,,,,,,,,,,,,,,,,,,,,,,,,,,,,,,,,,,,,,,,,,,,,,,,,,,,,,,,,1,EA,,,,,,,,,,,,,,,,,,,,,,,,,,,,,,,,,,,,,US,No,No
,,,,,,230.312.08,,,,230.312.08,230.312.08,230.312.08 CMT Locked Dado Pro Set,-- Unbranded --,-- No Unilog Brand --,-- No DIB Brand --,CMT USA Inc (CMTUS),CMT USA Inc,CMT USA Inc,,230.312.08,,,"CMT USA Inc, Commercial Product, 230.312.08",COMMERCIAL PRODUCT,"CMT USA Inc, 230.312.08, Commercial Product",CMT USA Inc Commercial Product,"CMT USA Inc, Commercial Product",,,,,,,,,,,,,,,,,,,,,,,,,,,"CMT USA Inc, Commercial Product",Series,,,Model,,,Item Type,,,Voltage Rating,,,Amperage Rating,,,Dimensions,,,Mounting Type,,,Material,,,Color,,,Sound Level,,,Additional Information,,,,,,,,,,,,,,,,,,,,,,,,,,,,,,,,,,,,,,,,,,,,,,,,,,,,,,,,,,,,,,,,,,,,,,,,,,,,,,,,,,,,,,,,,,,,,,,,,,,,,,,,,,,,,,,,,,,,,,,,,,,,,,1,EA,,,,,,,,,,,,,,,,,,,,,,,,,,,,,,,,,,,,,US,No,No
https://www.diablotools.com/product/D0708LF,,,,,,D0708LF,Tools & Hardware,Power Tool Accessories,Saw Blades,D0708LF,D0708LF,"D0708LF Saw Blade 7-1/4""x8 - Laminate & Wood Flooring",-- Unbranded --,-- No Unilog Brand --,-- No DIB Brand --,Freud Inc (2435),Freud Tools / Robert Bosch Tool Corporation,DIABLO®,,D0708LF,,Tools & Hardware>Power Tool Accessories>Saw Blades,"DIABLO®, Saw Blade, D0708LF",SAW BLADE 7-1/4 INX8,"DIABLO®, D0708LF, Saw Blade","DIABLO® Saw Blade, 7-1/4 inx8","DIABLO®, Saw Blade",,,,,,,,,,,,,,,,,,,,,,,,,,,Saw Blade,Item Type,,,Dimensions,7-1/4 inx8,,Grit,,,Arbor Size,,,Abrasive Material,,,Pack Quantity,,,Additional Information,,,,,,,,,,,,,,,,,,,,,,,,,,,,,,,,,,,,,,,,,,,,,,,,,,,,,,,,,,,,,,,,,,,,,,,,,,,,,,,,,,,,,,,,,,,,,,,,,,,,,,,,,,,,,,,,,,,,,,,,,,,,,,,,,,,,,,,,,,1,EA,,,,,,,,,,,,,,,,,,,,,,,,,,,,,,,,,,,,,US,No,No
https://www.diablotools.com/product/D1012LF,,,,,,D1012LF,Tools & Hardware,Power Tool Accessories,Saw Blades,D1012LF,D1012LF,"D1012LF Saw Blade 10""x12Teeth - Laminate & Wood Flooring",-- Unbranded --,-- No Unilog Brand --,-- No DIB Brand --,Freud Inc (2435),Freud Tools / Robert Bosch Tool Corporation,DIABLO®,,D1012LF,,Tools & Hardware>Power Tool Accessories>Saw Blades,"DIABLO®, Saw Blade, D1012LF",SAW BLADE 10 IN,"DIABLO®, D1012LF, Saw Blade","DIABLO® Saw Blade, 10 in","DIABLO®, Saw Blade",,,,,,,,,,,,,,,,,,,,,,,,,,,Saw Blade,Item Type,,,Dimensions,10,in,Grit,,,Arbor Size,,,Abrasive Material,,,Pack Quantity,,,Additional Information,,,,,,,,,,,,,,,,,,,,,,,,,,,,,,,,,,,,,,,,,,,,,,,,,,,,,,,,,,,,,,,,,,,,,,,,,,,,,,,,,,,,,,,,,,,,,,,,,,,,,,,,,,,,,,,,,,,,,,,,,,,,,,,,,,,,,,,,,,1,EA,,,,,,,,,,,,,,,,,,,,,,,,,,,,,,,,,,,,,US,No,No
https://www.diablotools.com/product/D1216LF,,,,,,D1216LF,Tools & Hardware,Power Tool Accessories,Saw Blades,D1216LF,D1216LF,"D1216LF Saw Blade 12""x16Teeth - Laminate & Wood Flooring",-- Unbranded --,-- No Unilog Brand --,-- No DIB Brand --,Freud Inc (2435),Freud Tools / Robert Bosch Tool Corporation,DIABLO®,,D1216LF,,Tools & Hardware>Power Tool Accessories>Saw Blades,"DIABLO®, Saw Blade, D1216LF",SAW BLADE 12 IN,"DIABLO®, D1216LF, Saw Blade","DIABLO® Saw Blade, 12 in","DIABLO®, Saw Blade",,,,,,,,,,,,,,,,,,,,,,,,,,,Saw Blade,Item Type,,,Dimensions,12,in,Grit,,,Arbor Size,,,Abrasive Material,,,Pack Quantity,,,Additional Information,,,,,,,,,,,,,,,,,,,,,,,,,,,,,,,,,,,,,,,,,,,,,,,,,,,,,,,,,,,,,,,,,,,,,,,,,,,,,,,,,,,,,,,,,,,,,,,,,,,,,,,,,,,,,,,,,,,,,,,,,,,,,,,,,,,,,,,,,,1,EA,,,,,,,,,,,,,,,,,,,,,,,,,,,,,,,,,,,,,US,No,No
https://www.dewalt.com/product/DWA47421,,,,,,DWA47421,Tools & Hardware,Power Tool Accessories,Saw Blades,DWA47421,DWA47421,"DWA47421 Dewalt 14"" Segmented - Rim Diamond Blade",-- Unbranded --,-- No Unilog Brand --,-- No DIB Brand --,Black & Decker/dewlt (2585),Stanley Black & Decker,DEWALT®,,DWA47421,,Tools & Hardware>Power Tool Accessories>Saw Blades,"DEWALT®, Saw Blade, DWA47421",SAW BLADE,"DEWALT®, DWA47421, Saw Blade",DEWALT® Saw Blade,"DEWALT®, Saw Blade",,,,,,,,,,,,,,,,,,,,,,,,,,,Saw Blade,Item Type,,,Dimensions,,,Grit,,,Arbor Size,,,Abrasive Material,,,Pack Quantity,,,Additional Information,,,,,,,,,,,,,,,,,,,,,,,,,,,,,,,,,,,,,,,,,,,,,,,,,,,,,,,,,,,,,,,,,,,,,,,,,,,,,,,,,,,,,,,,,,,,,,,,,,,,,,,,,,,,,,,,,,,,,,,,,,,,,,,,,,,,,,,,,,1,EA,,,,,,,,,,,,,,,,,,,,,,,,,,,,,,,,,,,,,US,No,No
https://www.dewalt.com/product/DWA4769,,,,,,DWA4769,Tools & Hardware,Power Tool Accessories,Saw Blades,DWA4769,DWA4769,"DWA4769 Dewalt Rim Glass Tile - Blade 10""",-- Unbranded --,-- No Unilog Brand --,-- No DIB Brand --,Black & Decker/dewlt (2585),Stanley Black & Decker,DEWALT®,,DWA4769,,Tools & Hardware>Power Tool Accessories>Saw Blades,"DEWALT®, Saw Blade, DWA4769",SAW BLADE,"DEWALT®, DWA4769, Saw Blade",DEWALT® Saw Blade,"DEWALT®, Saw Blade",,,,,,,,,,,,,,,,,,,,,,,,,,,Saw Blade,Item Type,,,Dimensions,,,Grit,,,Arbor Size,,,Abrasive Material,,,Pack Quantity,,,Additional Information,,,,,,,,,,,,,,,,,,,,,,,,,,,,,,,,,,,,,,,,,,,,,,,,,,,,,,,,,,,,,,,,,,,,,,,,,,,,,,,,,,,,,,,,,,,,,,,,,,,,,,,,,,,,,,,,,,,,,,,,,,,,,,,,,,,,,,,,,,1,EA,,,,,,,,,,,,,,,,,,,,,,,,,,,,,,,,,,,,,US,No,No
https://www.milwaukeetool.com/product/49-93-9204,,,,,,49-93-9204,Tools & Hardware,Power Tool Accessories,Saw Blades,49-93-9204,49-93-9204,"49-93-9204 Milw 4-1/2"" Diamond - Tile Blade",-- Unbranded --,-- No Unilog Brand --,-- No DIB Brand --,Milwaukee Accessory (4031),Milwaukee Electric Tool Corporation,MILWAUKEE®,,49-93-9204,,Tools & Hardware>Power Tool Accessories>Saw Blades,"MILWAUKEE®, Saw Blade, 49-93-9204, 4-1/2"" DIAMOND MAX™ Continuous, Tile Dia Moun",SAW BLADE,"MILWAUKEE®, 49-93-9204, Saw Blade, 4-1/2"" DIAMOND MAX™ Continuous, Tile Dia Mounting","MILWAUKEE® Saw Blade, 4-1/2"" DIAMOND MAX™ Continuous, Tile Dia A, 4-1/2"" DIAMOND MAX™ Continuous, Tile Dia Mounting","MILWAUKEE®, Saw Blade, 4-1/2"" DIAMOND MAX™ Continuous, Tile Dia Mounting",,,,,,,,,,,,,,,,,,,,,,,,,,,Saw Blade,Item Type,,,Dimensions,,,Grit,,,Arbor Size,,,Abrasive Material,,,Pack Quantity,,,Additional Information,,,,,,,,,,,,,,,,,,,,,,,,,,,Mounting Type,"4-1/2"" DIAMOND MAX™ Continuous, Tile Dia",,Amperage,"4-1/2"" DIAMOND MAX™ Continuous, Tile Dia",,,,,,,,,,,,,,,,,,,,,,,,,,,,,,,,,,,,,,,,,,,,,,,,,,,,,,,,,,,,,,,,,,,,,,,,,,,,,,,,,,,,,,,,,,,,,,,,,,,,,,,,,,,1,EA,,,,,,,,,,,,,,,,,,,,,,,,,,,,,,,,,,,,,US,No,No
https://www.milwaukeetool.com/product/49-93-9207,,,,,,49-93-9207,Tools & Hardware,Power Tool Accessories,Saw Blades,49-93-9207,49-93-9207,"49-93-9207 Milw 7"" Diamond - Tile Blade",-- Unbranded --,-- No Unilog Brand --,-- No DIB Brand --,Milwaukee Accessory (4031),Milwaukee Electric Tool Corporation,MILWAUKEE®,,49-93-9207,,Tools & Hardware>Power Tool Accessories>Saw Blades,"MILWAUKEE®, Saw Blade, 49-93-9207, 7"" DIAMOND MAX™ Continuous, Tile Diamond Moun",SAW BLADE,"MILWAUKEE®, 49-93-9207, Saw Blade, 7"" DIAMOND MAX™ Continuous, Tile Diamond Mounting","MILWAUKEE® Saw Blade, 7"" DIAMOND MAX™ Continuous, Tile Diamond A, 7"" DIAMOND MAX™ Continuous, Tile Diamond Mounting","MILWAUKEE®, Saw Blade, 7"" DIAMOND MAX™ Continuous, Tile Diamond Mounting",,,,,,,,,,,,,,,,,,,,,,,,,,,Saw Blade,Item Type,,,Dimensions,,,Grit,,,Arbor Size,,,Abrasive Material,,,Pack Quantity,,,Additional Information,,,,,,,,,,,,,,,,,,,,,,,,,,,Mounting Type,"7"" DIAMOND MAX™ Continuous, Tile Diamond",,Amperage,"7"" DIAMOND MAX™ Continuous, Tile Diamond",,,,,,,,,,,,,,,,,,,,,,,,,,,,,,,,,,,,,,,,,,,,,,,,,,,,,,,,,,,,,,,,,,,,,,,,,,,,,,,,,,,,,,,,,,,,,,,,,,,,,,,,,,,1,EA,,,,,,,,,,,,,,,,,,,,,,,,,,,,,,,,,,,,,US,No,No
https://www.milwaukeetool.com/product/49-93-9210,,,,,,49-93-9210,Tools & Hardware,Power Tool Accessories,Saw Blades,49-93-9210,49-93-9210,"49-93-9210 Milw 10"" Diamond - Tile Blade",-- Unbranded --,-- No Unilog Brand --,-- No DIB Brand --,Milwaukee Accessory (4031),Milwaukee Electric Tool Corporation,MILWAUKEE®,,49-93-9210,,Tools & Hardware>Power Tool Accessories>Saw Blades,"MILWAUKEE®, Saw Blade, 49-93-9210, 10"" DIAMOND MAX™ Continuous, Tile Diamon Moun",SAW BLADE,"MILWAUKEE®, 49-93-9210, Saw Blade, 10"" DIAMOND MAX™ Continuous, Tile Diamon Mounting","MILWAUKEE® Saw Blade, 10"" DIAMOND MAX™ Continuous, Tile Diamon A, 10"" DIAMOND MAX™ Continuous, Tile Diamon Mounting","MILWAUKEE®, Saw Blade, 10"" DIAMOND MAX™ Continuous, Tile Diamon Mounting",,,,,,,,,,,,,,,,,,,,,,,,,,,Saw Blade,Item Type,,,Dimensions,,,Grit,,,Arbor Size,,,Abrasive Material,,,Pack Quantity,,,Additional Information,,,,,,,,,,,,,,,,,,,,,,,,,,,Mounting Type,"10"" DIAMOND MAX™ Continuous, Tile Diamon",,Amperage,"10"" DIAMOND MAX™ Continuous, Tile Diamon",,,,,,,,,,,,,,,,,,,,,,,,,,,,,,,,,,,,,,,,,,,,,,,,,,,,,,,,,,,,,,,,,,,,,,,,,,,,,,,,,,,,,,,,,,,,,,,,,,,,,,,,,,,1,EA,,,,,,,,,,,,,,,,,,,,,,,,,,,,,,,,,,,,,US,No,No
https://www.milwaukeetool.com/product/49-93-9202,,,,,,49-93-9202,Tools & Hardware,Power Tool Accessories,Saw Blades,49-93-9202,49-93-9202,"49-93-9202 Milw 4"" Diamond - Tile Blade",-- Unbranded --,-- No Unilog Brand --,-- No DIB Brand --,Milwaukee Accessory (4031),Milwaukee Electric Tool Corporation,MILWAUKEE®,,49-93-9202,,Tools & Hardware>Power Tool Accessories>Saw Blades,"MILWAUKEE®, Saw Blade, 49-93-9202, 4"" DIAMOND MAX™ Continuous, Tile Diamond Moun",SAW BLADE,"MILWAUKEE®, 49-93-9202, Saw Blade, 4"" DIAMOND MAX™ Continuous, Tile Diamond Mounting","MILWAUKEE® Saw Blade, 4"" DIAMOND MAX™ Continuous, Tile Diamond A, 4"" DIAMOND MAX™ Continuous, Tile Diamond Mounting","MILWAUKEE®, Saw Blade, 4"" DIAMOND MAX™ Continuous, Tile Diamond Mounting",,,,,,,,,,,,,,,,,,,,,,,,,,,Saw Blade,Item Type,,,Dimensions,,,Grit,,,Arbor Size,,,Abrasive Material,,,Pack Quantity,,,Additional Information,,,,,,,,,,,,,,,,,,,,,,,,,,,Mounting Type,"4"" DIAMOND MAX™ Continuous, Tile Diamond",,Amperage,"4"" DIAMOND MAX™ Continuous, Tile Diamond",,,,,,,,,,,,,,,,,,,,,,,,,,,,,,,,,,,,,,,,,,,,,,,,,,,,,,,,,,,,,,,,,,,,,,,,,,,,,,,,,,,,,,,,,,,,,,,,,,,,,,,,,,,1,EA,,,,,,,,,,,,,,,,,,,,,,,,,,,,,,,,,,,,,US,No,No
https://www.milwaukeetool.com/product/49-93-9205,,,,,,49-93-9205,Tools & Hardware,Power Tool Accessories,Saw Blades,49-93-9205,49-93-9205,"49-93-9205 Milw 5"" Diamond - Tile Blade",-- Unbranded --,-- No Unilog Brand --,-- No DIB Brand --,Milwaukee Accessory (4031),Milwaukee Electric Tool Corporation,MILWAUKEE®,,49-93-9205,,Tools & Hardware>Power Tool Accessories>Saw Blades,"MILWAUKEE®, Saw Blade, 49-93-9205, 5"" DIAMOND MAX™ Continuous, Tile Diamond Moun",SAW BLADE,"MILWAUKEE®, 49-93-9205, Saw Blade, 5"" DIAMOND MAX™ Continuous, Tile Diamond Mounting","MILWAUKEE® Saw Blade, 5"" DIAMOND MAX™ Continuous, Tile Diamond A, 5"" DIAMOND MAX™ Continuous, Tile Diamond Mounting","MILWAUKEE®, Saw Blade, 5"" DIAMOND MAX™ Continuous, Tile Diamond Mounting",,,,,,,,,,,,,,,,,,,,,,,,,,,Saw Blade,Item Type,,,Dimensions,,,Grit,,,Arbor Size,,,Abrasive Material,,,Pack Quantity,,,Additional Information,,,,,,,,,,,,,,,,,,,,,,,,,,,Mounting Type,"5"" DIAMOND MAX™ Continuous, Tile Diamond",,Amperage,"5"" DIAMOND MAX™ Continuous, Tile Diamond",,,,,,,,,,,,,,,,,,,,,,,,,,,,,,,,,,,,,,,,,,,,,,,,,,,,,,,,,,,,,,,,,,,,,,,,,,,,,,,,,,,,,,,,,,,,,,,,,,,,,,,,,,,1,EA,,,,,,,,,,,,,,,,,,,,,,,,,,,,,,,,,,,,,US,No,No
https://www.milwaukeetool.com/product/49-22-4702,,,,,,49-22-4702,,,,49-22-4702,49-22-4702,49-22-4702 Milw 13pc Quik-Lock Hole Dozer Kit,-- Unbranded --,-- No Unilog Brand --,-- No DIB Brand --,Milwaukee Accessory (4031),Milwaukee Electric Tool Corporation,MILWAUKEE®,,49-22-4702,,,"MILWAUKEE®, Commercial Product, 49-22-4702, 12PC QUIK-LOK™ HOLE DOZER™ Bi-Metal",COMM PRODUCT 12PC QUIK-LOK™ HOLE DOZER™,"MILWAUKEE®, 49-22-4702, Commercial Product, 12PC QUIK-LOK™ HOLE DOZER™ Bi-Metal Kit  Mounting","MILWAUKEE® Commercial Product, 12PC QUIK-LOK™ HOLE DOZER™ Bi-Metal Kit  A, 12PC QUIK-LOK™ HOLE DOZER™ Bi-Metal Kit  Mounting","MILWAUKEE®, Commercial Product, 12PC QUIK-LOK™ HOLE DOZER™ Bi-Metal Kit  Mounting",,,,,,,,,,,,,,,,,,,,,,,,,,,"MILWAUKEE®, Commercial Product, 12PC QUIK-LOK™ HOLE DOZER™ Bi-Metal Kit  Mounting",Series,,,Model,,,Item Type,,,Voltage Rating,,,Amperage Rating,12PC QUIK-LOK™ HOLE DOZER™ Bi-Metal Kit,,Dimensions,,,Mounting Type,12PC QUIK-LOK™ HOLE DOZER™ Bi-Metal Kit,,Material,,,Color,,,Sound Level,,,Additional Information,,,,,,,,,,,,,,,PackQuantity,13 PK,,,,,,,,,,,,,,,,,,,,,,,,,,,,,,,,,,,,,,,,,,,,,,,,,,,,,,,,,,,,,,,,,,,,,,,,,,,,,,,,,,,,,,,,,,,,,,,,,,,,,,,,,,,,,,1,EA,,,,,,,,,,,,,,,,,,,,,,,,,,,,,,,,,,,,,US,No,No
https://www.diablotools.com/product/DJT155HHM,,,,,,DJT155HHM,Tools & Hardware,Power Tool Accessories,Saw Blades,DJT155HHM,DJT155HHM,"DJT155HHM Diablo 3-3/5"" 10 TPI - Jig Saw Blade",-- Unbranded --,-- No Unilog Brand --,-- No DIB Brand --,Freud Inc (2435),Freud Tools / Robert Bosch Tool Corporation,DIABLO®,,DJT155HHM,,Tools & Hardware>Power Tool Accessories>Saw Blades,"DIABLO®, Saw Blade, DJT155HHM",SAW BLADE,"DIABLO®, DJT155HHM, Saw Blade",DIABLO® Saw Blade,"DIABLO®, Saw Blade",,,,,,,,,,,,,,,,,,,,,,,,,,,Saw Blade,Item Type,,,Dimensions,,,Grit,,,Arbor Size,,,Abrasive Material,,,Pack Quantity,,,Additional Information,,,,,,,,,,,,,,,,,,,,,,,,,,,,,,,,,,,,,,,,,,,,,,,,,,,,,,,,,,,,,,,,,,,,,,,,,,,,,,,,,,,,,,,,,,,,,,,,,,,,,,,,,,,,,,,,,,,,,,,,,,,,,,,,,,,,,,,,,,1,EA,,,,,,,,,,,,,,,,,,,,,,,,,,,,,,,,,,,,,US,No,No
,,,,,,790.82,Tools & Hardware,Power Tool Accessories,Saw Blades,790.82,790.82,790.820 CMT Planer Blade 2pc,-- Unbranded --,-- No Unilog Brand --,-- No DIB Brand --,CMT USA Inc (CMTUS),CMT USA Inc,CMT USA Inc,,790.82,,Tools & Hardware>Power Tool Accessories>Saw Blades,"CMT USA Inc, Saw Blade, 790.82",SAW BLADE 2 PK,"CMT USA Inc, 790.82, Saw Blade",CMT USA Inc Saw Blade,"CMT USA Inc, Saw Blade",,,,,,,,,,,,,,,,,,,,,,,,,,,Saw Blade,Item Type,,,Dimensions,,,Grit,,,Arbor Size,,,Abrasive Material,,,Pack Quantity,,,Additional Information,,,,,,,,,,,,,,,,,,,,,,,,,,,PackQuantity,2 PK,,,,,,,,,,,,,,,,,,,,,,,,,,,,,,,,,,,,,,,,,,,,,,,,,,,,,,,,,,,,,,,,,,,,,,,,,,,,,,,,,,,,,,,,,,,,,,,,,,,,,,,,,,,,,,1,EA,,,,,,,,,,,,,,,,,,,,,,,,,,,,,,,,,,,,,US,No,No
,,,,,,794.321,,,,794.321,794.321,794.321 HS Planer Knives 3pc,-- Unbranded --,-- No Unilog Brand --,-- No DIB Brand --,CMT USA Inc (CMTUS),CMT USA Inc,CMT USA Inc,,794.321,,,"CMT USA Inc, Commercial Product, 794.321",COMMERCIAL PRODUCT,"CMT USA Inc, 794.321, Commercial Product",CMT USA Inc Commercial Product,"CMT USA Inc, Commercial Product",,,,,,,,,,,,,,,,,,,,,,,,,,,"CMT USA Inc, Commercial Product",Series,,,Model,,,Item Type,,,Voltage Rating,,,Amperage Rating,,,Dimensions,,,Mounting Type,,,Material,,,Color,,,Sound Level,,,Additional Information,,,,,,,,,,,,,,,PackQuantity,3 PK,,,,,,,,,,,,,,,,,,,,,,,,,,,,,,,,,,,,,,,,,,,,,,,,,,,,,,,,,,,,,,,,,,,,,,,,,,,,,,,,,,,,,,,,,,,,,,,,,,,,,,,,,,,,,,1,EA,,,,,,,,,,,,,,,,,,,,,,,,,,,,,,,,,,,,,US,No,No
https://www.milwaukeetool.com/product/49-22-5641,,,,,,49-22-5641,Tools & Hardware,Power Tool Accessories,Saw Blades,49-22-5641,49-22-5641,49-22-5641 Milw Packout 15pc - Sawzall Blade Kit,-- Unbranded --,-- No Unilog Brand --,-- No DIB Brand --,Milwaukee Accessory (4031),Milwaukee Electric Tool Corporation,MILWAUKEE®,,49-22-5641,,Tools & Hardware>Power Tool Accessories>Saw Blades,"MILWAUKEE®, Saw Blade, 49-22-5641, (15PC) SAWZALL® Blade PACKOUT™ Kit | Mil Moun",SAW BLADE 15 PK,"MILWAUKEE®, 49-22-5641, Saw Blade, (15PC) SAWZALL® Blade PACKOUT™ Kit | Mil Mounting","MILWAUKEE® Saw Blade, (15PC) SAWZALL® Blade PACKOUT™ Kit | Mil A, (15PC) SAWZALL® Blade PACKOUT™ Kit | Mil Mounting","MILWAUKEE®, Saw Blade, (15PC) SAWZALL® Blade PACKOUT™ Kit | Mil Mounting",,,,,,,,,,,,,,,,,,,,,,,,,,,Saw Blade,Item Type,,,Dimensions,,,Grit,,,Arbor Size,,,Abrasive Material,,,Pack Quantity,,,Additional Information,,,,,,,,,,,,,,,,,,,,,,,,,,,Mounting Type,(15PC) SAWZALL® Blade PACKOUT™ Kit | Mil,,PackQuantity,15 PK,,Amperage,(15PC) SAWZALL® Blade PACKOUT™ Kit | Mil,,,,,,,,,,,,,,,,,,,,,,,,,,,,,,,,,,,,,,,,,,,,,,,,,,,,,,,,,,,,,,,,,,,,,,,,,,,,,,,,,,,,,,,,,,,,,,,,,,,,,,,,1,EA,,,,,,,,,,,,,,,,,,,,,,,,,,,,,,,,,,,,,US,No,No
https://www.diablotools.com/product/D0604TSH,,,,,,D0604TSH,Tools & Hardware,Power Tool Accessories,Saw Blades,D0604TSH,D0604TSH,"D0604TSH Diablo 6-1/2"" 4-Tooth - Cement Track Saw Blade",-- Unbranded --,-- No Unilog Brand --,-- No DIB Brand --,Freud Inc (2435),Freud Tools / Robert Bosch Tool Corporation,DIABLO®,,D0604TSH,,Tools & Hardware>Power Tool Accessories>Saw Blades,"DIABLO®, Saw Blade, D0604TSH",SAW BLADE,"DIABLO®, D0604TSH, Saw Blade",DIABLO® Saw Blade,"DIABLO®, Saw Blade",,,,,,,,,,,,,,,,,,,,,,,,,,,Saw Blade,Item Type,,,Dimensions,,,Grit,,,Arbor Size,,,Abrasive Material,,,Pack Quantity,,,Additional Information,,,,,,,,,,,,,,,,,,,,,,,,,,,,,,,,,,,,,,,,,,,,,,,,,,,,,,,,,,,,,,,,,,,,,,,,,,,,,,,,,,,,,,,,,,,,,,,,,,,,,,,,,,,,,,,,,,,,,,,,,,,,,,,,,,,,,,,,,,1,EA,,,,,,,,,,,,,,,,,,,,,,,,,,,,,,,,,,,,,US,No,No
https://www.diablotools.com/product/D0620TSR,,,,,,D0620TSR,Tools & Hardware,Power Tool Accessories,Saw Blades,D0620TSR,D0620TSR,"D0620TSR Diablo 6-1/2""20 Tooth - Framing Saw Blade",-- Unbranded --,-- No Unilog Brand --,-- No DIB Brand --,Freud Inc (2435),Freud Tools / Robert Bosch Tool Corporation,DIABLO®,,D0620TSR,,Tools & Hardware>Power Tool Accessories>Saw Blades,"DIABLO®, Saw Blade, D0620TSR",SAW BLADE 6-1/2 IN,"DIABLO®, D0620TSR, Saw Blade","DIABLO® Saw Blade, 6-1/2 in","DIABLO®, Saw Blade",,,,,,,,,,,,,,,,,,,,,,,,,,,Saw Blade,Item Type,,,Dimensions,6-1/2,in,Grit,,,Arbor Size,,,Abrasive Material,,,Pack Quantity,,,Additional Information,,,,,,,,,,,,,,,,,,,,,,,,,,,,,,,,,,,,,,,,,,,,,,,,,,,,,,,,,,,,,,,,,,,,,,,,,,,,,,,,,,,,,,,,,,,,,,,,,,,,,,,,,,,,,,,,,,,,,,,,,,,,,,,,,,,,,,,,,,1,EA,,,,,,,,,,,,,,,,,,,,,,,,,,,,,,,,,,,,,US,No,No
https://www.diablotools.com/product/D0648TSF,,,,,,D0648TSF,Tools & Hardware,Power Tool Accessories,Saw Blades,D0648TSF,D0648TSF,"D0648TSF Diablo 6-1/2""48 Tooth - Plywood Track Saw Blade",-- Unbranded --,-- No Unilog Brand --,-- No DIB Brand --,Freud Inc (2435),Freud Tools / Robert Bosch Tool Corporation,DIABLO®,,D0648TSF,,Tools & Hardware>Power Tool Accessories>Saw Blades,"DIABLO®, Saw Blade, D0648TSF",SAW BLADE 6-1/2 IN,"DIABLO®, D0648TSF, Saw Blade","DIABLO® Saw Blade, 6-1/2 in","DIABLO®, Saw Blade",,,,,,,,,,,,,,,,,,,,,,,,,,,Saw Blade,Item Type,,,Dimensions,6-1/2,in,Grit,,,Arbor Size,,,Abrasive Material,,,Pack Quantity,,,Additional Information,,,,,,,,,,,,,,,,,,,,,,,,,,,,,,,,,,,,,,,,,,,,,,,,,,,,,,,,,,,,,,,,,,,,,,,,,,,,,,,,,,,,,,,,,,,,,,,,,,,,,,,,,,,,,,,,,,,,,,,,,,,,,,,,,,,,,,,,,,1,EA,,,,,,,,,,,,,,,,,,,,,,,,,,,,,,,,,,,,,US,No,No
https://www.diablotools.com/product/D0652TSL,,,,,,D0652TSL,Tools & Hardware,Power Tool Accessories,Saw Blades,D0652TSL,D0652TSL,"D0652TSL Diablo 6-1/2""52 Tooth - Laminate Track Saw Blade",-- Unbranded --,-- No Unilog Brand --,-- No DIB Brand --,Freud Inc (2435),Freud Tools / Robert Bosch Tool Corporation,DIABLO®,,D0652TSL,,Tools & Hardware>Power Tool Accessories>Saw Blades,"DIABLO®, Saw Blade, D0652TSL",SAW BLADE 6-1/2 IN,"DIABLO®, D0652TSL, Saw Blade","DIABLO® Saw Blade, 6-1/2 in","DIABLO®, Saw Blade",,,,,,,,,,,,,,,,,,,,,,,,,,,Saw Blade,Item Type,,,Dimensions,6-1/2,in,Grit,,,Arbor Size,,,Abrasive Material,,,Pack Quantity,,,Additional Information,,,,,,,,,,,,,,,,,,,,,,,,,,,,,,,,,,,,,,,,,,,,,,,,,,,,,,,,,,,,,,,,,,,,,,,,,,,,,,,,,,,,,,,,,,,,,,,,,,,,,,,,,,,,,,,,,,,,,,,,,,,,,,,,,,,,,,,,,,1,EA,,,,,,,,,,,,,,,,,,,,,,,,,,,,,,,,,,,,,US,No,No
,,,,,,JT1-549,,,,JT1-549,JT1-549,"JT1-549 JWBS18SFX 18"" Bandsaw - 1.75HP 1PH 115V",-- Unbranded --,-- No Unilog Brand --,-- No DIB Brand --,JPW Industries (JPWIN),JPW Industries,JPW Industries,,JT1-549,,,"JPW Industries, Commercial Product, JT1-549",COMMERCIAL PRODUCT 115 V,"JPW Industries, JT1-549, Commercial Product","JPW Industries Commercial Product, 115 V","JPW Industries, Commercial Product",,,,,,,,,,,,,,,,,,,,,,,,,,,"JPW Industries, Commercial Product",Series,,,Model,,,Item Type,,,Voltage Rating,115,V,Amperage Rating,,,Dimensions,,,Mounting Type,,,Material,,,Color,,,Sound Level,,,Additional Information,,,,,,,,,,,,,,,,,,,,,,,,,,,,,,,,,,,,,,,,,,,,,,,,,,,,,,,,,,,,,,,,,,,,,,,,,,,,,,,,,,,,,,,,,,,,,,,,,,,,,,,,,,,,,,,,,,,,,,,,,,,,,,1,EA,,,,,,,,,,,,,,,,,,,,,,,,,,,,,,,,,,,,,US,No,No
,,,,,,JT1-1371,,,,JT1-1371,JT1-1371,"JWBS14-SFX-BLK Jet 14"" Bandsaw - JT1-1371",-- Unbranded --,-- No Unilog Brand --,-- No DIB Brand --,JPW Industries (JPWIN),JPW Industries,JPW Industries,,JT1-1371,,,"JPW Industries, Commercial Product, JT1-1371",COMMERCIAL PRODUCT,"JPW Industries, JT1-1371, Commercial Product",JPW Industries Commercial Product,"JPW Industries, Commercial Product",,,,,,,,,,,,,,,,,,,,,,,,,,,"JPW Industries, Commercial Product",Series,,,Model,,,Item Type,,,Voltage Rating,,,Amperage Rating,,,Dimensions,,,Mounting Type,,,Material,,,Color,,,Sound Level,,,Additional Information,,,,,,,,,,,,,,,,,,,,,,,,,,,,,,,,,,,,,,,,,,,,,,,,,,,,,,,,,,,,,,,,,,,,,,,,,,,,,,,,,,,,,,,,,,,,,,,,,,,,,,,,,,,,,,,,,,,,,,,,,,,,,,1,EA,,,,,,,,,,,,,,,,,,,,,,,,,,,,,,,,,,,,,US,No,No
,,,,,,JT9-714400K,,,,JT9-714400K,JT9-714400K,"JWBS-14SFX 14"" Bandsaw JTP-714400K",-- Unbranded --,-- No Unilog Brand --,-- No DIB Brand --,JPW Industries (JPWIN),JPW Industries,JPW Industries,,JT9-714400K,,,"JPW Industries, Commercial Product, JT9-714400K",COMMERCIAL PRODUCT,"JPW Industries, JT9-714400K, Commercial Product",JPW Industries Commercial Product,"JPW Industries, Commercial Product",,,,,,,,,,,,,,,,,,,,,,,,,,,"JPW Industries, Commercial Product",Series,,,Model,,,Item Type,,,Voltage Rating,,,Amperage Rating,,,Dimensions,,,Mounting Type,,,Material,,,Color,,,Sound Level,,,Additional Information,,,,,,,,,,,,,,,,,,,,,,,,,,,,,,,,,,,,,,,,,,,,,,,,,,,,,,,,,,,,,,,,,,,,,,,,,,,,,,,,,,,,,,,,,,,,,,,,,,,,,,,,,,,,,,,,,,,,,,,,,,,,,,1,EA,,,,,,,,,,,,,,,,,,,,,,,,,,,,,,,,,,,,,US,No,No
https://www.milwaukeetool.com/product/2834-21HD,,,,,,2834-21HD,,,,2834-21HD,2834-21HD,"2834-21HD Milw M18 7-1/4"" Circ - Saw Kit",-- Unbranded --,-- No Unilog Brand --,-- No DIB Brand --,Milwaukee Accessory (4031),Milwaukee Electric Tool Corporation,MILWAUKEE®,,2834-21HD,,,"MILWAUKEE®, Commercial Product, 2834-21HD, M18 FUEL™ 7-1/4” Circular Saw Kit | M",COMM PRODUCT M18 FUEL™ 7-1/4” CIRC SAW,"MILWAUKEE®, 2834-21HD, Commercial Product, M18 FUEL™ 7-1/4” Circular Saw Kit | Milw Mounting","MILWAUKEE® Commercial Product, M18 FUEL™ 7-1/4” Circular Saw Kit | Milw A, M18 FUEL™ 7-1/4” Circular Saw Kit | Milw Mounting, Positive bevel detents and depth detents offer added product","MILWAUKEE®, Commercial Product, M18 FUEL™ 7-1/4” Circular Saw Kit | Milw Mounting",,,,,,,,,,,,,,,,,,,,,,,,,,,"MILWAUKEE®, Commercial Product, M18 FUEL™ 7-1/4” Circular Saw Kit | Milw Mounting",Series,,,Model,,,Item Type,,,Voltage Rating,,,Amperage Rating,M18 FUEL™ 7-1/4” Circular Saw Kit | Milw,,Dimensions,Positive bevel detents and depth detents offer added product,,Mounting Type,M18 FUEL™ 7-1/4” Circular Saw Kit | Milw,,Material,,,Color,,,Sound Level,,,Additional Information,,,,,,,,,,,,,,,,,,,,,,,,,,,,,,,,,,,,,,,,,,,,,,,,,,,,,,,,,,,,,,,,,,,,,,,,,,,,,,,,,,,,,,,,,,,,,,,,,,,,,,,,,,,,,,,,,,,,,,,,,,,,,,1,EA,,,,,,,,,,,,,,,,,,,,,,,,,,,,,,,,,,,,,US,No,No
https://www.dewalt.com/product/DCS383B,,,,,,DCS383B,,,,DCS383B,DCS383B,"DCS383B Dewalt 20V 7-1/4"" - Metal Cutting Circ Saw",-- Unbranded --,-- No Unilog Brand --,-- No DIB Brand --,Black & Decker/dewlt (2585),Stanley Black & Decker,DEWALT®,,DCS383B,,,"DEWALT®, Commercial Product, DCS383B, Carbon Steel",COMMERCIAL PRODUCT CS 20 V,"DEWALT®, DCS383B, Commercial Product, Carbon Steel","DEWALT® Commercial Product, 20 V, Carbon Steel","DEWALT®, Commercial Product, Carbon Steel",,,,,,,,,,,,,,,,,,,,,,,,,,,"DEWALT®, Commercial Product, Carbon Steel",Series,,,Model,,,Item Type,,,Voltage Rating,20,V,Amperage Rating,,,Dimensions,,,Mounting Type,,,Material,Carbon Steel,,Color,,,Sound Level,,,Additional Information,,,,,,,,,,,,,,,,,,,,,,,,,,,,,,,,,,,,,,,,,,,,,,,,,,,,,,,,,,,,,,,,,,,,,,,,,,,,,,,,,,,,,,,,,,,,,,,,,,,,,,,,,,,,,,,,,,,,,,,,,,,,,,1,EA,,,,,,,,,,,,,,,,,,,,,,,,,,,,,,,,,,,,,US,No,No
https://www.dewalt.com/product/DCS590B,,,,,,DCS590B,,,,DCS590B,DCS590B,"DCS590B Dewalt 20V Cordless - 7-1/4"" Circular Saw",-- Unbranded --,-- No Unilog Brand --,-- No DIB Brand --,Black & Decker/dewlt (2585),Stanley Black & Decker,DEWALT®,,DCS590B,,,"DEWALT®, Commercial Product, DCS590B",COMMERCIAL PRODUCT 20 V,"DEWALT®, DCS590B, Commercial Product","DEWALT® Commercial Product, 20 V","DEWALT®, Commercial Product",,,,,,,,,,,,,,,,,,,,,,,,,,,"DEWALT®, Commercial Product",Series,,,Model,,,Item Type,,,Voltage Rating,20,V,Amperage Rating,,,Dimensions,,,Mounting Type,,,Material,,,Color,,,Sound Level,,,Additional Information,,,,,,,,,,,,,,,,,,,,,,,,,,,,,,,,,,,,,,,,,,,,,,,,,,,,,,,,,,,,,,,,,,,,,,,,,,,,,,,,,,,,,,,,,,,,,,,,,,,,,,,,,,,,,,,,,,,,,,,,,,,,,,1,EA,,,,,,,,,,,,,,,,,,,,,,,,,,,,,,,,,,,,,US,No,No
https://www.kregtool.com/product/KPTCS725A,,,,,,KPTCS725A,,,,KPTCS725A,KPTCS725A,"KPTCS725A Kreg 20V Ionic 7-1/4"" Circ Saw",-- Unbranded --,-- No Unilog Brand --,-- No DIB Brand --,Kreg Tool Company (KRETO),Kreg Tool Company,KREG®,,KPTCS725A,,,"KREG®, Commercial Product, KPTCS725A",COMMERCIAL PRODUCT 20 V,"KREG®, KPTCS725A, Commercial Product","KREG® Commercial Product, 20 V","KREG®, Commercial Product",,,,,,,,,,,,,,,,,,,,,,,,,,,"KREG®, Commercial Product",Series,,,Model,,,Item Type,,,Voltage Rating,20,V,Amperage Rating,,,Dimensions,,,Mounting Type,,,Material,,,Color,,,Sound Level,,,Additional Information,,,,,,,,,,,,,,,,,,,,,,,,,,,,,,,,,,,,,,,,,,,,,,,,,,,,,,,,,,,,,,,,,,,,,,,,,,,,,,,,,,,,,,,,,,,,,,,,,,,,,,,,,,,,,,,,,,,,,,,,,,,,,,1,EA,,,,,,,,,,,,,,,,,,,,,,,,,,,,,,,,,,,,,US,No,No
https://www.kregtool.com/product/KPTCS450A,,,,,,KPTCS450A,,,,KPTCS450A,KPTCS450A,"KPTCS450A Kreg 20V Ionic 4-1/2"" Circ Saw",-- Unbranded --,-- No Unilog Brand --,-- No DIB Brand --,Kreg Tool Company (KRETO),Kreg Tool Company,KREG®,,KPTCS450A,,,"KREG®, Commercial Product, KPTCS450A",COMMERCIAL PRODUCT 20 V,"KREG®, KPTCS450A, Commercial Product","KREG® Commercial Product, 20 V","KREG®, Commercial Product",,,,,,,,,,,,,,,,,,,,,,,,,,,"KREG®, Commercial Product",Series,,,Model,,,Item Type,,,Voltage Rating,20,V,Amperage Rating,,,Dimensions,,,Mounting Type,,,Material,,,Color,,,Sound Level,,,Additional Information,,,,,,,,,,,,,,,,,,,,,,,,,,,,,,,,,,,,,,,,,,,,,,,,,,,,,,,,,,,,,,,,,,,,,,,,,,,,,,,,,,,,,,,,,,,,,,,,,,,,,,,,,,,,,,,,,,,,,,,,,,,,,,1,EA,,,,,,,,,,,,,,,,,,,,,,,,,,,,,,,,,,,,,US,No,No
https://www.milwaukeetool.com/product/2545-20,,,,,,2545-20,,,,2545-20,2545-20,2545-20 Milw M12 Jig Saw,-- Unbranded --,-- No Unilog Brand --,-- No DIB Brand --,Milwaukee Accessory (4031),Milwaukee Electric Tool Corporation,MILWAUKEE®,,2545-20,,,"MILWAUKEE®, Commercial Product, 2545-20, M12 FUEL™ Jig Saw | Milwaukee Tool Milw",COMM PRODUCT M12 FUEL™ JIG SAW |,"MILWAUKEE®, 2545-20, Commercial Product, M12 FUEL™ Jig Saw | Milwaukee Tool Milwa Mounting","MILWAUKEE® Commercial Product, M12 FUEL™ Jig Saw | Milwaukee Tool Milwa A, M12 FUEL™ Jig Saw | Milwaukee Tool Milwa Mounting","MILWAUKEE®, Commercial Product, M12 FUEL™ Jig Saw | Milwaukee Tool Milwa Mounting",,,,,,,,,,,,,,,,,,,,,,,,,,,"MILWAUKEE®, Commercial Product, M12 FUEL™ Jig Saw | Milwaukee Tool Milwa Mounting",Series,,,Model,,,Item Type,,,Voltage Rating,,,Amperage Rating,M12 FUEL™ Jig Saw | Milwaukee Tool Milwa,,Dimensions,,,Mounting Type,M12 FUEL™ Jig Saw | Milwaukee Tool Milwa,,Material,,,Color,,,Sound Level,,,Additional Information,,,,,,,,,,,,,,,,,,,,,,,,,,,,,,,,,,,,,,,,,,,,,,,,,,,,,,,,,,,,,,,,,,,,,,,,,,,,,,,,,,,,,,,,,,,,,,,,,,,,,,,,,,,,,,,,,,,,,,,,,,,,,,1,EA,,,,,,,,,,,,,,,,,,,,,,,,,,,,,,,,,,,,,US,No,No
https://www.kregtool.com/product/KPTJS100A,,,,,,KPTJS100A,,,,KPTJS100A,KPTJS100A,KPTJS100A Kreg 20V Ionic Barrel Grip Jigsaw,-- Unbranded --,-- No Unilog Brand --,-- No DIB Brand --,Kreg Tool Company (KRETO),Kreg Tool Company,KREG®,,KPTJS100A,,,"KREG®, Commercial Product, KPTJS100A",COMMERCIAL PRODUCT 20 V,"KREG®, KPTJS100A, Commercial Product","KREG® Commercial Product, 20 V","KREG®, Commercial Product",,,,,,,,,,,,,,,,,,,,,,,,,,,"KREG®, Commercial Product",Series,,,Model,,,Item Type,,,Voltage Rating,20,V,Amperage Rating,,,Dimensions,,,Mounting Type,,,Material,,,Color,,,Sound Level,,,Additional Information,,,,,,,,,,,,,,,,,,,,,,,,,,,,,,,,,,,,,,,,,,,,,,,,,,,,,,,,,,,,,,,,,,,,,,,,,,,,,,,,,,,,,,,,,,,,,,,,,,,,,,,,,,,,,,,,,,,,,,,,,,,,,,1,EA,,,,,,,,,,,,,,,,,,,,,,,,,,,,,,,,,,,,,US,No,No
https://www.dewalt.com/product/DCS714B,,,,,,DCS714B,,,,DCS714B,DCS714B,"DCS714B Dewalt 20V Miter Saw - 10"" Double Bevel Fixed",-- Unbranded --,-- No Unilog Brand --,-- No DIB Brand --,Black & Decker/dewlt (2585),Stanley Black & Decker,DEWALT®,,DCS714B,,,"DEWALT®, Commercial Product, DCS714B",COMMERCIAL PRODUCT 20 V,"DEWALT®, DCS714B, Commercial Product","DEWALT® Commercial Product, 20 V","DEWALT®, Commercial Product",,,,,,,,,,,,,,,,,,,,,,,,,,,"DEWALT®, Commercial Product",Series,,,Model,,,Item Type,,,Voltage Rating,20,V,Amperage Rating,,,Dimensions,,,Mounting Type,,,Material,,,Color,,,Sound Level,,,Additional Information,,,,,,,,,,,,,,,,,,,,,,,,,,,,,,,,,,,,,,,,,,,,,,,,,,,,,,,,,,,,,,,,,,,,,,,,,,,,,,,,,,,,,,,,,,,,,,,,,,,,,,,,,,,,,,,,,,,,,,,,,,,,,,1,EA,,,,,,,,,,,,,,,,,,,,,,,,,,,,,,,,,,,,,US,No,No
https://www.dewalt.com/product/DCS785B,,,,,,DCS785B,,,,DCS785B,DCS785B,"DCS785B Dewalt 20V Miter Saw - Kit 12"" Double Bevel Sliding",-- Unbranded --,-- No Unilog Brand --,-- No DIB Brand --,Black & Decker/dewlt (2585),Stanley Black & Decker,DEWALT®,,DCS785B,,,"DEWALT®, Commercial Product, DCS785B",COMMERCIAL PRODUCT 20 V,"DEWALT®, DCS785B, Commercial Product","DEWALT® Commercial Product, 20 V","DEWALT®, Commercial Product",,,,,,,,,,,,,,,,,,,,,,,,,,,"DEWALT®, Commercial Product",Series,,,Model,,,Item Type,,,Voltage Rating,20,V,Amperage Rating,,,Dimensions,,,Mounting Type,,,Material,,,Color,,,Sound Level,,,Additional Information,,,,,,,,,,,,,,,,,,,,,,,,,,,,,,,,,,,,,,,,,,,,,,,,,,,,,,,,,,,,,,,,,,,,,,,,,,,,,,,,,,,,,,,,,,,,,,,,,,,,,,,,,,,,,,,,,,,,,,,,,,,,,,1,EA,,,,,,,,,,,,,,,,,,,,,,,,,,,,,,,,,,,,,US,No,No
https://www.makitatools.com/product/GSL02M1,,,,,,GSL02M1,,,,GSL02M1,GSL02M1,"GSL02M1 Makita Miter Saw - 40V 8-1/2""",-- Unbranded --,-- No Unilog Brand --,-- No DIB Brand --,Makita Usa Inc (5142),Makita Corporation,MAKITA®,,GSL02M1,,,"MAKITA®, Commercial Product, GSL02M1",COMMERCIAL PRODUCT 40 V,"MAKITA®, GSL02M1, Commercial Product","MAKITA® Commercial Product, 40 V","MAKITA®, Commercial Product",,,,,,,,,,,,,,,,,,,,,,,,,,,"MAKITA®, Commercial Product",Series,,,Model,,,Item Type,,,Voltage Rating,40,V,Amperage Rating,,,Dimensions,,,Mounting Type,,,Material,,,Color,,,Sound Level,,,Additional Information,,,,,,,,,,,,,,,,,,,,,,,,,,,,,,,,,,,,,,,,,,,,,,,,,,,,,,,,,,,,,,,,,,,,,,,,,,,,,,,,,,,,,,,,,,,,,,,,,,,,,,,,,,,,,,,,,,,,,,,,,,,,,,1,EA,,,,,,,,,,,,,,,,,,,,,,,,,,,,,,,,,,,,,US,No,No
https://www.dewalt.com/product/DW7029,,,,,,DW7029,,,,DW7029,DW7029,DW7029 Dewalt Miter Saw - Stand Support/Stop,-- Unbranded --,-- No Unilog Brand --,-- No DIB Brand --,Black & Decker/dewlt (2585),Stanley Black & Decker,DEWALT®,,DW7029,,,"DEWALT®, Commercial Product, DW7029",COMMERCIAL PRODUCT,"DEWALT®, DW7029, Commercial Product",DEWALT® Commercial Product,"DEWALT®, Commercial Product",,,,,,,,,,,,,,,,,,,,,,,,,,,"DEWALT®, Commercial Product",Series,,,Model,,,Item Type,,,Voltage Rating,,,Amperage Rating,,,Dimensions,,,Mounting Type,,,Material,,,Color,,,Sound Level,,,Additional Information,,,,,,,,,,,,,,,,,,,,,,,,,,,,,,,,,,,,,,,,,,,,,,,,,,,,,,,,,,,,,,,,,,,,,,,,,,,,,,,,,,,,,,,,,,,,,,,,,,,,,,,,,,,,,,,,,,,,,,,,,,,,,,1,EA,,,,,,,,,,,,,,,,,,,,,,,,,,,,,,,,,,,,,US,No,No
https://www.dewalt.com/product/DCS384B,,,,,,DCS384B,,,,DCS384B,DCS384B,DCS384B Dewalt 20V Brushless - Cordless Recip Saw,-- Unbranded --,-- No Unilog Brand --,-- No DIB Brand --,Black & Decker/dewlt (2585),Stanley Black & Decker,DEWALT®,,DCS384B,,,"DEWALT®, Commercial Product, DCS384B",COMMERCIAL PRODUCT 20 V,"DEWALT®, DCS384B, Commercial Product","DEWALT® Commercial Product, 20 V","DEWALT®, Commercial Product",,,,,,,,,,,,,,,,,,,,,,,,,,,"DEWALT®, Commercial Product",Series,,,Model,,,Item Type,,,Voltage Rating,20,V,Amperage Rating,,,Dimensions,,,Mounting Type,,,Material,,,Color,,,Sound Level,,,Additional Information,,,,,,,,,,,,,,,,,,,,,,,,,,,,,,,,,,,,,,,,,,,,,,,,,,,,,,,,,,,,,,,,,,,,,,,,,,,,,,,,,,,,,,,,,,,,,,,,,,,,,,,,,,,,,,,,,,,,,,,,,,,,,,1,EA,,,,,,,,,,,,,,,,,,,,,,,,,,,,,,,,,,,,,US,No,No
https://www.makitatools.com/product/XRJ08Z,,,,,,XRJ08Z,,,,XRJ08Z,XRJ08Z,XRJ08Z Makita 18V Recip Saw - Bare Tool,-- Unbranded --,-- No Unilog Brand --,-- No DIB Brand --,Makita Usa Inc (5142),Makita Corporation,MAKITA®,,XRJ08Z,,,"MAKITA®, Commercial Product, XRJ08Z",COMMERCIAL PRODUCT 18 V,"MAKITA®, XRJ08Z, Commercial Product","MAKITA® Commercial Product, 18 V","MAKITA®, Commercial Product",,,,,,,,,,,,,,,,,,,,,,,,,,,"MAKITA®, Commercial Product",Series,,,Model,,,Item Type,,,Voltage Rating,18,V,Amperage Rating,,,Dimensions,,,Mounting Type,,,Material,,,Color,,,Sound Level,,,Additional Information,,,,,,,,,,,,,,,,,,,,,,,,,,,,,,,,,,,,,,,,,,,,,,,,,,,,,,,,,,,,,,,,,,,,,,,,,,,,,,,,,,,,,,,,,,,,,,,,,,,,,,,,,,,,,,,,,,,,,,,,,,,,,,1,EA,,,,,,,,,,,,,,,,,,,,,,,,,,,,,,,,,,,,,US,No,No
,,,,,,G0771Z,,,,G0771Z,G0771Z,"Grizzly G0771Z 30"" Table Saw",-- Unbranded --,-- No Unilog Brand --,-- No DIB Brand --,Woodstock Intl (3658),Woodstock Intl,Woodstock Intl,,G0771Z,,,"Woodstock Intl, Commercial Product, G0771Z",COMMERCIAL PRODUCT,"Woodstock Intl, G0771Z, Commercial Product",Woodstock Intl Commercial Product,"Woodstock Intl, Commercial Product",,,,,,,,,,,,,,,,,,,,,,,,,,,"Woodstock Intl, Commercial Product",Series,,,Model,,,Item Type,,,Voltage Rating,,,Amperage Rating,,,Dimensions,,,Mounting Type,,,Material,,,Color,,,Sound Level,,,Additional Information,,,,,,,,,,,,,,,,,,,,,,,,,,,,,,,,,,,,,,,,,,,,,,,,,,,,,,,,,,,,,,,,,,,,,,,,,,,,,,,,,,,,,,,,,,,,,,,,,,,,,,,,,,,,,,,,,,,,,,,,,,,,,,1,EA,,,,,,,,,,,,,,,,,,,,,,,,,,,,,,,,,,,,,US,No,No
https://www.edgeeyewear.com/product/TS1017,,,,,,TS1017,,,,TS1017,TS1017,TS1017 Table Saw Zero-Clearance Insert,-- Unbranded --,-- No Unilog Brand --,-- No DIB Brand --,Robt Bosch Tool Corp (6564),Edge Eyewear,EDGE SAFETY®,,TS1017,,,"EDGE SAFETY®, Commercial Product, TS1017",COMMERCIAL PRODUCT,"EDGE SAFETY®, TS1017, Commercial Product",EDGE SAFETY® Commercial Product,"EDGE SAFETY®, Commercial Product",,,,,,,,,,,,,,,,,,,,,,,,,,,"EDGE SAFETY®, Commercial Product",Series,,,Model,,,Item Type,,,Voltage Rating,,,Amperage Rating,,,Dimensions,,,Mounting Type,,,Material,,,Color,,,Sound Level,,,Additional Information,,,,,,,,,,,,,,,,,,,,,,,,,,,,,,,,,,,,,,,,,,,,,,,,,,,,,,,,,,,,,,,,,,,,,,,,,,,,,,,,,,,,,,,,,,,,,,,,,,,,,,,,,,,,,,,,,,,,,,,,,,,,,,1,EA,,,,,,,,,,,,,,,,,,,,,,,,,,,,,,,,,,,,,US,No,No
,,,,,,XT524,,,,XT524,XT524,"XT524 24"" XT XTENDER Fence",-- Unbranded --,-- No Unilog Brand --,-- No DIB Brand --,Bow Products (BOWPR),Bow Products,Bow Products,,XT524,,,"Bow Products, Commercial Product, XT524",COMMERCIAL PRODUCT,"Bow Products, XT524, Commercial Product",Bow Products Commercial Product,"Bow Products, Commercial Product",,,,,,,,,,,,,,,,,,,,,,,,,,,"Bow Products, Commercial Product",Series,,,Model,,,Item Type,,,Voltage Rating,,,Amperage Rating,,,Dimensions,,,Mounting Type,,,Material,,,Color,,,Sound Level,,,Additional Information,,,,,,,,,,,,,,,,,,,,,,,,,,,,,,,,,,,,,,,,,,,,,,,,,,,,,,,,,,,,,,,,,,,,,,,,,,,,,,,,,,,,,,,,,,,,,,,,,,,,,,,,,,,,,,,,,,,,,,,,,,,,,,1,EA,,,,,,,,,,,,,,,,,,,,,,,,,,,,,,,,,,,,,US,No,No
,,,,,,XT536,,,,XT536,XT536,"XT536 36"" XT XTENDER Fence",-- Unbranded --,-- No Unilog Brand --,-- No DIB Brand --,Bow Products (BOWPR),Bow Products,Bow Products,,XT536,,,"Bow Products, Commercial Product, XT536",COMMERCIAL PRODUCT,"Bow Products, XT536, Commercial Product",Bow Products Commercial Product,"Bow Products, Commercial Product",,,,,,,,,,,,,,,,,,,,,,,,,,,"Bow Products, Commercial Product",Series,,,Model,,,Item Type,,,Voltage Rating,,,Amperage Rating,,,Dimensions,,,Mounting Type,,,Material,,,Color,,,Sound Level,,,Additional Information,,,,,,,,,,,,,,,,,,,,,,,,,,,,,,,,,,,,,,,,,,,,,,,,,,,,,,,,,,,,,,,,,,,,,,,,,,,,,,,,,,,,,,,,,,,,,,,,,,,,,,,,,,,,,,,,,,,,,,,,,,,,,,1,EA,,,,,,,,,,,,,,,,,,,,,,,,,,,,,,,,,,,,,US,No,No
,,,,,,XT546,,,,XT546,XT546,"XT546 46"" XT XTENDER Fence",-- Unbranded --,-- No Unilog Brand --,-- No DIB Brand --,Bow Products (BOWPR),Bow Products,Bow Products,,XT546,,,"Bow Products, Commercial Product, XT546",COMMERCIAL PRODUCT,"Bow Products, XT546, Commercial Product",Bow Products Commercial Product,"Bow Products, Commercial Product",,,,,,,,,,,,,,,,,,,,,,,,,,,"Bow Products, Commercial Product",Series,,,Model,,,Item Type,,,Voltage Rating,,,Amperage Rating,,,Dimensions,,,Mounting Type,,,Material,,,Color,,,Sound Level,,,Additional Information,,,,,,,,,,,,,,,,,,,,,,,,,,,,,,,,,,,,,,,,,,,,,,,,,,,,,,,,,,,,,,,,,,,,,,,,,,,,,,,,,,,,,,,,,,,,,,,,,,,,,,,,,,,,,,,,,,,,,,,,,,,,,,1,EA,,,,,,,,,,,,,,,,,,,,,,,,,,,,,,,,,,,,,US,No,No
,,,,,,XTP235,,,,XTP235,XTP235,"35"" XTP XTENDER PRO Fence - XTP235",-- Unbranded --,-- No Unilog Brand --,-- No DIB Brand --,Bow Products (BOWPR),Bow Products,Bow Products,,XTP235,,,"Bow Products, Commercial Product, XTP235",COMMERCIAL PRODUCT,"Bow Products, XTP235, Commercial Product",Bow Products Commercial Product,"Bow Products, Commercial Product",,,,,,,,,,,,,,,,,,,,,,,,,,,"Bow Products, Commercial Product",Series,,,Model,,,Item Type,,,Voltage Rating,,,Amperage Rating,,,Dimensions,,,Mounting Type,,,Material,,,Color,,,Sound Level,,,Additional Information,,,,,,,,,,,,,,,,,,,,,,,,,,,,,,,,,,,,,,,,,,,,,,,,,,,,,,,,,,,,,,,,,,,,,,,,,,,,,,,,,,,,,,,,,,,,,,,,,,,,,,,,,,,,,,,,,,,,,,,,,,,,,,1,EA,,,,,,,,,,,,,,,,,,,,,,,,,,,,,,,,,,,,,US,No,No
,,,,,,TGP2-FA,,,,TGP2-FA,TGP2-FA,TGP2-FA T-Glide Fence Professional,-- Unbranded --,-- No Unilog Brand --,-- No DIB Brand --,Saw Stop LLC (SAWST),Saw Stop LLC,Saw Stop LLC,,TGP2-FA,,,"Saw Stop LLC, Commercial Product, TGP2-FA",COMMERCIAL PRODUCT,"Saw Stop LLC, TGP2-FA, Commercial Product",Saw Stop LLC Commercial Product,"Saw Stop LLC, Commercial Product",,,,,,,,,,,,,,,,,,,,,,,,,,,"Saw Stop LLC, Commercial Product",Series,,,Model,,,Item Type,,,Voltage Rating,,,Amperage Rating,,,Dimensions,,,Mounting Type,,,Material,,,Color,,,Sound Level,,,Additional Information,,,,,,,,,,,,,,,,,,,,,,,,,,,,,,,,,,,,,,,,,,,,,,,,,,,,,,,,,,,,,,,,,,,,,,,,,,,,,,,,,,,,,,,,,,,,,,,,,,,,,,,,,,,,,,,,,,,,,,,,,,,,,,1,EA,,,,,,,,,,,,,,,,,,,,,,,,,,,,,,,,,,,,,US,No,No
,,,,,,ATGI-FA,,,,ATGI-FA,ATGI-FA,ATGI-FA T-Glide Advanced Fence Industrial,-- Unbranded --,-- No Unilog Brand --,-- No DIB Brand --,Saw Stop LLC (SAWST),Saw Stop LLC,Saw Stop LLC,,ATGI-FA,,,"Saw Stop LLC, Commercial Product, ATGI-FA",COMMERCIAL PRODUCT,"Saw Stop LLC, ATGI-FA, Commercial Product",Saw Stop LLC Commercial Product,"Saw Stop LLC, Commercial Product",,,,,,,,,,,,,,,,,,,,,,,,,,,"Saw Stop LLC, Commercial Product",Series,,,Model,,,Item Type,,,Voltage Rating,,,Amperage Rating,,,Dimensions,,,Mounting Type,,,Material,,,Color,,,Sound Level,,,Additional Information,,,,,,,,,,,,,,,,,,,,,,,,,,,,,,,,,,,,,,,,,,,,,,,,,,,,,,,,,,,,,,,,,,,,,,,,,,,,,,,,,,,,,,,,,,,,,,,,,,,,,,,,,,,,,,,,,,,,,,,,,,,,,,1,EA,,,,,,,,,,,,,,,,,,,,,,,,,,,,,,,,,,,,,US,No,No
,,,,,,ATGP-FA,,,,ATGP-FA,ATGP-FA,ATGP-FA T-Glide Advance Fence Professional,-- Unbranded --,-- No Unilog Brand --,-- No DIB Brand --,Saw Stop LLC (SAWST),Saw Stop LLC,Saw Stop LLC,,ATGP-FA,,,"Saw Stop LLC, Commercial Product, ATGP-FA",COMMERCIAL PRODUCT,"Saw Stop LLC, ATGP-FA, Commercial Product",Saw Stop LLC Commercial Product,"Saw Stop LLC, Commercial Product",,,,,,,,,,,,,,,,,,,,,,,,,,,"Saw Stop LLC, Commercial Product",Series,,,Model,,,Item Type,,,Voltage Rating,,,Amperage Rating,,,Dimensions,,,Mounting Type,,,Material,,,Color,,,Sound Level,,,Additional Information,,,,,,,,,,,,,,,,,,,,,,,,,,,,,,,,,,,,,,,,,,,,,,,,,,,,,,,,,,,,,,,,,,,,,,,,,,,,,,,,,,,,,,,,,,,,,,,,,,,,,,,,,,,,,,,,,,,,,,,,,,,,,,1,EA,,,,,,,,,,,,,,,,,,,,,,,,,,,,,,,,,,,,,US,No,No
,,,,,,TGI2-FA,,,,TGI2-FA,TGI2-FA,TGI2-FA T-Glide Fence Indudtrial,-- Unbranded --,-- No Unilog Brand --,-- No DIB Brand --,Saw Stop LLC (SAWST),Saw Stop LLC,Saw Stop LLC,,TGI2-FA,,,"Saw Stop LLC, Commercial Product, TGI2-FA",COMMERCIAL PRODUCT,"Saw Stop LLC, TGI2-FA, Commercial Product",Saw Stop LLC Commercial Product,"Saw Stop LLC, Commercial Product",,,,,,,,,,,,,,,,,,,,,,,,,,,"Saw Stop LLC, Commercial Product",Series,,,Model,,,Item Type,,,Voltage Rating,,,Amperage Rating,,,Dimensions,,,Mounting Type,,,Material,,,Color,,,Sound Level,,,Additional Information,,,,,,,,,,,,,,,,,,,,,,,,,,,,,,,,,,,,,,,,,,,,,,,,,,,,,,,,,,,,,,,,,,,,,,,,,,,,,,,,,,,,,,,,,,,,,,,,,,,,,,,,,,,,,,,,,,,,,,,,,,,,,,1,EA,,,,,,,,,,,,,,,,,,,,,,,,,,,,,,,,,,,,,US,No,No
,,,,,,TGI2-T36A,,,,TGI2-T36A,TGI2-T36A,"TGI2-T36A 36"" Table Assembly Industrial",-- Unbranded --,-- No Unilog Brand --,-- No DIB Brand --,Saw Stop LLC (SAWST),Saw Stop LLC,Saw Stop LLC,,TGI2-T36A,,,"Saw Stop LLC, Commercial Product, TGI2-T36A",COMMERCIAL PRODUCT,"Saw Stop LLC, TGI2-T36A, Commercial Product",Saw Stop LLC Commercial Product,"Saw Stop LLC, Commercial Product",,,,,,,,,,,,,,,,,,,,,,,,,,,"Saw Stop LLC, Commercial Product",Series,,,Model,,,Item Type,,,Voltage Rating,,,Amperage Rating,,,Dimensions,,,Mounting Type,,,Material,,,Color,,,Sound Level,,,Additional Information,,,,,,,,,,,,,,,,,,,,,,,,,,,,,,,,,,,,,,,,,,,,,,,,,,,,,,,,,,,,,,,,,,,,,,,,,,,,,,,,,,,,,,,,,,,,,,,,,,,,,,,,,,,,,,,,,,,,,,,,,,,,,,1,EA,,,,,,,,,,,,,,,,,,,,,,,,,,,,,,,,,,,,,US,No,No
https://www.kregtool.com/product/KPTBPS100A,,,,,,KPTBPS100A,,,,KPTBPS100A,KPTBPS100A,"KPTBPS100A Kreg 20V Ionic 6-1/2"" Plunge-Cut Track Saw Kit",-- Unbranded --,-- No Unilog Brand --,-- No DIB Brand --,Kreg Tool Company (KRETO),Kreg Tool Company,KREG®,,KPTBPS100A,,,"KREG®, Commercial Product, KPTBPS100A",COMMERCIAL PRODUCT 20 V,"KREG®, KPTBPS100A, Commercial Product","KREG® Commercial Product, 20 V","KREG®, Commercial Product",,,,,,,,,,,,,,,,,,,,,,,,,,,"KREG®, Commercial Product",Series,,,Model,,,Item Type,,,Voltage Rating,20,V,Amperage Rating,,,Dimensions,,,Mounting Type,,,Material,,,Color,,,Sound Level,,,Additional Information,,,,,,,,,,,,,,,,,,,,,,,,,,,,,,,,,,,,,,,,,,,,,,,,,,,,,,,,,,,,,,,,,,,,,,,,,,,,,,,,,,,,,,,,,,,,,,,,,,,,,,,,,,,,,,,,,,,,,,,,,,,,,,1,EA,,,,,,,,,,,,,,,,,,,,,,,,,,,,,,,,,,,,,US,No,No
https://www.diablotools.com/product/DCB606C,,,,,,DCB606C,,,,DCB606C,DCB606C,DCB606C Dewalt Flexvolt Starter Kit,-- Unbranded --,-- No Unilog Brand --,-- No DIB Brand --,Black & Decker/dewlt (2585),Freud Tools / Robert Bosch Tool Corporation,DIABLO®,,DCB606C,,,"DIABLO®, Commercial Product, DCB606C",COMMERCIAL PRODUCT,"DIABLO®, DCB606C, Commercial Product",DIABLO® Commercial Product,"DIABLO®, Commercial Product",,,,,,,,,,,,,,,,,,,,,,,,,,,"DIABLO®, Commercial Product",Series,,,Model,,,Item Type,,,Voltage Rating,,,Amperage Rating,,,Dimensions,,,Mounting Type,,,Material,,,Color,,,Sound Level,,,Additional Information,,,,,,,,,,,,,,,,,,,,,,,,,,,,,,,,,,,,,,,,,,,,,,,,,,,,,,,,,,,,,,,,,,,,,,,,,,,,,,,,,,,,,,,,,,,,,,,,,,,,,,,,,,,,,,,,,,,,,,,,,,,,,,1,EA,,,,,,,,,,,,,,,,,,,,,,,,,,,,,,,,,,,,,US,No,No
https://www.makitatools.com/product/BL1850BDC1,,,,,,BL1850BDC1,,,,BL1850BDC1,BL1850BDC1,BL1850BDC1 Makita Starter Kit,-- Unbranded --,-- No Unilog Brand --,-- No DIB Brand --,Makita Usa Inc (5142),Makita Corporation,MAKITA®,,BL1850BDC1,,,"MAKITA®, Commercial Product, BL1850BDC1",COMMERCIAL PRODUCT,"MAKITA®, BL1850BDC1, Commercial Product",MAKITA® Commercial Product,"MAKITA®, Commercial Product",,,,,,,,,,,,,,,,,,,,,,,,,,,"MAKITA®, Commercial Product",Series,,,Model,,,Item Type,,,Voltage Rating,,,Amperage Rating,,,Dimensions,,,Mounting Type,,,Material,,,Color,,,Sound Level,,,Additional Information,,,,,,,,,,,,,,,,,,,,,,,,,,,,,,,,,,,,,,,,,,,,,,,,,,,,,,,,,,,,,,,,,,,,,,,,,,,,,,,,,,,,,,,,,,,,,,,,,,,,,,,,,,,,,,,,,,,,,,,,,,,,,,1,EA,,,,,,,,,,,,,,,,,,,,,,,,,,,,,,,,,,,,,US,No,No
https://www.diablotools.com/product/DCB205C,,,,,,DCB205C,,,,DCB205C,DCB205C,DCB205C 20V Starter Kit,-- Unbranded --,-- No Unilog Brand --,-- No DIB Brand --,Black & Decker/dewlt (2585),Freud Tools / Robert Bosch Tool Corporation,DIABLO®,,DCB205C,,,"DIABLO®, Commercial Product, DCB205C",COMMERCIAL PRODUCT 20 V,"DIABLO®, DCB205C, Commercial Product","DIABLO® Commercial Product, 20 V","DIABLO®, Commercial Product",,,,,,,,,,,,,,,,,,,,,,,,,,,"DIABLO®, Commercial Product",Series,,,Model,,,Item Type,,,Voltage Rating,20,V,Amperage Rating,,,Dimensions,,,Mounting Type,,,Material,,,Color,,,Sound Level,,,Additional Information,,,,,,,,,,,,,,,,,,,,,,,,,,,,,,,,,,,,,,,,,,,,,,,,,,,,,,,,,,,,,,,,,,,,,,,,,,,,,,,,,,,,,,,,,,,,,,,,,,,,,,,,,,,,,,,,,,,,,,,,,,,,,,1,EA,,,,,,,,,,,,,,,,,,,,,,,,,,,,,,,,,,,,,US,No,No
https://www.diablotools.com/product/DCB2108,,,,,,DCB2108,,,,DCB2108,DCB2108,DCB2108 Dewalt 20V 8Ah Battery - Max XR Powerpack,-- Unbranded --,-- No Unilog Brand --,-- No DIB Brand --,Black & Decker/dewlt (2585),Freud Tools / Robert Bosch Tool Corporation,DIABLO®,,DCB2108,,,"DIABLO®, Commercial Product, DCB2108",COMMERCIAL PRODUCT 20 V,"DIABLO®, DCB2108, Commercial Product","DIABLO® Commercial Product, 20 V","DIABLO®, Commercial Product",,,,,,,,,,,,,,,,,,,,,,,,,,,"DIABLO®, Commercial Product",Series,,,Model,,,Item Type,,,Voltage Rating,20,V,Amperage Rating,,,Dimensions,,,Mounting Type,,,Material,,,Color,,,Sound Level,,,Additional Information,,,,,,,,,,,,,,,,,,,,,,,,,,,,,,,,,,,,,,,,,,,,,,,,,,,,,,,,,,,,,,,,,,,,,,,,,,,,,,,,,,,,,,,,,,,,,,,,,,,,,,,,,,,,,,,,,,,,,,,,,,,,,,1,EA,,,,,,,,,,,,,,,,,,,,,,,,,,,,,,,,,,,,,US,No,No
https://www.diablotools.com/product/DCB2108-2,,,,,,DCB2108-2,,,,DCB2108-2,DCB2108-2,DCB2108-2 Dewalt 20V 8Ah 2pk - Battery Max XR Powerpack,-- Unbranded --,-- No Unilog Brand --,-- No DIB Brand --,Black & Decker/dewlt (2585),Freud Tools / Robert Bosch Tool Corporation,DIABLO®,,DCB2108-2,,,"DIABLO®, Commercial Product, DCB2108-2",COMMERCIAL PRODUCT 20 V,"DIABLO®, DCB2108-2, Commercial Product","DIABLO® Commercial Product, 20 V","DIABLO®, Commercial Product",,,,,,,,,,,,,,,,,,,,,,,,,,,"DIABLO®, Commercial Product",Series,,,Model,,,Item Type,,,Voltage Rating,20,V,Amperage Rating,,,Dimensions,,,Mounting Type,,,Material,,,Color,,,Sound Level,,,Additional Information,,,,,,,,,,,,,,,PackQuantity,2 PK,,,,,,,,,,,,,,,,,,,,,,,,,,,,,,,,,,,,,,,,,,,,,,,,,,,,,,,,,,,,,,,,,,,,,,,,,,,,,,,,,,,,,,,,,,,,,,,,,,,,,,,,,,,,,,1,EA,,,,,,,,,,,,,,,,,,,,,,,,,,,,,,,,,,,,,US,No,No
,,,,,,VB0212,,,,VB0212,VB0212,VB0212 Senco 18V 2.0 AH Lithium Battery,-- Unbranded --,-- No Unilog Brand --,-- No DIB Brand --,Senco Products Inc (4650),Senco Products Inc,Senco Products Inc,,VB0212,,,"Senco Products Inc, Commercial Product, VB0212",COMMERCIAL PRODUCT 18 V,"Senco Products Inc, VB0212, Commercial Product","Senco Products Inc Commercial Product, 18 V","Senco Products Inc, Commercial Product",,,,,,,,,,,,,,,,,,,,,,,,,,,"Senco Products Inc, Commercial Product",Series,,,Model,,,Item Type,,,Voltage Rating,18,V,Amperage Rating,,,Dimensions,,,Mounting Type,,,Material,,,Color,,,Sound Level,,,Additional Information,,,,,,,,,,,,,,,,,,,,,,,,,,,,,,,,,,,,,,,,,,,,,,,,,,,,,,,,,,,,,,,,,,,,,,,,,,,,,,,,,,,,,,,,,,,,,,,,,,,,,,,,,,,,,,,,,,,,,,,,,,,,,,1,EA,,,,,,,,,,,,,,,,,,,,,,,,,,,,,,,,,,,,,US,No,No
https://www.kregtool.com/product/BCB2A20A,,,,,,BCB2A20A,,,,BCB2A20A,BCB2A20A,BCB2A20A Kreg 20V Battery/Charger Starter Kit,-- Unbranded --,-- No Unilog Brand --,-- No DIB Brand --,Kreg Tool Company (KRETO),Kreg Tool Company,KREG®,,BCB2A20A,,,"KREG®, Commercial Product, BCB2A20A",COMMERCIAL PRODUCT 20 V,"KREG®, BCB2A20A, Commercial Product","KREG® Commercial Product, 20 V","KREG®, Commercial Product",,,,,,,,,,,,,,,,,,,,,,,,,,,"KREG®, Commercial Product",Series,,,Model,,,Item Type,,,Voltage Rating,20,V,Amperage Rating,,,Dimensions,,,Mounting Type,,,Material,,,Color,,,Sound Level,,,Additional Information,,,,,,,,,,,,,,,,,,,,,,,,,,,,,,,,,,,,,,,,,,,,,,,,,,,,,,,,,,,,,,,,,,,,,,,,,,,,,,,,,,,,,,,,,,,,,,,,,,,,,,,,,,,,,,,,,,,,,,,,,,,,,,1,EA,,,,,,,,,,,,,,,,,,,,,,,,,,,,,,,,,,,,,US,No,No
https://www.kregtool.com/product/BATT4A,,,,,,BATT4A,,,,BATT4A,BATT4A,BATT4A Kreg 20V 4ah Battery Pack,-- Unbranded --,-- No Unilog Brand --,-- No DIB Brand --,Kreg Tool Company (KRETO),Kreg Tool Company,KREG®,,BATT4A,,,"KREG®, Commercial Product, BATT4A",COMMERCIAL PRODUCT 20 V,"KREG®, BATT4A, Commercial Product","KREG® Commercial Product, 20 V","KREG®, Commercial Product",,,,,,,,,,,,,,,,,,,,,,,,,,,"KREG®, Commercial Product",Series,,,Model,,,Item Type,,,Voltage Rating,20,V,Amperage Rating,,,Dimensions,,,Mounting Type,,,Material,,,Color,,,Sound Level,,,Additional Information,,,,,,,,,,,,,,,,,,,,,,,,,,,,,,,,,,,,,,,,,,,,,,,,,,,,,,,,,,,,,,,,,,,,,,,,,,,,,,,,,,,,,,,,,,,,,,,,,,,,,,,,,,,,,,,,,,,,,,,,,,,,,,1,EA,,,,,,,,,,,,,,,,,,,,,,,,,,,,,,,,,,,,,US,No,No
https://www.kregtool.com/product/BATT2A,,,,,,BATT2A,,,,BATT2A,BATT2A,BATT2A Kreg 20V 2ah Battery Pack,-- Unbranded --,-- No Unilog Brand --,-- No DIB Brand --,Kreg Tool Company (KRETO),Kreg Tool Company,KREG®,,BATT2A,,,"KREG®, Commercial Product, BATT2A",COMMERCIAL PRODUCT 20 V,"KREG®, BATT2A, Commercial Product","KREG® Commercial Product, 20 V","KREG®, Commercial Product",,,,,,,,,,,,,,,,,,,,,,,,,,,"KREG®, Commercial Product",Series,,,Model,,,Item Type,,,Voltage Rating,20,V,Amperage Rating,,,Dimensions,,,Mounting Type,,,Material,,,Color,,,Sound Level,,,Additional Information,,,,,,,,,,,,,,,,,,,,,,,,,,,,,,,,,,,,,,,,,,,,,,,,,,,,,,,,,,,,,,,,,,,,,,,,,,,,,,,,,,,,,,,,,,,,,,,,,,,,,,,,,,,,,,,,,,,,,,,,,,,,,,1,EA,,,,,,,,,,,,,,,,,,,,,,,,,,,,,,,,,,,,,US,No,No
https://www.makitatools.com/product/BL1850BDC2X1,,,,,,BL1850BDC2X1,,,,BL1850BDC2X1,BL1850BDC2X1,BL1850BDC2X1 Makita Starter Kit,-- Unbranded --,-- No Unilog Brand --,-- No DIB Brand --,Makita Usa Inc (5142),Makita Corporation,MAKITA®,,BL1850BDC2X1,,,"MAKITA®, Commercial Product, BL1850BDC2X1",COMMERCIAL PRODUCT,"MAKITA®, BL1850BDC2X1, Commercial Product",MAKITA® Commercial Product,"MAKITA®, Commercial Product",,,,,,,,,,,,,,,,,,,,,,,,,,,"MAKITA®, Commercial Product",Series,,,Model,,,Item Type,,,Voltage Rating,,,Amperage Rating,,,Dimensions,,,Mounting Type,,,Material,,,Color,,,Sound Level,,,Additional Information,,,,,,,,,,,,,,,,,,,,,,,,,,,,,,,,,,,,,,,,,,,,,,,,,,,,,,,,,,,,,,,,,,,,,,,,,,,,,,,,,,,,,,,,,,,,,,,,,,,,,,,,,,,,,,,,,,,,,,,,,,,,,,1,EA,,,,,,,,,,,,,,,,,,,,,,,,,,,,,,,,,,,,,US,No,No
https://www.milwaukeetool.com/product/48-11-2422,,,,,,48-11-2422,,,,48-11-2422,48-11-2422,48-11-2422 Milw M12 CP2.0 Battery Two Pack,-- Unbranded --,-- No Unilog Brand --,-- No DIB Brand --,Milwaukee Accessory (4031),Milwaukee Electric Tool Corporation,MILWAUKEE®,,48-11-2422,,,"MILWAUKEE®, Commercial Product, 48-11-2422",COMMERCIAL PRODUCT,"MILWAUKEE®, 48-11-2422, Commercial Product",MILWAUKEE® Commercial Product,"MILWAUKEE®, Commercial Product",,,,,,,,,,,,,,,,,,,,,,,,,,,"MILWAUKEE®, Commercial Product",Series,,,Model,,,Item Type,,,Voltage Rating,,,Amperage Rating,,,Dimensions,,,Mounting Type,,,Material,,,Color,,,Sound Level,,,Additional Information,,,,,,,,,,,,,,,,,,,,,,,,,,,,,,,,,,,,,,,,,,,,,,,,,,,,,,,,,,,,,,,,,,,,,,,,,,,,,,,,,,,,,,,,,,,,,,,,,,,,,,,,,,,,,,,,,,,,,,,,,,,,,,1,EA,,,,,,,,,,,,,,,,,,,,,,,,,,,,,,,,,,,,,US,No,No
https://www.diablotools.com/product/DCB1104,,,,,,DCB1104,,,,DCB1104,DCB1104,DCB1104 Dewalt 12V/20V Charger - 4 Amp,-- Unbranded --,-- No Unilog Brand --,-- No DIB Brand --,Black & Decker/dewlt (2585),Freud Tools / Robert Bosch Tool Corporation,DIABLO®,,DCB1104,,,"DIABLO®, Commercial Product, DCB1104",COMMERCIAL PRODUCT 12 V,"DIABLO®, DCB1104, Commercial Product","DIABLO® Commercial Product, 12 V, 4 A","DIABLO®, Commercial Product",,,,,,,,,,,,,,,,,,,,,,,,,,,"DIABLO®, Commercial Product",Series,,,Model,,,Item Type,,,Voltage Rating,12,V,Amperage Rating,4,A,Dimensions,,,Mounting Type,,,Material,,,Color,,,Sound Level,,,Additional Information,,,,,,,,,,,,,,,,,,,,,,,,,,,,,,,,,,,,,,,,,,,,,,,,,,,,,,,,,,,,,,,,,,,,,,,,,,,,,,,,,,,,,,,,,,,,,,,,,,,,,,,,,,,,,,,,,,,,,,,,,,,,,,1,EA,,,,,,,,,,,,,,,,,,,,,,,,,,,,,,,,,,,,,US,No,No
https://www.milwaukeetool.com/product/48-59-1804,,,,,,48-59-1804,,,,48-59-1804,48-59-1804,48-59-1804 Milw M18 and M12 Rapid Charger,-- Unbranded --,-- No Unilog Brand --,-- No DIB Brand --,Milwaukee Accessory (4031),Milwaukee Electric Tool Corporation,MILWAUKEE®,,48-59-1804,,,"MILWAUKEE®, Commercial Product, 48-59-1804, M18™ and M12™ Gangbox Rapid Charger",COMM PRODUCT M18™ M12™ GANGBOX RAPID,"MILWAUKEE®, 48-59-1804, Commercial Product, M18™ and M12™ Gangbox Rapid Charger | Mi Mounting","MILWAUKEE® Commercial Product, M18™ and M12™ Gangbox Rapid Charger | Mi A, M18™ and M12™ Gangbox Rapid Charger | Mi Mounting","MILWAUKEE®, Commercial Product, M18™ and M12™ Gangbox Rapid Charger | Mi Mounting",,,,,,,,,,,,,,,,,,,,,,,,,,,"MILWAUKEE®, Commercial Product, M18™ and M12™ Gangbox Rapid Charger | Mi Mounting",Series,,,Model,,,Item Type,,,Voltage Rating,,,Amperage Rating,M18™ and M12™ Gangbox Rapid Charger | Mi,,Dimensions,,,Mounting Type,M18™ and M12™ Gangbox Rapid Charger | Mi,,Material,,,Color,,,Sound Level,,,Additional Information,,,,,,,,,,,,,,,,,,,,,,,,,,,,,,,,,,,,,,,,,,,,,,,,,,,,,,,,,,,,,,,,,,,,,,,,,,,,,,,,,,,,,,,,,,,,,,,,,,,,,,,,,,,,,,,,,,,,,,,,,,,,,,1,EA,,,,,,,,,,,,,,,,,,,,,,,,,,,,,,,,,,,,,US,No,No
https://www.kregtool.com/product/CRGR401A,,,,,,CRGR401A,,,,CRGR401A,CRGR401A,CRGR401A Kreg 20V Fast Charger,-- Unbranded --,-- No Unilog Brand --,-- No DIB Brand --,Kreg Tool Company (KRETO),Kreg Tool Company,KREG®,,CRGR401A,,,"KREG®, Commercial Product, CRGR401A",COMMERCIAL PRODUCT 20 V,"KREG®, CRGR401A, Commercial Product","KREG® Commercial Product, 20 V","KREG®, Commercial Product",,,,,,,,,,,,,,,,,,,,,,,,,,,"KREG®, Commercial Product",Series,,,Model,,,Item Type,,,Voltage Rating,20,V,Amperage Rating,,,Dimensions,,,Mounting Type,,,Material,,,Color,,,Sound Level,,,Additional Information,,,,,,,,,,,,,,,,,,,,,,,,,,,,,,,,,,,,,,,,,,,,,,,,,,,,,,,,,,,,,,,,,,,,,,,,,,,,,,,,,,,,,,,,,,,,,,,,,,,,,,,,,,,,,,,,,,,,,,,,,,,,,,1,EA,,,,,,,,,,,,,,,,,,,,,,,,,,,,,,,,,,,,,US,No,No
https://www.milwaukeetool.com/product/48-59-1211,,,,,,48-59-1211,,,,48-59-1211,48-59-1211,48-59-1211 Milw Power Supply - Charger,-- Unbranded --,-- No Unilog Brand --,-- No DIB Brand --,Milwaukee Accessory (4031),Milwaukee Electric Tool Corporation,MILWAUKEE®,,48-59-1211,,,"MILWAUKEE®, Commercial Product, 48-59-1211, M12™ TOP-OFF™ Power Supply and Charg",COMM PRODUCT M12™ TOP-OFF™ POWER SUPPLY,"MILWAUKEE®, 48-59-1211, Commercial Product, M12™ TOP-OFF™ Power Supply and Charger | Mounting","MILWAUKEE® Commercial Product, M12™ TOP-OFF™ Power Supply and Charger | A, M12™ TOP-OFF™ Power Supply and Charger | Mounting","MILWAUKEE®, Commercial Product, M12™ TOP-OFF™ Power Supply and Charger | Mounting",,,,,,,,,,,,,,,,,,,,,,,,,,,"MILWAUKEE®, Commercial Product, M12™ TOP-OFF™ Power Supply and Charger | Mounting",Series,,,Model,,,Item Type,,,Voltage Rating,,,Amperage Rating,M12™ TOP-OFF™ Power Supply and Charger |,,Dimensions,,,Mounting Type,M12™ TOP-OFF™ Power Supply and Charger |,,Material,,,Color,,,Sound Level,,,Additional Information,,,,,,,,,,,,,,,,,,,,,,,,,,,,,,,,,,,,,,,,,,,,,,,,,,,,,,,,,,,,,,,,,,,,,,,,,,,,,,,,,,,,,,,,,,,,,,,,,,,,,,,,,,,,,,,,,,,,,,,,,,,,,,1,EA,,,,,,,,,,,,,,,,,,,,,,,,,,,,,,,,,,,,,US,No,No
https://www.milwaukeetool.com/product/2847-20,,,,,,2847-20,,,,2847-20,2847-20,2847-20 Milw M18 Charger and Power Supply,-- Unbranded --,-- No Unilog Brand --,-- No DIB Brand --,Milwaukee Accessory (4031),Milwaukee Electric Tool Corporation,MILWAUKEE®,,2847-20,,,"MILWAUKEE®, Commercial Product, 2847-20, M18™ TOP-OFF™ Charger & Power Supply |",COMM PRODUCT M18™ TOP-OFF™ CHARGER &,"MILWAUKEE®, 2847-20, Commercial Product, M18™ TOP-OFF™ Charger & Power Supply | M Mounting","MILWAUKEE® Commercial Product, M18™ TOP-OFF™ Charger & Power Supply | M A, M18™ TOP-OFF™ Charger & Power Supply | M Mounting","MILWAUKEE®, Commercial Product, M18™ TOP-OFF™ Charger & Power Supply | M Mounting",,,,,,,,,,,,,,,,,,,,,,,,,,,"MILWAUKEE®, Commercial Product, M18™ TOP-OFF™ Charger & Power Supply | M Mounting",Series,,,Model,,,Item Type,,,Voltage Rating,,,Amperage Rating,M18™ TOP-OFF™ Charger & Power Supply | M,,Dimensions,,,Mounting Type,M18™ TOP-OFF™ Charger & Power Supply | M,,Material,,,Color,,,Sound Level,,,Additional Information,,,,,,,,,,,,,,,,,,,,,,,,,,,,,,,,,,,,,,,,,,,,,,,,,,,,,,,,,,,,,,,,,,,,,,,,,,,,,,,,,,,,,,,,,,,,,,,,,,,,,,,,,,,,,,,,,,,,,,,,,,,,,,1,EA,,,,,,,,,,,,,,,,,,,,,,,,,,,,,,,,,,,,,US,No,No
https://www.dewalt.com/product/DWV9401,,,,,,DWV9401,,,,DWV9401,DWV9401,DWV9401 Dewalt Paper Bag - 5pk,-- Unbranded --,-- No Unilog Brand --,-- No DIB Brand --,Black & Decker/dewlt (2585),Stanley Black & Decker,DEWALT®,,DWV9401,,,"DEWALT®, Commercial Product, DWV9401",COMMERCIAL PRODUCT,"DEWALT®, DWV9401, Commercial Product",DEWALT® Commercial Product,"DEWALT®, Commercial Product",,,,,,,,,,,,,,,,,,,,,,,,,,,"DEWALT®, Commercial Product",Series,,,Model,,,Item Type,,,Voltage Rating,,,Amperage Rating,,,Dimensions,,,Mounting Type,,,Material,,,Color,,,Sound Level,,,Additional Information,,,,,,,,,,,,,,,PackQuantity,5 PK,,,,,,,,,,,,,,,,,,,,,,,,,,,,,,,,,,,,,,,,,,,,,,,,,,,,,,,,,,,,,,,,,,,,,,,,,,,,,,,,,,,,,,,,,,,,,,,,,,,,,,,,,,,,,,1,EA,,,,,,,,,,,,,,,,,,,,,,,,,,,,,,,,,,,,,US,No,No
https://www.festoolusa.com/product/578512,,,,,,578512,,,,578512,578512,578512 Festool Dust Extractor-CT MIDI I HEPA,-- Unbranded --,-- No Unilog Brand --,-- No DIB Brand --,Festool USA (FESTO),Festool GmbH,FESTOOL®,,578512,,,"FESTOOL®, Commercial Product, 578512",COMMERCIAL PRODUCT,"FESTOOL®, 578512, Commercial Product",FESTOOL® Commercial Product,"FESTOOL®, Commercial Product",,,,,,,,,,,,,,,,,,,,,,,,,,,"FESTOOL®, Commercial Product",Series,,,Model,,,Item Type,,,Voltage Rating,,,Amperage Rating,,,Dimensions,,,Mounting Type,,,Material,,,Color,,,Sound Level,,,Additional Information,,,,,,,,,,,,,,,,,,,,,,,,,,,,,,,,,,,,,,,,,,,,,,,,,,,,,,,,,,,,,,,,,,,,,,,,,,,,,,,,,,,,,,,,,,,,,,,,,,,,,,,,,,,,,,,,,,,,,,,,,,,,,,1,EA,,,,,,,,,,,,,,,,,,,,,,,,,,,,,,,,,,,,,US,No,No
https://www.festoolusa.com/product/577871,,,,,,577871,,,,577871,577871,577871 Festool Dust Extractor - CT 26,-- Unbranded --,-- No Unilog Brand --,-- No DIB Brand --,Festool USA (FESTO),Festool GmbH,FESTOOL®,,577871,,,"FESTOOL®, Commercial Product, 577871",COMMERCIAL PRODUCT,"FESTOOL®, 577871, Commercial Product",FESTOOL® Commercial Product,"FESTOOL®, Commercial Product",,,,,,,,,,,,,,,,,,,,,,,,,,,"FESTOOL®, Commercial Product",Series,,,Model,,,Item Type,,,Voltage Rating,,,Amperage Rating,,,Dimensions,,,Mounting Type,,,Material,,,Color,,,Sound Level,,,Additional Information,,,,,,,,,,,,,,,,,,,,,,,,,,,,,,,,,,,,,,,,,,,,,,,,,,,,,,,,,,,,,,,,,,,,,,,,,,,,,,,,,,,,,,,,,,,,,,,,,,,,,,,,,,,,,,,,,,,,,,,,,,,,,,1,EA,,,,,,,,,,,,,,,,,,,,,,,,,,,,,,,,,,,,,US,No,No
https://www.festoolusa.com/product/577874,,,,,,577874,,,,577874,577874,577874 Festool Dust Extractor - CT 36,-- Unbranded --,-- No Unilog Brand --,-- No DIB Brand --,Festool USA (FESTO),Festool GmbH,FESTOOL®,,577874,,,"FESTOOL®, Commercial Product, 577874",COMMERCIAL PRODUCT,"FESTOOL®, 577874, Commercial Product",FESTOOL® Commercial Product,"FESTOOL®, Commercial Product",,,,,,,,,,,,,,,,,,,,,,,,,,,"FESTOOL®, Commercial Product",Series,,,Model,,,Item Type,,,Voltage Rating,,,Amperage Rating,,,Dimensions,,,Mounting Type,,,Material,,,Color,,,Sound Level,,,Additional Information,,,,,,,,,,,,,,,,,,,,,,,,,,,,,,,,,,,,,,,,,,,,,,,,,,,,,,,,,,,,,,,,,,,,,,,,,,,,,,,,,,,,,,,,,,,,,,,,,,,,,,,,,,,,,,,,,,,,,,,,,,,,,,1,EA,,,,,,,,,,,,,,,,,,,,,,,,,,,,,,,,,,,,,US,No,No
https://www.festoolusa.com/product/577876,,,,,,577876,,,,577876,577876,577876 Festool Dust Extractor - CT 48,-- Unbranded --,-- No Unilog Brand --,-- No DIB Brand --,Festool USA (FESTO),Festool GmbH,FESTOOL®,,577876,,,"FESTOOL®, Commercial Product, 577876",COMMERCIAL PRODUCT,"FESTOOL®, 577876, Commercial Product",FESTOOL® Commercial Product,"FESTOOL®, Commercial Product",,,,,,,,,,,,,,,,,,,,,,,,,,,"FESTOOL®, Commercial Product",Series,,,Model,,,Item Type,,,Voltage Rating,,,Amperage Rating,,,Dimensions,,,Mounting Type,,,Material,,,Color,,,Sound Level,,,Additional Information,,,,,,,,,,,,,,,,,,,,,,,,,,,,,,,,,,,,,,,,,,,,,,,,,,,,,,,,,,,,,,,,,,,,,,,,,,,,,,,,,,,,,,,,,,,,,,,,,,,,,,,,,,,,,,,,,,,,,,,,,,,,,,1,EA,,,,,,,,,,,,,,,,,,,,,,,,,,,,,,,,,,,,,US,No,No
https://www.festoolusa.com/product/578441,,,,,,578441,,,,578441,578441,578441 Festool Dust Extractor-CT 15 HEPA,-- Unbranded --,-- No Unilog Brand --,-- No DIB Brand --,Festool USA (FESTO),Festool GmbH,FESTOOL®,,578441,,,"FESTOOL®, Commercial Product, 578441",COMMERCIAL PRODUCT,"FESTOOL®, 578441, Commercial Product",FESTOOL® Commercial Product,"FESTOOL®, Commercial Product",,,,,,,,,,,,,,,,,,,,,,,,,,,"FESTOOL®, Commercial Product",Series,,,Model,,,Item Type,,,Voltage Rating,,,Amperage Rating,,,Dimensions,,,Mounting Type,,,Material,,,Color,,,Sound Level,,,Additional Information,,,,,,,,,,,,,,,,,,,,,,,,,,,,,,,,,,,,,,,,,,,,,,,,,,,,,,,,,,,,,,,,,,,,,,,,,,,,,,,,,,,,,,,,,,,,,,,,,,,,,,,,,,,,,,,,,,,,,,,,,,,,,,1,EA,,,,,,,,,,,,,,,,,,,,,,,,,,,,,,,,,,,,,US,No,No
https://www.dewalt.com/product/DCK225D2,,,,,,DCK225D2,,,,DCK225D2,DCK225D2,DCK225D2 Dewalt Impact/Drill - Kit,-- Unbranded --,-- No Unilog Brand --,-- No DIB Brand --,Black & Decker/dewlt (2585),Stanley Black & Decker,DEWALT®,,DCK225D2,,,"DEWALT®, Commercial Product, DCK225D2",COMMERCIAL PRODUCT,"DEWALT®, DCK225D2, Commercial Product",DEWALT® Commercial Product,"DEWALT®, Commercial Product",,,,,,,,,,,,,,,,,,,,,,,,,,,"DEWALT®, Commercial Product",Series,,,Model,,,Item Type,,,Voltage Rating,,,Amperage Rating,,,Dimensions,,,Mounting Type,,,Material,,,Color,,,Sound Level,,,Additional Information,,,,,,,,,,,,,,,,,,,,,,,,,,,,,,,,,,,,,,,,,,,,,,,,,,,,,,,,,,,,,,,,,,,,,,,,,,,,,,,,,,,,,,,,,,,,,,,,,,,,,,,,,,,,,,,,,,,,,,,,,,,,,,1,EA,,,,,,,,,,,,,,,,,,,,,,,,,,,,,,,,,,,,,US,No,No
https://www.dewalt.com/product/DCK2101QQ2,,,,,,DCK2101QQ2,,,,DCK2101QQ2,DCK2101QQ2,Dewalt DCK2101QQ2 20V 2Pc Kit,-- Unbranded --,-- No Unilog Brand --,-- No DIB Brand --,Black & Decker/dewlt (2585),Stanley Black & Decker,DEWALT®,,DCK2101QQ2,,,"DEWALT®, Commercial Product, DCK2101QQ2",COMMERCIAL PRODUCT 20 V,"DEWALT®, DCK2101QQ2, Commercial Product","DEWALT® Commercial Product, 20 V","DEWALT®, Commercial Product",,,,,,,,,,,,,,,,,,,,,,,,,,,"DEWALT®, Commercial Product",Series,,,Model,,,Item Type,,,Voltage Rating,20,V,Amperage Rating,,,Dimensions,,,Mounting Type,,,Material,,,Color,,,Sound Level,,,Additional Information,,,,,,,,,,,,,,,PackQuantity,2 PK,,,,,,,,,,,,,,,,,,,,,,,,,,,,,,,,,,,,,,,,,,,,,,,,,,,,,,,,,,,,,,,,,,,,,,,,,,,,,,,,,,,,,,,,,,,,,,,,,,,,,,,,,,,,,,1,EA,,,,,,,,,,,,,,,,,,,,,,,,,,,,,,,,,,,,,US,No,No
https://www.boschtools.com/product/4000-2/32,,,,,,4000-2/32,,,,4000-2/32,4000-2/32,4000-2/32 DREMEL ROTARY TOOL,-- Unbranded --,-- No Unilog Brand --,-- No DIB Brand --,Robt Bosch Tool Corp (6564),Robert Bosch GmbH,BOSCH®,,4000-2/32,,,"BOSCH®, Commercial Product, 4000-2/32",COMMERCIAL PRODUCT,"BOSCH®, 4000-2/32, Commercial Product",BOSCH® Commercial Product,"BOSCH®, Commercial Product",,,,,,,,,,,,,,,,,,,,,,,,,,,"BOSCH®, Commercial Product",Series,,,Model,,,Item Type,,,Voltage Rating,,,Amperage Rating,,,Dimensions,,,Mounting Type,,,Material,,,Color,,,Sound Level,,,Additional Information,,,,,,,,,,,,,,,,,,,,,,,,,,,,,,,,,,,,,,,,,,,,,,,,,,,,,,,,,,,,,,,,,,,,,,,,,,,,,,,,,,,,,,,,,,,,,,,,,,,,,,,,,,,,,,,,,,,,,,,,,,,,,,1,EA,,,,,,,,,,,,,,,,,,,,,,,,,,,,,,,,,,,,,US,No,No
https://www.boschtools.com/product/3100-1/15,,,,,,3100-1/15,,,,3100-1/15,3100-1/15,3100-1/15 Dremel Rotary Tool - Kit 15pc,-- Unbranded --,-- No Unilog Brand --,-- No DIB Brand --,Robt Bosch Tool Corp (6564),Robert Bosch GmbH,BOSCH®,,3100-1/15,,,"BOSCH®, Commercial Product, 3100-1/15",COMMERCIAL PRODUCT,"BOSCH®, 3100-1/15, Commercial Product",BOSCH® Commercial Product,"BOSCH®, Commercial Product",,,,,,,,,,,,,,,,,,,,,,,,,,,"BOSCH®, Commercial Product",Series,,,Model,,,Item Type,,,Voltage Rating,,,Amperage Rating,,,Dimensions,,,Mounting Type,,,Material,,,Color,,,Sound Level,,,Additional Information,,,,,,,,,,,,,,,PackQuantity,15 PK,,,,,,,,,,,,,,,,,,,,,,,,,,,,,,,,,,,,,,,,,,,,,,,,,,,,,,,,,,,,,,,,,,,,,,,,,,,,,,,,,,,,,,,,,,,,,,,,,,,,,,,,,,,,,,1,EA,,,,,,,,,,,,,,,,,,,,,,,,,,,,,,,,,,,,,US,No,No
https://www.makitatools.com/product/T-90043,,,,,,T-90043,,,,T-90043,T-90043,T-90043 Deep Medium Organizer,-- Unbranded --,-- No Unilog Brand --,-- No DIB Brand --,Makita Usa Inc (5142),Makita Corporation,MAKITA®,,T-90043,,,"MAKITA®, Commercial Product, T-90043",COMMERCIAL PRODUCT,"MAKITA®, T-90043, Commercial Product",MAKITA® Commercial Product,"MAKITA®, Commercial Product",,,,,,,,,,,,,,,,,,,,,,,,,,,"MAKITA®, Commercial Product",Series,,,Model,,,Item Type,,,Voltage Rating,,,Amperage Rating,,,Dimensions,,,Mounting Type,,,Material,,,Color,,,Sound Level,,,Additional Information,,,,,,,,,,,,,,,,,,,,,,,,,,,,,,,,,,,,,,,,,,,,,,,,,,,,,,,,,,,,,,,,,,,,,,,,,,,,,,,,,,,,,,,,,,,,,,,,,,,,,,,,,,,,,,,,,,,,,,,,,,,,,,1,EA,,,,,,,,,,,,,,,,,,,,,,,,,,,,,,,,,,,,,US,No,No
https://www.makitatools.com/product/T-90059,,,,,,T-90059,,,,T-90059,T-90059,T-90059 Low Profile Medium - Organizer,-- Unbranded --,-- No Unilog Brand --,-- No DIB Brand --,Makita Usa Inc (5142),Makita Corporation,MAKITA®,,T-90059,,,"MAKITA®, Commercial Product, T-90059",COMMERCIAL PRODUCT,"MAKITA®, T-90059, Commercial Product",MAKITA® Commercial Product,"MAKITA®, Commercial Product",,,,,,,,,,,,,,,,,,,,,,,,,,,"MAKITA®, Commercial Product",Series,,,Model,,,Item Type,,,Voltage Rating,,,Amperage Rating,,,Dimensions,,,Mounting Type,,,Material,,,Color,,,Sound Level,,,Additional Information,,,,,,,,,,,,,,,,,,,,,,,,,,,,,,,,,,,,,,,,,,,,,,,,,,,,,,,,,,,,,,,,,,,,,,,,,,,,,,,,,,,,,,,,,,,,,,,,,,,,,,,,,,,,,,,,,,,,,,,,,,,,,,1,EA,,,,,,,,,,,,,,,,,,,,,,,,,,,,,,,,,,,,,US,No,No
https://www.makitatools.com/product/T-90065,,,,,,T-90065,,,,T-90065,T-90065,T-90065 Deep Compact Organizer,-- Unbranded --,-- No Unilog Brand --,-- No DIB Brand --,Makita Usa Inc (5142),Makita Corporation,MAKITA®,,T-90065,,,"MAKITA®, Commercial Product, T-90065",COMMERCIAL PRODUCT,"MAKITA®, T-90065, Commercial Product",MAKITA® Commercial Product,"MAKITA®, Commercial Product",,,,,,,,,,,,,,,,,,,,,,,,,,,"MAKITA®, Commercial Product",Series,,,Model,,,Item Type,,,Voltage Rating,,,Amperage Rating,,,Dimensions,,,Mounting Type,,,Material,,,Color,,,Sound Level,,,Additional Information,,,,,,,,,,,,,,,,,,,,,,,,,,,,,,,,,,,,,,,,,,,,,,,,,,,,,,,,,,,,,,,,,,,,,,,,,,,,,,,,,,,,,,,,,,,,,,,,,,,,,,,,,,,,,,,,,,,,,,,,,,,,,,1,EA,,,,,,,,,,,,,,,,,,,,,,,,,,,,,,,,,,,,,US,No,No
,,,,,,10047VS,,,,10047VS,10047VS,10047VS Oliver 3HP 230V 1PH Shaper 1-1/4 Spindle,-- Unbranded --,-- No Unilog Brand --,-- No DIB Brand --,Oliver Machinery Company (OLIMA),Oliver Machinery Company,Oliver Machinery Company,,10047VS,,,"Oliver Machinery Company, Commercial Product, 10047VS",COMMERCIAL PRODUCT 230 V,"Oliver Machinery Company, 10047VS, Commercial Product","Oliver Machinery Company Commercial Product, 230 V","Oliver Machinery Company, Commercial Product",,,,,,,,,,,,,,,,,,,,,,,,,,,"Oliver Machinery Company, Commercial Product",Series,,,Model,,,Item Type,,,Voltage Rating,230,V,Amperage Rating,,,Dimensions,,,Mounting Type,,,Material,,,Color,,,Sound Level,,,Additional Information,,,,,,,,,,,,,,,,,,,,,,,,,,,,,,,,,,,,,,,,,,,,,,,,,,,,,,,,,,,,,,,,,,,,,,,,,,,,,,,,,,,,,,,,,,,,,,,,,,,,,,,,,,,,,,,,,,,,,,,,,,,,,,1,EA,,,,,,,,,,,,,,,,,,,,,,,,,,,,,,,,,,,,,US,No,No
,,,,,,MAG:2044-230-1,,,,MAG:2044-230-1,MAG:2044-230-1,2044-230-1 Stock Feeder 4-Roll - Steff,-- Unbranded --,-- No Unilog Brand --,-- No DIB Brand --,J&G Machinery (JGMAC),J&G Machinery,J&G Machinery,,MAG:2044-230-1,,,"J&G Machinery, Commercial Product, MAG:2044-230-1",COMMERCIAL PRODUCT,"J&G Machinery, MAG:2044-230-1, Commercial Product",J&G Machinery Commercial Product,"J&G Machinery, Commercial Product",,,,,,,,,,,,,,,,,,,,,,,,,,,"J&G Machinery, Commercial Product",Series,,,Model,,,Item Type,,,Voltage Rating,,,Amperage Rating,,,Dimensions,,,Mounting Type,,,Material,,,Color,,,Sound Level,,,Additional Information,,,,,,,,,,,,,,,,,,,,,,,,,,,,,,,,,,,,,,,,,,,,,,,,,,,,,,,,,,,,,,,,,,,,,,,,,,,,,,,,,,,,,,,,,,,,,,,,,,,,,,,,,,,,,,,,,,,,,,,,,,,,,,1,EA,,,,,,,,,,,,,,,,,,,,,,,,,,,,,,,,,,,,,US,No,No
,,,,,,XTP242,,,,XTP242,XTP242,"42"" XTP XTENDER PRO Fence - XTP242",-- Unbranded --,-- No Unilog Brand --,-- No DIB Brand --,Bow Products (BOWPR),Bow Products,Bow Products,,XTP242,,,"Bow Products, Commercial Product, XTP242",COMMERCIAL PRODUCT,"Bow Products, XTP242, Commercial Product",Bow Products Commercial Product,"Bow Products, Commercial Product",,,,,,,,,,,,,,,,,,,,,,,,,,,"Bow Products, Commercial Product",Series,,,Model,,,Item Type,,,Voltage Rating,,,Amperage Rating,,,Dimensions,,,Mounting Type,,,Material,,,Color,,,Sound Level,,,Additional Information,,,,,,,,,,,,,,,,,,,,,,,,,,,,,,,,,,,,,,,,,,,,,,,,,,,,,,,,,,,,,,,,,,,,,,,,,,,,,,,,,,,,,,,,,,,,,,,,,,,,,,,,,,,,,,,,,,,,,,,,,,,,,,1,EA,,,,,,,,,,,,,,,,,,,,,,,,,,,,,,,,,,,,,US,No,No
,,,,,,AAS-P,,,,AAS-P,AAS-P,AAS-P Align-A-Saw Plate Only,-- Unbranded --,-- No Unilog Brand --,-- No DIB Brand --,Woodpeckers Inc (WOODP),Woodpeckers Inc,Woodpeckers Inc,,AAS-P,,,"Woodpeckers Inc, Commercial Product, AAS-P",COMMERCIAL PRODUCT,"Woodpeckers Inc, AAS-P, Commercial Product",Woodpeckers Inc Commercial Product,"Woodpeckers Inc, Commercial Product",,,,,,,,,,,,,,,,,,,,,,,,,,,"Woodpeckers Inc, Commercial Product",Series,,,Model,,,Item Type,,,Voltage Rating,,,Amperage Rating,,,Dimensions,,,Mounting Type,,,Material,,,Color,,,Sound Level,,,Additional Information,,,,,,,,,,,,,,,,,,,,,,,,,,,,,,,,,,,,,,,,,,,,,,,,,,,,,,,,,,,,,,,,,,,,,,,,,,,,,,,,,,,,,,,,,,,,,,,,,,,,,,,,,,,,,,,,,,,,,,,,,,,,,,1,EA,,,,,,,,,,,,,,,,,,,,,,,,,,,,,,,,,,,,,US,No,No
,,,,,,SSCMS,,,,SSCMS,SSCMS,SSCMS Stealthstop Miter Sled,-- Unbranded --,-- No Unilog Brand --,-- No DIB Brand --,Woodpeckers Inc (WOODP),Woodpeckers Inc,Woodpeckers Inc,,SSCMS,,,"Woodpeckers Inc, Commercial Product, SSCMS",COMMERCIAL PRODUCT,"Woodpeckers Inc, SSCMS, Commercial Product",Woodpeckers Inc Commercial Product,"Woodpeckers Inc, Commercial Product",,,,,,,,,,,,,,,,,,,,,,,,,,,"Woodpeckers Inc, Commercial Product",Series,,,Model,,,Item Type,,,Voltage Rating,,,Amperage Rating,,,Dimensions,,,Mounting Type,,,Material,,,Color,,,Sound Level,,,Additional Information,,,,,,,,,,,,,,,,,,,,,,,,,,,,,,,,,,,,,,,,,,,,,,,,,,,,,,,,,,,,,,,,,,,,,,,,,,,,,,,,,,,,,,,,,,,,,,,,,,,,,,,,,,,,,,,,,,,,,,,,,,,,,,1,EA,,,,,,,,,,,,,,,,,,,,,,,,,,,,,,,,,,,,,US,No,No
https://www.kichler.com/product/4225.201,,,,,,4225.201,,,,4225.201,4225.201,"4225.201 Oliver 6"" HH Jointer Paralleogram",-- Unbranded --,-- No Unilog Brand --,-- No DIB Brand --,Oliver Machinery Company (OLIMA),Kichler Lighting LLC,KICHLER®,,4225.201,,,"KICHLER®, Commercial Product, 4225.201",COMMERCIAL PRODUCT,"KICHLER®, 4225.201, Commercial Product",KICHLER® Commercial Product,"KICHLER®, Commercial Product",,,,,,,,,,,,,,,,,,,,,,,,,,,"KICHLER®, Commercial Product",Series,,,Model,,,Item Type,,,Voltage Rating,,,Amperage Rating,,,Dimensions,,,Mounting Type,,,Material,,,Color,,,Sound Level,,,Additional Information,,,,,,,,,,,,,,,,,,,,,,,,,,,,,,,,,,,,,,,,,,,,,,,,,,,,,,,,,,,,,,,,,,,,,,,,,,,,,,,,,,,,,,,,,,,,,,,,,,,,,,,,,,,,,,,,,,,,,,,,,,,,,,1,EA,,,,,,,,,,,,,,,,,,,,,,,,,,,,,,,,,,,,,US,No,No
,,,,,,KC-426C,,,,KC-426C,KC-426C,"KC-426C 12"" Portable Planer",-- Unbranded --,-- No Unilog Brand --,-- No DIB Brand --,King Canada Inc (KINCA),King Canada Inc,King Canada Inc,,KC-426C,,,"King Canada Inc, Commercial Product, KC-426C",COMMERCIAL PRODUCT,"King Canada Inc, KC-426C, Commercial Product",King Canada Inc Commercial Product,"King Canada Inc, Commercial Product",,,,,,,,,,,,,,,,,,,,,,,,,,,"King Canada Inc, Commercial Product",Series,,,Model,,,Item Type,,,Voltage Rating,,,Amperage Rating,,,Dimensions,,,Mounting Type,,,Material,,,Color,,,Sound Level,,,Additional Information,,,,,,,,,,,,,,,,,,,,,,,,,,,,,,,,,,,,,,,,,,,,,,,,,,,,,,,,,,,,,,,,,,,,,,,,,,,,,,,,,,,,,,,,,,,,,,,,,,,,,,,,,,,,,,,,,,,,,,,,,,,,,,1,EA,,,,,,,,,,,,,,,,,,,,,,,,,,,,,,,,,,,,,US,No,No
,,,,,,10045.201,,,,10045.201,10045.201,"10045.201 Oliver 13"" Benchtop Planer 2HP,115V 1Ph",-- Unbranded --,-- No Unilog Brand --,-- No DIB Brand --,Oliver Machinery Company (OLIMA),Oliver Machinery Company,Oliver Machinery Company,,10045.201,,,"Oliver Machinery Company, Commercial Product, 10045.201",COMMERCIAL PRODUCT 115 V,"Oliver Machinery Company, 10045.201, Commercial Product","Oliver Machinery Company Commercial Product, 115 V","Oliver Machinery Company, Commercial Product",,,,,,,,,,,,,,,,,,,,,,,,,,,"Oliver Machinery Company, Commercial Product",Series,,,Model,,,Item Type,,,Voltage Rating,115,V,Amperage Rating,,,Dimensions,,,Mounting Type,,,Material,,,Color,,,Sound Level,,,Additional Information,,,,,,,,,,,,,,,,,,,,,,,,,,,,,,,,,,,,,,,,,,,,,,,,,,,,,,,,,,,,,,,,,,,,,,,,,,,,,,,,,,,,,,,,,,,,,,,,,,,,,,,,,,,,,,,,,,,,,,,,,,,,,,1,EA,,,,,,,,,,,,,,,,,,,,,,,,,,,,,,,,,,,,,US,No,No
,,,,,,10014.201,,,,10014.201,10014.201,"10014.201 Oliver 15"" Planer 3HP 1Ph 220V",-- Unbranded --,-- No Unilog Brand --,-- No DIB Brand --,Oliver Machinery Company (OLIMA),Oliver Machinery Company,Oliver Machinery Company,,10014.201,,,"Oliver Machinery Company, Commercial Product, 10014.201",COMMERCIAL PRODUCT 220 V,"Oliver Machinery Company, 10014.201, Commercial Product","Oliver Machinery Company Commercial Product, 220 V","Oliver Machinery Company, Commercial Product",,,,,,,,,,,,,,,,,,,,,,,,,,,"Oliver Machinery Company, Commercial Product",Series,,,Model,,,Item Type,,,Voltage Rating,220,V,Amperage Rating,,,Dimensions,,,Mounting Type,,,Material,,,Color,,,Sound Level,,,Additional Information,,,,,,,,,,,,,,,,,,,,,,,,,,,,,,,,,,,,,,,,,,,,,,,,,,,,,,,,,,,,,,,,,,,,,,,,,,,,,,,,,,,,,,,,,,,,,,,,,,,,,,,,,,,,,,,,,,,,,,,,,,,,,,1,EA,,,,,,,,,,,,,,,,,,,,,,,,,,,,,,,,,,,,,US,No,No
,,,,,,4430.201,,,,4430.201,4430.201,"4430.201 Oliver 20"" Planer 5HP 1Ph 230V",-- Unbranded --,-- No Unilog Brand --,-- No DIB Brand --,Oliver Machinery Company (OLIMA),Oliver Machinery Company,Oliver Machinery Company,,4430.201,,,"Oliver Machinery Company, Commercial Product, 4430.201",COMMERCIAL PRODUCT 230 V,"Oliver Machinery Company, 4430.201, Commercial Product","Oliver Machinery Company Commercial Product, 230 V","Oliver Machinery Company, Commercial Product",,,,,,,,,,,,,,,,,,,,,,,,,,,"Oliver Machinery Company, Commercial Product",Series,,,Model,,,Item Type,,,Voltage Rating,230,V,Amperage Rating,,,Dimensions,,,Mounting Type,,,Material,,,Color,,,Sound Level,,,Additional Information,,,,,,,,,,,,,,,,,,,,,,,,,,,,,,,,,,,,,,,,,,,,,,,,,,,,,,,,,,,,,,,,,,,,,,,,,,,,,,,,,,,,,,,,,,,,,,,,,,,,,,,,,,,,,,,,,,,,,,,,,,,,,,1,EA,,,,,,,,,,,,,,,,,,,,,,,,,,,,,,,,,,,,,US,No,No
,,,,,,10055.201,,,,10055.201,10055.201,"10055.201 Oliver 15"" Benchtop Planer 2.5HP 1Ph 230V",-- Unbranded --,-- No Unilog Brand --,-- No DIB Brand --,Oliver Machinery Company (OLIMA),Oliver Machinery Company,Oliver Machinery Company,,10055.201,,,"Oliver Machinery Company, Commercial Product, 10055.201",COMMERCIAL PRODUCT 230 V,"Oliver Machinery Company, 10055.201, Commercial Product","Oliver Machinery Company Commercial Product, 230 V","Oliver Machinery Company, Commercial Product",,,,,,,,,,,,,,,,,,,,,,,,,,,"Oliver Machinery Company, Commercial Product",Series,,,Model,,,Item Type,,,Voltage Rating,230,V,Amperage Rating,,,Dimensions,,,Mounting Type,,,Material,,,Color,,,Sound Level,,,Additional Information,,,,,,,,,,,,,,,,,,,,,,,,,,,,,,,,,,,,,,,,,,,,,,,,,,,,,,,,,,,,,,,,,,,,,,,,,,,,,,,,,,,,,,,,,,,,,,,,,,,,,,,,,,,,,,,,,,,,,,,,,,,,,,1,EA,,,,,,,,,,,,,,,,,,,,,,,,,,,,,,,,,,,,,US,No,No
,,,,,,T27417,,,,T27417,T27417,T27417 Grizzly OscillatingEdge - Belt and Spindle Sander,-- Unbranded --,-- No Unilog Brand --,-- No DIB Brand --,Woodstock Intl (3658),Woodstock Intl,Woodstock Intl,,T27417,,,"Woodstock Intl, Commercial Product, T27417",COMMERCIAL PRODUCT,"Woodstock Intl, T27417, Commercial Product",Woodstock Intl Commercial Product,"Woodstock Intl, Commercial Product",,,,,,,,,,,,,,,,,,,,,,,,,,,"Woodstock Intl, Commercial Product",Series,,,Model,,,Item Type,,,Voltage Rating,,,Amperage Rating,,,Dimensions,,,Mounting Type,,,Material,,,Color,,,Sound Level,,,Additional Information,,,,,,,,,,,,,,,,,,,,,,,,,,,,,,,,,,,,,,,,,,,,,,,,,,,,,,,,,,,,,,,,,,,,,,,,,,,,,,,,,,,,,,,,,,,,,,,,,,,,,,,,,,,,,,,,,,,,,,,,,,,,,,1,EA,,,,,,,,,,,,,,,,,,,,,,,,,,,,,,,,,,,,,US,No,No
