MFR URL,Ref URL 1,Ref URL 2,Ref URL 3,Ref URL 4,Ref URL 5,PART_NUMBER,Dept,Class,Fine,SKU - MY_PART_NUMBER,Mfg_Part_Num,Part_Desc,E1_Brand,Unilog_Brand,DIB_Brand,Part_Manuf,MANUFACTURER_NAME,BRAND_NAME,TRADE_NAME,MANUFACTURER_PART_NUMBER,ALTERNATE_PART_NUMBER,Classpath,MOBILE_DESC,INVOICE_DESC,SHORT_DESC,LONG_DESC1,RETAIL_DESC,MARKETING_DESCRIPTION,ITEM_FEATURES_1,ITEM_FEATURES_2,ITEM_FEATURES_3,ITEM_FEATURES_4,ITEM_FEATURES_5,ITEM_FEATURES_6,ITEM_FEATURES_7,ITEM_FEATURES_8,ITEM_FEATURES_9,ITEM_FEATURES_10,ITEM_FEATURES_11,ITEM_FEATURES_12,ITEM_FEATURES_13,ITEM_FEATURES_14,ITEM_FEATURES_15,ITEM_FEATURES_16,ITEM_FEATURES_17,ITEM_FEATURES_18,ITEM_FEATURES_19,ITEM_FEATURES_20,With,Standard/Approvals,Prop 65,Application,Includes,Product Name,ATTRIBUTE_LABEL 1,ATTRIBUTE_VALUE 1,ATTRIBUTE_UOM 1,ATTRIBUTE_LABEL 2,ATTRIBUTE_VALUE 2,ATTRIBUTE_UOM 2,ATTRIBUTE_LABEL 3,ATTRIBUTE_VALUE 3,ATTRIBUTE_UOM 3,ATTRIBUTE_LABEL 4,ATTRIBUTE_VALUE 4,ATTRIBUTE_UOM 4,ATTRIBUTE_LABEL 5,ATTRIBUTE_VALUE 5,ATTRIBUTE_UOM 5,ATTRIBUTE_LABEL 6,ATTRIBUTE_VALUE 6,ATTRIBUTE_UOM 6,ATTRIBUTE_LABEL 7,ATTRIBUTE_VALUE 7,ATTRIBUTE_UOM 7,ATTRIBUTE_LABEL 8,ATTRIBUTE_VALUE 8,ATTRIBUTE_UOM 8,ATTRIBUTE_LABEL 9,ATTRIBUTE_VALUE 9,ATTRIBUTE_UOM 9,ATTRIBUTE_LABEL 10,ATTRIBUTE_VALUE 10,ATTRIBUTE_UOM 10,ATTRIBUTE_LABEL 11,ATTRIBUTE_VALUE 11,ATTRIBUTE_UOM 11,ATTRIBUTE_LABEL 12,ATTRIBUTE_VALUE 12,ATTRIBUTE_UOM 12,ATTRIBUTE_LABEL 13,ATTRIBUTE_VALUE 13,ATTRIBUTE_UOM 13,ATTRIBUTE_LABEL 14,ATTRIBUTE_VALUE 14,ATTRIBUTE_UOM 14,ATTRIBUTE_LABEL 15,ATTRIBUTE_VALUE 15,ATTRIBUTE_UOM 15,ATTRIBUTE_LABEL 16,ATTRIBUTE_VALUE 16,ATTRIBUTE_UOM 16,ATTRIBUTE_LABEL 17,ATTRIBUTE_VALUE 17,ATTRIBUTE_UOM 17,ATTRIBUTE_LABEL 18,ATTRIBUTE_VALUE 18,ATTRIBUTE_UOM 18,ATTRIBUTE_LABEL 19,ATTRIBUTE_VALUE 19,ATTRIBUTE_UOM 19,ATTRIBUTE_LABEL 20,ATTRIBUTE_VALUE 20,ATTRIBUTE_UOM 20,ATTRIBUTE_LABEL 21,ATTRIBUTE_VALUE 21,ATTRIBUTE_UOM 21,ATTRIBUTE_LABEL 22,ATTRIBUTE_VALUE 22,ATTRIBUTE_UOM 22,ATTRIBUTE_LABEL 23,ATTRIBUTE_VALUE 23,ATTRIBUTE_UOM 23,ATTRIBUTE_LABEL 24,ATTRIBUTE_VALUE 24,ATTRIBUTE_UOM 24,ATTRIBUTE_LABEL 25,ATTRIBUTE_VALUE 25,ATTRIBUTE_UOM 25,ATTRIBUTE_LABEL 26,ATTRIBUTE_VALUE 26,ATTRIBUTE_UOM 26,ATTRIBUTE_LABEL 27,ATTRIBUTE_VALUE 27,ATTRIBUTE_UOM 27,ATTRIBUTE_LABEL 28,ATTRIBUTE_VALUE 28,ATTRIBUTE_UOM 28,ATTRIBUTE_LABEL 29,ATTRIBUTE_VALUE 29,ATTRIBUTE_UOM 29,ATTRIBUTE_LABEL 30,ATTRIBUTE_VALUE 30,ATTRIBUTE_UOM 30,ATTRIBUTE_LABEL 31,ATTRIBUTE_VALUE 31,ATTRIBUTE_UOM 31,ATTRIBUTE_LABEL 32,ATTRIBUTE_VALUE 32,ATTRIBUTE_UOM 32,ATTRIBUTE_LABEL 33,ATTRIBUTE_VALUE 33,ATTRIBUTE_UOM 33,ATTRIBUTE_LABEL 34,ATTRIBUTE_VALUE 34,ATTRIBUTE_UOM 34,ATTRIBUTE_LABEL 35,ATTRIBUTE_VALUE 35,ATTRIBUTE_UOM 35,ATTRIBUTE_LABEL 36,ATTRIBUTE_VALUE 36,ATTRIBUTE_UOM 36,ATTRIBUTE_LABEL 37,ATTRIBUTE_VALUE 37,ATTRIBUTE_UOM 37,ATTRIBUTE_LABEL 38,ATTRIBUTE_VALUE 38,ATTRIBUTE_UOM 38,ATTRIBUTE_LABEL 39,ATTRIBUTE_VALUE 39,ATTRIBUTE_UOM 39,ATTRIBUTE_LABEL 40,ATTRIBUTE_VALUE 40,ATTRIBUTE_UOM 40,ATTRIBUTE_LABEL 41,ATTRIBUTE_VALUE 41,ATTRIBUTE_UOM 41,ATTRIBUTE_LABEL 42,ATTRIBUTE_VALUE 42,ATTRIBUTE_UOM 42,ATTRIBUTE_LABEL 43,ATTRIBUTE_VALUE 43,ATTRIBUTE_UOM 43,ATTRIBUTE_LABEL 44,ATTRIBUTE_VALUE 44,ATTRIBUTE_UOM 44,ATTRIBUTE_LABEL 45,ATTRIBUTE_VALUE 45,ATTRIBUTE_UOM 45,ATTRIBUTE_LABEL 46,ATTRIBUTE_VALUE 46,ATTRIBUTE_UOM 46,ATTRIBUTE_LABEL 47,ATTRIBUTE_VALUE 47,ATTRIBUTE_UOM 47,ATTRIBUTE_LABEL 48,ATTRIBUTE_VALUE 48,ATTRIBUTE_UOM 48,ATTRIBUTE_LABEL 49,ATTRIBUTE_VALUE 49,ATTRIBUTE_UOM 49,ATTRIBUTE_LABEL 50,ATTRIBUTE_VALUE 50,ATTRIBUTE_UOM 50,UPC,EAN,GTIN,UNSPSC,Warranty,List Price,Selling Qty,Selling UOM,Standard Packaging Information,LENGTH,LENGTH_UOM,HEIGHT,HEIGHT_UOM,WIDTH,WIDTH_UOM,WEIGHT,WEIGHT_UOM,VOLUME,VOLUME_UOM,Product Image,Alternate Image 1,Alternate Image 2,Alternate Image 3,Alternate Image 4,SDS,SDS_1,Warranty Information,Catalog,Specification Sheet,Instruction/Installation Manual,Service Manual,Owners/User Manual,Line Drawing,MTR,RoHS,Full Engineering Drawing,Energy Star Guide,Technical Bulletin,Submittal,Compatibility Chart,Size Chart,Product Label/Insert,Video Link,Video Link 1,Country Of Origin,Discontinued,Actual Image (Yes/No)
https://www.diablotools.com/product/DCB518ASTS06G,,,,,,DCB518ASTS06G,,,,DCB518ASTS06G,DCB518ASTS06G,"DCB518ASTS06G Diablo 1/2""x18"" - Sanding Belt 6pc",-- Unbranded --,-- No Unilog Brand --,-- No DIB Brand --,Freud Inc (2435),Freud Tools / Robert Bosch Tool Corporation,DIABLO®,,DCB518ASTS06G,,,"DIABLO®, Sanding Belt, DCB518ASTS06G",SANDING BELT 1/2 INX18,"DIABLO®, DCB518ASTS06G, Sanding Belt","DIABLO® Sanding Belt, 1/2 inx18","DIABLO®, Sanding Belt",,,,,,,,,,,,,,,,,,,,,,,,,,,Sanding Belt,Item Type,,,Dimensions,1/2 inx18,,Grit,,,Arbor Size,,,Abrasive Material,,,Pack Quantity,,,Additional Information,,,,,,,,,,,,,,,,,,,,,,,,,,,Manufacturer Part Number,DCB518ASTS06G,,Supplier / Manufacturer,DIABLO®,,Catalog Category,Abrasives/Cutting Tools,,Product Description,"1/2""x18"" - Sanding Belt 6pc",,,,,,,,,,,,,,,,,,,,,,,,,,,,,,,,,,,,,,,,,,,,,,,,,,,,,,,,,,,,,,,,,,,,,,,,,,,,,,,,,,,,,,,,,,,,,,,,,,,,,1,EA,,,,,,,,,,,,,,,,,,,,,,,,,,,,,,,,,,,,,US,No,No
https://www.3m.com/product/3MABR-7100075678,,,,,,3MABR-7100075678,Tools & Hardware,Abrasives,Cutting Discs,3MABR-7100075678,3MABR-7100075678,3M 775L Stikit Film P150 - Cubitron II 50 Disc/Box,-- Unbranded --,-- No Unilog Brand --,-- No DIB Brand --,Jam Industrial Supply LLC (JAMIN),3M Company,3M™,,3MABR-7100075678,,Tools & Hardware>Abrasives>Cutting & Grinding Discs,"3M™, Abrasive Disc, 3MABR-7100075678, Ceramic",ABRASIVE DISC CERAMIC,"3M™, 3MABR-7100075678, Abrasive Disc, Ceramic","3M™ Abrasive Disc, Ceramic","3M™, Abrasive Disc, Ceramic",,,,,,,,,,,,,,,,,,,,,,,,,,,Abrasive Disc,Item Type,,,Dimensions,,,Grit,P150,,Arbor Size,,,Abrasive Material,Ceramic,,Pack Quantity,50,,Additional Information,,,,,,,,,,,,,,,,,,,,,,,,,,,disc_type,Film,,cubitron,II,,,,,,,,,,,,,,,,,,,,,,,,,,,,,,,,,,,,,,,,,,,,,,,,,,,,,,,,,,,,,,,,,,,,,,,,,,,,,,,,,,,,,,,,,,,,,,,,,,,,,,,,,,,1,EA,,,,,,,,,,,,,,,,,,,,,,,,,,,,,,,,,,,,,US,No,No
https://www.3m.com/product/3MABR-7100045865,,,,,,3MABR-7100045865,Tools & Hardware,Abrasives,Cutting Discs,3MABR-7100045865,3MABR-7100045865,3M 775L Stikit Film P120 - Cubitron II 50 Disc/Box,-- Unbranded --,-- No Unilog Brand --,-- No DIB Brand --,Jam Industrial Supply LLC (JAMIN),3M Company,3M™,,3MABR-7100045865,,Tools & Hardware>Abrasives>Cutting & Grinding Discs,"3M™, Abrasive Disc, 3MABR-7100045865, Ceramic",ABRASIVE DISC CERAMIC,"3M™, 3MABR-7100045865, Abrasive Disc, Ceramic","3M™ Abrasive Disc, Ceramic","3M™, Abrasive Disc, Ceramic",,,,,,,,,,,,,,,,,,,,,,,,,,,Abrasive Disc,Item Type,,,Dimensions,,,Grit,P120,,Arbor Size,,,Abrasive Material,Ceramic,,Pack Quantity,,,Additional Information,,,,,,,,,,,,,,,,,,,,,,,,,,,disc_count,50,,product_line,Cubitron II,,stikit_type,Film,,,,,,,,,,,,,,,,,,,,,,,,,,,,,,,,,,,,,,,,,,,,,,,,,,,,,,,,,,,,,,,,,,,,,,,,,,,,,,,,,,,,,,,,,,,,,,,,,,,,,,,,1,EA,,,,,,,,,,,,,,,,,,,,,,,,,,,,,,,,,,,,,US,No,No
https://www.3m.com/product/3MABR-7100048736,,,,,,3MABR-7100048736,Tools & Hardware,Abrasives,Cutting Discs,3MABR-7100048736,3MABR-7100048736,3M 775L Stikit Film P80 - Cubitron II 50 Disc/Box,-- Unbranded --,-- No Unilog Brand --,-- No DIB Brand --,Jam Industrial Supply LLC (JAMIN),3M Company,3M™,,3MABR-7100048736,,Tools & Hardware>Abrasives>Cutting & Grinding Discs,"3M™, Abrasive Disc, 3MABR-7100048736, Ceramic",ABRASIVE DISC CERAMIC,"3M™, 3MABR-7100048736, Abrasive Disc, Ceramic","3M™ Abrasive Disc, Ceramic","3M™, Abrasive Disc, Ceramic",,,,,,,,,,,,,,,,,,,,,,,,,,,Abrasive Disc,Item Type,,,Dimensions,,,Grit,P80,,Arbor Size,,,Abrasive Material,Ceramic,,Pack Quantity,50 Disc/Box,,Additional Information,,,,,,,,,,,,,,,,,,,,,,,,,,,Material,Ceramic,,disc_type,Cubitron II,,disc_format,Stikit Film,,,,,,,,,,,,,,,,,,,,,,,,,,,,,,,,,,,,,,,,,,,,,,,,,,,,,,,,,,,,,,,,,,,,,,,,,,,,,,,,,,,,,,,,,,,,,,,,,,,,,,,,1,EA,,,,,,,,,,,,,,,,,,,,,,,,,,,,,,,,,,,,,US,No,No
https://www.3m.com/product/3MABR-7100075690,,,,,,3MABR-7100075690,Tools & Hardware,Abrasives,Cutting Discs,3MABR-7100075690,3MABR-7100075690,3M 775L Stikit Film P180 - Cubitron II 50 Disc/Box,-- Unbranded --,-- No Unilog Brand --,-- No DIB Brand --,Jam Industrial Supply LLC (JAMIN),3M Company,3M™,,3MABR-7100075690,,Tools & Hardware>Abrasives>Cutting & Grinding Discs,"3M™, Abrasive Disc, 3MABR-7100075690, Ceramic",ABRASIVE DISC CERAMIC,"3M™, 3MABR-7100075690, Abrasive Disc, Ceramic","3M™ Abrasive Disc, Ceramic","3M™, Abrasive Disc, Ceramic",,,,,,,,,,,,,,,,,,,,,,,,,,,Abrasive Disc,Item Type,,,Dimensions,,,Grit,P180,,Arbor Size,,,Abrasive Material,Ceramic,,Pack Quantity,,,Additional Information,,,,,,,,,,,,,,,,,,,,,,,,,,,disc_count,50,,product_line,Cubitron II,,stikit_type,Film,,,,,,,,,,,,,,,,,,,,,,,,,,,,,,,,,,,,,,,,,,,,,,,,,,,,,,,,,,,,,,,,,,,,,,,,,,,,,,,,,,,,,,,,,,,,,,,,,,,,,,,,1,EA,,,,,,,,,,,,,,,,,,,,,,,,,,,,,,,,,,,,,US,No,No
https://www.3m.com/product/3MABR-7100075692,,,,,,3MABR-7100075692,Tools & Hardware,Abrasives,Cutting Discs,3MABR-7100075692,3MABR-7100075692,3M 775L Stikit Film P220 - Cubitron II 50 Disc/Box,-- Unbranded --,-- No Unilog Brand --,-- No DIB Brand --,Jam Industrial Supply LLC (JAMIN),3M Company,3M™,,3MABR-7100075692,,Tools & Hardware>Abrasives>Cutting & Grinding Discs,"3M™, Abrasive Disc, 3MABR-7100075692, Ceramic",ABRASIVE DISC CERAMIC,"3M™, 3MABR-7100075692, Abrasive Disc, Ceramic","3M™ Abrasive Disc, Ceramic","3M™, Abrasive Disc, Ceramic",,,,,,,,,,,,,,,,,,,,,,,,,,,Abrasive Disc,Item Type,,,Dimensions,,,Grit,P220,,Arbor Size,,,Abrasive Material,Ceramic,,Pack Quantity,,,Additional Information,,,,,,,,,,,,,,,,,,,,,,,,,,,disc_count,50,,product_line,Cubitron II,,attachment,Stikit Film,,,,,,,,,,,,,,,,,,,,,,,,,,,,,,,,,,,,,,,,,,,,,,,,,,,,,,,,,,,,,,,,,,,,,,,,,,,,,,,,,,,,,,,,,,,,,,,,,,,,,,,,1,EA,,,,,,,,,,,,,,,,,,,,,,,,,,,,,,,,,,,,,US,No,No
https://www.3m.com/product/3MABR-7100145365,,,,,,3MABR-7100145365,Tools & Hardware,Abrasives,Cutting Discs,3MABR-7100145365,3MABR-7100145365,3M 775L Stikit Film P320 - Cubitron II 50 Disc/Box,-- Unbranded --,-- No Unilog Brand --,-- No DIB Brand --,Jam Industrial Supply LLC (JAMIN),3M Company,3M™,,3MABR-7100145365,,Tools & Hardware>Abrasives>Cutting & Grinding Discs,"3M™, Abrasive Disc, 3MABR-7100145365, Ceramic",ABRASIVE DISC CERAMIC,"3M™, 3MABR-7100145365, Abrasive Disc, Ceramic","3M™ Abrasive Disc, Ceramic","3M™, Abrasive Disc, Ceramic",,,,,,,,,,,,,,,,,,,,,,,,,,,Abrasive Disc,Item Type,,,Dimensions,,,Grit,P320,,Arbor Size,,,Abrasive Material,Ceramic,,Pack Quantity,50,,Additional Information,,,,,,,,,,,,,,,,,,,,,,,,,,,disc_type,Stikit Film,,cubitron_ii,True,,,,,,,,,,,,,,,,,,,,,,,,,,,,,,,,,,,,,,,,,,,,,,,,,,,,,,,,,,,,,,,,,,,,,,,,,,,,,,,,,,,,,,,,,,,,,,,,,,,,,,,,,,,1,EA,,,,,,,,,,,,,,,,,,,,,,,,,,,,,,,,,,,,,US,No,No
https://www.mirka.com/product/5B-332-080,,,,,,5B-332-080,Tools & Hardware,Abrasives,Cutting Discs,5B-332-080,5B-332-080,"5B-332-080 HIOLIT 5"" P80",-- Unbranded --,-- No Unilog Brand --,-- No DIB Brand --,Mirka Abrasives Inc (MIRUS),Mirka Ltd.,MIRKA®,,5B-332-080,,Tools & Hardware>Abrasives>Cutting & Grinding Discs,"MIRKA®, Abrasive Disc, 5B-332-080, Aluminum Oxide",ABRASIVE DISC 5 IN X P80 ALUM OXIDE,"MIRKA®, 5B-332-080, Abrasive Disc, Aluminum Oxide","MIRKA® Abrasive Disc, 5 in x P80, Aluminum Oxide","MIRKA®, Abrasive Disc, Aluminum Oxide",,,,,,,,,,,,,,,,,,,,,,,,,,,Abrasive Disc,Item Type,,,Dimensions,5 in x P80,,Grit,,,Arbor Size,,,Abrasive Material,Aluminum Oxide,,Pack Quantity,,,Additional Information,,,,,,,,,,,,,,,,,,,,,,,,,,,additional_key,"5B-332-080 HIOLIT 5"" P80",,,,,,,,,,,,,,,,,,,,,,,,,,,,,,,,,,,,,,,,,,,,,,,,,,,,,,,,,,,,,,,,,,,,,,,,,,,,,,,,,,,,,,,,,,,,,,,,,,,,,,,,,,,,,,1,EA,,,,,,,,,,,,,,,,,,,,,,,,,,,,,,,,,,,,,US,No,No
https://www.mirka.com/product/5B-332-120,,,,,,5B-332-120,Tools & Hardware,Abrasives,Cutting Discs,5B-332-120,5B-332-120,"5B-332-120 HIOLIT 5"" P120",-- Unbranded --,-- No Unilog Brand --,-- No DIB Brand --,Mirka Abrasives Inc (MIRUS),Mirka Ltd.,MIRKA®,,5B-332-120,,Tools & Hardware>Abrasives>Cutting & Grinding Discs,"MIRKA®, Abrasive Disc, 5B-332-120, Aluminum Oxide",ABRASIVE DISC 5 IN X P120 ALUM OXIDE,"MIRKA®, 5B-332-120, Abrasive Disc, Aluminum Oxide","MIRKA® Abrasive Disc, 5 in x P120, Aluminum Oxide","MIRKA®, Abrasive Disc, Aluminum Oxide",,,,,,,,,,,,,,,,,,,,,,,,,,,Abrasive Disc,Item Type,,,Dimensions,5 in x P120,,Grit,,,Arbor Size,,,Abrasive Material,Aluminum Oxide,,Pack Quantity,,,Additional Information,,,,,,,,,,,,,,,,,,,,,,,,,,,additional_key,"5B-332-120 HIOLIT 5"" P120",,,,,,,,,,,,,,,,,,,,,,,,,,,,,,,,,,,,,,,,,,,,,,,,,,,,,,,,,,,,,,,,,,,,,,,,,,,,,,,,,,,,,,,,,,,,,,,,,,,,,,,,,,,,,,1,EA,,,,,,,,,,,,,,,,,,,,,,,,,,,,,,,,,,,,,US,No,No
https://www.mirka.com/product/9A-570-240,,,,,,9A-570-240,Tools & Hardware,Abrasives,Cutting Discs,9A-570-240,9A-570-240,9A-570-240 Abranet 2.75x30,-- Unbranded --,-- No Unilog Brand --,-- No DIB Brand --,Mirka Abrasives Inc (MIRUS),Mirka Ltd.,MIRKA®,,9A-570-240,,Tools & Hardware>Abrasives>Cutting & Grinding Discs,"MIRKA®, Abrasive Disc, 9A-570-240",ABRASIVE DISC 2-3/4X30,"MIRKA®, 9A-570-240, Abrasive Disc","MIRKA® Abrasive Disc, 9 A, 2-3/4x30","MIRKA®, Abrasive Disc",,,,,,,,,,,,,,,,,,,,,,,,,,,Abrasive Disc,Item Type,,,Dimensions,2-3/4x30,,Grit,,,Arbor Size,,,Abrasive Material,,,Pack Quantity,,,Additional Information,,,,,,,,,,,,,,,,,,,,,,,,,,,Amperage,9,A,,,,,,,,,,,,,,,,,,,,,,,,,,,,,,,,,,,,,,,,,,,,,,,,,,,,,,,,,,,,,,,,,,,,,,,,,,,,,,,,,,,,,,,,,,,,,,,,,,,,,,,,,,,,,1,EA,,,,,,,,,,,,,,,,,,,,,,,,,,,,,,,,,,,,,US,No,No
https://www.mirka.com/product/9A-570-320,,,,,,9A-570-320,Tools & Hardware,Abrasives,Cutting Discs,9A-570-320,9A-570-320,9A-570-320 Abranet 2.75x30,-- Unbranded --,-- No Unilog Brand --,-- No DIB Brand --,Mirka Abrasives Inc (MIRUS),Mirka Ltd.,MIRKA®,,9A-570-320,,Tools & Hardware>Abrasives>Cutting & Grinding Discs,"MIRKA®, Abrasive Disc, 9A-570-320, Aluminum Oxide",ABRASIVE DISC 2-3/4 X 30 ALUM OXIDE,"MIRKA®, 9A-570-320, Abrasive Disc, Aluminum Oxide","MIRKA® Abrasive Disc, 9 A, 2-3/4 x 30, Aluminum Oxide","MIRKA®, Abrasive Disc, Aluminum Oxide",,,,,,,,,,,,,,,,,,,,,,,,,,,Abrasive Disc,Item Type,,,Dimensions,2-3/4 x 30,,Grit,,,Arbor Size,,,Abrasive Material,Aluminum Oxide,,Pack Quantity,,,Additional Information,,,,,,,,,,,,,,,,,,,,,,,,,,,Amperage,9,A,,,,,,,,,,,,,,,,,,,,,,,,,,,,,,,,,,,,,,,,,,,,,,,,,,,,,,,,,,,,,,,,,,,,,,,,,,,,,,,,,,,,,,,,,,,,,,,,,,,,,,,,,,,,,1,EA,,,,,,,,,,,,,,,,,,,,,,,,,,,,,,,,,,,,,US,No,No
https://www.diablotools.com/product/DBD090094101F,,,,,,DBD090094101F,Tools & Hardware,Abrasives,Cutting Discs,DBD090094101F,DBD090094101F,"DBD090094101F Diablo 9"" - Metal Cut-Off Disc",-- Unbranded --,-- No Unilog Brand --,-- No DIB Brand --,Freud Inc (2435),Freud Tools / Robert Bosch Tool Corporation,DIABLO®,,DBD090094101F,,Tools & Hardware>Abrasives>Cutting & Grinding Discs,"DIABLO®, Cut-Off Disc, DBD090094101F, Aluminum Oxide",CUT OFF DISC 9 IN X 1/16 IN X 7/8 IN,"DIABLO®, DBD090094101F, Cut-Off Disc, Aluminum Oxide","DIABLO® Cut-Off Disc, 9 in x 1/16 in x 7/8 in, Aluminum Oxide","DIABLO®, Cut-Off Disc, Aluminum Oxide",,,,,,,,,,,,,,,,,,,,,,,,,,,Cut-Off Disc,Item Type,,,Dimensions,9 in x 1/16 in x 7/8 in,,Grit,,,Arbor Size,,,Abrasive Material,Aluminum Oxide,,Pack Quantity,,,Additional Information,,,,,,,,,,,,,,,,,,,,,,,,,,,,,,,,,,,,,,,,,,,,,,,,,,,,,,,,,,,,,,,,,,,,,,,,,,,,,,,,,,,,,,,,,,,,,,,,,,,,,,,,,,,,,,,,,,,,,,,,,,,,,,,,,,,,,,,,,,1,EA,,,,,,,,,,,,,,,,,,,,,,,,,,,,,,,,,,,,,US,No,No
https://www.diablotools.com/product/DBDS12125A01F,,,,,,DBDS12125A01F,Tools & Hardware,Abrasives,Cutting Discs,DBDS12125A01F,DBDS12125A01F,"DBDS12125A01F Diablo 12"" - Steel Demon Metal Cut-Off Disc",-- Unbranded --,-- No Unilog Brand --,-- No DIB Brand --,Freud Inc (2435),Freud Tools / Robert Bosch Tool Corporation,DIABLO®,,DBDS12125A01F,,Tools & Hardware>Abrasives>Cutting & Grinding Discs,"DIABLO®, Cut-Off Disc, DBDS12125A01F, Built-In Mounting, Aluminum Oxide",CUT OFF DISC 12 IN X 1/8 IN X 1 IN ALUM,"DIABLO®, DBDS12125A01F, Cut-Off Disc, Built-In Mounting, Aluminum Oxide","DIABLO® Cut-Off Disc, Built-In Mounting, 12 in x 1/8 in x 1 in, Aluminum Oxide","DIABLO®, Cut-Off Disc, Built-In Mounting, Aluminum Oxide",,,,,,,,,,,,,,,,,,,,,,,,,,,Cut-Off Disc,Item Type,,,Dimensions,12 in x 1/8 in x 1 in,,Grit,,,Arbor Size,,,Abrasive Material,Aluminum Oxide,,Pack Quantity,,,Additional Information,,,,,,,,,,,,,,,,,,,,,,,,,,,Mounting Type,Built-In,,category,Abrasives/Cutting Tools,,description,"12"" - Steel Demon Metal Cut-Off Disc",,,,,,,,,,,,,,,,,,,,,,,,,,,,,,,,,,,,,,,,,,,,,,,,,,,,,,,,,,,,,,,,,,,,,,,,,,,,,,,,,,,,,,,,,,,,,,,,,,,,,,,,1,EA,,,,,,,,,,,,,,,,,,,,,,,,,,,,,,,,,,,,,US,No,No
https://www.diablotools.com/product/DBDS12125G01F,,,,,,DBDS12125G01F,Tools & Hardware,Abrasives,Cutting Discs,DBDS12125G01F,DBDS12125G01F,"DBDS12125G01F Diablo 12""x20mm - Speed Demon Metal Cut-Off Disc",-- Unbranded --,-- No Unilog Brand --,-- No DIB Brand --,Freud Inc (2435),Freud Tools / Robert Bosch Tool Corporation,DIABLO®,,DBDS12125G01F,,Tools & Hardware>Abrasives>Cutting & Grinding Discs,"DIABLO®, Cut-Off Disc, DBDS12125G01F, Aluminum Oxide",CUT-OFF DISC 12 INX20 MM ALUM OXIDE,"DIABLO®, DBDS12125G01F, Cut-Off Disc, Aluminum Oxide","DIABLO® Cut-Off Disc, 12 inx20 mm, Aluminum Oxide","DIABLO®, Cut-Off Disc, Aluminum Oxide",,,,,,,,,,,,,,,,,,,,,,,,,,,Cut-Off Disc,Item Type,,,Dimensions,12 inx20 mm,,Grit,,,Arbor Size,,,Abrasive Material,Aluminum Oxide,,Pack Quantity,,,Additional Information,,,,,,,,,,,,,,,,,,,,,,,,,,,supplier,DIABLO®,,catalog_category,Abrasives/Cutting Tools,,,,,,,,,,,,,,,,,,,,,,,,,,,,,,,,,,,,,,,,,,,,,,,,,,,,,,,,,,,,,,,,,,,,,,,,,,,,,,,,,,,,,,,,,,,,,,,,,,,,,,,,,,,1,EA,,,,,,,,,,,,,,,,,,,,,,,,,,,,,,,,,,,,,US,No,No
https://www.diablotools.com/product/DBDS14125A01F,,,,,,DBDS14125A01F,Tools & Hardware,Abrasives,Cutting Discs,DBDS14125A01F,DBDS14125A01F,"DBDS14125A01F Diablo 14""x1"" - Steel Demon Metal Cut-Off Disc",-- Unbranded --,-- No Unilog Brand --,-- No DIB Brand --,Freud Inc (2435),Freud Tools / Robert Bosch Tool Corporation,DIABLO®,,DBDS14125A01F,,Tools & Hardware>Abrasives>Cutting & Grinding Discs,"DIABLO®, Cut-Off Disc, DBDS14125A01F, Built-In Mounting, Aluminum Oxide",CUT-OFF DISC 14 INX1 ALUM OXIDE,"DIABLO®, DBDS14125A01F, Cut-Off Disc, Built-In Mounting, Aluminum Oxide","DIABLO® Cut-Off Disc, Built-In Mounting, 14 inx1, Aluminum Oxide","DIABLO®, Cut-Off Disc, Built-In Mounting, Aluminum Oxide",,,,,,,,,,,,,,,,,,,,,,,,,,,Cut-Off Disc,Item Type,,,Dimensions,14 inx1,,Grit,,,Arbor Size,,,Abrasive Material,Aluminum Oxide,,Pack Quantity,,,Additional Information,,,,,,,,,,,,,,,,,,,,,,,,,,,Mounting Type,Built-In,,category,Abrasives/Cutting Tools,,description,Steel Demon Metal Cut-Off Disc,,,,,,,,,,,,,,,,,,,,,,,,,,,,,,,,,,,,,,,,,,,,,,,,,,,,,,,,,,,,,,,,,,,,,,,,,,,,,,,,,,,,,,,,,,,,,,,,,,,,,,,,1,EA,,,,,,,,,,,,,,,,,,,,,,,,,,,,,,,,,,,,,US,No,No
https://www.diablotools.com/product/DBDS14125G01F,,,,,,DBDS14125G01F,Tools & Hardware,Abrasives,Cutting Discs,DBDS14125G01F,DBDS14125G01F,"DBDS14125G01F Diablo 14""x20mm - Steel Demon Metal Cut-Off Disc",-- Unbranded --,-- No Unilog Brand --,-- No DIB Brand --,Freud Inc (2435),Freud Tools / Robert Bosch Tool Corporation,DIABLO®,,DBDS14125G01F,,Tools & Hardware>Abrasives>Cutting & Grinding Discs,"DIABLO®, Cut-Off Disc, DBDS14125G01F, Built-In Mounting, Aluminum Oxide",CUT-OFF DISC 14 INX20 MM ALUM OXIDE,"DIABLO®, DBDS14125G01F, Cut-Off Disc, Built-In Mounting, Aluminum Oxide","DIABLO® Cut-Off Disc, Built-In Mounting, 14 inx20 mm, Aluminum Oxide","DIABLO®, Cut-Off Disc, Built-In Mounting, Aluminum Oxide",,,,,,,,,,,,,,,,,,,,,,,,,,,Cut-Off Disc,Item Type,,,Dimensions,14 inx20 mm,,Grit,,,Arbor Size,,,Abrasive Material,Aluminum Oxide,,Pack Quantity,,,Additional Information,,,,,,,,,,,,,,,,,,,,,,,,,,,Mounting Type,Built-In,,category,Abrasives/Cutting Tools,,manufacturer,DIABLO®,,,,,,,,,,,,,,,,,,,,,,,,,,,,,,,,,,,,,,,,,,,,,,,,,,,,,,,,,,,,,,,,,,,,,,,,,,,,,,,,,,,,,,,,,,,,,,,,,,,,,,,,1,EA,,,,,,,,,,,,,,,,,,,,,,,,,,,,,,,,,,,,,US,No,No
https://www.milwaukeetool.com/product/49-94-0013,,,,,,49-94-0013,Tools & Hardware,Abrasives,Cutting Discs,49-94-0013,49-94-0013,"49-94-0013 Milw 5""x.045""x7/8"" Metal Cut Off Disc",-- Unbranded --,-- No Unilog Brand --,-- No DIB Brand --,Milwaukee Accessory (4031),Milwaukee Electric Tool Corporation,MILWAUKEE®,,49-94-0013,,Tools & Hardware>Abrasives>Cutting & Grinding Discs,"MILWAUKEE®, Cut-Off Disc, 49-94-0013, Metal",CUT-OFF DISC 5 IN METAL,"MILWAUKEE®, 49-94-0013, Cut-Off Disc, Metal","MILWAUKEE® Cut-Off Disc, 5 in, Metal","MILWAUKEE®, Cut-Off Disc, Metal",,,,,,,,,,,,,,,,,,,,,,,,,,,Cut-Off Disc,Item Type,,,Dimensions,5,in,Grit,,,Arbor Size,,,Abrasive Material,Metal,,Pack Quantity,,,Additional Information,,,,,,,,,,,,,,,,,,,,,,,,,,,description,"49-94-0013 Milw 5""x.045""x7/8"" Metal Cut Off Disc",,,,,,,,,,,,,,,,,,,,,,,,,,,,,,,,,,,,,,,,,,,,,,,,,,,,,,,,,,,,,,,,,,,,,,,,,,,,,,,,,,,,,,,,,,,,,,,,,,,,,,,,,,,,,,1,EA,,,,,,,,,,,,,,,,,,,,,,,,,,,,,,,,,,,,,US,No,No
https://www.milwaukeetool.com/product/49-94-0029,,,,,,49-94-0029,Tools & Hardware,Abrasives,Cutting Discs,49-94-0029,49-94-0029,"49-94-0029 Milw 6-1/2""x1/8""x5/8"" DKO Metal Cut Off Disc",-- Unbranded --,-- No Unilog Brand --,-- No DIB Brand --,Milwaukee Accessory (4031),Milwaukee Electric Tool Corporation,MILWAUKEE®,,49-94-0029,,Tools & Hardware>Abrasives>Cutting & Grinding Discs,"MILWAUKEE®, Cut-Off Disc, 49-94-0029, Metal",CUT-OFF DISC 6-1/2 INX1/8 INX5/8 METAL,"MILWAUKEE®, 49-94-0029, Cut-Off Disc, Metal","MILWAUKEE® Cut-Off Disc, 6-1/2 inx1/8 inx5/8, Metal","MILWAUKEE®, Cut-Off Disc, Metal",,,,,,,,,,,,,,,,,,,,,,,,,,,Cut-Off Disc,Item Type,,,Dimensions,6-1/2 inx1/8 inx5/8,,Grit,,,Arbor Size,,,Abrasive Material,Metal,,Pack Quantity,,,Additional Information,,,,,,,,,,,,,,,,,,,,,,,,,,,description,"49-94-0029 Milw 6-1/2""x1/8""x5/8"" DKO Metal Cut Off Disc",,,,,,,,,,,,,,,,,,,,,,,,,,,,,,,,,,,,,,,,,,,,,,,,,,,,,,,,,,,,,,,,,,,,,,,,,,,,,,,,,,,,,,,,,,,,,,,,,,,,,,,,,,,,,,1,EA,,,,,,,,,,,,,,,,,,,,,,,,,,,,,,,,,,,,,US,No,No
https://www.milwaukeetool.com/product/49-94-0033,,,,,,49-94-0033,Tools & Hardware,Abrasives,Cutting Discs,49-94-0033,49-94-0033,"49-94-0033 Milw 7""x1/16""x7/8"" Metal Cut Off Disc",-- Unbranded --,-- No Unilog Brand --,-- No DIB Brand --,Milwaukee Accessory (4031),Milwaukee Electric Tool Corporation,MILWAUKEE®,,49-94-0033,,Tools & Hardware>Abrasives>Cutting & Grinding Discs,"MILWAUKEE®, Cut-Off Disc, 49-94-0033, Metal",CUT-OFF DISC 7 INX1/16 INX7/8 METAL,"MILWAUKEE®, 49-94-0033, Cut-Off Disc, Metal","MILWAUKEE® Cut-Off Disc, 7 inx1/16 inx7/8, Metal","MILWAUKEE®, Cut-Off Disc, Metal",,,,,,,,,,,,,,,,,,,,,,,,,,,Cut-Off Disc,Item Type,,,Dimensions,7 inx1/16 inx7/8,,Grit,,,Arbor Size,,,Abrasive Material,Metal,,Pack Quantity,,,Additional Information,,,,,,,,,,,,,,,,,,,,,,,,,,,category,Abrasives/Cutting Tools,,,,,,,,,,,,,,,,,,,,,,,,,,,,,,,,,,,,,,,,,,,,,,,,,,,,,,,,,,,,,,,,,,,,,,,,,,,,,,,,,,,,,,,,,,,,,,,,,,,,,,,,,,,,,,1,EA,,,,,,,,,,,,,,,,,,,,,,,,,,,,,,,,,,,,,US,No,No
https://www.milwaukeetool.com/product/49-94-0001,,,,,,49-94-0001,Tools & Hardware,Abrasives,Cutting Discs,49-94-0001,49-94-0001,"49-94-0001 Milw 4""x.040""x5/8"" Metal Cut Off Disc",-- Unbranded --,-- No Unilog Brand --,-- No DIB Brand --,Milwaukee Accessory (4031),Milwaukee Electric Tool Corporation,MILWAUKEE®,,49-94-0001,,Tools & Hardware>Abrasives>Cutting & Grinding Discs,"MILWAUKEE®, Cut-Off Disc, 49-94-0001, Metal",CUT-OFF DISC 4 IN METAL,"MILWAUKEE®, 49-94-0001, Cut-Off Disc, Metal","MILWAUKEE® Cut-Off Disc, 4 in, Metal","MILWAUKEE®, Cut-Off Disc, Metal",,,,,,,,,,,,,,,,,,,,,,,,,,,Cut-Off Disc,Item Type,,,Dimensions,4,in,Grit,,,Arbor Size,,,Abrasive Material,Metal,,Pack Quantity,,,Additional Information,,,,,,,,,,,,,,,,,,,,,,,,,,,,,,,,,,,,,,,,,,,,,,,,,,,,,,,,,,,,,,,,,,,,,,,,,,,,,,,,,,,,,,,,,,,,,,,,,,,,,,,,,,,,,,,,,,,,,,,,,,,,,,,,,,,,,,,,,,1,EA,,,,,,,,,,,,,,,,,,,,,,,,,,,,,,,,,,,,,US,No,No
https://www.milwaukeetool.com/product/49-94-0039,,,,,,49-94-0039,Tools & Hardware,Abrasives,Cutting Discs,49-94-0039,49-94-0039,"49-94-0039 Milw 7""x1/8""x5/8"" DKO Metal Cut Off Disc",-- Unbranded --,-- No Unilog Brand --,-- No DIB Brand --,Milwaukee Accessory (4031),Milwaukee Electric Tool Corporation,MILWAUKEE®,,49-94-0039,,Tools & Hardware>Abrasives>Cutting & Grinding Discs,"MILWAUKEE®, Cut-Off Disc, 49-94-0039, Metal",CUT-OFF DISC 7 INX1/8 INX5/8 METAL,"MILWAUKEE®, 49-94-0039, Cut-Off Disc, Metal","MILWAUKEE® Cut-Off Disc, 7 inx1/8 inx5/8, Metal","MILWAUKEE®, Cut-Off Disc, Metal",,,,,,,,,,,,,,,,,,,,,,,,,,,Cut-Off Disc,Item Type,,,Dimensions,7 inx1/8 inx5/8,,Grit,,,Arbor Size,,,Abrasive Material,Metal,,Pack Quantity,,,Additional Information,,,,,,,,,,,,,,,,,,,,,,,,,,,description,"49-94-0039 Milw 7""x1/8""x5/8"" DKO Metal Cut Off Disc",,manufacturer_part_number,49-94-0039,,supplier_manufacturer,MILWAUKEE,,catalog_category,Abrasives/Cutting Tools,,,,,,,,,,,,,,,,,,,,,,,,,,,,,,,,,,,,,,,,,,,,,,,,,,,,,,,,,,,,,,,,,,,,,,,,,,,,,,,,,,,,,,,,,,,,,,,,,,,,,1,EA,,,,,,,,,,,,,,,,,,,,,,,,,,,,,,,,,,,,,US,No,No
https://www.milwaukeetool.com/product/49-94-0043,,,,,,49-94-0043,Tools & Hardware,Abrasives,Cutting Discs,49-94-0043,49-94-0043,"49-94-0043 Milw 9""x3/32""x7/8"" Metal Cut Off Disc",-- Unbranded --,-- No Unilog Brand --,-- No DIB Brand --,Milwaukee Accessory (4031),Milwaukee Electric Tool Corporation,MILWAUKEE®,,49-94-0043,,Tools & Hardware>Abrasives>Cutting & Grinding Discs,"MILWAUKEE®, Cut-Off Disc, 49-94-0043, Metal",CUT-OFF DISC 9 INX3/32 INX7/8 METAL,"MILWAUKEE®, 49-94-0043, Cut-Off Disc, Metal","MILWAUKEE® Cut-Off Disc, 9 inx3/32 inx7/8, Metal","MILWAUKEE®, Cut-Off Disc, Metal",,,,,,,,,,,,,,,,,,,,,,,,,,,Cut-Off Disc,Item Type,,,Dimensions,9 inx3/32 inx7/8,,Grit,,,Arbor Size,,,Abrasive Material,Metal,,Pack Quantity,,,Additional Information,,,,,,,,,,,,,,,,,,,,,,,,,,,description,"49-94-0043 Milw 9""x3/32""x7/8"" Metal Cut Off Disc",,,,,,,,,,,,,,,,,,,,,,,,,,,,,,,,,,,,,,,,,,,,,,,,,,,,,,,,,,,,,,,,,,,,,,,,,,,,,,,,,,,,,,,,,,,,,,,,,,,,,,,,,,,,,,1,EA,,,,,,,,,,,,,,,,,,,,,,,,,,,,,,,,,,,,,US,No,No
https://www.milwaukeetool.com/product/49-94-0048,,,,,,49-94-0048,Tools & Hardware,Abrasives,Cutting Discs,49-94-0048,49-94-0048,"49-94-0048 Milw 12""x7/64""x1"" Metal Cut Off Disc General Purpose",-- Unbranded --,-- No Unilog Brand --,-- No DIB Brand --,Milwaukee Accessory (4031),Milwaukee Electric Tool Corporation,MILWAUKEE®,,49-94-0048,,Tools & Hardware>Abrasives>Cutting & Grinding Discs,"MILWAUKEE®, Cut-Off Disc, 49-94-0048, Metal",CUT-OFF DISC 12 INX7/64 INX1 METAL,"MILWAUKEE®, 49-94-0048, Cut-Off Disc, Metal","MILWAUKEE® Cut-Off Disc, 12 inx7/64 inx1, Metal","MILWAUKEE®, Cut-Off Disc, Metal",,,,,,,,,,,,,,,,,,,,,,,,,,,Cut-Off Disc,Item Type,,,Dimensions,12 inx7/64 inx1,,Grit,,,Arbor Size,,,Abrasive Material,Metal,,Pack Quantity,,,Additional Information,,,,,,,,,,,,,,,,,,,,,,,,,,,description,General Purpose,,manufacturer_part_number,49-94-0048,,,,,,,,,,,,,,,,,,,,,,,,,,,,,,,,,,,,,,,,,,,,,,,,,,,,,,,,,,,,,,,,,,,,,,,,,,,,,,,,,,,,,,,,,,,,,,,,,,,,,,,,,,,1,EA,,,,,,,,,,,,,,,,,,,,,,,,,,,,,,,,,,,,,US,No,No
https://www.milwaukeetool.com/product/49-94-0053,,,,,,49-94-0053,Tools & Hardware,Abrasives,Cutting Discs,49-94-0053,49-94-0053,"49-94-0053 Milw 12""x1/8""x1"" Metal Cut Off Disc",-- Unbranded --,-- No Unilog Brand --,-- No DIB Brand --,Milwaukee Accessory (4031),Milwaukee Electric Tool Corporation,MILWAUKEE®,,49-94-0053,,Tools & Hardware>Abrasives>Cutting & Grinding Discs,"MILWAUKEE®, Cut-Off Disc, 49-94-0053, Metal",CUT-OFF DISC 12 INX1/8 INX1 METAL,"MILWAUKEE®, 49-94-0053, Cut-Off Disc, Metal","MILWAUKEE® Cut-Off Disc, 12 inx1/8 inx1, Metal","MILWAUKEE®, Cut-Off Disc, Metal",,,,,,,,,,,,,,,,,,,,,,,,,,,Cut-Off Disc,Item Type,,,Dimensions,12 inx1/8 inx1,,Grit,,,Arbor Size,,,Abrasive Material,Metal,,Pack Quantity,,,Additional Information,,,,,,,,,,,,,,,,,,,,,,,,,,,description,"49-94-0053 Milw 12""x1/8""x1"" Metal Cut Off Disc",,,,,,,,,,,,,,,,,,,,,,,,,,,,,,,,,,,,,,,,,,,,,,,,,,,,,,,,,,,,,,,,,,,,,,,,,,,,,,,,,,,,,,,,,,,,,,,,,,,,,,,,,,,,,,1,EA,,,,,,,,,,,,,,,,,,,,,,,,,,,,,,,,,,,,,US,No,No
https://www.milwaukeetool.com/product/49-94-0058,,,,,,49-94-0058,Tools & Hardware,Abrasives,Cutting Discs,49-94-0058,49-94-0058,"49-94-0058 Milw 12""x1/8""x20mm Metal Cut Off Disc",-- Unbranded --,-- No Unilog Brand --,-- No DIB Brand --,Milwaukee Accessory (4031),Milwaukee Electric Tool Corporation,MILWAUKEE®,,49-94-0058,,Tools & Hardware>Abrasives>Cutting & Grinding Discs,"MILWAUKEE®, Cut-Off Disc, 49-94-0058, Metal",CUT-OFF DISC 12 INX1/8 INX20 MM METAL,"MILWAUKEE®, 49-94-0058, Cut-Off Disc, Metal","MILWAUKEE® Cut-Off Disc, 12 inx1/8 inx20 mm, Metal","MILWAUKEE®, Cut-Off Disc, Metal",,,,,,,,,,,,,,,,,,,,,,,,,,,Cut-Off Disc,Item Type,,,Dimensions,12 inx1/8 inx20 mm,,Grit,,,Arbor Size,,,Abrasive Material,Metal,,Pack Quantity,,,Additional Information,,,,,,,,,,,,,,,,,,,,,,,,,,,Manufacturer,MILWAUKEE,,Catalog Category,Abrasives/Cutting Tools,,,,,,,,,,,,,,,,,,,,,,,,,,,,,,,,,,,,,,,,,,,,,,,,,,,,,,,,,,,,,,,,,,,,,,,,,,,,,,,,,,,,,,,,,,,,,,,,,,,,,,,,,,,1,EA,,,,,,,,,,,,,,,,,,,,,,,,,,,,,,,,,,,,,US,No,No
https://www.milwaukeetool.com/product/49-94-0063,,,,,,49-94-0063,Tools & Hardware,Abrasives,Cutting Discs,49-94-0063,49-94-0063,"49-94-0063 Milw 14""x7/64""x1"" Metal Cut Off Disc General Purpose",-- Unbranded --,-- No Unilog Brand --,-- No DIB Brand --,Milwaukee Accessory (4031),Milwaukee Electric Tool Corporation,MILWAUKEE®,,49-94-0063,,Tools & Hardware>Abrasives>Cutting & Grinding Discs,"MILWAUKEE®, Cut-Off Disc, 49-94-0063, Metal",CUT-OFF DISC 14 INX7/64 INX1 METAL,"MILWAUKEE®, 49-94-0063, Cut-Off Disc, Metal","MILWAUKEE® Cut-Off Disc, 14 inx7/64 inx1, Metal","MILWAUKEE®, Cut-Off Disc, Metal",,,,,,,,,,,,,,,,,,,,,,,,,,,Cut-Off Disc,Item Type,,,Dimensions,14 inx7/64 inx1,,Grit,,,Arbor Size,,,Abrasive Material,Metal,,Pack Quantity,,,Additional Information,,,,,,,,,,,,,,,,,,,,,,,,,,,description,General Purpose,,manufacturer_part_number,49-94-0063,,supplier_manufacturer,MILWAUKEE®,,,,,,,,,,,,,,,,,,,,,,,,,,,,,,,,,,,,,,,,,,,,,,,,,,,,,,,,,,,,,,,,,,,,,,,,,,,,,,,,,,,,,,,,,,,,,,,,,,,,,,,,1,EA,,,,,,,,,,,,,,,,,,,,,,,,,,,,,,,,,,,,,US,No,No
https://www.milwaukeetool.com/product/49-94-0068,,,,,,49-94-0068,Tools & Hardware,Abrasives,Cutting Discs,49-94-0068,49-94-0068,"49-94-0068 Milw 14""x1/8""x20mm Metal Cut Off Disc",-- Unbranded --,-- No Unilog Brand --,-- No DIB Brand --,Milwaukee Accessory (4031),Milwaukee Electric Tool Corporation,MILWAUKEE®,,49-94-0068,,Tools & Hardware>Abrasives>Cutting & Grinding Discs,"MILWAUKEE®, Cut-Off Disc, 49-94-0068, Metal",CUT-OFF DISC 14 INX1/8 INX20 MM METAL,"MILWAUKEE®, 49-94-0068, Cut-Off Disc, Metal","MILWAUKEE® Cut-Off Disc, 14 inx1/8 inx20 mm, Metal","MILWAUKEE®, Cut-Off Disc, Metal",,,,,,,,,,,,,,,,,,,,,,,,,,,Cut-Off Disc,Item Type,,,Dimensions,14 inx1/8 inx20 mm,,Grit,,,Arbor Size,,,Abrasive Material,Metal,,Pack Quantity,,,Additional Information,,,,,,,,,,,,,,,,,,,,,,,,,,,,,,,,,,,,,,,,,,,,,,,,,,,,,,,,,,,,,,,,,,,,,,,,,,,,,,,,,,,,,,,,,,,,,,,,,,,,,,,,,,,,,,,,,,,,,,,,,,,,,,,,,,,,,,,,,,1,EA,,,,,,,,,,,,,,,,,,,,,,,,,,,,,,,,,,,,,US,No,No
https://www.milwaukeetool.com/product/49-94-0073,,,,,,49-94-0073,Tools & Hardware,Abrasives,Cutting Discs,49-94-0073,49-94-0073,"49-94-0073 Milw 14""x1/8""x1"" Metal Cut Off Disc",-- Unbranded --,-- No Unilog Brand --,-- No DIB Brand --,Milwaukee Accessory (4031),Milwaukee Electric Tool Corporation,MILWAUKEE®,,49-94-0073,,Tools & Hardware>Abrasives>Cutting & Grinding Discs,"MILWAUKEE®, Cut-Off Disc, 49-94-0073, Metal",CUT-OFF DISC 14 INX1/8 INX1 METAL,"MILWAUKEE®, 49-94-0073, Cut-Off Disc, Metal","MILWAUKEE® Cut-Off Disc, 14 inx1/8 inx1, Metal","MILWAUKEE®, Cut-Off Disc, Metal",,,,,,,,,,,,,,,,,,,,,,,,,,,Cut-Off Disc,Item Type,,,Dimensions,14 inx1/8 inx1,,Grit,,,Arbor Size,1,in,Abrasive Material,Metal,,Pack Quantity,,,Additional Information,,,,,,,,,,,,,,,,,,,,,,,,,,,Diameter,14,in,Thickness,1/8,in,,,,,,,,,,,,,,,,,,,,,,,,,,,,,,,,,,,,,,,,,,,,,,,,,,,,,,,,,,,,,,,,,,,,,,,,,,,,,,,,,,,,,,,,,,,,,,,,,,,,,,,,,,1,EA,,,,,,,,,,,,,,,,,,,,,,,,,,,,,,,,,,,,,US,No,No
https://www.milwaukeetool.com/product/49-94-0101,,,,,,49-94-0101,Tools & Hardware,Abrasives,Cutting Discs,49-94-0101,49-94-0101,"49-94-0101 Milw 4-1/2""x.045""x7/8"" Perform+ Metal Cut Off Disc 10pc",-- Unbranded --,-- No Unilog Brand --,-- No DIB Brand --,Milwaukee Accessory (4031),Milwaukee Electric Tool Corporation,MILWAUKEE®,,49-94-0101,,Tools & Hardware>Abrasives>Cutting & Grinding Discs,"MILWAUKEE®, Cut-Off Disc, 49-94-0101, Metal",CUT-OFF DISC 4-1/2 IN METAL,"MILWAUKEE®, 49-94-0101, Cut-Off Disc, Metal","MILWAUKEE® Cut-Off Disc, 4-1/2 in, Metal","MILWAUKEE®, Cut-Off Disc, Metal",,,,,,,,,,,,,,,,,,,,,,,,,,,Cut-Off Disc,Item Type,,,Dimensions,4-1/2,in,Grit,,,Arbor Size,,,Abrasive Material,Metal,,Pack Quantity,10pc,,Additional Information,,,,,,,,,,,,,,,,,,,,,,,,,,,,,,,,,,,,,,,,,,,,,,,,,,,,,,,,,,,,,,,,,,,,,,,,,,,,,,,,,,,,,,,,,,,,,,,,,,,,,,,,,,,,,,,,,,,,,,,,,,,,,,,,,,,,,,,,,,1,EA,,,,,,,,,,,,,,,,,,,,,,,,,,,,,,,,,,,,,US,No,No
https://www.milwaukeetool.com/product/49-94-0107,,,,,,49-94-0107,Tools & Hardware,Abrasives,Cutting Discs,49-94-0107,49-94-0107,"49-94-0107 Milw 4-1/2""x.045""x7/8"" Performance+ Metal Cut Off Disc",-- Unbranded --,-- No Unilog Brand --,-- No DIB Brand --,Milwaukee Accessory (4031),Milwaukee Electric Tool Corporation,MILWAUKEE®,,49-94-0107,,Tools & Hardware>Abrasives>Cutting & Grinding Discs,"MILWAUKEE®, Cut-Off Disc, 49-94-0107, Metal",CUT-OFF DISC 4-1/2 IN METAL,"MILWAUKEE®, 49-94-0107, Cut-Off Disc, Metal","MILWAUKEE® Cut-Off Disc, 4-1/2 in, Metal","MILWAUKEE®, Cut-Off Disc, Metal",,,,,,,,,,,,,,,,,,,,,,,,,,,Cut-Off Disc,Item Type,,,Dimensions,4-1/2,in,Grit,,,Arbor Size,,,Abrasive Material,Metal,,Pack Quantity,,,Additional Information,,,,,,,,,,,,,,,,,,,,,,,,,,,description,Performance+ Metal Cut Off Disc,,,,,,,,,,,,,,,,,,,,,,,,,,,,,,,,,,,,,,,,,,,,,,,,,,,,,,,,,,,,,,,,,,,,,,,,,,,,,,,,,,,,,,,,,,,,,,,,,,,,,,,,,,,,,,1,EA,,,,,,,,,,,,,,,,,,,,,,,,,,,,,,,,,,,,,US,No,No
https://www.milwaukeetool.com/product/49-94-0117,,,,,,49-94-0117,Tools & Hardware,Abrasives,Cutting Discs,49-94-0117,49-94-0117,"49-94-0117 Milw 5""x.045""x7/8"" Performance+ Metal Cut Off Disc",-- Unbranded --,-- No Unilog Brand --,-- No DIB Brand --,Milwaukee Accessory (4031),Milwaukee Electric Tool Corporation,MILWAUKEE®,,49-94-0117,,Tools & Hardware>Abrasives>Cutting & Grinding Discs,"MILWAUKEE®, Cut-Off Disc, 49-94-0117, Metal",CUT-OFF DISC 5 IN METAL,"MILWAUKEE®, 49-94-0117, Cut-Off Disc, Metal","MILWAUKEE® Cut-Off Disc, 5 in, Metal","MILWAUKEE®, Cut-Off Disc, Metal",,,,,,,,,,,,,,,,,,,,,,,,,,,Cut-Off Disc,Item Type,,,Dimensions,5,in,Grit,,,Arbor Size,,,Abrasive Material,Metal,,Pack Quantity,,,Additional Information,,,,,,,,,,,,,,,,,,,,,,,,,,,description,Performance+ Metal Cut Off Disc,,manufacturer_part_number,49-94-0117,,supplier_manufacturer,MILWAUKEE,,,,,,,,,,,,,,,,,,,,,,,,,,,,,,,,,,,,,,,,,,,,,,,,,,,,,,,,,,,,,,,,,,,,,,,,,,,,,,,,,,,,,,,,,,,,,,,,,,,,,,,,1,EA,,,,,,,,,,,,,,,,,,,,,,,,,,,,,,,,,,,,,US,No,No
https://www.milwaukeetool.com/product/49-94-0123,,,,,,49-94-0123,Tools & Hardware,Abrasives,Cutting Discs,49-94-0123,49-94-0123,"49-94-0123 Milw 6""x.045""x7/8"" Performance+ Metal Cut Off Disc",-- Unbranded --,-- No Unilog Brand --,-- No DIB Brand --,Milwaukee Accessory (4031),Milwaukee Electric Tool Corporation,MILWAUKEE®,,49-94-0123,,Tools & Hardware>Abrasives>Cutting & Grinding Discs,"MILWAUKEE®, Cut-Off Disc, 49-94-0123, Metal",CUT-OFF DISC 6 IN METAL,"MILWAUKEE®, 49-94-0123, Cut-Off Disc, Metal","MILWAUKEE® Cut-Off Disc, 6 in, Metal","MILWAUKEE®, Cut-Off Disc, Metal",,,,,,,,,,,,,,,,,,,,,,,,,,,Cut-Off Disc,Item Type,,,Dimensions,6,in,Grit,,,Arbor Size,,,Abrasive Material,Metal,,Pack Quantity,,,Additional Information,,,,,,,,,,,,,,,,,,,,,,,,,,,additional_key,value,,,,,,,,,,,,,,,,,,,,,,,,,,,,,,,,,,,,,,,,,,,,,,,,,,,,,,,,,,,,,,,,,,,,,,,,,,,,,,,,,,,,,,,,,,,,,,,,,,,,,,,,,,,,,,1,EA,,,,,,,,,,,,,,,,,,,,,,,,,,,,,,,,,,,,,US,No,No
https://www.milwaukeetool.com/product/49-94-0023,,,,,,49-94-0023,Tools & Hardware,Abrasives,Cutting Discs,49-94-0023,49-94-0023,"49-94-0023 Milw 6""x.045""x7/8"" Metal Cut Off Disc",-- Unbranded --,-- No Unilog Brand --,-- No DIB Brand --,Milwaukee Accessory (4031),Milwaukee Electric Tool Corporation,MILWAUKEE®,,49-94-0023,,Tools & Hardware>Abrasives>Cutting & Grinding Discs,"MILWAUKEE®, Cut-Off Disc, 49-94-0023, Metal",CUT-OFF DISC 6 IN METAL,"MILWAUKEE®, 49-94-0023, Cut-Off Disc, Metal","MILWAUKEE® Cut-Off Disc, 6 in, Metal","MILWAUKEE®, Cut-Off Disc, Metal",,,,,,,,,,,,,,,,,,,,,,,,,,,Cut-Off Disc,Item Type,,,Dimensions,6,in,Grit,,,Arbor Size,,,Abrasive Material,Metal,,Pack Quantity,,,Additional Information,,,,,,,,,,,,,,,,,,,,,,,,,,,description,"49-94-0023 Milw 6""x.045""x7/8"" Metal Cut Off Disc",,manufacturer_part_number,49-94-0023,,supplier_manufacturer,MILWAUKEE,,,,,,,,,,,,,,,,,,,,,,,,,,,,,,,,,,,,,,,,,,,,,,,,,,,,,,,,,,,,,,,,,,,,,,,,,,,,,,,,,,,,,,,,,,,,,,,,,,,,,,,,1,EA,,,,,,,,,,,,,,,,,,,,,,,,,,,,,,,,,,,,,US,No,No
https://www.milwaukeetool.com/product/49-94-0121,,,,,,49-94-0121,Tools & Hardware,Abrasives,Cutting Discs,49-94-0121,49-94-0121,"49-94-0121 Milw 6""x.045""x7/8"" Performance+ Metal Cut Off Disc 10pc",-- Unbranded --,-- No Unilog Brand --,-- No DIB Brand --,Milwaukee Accessory (4031),Milwaukee Electric Tool Corporation,MILWAUKEE®,,49-94-0121,,Tools & Hardware>Abrasives>Cutting & Grinding Discs,"MILWAUKEE®, Cut-Off Disc, 49-94-0121, Metal",CUT-OFF DISC 6 IN METAL,"MILWAUKEE®, 49-94-0121, Cut-Off Disc, Metal","MILWAUKEE® Cut-Off Disc, 6 in, Metal","MILWAUKEE®, Cut-Off Disc, Metal",,,,,,,,,,,,,,,,,,,,,,,,,,,Cut-Off Disc,Item Type,,,Dimensions,6,in,Grit,,,Arbor Size,,,Abrasive Material,Metal,,Pack Quantity,10pc,,Additional Information,,,,,,,,,,,,,,,,,,,,,,,,,,,,,,,,,,,,,,,,,,,,,,,,,,,,,,,,,,,,,,,,,,,,,,,,,,,,,,,,,,,,,,,,,,,,,,,,,,,,,,,,,,,,,,,,,,,,,,,,,,,,,,,,,,,,,,,,,,1,EA,,,,,,,,,,,,,,,,,,,,,,,,,,,,,,,,,,,,,US,No,No
https://www.milwaukeetool.com/product/49-94-0127,,,,,,49-94-0127,Tools & Hardware,Abrasives,Cutting Discs,49-94-0127,49-94-0127,"49-94-0127 Milw 6""x.045""x7/8"" Performance+Metal Cut Off Disc",-- Unbranded --,-- No Unilog Brand --,-- No DIB Brand --,Milwaukee Accessory (4031),Milwaukee Electric Tool Corporation,MILWAUKEE®,,49-94-0127,,Tools & Hardware>Abrasives>Cutting & Grinding Discs,"MILWAUKEE®, Cut-Off Disc, 49-94-0127, Metal",CUT-OFF DISC 6 IN METAL,"MILWAUKEE®, 49-94-0127, Cut-Off Disc, Metal","MILWAUKEE® Cut-Off Disc, 6 in, Metal","MILWAUKEE®, Cut-Off Disc, Metal",,,,,,,,,,,,,,,,,,,,,,,,,,,Cut-Off Disc,Item Type,,,Dimensions,6,in,Grit,,,Arbor Size,,,Abrasive Material,Metal,,Pack Quantity,,,Additional Information,,,,,,,,,,,,,,,,,,,,,,,,,,,,,,,,,,,,,,,,,,,,,,,,,,,,,,,,,,,,,,,,,,,,,,,,,,,,,,,,,,,,,,,,,,,,,,,,,,,,,,,,,,,,,,,,,,,,,,,,,,,,,,,,,,,,,,,,,,1,EA,,,,,,,,,,,,,,,,,,,,,,,,,,,,,,,,,,,,,US,No,No
https://www.milwaukeetool.com/product/49-94-0137,,,,,,49-94-0137,Tools & Hardware,Abrasives,Cutting Discs,49-94-0137,49-94-0137,"49-94-0137 Milw 7""x3/32""x7/8"" Performance+ Metal Cut Off Disc",-- Unbranded --,-- No Unilog Brand --,-- No DIB Brand --,Milwaukee Accessory (4031),Milwaukee Electric Tool Corporation,MILWAUKEE®,,49-94-0137,,Tools & Hardware>Abrasives>Cutting & Grinding Discs,"MILWAUKEE®, Cut-Off Disc, 49-94-0137, Metal",CUT-OFF DISC 7 INX3/32 INX7/8 METAL,"MILWAUKEE®, 49-94-0137, Cut-Off Disc, Metal","MILWAUKEE® Cut-Off Disc, 7 inx3/32 inx7/8, Metal","MILWAUKEE®, Cut-Off Disc, Metal",,,,,,,,,,,,,,,,,,,,,,,,,,,Cut-Off Disc,Item Type,,,Dimensions,7 inx3/32 inx7/8,,Grit,,,Arbor Size,,,Abrasive Material,Metal,,Pack Quantity,,,Additional Information,,,,,,,,,,,,,,,,,,,,,,,,,,,category,Abrasives/Cutting Tools,,description,Performance+ Metal Cut Off Disc,,,,,,,,,,,,,,,,,,,,,,,,,,,,,,,,,,,,,,,,,,,,,,,,,,,,,,,,,,,,,,,,,,,,,,,,,,,,,,,,,,,,,,,,,,,,,,,,,,,,,,,,,,,1,EA,,,,,,,,,,,,,,,,,,,,,,,,,,,,,,,,,,,,,US,No,No
https://www.milwaukeetool.com/product/49-94-0160,,,,,,49-94-0160,Tools & Hardware,Abrasives,Cutting Discs,49-94-0160,49-94-0160,"49-94-0160 Milw 14""x7/64""x1"" Performance+ Metal Cut Off Disc",-- Unbranded --,-- No Unilog Brand --,-- No DIB Brand --,Milwaukee Accessory (4031),Milwaukee Electric Tool Corporation,MILWAUKEE®,,49-94-0160,,Tools & Hardware>Abrasives>Cutting & Grinding Discs,"MILWAUKEE®, Cut-Off Disc, 49-94-0160, Metal",CUT-OFF DISC 14 INX7/64 INX1 METAL,"MILWAUKEE®, 49-94-0160, Cut-Off Disc, Metal","MILWAUKEE® Cut-Off Disc, 14 inx7/64 inx1, Metal","MILWAUKEE®, Cut-Off Disc, Metal",,,,,,,,,,,,,,,,,,,,,,,,,,,Cut-Off Disc,Item Type,,,Dimensions,14 inx7/64 inx1,,Grit,,,Arbor Size,,,Abrasive Material,Metal,,Pack Quantity,,,Additional Information,,,,,,,,,,,,,,,,,,,,,,,,,,,description,"49-94-0160 Milw 14""x7/64""x1"" Performance+ Metal Cut Off Disc",,manufacturer_part_number,49-94-0160,,supplier_manufacturer,MILWAUKEE®,,catalog_category,Abrasives/Cutting Tools,,,,,,,,,,,,,,,,,,,,,,,,,,,,,,,,,,,,,,,,,,,,,,,,,,,,,,,,,,,,,,,,,,,,,,,,,,,,,,,,,,,,,,,,,,,,,,,,,,,,,1,EA,,,,,,,,,,,,,,,,,,,,,,,,,,,,,,,,,,,,,US,No,No
https://www.milwaukeetool.com/product/49-94-0223,,,,,,49-94-0223,Tools & Hardware,Abrasives,Cutting Discs,49-94-0223,49-94-0223,"49-94-0223 Milw 6""x.045""x7/8"" Ceramic+ Metal Cut Off Disc",-- Unbranded --,-- No Unilog Brand --,-- No DIB Brand --,Milwaukee Accessory (4031),Milwaukee Electric Tool Corporation,MILWAUKEE®,,49-94-0223,,Tools & Hardware>Abrasives>Cutting & Grinding Discs,"MILWAUKEE®, Cut-Off Disc, 49-94-0223, Ceramic+ Metal",CUT-OFF DISC 6 IN CERAMIC+ METAL,"MILWAUKEE®, 49-94-0223, Cut-Off Disc, Ceramic+ Metal","MILWAUKEE® Cut-Off Disc, 6 in, Ceramic+ Metal","MILWAUKEE®, Cut-Off Disc, Ceramic+ Metal",,,,,,,,,,,,,,,,,,,,,,,,,,,Cut-Off Disc,Item Type,,,Dimensions,6,in,Grit,,,Arbor Size,,,Abrasive Material,Ceramic+ Metal,,Pack Quantity,,,Additional Information,,,,,,,,,,,,,,,,,,,,,,,,,,,,,,,,,,,,,,,,,,,,,,,,,,,,,,,,,,,,,,,,,,,,,,,,,,,,,,,,,,,,,,,,,,,,,,,,,,,,,,,,,,,,,,,,,,,,,,,,,,,,,,,,,,,,,,,,,,1,EA,,,,,,,,,,,,,,,,,,,,,,,,,,,,,,,,,,,,,US,No,No
https://www.milwaukeetool.com/product/49-94-0445,,,,,,49-94-0445,Tools & Hardware,Abrasives,Cutting Discs,49-94-0445,49-94-0445,"49-94-0445 Milw 10""x3/32""x5/8"" Performance+ Metal Cut Off Disc",-- Unbranded --,-- No Unilog Brand --,-- No DIB Brand --,Milwaukee Accessory (4031),Milwaukee Electric Tool Corporation,MILWAUKEE®,,49-94-0445,,Tools & Hardware>Abrasives>Cutting & Grinding Discs,"MILWAUKEE®, Cut-Off Disc, 49-94-0445, Metal",CUT-OFF DISC 10 INX3/32 INX5/8 METAL,"MILWAUKEE®, 49-94-0445, Cut-Off Disc, Metal","MILWAUKEE® Cut-Off Disc, 10 inx3/32 inx5/8, Metal","MILWAUKEE®, Cut-Off Disc, Metal",,,,,,,,,,,,,,,,,,,,,,,,,,,Cut-Off Disc,Item Type,Cut-Off Disc,,Dimensions,"10"" x 3/32"" x 5/8""",,Grit,,,Arbor Size,,,Abrasive Material,Metal,,Pack Quantity,,,Additional Information,,,,,,,,,,,,,,,,,,,,,,,,,,,Size,10 inx3/32 inx5/8,,Material,Metal,,brand,MILWAUKEE,,mpn,49-94-0445,,,,,,,,,,,,,,,,,,,,,,,,,,,,,,,,,,,,,,,,,,,,,,,,,,,,,,,,,,,,,,,,,,,,,,,,,,,,,,,,,,,,,,,,,,,,,,,,,,,,,1,EA,,,,,,,,,,,,,,,,,,,,,,,,,,,,,,,,,,,,,US,No,No
https://www.milwaukeetool.com/product/49-94-0803,,,,,,49-94-0803,Tools & Hardware,Abrasives,Cutting Discs,49-94-0803,49-94-0803,"49-94-0803 Milw 4-1/2""x1/8""x7/8"" Dual Metal Cut and Grind Disc",-- Unbranded --,-- No Unilog Brand --,-- No DIB Brand --,Milwaukee Accessory (4031),Milwaukee Electric Tool Corporation,MILWAUKEE®,,49-94-0803,,Tools & Hardware>Abrasives>Cutting & Grinding Discs,"MILWAUKEE®, Cut-Off Disc, 49-94-0803, Bi-Metal",CUT OFF DISC 4-1/2 INX1/8 INX7/8,"MILWAUKEE®, 49-94-0803, Cut-Off Disc, Bi-Metal","MILWAUKEE® Cut-Off Disc, 4-1/2 inx1/8 inx7/8, Bi-Metal","MILWAUKEE®, Cut-Off Disc, Bi-Metal",,,,,,,,,,,,,,,,,,,,,,,,,,,Cut-Off Disc,Item Type,,,Dimensions,4-1/2 inx1/8 inx7/8,,Grit,,,Arbor Size,,,Abrasive Material,Bi-Metal,,Pack Quantity,,,Additional Information,,,,,,,,,,,,,,,,,,,,,,,,,,,,,,,,,,,,,,,,,,,,,,,,,,,,,,,,,,,,,,,,,,,,,,,,,,,,,,,,,,,,,,,,,,,,,,,,,,,,,,,,,,,,,,,,,,,,,,,,,,,,,,,,,,,,,,,,,,1,EA,,,,,,,,,,,,,,,,,,,,,,,,,,,,,,,,,,,,,US,No,No
https://www.milwaukeetool.com/product/49-94-0903,,,,,,49-94-0903,Tools & Hardware,Abrasives,Cutting Discs,49-94-0903,49-94-0903,"49-94-0903 Milw 4-1/2""x1/8""x7/8""Perform+Dual Metal Cut and Grind Disc",-- Unbranded --,-- No Unilog Brand --,-- No DIB Brand --,Milwaukee Accessory (4031),Milwaukee Electric Tool Corporation,MILWAUKEE®,,49-94-0903,,Tools & Hardware>Abrasives>Cutting & Grinding Discs,"MILWAUKEE®, Cut-Off Disc, 49-94-0903, Bi-Metal",CUT OFF DISC 4-1/2 INX1/8 INX7/8 IN,"MILWAUKEE®, 49-94-0903, Cut-Off Disc, Bi-Metal","MILWAUKEE® Cut-Off Disc, 4-1/2 inx1/8 inx7/8 in, Bi-Metal","MILWAUKEE®, Cut-Off Disc, Bi-Metal",,,,,,,,,,,,,,,,,,,,,,,,,,,Cut-Off Disc,Item Type,,,Dimensions,4-1/2 inx1/8 inx7/8 in,,Grit,,,Arbor Size,,,Abrasive Material,Bi-Metal,,Pack Quantity,,,Additional Information,,,,,,,,,,,,,,,,,,,,,,,,,,,,,,,,,,,,,,,,,,,,,,,,,,,,,,,,,,,,,,,,,,,,,,,,,,,,,,,,,,,,,,,,,,,,,,,,,,,,,,,,,,,,,,,,,,,,,,,,,,,,,,,,,,,,,,,,,,1,EA,,,,,,,,,,,,,,,,,,,,,,,,,,,,,,,,,,,,,US,No,No
https://www.milwaukeetool.com/product/49-94-0907,,,,,,49-94-0907,Tools & Hardware,Abrasives,Cutting Discs,49-94-0907,49-94-0907,"49-94-0907 Milw 4-1/2""x1/8""x5/8-11""Perform+Dual Metal Cut n Grind Disc",-- Unbranded --,-- No Unilog Brand --,-- No DIB Brand --,Milwaukee Accessory (4031),Milwaukee Electric Tool Corporation,MILWAUKEE®,,49-94-0907,,Tools & Hardware>Abrasives>Cutting & Grinding Discs,"MILWAUKEE®, Cut-Off Disc, 49-94-0907, Built-In Mounting, Bi-Metal",CUT OFF DISC 4-1/2 INX1/8 INX5/8,"MILWAUKEE®, 49-94-0907, Cut-Off Disc, Built-In Mounting, Bi-Metal","MILWAUKEE® Cut-Off Disc, Built-In Mounting, 4-1/2 inx1/8 inx5/8, Bi-Metal","MILWAUKEE®, Cut-Off Disc, Built-In Mounting, Bi-Metal",,,,,,,,,,,,,,,,,,,,,,,,,,,Cut-Off Disc,Item Type,,,Dimensions,4-1/2 inx1/8 inx5/8,,Grit,,,Arbor Size,,,Abrasive Material,Bi-Metal,,Pack Quantity,,,Additional Information,,,,,,,,,,,,,,,,,,,,,,,,,,,Mounting Type,Built-In,,category,Abrasives/Cutting Tools,,,,,,,,,,,,,,,,,,,,,,,,,,,,,,,,,,,,,,,,,,,,,,,,,,,,,,,,,,,,,,,,,,,,,,,,,,,,,,,,,,,,,,,,,,,,,,,,,,,,,,,,,,,1,EA,,,,,,,,,,,,,,,,,,,,,,,,,,,,,,,,,,,,,US,No,No
https://www.milwaukeetool.com/product/49-94-0923,,,,,,49-94-0923,Tools & Hardware,Abrasives,Cutting Discs,49-94-0923,49-94-0923,"49-94-0923 Milw 6""x1/8""x7/8"" Perform+Dual Metal Cut and Grind Disc",-- Unbranded --,-- No Unilog Brand --,-- No DIB Brand --,Milwaukee Accessory (4031),Milwaukee Electric Tool Corporation,MILWAUKEE®,,49-94-0923,,Tools & Hardware>Abrasives>Cutting & Grinding Discs,"MILWAUKEE®, Cut-Off Disc, 49-94-0923, Bi-Metal",CUT-OFF DISC 6 INX1/8 INX7/8 BI-METAL,"MILWAUKEE®, 49-94-0923, Cut-Off Disc, Bi-Metal","MILWAUKEE® Cut-Off Disc, 6 inx1/8 inx7/8, Bi-Metal","MILWAUKEE®, Cut-Off Disc, Bi-Metal",,,,,,,,,,,,,,,,,,,,,,,,,,,Cut-Off Disc,Item Type,,,Dimensions,6 inx1/8 inx7/8,,Grit,,,Arbor Size,,,Abrasive Material,Bi-Metal,,Pack Quantity,,,Additional Information,,,,,,,,,,,,,,,,,,,,,,,,,,,,,,,,,,,,,,,,,,,,,,,,,,,,,,,,,,,,,,,,,,,,,,,,,,,,,,,,,,,,,,,,,,,,,,,,,,,,,,,,,,,,,,,,,,,,,,,,,,,,,,,,,,,,,,,,,,1,EA,,,,,,,,,,,,,,,,,,,,,,,,,,,,,,,,,,,,,US,No,No
https://www.milwaukeetool.com/product/49-94-1900,,,,,,49-94-1900,Tools & Hardware,Abrasives,Cutting Discs,49-94-1900,49-94-1900,"49-94-1900 Milw 4""x1/8""x5/8"" Masonry Cut Off Disc",-- Unbranded --,-- No Unilog Brand --,-- No DIB Brand --,Milwaukee Accessory (4031),Milwaukee Electric Tool Corporation,MILWAUKEE®,,49-94-1900,,Tools & Hardware>Abrasives>Cutting & Grinding Discs,"MILWAUKEE®, Cut-Off Disc, 49-94-1900",CUT-OFF DISC 4 INX1/8 INX5/8,"MILWAUKEE®, 49-94-1900, Cut-Off Disc","MILWAUKEE® Cut-Off Disc, 4 inx1/8 inx5/8","MILWAUKEE®, Cut-Off Disc",,,,,,,,,,,,,,,,,,,,,,,,,,,Cut-Off Disc,Item Type,,,Dimensions,4 inx1/8 inx5/8,,Grit,,,Arbor Size,,,Abrasive Material,,,Pack Quantity,,,Additional Information,,,,,,,,,,,,,,,,,,,,,,,,,,,,,,,,,,,,,,,,,,,,,,,,,,,,,,,,,,,,,,,,,,,,,,,,,,,,,,,,,,,,,,,,,,,,,,,,,,,,,,,,,,,,,,,,,,,,,,,,,,,,,,,,,,,,,,,,,,1,EA,,,,,,,,,,,,,,,,,,,,,,,,,,,,,,,,,,,,,US,No,No
https://www.milwaukeetool.com/product/49-94-1905,,,,,,49-94-1905,Tools & Hardware,Abrasives,Cutting Discs,49-94-1905,49-94-1905,"49-94-1905 Milw 4-1/2""x1/8""x7/8"" Masonry Cut Off Disc",-- Unbranded --,-- No Unilog Brand --,-- No DIB Brand --,Milwaukee Accessory (4031),Milwaukee Electric Tool Corporation,MILWAUKEE®,,49-94-1905,,Tools & Hardware>Abrasives>Cutting & Grinding Discs,"MILWAUKEE®, Cut-Off Disc, 49-94-1905",CUT-OFF DISC 4-1/2 INX1/8 INX7/8,"MILWAUKEE®, 49-94-1905, Cut-Off Disc","MILWAUKEE® Cut-Off Disc, 4-1/2 inx1/8 inx7/8","MILWAUKEE®, Cut-Off Disc",,,,,,,,,,,,,,,,,,,,,,,,,,,Cut-Off Disc,Item Type,,,Dimensions,4-1/2 inx1/8 inx7/8,,Grit,,,Arbor Size,,,Abrasive Material,,,Pack Quantity,,,Additional Information,,,,,,,,,,,,,,,,,,,,,,,,,,,,,,,,,,,,,,,,,,,,,,,,,,,,,,,,,,,,,,,,,,,,,,,,,,,,,,,,,,,,,,,,,,,,,,,,,,,,,,,,,,,,,,,,,,,,,,,,,,,,,,,,,,,,,,,,,,1,EA,,,,,,,,,,,,,,,,,,,,,,,,,,,,,,,,,,,,,US,No,No
https://www.milwaukeetool.com/product/49-94-1915,,,,,,49-94-1915,Tools & Hardware,Abrasives,Cutting Discs,49-94-1915,49-94-1915,"49-94-1915 Milw 6-1/2""x1/8""x5/8"" DKO Masonry Cut Off Disc",-- Unbranded --,-- No Unilog Brand --,-- No DIB Brand --,Milwaukee Accessory (4031),Milwaukee Electric Tool Corporation,MILWAUKEE®,,49-94-1915,,Tools & Hardware>Abrasives>Cutting & Grinding Discs,"MILWAUKEE®, Cut-Off Disc, 49-94-1915, Masonry",CUT-OFF DISC 6-1/2 INX1/8 INX5/8 MASONRY,"MILWAUKEE®, 49-94-1915, Cut-Off Disc, Masonry","MILWAUKEE® Cut-Off Disc, 6-1/2 inx1/8 inx5/8, Masonry","MILWAUKEE®, Cut-Off Disc, Masonry",,,,,,,,,,,,,,,,,,,,,,,,,,,Cut-Off Disc,Item Type,,,Dimensions,6-1/2 inx1/8 inx5/8,,Grit,,,Arbor Size,,,Abrasive Material,Masonry,,Pack Quantity,,,Additional Information,,,,,,,,,,,,,,,,,,,,,,,,,,,,,,,,,,,,,,,,,,,,,,,,,,,,,,,,,,,,,,,,,,,,,,,,,,,,,,,,,,,,,,,,,,,,,,,,,,,,,,,,,,,,,,,,,,,,,,,,,,,,,,,,,,,,,,,,,,1,EA,,,,,,,,,,,,,,,,,,,,,,,,,,,,,,,,,,,,,US,No,No
https://www.milwaukeetool.com/product/49-94-1920,,,,,,49-94-1920,Tools & Hardware,Abrasives,Cutting Discs,49-94-1920,49-94-1920,"49-94-1920 Milw 7""x1/8""x5/8"" DKO Masonry Cut Off Disc",-- Unbranded --,-- No Unilog Brand --,-- No DIB Brand --,Milwaukee Accessory (4031),Milwaukee Electric Tool Corporation,MILWAUKEE®,,49-94-1920,,Tools & Hardware>Abrasives>Cutting & Grinding Discs,"MILWAUKEE®, Cut-Off Disc, 49-94-1920, Masonry",CUT-OFF DISC 7 INX1/8 INX5/8 MASONRY,"MILWAUKEE®, 49-94-1920, Cut-Off Disc, Masonry","MILWAUKEE® Cut-Off Disc, 7 inx1/8 inx5/8, Masonry","MILWAUKEE®, Cut-Off Disc, Masonry",,,,,,,,,,,,,,,,,,,,,,,,,,,Cut-Off Disc,Item Type,,,Dimensions,7 inx1/8 inx5/8,,Grit,,,Arbor Size,,,Abrasive Material,Masonry,,Pack Quantity,,,Additional Information,,,,,,,,,,,,,,,,,,,,,,,,,,,,,,,,,,,,,,,,,,,,,,,,,,,,,,,,,,,,,,,,,,,,,,,,,,,,,,,,,,,,,,,,,,,,,,,,,,,,,,,,,,,,,,,,,,,,,,,,,,,,,,,,,,,,,,,,,,1,EA,,,,,,,,,,,,,,,,,,,,,,,,,,,,,,,,,,,,,US,No,No
https://www.milwaukeetool.com/product/49-94-1925,,,,,,49-94-1925,Tools & Hardware,Abrasives,Cutting Discs,49-94-1925,49-94-1925,"49-94-1925 Milw 10""x1/8""x5/8"" Masonry Cut Off Disc",-- Unbranded --,-- No Unilog Brand --,-- No DIB Brand --,Milwaukee Accessory (4031),Milwaukee Electric Tool Corporation,MILWAUKEE®,,49-94-1925,,Tools & Hardware>Abrasives>Cutting & Grinding Discs,"MILWAUKEE®, Cut-Off Disc, 49-94-1925, Abrasive",CUT-OFF DISC 10 INX1/8 INX5/8 ABRASIVE,"MILWAUKEE®, 49-94-1925, Cut-Off Disc, Abrasive","MILWAUKEE® Cut-Off Disc, 10 inx1/8 inx5/8, Abrasive","MILWAUKEE®, Cut-Off Disc, Abrasive",,,,,,,,,,,,,,,,,,,,,,,,,,,Cut-Off Disc,Item Type,,,Dimensions,10 inx1/8 inx5/8,,Grit,,,Arbor Size,,,Abrasive Material,Abrasive,,Pack Quantity,,,Additional Information,,,,,,,,,,,,,,,,,,,,,,,,,,,category,Abrasives/Cutting Tools,,,,,,,,,,,,,,,,,,,,,,,,,,,,,,,,,,,,,,,,,,,,,,,,,,,,,,,,,,,,,,,,,,,,,,,,,,,,,,,,,,,,,,,,,,,,,,,,,,,,,,,,,,,,,,1,EA,,,,,,,,,,,,,,,,,,,,,,,,,,,,,,,,,,,,,US,No,No
https://www.milwaukeetool.com/product/49-94-1935,,,,,,49-94-1935,Tools & Hardware,Abrasives,Cutting Discs,49-94-1935,49-94-1935,"49-94-1935 Milw 12""x1/8""x1"" Masonry Cut Off Disc",-- Unbranded --,-- No Unilog Brand --,-- No DIB Brand --,Milwaukee Accessory (4031),Milwaukee Electric Tool Corporation,MILWAUKEE®,,49-94-1935,,Tools & Hardware>Abrasives>Cutting & Grinding Discs,"MILWAUKEE®, Cut-Off Disc, 49-94-1935, Abrasive",CUT-OFF DISC 12 INX1/8 INX1 ABRASIVE,"MILWAUKEE®, 49-94-1935, Cut-Off Disc, Abrasive","MILWAUKEE® Cut-Off Disc, 12 inx1/8 inx1, Abrasive","MILWAUKEE®, Cut-Off Disc, Abrasive",,,,,,,,,,,,,,,,,,,,,,,,,,,Cut-Off Disc,Item Type,,,Dimensions,12 inx1/8 inx1,,Grit,,,Arbor Size,,,Abrasive Material,Abrasive,,Pack Quantity,,,Additional Information,,,,,,,,,,,,,,,,,,,,,,,,,,,category,Abrasives/Cutting Tools,,,,,,,,,,,,,,,,,,,,,,,,,,,,,,,,,,,,,,,,,,,,,,,,,,,,,,,,,,,,,,,,,,,,,,,,,,,,,,,,,,,,,,,,,,,,,,,,,,,,,,,,,,,,,,1,EA,,,,,,,,,,,,,,,,,,,,,,,,,,,,,,,,,,,,,US,No,No
https://www.milwaukeetool.com/product/49-94-1940,,,,,,49-94-1940,Tools & Hardware,Abrasives,Cutting Discs,49-94-1940,49-94-1940,"49-94-1940 Milw 14""x1/8""x1"" Masonry Cut Off Disc",-- Unbranded --,-- No Unilog Brand --,-- No DIB Brand --,Milwaukee Accessory (4031),Milwaukee Electric Tool Corporation,MILWAUKEE®,,49-94-1940,,Tools & Hardware>Abrasives>Cutting & Grinding Discs,"MILWAUKEE®, Cut-Off Disc, 49-94-1940, Abrasive",CUT-OFF DISC 14 INX1/8 INX1 ABRASIVE,"MILWAUKEE®, 49-94-1940, Cut-Off Disc, Abrasive","MILWAUKEE® Cut-Off Disc, 14 inx1/8 inx1, Abrasive","MILWAUKEE®, Cut-Off Disc, Abrasive",,,,,,,,,,,,,,,,,,,,,,,,,,,Cut-Off Disc,Item Type,,,Dimensions,14 inx1/8 inx1,,Grit,,,Arbor Size,1,in,Abrasive Material,Abrasive,,Pack Quantity,,,Additional Information,,,,,,,,,,,,,,,,,,,,,,,,,,,diameter,14,in,thickness,1/8,in,cutting_type,Masonry,,,,,,,,,,,,,,,,,,,,,,,,,,,,,,,,,,,,,,,,,,,,,,,,,,,,,,,,,,,,,,,,,,,,,,,,,,,,,,,,,,,,,,,,,,,,,,,,,,,,,,,,1,EA,,,,,,,,,,,,,,,,,,,,,,,,,,,,,,,,,,,,,US,No,No
https://www.milwaukeetool.com/product/49-94-0501,,,,,,49-94-0501,,,,49-94-0501,49-94-0501,"49-94-0501 Milw 4""x1/4""x5/8"" Metal Grinding Wheel",-- Unbranded --,-- No Unilog Brand --,-- No DIB Brand --,Milwaukee Accessory (4031),Milwaukee Electric Tool Corporation,MILWAUKEE®,,49-94-0501,,,"MILWAUKEE®, Grinding Wheel, 49-94-0501",GRINDING WHEEL 4 INX1/4 INX5/8,"MILWAUKEE®, 49-94-0501, Grinding Wheel","MILWAUKEE® Grinding Wheel, 4 inx1/4 inx5/8","MILWAUKEE®, Grinding Wheel",,,,,,,,,,,,,,,,,,,,,,,,,,,Grinding Wheel,Item Type,,,Dimensions,4 inx1/4 inx5/8,,Grit,,,Arbor Size,,,Abrasive Material,,,Pack Quantity,,,Additional Information,,,,,,,,,,,,,,,,,,,,,,,,,,,,,,,,,,,,,,,,,,,,,,,,,,,,,,,,,,,,,,,,,,,,,,,,,,,,,,,,,,,,,,,,,,,,,,,,,,,,,,,,,,,,,,,,,,,,,,,,,,,,,,,,,,,,,,,,,,1,EA,,,,,,,,,,,,,,,,,,,,,,,,,,,,,,,,,,,,,US,No,No
https://www.milwaukeetool.com/product/49-94-0503,,,,,,49-94-0503,,,,49-94-0503,49-94-0503,"49-94-0503 Milw 4-1/2""x1/4""x7/8"" Metal Grinding Wheel",-- Unbranded --,-- No Unilog Brand --,-- No DIB Brand --,Milwaukee Accessory (4031),Milwaukee Electric Tool Corporation,MILWAUKEE®,,49-94-0503,,,"MILWAUKEE®, Grinding Wheel, 49-94-0503, Metal",GRINDING WHEEL 4-1/2 INX1/4 INX7/8 METAL,"MILWAUKEE®, 49-94-0503, Grinding Wheel, Metal","MILWAUKEE® Grinding Wheel, 4-1/2 inx1/4 inx7/8, Metal","MILWAUKEE®, Grinding Wheel, Metal",,,,,,,,,,,,,,,,,,,,,,,,,,,Grinding Wheel,Item Type,,,Dimensions,4-1/2 inx1/4 inx7/8,,Grit,,,Arbor Size,,,Abrasive Material,Metal,,Pack Quantity,,,Additional Information,,,,,,,,,,,,,,,,,,,,,,,,,,,,,,,,,,,,,,,,,,,,,,,,,,,,,,,,,,,,,,,,,,,,,,,,,,,,,,,,,,,,,,,,,,,,,,,,,,,,,,,,,,,,,,,,,,,,,,,,,,,,,,,,,,,,,,,,,,1,EA,,,,,,,,,,,,,,,,,,,,,,,,,,,,,,,,,,,,,US,No,No
https://www.milwaukeetool.com/product/49-94-0523,,,,,,49-94-0523,,,,49-94-0523,49-94-0523,"49-94-0523 Milw 6""x1/4""x7/8"" Metal Grinding Wheel",-- Unbranded --,-- No Unilog Brand --,-- No DIB Brand --,Milwaukee Accessory (4031),Milwaukee Electric Tool Corporation,MILWAUKEE®,,49-94-0523,,,"MILWAUKEE®, Grinding Wheel, 49-94-0523",GRINDING WHEEL 6 INX1/4 INX7/8,"MILWAUKEE®, 49-94-0523, Grinding Wheel","MILWAUKEE® Grinding Wheel, 6 inx1/4 inx7/8","MILWAUKEE®, Grinding Wheel",,,,,,,,,,,,,,,,,,,,,,,,,,,Grinding Wheel,Item Type,,,Dimensions,6 inx1/4 inx7/8,,Grit,,,Arbor Size,,,Abrasive Material,,,Pack Quantity,,,Additional Information,,,,,,,,,,,,,,,,,,,,,,,,,,,,,,,,,,,,,,,,,,,,,,,,,,,,,,,,,,,,,,,,,,,,,,,,,,,,,,,,,,,,,,,,,,,,,,,,,,,,,,,,,,,,,,,,,,,,,,,,,,,,,,,,,,,,,,,,,,1,EA,,,,,,,,,,,,,,,,,,,,,,,,,,,,,,,,,,,,,US,No,No
https://www.milwaukeetool.com/product/49-94-1955,,,,,,49-94-1955,,,,49-94-1955,49-94-1955,"49-94-1955 Milw 4-1/2""x1/4""x7/8"" Masonry Grinding Wheel",-- Unbranded --,-- No Unilog Brand --,-- No DIB Brand --,Milwaukee Accessory (4031),Milwaukee Electric Tool Corporation,MILWAUKEE®,,49-94-1955,,,"MILWAUKEE®, Grinding Wheel, 49-94-1955",GRINDING WHEEL 4-1/2 INX1/4 INX7/8,"MILWAUKEE®, 49-94-1955, Grinding Wheel","MILWAUKEE® Grinding Wheel, 4-1/2 inx1/4 inx7/8","MILWAUKEE®, Grinding Wheel",,,,,,,,,,,,,,,,,,,,,,,,,,,Grinding Wheel,Item Type,,,Dimensions,4-1/2 inx1/4 inx7/8,,Grit,,,Arbor Size,,,Abrasive Material,,,Pack Quantity,,,Additional Information,,,,,,,,,,,,,,,,,,,,,,,,,,,,,,,,,,,,,,,,,,,,,,,,,,,,,,,,,,,,,,,,,,,,,,,,,,,,,,,,,,,,,,,,,,,,,,,,,,,,,,,,,,,,,,,,,,,,,,,,,,,,,,,,,,,,,,,,,,1,EA,,,,,,,,,,,,,,,,,,,,,,,,,,,,,,,,,,,,,US,No,No
https://www.milwaukeetool.com/product/49-94-1965,,,,,,49-94-1965,,,,49-94-1965,49-94-1965,"49-94-1965 Milw 7""x1/4""x7/8"" Masonry Grinding Wheel",-- Unbranded --,-- No Unilog Brand --,-- No DIB Brand --,Milwaukee Accessory (4031),Milwaukee Electric Tool Corporation,MILWAUKEE®,,49-94-1965,,,"MILWAUKEE®, Grinding Wheel, 49-94-1965",GRINDING WHEEL 7 INX1/4 INX7/8,"MILWAUKEE®, 49-94-1965, Grinding Wheel","MILWAUKEE® Grinding Wheel, 7 inx1/4 inx7/8","MILWAUKEE®, Grinding Wheel",,,,,,,,,,,,,,,,,,,,,,,,,,,Grinding Wheel,Item Type,,,Dimensions,7 inx1/4 inx7/8,,Grit,,,Arbor Size,,,Abrasive Material,,,Pack Quantity,,,Additional Information,,,,,,,,,,,,,,,,,,,,,,,,,,,category,Abrasives/Cutting Tools,,,,,,,,,,,,,,,,,,,,,,,,,,,,,,,,,,,,,,,,,,,,,,,,,,,,,,,,,,,,,,,,,,,,,,,,,,,,,,,,,,,,,,,,,,,,,,,,,,,,,,,,,,,,,,1,EA,,,,,,,,,,,,,,,,,,,,,,,,,,,,,,,,,,,,,US,No,No
https://www.milwaukeetool.com/product/49-94-0513,,,,,,49-94-0513,,,,49-94-0513,49-94-0513,"49-94-0513 Milw 5""x1/4""x7/8"" Metal Grinding Wheel",-- Unbranded --,-- No Unilog Brand --,-- No DIB Brand --,Milwaukee Accessory (4031),Milwaukee Electric Tool Corporation,MILWAUKEE®,,49-94-0513,,,"MILWAUKEE®, Grinding Wheel, 49-94-0513",GRINDING WHEEL 5 INX1/4 INX7/8,"MILWAUKEE®, 49-94-0513, Grinding Wheel","MILWAUKEE® Grinding Wheel, 5 inx1/4 inx7/8","MILWAUKEE®, Grinding Wheel",,,,,,,,,,,,,,,,,,,,,,,,,,,Grinding Wheel,Item Type,,,Dimensions,5 inx1/4 inx7/8,,Grit,,,Arbor Size,,,Abrasive Material,,,Pack Quantity,,,Additional Information,,,,,,,,,,,,,,,,,,,,,,,,,,,,,,,,,,,,,,,,,,,,,,,,,,,,,,,,,,,,,,,,,,,,,,,,,,,,,,,,,,,,,,,,,,,,,,,,,,,,,,,,,,,,,,,,,,,,,,,,,,,,,,,,,,,,,,,,,,1,EA,,,,,,,,,,,,,,,,,,,,,,,,,,,,,,,,,,,,,US,No,No
https://www.milwaukeetool.com/product/49-94-0533,,,,,,49-94-0533,,,,49-94-0533,49-94-0533,"49-94-0533 Milw 7""x1/4""x7/8"" Metal Grinding Wheel",-- Unbranded --,-- No Unilog Brand --,-- No DIB Brand --,Milwaukee Accessory (4031),Milwaukee Electric Tool Corporation,MILWAUKEE®,,49-94-0533,,,"MILWAUKEE®, Grinding Wheel, 49-94-0533",GRINDING WHEEL 7 INX1/4 INX7/8,"MILWAUKEE®, 49-94-0533, Grinding Wheel","MILWAUKEE® Grinding Wheel, 7 inx1/4 inx7/8","MILWAUKEE®, Grinding Wheel",,,,,,,,,,,,,,,,,,,,,,,,,,,Grinding Wheel,Item Type,,,Dimensions,7 inx1/4 inx7/8,,Grit,,,Arbor Size,"7/8""",,Abrasive Material,,,Pack Quantity,,,Additional Information,,,,,,,,,,,,,,,,,,,,,,,,,,,Diameter,"7""",,Thickness,"1/4""",,,,,,,,,,,,,,,,,,,,,,,,,,,,,,,,,,,,,,,,,,,,,,,,,,,,,,,,,,,,,,,,,,,,,,,,,,,,,,,,,,,,,,,,,,,,,,,,,,,,,,,,,,,1,EA,,,,,,,,,,,,,,,,,,,,,,,,,,,,,,,,,,,,,US,No,No
https://www.diablotools.com/product/DFBLBLOMFN01G,,,,,,DFBLBLOMFN01G,,,,DFBLBLOMFN01G,DFBLBLOMFN01G,DFBLBLOMFN01G Diablo 220 Grit - Flat Edge Sanding Sponge,-- Unbranded --,-- No Unilog Brand --,-- No DIB Brand --,Freud Inc (2435),Freud Tools / Robert Bosch Tool Corporation,DIABLO®,,DFBLBLOMFN01G,,,"DIABLO®, Sanding Sponge, DFBLBLOMFN01G",SANDING SPONGE,"DIABLO®, DFBLBLOMFN01G, Sanding Sponge",DIABLO® Sanding Sponge,"DIABLO®, Sanding Sponge",,,,,,,,,,,,,,,,,,,,,,,,,,,Sanding Sponge,Series,,,Model,,,Item Type,,,Voltage Rating,,,Amperage Rating,,,Dimensions,,,Mounting Type,,,Material,,,Color,,,Sound Level,,,Additional Information,,,,,,,,,,,,,,,Grit,220,,Edge Type,Flat Edge,,,,,,,,,,,,,,,,,,,,,,,,,,,,,,,,,,,,,,,,,,,,,,,,,,,,,,,,,,,,,,,,,,,,,,,,,,,,,,,,,,,,,,,,,,,,,,,,,,,,,,,,,,,1,EA,,,,,,,,,,,,,,,,,,,,,,,,,,,,,,,,,,,,,US,No,No
https://www.ustape.com/product/1700-1PK-BB40,,,,,,1700-1PK-BB40,,,,1700-1PK-BB40,1700-1PK-BB40,3/4x60' Vinyl Elect Tape,-- Unbranded --,-- No Unilog Brand --,-- No DIB Brand --,3 M Co (5293),U.S. Tape Company,U.S. TAPE®,,1700-1PK-BB40,,,"U.S. TAPE®, Light Bulb, 1700-1PK-BB40, Vinyl",LIGHT BULB VINYL 3/4X60 FT,"U.S. TAPE®, 1700-1PK-BB40, Light Bulb, Vinyl","U.S. TAPE® Light Bulb, 3/4x60 ft, Vinyl","U.S. TAPE®, Light Bulb, Vinyl",,,,,,,,,,,,,,,,,,,,,,,,,,,Light Bulb,Series,,,Model,,,Item Type,,,Voltage Rating,,,Amperage Rating,,,Dimensions,3/4x60 ft,,Mounting Type,,,Material,Vinyl,,Color,,,Sound Level,,,Additional Information,,,,,,,,,,,,,,,,,,,,,,,,,,,,,,,,,,,,,,,,,,,,,,,,,,,,,,,,,,,,,,,,,,,,,,,,,,,,,,,,,,,,,,,,,,,,,,,,,,,,,,,,,,,,,,,,,,,,,,,,,,,,,,1,EA,,,,,,,,,,,,,,,,,,,,,,,,,,,,,,,,,,,,,US,No,No
https://www.ustape.com/product/ASH-40-40-04,,,,,,ASH-40-40-04,,,,ASH-40-40-04,ASH-40-40-04,1.5x1.5x13' Legacy Emseal Tape,-- Unbranded --,-- No Unilog Brand --,-- No DIB Brand --,Emseal Joint Systems Ltd (EMSJO),U.S. Tape Company,U.S. TAPE®,,ASH-40-40-04,,,"U.S. TAPE®, Tape, ASH-40-40-04",TAPE 1-1/2X1-1/2X13 FT,"U.S. TAPE®, ASH-40-40-04, Tape","U.S. TAPE® Tape, 1-1/2x1-1/2x13 ft","U.S. TAPE®, Tape",,,,,,,,,,,,,,,,,,,,,,,,,,,Tape,Series,,,Model,,,Item Type,,,Voltage Rating,,,Amperage Rating,,,Dimensions,1-1/2x1-1/2x13 ft,,Mounting Type,,,Material,,,Color,,,Sound Level,,,Additional Information,,,,,,,,,,,,,,,Manufacturer,U.S. TAPE,,Catalog Category,General Commercial,,,,,,,,,,,,,,,,,,,,,,,,,,,,,,,,,,,,,,,,,,,,,,,,,,,,,,,,,,,,,,,,,,,,,,,,,,,,,,,,,,,,,,,,,,,,,,,,,,,,,,,,,,,1,EA,,,,,,,,,,,,,,,,,,,,,,,,,,,,,,,,,,,,,US,No,No
,,,,,,KDFM404KPS,Appliances,Large Appliances,Dishwashers,KDFM404KPS,KDFM404KPS,KDFM404KPS Dishwasher SS,-- Unbranded --,-- No Unilog Brand --,-- No DIB Brand --,Appliance Dealers Cooperative (APPDE),Appliance Dealers Cooperative,Appliance Dealers Cooperative,,KDFM404KPS,,Appliances & Consumer Electronics>Kitchen Appliances>Built-In Dishwashers,"Appliance Dealers Cooperative, Dishwasher, KDFM404KPS, Built-In Mounting, Stainl",DISHWASHER BLTLN SST,"Appliance Dealers Cooperative, KDFM404KPS, Dishwasher, Built-In Mounting, Stainless Steel","Appliance Dealers Cooperative Dishwasher, Built-In Mounting, Stainless Steel","Appliance Dealers Cooperative, Dishwasher, Built-In Mounting, Stainless Steel",,,,,,,,,,,,,,,,,,,,,,,,,,,Dishwasher,Series,,,Model,,,Number of Wash Cycles,,,Voltage Rating,,,Amperage Rating,,,Mounting Type,Built-In,,Plug Type,,,Size,,,Depth With Door Open,,,Minimum Height,,,Maximum Height,,,Sound Level,,,Material,Stainless Steel,,Color,,,Additional Information,,,,,,,,,,,,,,,,,,,,,,,,,,,,,,,,,,,,,,,,,,,,,,,,,,,,,,,,,,,,,,,,,,,,,,,,,,,,,,,,,,,,,,,,,,,,,,,,,,,,,,,,,,,,,,,,,,1,EA,,,,,,,,,,,,,,,,,,,,,,,,,,,,,,,,,,,,,US,No,No
https://www.frigidaire.com/product/PDSH4816AF,,,,,,PDSH4816AF,Appliances,Large Appliances,Dishwashers,PDSH4816AF,PDSH4816AF,PDSH4816AF Dishwasher SS - Display Only,-- Unbranded --,-- No Unilog Brand --,-- No DIB Brand --,Appliance Dealers Cooperative (APPDE),Rheem Manufacturing,FRIGIDAIRE®,,PDSH4816AF,,Appliances & Consumer Electronics>Kitchen Appliances>Built-In Dishwashers,"FRIGIDAIRE®, Dishwasher, Professional Series, PDSH4816AF, Leg Mounting, Stainles",DISHWASHER LEG 5 SST 120V 15A 50-1/4IN,"FRIGIDAIRE®, Professional Series, PDSH4816AF, Dishwasher, With CleanBoost™, Leg Mounting, 5-Wash Cycle, Stainless Steel","FRIGIDAIRE® Dishwasher With CleanBoost™, Professional Series, 5 Wash Cycles, 120 V, 15 A, Leg Mounting, 24 in W x 24-1/4 in D, 50-1/4 in Depth With Door Open, 8-1/2 in Upper Rack, 11-1/4 in Lower Rack Minimum Height, 10-3/8 in Upper Rack, 13-1/4 in Lower Rack Maximum Height, 47 dBA, Stainless Steel, Additional Information: 240 kW-hr Annual Energy, 1 to 12 hr Delay Start Hours","FRIGIDAIRE®, Professional Series, Dishwasher, Leg Mounting, 5-Wash Cycle, Stainless Steel",,,,,,,,,,,,,,,,,,,,,,With CleanBoost™,ASSE 1006|CEE Tier 2 Qualified|cUL Listed|ENERGY STAR Certified|NSF Certified|UL Listed,,,,Dishwasher,Series,Professional Series,,Model,PDSH4816AF,,Number of Wash Cycles,5,,Voltage Rating,120,V,Amperage Rating,15,A,Mounting Type,Leg,,Plug Type,,,Size,24 in W x 24-1/4 in D,,Depth With Door Open,50-1/4,in,Minimum Height,"8-1/2 in Upper Rack, 11-1/4 in Lower Rack",,Maximum Height,"10-3/8 in Upper Rack, 13-1/4 in Lower Rack",,Sound Level,47,dBA,Material,Stainless Steel,,Color,,,Additional Information,"240 kW-hr Annual Energy, 1 to 12 hr Delay Start Hours",,Width,24,in,Depth,24-1/4,in,Sound Level,47,dBA,amperage,15,A,delay_start_hours,1 to 12 hr,,Amperage,15,A,SoundLevel,47,dBA,DepthWithDoorOpen,50-1/4,in,,,,,,,,,,,,,,,,,,,,,,,,,,,,,,,,,,,,,,,,,,,,,,,,,,,,,,,,,,,,,,,,,,,,,,,,,,,,,,,,,,,,,,"1 Year Manufacturer, 1 Year Labor and Parts",,1,EA,,,,,,,,,,,,FRIGIDAIRE_PDSH4816AF.jpg,FRIGIDAIRE_PDSH4816AF_1.jpg,FRIGIDAIRE_PDSH4816AF_2.jpg,FRIGIDAIRE_PDSH4816AF_3.jpg,FRIGIDAIRE_PDSH4816AF_4.jpg,,,,,FRIGIDAIRE_PDSH4816AF_Specification_Sheet.pdf,,,,,,,,,,,,,,,,US,No,Yes
,,,,,,PDT715SYVFS,Appliances,Large Appliances,Dishwashers,PDT715SYVFS,PDT715SYVFS,PDT715SYVFS Ge Dishwasher SS,-- Unbranded --,-- No Unilog Brand --,-- No DIB Brand --,Appliance Dealers Cooperative (APPDE),Appliance Dealers Cooperative,Appliance Dealers Cooperative,,PDT715SYVFS,,Appliances & Consumer Electronics>Kitchen Appliances>Built-In Dishwashers,"Appliance Dealers Cooperative, Dishwasher, PDT715SYVFS, Built-In Mounting, Stain",DISHWASHER BLTLN SST,"Appliance Dealers Cooperative, PDT715SYVFS, Dishwasher, Built-In Mounting, Stainless Steel","Appliance Dealers Cooperative Dishwasher, Built-In Mounting, Stainless Steel","Appliance Dealers Cooperative, Dishwasher, Built-In Mounting, Stainless Steel",,,,,,,,,,,,,,,,,,,,,,,,,,,Dishwasher,Series,,,Model,,,Number of Wash Cycles,,,Voltage Rating,,,Amperage Rating,,,Mounting Type,Built-In,,Plug Type,,,Size,,,Depth With Door Open,,,Minimum Height,,,Maximum Height,,,Sound Level,,,Material,Stainless Steel,,Color,,,Additional Information,,,,,,,,,,,,,,,,,,,,,,,,,,,,,,,,,,,,,,,,,,,,,,,,,,,,,,,,,,,,,,,,,,,,,,,,,,,,,,,,,,,,,,,,,,,,,,,,,,,,,,,,,,,,,,,,,,1,EA,,,,,,,,,,,,,,,,,,,,,,,,,,,,,,,,,,,,,US,No,No
,,,,,,LDPH5554D,Appliances,Large Appliances,Dishwashers,LDPH5554D,LDPH5554D,LDPH5554D LG Dishwasher BSS,-- Unbranded --,-- No Unilog Brand --,-- No DIB Brand --,Appliance Dealers Cooperative (APPDE),Appliance Dealers Cooperative,Appliance Dealers Cooperative,,LDPH5554D,,Appliances & Consumer Electronics>Kitchen Appliances>Built-In Dishwashers,"Appliance Dealers Cooperative, Dishwasher, LDPH5554D, Built-In Mounting",DISHWASHER BLTLN,"Appliance Dealers Cooperative, LDPH5554D, Dishwasher, Built-In Mounting","Appliance Dealers Cooperative Dishwasher, Built-In Mounting","Appliance Dealers Cooperative, Dishwasher, Built-In Mounting",,,,,,,,,,,,,,,,,,,,,,,,,,,Dishwasher,Series,,,Model,,,Number of Wash Cycles,,,Voltage Rating,,,Amperage Rating,,,Mounting Type,Built-In,,Plug Type,,,Size,,,Depth With Door Open,,,Minimum Height,,,Maximum Height,,,Sound Level,,,Material,,,Color,,,Additional Information,,,,,,,,,,,,,,,,,,,,,,,,,,,,,,,,,,,,,,,,,,,,,,,,,,,,,,,,,,,,,,,,,,,,,,,,,,,,,,,,,,,,,,,,,,,,,,,,,,,,,,,,,,,,,,,,,,1,EA,,,,,,,,,,,,,,,,,,,,,,,,,,,,,,,,,,,,,US,No,No
https://www.whirlpool.com/product/WDTS7024RZ,https://www.whirlpool.com/content/dam/global/documents/202412/owners-manual-w11323304-revj.pdf,https://www.whirlpool.com/content/dam/global/documents/202406/installation-instructions-w11323304-revG.pdf,,,,WDTS7024RZ,Appliances,Large Appliances,Dishwashers,WDTS7024RZ,WDTS7024RZ,WDTS7024RZ Dishwasher SS - Display Only,-- Unbranded --,-- No Unilog Brand --,-- No DIB Brand --,Appliance Dealers Cooperative (APPDE),Whirlpool Corporation,WHIRLPOOL®,,WDTS7024RZ,,Appliances & Consumer Electronics>Kitchen Appliances>Built-In Dishwashers,"WHIRLPOOL®, Dishwasher, Eco Series, WDTS7024RZ, Built-In Mounting, Stainless Ste",DISHWASHER BLTLN SST SST 120V 10A 41DBA,"WHIRLPOOL®, Eco Series, WDTS7024RZ, Dishwasher, With Washing 3rd Rack, Water Repellent Silverware Basket, Built-In Mounting, Stainless Steel","WHIRLPOOL® Dishwasher With Washing 3rd Rack, Water Repellent Silverware Basket, Eco Series, 120 V, 10 A, Built-In Mounting, 33-7/16 in H x 23-7/8 in W x 22-5/8 in D, 50-3/16 in Depth With Door Open, 33-7/16 in Minimum Height, 41 dBA, Stainless Steel, Stainless Steel, Additional Information: Folding Tines, Leak Detection System, Moisture Repellent Silverware Basket, Normal Cycle, Quick Wash Cycle, Sani Rinse Option, Sensor Cycle, Triple Wash Spray","WHIRLPOOL®, Eco Series, Dishwasher, Built-In Mounting, Stainless Steel","Load more and run less with our quietest and largest capacity dishwasher. A 3rd Rack provides dedicated space for mugs and bowls, while an adjustable 2nd Rack helps fit all the dishes and pans your family piles up.",3rd rack with extra wash action,Adjustable 2nd Rack,41 dBA,Moisture Repellent Silverware Basket,Sensor cycle,Sani Rinse Option,Leak Detection System,Folding Tines,Normal cycle,Triple Wash Spray,Quick Wash Cycle,,,,,,,,,,"With Washing 3rd Rack, Water Repellent Silverware Basket",,,,,Dishwasher,Series,Eco Series,,Model,WDTS7024RZ,,Number of Wash Cycles,,,Voltage Rating,120,V,Amperage Rating,10,A,Mounting Type,Built-in,,Plug Type,,,Size,33-7/16 in H x 23-7/8 in W x 22-5/8 in D,,Depth With Door Open,50-3/16,in,Minimum Height,33-7/16,in,Maximum Height,,,Sound Level,41,dBA,Material,Stainless Steel,,Color,Stainless Steel,,Additional Information,"Folding Tines, Leak Detection System, Moisture Repellent Silverware Basket, Normal Cycle, Quick Wash Cycle, Sani Rinse Option, Sensor Cycle, Triple Wash Spray",,Depth With Door Open,50-3/16,in,Minimum Height,33-7/16,in,Sound Level,41,dBA,Color,Stainless Steel,,amperage,10,A,Amperage,10,A,SoundLevel,41,dBA,DepthWithDoorOpen,50-3/16,in,,,,,,,,,,,,,,,,,,,,,,,,,,,,,,,,,,,,,,,,,,,,,,,,,,,,,,,,,,,,,,,,,,,,,,,,,,,,,,,,,,,,,,,,1,EA,,,,,,,,,,,,Whirlpool_WDTS7024RZ.jpg,,,,,,,,,Whirlpool_WDTS7024RZ_Specification_Sheet.pdf,,,,,,,,,,,,,,,,US,No,Yes
,,,,,,PDD415PYYFS,Appliances,Large Appliances,Dishwashers,PDD415PYYFS,PDD415PYYFS,PDD415PYYFS GE Dishwasher SS,-- Unbranded --,-- No Unilog Brand --,-- No DIB Brand --,Appliance Dealers Cooperative (APPDE),Appliance Dealers Cooperative,Appliance Dealers Cooperative,,PDD415PYYFS,,Appliances & Consumer Electronics>Kitchen Appliances>Built-In Dishwashers,"Appliance Dealers Cooperative, Dishwasher, PDD415PYYFS, Built-In Mounting, Stain",DISHWASHER BLTLN SST,"Appliance Dealers Cooperative, PDD415PYYFS, Dishwasher, Built-In Mounting, Stainless Steel","Appliance Dealers Cooperative Dishwasher, Built-In Mounting, Stainless Steel","Appliance Dealers Cooperative, Dishwasher, Built-In Mounting, Stainless Steel",,,,,,,,,,,,,,,,,,,,,,,,,,,Dishwasher,Series,,,Model,,,Number of Wash Cycles,,,Voltage Rating,,,Amperage Rating,,,Mounting Type,Built-In,,Plug Type,,,Size,,,Depth With Door Open,,,Minimum Height,,,Maximum Height,,,Sound Level,,,Material,Stainless Steel,,Color,,,Additional Information,,,,,,,,,,,,,,,,,,,,,,,,,,,,,,,,,,,,,,,,,,,,,,,,,,,,,,,,,,,,,,,,,,,,,,,,,,,,,,,,,,,,,,,,,,,,,,,,,,,,,,,,,,,,,,,,,,1,EA,,,,,,,,,,,,,,,,,,,,,,,,,,,,,,,,,,,,,US,No,No
,,,,,,KDTS424SBE,Appliances,Large Appliances,Dishwashers,KDTS424SBE,KDTS424SBE,KDTS424SBE Kitchen Aid Dishwasher Bk,-- Unbranded --,-- No Unilog Brand --,-- No DIB Brand --,Appliance Dealers Cooperative (APPDE),Appliance Dealers Cooperative,Appliance Dealers Cooperative,,KDTS424SBE,,Appliances & Consumer Electronics>Kitchen Appliances>Built-In Dishwashers,"Appliance Dealers Cooperative, Dishwasher, KDTS424SBE, Built-In Mounting",DISHWASHER BLTLN,"Appliance Dealers Cooperative, KDTS424SBE, Dishwasher, Built-In Mounting","Appliance Dealers Cooperative Dishwasher, Built-In Mounting","Appliance Dealers Cooperative, Dishwasher, Built-In Mounting",,,,,,,,,,,,,,,,,,,,,,,,,,,Dishwasher,Series,,,Model,,,Number of Wash Cycles,,,Voltage Rating,,,Amperage Rating,,,Mounting Type,Built-In,,Plug Type,,,Size,,,Depth With Door Open,,,Minimum Height,,,Maximum Height,,,Sound Level,,,Material,,,Color,,,Additional Information,,,,,,,,,,,,,,,,,,,,,,,,,,,,,,,,,,,,,,,,,,,,,,,,,,,,,,,,,,,,,,,,,,,,,,,,,,,,,,,,,,,,,,,,,,,,,,,,,,,,,,,,,,,,,,,,,,1,EA,,,,,,,,,,,,,,,,,,,,,,,,,,,,,,,,,,,,,US,No,No
,,,,,,KDTS324SPS,Appliances,Large Appliances,Dishwashers,KDTS324SPS,KDTS324SPS,KDTS324SPS Kitchen Aid Dishwasher SS,-- Unbranded --,-- No Unilog Brand --,-- No DIB Brand --,Appliance Dealers Cooperative (APPDE),Appliance Dealers Cooperative,Appliance Dealers Cooperative,,KDTS324SPS,,Appliances & Consumer Electronics>Kitchen Appliances>Built-In Dishwashers,"Appliance Dealers Cooperative, Dishwasher, KDTS324SPS, Built-In Mounting, Stainl",DISHWASHER BLTLN SST,"Appliance Dealers Cooperative, KDTS324SPS, Dishwasher, Built-In Mounting, Stainless Steel","Appliance Dealers Cooperative Dishwasher, Built-In Mounting, Stainless Steel","Appliance Dealers Cooperative, Dishwasher, Built-In Mounting, Stainless Steel",,,,,,,,,,,,,,,,,,,,,,,,,,,Dishwasher,Series,,,Model,,,Number of Wash Cycles,,,Voltage Rating,,,Amperage Rating,,,Mounting Type,Built-In,,Plug Type,,,Size,,,Depth With Door Open,,,Minimum Height,,,Maximum Height,,,Sound Level,,,Material,Stainless Steel,,Color,,,Additional Information,,,,,,,,,,,,,,,,,,,,,,,,,,,,,,,,,,,,,,,,,,,,,,,,,,,,,,,,,,,,,,,,,,,,,,,,,,,,,,,,,,,,,,,,,,,,,,,,,,,,,,,,,,,,,,,,,,1,EA,,,,,,,,,,,,,,,,,,,,,,,,,,,,,,,,,,,,,US,No,No
,,,,,,KDPS624SJP,Appliances,Large Appliances,Dishwashers,KDPS624SJP,KDPS624SJP,KDPS624SJP Dishwasher Juniper - Display Only,-- Unbranded --,-- No Unilog Brand --,-- No DIB Brand --,Appliance Dealers Cooperative (APPDE),Appliance Dealers Cooperative,Appliance Dealers Cooperative,,KDPS624SJP,,Appliances & Consumer Electronics>Kitchen Appliances>Built-In Dishwashers,"Appliance Dealers Cooperative, Dishwasher, KDPS624SJP",DISHWASHER,"Appliance Dealers Cooperative, KDPS624SJP, Dishwasher",Appliance Dealers Cooperative Dishwasher,"Appliance Dealers Cooperative, Dishwasher",,,,,,,,,,,,,,,,,,,,,,,,,,,Dishwasher,Series,,,Model,,,Number of Wash Cycles,,,Voltage Rating,,,Amperage Rating,,,Mounting Type,,,Plug Type,,,Size,,,Depth With Door Open,,,Minimum Height,,,Maximum Height,,,Sound Level,,,Material,,,Color,,,Additional Information,,,,,,,,,,,,,,,,,,,,,,,,,,,,,,,,,,,,,,,,,,,,,,,,,,,,,,,,,,,,,,,,,,,,,,,,,,,,,,,,,,,,,,,,,,,,,,,,,,,,,,,,,,,,,,,,,,1,EA,,,,,,,,,,,,,,,,,,,,,,,,,,,,,,,,,,,,,US,No,No
,,,,,,KDTS624SBE,Appliances,Large Appliances,Dishwashers,KDTS624SBE,KDTS624SBE,KDTS624SBE Dishwasher BO Display Only,-- Unbranded --,-- No Unilog Brand --,-- No DIB Brand --,Appliance Dealers Cooperative (APPDE),Appliance Dealers Cooperative,Appliance Dealers Cooperative,,KDTS624SBE,,Appliances & Consumer Electronics>Kitchen Appliances>Built-In Dishwashers,"Appliance Dealers Cooperative, Dishwasher, KDTS624SBE, Built-In Mounting",DISHWASHER BLTLN,"Appliance Dealers Cooperative, KDTS624SBE, Dishwasher, Built-In Mounting","Appliance Dealers Cooperative Dishwasher, Built-In Mounting","Appliance Dealers Cooperative, Dishwasher, Built-In Mounting",,,,,,,,,,,,,,,,,,,,,,,,,,,Dishwasher,Series,,,Model,,,Number of Wash Cycles,,,Voltage Rating,,,Amperage Rating,,,Mounting Type,Built-In,,Plug Type,,,Size,,,Depth With Door Open,,,Minimum Height,,,Maximum Height,,,Sound Level,,,Material,,,Color,,,Additional Information,,,,,,,,,,,,,,,,,,,,,,,,,,,,,,,,,,,,,,,,,,,,,,,,,,,,,,,,,,,,,,,,,,,,,,,,,,,,,,,,,,,,,,,,,,,,,,,,,,,,,,,,,,,,,,,,,,1,EA,,,,,,,,,,,,,,,,,,,,,,,,,,,,,,,,,,,,,US,No,No
,,,,,,D519127,,,,D519127,D519127,D519127 Heater Kit,-- Unbranded --,-- No Unilog Brand --,-- No DIB Brand --,V & V Appliance Parts Inc (VVAPP),V & V Appliance Parts Inc,V & V Appliance Parts Inc,,D519127,,,"V & V Appliance Parts Inc, Heater Kit, D519127",HEATER KIT,"V & V Appliance Parts Inc, D519127, Heater Kit",V & V Appliance Parts Inc Heater Kit,"V & V Appliance Parts Inc, Heater Kit",,,,,,,,,,,,,,,,,,,,,,,,,,,Heater Kit,Series,,,Model,,,Item Type,,,Voltage Rating,,,Amperage Rating,,,Dimensions,,,Mounting Type,,,Material,,,Color,,,Sound Level,,,Additional Information,,,,,,,,,,,,,,,,,,,,,,,,,,,,,,,,,,,,,,,,,,,,,,,,,,,,,,,,,,,,,,,,,,,,,,,,,,,,,,,,,,,,,,,,,,,,,,,,,,,,,,,,,,,,,,,,,,,,,,,,,,,,,,1,EA,,,,,,,,,,,,,,,,,,,,,,,,,,,,,,,,,,,,,US,No,No
,,,,,,DF7004WE,,,,DF7004WE,DF7004WE,DF7004WE Speed Queen Elect Dryer Wh,-- Unbranded --,-- No Unilog Brand --,-- No DIB Brand --,Appliance Dealers Cooperative (APPDE),Appliance Dealers Cooperative,Appliance Dealers Cooperative,,DF7004WE,,,"Appliance Dealers Cooperative, Dryer, DF7004WE",DRYER,"Appliance Dealers Cooperative, DF7004WE, Dryer",Appliance Dealers Cooperative Dryer,"Appliance Dealers Cooperative, Dryer",,,,,,,,,,,,,,,,,,,,,,,,,,,Dryer,Series,,,Model,,,Item Type,,,Voltage Rating,,,Amperage Rating,,,Dimensions,,,Mounting Type,,,Material,,,Color,,,Sound Level,,,Additional Information,,,,,,,,,,,,,,,,,,,,,,,,,,,,,,,,,,,,,,,,,,,,,,,,,,,,,,,,,,,,,,,,,,,,,,,,,,,,,,,,,,,,,,,,,,,,,,,,,,,,,,,,,,,,,,,,,,,,,,,,,,,,,,1,EA,,,,,,,,,,,,,,,,,,,,,,,,,,,,,,,,,,,,,US,No,No
,,,,,,DR7004BE,,,,DR7004BE,DR7004BE,DR7004BE SQ Elect Dryer Bk,-- Unbranded --,-- No Unilog Brand --,-- No DIB Brand --,Appliance Dealers Cooperative (APPDE),Appliance Dealers Cooperative,Appliance Dealers Cooperative,,DR7004BE,,,"Appliance Dealers Cooperative, Dryer, DR7004BE",DRYER,"Appliance Dealers Cooperative, DR7004BE, Dryer",Appliance Dealers Cooperative Dryer,"Appliance Dealers Cooperative, Dryer",,,,,,,,,,,,,,,,,,,,,,,,,,,Dryer,Series,,,Model,,,Item Type,,,Voltage Rating,,,Amperage Rating,,,Dimensions,,,Mounting Type,,,Material,,,Color,,,Sound Level,,,Additional Information,,,,,,,,,,,,,,,,,,,,,,,,,,,,,,,,,,,,,,,,,,,,,,,,,,,,,,,,,,,,,,,,,,,,,,,,,,,,,,,,,,,,,,,,,,,,,,,,,,,,,,,,,,,,,,,,,,,,,,,,,,,,,,1,EA,,,,,,,,,,,,,,,,,,,,,,,,,,,,,,,,,,,,,US,No,No
,,,,,,DV2000WE,,,,DV2000WE,DV2000WE,DV2000WE SQ Elect Dryer Wh,-- Unbranded --,-- No Unilog Brand --,-- No DIB Brand --,Appliance Dealers Cooperative (APPDE),Appliance Dealers Cooperative,Appliance Dealers Cooperative,,DV2000WE,,,"Appliance Dealers Cooperative, Dryer, DV2000WE",DRYER,"Appliance Dealers Cooperative, DV2000WE, Dryer",Appliance Dealers Cooperative Dryer,"Appliance Dealers Cooperative, Dryer",,,,,,,,,,,,,,,,,,,,,,,,,,,Dryer,Series,,,Model,,,Item Type,,,Voltage Rating,,,Amperage Rating,,,Dimensions,,,Mounting Type,,,Material,,,Color,,,Sound Level,,,Additional Information,,,,,,,,,,,,,,,,,,,,,,,,,,,,,,,,,,,,,,,,,,,,,,,,,,,,,,,,,,,,,,,,,,,,,,,,,,,,,,,,,,,,,,,,,,,,,,,,,,,,,,,,,,,,,,,,,,,,,,,,,,,,,,1,EA,,,,,,,,,,,,,,,,,,,,,,,,,,,,,,,,,,,,,US,No,No
,,,,,,DC5004WE,,,,DC5004WE,DC5004WE,DC5004WE SQ Elect Dryer Wh,-- Unbranded --,-- No Unilog Brand --,-- No DIB Brand --,Appliance Dealers Cooperative (APPDE),Appliance Dealers Cooperative,Appliance Dealers Cooperative,,DC5004WE,,,"Appliance Dealers Cooperative, Dryer, DC5004WE",DRYER,"Appliance Dealers Cooperative, DC5004WE, Dryer",Appliance Dealers Cooperative Dryer,"Appliance Dealers Cooperative, Dryer",,,,,,,,,,,,,,,,,,,,,,,,,,,Dryer,Series,,,Model,,,Item Type,,,Voltage Rating,,,Amperage Rating,,,Dimensions,,,Mounting Type,,,Material,,,Color,,,Sound Level,,,Additional Information,,,,,,,,,,,,,,,,,,,,,,,,,,,,,,,,,,,,,,,,,,,,,,,,,,,,,,,,,,,,,,,,,,,,,,,,,,,,,,,,,,,,,,,,,,,,,,,,,,,,,,,,,,,,,,,,,,,,,,,,,,,,,,1,EA,,,,,,,,,,,,,,,,,,,,,,,,,,,,,,,,,,,,,US,No,No
,,,,,,DC5004BE,,,,DC5004BE,DC5004BE,DC5004BE SQ Elect Dryer Bk,-- Unbranded --,-- No Unilog Brand --,-- No DIB Brand --,Appliance Dealers Cooperative (APPDE),Appliance Dealers Cooperative,Appliance Dealers Cooperative,,DC5004BE,,,"Appliance Dealers Cooperative, Dryer, DC5004BE",DRYER,"Appliance Dealers Cooperative, DC5004BE, Dryer",Appliance Dealers Cooperative Dryer,"Appliance Dealers Cooperative, Dryer",,,,,,,,,,,,,,,,,,,,,,,,,,,Dryer,Series,,,Model,,,Item Type,,,Voltage Rating,,,Amperage Rating,,,Dimensions,,,Mounting Type,,,Material,,,Color,,,Sound Level,,,Additional Information,,,,,,,,,,,,,,,,,,,,,,,,,,,,,,,,,,,,,,,,,,,,,,,,,,,,,,,,,,,,,,,,,,,,,,,,,,,,,,,,,,,,,,,,,,,,,,,,,,,,,,,,,,,,,,,,,,,,,,,,,,,,,,1,EA,,,,,,,,,,,,,,,,,,,,,,,,,,,,,,,,,,,,,US,No,No
,,,,,,WKE100HWA,,,,WKE100HWA,WKE100HWA,WKE100HWA LG Laundry Center Wh - Display,-- Unbranded --,-- No Unilog Brand --,-- No DIB Brand --,Appliance Dealers Cooperative (APPDE),Appliance Dealers Cooperative,Appliance Dealers Cooperative,,WKE100HWA,,,"Appliance Dealers Cooperative, Laundry Center, WKE100HWA",LAUNDRY CENTER,"Appliance Dealers Cooperative, WKE100HWA, Laundry Center",Appliance Dealers Cooperative Laundry Center,"Appliance Dealers Cooperative, Laundry Center",,,,,,,,,,,,,,,,,,,,,,,,,,,Laundry Center,Series,,,Model,,,Item Type,,,Voltage Rating,,,Amperage Rating,,,Dimensions,,,Mounting Type,,,Material,,,Color,,,Sound Level,,,Additional Information,,,,,,,,,,,,,,,,,,,,,,,,,,,,,,,,,,,,,,,,,,,,,,,,,,,,,,,,,,,,,,,,,,,,,,,,,,,,,,,,,,,,,,,,,,,,,,,,,,,,,,,,,,,,,,,,,,,,,,,,,,,,,,1,EA,,,,,,,,,,,,,,,,,,,,,,,,,,,,,,,,,,,,,US,No,No
,,,,,,FF7011WN,,,,FF7011WN,FF7011WN,FF7011WN Speed Queen Washer Wh,-- Unbranded --,-- No Unilog Brand --,-- No DIB Brand --,Appliance Dealers Cooperative (APPDE),Appliance Dealers Cooperative,Appliance Dealers Cooperative,,FF7011WN,,,"Appliance Dealers Cooperative, Washing Machine, FF7011WN",WASHING MACHINE,"Appliance Dealers Cooperative, FF7011WN, Washing Machine",Appliance Dealers Cooperative Washing Machine,"Appliance Dealers Cooperative, Washing Machine",,,,,,,,,,,,,,,,,,,,,,,,,,,Washing Machine,Series,,,Model,,,Item Type,,,Voltage Rating,,,Amperage Rating,,,Dimensions,,,Mounting Type,,,Material,,,Color,,,Sound Level,,,Additional Information,,,,,,,,,,,,,,,,,,,,,,,,,,,,,,,,,,,,,,,,,,,,,,,,,,,,,,,,,,,,,,,,,,,,,,,,,,,,,,,,,,,,,,,,,,,,,,,,,,,,,,,,,,,,,,,,,,,,,,,,,,,,,,1,EA,,,,,,,,,,,,,,,,,,,,,,,,,,,,,,,,,,,,,US,No,No
,,,,,,PTD70GBPTDG,,,,PTD70GBPTDG,PTD70GBPTDG,PTD70GBPTDG GE Gas Dryer DG,-- Unbranded --,-- No Unilog Brand --,-- No DIB Brand --,Appliance Dealers Cooperative (APPDE),Appliance Dealers Cooperative,Appliance Dealers Cooperative,,PTD70GBPTDG,,,"Appliance Dealers Cooperative, Dryer, PTD70GBPTDG",DRYER,"Appliance Dealers Cooperative, PTD70GBPTDG, Dryer",Appliance Dealers Cooperative Dryer,"Appliance Dealers Cooperative, Dryer",,,,,,,,,,,,,,,,,,,,,,,,,,,Dryer,Series,,,Model,,,Item Type,,,Voltage Rating,,,Amperage Rating,,,Dimensions,,,Mounting Type,,,Material,,,Color,,,Sound Level,,,Additional Information,,,,,,,,,,,,,,,,,,,,,,,,,,,,,,,,,,,,,,,,,,,,,,,,,,,,,,,,,,,,,,,,,,,,,,,,,,,,,,,,,,,,,,,,,,,,,,,,,,,,,,,,,,,,,,,,,,,,,,,,,,,,,,1,EA,,,,,,,,,,,,,,,,,,,,,,,,,,,,,,,,,,,,,US,No,No
,,,,,,PTD70GBSTWS,,,,PTD70GBSTWS,PTD70GBSTWS,PTD70GBSTWS GE Gas Dryer Wh,-- Unbranded --,-- No Unilog Brand --,-- No DIB Brand --,Appliance Dealers Cooperative (APPDE),Appliance Dealers Cooperative,Appliance Dealers Cooperative,,PTD70GBSTWS,,,"Appliance Dealers Cooperative, Dryer, PTD70GBSTWS",DRYER,"Appliance Dealers Cooperative, PTD70GBSTWS, Dryer",Appliance Dealers Cooperative Dryer,"Appliance Dealers Cooperative, Dryer",,,,,,,,,,,,,,,,,,,,,,,,,,,Dryer,Series,,,Model,,,Item Type,,,Voltage Rating,,,Amperage Rating,,,Dimensions,,,Mounting Type,,,Material,,,Color,,,Sound Level,,,Additional Information,,,,,,,,,,,,,,,,,,,,,,,,,,,,,,,,,,,,,,,,,,,,,,,,,,,,,,,,,,,,,,,,,,,,,,,,,,,,,,,,,,,,,,,,,,,,,,,,,,,,,,,,,,,,,,,,,,,,,,,,,,,,,,1,EA,,,,,,,,,,,,,,,,,,,,,,,,,,,,,,,,,,,,,US,No,No
,,,,,,DR5004WG,,,,DR5004WG,DR5004WG,DR5004WG SQ Gas Dryer Wh,-- Unbranded --,-- No Unilog Brand --,-- No DIB Brand --,Appliance Dealers Cooperative (APPDE),Appliance Dealers Cooperative,Appliance Dealers Cooperative,,DR5004WG,,,"Appliance Dealers Cooperative, Dryer, DR5004WG",DRYER,"Appliance Dealers Cooperative, DR5004WG, Dryer",Appliance Dealers Cooperative Dryer,"Appliance Dealers Cooperative, Dryer",,,,,,,,,,,,,,,,,,,,,,,,,,,Dryer,Series,,,Model,,,Item Type,,,Voltage Rating,,,Amperage Rating,,,Dimensions,,,Mounting Type,,,Material,,,Color,,,Sound Level,,,Additional Information,,,,,,,,,,,,,,,,,,,,,,,,,,,,,,,,,,,,,,,,,,,,,,,,,,,,,,,,,,,,,,,,,,,,,,,,,,,,,,,,,,,,,,,,,,,,,,,,,,,,,,,,,,,,,,,,,,,,,,,,,,,,,,1,EA,,,,,,,,,,,,,,,,,,,,,,,,,,,,,,,,,,,,,US,No,No
,,,,,,DR7004BG,,,,DR7004BG,DR7004BG,DR7004BG SQ Gas Dryer Bk,-- Unbranded --,-- No Unilog Brand --,-- No DIB Brand --,Appliance Dealers Cooperative (APPDE),Appliance Dealers Cooperative,Appliance Dealers Cooperative,,DR7004BG,,,"Appliance Dealers Cooperative, Dryer, DR7004BG",DRYER,"Appliance Dealers Cooperative, DR7004BG, Dryer",Appliance Dealers Cooperative Dryer,"Appliance Dealers Cooperative, Dryer",,,,,,,,,,,,,,,,,,,,,,,,,,,Dryer,Series,,,Model,,,Item Type,,,Voltage Rating,,,Amperage Rating,,,Dimensions,,,Mounting Type,,,Material,,,Color,,,Sound Level,,,Additional Information,,,,,,,,,,,,,,,,,,,,,,,,,,,,,,,,,,,,,,,,,,,,,,,,,,,,,,,,,,,,,,,,,,,,,,,,,,,,,,,,,,,,,,,,,,,,,,,,,,,,,,,,,,,,,,,,,,,,,,,,,,,,,,1,EA,,,,,,,,,,,,,,,,,,,,,,,,,,,,,,,,,,,,,US,No,No
,,,,,,DR7004WG,,,,DR7004WG,DR7004WG,DR7004WG SQ Gas Dryer Wh,-- Unbranded --,-- No Unilog Brand --,-- No DIB Brand --,Appliance Dealers Cooperative (APPDE),Appliance Dealers Cooperative,Appliance Dealers Cooperative,,DR7004WG,,,"Appliance Dealers Cooperative, Dryer, DR7004WG",DRYER,"Appliance Dealers Cooperative, DR7004WG, Dryer",Appliance Dealers Cooperative Dryer,"Appliance Dealers Cooperative, Dryer",,,,,,,,,,,,,,,,,,,,,,,,,,,Dryer,Series,,,Model,,,Item Type,,,Voltage Rating,,,Amperage Rating,,,Dimensions,,,Mounting Type,,,Material,,,Color,,,Sound Level,,,Additional Information,,,,,,,,,,,,,,,,,,,,,,,,,,,,,,,,,,,,,,,,,,,,,,,,,,,,,,,,,,,,,,,,,,,,,,,,,,,,,,,,,,,,,,,,,,,,,,,,,,,,,,,,,,,,,,,,,,,,,,,,,,,,,,1,EA,,,,,,,,,,,,,,,,,,,,,,,,,,,,,,,,,,,,,US,No,No
,,,,,,DV2000WG,,,,DV2000WG,DV2000WG,DV2000WG SQ Gas Dryer Wh,-- Unbranded --,-- No Unilog Brand --,-- No DIB Brand --,Appliance Dealers Cooperative (APPDE),Appliance Dealers Cooperative,Appliance Dealers Cooperative,,DV2000WG,,,"Appliance Dealers Cooperative, Dryer, DV2000WG",DRYER,"Appliance Dealers Cooperative, DV2000WG, Dryer",Appliance Dealers Cooperative Dryer,"Appliance Dealers Cooperative, Dryer",,,,,,,,,,,,,,,,,,,,,,,,,,,Dryer,Series,,,Model,,,Item Type,,,Voltage Rating,,,Amperage Rating,,,Dimensions,,,Mounting Type,,,Material,,,Color,,,Sound Level,,,Additional Information,,,,,,,,,,,,,,,,,,,,,,,,,,,,,,,,,,,,,,,,,,,,,,,,,,,,,,,,,,,,,,,,,,,,,,,,,,,,,,,,,,,,,,,,,,,,,,,,,,,,,,,,,,,,,,,,,,,,,,,,,,,,,,1,EA,,,,,,,,,,,,,,,,,,,,,,,,,,,,,,,,,,,,,US,No,No
,,,,,,DC5004WG,,,,DC5004WG,DC5004WG,DC5004WG SQ Gas Dryer Wh,-- Unbranded --,-- No Unilog Brand --,-- No DIB Brand --,Appliance Dealers Cooperative (APPDE),Appliance Dealers Cooperative,Appliance Dealers Cooperative,,DC5004WG,,,"Appliance Dealers Cooperative, Dryer, DC5004WG",DRYER,"Appliance Dealers Cooperative, DC5004WG, Dryer",Appliance Dealers Cooperative Dryer,"Appliance Dealers Cooperative, Dryer",,,,,,,,,,,,,,,,,,,,,,,,,,,Dryer,Series,,,Model,,,Item Type,,,Voltage Rating,,,Amperage Rating,,,Dimensions,,,Mounting Type,,,Material,,,Color,,,Sound Level,,,Additional Information,,,,,,,,,,,,,,,,,,,,,,,,,,,,,,,,,,,,,,,,,,,,,,,,,,,,,,,,,,,,,,,,,,,,,,,,,,,,,,,,,,,,,,,,,,,,,,,,,,,,,,,,,,,,,,,,,,,,,,,,,,,,,,1,EA,,,,,,,,,,,,,,,,,,,,,,,,,,,,,,,,,,,,,US,No,No
,,,,,,DC5004BG,,,,DC5004BG,DC5004BG,DC5004BG SQ Gas Dryer Bk,-- Unbranded --,-- No Unilog Brand --,-- No DIB Brand --,Appliance Dealers Cooperative (APPDE),Appliance Dealers Cooperative,Appliance Dealers Cooperative,,DC5004BG,,,"Appliance Dealers Cooperative, Dryer, DC5004BG",DRYER,"Appliance Dealers Cooperative, DC5004BG, Dryer",Appliance Dealers Cooperative Dryer,"Appliance Dealers Cooperative, Dryer",,,,,,,,,,,,,,,,,,,,,,,,,,,Dryer,Series,,,Model,,,Item Type,,,Voltage Rating,,,Amperage Rating,,,Dimensions,,,Mounting Type,,,Material,,,Color,,,Sound Level,,,Additional Information,,,,,,,,,,,,,,,,,,,,,,,,,,,,,,,,,,,,,,,,,,,,,,,,,,,,,,,,,,,,,,,,,,,,,,,,,,,,,,,,,,,,,,,,,,,,,,,,,,,,,,,,,,,,,,,,,,,,,,,,,,,,,,1,EA,,,,,,,,,,,,,,,,,,,,,,,,,,,,,,,,,,,,,US,No,No
,,,,,,PTW705BSTWS,,,,PTW705BSTWS,PTW705BSTWS,PTW705BSTWS GE Washer Wh,-- Unbranded --,-- No Unilog Brand --,-- No DIB Brand --,Appliance Dealers Cooperative (APPDE),Appliance Dealers Cooperative,Appliance Dealers Cooperative,,PTW705BSTWS,,,"Appliance Dealers Cooperative, Washing Machine, PTW705BSTWS, Freestanding Mounti",WASHING MACHINE FRSTD,"Appliance Dealers Cooperative, PTW705BSTWS, Washing Machine, Freestanding Mounting","Appliance Dealers Cooperative Washing Machine, Freestanding Mounting","Appliance Dealers Cooperative, Washing Machine, Freestanding Mounting",,,,,,,,,,,,,,,,,,,,,,,,,,,Washing Machine,Series,,,Model,,,Item Type,,,Voltage Rating,,,Amperage Rating,,,Dimensions,,,Mounting Type,Freestanding,,Material,,,Color,,,Sound Level,,,Additional Information,,,,,,,,,,,,,,,,,,,,,,,,,,,,,,,,,,,,,,,,,,,,,,,,,,,,,,,,,,,,,,,,,,,,,,,,,,,,,,,,,,,,,,,,,,,,,,,,,,,,,,,,,,,,,,,,,,,,,,,,,,,,,,1,EA,,,,,,,,,,,,,,,,,,,,,,,,,,,,,,,,,,,,,US,No,No
,,,,,,MVWP586GW,,,,MVWP586GW,MVWP586GW,MVWP586GW Washer Wh - Display,-- Unbranded --,-- No Unilog Brand --,-- No DIB Brand --,Appliance Dealers Cooperative (APPDE),Appliance Dealers Cooperative,Appliance Dealers Cooperative,,MVWP586GW,,,"Appliance Dealers Cooperative, Washing Machine, MVWP586GW",WASHING MACHINE,"Appliance Dealers Cooperative, MVWP586GW, Washing Machine",Appliance Dealers Cooperative Washing Machine,"Appliance Dealers Cooperative, Washing Machine",,,,,,,,,,,,,,,,,,,,,,,,,,,Washing Machine,Series,,,Model,,,Item Type,,,Voltage Rating,,,Amperage Rating,,,Dimensions,,,Mounting Type,,,Material,,,Color,,,Sound Level,,,Additional Information,,,,,,,,,,,,,,,,,,,,,,,,,,,,,,,,,,,,,,,,,,,,,,,,,,,,,,,,,,,,,,,,,,,,,,,,,,,,,,,,,,,,,,,,,,,,,,,,,,,,,,,,,,,,,,,,,,,,,,,,,,,,,,1,EA,,,,,,,,,,,,,,,,,,,,,,,,,,,,,,,,,,,,,US,No,No
,,,,,,TV2000WN,,,,TV2000WN,TV2000WN,TV2000WN SQ Elect Washer,-- Unbranded --,-- No Unilog Brand --,-- No DIB Brand --,Appliance Dealers Cooperative (APPDE),Appliance Dealers Cooperative,Appliance Dealers Cooperative,,TV2000WN,,,"Appliance Dealers Cooperative, Washing Machine, TV2000WN",WASHING MACHINE,"Appliance Dealers Cooperative, TV2000WN, Washing Machine",Appliance Dealers Cooperative Washing Machine,"Appliance Dealers Cooperative, Washing Machine",,,,,,,,,,,,,,,,,,,,,,,,,,,Washing Machine,Series,,,Model,,,Item Type,,,Voltage Rating,,,Amperage Rating,,,Dimensions,,,Mounting Type,,,Material,,,Color,,,Sound Level,,,Additional Information,,,,,,,,,,,,,,,,,,,,,,,,,,,,,,,,,,,,,,,,,,,,,,,,,,,,,,,,,,,,,,,,,,,,,,,,,,,,,,,,,,,,,,,,,,,,,,,,,,,,,,,,,,,,,,,,,,,,,,,,,,,,,,1,EA,,,,,,,,,,,,,,,,,,,,,,,,,,,,,,,,,,,,,US,No,No
,,,,,,TC5003BN,,,,TC5003BN,TC5003BN,TC5003BN SQ Washer Bk,-- Unbranded --,-- No Unilog Brand --,-- No DIB Brand --,Appliance Dealers Cooperative (APPDE),Appliance Dealers Cooperative,Appliance Dealers Cooperative,,TC5003BN,,,"Appliance Dealers Cooperative, Washing Machine, TC5003BN",WASHING MACHINE,"Appliance Dealers Cooperative, TC5003BN, Washing Machine",Appliance Dealers Cooperative Washing Machine,"Appliance Dealers Cooperative, Washing Machine",,,,,,,,,,,,,,,,,,,,,,,,,,,Washing Machine,Series,,,Model,,,Item Type,,,Voltage Rating,,,Amperage Rating,,,Dimensions,,,Mounting Type,,,Material,,,Color,,,Sound Level,,,Additional Information,,,,,,,,,,,,,,,,,,,,,,,,,,,,,,,,,,,,,,,,,,,,,,,,,,,,,,,,,,,,,,,,,,,,,,,,,,,,,,,,,,,,,,,,,,,,,,,,,,,,,,,,,,,,,,,,,,,,,,,,,,,,,,1,EA,,,,,,,,,,,,,,,,,,,,,,,,,,,,,,,,,,,,,US,No,No
,,,,,,TR7006WN,,,,TR7006WN,TR7006WN,TR7006WN Speed Queen Washer Wh,-- Unbranded --,-- No Unilog Brand --,-- No DIB Brand --,Appliance Dealers Cooperative (APPDE),Appliance Dealers Cooperative,Appliance Dealers Cooperative,,TR7006WN,,,"Appliance Dealers Cooperative, Washing Machine, TR7006WN",WASHING MACHINE,"Appliance Dealers Cooperative, TR7006WN, Washing Machine",Appliance Dealers Cooperative Washing Machine,"Appliance Dealers Cooperative, Washing Machine",,,,,,,,,,,,,,,,,,,,,,,,,,,Washing Machine,Series,,,Model,,,Item Type,,,Voltage Rating,,,Amperage Rating,,,Dimensions,,,Mounting Type,,,Material,,,Color,,,Sound Level,,,Additional Information,,,,,,,,,,,,,,,,,,,,,,,,,,,,,,,,,,,,,,,,,,,,,,,,,,,,,,,,,,,,,,,,,,,,,,,,,,,,,,,,,,,,,,,,,,,,,,,,,,,,,,,,,,,,,,,,,,,,,,,,,,,,,,1,EA,,,,,,,,,,,,,,,,,,,,,,,,,,,,,,,,,,,,,US,No,No
,,,,,,TR7006BN,,,,TR7006BN,TR7006BN,TR7006BN Speed Queen Washer Bk,-- Unbranded --,-- No Unilog Brand --,-- No DIB Brand --,Appliance Dealers Cooperative (APPDE),Appliance Dealers Cooperative,Appliance Dealers Cooperative,,TR7006BN,,,"Appliance Dealers Cooperative, Washing Machine, TR7006BN",WASHING MACHINE,"Appliance Dealers Cooperative, TR7006BN, Washing Machine",Appliance Dealers Cooperative Washing Machine,"Appliance Dealers Cooperative, Washing Machine",,,,,,,,,,,,,,,,,,,,,,,,,,,Washing Machine,Series,,,Model,,,Item Type,,,Voltage Rating,,,Amperage Rating,,,Dimensions,,,Mounting Type,,,Material,,,Color,,,Sound Level,,,Additional Information,,,,,,,,,,,,,,,,,,,,,,,,,,,,,,,,,,,,,,,,,,,,,,,,,,,,,,,,,,,,,,,,,,,,,,,,,,,,,,,,,,,,,,,,,,,,,,,,,,,,,,,,,,,,,,,,,,,,,,,,,,,,,,1,EA,,,,,,,,,,,,,,,,,,,,,,,,,,,,,,,,,,,,,US,No,No
,,,,,,TR5006WN,,,,TR5006WN,TR5006WN,TR5006WN Speed Queen Washer Wh,-- Unbranded --,-- No Unilog Brand --,-- No DIB Brand --,Appliance Dealers Cooperative (APPDE),Appliance Dealers Cooperative,Appliance Dealers Cooperative,,TR5006WN,,,"Appliance Dealers Cooperative, Washing Machine, TR5006WN",WASHING MACHINE,"Appliance Dealers Cooperative, TR5006WN, Washing Machine",Appliance Dealers Cooperative Washing Machine,"Appliance Dealers Cooperative, Washing Machine",,,,,,,,,,,,,,,,,,,,,,,,,,,Washing Machine,Series,,,Model,,,Item Type,,,Voltage Rating,,,Amperage Rating,,,Dimensions,,,Mounting Type,,,Material,,,Color,,,Sound Level,,,Additional Information,,,,,,,,,,,,,,,,,,,,,,,,,,,,,,,,,,,,,,,,,,,,,,,,,,,,,,,,,,,,,,,,,,,,,,,,,,,,,,,,,,,,,,,,,,,,,,,,,,,,,,,,,,,,,,,,,,,,,,,,,,,,,,1,EA,,,,,,,,,,,,,,,,,,,,,,,,,,,,,,,,,,,,,US,No,No
https://www.kleintools.com/product/05134545001,,,,,,05134545001,,,,05134545001,05134545001,9516 Kneeling Pad& Bttl Opener,-- Unbranded --,-- No Unilog Brand --,-- No DIB Brand --,Wera Tools NA Inc (WERTO),Klein Tools Inc.,KLEIN TOOLS®,,05134545001,,,"KLEIN TOOLS®, General Commercial, 05134545001",GENERAL COMMERCIAL,"KLEIN TOOLS®, 05134545001, General Commercial",KLEIN TOOLS® General Commercial,"KLEIN TOOLS®, General Commercial",,,,,,,,,,,,,,,,,,,,,,,,,,,General Commercial,Series,,,Model,,,Item Type,,,Voltage Rating,,,Amperage Rating,,,Dimensions,,,Mounting Type,,,Material,,,Color,,,Sound Level,,,Additional Information,,,,,,,,,,,,,,,,,,,,,,,,,,,,,,,,,,,,,,,,,,,,,,,,,,,,,,,,,,,,,,,,,,,,,,,,,,,,,,,,,,,,,,,,,,,,,,,,,,,,,,,,,,,,,,,,,,,,,,,,,,,,,,1,EA,,,,,,,,,,,,,,,,,,,,,,,,,,,,,,,,,,,,,US,No,No
,,,,,,LNL65301,,,,LNL65301,LNL65301,LNL65301 Digital Tire Pressure - Inflator Gauge,-- Unbranded --,-- No Unilog Brand --,-- No DIB Brand --,-,-,-,,LNL65301,,,"-, Digital Tire Pressure Gauge, LNL65301",DIGITAL TIRE PRESSURE GAUGE,"-, LNL65301, Digital Tire Pressure Gauge",- Digital Tire Pressure Gauge,"-, Digital Tire Pressure Gauge",,,,,,,,,,,,,,,,,,,,,,,,,,,Digital Tire Pressure Gauge,Series,,,Model,,,Item Type,,,Voltage Rating,,,Amperage Rating,,,Dimensions,,,Mounting Type,,,Material,,,Color,,,Sound Level,,,Additional Information,,,,,,,,,,,,,,,,,,,,,,,,,,,,,,,,,,,,,,,,,,,,,,,,,,,,,,,,,,,,,,,,,,,,,,,,,,,,,,,,,,,,,,,,,,,,,,,,,,,,,,,,,,,,,,,,,,,,,,,,,,,,,,1,EA,,,,,,,,,,,,,,,,,,,,,,,,,,,,,,,,,,,,,US,No,No
,,,,,,25-A,,,,,25-A,Charcoal Black 25-A Mortar - Type N,,,,Rees Cast Stone Company (REECA),Rees Cast Stone Company (REECA),Rees Cast Stone Company (REECA),,25-A,,,Rees Cast Stone Company (REECA) Charcoal Black 25-A Mortar -,REES CAS CHARCOAL BLACK  25-A,,,,,,,,,,,,,,,,,,,,,,,,,,,,,,Charcoal Black 25-A Mortar - T,,,,,,,,,,,,,,,,,,,,,,,,,,,,,,,,,,,,,,,,,,,,,,,,,,,,,,,,,,,,,,,,,,,,,,,,,,,,,,,,,,,,,,,,,,,,,,,,,,,,,,,,,,,,,,,,,,,,,,,,,,,,,,,,,,,,,,,,,,,,,,,,,,,,,,,,,,,,,,,,,,,,,,,,,,,,,,,,,,,,,,,,,,,,,,,,,,,,,No
,,,,,,38-E,,,,38-E,38-E,Dark Chocolate 38-E Mortar - Type N,-- Unbranded --,-- No Unilog Brand --,-- No DIB Brand --,Rees Cast Stone Company (REECA),Rees Cast Stone Company,Rees Cast Stone Company,,38-E,,,"Rees Cast Stone Company, Mortar, 38-E",MORTAR,"Rees Cast Stone Company, 38-E, Mortar",Rees Cast Stone Company Mortar,"Rees Cast Stone Company, Mortar",,,,,,,,,,,,,,,,,,,,,,,,,,,Mortar,Series,,,Model,,,Item Type,,,Voltage Rating,,,Amperage Rating,,,Dimensions,,,Mounting Type,,,Material,,,Color,,,Sound Level,,,Additional Information,,,,,,,,,,,,,,,description,Dark Chocolate 38-E Mortar - Type N,,manufacturer_part_number,38-E,,supplier_manufacturer,Rees Cast Stone Company,,catalog_category,General Commercial,,,,,,,,,,,,,,,,,,,,,,,,,,,,,,,,,,,,,,,,,,,,,,,,,,,,,,,,,,,,,,,,,,,,,,,,,,,,,,,,,,,,,,,,,,,,,,,,,,,,,1,EA,,,,,,,,,,,,,,,,,,,,,,,,,,,,,,,,,,,,,US,No,No
https://www.ustape.com/product/59-J,,,,,,59-J,,,,59-J,59-J,Light Buff 59-J Mortar - Type N,-- Unbranded --,-- No Unilog Brand --,-- No DIB Brand --,Rees Cast Stone Company (REECA),U.S. Tape Company,U.S. TAPE®,,59-J,,,"U.S. TAPE®, Mortar, 59-J",MORTAR,"U.S. TAPE®, 59-J, Mortar",U.S. TAPE® Mortar,"U.S. TAPE®, Mortar",,,,,,,,,,,,,,,,,,,,,,,,,,,Mortar,Series,,,Model,,,Item Type,,,Voltage Rating,,,Amperage Rating,,,Dimensions,,,Mounting Type,,,Material,,,Color,,,Sound Level,,,Additional Information,,,,,,,,,,,,,,,,,,,,,,,,,,,,,,,,,,,,,,,,,,,,,,,,,,,,,,,,,,,,,,,,,,,,,,,,,,,,,,,,,,,,,,,,,,,,,,,,,,,,,,,,,,,,,,,,,,,,,,,,,,,,,,1,EA,,,,,,,,,,,,,,,,,,,,,,,,,,,,,,,,,,,,,US,No,No
,,,,,,44-A,,,,44-A,44-A,Light Chocolate 44-A Mortar - Type N,-- Unbranded --,-- No Unilog Brand --,-- No DIB Brand --,Rees Cast Stone Company (REECA),Rees Cast Stone Company,Rees Cast Stone Company,,44-A,,,"Rees Cast Stone Company, Mortar, 44-A",MORTAR,"Rees Cast Stone Company, 44-A, Mortar",Rees Cast Stone Company Mortar,"Rees Cast Stone Company, Mortar",,,,,,,,,,,,,,,,,,,,,,,,,,,Mortar,Series,,,Model,,,Item Type,,,Voltage Rating,,,Amperage Rating,,,Dimensions,,,Mounting Type,,,Material,,,Color,,,Sound Level,,,Additional Information,,,,,,,,,,,,,,,description,Light Chocolate 44-A Mortar - Type N,,manufacturer_part_number,44-,A,supplier_manufacturer,Rees Cast Stone Company,,catalog_category,General Commercial,,,,,,,,,,,,,,,,,,,,,,,,,,,,,,,,,,,,,,,,,,,,,,,,,,,,,,,,,,,,,,,,,,,,,,,,,,,,,,,,,,,,,,,,,,,,,,,,,,,,,1,EA,,,,,,,,,,,,,,,,,,,,,,,,,,,,,,,,,,,,,US,No,No
,,,,,,543302126,,,,543302126,543302126,6' Wh Select T-Rail Kit Horiz - w/Sq Composite Balusters,-- Unbranded --,-- No Unilog Brand --,-- No DIB Brand --,U S Lumber (3073),U S Lumber,U S Lumber,,543302126,,,"U S Lumber, T-Rail Kit, 543302126, Composite",T-RAIL KIT COMPOSITE 6 FT,"U S Lumber, 543302126, T-Rail Kit, Composite","U S Lumber T-Rail Kit, 6 ft, Composite","U S Lumber, T-Rail Kit, Composite",,,,,,,,,,,,,,,,,,,,,,,,,,,T-Rail Kit,Series,,,Model,,,Item Type,,,Voltage Rating,,,Amperage Rating,,,Dimensions,6 ft,,Mounting Type,,,Material,Composite,,Color,,,Sound Level,,,Additional Information,,,,,,,,,,,,,,,Length,6',,Baluster Type,Sq Composite Balusters,,Select,Wh Select,,,,,,,,,,,,,,,,,,,,,,,,,,,,,,,,,,,,,,,,,,,,,,,,,,,,,,,,,,,,,,,,,,,,,,,,,,,,,,,,,,,,,,,,,,,,,,,,,,,,,,,,1,EA,,,,,,,,,,,,,,,,,,,,,,,,,,,,,,,,,,,,,US,No,No
,,,,,,543302146,,,,543302146,543302146,8' Wh Select T-Rail Kit Horiz - w/Sq Composite Balusters,-- Unbranded --,-- No Unilog Brand --,-- No DIB Brand --,U S Lumber (3073),U S Lumber,U S Lumber,,543302146,,,"U S Lumber, T-Rail Kit, 543302146, Composite",T-RAIL KIT COMPOSITE 8 FT,"U S Lumber, 543302146, T-Rail Kit, Composite","U S Lumber T-Rail Kit, 8 ft, Composite","U S Lumber, T-Rail Kit, Composite",,,,,,,,,,,,,,,,,,,,,,,,,,,T-Rail Kit,Series,,,Model,,,Item Type,,,Voltage Rating,,,Amperage Rating,,,Dimensions,8 ft,,Mounting Type,,,Material,Composite,,Color,,,Sound Level,,,Additional Information,,,,,,,,,,,,,,,Baluster Type,Sq Composite Balusters,,Length,8',,Configuration,Select T-Rail Kit,,,,,,,,,,,,,,,,,,,,,,,,,,,,,,,,,,,,,,,,,,,,,,,,,,,,,,,,,,,,,,,,,,,,,,,,,,,,,,,,,,,,,,,,,,,,,,,,,,,,,,,,1,EA,,,,,,,,,,,,,,,,,,,,,,,,,,,,,,,,,,,,,US,No,No
,,,,,,73019603,Tools & Hardware,Abrasives,Cutting Discs,73019603,73019603,Finyline Wh 6' Fl Rail Kit Sq,-- Unbranded --,-- No Unilog Brand --,-- No DIB Brand --,-,-,-,,73019603,,Tools & Hardware>Abrasives>Cutting & Grinding Discs,"-, Flap Disc, 73019603, Stainless Steel",FLAP DISC 6 FT SST,"-, 73019603, Flap Disc, Stainless Steel","- Flap Disc, 6 ft, Stainless Steel","-, Flap Disc, Stainless Steel",,,,,,,,,,,,,,,,,,,,,,,,,,,Flap Disc,Item Type,,,Dimensions,6 ft,,Grit,,,Arbor Size,,,Abrasive Material,Stainless Steel,,Pack Quantity,,,Additional Information,,,,,,,,,,,,,,,,,,,,,,,,,,,Rail Kit,Wh,,Shape,Sq,,,,,,,,,,,,,,,,,,,,,,,,,,,,,,,,,,,,,,,,,,,,,,,,,,,,,,,,,,,,,,,,,,,,,,,,,,,,,,,,,,,,,,,,,,,,,,,,,,,,,,,,,,,1,EA,,,,,,,,,,,,,,,,,,,,,,,,,,,,,,,,,,,,,US,No,No
,,,,,,73019652,Tools & Hardware,Abrasives,Cutting Discs,73019652,73019652,Finyline Wh 8' Fl Rail Kit Sq,-- Unbranded --,-- No Unilog Brand --,-- No DIB Brand --,-,-,-,,73019652,,Tools & Hardware>Abrasives>Cutting & Grinding Discs,"-, Flap Disc, 73019652, Aluminum",FLAP DISC 8 FT ALUM,"-, 73019652, Flap Disc, Aluminum","- Flap Disc, 8 ft, Aluminum","-, Flap Disc, Aluminum",,,,,,,,,,,,,,,,,,,,,,,,,,,Flap Disc,Item Type,,,Dimensions,8 ft,,Grit,,,Arbor Size,,,Abrasive Material,Aluminum,,Pack Quantity,,,Additional Information,,,,,,,,,,,,,,,,,,,,,,,,,,,,,,,,,,,,,,,,,,,,,,,,,,,,,,,,,,,,,,,,,,,,,,,,,,,,,,,,,,,,,,,,,,,,,,,,,,,,,,,,,,,,,,,,,,,,,,,,,,,,,,,,,,,,,,,,,,1,EA,,,,,,,,,,,,,,,,,,,,,,,,,,,,,,,,,,,,,US,No,No
,,,,,,73019517,Tools & Hardware,Abrasives,Cutting Discs,73019517,73019517,Finyline Wh 10' Fl Rail Kit Sq,-- Unbranded --,-- No Unilog Brand --,-- No DIB Brand --,-,-,-,,73019517,,Tools & Hardware>Abrasives>Cutting & Grinding Discs,"-, Flap Disc, 73019517",FLAP DISC,"-, 73019517, Flap Disc",- Flap Disc,"-, Flap Disc",,,,,,,,,,,,,,,,,,,,,,,,,,,Flap Disc,Item Type,,,Dimensions,,,Grit,,,Arbor Size,,,Abrasive Material,,,Pack Quantity,,,Additional Information,,,,,,,,,,,,,,,,,,,,,,,,,,,description,Finyline Wh 10' Fl Rail Kit Sq,,manufacturer_part_number,73019517,,supplier_manufacturer,-,,catalog_category,General Commercial,,,,,,,,,,,,,,,,,,,,,,,,,,,,,,,,,,,,,,,,,,,,,,,,,,,,,,,,,,,,,,,,,,,,,,,,,,,,,,,,,,,,,,,,,,,,,,,,,,,,,1,EA,,,,,,,,,,,,,,,,,,,,,,,,,,,,,,,,,,,,,US,No,No
,,,,,,73019602,,,,73019602,73019602,Finyline Wh 6' Fl Rail Kit Rd - w/Black Alum Balusters,-- Unbranded --,-- No Unilog Brand --,-- No DIB Brand --,-,-,-,,73019602,,,"-, Rail Kit, 73019602, Aluminum",RAIL KIT ALUM,"-, 73019602, Rail Kit, Aluminum","- Rail Kit, Aluminum","-, Rail Kit, Aluminum",,,,,,,,,,,,,,,,,,,,,,,,,,,Rail Kit,Series,,,Model,,,Item Type,,,Voltage Rating,,,Amperage Rating,,,Dimensions,,,Mounting Type,,,Material,Aluminum,,Color,,,Sound Level,,,Additional Information,,,,,,,,,,,,,,,description,Finyline Wh 6' Fl Rail Kit Rd - w/Black Alum Balusters,,manufacturer_part_number,73019602,,supplier_manufacturer,-,,catalog_category,General Commercial,,,,,,,,,,,,,,,,,,,,,,,,,,,,,,,,,,,,,,,,,,,,,,,,,,,,,,,,,,,,,,,,,,,,,,,,,,,,,,,,,,,,,,,,,,,,,,,,,,,,,1,EA,,,,,,,,,,,,,,,,,,,,,,,,,,,,,,,,,,,,,US,No,No
,,,,,,73019651,,,,73019651,73019651,Finyline Wh 8' Fl Rail Kit Rd - w/Black Alum Balusters,-- Unbranded --,-- No Unilog Brand --,-- No DIB Brand --,-,-,-,,73019651,,,"-, Rail Kit, 73019651, Aluminum",RAIL KIT ALUM,"-, 73019651, Rail Kit, Aluminum","- Rail Kit, Aluminum","-, Rail Kit, Aluminum",,,,,,,,,,,,,,,,,,,,,,,,,,,Rail Kit,Series,,,Model,,,Item Type,,,Voltage Rating,,,Amperage Rating,,,Dimensions,,,Mounting Type,,,Material,Aluminum,,Color,,,Sound Level,,,Additional Information,,,,,,,,,,,,,,,description,Finyline Wh 8' Fl Rail Kit Rd - w/Black Alum Balusters,,manufacturer_part_number,73019651,,supplier_manufacturer,-,,catalog_category,General Commercial,,,,,,,,,,,,,,,,,,,,,,,,,,,,,,,,,,,,,,,,,,,,,,,,,,,,,,,,,,,,,,,,,,,,,,,,,,,,,,,,,,,,,,,,,,,,,,,,,,,,,1,EA,,,,,,,,,,,,,,,,,,,,,,,,,,,,,,,,,,,,,US,No,No
,,,,,,73019516,,,,73019516,73019516,Finyline Wh 10' Fl Rail Kit Rd - w/Black Alum Balusters,-- Unbranded --,-- No Unilog Brand --,-- No DIB Brand --,-,-,-,,73019516,,,"-, Fl Rail Kit, 73019516, Aluminum",FL RAIL KIT ALUM,"-, 73019516, Fl Rail Kit, Aluminum","- Fl Rail Kit, Aluminum","-, Fl Rail Kit, Aluminum",,,,,,,,,,,,,,,,,,,,,,,,,,,Fl Rail Kit,Series,,,Model,,,Item Type,,,Voltage Rating,,,Amperage Rating,,,Dimensions,,,Mounting Type,,,Material,Aluminum,,Color,,,Sound Level,,,Additional Information,,,,,,,,,,,,,,,description,Finyline Wh 10' Fl Rail Kit Rd - w/Black Alum Balusters,,manufacturer_part_number,73019516,,supplier_manufacturer,-,,catalog_category,General Commercial,,,,,,,,,,,,,,,,,,,,,,,,,,,,,,,,,,,,,,,,,,,,,,,,,,,,,,,,,,,,,,,,,,,,,,,,,,,,,,,,,,,,,,,,,,,,,,,,,,,,,1,EA,,,,,,,,,,,,,,,,,,,,,,,,,,,,,,,,,,,,,US,No,No
https://www.bc.com/product/543300256,,,,,,543300256,,,,543300256,543300256,6' Black Select Classic Horiz - Rail w/Rnd Black Alum Baluster,-- Unbranded --,-- No Unilog Brand --,-- No DIB Brand --,Boise Cascade Building Materials (BOICA),Boise Cascade Building Materials,Boise Cascade Building Materials,,543300256,,,"Boise Cascade Building Materials, Rail, 543300256, Aluminum",RAIL ALUM 6 FT,"Boise Cascade Building Materials, 543300256, Rail, Aluminum","Boise Cascade Building Materials Rail, 6 ft, Aluminum","Boise Cascade Building Materials, Rail, Aluminum",,,,,,,,,,,,,,,,,,,,,,,,,,,Rail,Series,,,Model,,,Item Type,,,Voltage Rating,,,Amperage Rating,,,Dimensions,6 ft,,Mounting Type,,,Material,Aluminum,,Color,Black,,Sound Level,,,Additional Information,,,,,,,,,,,,,,,baluster_shape,Rnd,,baluster_material,Alum,,,,,,,,,,,,,,,,,,,,,,,,,,,,,,,,,,,,,,,,,,,,,,,,,,,,,,,,,,,,,,,,,,,,,,,,,,,,,,,,,,,,,,,,,,,,,,,,,,,,,,,,,,,1,EA,,,,,,,,,,,,,,,,,,,,,,,,,,,,,,,,,,,,,US,No,No
https://www.bc.com/product/543300276,,,,,,543300276,,,,543300276,543300276,8' Black Select Classic Horiz - Rail w/Rnd Black Alum Baluster,-- Unbranded --,-- No Unilog Brand --,-- No DIB Brand --,Boise Cascade Building Materials (BOICA),Boise Cascade Building Materials,Boise Cascade Building Materials,,543300276,,,"Boise Cascade Building Materials, Rail, 543300276, Aluminum",RAIL ALUM 8 FT,"Boise Cascade Building Materials, 543300276, Rail, Aluminum","Boise Cascade Building Materials Rail, 8 ft, Aluminum","Boise Cascade Building Materials, Rail, Aluminum",,,,,,,,,,,,,,,,,,,,,,,,,,,Rail,Series,,,Model,,,Item Type,,,Voltage Rating,,,Amperage Rating,,,Dimensions,8 ft,,Mounting Type,,,Material,Aluminum,,Color,Black,,Sound Level,,,Additional Information,,,,,,,,,,,,,,,style,Select Classic Horiz,,baluster_type,Rnd Black Alum,,,,,,,,,,,,,,,,,,,,,,,,,,,,,,,,,,,,,,,,,,,,,,,,,,,,,,,,,,,,,,,,,,,,,,,,,,,,,,,,,,,,,,,,,,,,,,,,,,,,,,,,,,,1,EA,,,,,,,,,,,,,,,,,,,,,,,,,,,,,,,,,,,,,US,No,No
,,,,,,73045028,,,,73045028,73045028,Custom Finyline Wh Gate Sq Bal,-- Unbranded --,-- No Unilog Brand --,-- No DIB Brand --,-,-,-,,73045028,,,"-, Gate Valve, 73045028",GATE VALVE,"-, 73045028, Gate Valve",- Gate Valve,"-, Gate Valve",,,,,,,,,,,,,,,,,,,,,,,,,,,Gate Valve,Series,,,Model,,,Item Type,,,Voltage Rating,,,Amperage Rating,,,Dimensions,,,Mounting Type,,,Material,,,Color,,,Sound Level,,,Additional Information,,,,,,,,,,,,,,,Custom Finyline,Wh Gate Sq Bal,,Manufacturer Part Number,73045028,,Supplier / Manufacturer,-,,Catalog Category,General Commercial,,,,,,,,,,,,,,,,,,,,,,,,,,,,,,,,,,,,,,,,,,,,,,,,,,,,,,,,,,,,,,,,,,,,,,,,,,,,,,,,,,,,,,,,,,,,,,,,,,,,,1,EA,,,,,,,,,,,,,,,,,,,,,,,,,,,,,,,,,,,,,US,No,No
,,,,,,73045031,,,,73045031,73045031,Custom Finyline Wh Gate Rd - w/Black Alum Balusters,-- Unbranded --,-- No Unilog Brand --,-- No DIB Brand --,-,-,-,,73045031,,,"-, Commercial Product, 73045031, Aluminum",COMMERCIAL PRODUCT ALUM,"-, 73045031, Commercial Product, Aluminum","- Commercial Product, Aluminum","-, Commercial Product, Aluminum",,,,,,,,,,,,,,,,,,,,,,,,,,,"-, Commercial Product, Aluminum",Series,,,Model,,,Item Type,,,Voltage Rating,,,Amperage Rating,,,Dimensions,,,Mounting Type,,,Material,Aluminum,,Color,,,Sound Level,,,Additional Information,,,,,,,,,,,,,,,description,Custom Finyline Wh Gate Rd - w/Black Alum Balusters,,manufacturer_part_number,73045031,,supplier_manufacturer,-,,catalog_category,General Commercial,,,,,,,,,,,,,,,,,,,,,,,,,,,,,,,,,,,,,,,,,,,,,,,,,,,,,,,,,,,,,,,,,,,,,,,,,,,,,,,,,,,,,,,,,,,,,,,,,,,,,1,EA,,,,,,,,,,,,,,,,,,,,,,,,,,,,,,,,,,,,,US,No,No
https://www.bc.com/product/543340126,,,,,,543340126,,,,543340126,543340126,"6'x36"" Select Alm w/Sq Bal Hor - Assembled Black Rail Panel",-- Unbranded --,-- No Unilog Brand --,-- No DIB Brand --,Boise Cascade Building Materials (BOICA),Boise Cascade Building Materials,Boise Cascade Building Materials,,543340126,,,"Boise Cascade Building Materials, Luminaire, 543340126, Built-In Mounting, Alumi",LUMINAIRE BLTLN ALUM 6 FTX36,"Boise Cascade Building Materials, 543340126, Luminaire, Built-In Mounting, Aluminum","Boise Cascade Building Materials Luminaire, Built-In Mounting, 6 ftx36, Aluminum","Boise Cascade Building Materials, Luminaire, Built-In Mounting, Aluminum",,,,,,,,,,,,,,,,,,,,,,,,,,,Luminaire,Series,,,Model,,,Item Type,,,Voltage Rating,,,Amperage Rating,,,Dimensions,6 ftx36,,Mounting Type,Built-In,,Material,Aluminum,,Color,,,Sound Level,,,Additional Information,,,,,,,,,,,,,,,description,Select Alm w/Sq Bal Hor - Assembled Black Rail Panel,,category,General Commercial,,,,,,,,,,,,,,,,,,,,,,,,,,,,,,,,,,,,,,,,,,,,,,,,,,,,,,,,,,,,,,,,,,,,,,,,,,,,,,,,,,,,,,,,,,,,,,,,,,,,,,,,,,,1,EA,,,,,,,,,,,,,,,,,,,,,,,,,,,,,,,,,,,,,US,No,No
https://www.bc.com/product/543340127,,,,,,543340127,Tools & Hardware,Abrasives,Cutting Discs,543340127,543340127,"6'x36"" Select Alm w/Sq Bal Str - Assembled Black Rail Panel",-- Unbranded --,-- No Unilog Brand --,-- No DIB Brand --,Boise Cascade Building Materials (BOICA),Boise Cascade Building Materials,Boise Cascade Building Materials,,543340127,,Tools & Hardware>Abrasives>Cutting & Grinding Discs,"Boise Cascade Building Materials, Cut-Off Disc, 543340127, Aluminum",CUT-OFF DISC 6 FTX36 ALUM,"Boise Cascade Building Materials, 543340127, Cut-Off Disc, Aluminum","Boise Cascade Building Materials Cut-Off Disc, 6 ftx36, Aluminum","Boise Cascade Building Materials, Cut-Off Disc, Aluminum",,,,,,,,,,,,,,,,,,,,,,,,,,,Cut-Off Disc,Item Type,,,Dimensions,6 ftx36,,Grit,,,Arbor Size,,,Abrasive Material,Aluminum,,Pack Quantity,,,Additional Information,,,,,,,,,,,,,,,,,,,,,,,,,,,description,Select Alm w/Sq Bal Str - Assembled Black Rail Panel,,category,General Commercial,,,,,,,,,,,,,,,,,,,,,,,,,,,,,,,,,,,,,,,,,,,,,,,,,,,,,,,,,,,,,,,,,,,,,,,,,,,,,,,,,,,,,,,,,,,,,,,,,,,,,,,,,,,1,EA,,,,,,,,,,,,,,,,,,,,,,,,,,,,,,,,,,,,,US,No,No
https://www.bc.com/product/543340146,,,,,,543340146,,,,543340146,543340146,"8'x36"" Select Alm w/Sq Bal Hor - Assembled Black Rail Panel",-- Unbranded --,-- No Unilog Brand --,-- No DIB Brand --,Boise Cascade Building Materials (BOICA),Boise Cascade Building Materials,Boise Cascade Building Materials,,543340146,,,"Boise Cascade Building Materials, Luminaire, 543340146, Built-In Mounting, Alumi",LUMINAIRE BLTLN ALUM 8 FTX36,"Boise Cascade Building Materials, 543340146, Luminaire, Built-In Mounting, Aluminum","Boise Cascade Building Materials Luminaire, Built-In Mounting, 8 ftx36, Aluminum","Boise Cascade Building Materials, Luminaire, Built-In Mounting, Aluminum",,,,,,,,,,,,,,,,,,,,,,,,,,,Luminaire,Series,,,Model,,,Item Type,,,Voltage Rating,,,Amperage Rating,,,Dimensions,8 ftx36,,Mounting Type,Built-In,,Material,Aluminum,,Color,,,Sound Level,,,Additional Information,,,,,,,,,,,,,,,description,"8'x36"" Select Alm w/Sq Bal Hor - Assembled Black Rail Panel",,category,General Commercial,,rail_color,Black,,panel_type,Assembled,,,,,,,,,,,,,,,,,,,,,,,,,,,,,,,,,,,,,,,,,,,,,,,,,,,,,,,,,,,,,,,,,,,,,,,,,,,,,,,,,,,,,,,,,,,,,,,,,,,,,1,EA,,,,,,,,,,,,,,,,,,,,,,,,,,,,,,,,,,,,,US,No,No
https://www.bc.com/product/543340147,,,,,,543340147,Tools & Hardware,Abrasives,Cutting Discs,543340147,543340147,"8'x36"" Select Alm w/Sq Bal Str - Assembled Black Rail Panel",-- Unbranded --,-- No Unilog Brand --,-- No DIB Brand --,Boise Cascade Building Materials (BOICA),Boise Cascade Building Materials,Boise Cascade Building Materials,,543340147,,Tools & Hardware>Abrasives>Cutting & Grinding Discs,"Boise Cascade Building Materials, Cut-Off Disc, 543340147, Aluminum",CUT-OFF DISC 8 FTX36 ALUM,"Boise Cascade Building Materials, 543340147, Cut-Off Disc, Aluminum","Boise Cascade Building Materials Cut-Off Disc, 8 ftx36, Aluminum","Boise Cascade Building Materials, Cut-Off Disc, Aluminum",,,,,,,,,,,,,,,,,,,,,,,,,,,Cut-Off Disc,Item Type,,,Dimensions,8 ftx36,,Grit,,,Arbor Size,,,Abrasive Material,Aluminum,,Pack Quantity,,,Additional Information,,,,,,,,,,,,,,,,,,,,,,,,,,,description,Select Alm w/Sq Bal Str - Assembled Black Rail Panel,,category,General Commercial,,,,,,,,,,,,,,,,,,,,,,,,,,,,,,,,,,,,,,,,,,,,,,,,,,,,,,,,,,,,,,,,,,,,,,,,,,,,,,,,,,,,,,,,,,,,,,,,,,,,,,,,,,,1,EA,,,,,,,,,,,,,,,,,,,,,,,,,,,,,,,,,,,,,US,No,No
https://www.edgeeyewear.com/product/ADB15516CS,,,,,,ADB15516CS,,,,ADB15516CS,ADB15516CS,1x6-16' Coastline Sq Edge - Vintage Azek PVC Decking,-- Unbranded --,-- No Unilog Brand --,-- No DIB Brand --,Parksite (6151),Edge Eyewear,EDGE SAFETY®,,ADB15516CS,,,"EDGE SAFETY®, Luminaire, ADB15516CS, PVC",LUMINAIRE PVC,"EDGE SAFETY®, ADB15516CS, Luminaire, PVC","EDGE SAFETY® Luminaire, PVC","EDGE SAFETY®, Luminaire, PVC",,,,,,,,,,,,,,,,,,,,,,,,,,,Luminaire,Series,,,Model,,,Item Type,,,Voltage Rating,,,Amperage Rating,,,Dimensions,,,Mounting Type,,,Material,PVC,,Color,,,Sound Level,,,Additional Information,,,,,,,,,,,,,,,description,1x6-16' Coastline Sq Edge - Vintage Azek PVC Decking,,manufacturer_part_number,ADB15516CS,,supplier_manufacturer,EDGE SAFETY,,catalog_category,General Commercial,,,,,,,,,,,,,,,,,,,,,,,,,,,,,,,,,,,,,,,,,,,,,,,,,,,,,,,,,,,,,,,,,,,,,,,,,,,,,,,,,,,,,,,,,,,,,,,,,,,,,1,EA,,,,,,,,,,,,,,,,,,,,,,,,,,,,,,,,,,,,,US,No,No
https://www.edgeeyewear.com/product/ADB15520CS,,,,,,ADB15520CS,,,,ADB15520CS,ADB15520CS,1x6-20' Coastline Sq Edge - Vintage Azek PVC Decking,-- Unbranded --,-- No Unilog Brand --,-- No DIB Brand --,Parksite (6151),Edge Eyewear,EDGE SAFETY®,,ADB15520CS,,,"EDGE SAFETY®, Luminaire, ADB15520CS, PVC",LUMINAIRE PVC,"EDGE SAFETY®, ADB15520CS, Luminaire, PVC","EDGE SAFETY® Luminaire, PVC","EDGE SAFETY®, Luminaire, PVC",,,,,,,,,,,,,,,,,,,,,,,,,,,Luminaire,Series,,,Model,,,Item Type,,,Voltage Rating,,,Amperage Rating,,,Dimensions,,,Mounting Type,,,Material,PVC,,Color,,,Sound Level,,,Additional Information,,,,,,,,,,,,,,,description,1x6-20' Coastline Sq Edge - Vintage Azek PVC Decking,,manufacturer_part_number,ADB15520CS,,supplier_manufacturer,EDGE SAFETY®,,catalog_category,General Commercial,,,,,,,,,,,,,,,,,,,,,,,,,,,,,,,,,,,,,,,,,,,,,,,,,,,,,,,,,,,,,,,,,,,,,,,,,,,,,,,,,,,,,,,,,,,,,,,,,,,,,1,EA,,,,,,,,,,,,,,,,,,,,,,,,,,,,,,,,,,,,,US,No,No
https://www.edgeeyewear.com/product/ADB15516EW,,,,,,ADB15516EW,,,,ADB15516EW,ADB15516EW,1x6-16' English Walnut Sq Edge - Vintage Azek PVC Decking,-- Unbranded --,-- No Unilog Brand --,-- No DIB Brand --,Parksite (6151),Edge Eyewear,EDGE SAFETY®,,ADB15516EW,,,"EDGE SAFETY®, Luminaire, ADB15516EW, PVC",LUMINAIRE PVC 1X6-16 FT,"EDGE SAFETY®, ADB15516EW, Luminaire, PVC","EDGE SAFETY® Luminaire, 1x6-16 ft, PVC","EDGE SAFETY®, Luminaire, PVC",,,,,,,,,,,,,,,,,,,,,,,,,,,Luminaire,Series,,,Model,,,Item Type,,,Voltage Rating,,,Amperage Rating,,,Dimensions,1x6-16 ft,,Mounting Type,,,Material,PVC,,Color,Vintage,,Sound Level,,,Additional Information,,,,,,,,,,,,,,,Edge Profile,Sq Edge,,Product Line,Azek PVC Decking,,,,,,,,,,,,,,,,,,,,,,,,,,,,,,,,,,,,,,,,,,,,,,,,,,,,,,,,,,,,,,,,,,,,,,,,,,,,,,,,,,,,,,,,,,,,,,,,,,,,,,,,,,,1,EA,,,,,,,,,,,,,,,,,,,,,,,,,,,,,,,,,,,,,US,No,No
https://www.edgeeyewear.com/product/ADB15520EW,,,,,,ADB15520EW,,,,ADB15520EW,ADB15520EW,1x6-20' English Walnut Sq Edge - Vintage Azek PVC Decking,-- Unbranded --,-- No Unilog Brand --,-- No DIB Brand --,Parksite (6151),Edge Eyewear,EDGE SAFETY®,,ADB15520EW,,,"EDGE SAFETY®, Luminaire, ADB15520EW, PVC",LUMINAIRE PVC,"EDGE SAFETY®, ADB15520EW, Luminaire, PVC","EDGE SAFETY® Luminaire, PVC","EDGE SAFETY®, Luminaire, PVC",,,,,,,,,,,,,,,,,,,,,,,,,,,Luminaire,Series,,,Model,,,Item Type,,,Voltage Rating,,,Amperage Rating,,,Dimensions,,,Mounting Type,,,Material,PVC,,Color,,,Sound Level,,,Additional Information,,,,,,,,,,,,,,,length_feet,20,,edge_profile,English Walnut Sq Edge,,product_line,Azek PVC Decking,,,,,,,,,,,,,,,,,,,,,,,,,,,,,,,,,,,,,,,,,,,,,,,,,,,,,,,,,,,,,,,,,,,,,,,,,,,,,,,,,,,,,,,,,,,,,,,,,,,,,,,,1,EA,,,,,,,,,,,,,,,,,,,,,,,,,,,,,,,,,,,,,US,No,No
https://www.edgeeyewear.com/product/ADB15516MH,,,,,,ADB15516MH,,,,ADB15516MH,ADB15516MH,1x6-16' Mahogany Sq Edge - Vintage Azek PVC Decking,-- Unbranded --,-- No Unilog Brand --,-- No DIB Brand --,Parksite (6151),Edge Eyewear,EDGE SAFETY®,,ADB15516MH,,,"EDGE SAFETY®, Luminaire, ADB15516MH, PVC",LUMINAIRE PVC,"EDGE SAFETY®, ADB15516MH, Luminaire, PVC","EDGE SAFETY® Luminaire, PVC","EDGE SAFETY®, Luminaire, PVC",,,,,,,,,,,,,,,,,,,,,,,,,,,Luminaire,Series,,,Model,,,Item Type,,,Voltage Rating,,,Amperage Rating,,,Dimensions,,,Mounting Type,,,Material,PVC,,Color,,,Sound Level,,,Additional Information,,,,,,,,,,,,,,,description,1x6-16' Mahogany Sq Edge - Vintage Azek PVC Decking,,manufacturer_part_number,ADB15516MH,,supplier_manufacturer,EDGE SAFETY,,catalog_category,General Commercial,,,,,,,,,,,,,,,,,,,,,,,,,,,,,,,,,,,,,,,,,,,,,,,,,,,,,,,,,,,,,,,,,,,,,,,,,,,,,,,,,,,,,,,,,,,,,,,,,,,,,1,EA,,,,,,,,,,,,,,,,,,,,,,,,,,,,,,,,,,,,,US,No,No
https://www.edgeeyewear.com/product/ADB15520MH,,,,,,ADB15520MH,,,,ADB15520MH,ADB15520MH,1x6-20' Mahogany Sq Edge - Vintage Azek PVC Decking,-- Unbranded --,-- No Unilog Brand --,-- No DIB Brand --,Parksite (6151),Edge Eyewear,EDGE SAFETY®,,ADB15520MH,,,"EDGE SAFETY®, Luminaire, ADB15520MH, PVC",LUMINAIRE PVC,"EDGE SAFETY®, ADB15520MH, Luminaire, PVC","EDGE SAFETY® Luminaire, PVC","EDGE SAFETY®, Luminaire, PVC",,,,,,,,,,,,,,,,,,,,,,,,,,,Luminaire,Series,,,Model,,,Item Type,,,Voltage Rating,,,Amperage Rating,,,Dimensions,,,Mounting Type,,,Material,PVC,,Color,,,Sound Level,,,Additional Information,,,,,,,,,,,,,,,description,1x6-20' Mahogany Sq Edge - Vintage Azek PVC Decking,,manufacturer_part_number,ADB15520MH,,supplier_manufacturer,EDGE SAFETY,,catalog_category,General Commercial,,,,,,,,,,,,,,,,,,,,,,,,,,,,,,,,,,,,,,,,,,,,,,,,,,,,,,,,,,,,,,,,,,,,,,,,,,,,,,,,,,,,,,,,,,,,,,,,,,,,,1,EA,,,,,,,,,,,,,,,,,,,,,,,,,,,,,,,,,,,,,US,No,No
https://www.edgeeyewear.com/product/ADB15516WT,,,,,,ADB15516WT,,,,ADB15516WT,ADB15516WT,1x6-16' Weathered Teak Sq Edge - Vintage Azek PVC Decking,-- Unbranded --,-- No Unilog Brand --,-- No DIB Brand --,Parksite (6151),Edge Eyewear,EDGE SAFETY®,,ADB15516WT,,,"EDGE SAFETY®, Commercial Product, ADB15516WT, PVC",COMMERCIAL PRODUCT PVC,"EDGE SAFETY®, ADB15516WT, Commercial Product, PVC","EDGE SAFETY® Commercial Product, PVC","EDGE SAFETY®, Commercial Product, PVC",,,,,,,,,,,,,,,,,,,,,,,,,,,"EDGE SAFETY®, Commercial Product, PVC",Series,,,Model,,,Item Type,,,Voltage Rating,,,Amperage Rating,,,Dimensions,,,Mounting Type,,,Material,PVC,,Color,,,Sound Level,,,Additional Information,,,,,,,,,,,,,,,description,1x6-16' Weathered Teak Sq Edge - Vintage Azek PVC Decking,,manufacturer_part_number,ADB15516WT,,supplier_manufacturer,EDGE SAFETY,,catalog_category,General Commercial,,,,,,,,,,,,,,,,,,,,,,,,,,,,,,,,,,,,,,,,,,,,,,,,,,,,,,,,,,,,,,,,,,,,,,,,,,,,,,,,,,,,,,,,,,,,,,,,,,,,,1,EA,,,,,,,,,,,,,,,,,,,,,,,,,,,,,,,,,,,,,US,No,No
https://www.edgeeyewear.com/product/ADB15520WT,,,,,,ADB15520WT,,,,ADB15520WT,ADB15520WT,1x6-20' Weathered Teak Sq Edge - Vintage Azek PVC Decking,-- Unbranded --,-- No Unilog Brand --,-- No DIB Brand --,Parksite (6151),Edge Eyewear,EDGE SAFETY®,,ADB15520WT,,,"EDGE SAFETY®, Luminaire, ADB15520WT, PVC",LUMINAIRE PVC,"EDGE SAFETY®, ADB15520WT, Luminaire, PVC","EDGE SAFETY® Luminaire, PVC","EDGE SAFETY®, Luminaire, PVC",,,,,,,,,,,,,,,,,,,,,,,,,,,Luminaire,Series,,,Model,,,Item Type,,,Voltage Rating,,,Amperage Rating,,,Dimensions,,,Mounting Type,,,Material,PVC,,Color,,,Sound Level,,,Additional Information,,,,,,,,,,,,,,,length_feet,20,,edge_profile,Sq Edge,,material_type,Azek PVC,,color_variant,Weathered Teak,,piece_count,1,,catalog_category,General Commercial,,,,,,,,,,,,,,,,,,,,,,,,,,,,,,,,,,,,,,,,,,,,,,,,,,,,,,,,,,,,,,,,,,,,,,,,,,,,,,,,,,,,,,,,,,,,,,,1,EA,,,,,,,,,,,,,,,,,,,,,,,,,,,,,,,,,,,,,US,No,No
https://www.parksite.com/product/AGB15512CS,,,,,,AGB15512CS,,,,AGB15512CS,AGB15512CS,1x6-12' Coastline Grooved - Vintage Azek PVC Decking,-- Unbranded --,-- No Unilog Brand --,-- No DIB Brand --,Parksite (6151),Parksite Inc.,PARKSITE®,,AGB15512CS,,,"PARKSITE®, Decking, AGB15512CS, PVC",DECKING PVC 6 FT,"PARKSITE®, AGB15512CS, Decking, PVC","PARKSITE® Decking, 6 ft, PVC","PARKSITE®, Decking, PVC",,,,,,,,,,,,,,,,,,,,,,,,,,,Decking,Series,,,Model,,,Item Type,Vintage Azek PVC Decking,,Voltage Rating,,,Amperage Rating,,,Dimensions,6 ft,,Mounting Type,,,Material,PVC,,Color,,,Sound Level,,,Additional Information,,,,,,,,,,,,,,,length,12',,profile,Coastline Grooved,,,,,,,,,,,,,,,,,,,,,,,,,,,,,,,,,,,,,,,,,,,,,,,,,,,,,,,,,,,,,,,,,,,,,,,,,,,,,,,,,,,,,,,,,,,,,,,,,,,,,,,,,,,1,EA,,,,,,,,,,,,,,,,,,,,,,,,,,,,,,,,,,,,,US,No,No
https://www.parksite.com/product/AGB15516CS,,,,,,AGB15516CS,,,,AGB15516CS,AGB15516CS,1x6-16' Coastline Grooved - Vintage Azek PVC Decking,-- Unbranded --,-- No Unilog Brand --,-- No DIB Brand --,Parksite (6151),Parksite Inc.,PARKSITE®,,AGB15516CS,,,"PARKSITE®, Decking, AGB15516CS, PVC",DECKING PVC 1X6-16 FT,"PARKSITE®, AGB15516CS, Decking, PVC","PARKSITE® Decking, 1x6-16 ft, PVC","PARKSITE®, Decking, PVC",,,,,,,,,,,,,,,,,,,,,,,,,,,Decking,Series,,,Model,,,Item Type,,,Voltage Rating,,,Amperage Rating,,,Dimensions,1x6-16 ft,,Mounting Type,,,Material,PVC,,Color,,,Sound Level,,,Additional Information,,,,,,,,,,,,,,,Coastline,Grooved,,Vintage,Azek,,Length,16',,Product_Type,Decking,,,,,,,,,,,,,,,,,,,,,,,,,,,,,,,,,,,,,,,,,,,,,,,,,,,,,,,,,,,,,,,,,,,,,,,,,,,,,,,,,,,,,,,,,,,,,,,,,,,,,1,EA,,,,,,,,,,,,,,,,,,,,,,,,,,,,,,,,,,,,,US,No,No
https://www.parksite.com/product/AGB15520CS,,,,,,AGB15520CS,,,,AGB15520CS,AGB15520CS,1x6-20' Coastline Grooved - Vintage Azek PVC Decking,-- Unbranded --,-- No Unilog Brand --,-- No DIB Brand --,Parksite (6151),Parksite Inc.,PARKSITE®,,AGB15520CS,,,"PARKSITE®, Decking, AGB15520CS, PVC",DECKING PVC 6X20,"PARKSITE®, AGB15520CS, Decking, PVC","PARKSITE® Decking, 6x20, PVC","PARKSITE®, Decking, PVC",,,,,,,,,,,,,,,,,,,,,,,,,,,Decking,Series,,,Model,,,Item Type,,,Voltage Rating,,,Amperage Rating,,,Dimensions,6x20,,Mounting Type,,,Material,PVC,,Color,,,Sound Level,,,Additional Information,,,,,,,,,,,,,,,description,Coastline Grooved,,length,20',,profile,Grooved,,product_line,Coastline,,,,,,,,,,,,,,,,,,,,,,,,,,,,,,,,,,,,,,,,,,,,,,,,,,,,,,,,,,,,,,,,,,,,,,,,,,,,,,,,,,,,,,,,,,,,,,,,,,,,,1,EA,,,,,,,,,,,,,,,,,,,,,,,,,,,,,,,,,,,,,US,No,No
https://www.parksite.com/product/AGB15512EW,,,,,,AGB15512EW,,,,AGB15512EW,AGB15512EW,1x6-12' English Walnut Grooved - Vintage Azek PVC Decking,-- Unbranded --,-- No Unilog Brand --,-- No DIB Brand --,Parksite (6151),Parksite Inc.,PARKSITE®,,AGB15512EW,,,"PARKSITE®, Decking, AGB15512EW, PVC",DECKING PVC 1X6-12 FT,"PARKSITE®, AGB15512EW, Decking, PVC","PARKSITE® Decking, 1x6-12 ft, PVC","PARKSITE®, Decking, PVC",,,,,,,,,,,,,,,,,,,,,,,,,,,Decking,Series,,,Model,,,Item Type,,,Voltage Rating,,,Amperage Rating,,,Dimensions,1x6-12 ft,,Mounting Type,,,Material,PVC,,Color,,,Sound Level,,,Additional Information,,,,,,,,,,,,,,,description,English Walnut Grooved,,category,General Commercial,,,,,,,,,,,,,,,,,,,,,,,,,,,,,,,,,,,,,,,,,,,,,,,,,,,,,,,,,,,,,,,,,,,,,,,,,,,,,,,,,,,,,,,,,,,,,,,,,,,,,,,,,,,1,EA,,,,,,,,,,,,,,,,,,,,,,,,,,,,,,,,,,,,,US,No,No
https://www.parksite.com/product/AGB15516EW,,,,,,AGB15516EW,,,,AGB15516EW,AGB15516EW,1x6-16' English Walnut Grooved - Vintage Azek PVC Decking,-- Unbranded --,-- No Unilog Brand --,-- No DIB Brand --,Parksite (6151),Parksite Inc.,PARKSITE®,,AGB15516EW,,,"PARKSITE®, Decking, AGB15516EW, PVC",DECKING PVC 6-16 FT,"PARKSITE®, AGB15516EW, Decking, PVC","PARKSITE® Decking, 6-16 ft, PVC","PARKSITE®, Decking, PVC",,,,,,,,,,,,,,,,,,,,,,,,,,,Decking,Series,,,Model,,,Item Type,,,Voltage Rating,,,Amperage Rating,,,Dimensions,6-16 ft,,Mounting Type,,,Material,PVC,,Color,,,Sound Level,,,Additional Information,,,,,,,,,,,,,,,description,1x6-16' English Walnut Grooved,,category,General Commercial,,,,,,,,,,,,,,,,,,,,,,,,,,,,,,,,,,,,,,,,,,,,,,,,,,,,,,,,,,,,,,,,,,,,,,,,,,,,,,,,,,,,,,,,,,,,,,,,,,,,,,,,,,,1,EA,,,,,,,,,,,,,,,,,,,,,,,,,,,,,,,,,,,,,US,No,No
https://www.parksite.com/product/AGB15520EW,,,,,,AGB15520EW,,,,AGB15520EW,AGB15520EW,1x6-20' English Walnut Grooved - Vintage Azek PVC Decking,-- Unbranded --,-- No Unilog Brand --,-- No DIB Brand --,Parksite (6151),Parksite Inc.,PARKSITE®,,AGB15520EW,,,"PARKSITE®, Decking, AGB15520EW, PVC",DECKING PVC 1X6-20 FT,"PARKSITE®, AGB15520EW, Decking, PVC","PARKSITE® Decking, 1x6-20 ft, PVC","PARKSITE®, Decking, PVC",,,,,,,,,,,,,,,,,,,,,,,,,,,Decking,Series,,,Model,,,Item Type,,,Voltage Rating,,,Amperage Rating,,,Dimensions,1x6-20 ft,,Mounting Type,,,Material,PVC,,Color,,,Sound Level,,,Additional Information,,,,,,,,,,,,,,,description,English Walnut Grooved,,category,General Commercial,,,,,,,,,,,,,,,,,,,,,,,,,,,,,,,,,,,,,,,,,,,,,,,,,,,,,,,,,,,,,,,,,,,,,,,,,,,,,,,,,,,,,,,,,,,,,,,,,,,,,,,,,,,1,EA,,,,,,,,,,,,,,,,,,,,,,,,,,,,,,,,,,,,,US,No,No
https://www.parksite.com/product/AGB15512MH,,,,,,AGB15512MH,,,,AGB15512MH,AGB15512MH,1x6-12' Mahogany Grooved - Vintage Azek PVC Decking,-- Unbranded --,-- No Unilog Brand --,-- No DIB Brand --,Parksite (6151),Parksite Inc.,PARKSITE®,,AGB15512MH,,,"PARKSITE®, Decking, AGB15512MH, PVC",DECKING PVC 6 FT,"PARKSITE®, AGB15512MH, Decking, PVC","PARKSITE® Decking, 6 ft, PVC","PARKSITE®, Decking, PVC",,,,,,,,,,,,,,,,,,,,,,,,,,,Decking,Series,,,Model,,,Item Type,,,Voltage Rating,,,Amperage Rating,,,Dimensions,6 ft,,Mounting Type,,,Material,PVC,,Color,,,Sound Level,,,Additional Information,,,,,,,,,,,,,,,description,1x6-12' Mahogany Grooved - Vintage Azek PVC Decking,,category,General Commercial,,,,,,,,,,,,,,,,,,,,,,,,,,,,,,,,,,,,,,,,,,,,,,,,,,,,,,,,,,,,,,,,,,,,,,,,,,,,,,,,,,,,,,,,,,,,,,,,,,,,,,,,,,,1,EA,,,,,,,,,,,,,,,,,,,,,,,,,,,,,,,,,,,,,US,No,No
https://www.parksite.com/product/AGB15516MH,,,,,,AGB15516MH,,,,AGB15516MH,AGB15516MH,1x6-16' Mahogany Grooved - Vintage Azek PVC Decking,-- Unbranded --,-- No Unilog Brand --,-- No DIB Brand --,Parksite (6151),Parksite Inc.,PARKSITE®,,AGB15516MH,,,"PARKSITE®, Decking, AGB15516MH, PVC",DECKING PVC 1X6-16 FT,"PARKSITE®, AGB15516MH, Decking, PVC","PARKSITE® Decking, 1x6-16 ft, PVC","PARKSITE®, Decking, PVC",,,,,,,,,,,,,,,,,,,,,,,,,,,Decking,Series,,,Model,,,Item Type,,,Voltage Rating,,,Amperage Rating,,,Dimensions,1x6-16 ft,,Mounting Type,,,Material,PVC,,Color,,,Sound Level,,,Additional Information,,,,,,,,,,,,,,,category,General Commercial,,description,Mahogany Grooved - Vintage Azek PVC Decking,,,,,,,,,,,,,,,,,,,,,,,,,,,,,,,,,,,,,,,,,,,,,,,,,,,,,,,,,,,,,,,,,,,,,,,,,,,,,,,,,,,,,,,,,,,,,,,,,,,,,,,,,,,1,EA,,,,,,,,,,,,,,,,,,,,,,,,,,,,,,,,,,,,,US,No,No
https://www.parksite.com/product/AGB15520MH,,,,,,AGB15520MH,,,,AGB15520MH,AGB15520MH,1x6-20' Mahogany Grooved - Vintage Azek PVC Decking,-- Unbranded --,-- No Unilog Brand --,-- No DIB Brand --,Parksite (6151),Parksite Inc.,PARKSITE®,,AGB15520MH,,,"PARKSITE®, Decking, AGB15520MH, PVC",DECKING PVC 1X6-20 FT,"PARKSITE®, AGB15520MH, Decking, PVC","PARKSITE® Decking, 1x6-20 ft, PVC","PARKSITE®, Decking, PVC",,,,,,,,,,,,,,,,,,,,,,,,,,,Decking,Series,,,Model,,,Item Type,,,Voltage Rating,,,Amperage Rating,,,Dimensions,1x6-20 ft,,Mounting Type,,,Material,PVC,,Color,,,Sound Level,,,Additional Information,,,,,,,,,,,,,,,description,Mahogany Grooved - Vintage Azek PVC Decking,,category,General Commercial,,,,,,,,,,,,,,,,,,,,,,,,,,,,,,,,,,,,,,,,,,,,,,,,,,,,,,,,,,,,,,,,,,,,,,,,,,,,,,,,,,,,,,,,,,,,,,,,,,,,,,,,,,,1,EA,,,,,,,,,,,,,,,,,,,,,,,,,,,,,,,,,,,,,US,No,No
https://www.parksite.com/product/AGB15512WT,,,,,,AGB15512WT,,,,AGB15512WT,AGB15512WT,1x6-12' Weathered Teak Grooved - Vintage Azek PVC Decking,-- Unbranded --,-- No Unilog Brand --,-- No DIB Brand --,Parksite (6151),Parksite Inc.,PARKSITE®,,AGB15512WT,,,"PARKSITE®, Luminaire, AGB15512WT, PVC",LUMINAIRE PVC 6-12 FT,"PARKSITE®, AGB15512WT, Luminaire, PVC","PARKSITE® Luminaire, 6-12 ft, PVC","PARKSITE®, Luminaire, PVC",,,,,,,,,,,,,,,,,,,,,,,,,,,Luminaire,Series,,,Model,,,Item Type,,,Voltage Rating,,,Amperage Rating,,,Dimensions,6-12 ft,,Mounting Type,,,Material,PVC,,Color,,,Sound Level,,,Additional Information,,,,,,,,,,,,,,,description,1x6-12' Weathered Teak Grooved - Vintage Azek PVC Decking,,manufacturer_part_number,AGB15512WT,,supplier_manufacturer,PARKSITE,,catalog_category,General Commercial,,,,,,,,,,,,,,,,,,,,,,,,,,,,,,,,,,,,,,,,,,,,,,,,,,,,,,,,,,,,,,,,,,,,,,,,,,,,,,,,,,,,,,,,,,,,,,,,,,,,,1,EA,,,,,,,,,,,,,,,,,,,,,,,,,,,,,,,,,,,,,US,No,No
https://www.parksite.com/product/AGB15516WT,,,,,,AGB15516WT,,,,AGB15516WT,AGB15516WT,1x6-16' Weathered Teak Grooved - Vintage Azek PVC Decking,-- Unbranded --,-- No Unilog Brand --,-- No DIB Brand --,Parksite (6151),Parksite Inc.,PARKSITE®,,AGB15516WT,,,"PARKSITE®, Decking, AGB15516WT, PVC",DECKING PVC 1X6-16 FT,"PARKSITE®, AGB15516WT, Decking, PVC","PARKSITE® Decking, 1x6-16 ft, PVC","PARKSITE®, Decking, PVC",,,,,,,,,,,,,,,,,,,,,,,,,,,Decking,Series,,,Model,,,Item Type,,,Voltage Rating,,,Amperage Rating,,,Dimensions,1x6-16 ft,,Mounting Type,,,Material,PVC,,Color,,,Sound Level,,,Additional Information,,,,,,,,,,,,,,,description,Weathered Teak Grooved,,category,General Commercial,,,,,,,,,,,,,,,,,,,,,,,,,,,,,,,,,,,,,,,,,,,,,,,,,,,,,,,,,,,,,,,,,,,,,,,,,,,,,,,,,,,,,,,,,,,,,,,,,,,,,,,,,,,1,EA,,,,,,,,,,,,,,,,,,,,,,,,,,,,,,,,,,,,,US,No,No
https://www.parksite.com/product/AGB15520WT,,,,,,AGB15520WT,,,,AGB15520WT,AGB15520WT,1x6-20' Weathered Teak Grooved - Vintage Azek PVC Decking,-- Unbranded --,-- No Unilog Brand --,-- No DIB Brand --,Parksite (6151),Parksite Inc.,PARKSITE®,,AGB15520WT,,,"PARKSITE®, Luminaire, AGB15520WT, PVC",LUMINAIRE PVC,"PARKSITE®, AGB15520WT, Luminaire, PVC","PARKSITE® Luminaire, PVC","PARKSITE®, Luminaire, PVC",,,,,,,,,,,,,,,,,,,,,,,,,,,Luminaire,Series,,,Model,,,Item Type,,,Voltage Rating,,,Amperage Rating,,,Dimensions,,,Mounting Type,,,Material,PVC,,Color,,,Sound Level,,,Additional Information,,,,,,,,,,,,,,,description,1x6-20' Weathered Teak Grooved,,manufacturer_part_number,AGB15520WT,,supplier,PARKSITE,,catalog_category,General Commercial,,,,,,,,,,,,,,,,,,,,,,,,,,,,,,,,,,,,,,,,,,,,,,,,,,,,,,,,,,,,,,,,,,,,,,,,,,,,,,,,,,,,,,,,,,,,,,,,,,,,,1,EA,,,,,,,,,,,,,,,,,,,,,,,,,,,,,,,,,,,,,US,No,No
https://www.parksite.com/product/ADB15516AW,,,,,,ADB15516AW,,,,ADB15516AW,ADB15516AW,1x6-16' American Walnut Sq Edg - Landmark Azek PVC Decking,-- Unbranded --,-- No Unilog Brand --,-- No DIB Brand --,Parksite (6151),Parksite Inc.,PARKSITE®,,ADB15516AW,,,"PARKSITE®, Luminaire, ADB15516AW, PVC",LUMINAIRE PVC 1X6-16 FT,"PARKSITE®, ADB15516AW, Luminaire, PVC","PARKSITE® Luminaire, 1x6-16 ft, PVC","PARKSITE®, Luminaire, PVC",,,,,,,,,,,,,,,,,,,,,,,,,,,Luminaire,Series,,,Model,,,Item Type,,,Voltage Rating,,,Amperage Rating,,,Dimensions,1x6-16 ft,,Mounting Type,,,Material,PVC,,Color,,,Sound Level,,,Additional Information,,,,,,,,,,,,,,,American Walnut,Sq Edg,,Landmark,Azek PVC Decking,,Category,General Commercial,,,,,,,,,,,,,,,,,,,,,,,,,,,,,,,,,,,,,,,,,,,,,,,,,,,,,,,,,,,,,,,,,,,,,,,,,,,,,,,,,,,,,,,,,,,,,,,,,,,,,,,,1,EA,,,,,,,,,,,,,,,,,,,,,,,,,,,,,,,,,,,,,US,No,No
https://www.parksite.com/product/ADB15520AW,,,,,,ADB15520AW,,,,ADB15520AW,ADB15520AW,1x6-20' American Walnut Sq Edg - Landmark Azek PVC Decking,-- Unbranded --,-- No Unilog Brand --,-- No DIB Brand --,Parksite (6151),Parksite Inc.,PARKSITE®,,ADB15520AW,,,"PARKSITE®, Decking, ADB15520AW, PVC",DECKING PVC 1X6-20 FT,"PARKSITE®, ADB15520AW, Decking, PVC","PARKSITE® Decking, 1x6-20 ft, PVC","PARKSITE®, Decking, PVC",,,,,,,,,,,,,,,,,,,,,,,,,,,Decking,Series,,,Model,,,Item Type,,,Voltage Rating,,,Amperage Rating,,,Dimensions,1x6-20 ft,,Mounting Type,,,Material,PVC,,Color,,,Sound Level,,,Additional Information,,,,,,,,,,,,,,,official_manufacturer,PARKSITE,,catalog_category,General Commercial,,description,American Walnut Sq Edg,,,,,,,,,,,,,,,,,,,,,,,,,,,,,,,,,,,,,,,,,,,,,,,,,,,,,,,,,,,,,,,,,,,,,,,,,,,,,,,,,,,,,,,,,,,,,,,,,,,,,,,,1,EA,,,,,,,,,,,,,,,,,,,,,,,,,,,,,,,,,,,,,US,No,No
https://www.edgeeyewear.com/product/ADB15516CG,,,,,,ADB15516CG,,,,ADB15516CG,ADB15516CG,1x6-16' Castle Gate Sq Edge - Landmark Azek PVC Decking,-- Unbranded --,-- No Unilog Brand --,-- No DIB Brand --,Parksite (6151),Edge Eyewear,EDGE SAFETY®,,ADB15516CG,,,"EDGE SAFETY®, Luminaire, ADB15516CG, PVC",LUMINAIRE PVC 1X6-16 FT,"EDGE SAFETY®, ADB15516CG, Luminaire, PVC","EDGE SAFETY® Luminaire, 1x6-16 ft, PVC","EDGE SAFETY®, Luminaire, PVC",,,,,,,,,,,,,,,,,,,,,,,,,,,Luminaire,Series,,,Model,,,Item Type,,,Voltage Rating,,,Amperage Rating,,,Dimensions,1x6-16 ft,,Mounting Type,,,Material,PVC,,Color,,,Sound Level,,,Additional Information,,,,,,,,,,,,,,,Edge Profile,Sq Edge,,Product Line,Castle Gate,,Manufacturer,EDGE SAFETY,,Catalog Category,General Commercial,,,,,,,,,,,,,,,,,,,,,,,,,,,,,,,,,,,,,,,,,,,,,,,,,,,,,,,,,,,,,,,,,,,,,,,,,,,,,,,,,,,,,,,,,,,,,,,,,,,,,1,EA,,,,,,,,,,,,,,,,,,,,,,,,,,,,,,,,,,,,,US,No,No
https://www.edgeeyewear.com/product/ADB15520CG,,,,,,ADB15520CG,,,,ADB15520CG,ADB15520CG,1x6-20' Castle Gate Sq Edge - Landmark Azek PVC Decking,-- Unbranded --,-- No Unilog Brand --,-- No DIB Brand --,Parksite (6151),Edge Eyewear,EDGE SAFETY®,,ADB15520CG,,,"EDGE SAFETY®, Luminaire, ADB15520CG, PVC",LUMINAIRE PVC,"EDGE SAFETY®, ADB15520CG, Luminaire, PVC","EDGE SAFETY® Luminaire, PVC","EDGE SAFETY®, Luminaire, PVC",,,,,,,,,,,,,,,,,,,,,,,,,,,Luminaire,Series,,,Model,,,Item Type,,,Voltage Rating,,,Amperage Rating,,,Dimensions,,,Mounting Type,,,Material,PVC,,Color,,,Sound Level,,,Additional Information,,,,,,,,,,,,,,,length,20',,edge_profile,Sq Edge,,product_type,Castle Gate,,manufacturer,EDGE SAFETY®,,category,General Commercial,,,,,,,,,,,,,,,,,,,,,,,,,,,,,,,,,,,,,,,,,,,,,,,,,,,,,,,,,,,,,,,,,,,,,,,,,,,,,,,,,,,,,,,,,,,,,,,,,,1,EA,,,,,,,,,,,,,,,,,,,,,,,,,,,,,,,,,,,,,US,No,No
https://www.parksite.com/product/ADB15516FW,,,,,,ADB15516FW,,,,ADB15516FW,ADB15516FW,1x6-16' French White Oak Sq Ed - Landmark Azek PVC Decking,-- Unbranded --,-- No Unilog Brand --,-- No DIB Brand --,Parksite (6151),Parksite Inc.,PARKSITE®,,ADB15516FW,,,"PARKSITE®, Luminaire, ADB15516FW, PVC",LUMINAIRE PVC 1X6-16 FT,"PARKSITE®, ADB15516FW, Luminaire, PVC","PARKSITE® Luminaire, 1x6-16 ft, PVC","PARKSITE®, Luminaire, PVC",,,,,,,,,,,,,,,,,,,,,,,,,,,Luminaire,Series,,,Model,,,Item Type,,,Voltage Rating,,,Amperage Rating,,,Dimensions,1x6-16 ft,,Mounting Type,,,Material,PVC,,Color,,,Sound Level,,,Additional Information,,,,,,,,,,,,,,,French White Oak,Sq Ed,,Landmark,Azek PVC Decking,,Supplier / Manufacturer,PARKSITE®,,Catalog Category,General Commercial,,,,,,,,,,,,,,,,,,,,,,,,,,,,,,,,,,,,,,,,,,,,,,,,,,,,,,,,,,,,,,,,,,,,,,,,,,,,,,,,,,,,,,,,,,,,,,,,,,,,,1,EA,,,,,,,,,,,,,,,,,,,,,,,,,,,,,,,,,,,,,US,No,No
https://www.parksite.com/product/ADB15520FW,,,,,,ADB15520FW,,,,ADB15520FW,ADB15520FW,1x6-20' French White Oak Sq Ed - Landmark Azek PVC Decking,-- Unbranded --,-- No Unilog Brand --,-- No DIB Brand --,Parksite (6151),Parksite Inc.,PARKSITE®,,ADB15520FW,,,"PARKSITE®, Luminaire, ADB15520FW, PVC",LUMINAIRE PVC 6-20 FT,"PARKSITE®, ADB15520FW, Luminaire, PVC","PARKSITE® Luminaire, 6-20 ft, PVC","PARKSITE®, Luminaire, PVC",,,,,,,,,,,,,,,,,,,,,,,,,,,Luminaire,Series,,,Model,,,Item Type,,,Voltage Rating,,,Amperage Rating,,,Dimensions,6-20 ft,,Mounting Type,,,Material,PVC,,Color,,,Sound Level,,,Additional Information,,,,,,,,,,,,,,,French White Oak,True,,Sq Ed,Square Edge,,Length,20',,Product Line,Landmark Azek PVC Decking,,,,,,,,,,,,,,,,,,,,,,,,,,,,,,,,,,,,,,,,,,,,,,,,,,,,,,,,,,,,,,,,,,,,,,,,,,,,,,,,,,,,,,,,,,,,,,,,,,,,,1,EA,,,,,,,,,,,,,,,,,,,,,,,,,,,,,,,,,,,,,US,No,No
https://www.parksite.com/product/AGB15512AW,,,,,,AGB15512AW,,,,AGB15512AW,AGB15512AW,1x6-12' American Walnut Groove - Landmark Azek PVC Decking,-- Unbranded --,-- No Unilog Brand --,-- No DIB Brand --,Parksite (6151),Parksite Inc.,PARKSITE®,,AGB15512AW,,,"PARKSITE®, Decking, AGB15512AW, PVC",DECKING PVC 6 FT,"PARKSITE®, AGB15512AW, Decking, PVC","PARKSITE® Decking, 6 ft, PVC","PARKSITE®, Decking, PVC",,,,,,,,,,,,,,,,,,,,,,,,,,,Decking,Series,,,Model,,,Item Type,,,Voltage Rating,,,Amperage Rating,,,Dimensions,6 ft,,Mounting Type,,,Material,PVC,,Color,,,Sound Level,,,Additional Information,,,,,,,,,,,,,,,product_line,American Walnut,,length,12',,profile,Groove,,manufacturer,PARKSITE,,,,,,,,,,,,,,,,,,,,,,,,,,,,,,,,,,,,,,,,,,,,,,,,,,,,,,,,,,,,,,,,,,,,,,,,,,,,,,,,,,,,,,,,,,,,,,,,,,,,,1,EA,,,,,,,,,,,,,,,,,,,,,,,,,,,,,,,,,,,,,US,No,No
https://www.parksite.com/product/AGB15516AW,,,,,,AGB15516AW,,,,AGB15516AW,AGB15516AW,1x6-16' American Walnut Groove - Landmark Azek PVC Decking,-- Unbranded --,-- No Unilog Brand --,-- No DIB Brand --,Parksite (6151),Parksite Inc.,PARKSITE®,,AGB15516AW,,,"PARKSITE®, Decking, AGB15516AW, PVC",DECKING PVC 1X6-16 FT,"PARKSITE®, AGB15516AW, Decking, PVC","PARKSITE® Decking, 1x6-16 ft, PVC","PARKSITE®, Decking, PVC",,,,,,,,,,,,,,,,,,,,,,,,,,,Decking,Series,,,Model,,,Item Type,,,Voltage Rating,,,Amperage Rating,,,Dimensions,1x6-16 ft,,Mounting Type,,,Material,PVC,,Color,,,Sound Level,,,Additional Information,,,,,,,,,,,,,,,groove,1x6,,length,16',,wood_type,American Walnut,,product_line,Azek PVC Decking,,,,,,,,,,,,,,,,,,,,,,,,,,,,,,,,,,,,,,,,,,,,,,,,,,,,,,,,,,,,,,,,,,,,,,,,,,,,,,,,,,,,,,,,,,,,,,,,,,,,,1,EA,,,,,,,,,,,,,,,,,,,,,,,,,,,,,,,,,,,,,US,No,No
https://www.parksite.com/product/AGB15520AW,,,,,,AGB15520AW,,,,AGB15520AW,AGB15520AW,1x6-20' American Walnut Groove - Landmark Azek PVC Decking,-- Unbranded --,-- No Unilog Brand --,-- No DIB Brand --,Parksite (6151),Parksite Inc.,PARKSITE®,,AGB15520AW,,,"PARKSITE®, Decking, AGB15520AW, PVC",DECKING PVC 1X6-20 FT,"PARKSITE®, AGB15520AW, Decking, PVC","PARKSITE® Decking, 1x6-20 ft, PVC","PARKSITE®, Decking, PVC",,,,,,,,,,,,,,,,,,,,,,,,,,,Decking,Series,,,Model,,,Item Type,,,Voltage Rating,,,Amperage Rating,,,Dimensions,1x6-20 ft,,Mounting Type,,,Material,PVC,,Color,,,Sound Level,,,Additional Information,,,,,,,,,,,,,,,category,General Commercial,,manufacturer_part_number,AGB15520AW,,,,,,,,,,,,,,,,,,,,,,,,,,,,,,,,,,,,,,,,,,,,,,,,,,,,,,,,,,,,,,,,,,,,,,,,,,,,,,,,,,,,,,,,,,,,,,,,,,,,,,,,,,,1,EA,,,,,,,,,,,,,,,,,,,,,,,,,,,,,,,,,,,,,US,No,No
https://www.parksite.com/product/AGB15512CG,,,,,,AGB15512CG,,,,AGB15512CG,AGB15512CG,1x6-12' Castle Gate Grooved - Landmark Azek PVC Decking,-- Unbranded --,-- No Unilog Brand --,-- No DIB Brand --,Parksite (6151),Parksite Inc.,PARKSITE®,,AGB15512CG,,,"PARKSITE®, Decking, AGB15512CG, PVC",DECKING PVC 6 FT,"PARKSITE®, AGB15512CG, Decking, PVC","PARKSITE® Decking, 6 ft, PVC","PARKSITE®, Decking, PVC",,,,,,,,,,,,,,,,,,,,,,,,,,,Decking,Series,,,Model,,,Item Type,,,Voltage Rating,,,Amperage Rating,,,Dimensions,6 ft,,Mounting Type,,,Material,PVC,,Color,,,Sound Level,,,Additional Information,,,,,,,,,,,,,,,description,1x6-12' Castle Gate Grooved,,manufacturer_part_number,AGB15512CG,,supplier,PARKSITE,,catalog_category,General Commercial,,,,,,,,,,,,,,,,,,,,,,,,,,,,,,,,,,,,,,,,,,,,,,,,,,,,,,,,,,,,,,,,,,,,,,,,,,,,,,,,,,,,,,,,,,,,,,,,,,,,,1,EA,,,,,,,,,,,,,,,,,,,,,,,,,,,,,,,,,,,,,US,No,No
https://www.parksite.com/product/AGB15516CG,,,,,,AGB15516CG,,,,AGB15516CG,AGB15516CG,1x6-16' Castle Gate Grooved - Landmark Azek PVC Decking,-- Unbranded --,-- No Unilog Brand --,-- No DIB Brand --,Parksite (6151),Parksite Inc.,PARKSITE®,,AGB15516CG,,,"PARKSITE®, Gate, AGB15516CG, PVC",GATE PVC 1X6-16 FT,"PARKSITE®, AGB15516CG, Gate, PVC","PARKSITE® Gate, 1x6-16 ft, PVC","PARKSITE®, Gate, PVC",,,,,,,,,,,,,,,,,,,,,,,,,,,Gate,Series,,,Model,,,Item Type,,,Voltage Rating,,,Amperage Rating,,,Dimensions,1x6-16 ft,,Mounting Type,,,Material,PVC,,Color,,,Sound Level,,,Additional Information,,,,,,,,,,,,,,,description,Castle Gate Grooved,,manufacturer_part_number,AGB15516CG,,supplier,PARKSITE,,catalog_category,General Commercial,,,,,,,,,,,,,,,,,,,,,,,,,,,,,,,,,,,,,,,,,,,,,,,,,,,,,,,,,,,,,,,,,,,,,,,,,,,,,,,,,,,,,,,,,,,,,,,,,,,,,1,EA,,,,,,,,,,,,,,,,,,,,,,,,,,,,,,,,,,,,,US,No,No
https://www.parksite.com/product/AGB15520CG,,,,,,AGB15520CG,,,,AGB15520CG,AGB15520CG,1x6-20' Castle Gate Grooved - Landmark Azek PVC Decking,-- Unbranded --,-- No Unilog Brand --,-- No DIB Brand --,Parksite (6151),Parksite Inc.,PARKSITE®,,AGB15520CG,,,"PARKSITE®, Gate, AGB15520CG, PVC",GATE PVC 6-20 FT,"PARKSITE®, AGB15520CG, Gate, PVC","PARKSITE® Gate, 6-20 ft, PVC","PARKSITE®, Gate, PVC",,,,,,,,,,,,,,,,,,,,,,,,,,,Gate,Series,,,Model,,,Item Type,,,Voltage Rating,,,Amperage Rating,,,Dimensions,6-20 ft,,Mounting Type,,,Material,PVC,,Color,,,Sound Level,,,Additional Information,,,,,,,,,,,,,,,description,1x6-20' Castle Gate Grooved,,manufacturer_part_number,AGB15520CG,,supplier,PARKSITE,,catalog_category,General Commercial,,,,,,,,,,,,,,,,,,,,,,,,,,,,,,,,,,,,,,,,,,,,,,,,,,,,,,,,,,,,,,,,,,,,,,,,,,,,,,,,,,,,,,,,,,,,,,,,,,,,,1,EA,,,,,,,,,,,,,,,,,,,,,,,,,,,,,,,,,,,,,US,No,No
https://www.parksite.com/product/AGB15512FW,,,,,,AGB15512FW,,,,AGB15512FW,AGB15512FW,1x6-12' French White Oak Groov - Landmark Azek PVC Decking,-- Unbranded --,-- No Unilog Brand --,-- No DIB Brand --,Parksite (6151),Parksite Inc.,PARKSITE®,,AGB15512FW,,,"PARKSITE®, Decking, AGB15512FW, PVC",DECKING PVC 6 FT,"PARKSITE®, AGB15512FW, Decking, PVC","PARKSITE® Decking, 6 ft, PVC","PARKSITE®, Decking, PVC",,,,,,,,,,,,,,,,,,,,,,,,,,,Decking,Series,,,Model,,,Item Type,,,Voltage Rating,,,Amperage Rating,,,Dimensions,6 ft,,Mounting Type,,,Material,PVC,,Color,,,Sound Level,,,Additional Information,,,,,,,,,,,,,,,description,1x6-12' French White Oak Groov - Landmark Azek PVC Decking,,manufacturer_part_number,AGB15512FW,,supplier,PARKSITE,,catalog_category,General Commercial,,,,,,,,,,,,,,,,,,,,,,,,,,,,,,,,,,,,,,,,,,,,,,,,,,,,,,,,,,,,,,,,,,,,,,,,,,,,,,,,,,,,,,,,,,,,,,,,,,,,,1,EA,,,,,,,,,,,,,,,,,,,,,,,,,,,,,,,,,,,,,US,No,No
https://www.parksite.com/product/AGB15516FW,,,,,,AGB15516FW,,,,AGB15516FW,AGB15516FW,1x6-16' French White Oak Groov - Landmark Azek PVC Decking,-- Unbranded --,-- No Unilog Brand --,-- No DIB Brand --,Parksite (6151),Parksite Inc.,PARKSITE®,,AGB15516FW,,,"PARKSITE®, Decking, AGB15516FW, PVC",DECKING PVC 1X6-16 FT,"PARKSITE®, AGB15516FW, Decking, PVC","PARKSITE® Decking, 1x6-16 ft, PVC","PARKSITE®, Decking, PVC",,,,,,,,,,,,,,,,,,,,,,,,,,,Decking,Series,,,Model,,,Item Type,,,Voltage Rating,,,Amperage Rating,,,Dimensions,1x6-16 ft,,Mounting Type,,,Material,PVC,,Color,,,Sound Level,,,Additional Information,,,,,,,,,,,,,,,French White Oak Groov,Landmark Azek PVC Decking,,,,,,,,,,,,,,,,,,,,,,,,,,,,,,,,,,,,,,,,,,,,,,,,,,,,,,,,,,,,,,,,,,,,,,,,,,,,,,,,,,,,,,,,,,,,,,,,,,,,,,,,,,,,,,1,EA,,,,,,,,,,,,,,,,,,,,,,,,,,,,,,,,,,,,,US,No,No
https://www.parksite.com/product/AGB15520FW,,,,,,AGB15520FW,,,,AGB15520FW,AGB15520FW,1x6-20' French White Oak Groov - Landmark Azek PVC Decking,-- Unbranded --,-- No Unilog Brand --,-- No DIB Brand --,Parksite (6151),Parksite Inc.,PARKSITE®,,AGB15520FW,,,"PARKSITE®, Adapter, AGB15520FW, PVC",ADAPTER PVC,"PARKSITE®, AGB15520FW, Adapter, PVC","PARKSITE® Adapter, PVC","PARKSITE®, Adapter, PVC",,,,,,,,,,,,,,,,,,,,,,,,,,,Adapter,Series,,,Model,,,Connection Type,,,Connection Size,,,Pressure Rating,,,Material,PVC,,Additional Information,,,,,,,,,,,,,,,,,,,,,,,,,,,description,1x6-20' French White Oak Groov - Landmark Azek PVC Decking,,manufacturer_part_number,AGB15520FW,,supplier,PARKSITE,,catalog_category,General Commercial,,,,,,,,,,,,,,,,,,,,,,,,,,,,,,,,,,,,,,,,,,,,,,,,,,,,,,,,,,,,,,,,,,,,,,,,,,,,,,,,,,,,,,,,,,,,,,,,,,,,,1,EA,,,,,,,,,,,,,,,,,,,,,,,,,,,,,,,,,,,,,US,No,No
https://www.edgeeyewear.com/product/ADCB15516BS,,,,,,ADCB15516BS,,,,ADCB15516BS,ADCB15516BS,1x6-16' Brownstone Sq Edge - Harvest Azek PVC Decking,-- Unbranded --,-- No Unilog Brand --,-- No DIB Brand --,Parksite (6151),Edge Eyewear,EDGE SAFETY®,,ADCB15516BS,,,"EDGE SAFETY®, Decking, ADCB15516BS, PVC",DECKING PVC 1X6-16 FT,"EDGE SAFETY®, ADCB15516BS, Decking, PVC","EDGE SAFETY® Decking, 1x6-16 ft, PVC","EDGE SAFETY®, Decking, PVC",,,,,,,,,,,,,,,,,,,,,,,,,,,Decking,Series,,,Model,,,Item Type,,,Voltage Rating,,,Amperage Rating,,,Dimensions,1x6-16 ft,,Mounting Type,,,Material,PVC,,Color,Harvest,,Sound Level,,,Additional Information,,,,,,,,,,,,,,,edge_profile,Brownstone Sq Edge,,product_line,Brownstone,,manufacturer_part_number,ADCB15516BS,,,,,,,,,,,,,,,,,,,,,,,,,,,,,,,,,,,,,,,,,,,,,,,,,,,,,,,,,,,,,,,,,,,,,,,,,,,,,,,,,,,,,,,,,,,,,,,,,,,,,,,,1,EA,,,,,,,,,,,,,,,,,,,,,,,,,,,,,,,,,,,,,US,No,No
https://www.edgeeyewear.com/product/ADCB15520BS,,,,,,ADCB15520BS,,,,ADCB15520BS,ADCB15520BS,1x6-20' Brownstone Sq Edge - Harvest Azek PVC Decking,-- Unbranded --,-- No Unilog Brand --,-- No DIB Brand --,Parksite (6151),Edge Eyewear,EDGE SAFETY®,,ADCB15520BS,,,"EDGE SAFETY®, Luminaire, ADCB15520BS, PVC",LUMINAIRE PVC,"EDGE SAFETY®, ADCB15520BS, Luminaire, PVC","EDGE SAFETY® Luminaire, PVC","EDGE SAFETY®, Luminaire, PVC",,,,,,,,,,,,,,,,,,,,,,,,,,,Luminaire,Series,,,Model,,,Item Type,,,Voltage Rating,,,Amperage Rating,,,Dimensions,,,Mounting Type,,,Material,PVC,,Color,,,Sound Level,,,Additional Information,,,,,,,,,,,,,,,description,1x6-20' Brownstone Sq Edge - Harvest Azek PVC Decking,,manufacturer_part_number,ADCB15520BS,,supplier,EDGE SAFETY,,catalog_category,General Commercial,,,,,,,,,,,,,,,,,,,,,,,,,,,,,,,,,,,,,,,,,,,,,,,,,,,,,,,,,,,,,,,,,,,,,,,,,,,,,,,,,,,,,,,,,,,,,,,,,,,,,1,EA,,,,,,,,,,,,,,,,,,,,,,,,,,,,,,,,,,,,,US,No,No
https://www.edgeeyewear.com/product/ADCB15516SG,,,,,,ADCB15516SG,,,,ADCB15516SG,ADCB15516SG,1x6-16' Slate Gray Sq Edge - Harvest Azek PVC Decking,-- Unbranded --,-- No Unilog Brand --,-- No DIB Brand --,Parksite (6151),Edge Eyewear,EDGE SAFETY®,,ADCB15516SG,,,"EDGE SAFETY®, Luminaire, ADCB15516SG, PVC",LUMINAIRE PVC 1X6-16 FT,"EDGE SAFETY®, ADCB15516SG, Luminaire, PVC","EDGE SAFETY® Luminaire, 1x6-16 ft, PVC","EDGE SAFETY®, Luminaire, PVC",,,,,,,,,,,,,,,,,,,,,,,,,,,Luminaire,Series,,,Model,,,Item Type,,,Voltage Rating,,,Amperage Rating,,,Dimensions,1x6-16 ft,,Mounting Type,,,Material,PVC,,Color,,,Sound Level,,,Additional Information,,,,,,,,,,,,,,,Slate Gray,Sq Edge,,Harvest,Azek PVC Decking,,,,,,,,,,,,,,,,,,,,,,,,,,,,,,,,,,,,,,,,,,,,,,,,,,,,,,,,,,,,,,,,,,,,,,,,,,,,,,,,,,,,,,,,,,,,,,,,,,,,,,,,,,,1,EA,,,,,,,,,,,,,,,,,,,,,,,,,,,,,,,,,,,,,US,No,No
https://www.edgeeyewear.com/product/ADCB15520SG,,,,,,ADCB15520SG,,,,ADCB15520SG,ADCB15520SG,1x6-20' Slate Gray Sq Edge - Harvest Azek PVC Decking,-- Unbranded --,-- No Unilog Brand --,-- No DIB Brand --,Parksite (6151),Edge Eyewear,EDGE SAFETY®,,ADCB15520SG,,,"EDGE SAFETY®, Decking, ADCB15520SG, PVC",DECKING PVC 1X6-20 FT,"EDGE SAFETY®, ADCB15520SG, Decking, PVC","EDGE SAFETY® Decking, 1x6-20 ft, PVC","EDGE SAFETY®, Decking, PVC",,,,,,,,,,,,,,,,,,,,,,,,,,,Decking,Series,,,Model,,,Item Type,,,Voltage Rating,,,Amperage Rating,,,Dimensions,1x6-20 ft,,Mounting Type,,,Material,PVC,,Color,,,Sound Level,,,Additional Information,,,,,,,,,,,,,,,Slate Gray,Sq Edge,,Harvest,Azek,,,,,,,,,,,,,,,,,,,,,,,,,,,,,,,,,,,,,,,,,,,,,,,,,,,,,,,,,,,,,,,,,,,,,,,,,,,,,,,,,,,,,,,,,,,,,,,,,,,,,,,,,,,1,EA,,,,,,,,,,,,,,,,,,,,,,,,,,,,,,,,,,,,,US,No,No
https://www.parksite.com/product/AGB15512BS,,,,,,AGB15512BS,,,,AGB15512BS,AGB15512BS,1x6-12' Brownstone Grooved - Harvest Azek PVC Decking,-- Unbranded --,-- No Unilog Brand --,-- No DIB Brand --,Parksite (6151),Parksite Inc.,PARKSITE®,,AGB15512BS,,,"PARKSITE®, Decking, AGB15512BS, PVC",DECKING PVC 1X6-12 FT,"PARKSITE®, AGB15512BS, Decking, PVC","PARKSITE® Decking, 1x6-12 ft, PVC","PARKSITE®, Decking, PVC",,,,,,,,,,,,,,,,,,,,,,,,,,,Decking,Series,,,Model,,,Item Type,,,Voltage Rating,,,Amperage Rating,,,Dimensions,1x6-12 ft,,Mounting Type,,,Material,PVC,,Color,,,Sound Level,,,Additional Information,,,,,,,,,,,,,,,description,Brownstone Grooved - Harvest Azek PVC Decking,,category,General Commercial,,,,,,,,,,,,,,,,,,,,,,,,,,,,,,,,,,,,,,,,,,,,,,,,,,,,,,,,,,,,,,,,,,,,,,,,,,,,,,,,,,,,,,,,,,,,,,,,,,,,,,,,,,,1,EA,,,,,,,,,,,,,,,,,,,,,,,,,,,,,,,,,,,,,US,No,No
https://www.parksite.com/product/AGB15516BS,,,,,,AGB15516BS,,,,AGB15516BS,AGB15516BS,1x6-16' Brownstone Grooved - Harvest Azek PVC Decking,-- Unbranded --,-- No Unilog Brand --,-- No DIB Brand --,Parksite (6151),Parksite Inc.,PARKSITE®,,AGB15516BS,,,"PARKSITE®, Luminaire, AGB15516BS, PVC",LUMINAIRE PVC,"PARKSITE®, AGB15516BS, Luminaire, PVC","PARKSITE® Luminaire, PVC","PARKSITE®, Luminaire, PVC",,,,,,,,,,,,,,,,,,,,,,,,,,,Luminaire,Series,,,Model,,,Item Type,,,Voltage Rating,,,Amperage Rating,,,Dimensions,,,Mounting Type,,,Material,PVC,,Color,Brownstone,,Sound Level,,,Additional Information,,,,,,,,,,,,,,,description,1x6-16' Brownstone Grooved,,category,General Commercial,,length,16',,profile,1x6,,finish,Harvest,,,,,,,,,,,,,,,,,,,,,,,,,,,,,,,,,,,,,,,,,,,,,,,,,,,,,,,,,,,,,,,,,,,,,,,,,,,,,,,,,,,,,,,,,,,,,,,,,,1,EA,,,,,,,,,,,,,,,,,,,,,,,,,,,,,,,,,,,,,US,No,No
https://www.parksite.com/product/AGB15520BS,,,,,,AGB15520BS,,,,AGB15520BS,AGB15520BS,1x6-20' Brownstone Grooved - Harvest Azek PVC Decking,-- Unbranded --,-- No Unilog Brand --,-- No DIB Brand --,Parksite (6151),Parksite Inc.,PARKSITE®,,AGB15520BS,,,"PARKSITE®, Decking, AGB15520BS, PVC",DECKING PVC 6-20 FT,"PARKSITE®, AGB15520BS, Decking, PVC","PARKSITE® Decking, 6-20 ft, PVC","PARKSITE®, Decking, PVC",,,,,,,,,,,,,,,,,,,,,,,,,,,Decking,Series,,,Model,,,Item Type,,,Voltage Rating,,,Amperage Rating,,,Dimensions,6-20 ft,,Mounting Type,,,Material,PVC,,Color,Brownstone,,Sound Level,,,Additional Information,,,,,,,,,,,,,,,length,20',,profile,Grooved,,product_line,Brownstone,,,,,,,,,,,,,,,,,,,,,,,,,,,,,,,,,,,,,,,,,,,,,,,,,,,,,,,,,,,,,,,,,,,,,,,,,,,,,,,,,,,,,,,,,,,,,,,,,,,,,,,,1,EA,,,,,,,,,,,,,,,,,,,,,,,,,,,,,,,,,,,,,US,No,No
https://www.parksite.com/product/AGB15512SG,,,,,,AGB15512SG,,,,AGB15512SG,AGB15512SG,1x6-12' Slate Gray Grooved - Harvest Azek PVC Decking,-- Unbranded --,-- No Unilog Brand --,-- No DIB Brand --,Parksite (6151),Parksite Inc.,PARKSITE®,,AGB15512SG,,,"PARKSITE®, Decking, AGB15512SG, PVC",DECKING PVC 6-12 FT,"PARKSITE®, AGB15512SG, Decking, PVC, Slate Gray","PARKSITE® Decking, 6-12 ft, PVC, Slate Gray","PARKSITE®, Decking, PVC, Slate Gray",,,,,,,,,,,,,,,,,,,,,,,,,,,Decking,Series,,,Model,,,Item Type,,,Voltage Rating,,,Amperage Rating,,,Dimensions,6-12 ft,,Mounting Type,,,Material,PVC,,Color,Slate Gray,,Sound Level,,,Additional Information,,,,,,,,,,,,,,,Profile,Grooved,,Length,12',,Width,1x6,,,,,,,,,,,,,,,,,,,,,,,,,,,,,,,,,,,,,,,,,,,,,,,,,,,,,,,,,,,,,,,,,,,,,,,,,,,,,,,,,,,,,,,,,,,,,,,,,,,,,,,,1,EA,,,,,,,,,,,,,,,,,,,,,,,,,,,,,,,,,,,,,US,No,No
https://www.parksite.com/product/AGB15516SG,,,,,,AGB15516SG,,,,AGB15516SG,AGB15516SG,1x6-16' Slate Gray Grooved - Harvest Azek PVC Decking,-- Unbranded --,-- No Unilog Brand --,-- No DIB Brand --,Parksite (6151),Parksite Inc.,PARKSITE®,,AGB15516SG,,,"PARKSITE®, Luminaire, AGB15516SG, PVC",LUMINAIRE PVC 1X6-16 FT,"PARKSITE®, AGB15516SG, Luminaire, PVC, Slate Gray","PARKSITE® Luminaire, 1x6-16 ft, PVC, Slate Gray","PARKSITE®, Luminaire, PVC, Slate Gray",,,,,,,,,,,,,,,,,,,,,,,,,,,Luminaire,Series,,,Model,,,Item Type,,,Voltage Rating,,,Amperage Rating,,,Dimensions,1x6-16 ft,,Mounting Type,,,Material,PVC,,Color,Slate Gray,,Sound Level,,,Additional Information,,,,,,,,,,,,,,,Profile,Grooved,,Product Line,Azek PVC Decking,,Length,16',,Category,General Commercial,,,,,,,,,,,,,,,,,,,,,,,,,,,,,,,,,,,,,,,,,,,,,,,,,,,,,,,,,,,,,,,,,,,,,,,,,,,,,,,,,,,,,,,,,,,,,,,,,,,,,1,EA,,,,,,,,,,,,,,,,,,,,,,,,,,,,,,,,,,,,,US,No,No
https://www.parksite.com/product/AGB15520SG,,,,,,AGB15520SG,,,,AGB15520SG,AGB15520SG,1x6-20' Slate Gray Grooved - Harvest Azek PVC Decking,-- Unbranded --,-- No Unilog Brand --,-- No DIB Brand --,Parksite (6151),Parksite Inc.,PARKSITE®,,AGB15520SG,,,"PARKSITE®, Decking, AGB15520SG, PVC",DECKING PVC 6-20 FT,"PARKSITE®, AGB15520SG, Decking, PVC, Slate Gray","PARKSITE® Decking, 6-20 ft, PVC, Slate Gray","PARKSITE®, Decking, PVC, Slate Gray",,,,,,,,,,,,,,,,,,,,,,,,,,,Decking,Series,,,Model,,,Item Type,,,Voltage Rating,,,Amperage Rating,,,Dimensions,6-20 ft,,Mounting Type,,,Material,PVC,,Color,Slate Gray,,Sound Level,,,Additional Information,,,,,,,,,,,,,,,Length,20',,Profile,Grooved,,Product Line,Azek,,,,,,,,,,,,,,,,,,,,,,,,,,,,,,,,,,,,,,,,,,,,,,,,,,,,,,,,,,,,,,,,,,,,,,,,,,,,,,,,,,,,,,,,,,,,,,,,,,,,,,,,1,EA,,,,,,,,,,,,,,,,,,,,,,,,,,,,,,,,,,,,,US,No,No
https://www.edgeeyewear.com/product/543140016,,,,,,543140016,,,,543140016,543140016,1nx6-16' Biscayne Sq Edge - Trex Transcend Lineage Decking,-- Unbranded --,-- No Unilog Brand --,-- No DIB Brand --,U S Lumber (3073),Edge Eyewear,EDGE SAFETY®,,543140016,,,"EDGE SAFETY®, Luminaire, 543140016",LUMINAIRE,"EDGE SAFETY®, 543140016, Luminaire",EDGE SAFETY® Luminaire,"EDGE SAFETY®, Luminaire",,,,,,,,,,,,,,,,,,,,,,,,,,,Luminaire,Series,,,Model,,,Item Type,,,Voltage Rating,,,Amperage Rating,,,Dimensions,,,Mounting Type,,,Material,,,Color,,,Sound Level,,,Additional Information,,,,,,,,,,,,,,,Product Line,Transcend Lineage,,Edge Profile,Biscayne Sq Edge,,Length,16',,Category,General Commercial,,,,,,,,,,,,,,,,,,,,,,,,,,,,,,,,,,,,,,,,,,,,,,,,,,,,,,,,,,,,,,,,,,,,,,,,,,,,,,,,,,,,,,,,,,,,,,,,,,,,,1,EA,,,,,,,,,,,,,,,,,,,,,,,,,,,,,,,,,,,,,US,No,No
https://www.edgeeyewear.com/product/543140020,,,,,,543140020,,,,543140020,543140020,1nx6-20' Biscayne Sq Edge - Trex Transcend Lineage Decking,-- Unbranded --,-- No Unilog Brand --,-- No DIB Brand --,U S Lumber (3073),Edge Eyewear,EDGE SAFETY®,,543140020,,,"EDGE SAFETY®, Luminaire, 543140020",LUMINAIRE,"EDGE SAFETY®, 543140020, Luminaire",EDGE SAFETY® Luminaire,"EDGE SAFETY®, Luminaire",,,,,,,,,,,,,,,,,,,,,,,,,,,Biscayne Sq Edge,Series,,,Model,,,Item Type,,,Voltage Rating,,,Amperage Rating,,,Dimensions,,,Mounting Type,,,Material,,,Color,,,Sound Level,,,Additional Information,,,,,,,,,,,,,,,Catalog Category,General Commercial,,Manufacturer Part Number,543140020,,Product Line,Transcend Lineage,,Supplier,EDGE SAFETY,,,,,,,,,,,,,,,,,,,,,,,,,,,,,,,,,,,,,,,,,,,,,,,,,,,,,,,,,,,,,,,,,,,,,,,,,,,,,,,,,,,,,,,,,,,,,,,,,,,,,1,EA,,,,,,,,,,,,,,,,,,,,,,,,,,,,,,,,,,,,,US,No,No
https://www.edgeeyewear.com/product/543142016,,,,,,543142016,,,,543142016,543142016,1nx6-16' Carmel Sq Edge - Trex Transcend Lineage Decking,-- Unbranded --,-- No Unilog Brand --,-- No DIB Brand --,U S Lumber (3073),Edge Eyewear,EDGE SAFETY®,,543142016,,,"EDGE SAFETY®, Decking, 543142016",DECKING 1INX6-16 FT,"EDGE SAFETY®, 543142016, Decking","EDGE SAFETY® Decking, 1inx6-16 ft","EDGE SAFETY®, Decking",,,,,,,,,,,,,,,,,,,,,,,,,,,Decking,Series,,,Model,,,Item Type,,,Voltage Rating,,,Amperage Rating,,,Dimensions,1inx6-16 ft,,Mounting Type,,,Material,,,Color,,,Sound Level,,,Additional Information,,,,,,,,,,,,,,,Carmel Sq Edge,Trex Transcend Lineage,,Manufacturer,EDGE SAFETY®,,Category,General Commercial,,,,,,,,,,,,,,,,,,,,,,,,,,,,,,,,,,,,,,,,,,,,,,,,,,,,,,,,,,,,,,,,,,,,,,,,,,,,,,,,,,,,,,,,,,,,,,,,,,,,,,,,1,EA,,,,,,,,,,,,,,,,,,,,,,,,,,,,,,,,,,,,,US,No,No
https://www.edgeeyewear.com/product/543142020,,,,,,543142020,,,,543142020,543142020,1nx6-20' Carmel Sq Edge - Trex Transcend Lineage Decking,-- Unbranded --,-- No Unilog Brand --,-- No DIB Brand --,U S Lumber (3073),Edge Eyewear,EDGE SAFETY®,,543142020,,,"EDGE SAFETY®, Decking, 543142020",DECKING 1INX6-20 FT,"EDGE SAFETY®, 543142020, Decking","EDGE SAFETY® Decking, 1inx6-20 ft","EDGE SAFETY®, Decking",,,,,,,,,,,,,,,,,,,,,,,,,,,Decking,Series,,,Model,,,Item Type,,,Voltage Rating,,,Amperage Rating,,,Dimensions,1inx6-20 ft,,Mounting Type,,,Material,,,Color,,,Sound Level,,,Additional Information,,,,,,,,,,,,,,,Carmel Sq Edge,Trex Transcend Lineage,,Supplier,EDGE SAFETY®,,Category,General Commercial,,,,,,,,,,,,,,,,,,,,,,,,,,,,,,,,,,,,,,,,,,,,,,,,,,,,,,,,,,,,,,,,,,,,,,,,,,,,,,,,,,,,,,,,,,,,,,,,,,,,,,,,1,EA,,,,,,,,,,,,,,,,,,,,,,,,,,,,,,,,,,,,,US,No,No
https://www.edgeeyewear.com/product/543144016,,,,,,543144016,,,,543144016,543144016,1nx6-16' Island Mist Sq Edge - Trex Transcend Lineage Decking,-- Unbranded --,-- No Unilog Brand --,-- No DIB Brand --,U S Lumber (3073),Edge Eyewear,EDGE SAFETY®,,543144016,,,"EDGE SAFETY®, Decking, 543144016",DECKING 1INX6-16 FT,"EDGE SAFETY®, 543144016, Decking","EDGE SAFETY® Decking, 1inx6-16 ft","EDGE SAFETY®, Decking",,,,,,,,,,,,,,,,,,,,,,,,,,,Decking,Series,,,Model,,,Item Type,,,Voltage Rating,,,Amperage Rating,,,Dimensions,1inx6-16 ft,,Mounting Type,,,Material,,,Color,,,Sound Level,,,Additional Information,,,,,,,,,,,,,,,Manufacturer,EDGE SAFETY,,Lineage,Transcend,,Product,Island Mist Sq Edge,,,,,,,,,,,,,,,,,,,,,,,,,,,,,,,,,,,,,,,,,,,,,,,,,,,,,,,,,,,,,,,,,,,,,,,,,,,,,,,,,,,,,,,,,,,,,,,,,,,,,,,,1,EA,,,,,,,,,,,,,,,,,,,,,,,,,,,,,,,,,,,,,US,No,No
https://www.edgeeyewear.com/product/543144020,,,,,,543144020,,,,543144020,543144020,1nx6-20' Island Mist Sq Edge - Trex Transcend Lineage Decking,-- Unbranded --,-- No Unilog Brand --,-- No DIB Brand --,U S Lumber (3073),Edge Eyewear,EDGE SAFETY®,,543144020,,,"EDGE SAFETY®, Decking, 543144020",DECKING 1INX6-20 FT,"EDGE SAFETY®, 543144020, Decking","EDGE SAFETY® Decking, 1inx6-20 ft","EDGE SAFETY®, Decking",,,,,,,,,,,,,,,,,,,,,,,,,,,Decking,Series,,,Model,,,Item Type,,,Voltage Rating,,,Amperage Rating,,,Dimensions,1inx6-20 ft,,Mounting Type,,,Material,,,Color,,,Sound Level,,,Additional Information,,,,,,,,,,,,,,,Island Mist,Sq Edge,,Lineage,Transcend Lineage,,Supplier,EDGE SAFETY®,,Category,General Commercial,,,,,,,,,,,,,,,,,,,,,,,,,,,,,,,,,,,,,,,,,,,,,,,,,,,,,,,,,,,,,,,,,,,,,,,,,,,,,,,,,,,,,,,,,,,,,,,,,,,,,1,EA,,,,,,,,,,,,,,,,,,,,,,,,,,,,,,,,,,,,,US,No,No
https://www.edgeeyewear.com/product/543143016,,,,,,543143016,,,,543143016,543143016,1nx6-16' Jasper Sq Edge - Trex Transcend Lineage Decking,-- Unbranded --,-- No Unilog Brand --,-- No DIB Brand --,U S Lumber (3073),Edge Eyewear,EDGE SAFETY®,,543143016,,,"EDGE SAFETY®, Decking, 543143016",DECKING 1INX6-16 FT,"EDGE SAFETY®, 543143016, Decking","EDGE SAFETY® Decking, 1inx6-16 ft","EDGE SAFETY®, Decking",,,,,,,,,,,,,,,,,,,,,,,,,,,Decking,Series,,,Model,,,Item Type,,,Voltage Rating,,,Amperage Rating,,,Dimensions,1inx6-16 ft,,Mounting Type,,,Material,,,Color,,,Sound Level,,,Additional Information,,,,,,,,,,,,,,,Manufacturer,EDGE SAFETY®,,Catalog Category,General Commercial,,Product Line,Transcend Lineage,,Edge Profile,Sq Edge,,,,,,,,,,,,,,,,,,,,,,,,,,,,,,,,,,,,,,,,,,,,,,,,,,,,,,,,,,,,,,,,,,,,,,,,,,,,,,,,,,,,,,,,,,,,,,,,,,,,,1,EA,,,,,,,,,,,,,,,,,,,,,,,,,,,,,,,,,,,,,US,No,No
https://www.edgeeyewear.com/product/543143020,,,,,,543143020,,,,543143020,543143020,1nx6-20' Jasper Sq Edge - Trex Transcend Lineage Decking,-- Unbranded --,-- No Unilog Brand --,-- No DIB Brand --,U S Lumber (3073),Edge Eyewear,EDGE SAFETY®,,543143020,,,"EDGE SAFETY®, Decking, 543143020",DECKING 1INX6-20 FT,"EDGE SAFETY®, 543143020, Decking","EDGE SAFETY® Decking, 1inx6-20 ft","EDGE SAFETY®, Decking",,,,,,,,,,,,,,,,,,,,,,,,,,,Decking,Series,,,Model,,,Item Type,,,Voltage Rating,,,Amperage Rating,,,Dimensions,1inx6-20 ft,,Mounting Type,,,Material,,,Color,,,Sound Level,,,Additional Information,,,,,,,,,,,,,,,Manufacturer,EDGE SAFETY®,,Catalog Category,General Commercial,,,,,,,,,,,,,,,,,,,,,,,,,,,,,,,,,,,,,,,,,,,,,,,,,,,,,,,,,,,,,,,,,,,,,,,,,,,,,,,,,,,,,,,,,,,,,,,,,,,,,,,,,,,1,EA,,,,,,,,,,,,,,,,,,,,,,,,,,,,,,,,,,,,,US,No,No
https://www.edgeeyewear.com/product/543141016,,,,,,543141016,,,,543141016,543141016,1nx6-16' Rainier Sq Edge - Trex Transcend Lineage Decking,-- Unbranded --,-- No Unilog Brand --,-- No DIB Brand --,U S Lumber (3073),Edge Eyewear,EDGE SAFETY®,,543141016,,,"EDGE SAFETY®, Decking, 543141016, Composite",DECKING COMPOSITE 1INX6X16 FT,"EDGE SAFETY®, 543141016, Decking, Composite","EDGE SAFETY® Decking, 1inx6x16 ft, Composite","EDGE SAFETY®, Decking, Composite",,,,,,,,,,,,,,,,,,,,,,,,,,,Decking,Series,,,Model,,,Item Type,,,Voltage Rating,,,Amperage Rating,,,Dimensions,1inx6x16 ft,,Mounting Type,,,Material,Composite,,Color,,,Sound Level,,,Additional Information,,,,,,,,,,,,,,,Edge Profile,Sq Edge,,Lineage,Lineage,,Product Line,Transcend,,,,,,,,,,,,,,,,,,,,,,,,,,,,,,,,,,,,,,,,,,,,,,,,,,,,,,,,,,,,,,,,,,,,,,,,,,,,,,,,,,,,,,,,,,,,,,,,,,,,,,,,1,EA,,,,,,,,,,,,,,,,,,,,,,,,,,,,,,,,,,,,,US,No,No
https://www.edgeeyewear.com/product/543141020,,,,,,543141020,,,,543141020,543141020,1nx6-20' Rainier Sq Edge - Trex Transcend Lineage Decking,-- Unbranded --,-- No Unilog Brand --,-- No DIB Brand --,U S Lumber (3073),Edge Eyewear,EDGE SAFETY®,,543141020,,,"EDGE SAFETY®, Decking, 543141020",DECKING 1INX6-20 FT,"EDGE SAFETY®, 543141020, Decking","EDGE SAFETY® Decking, 1inx6-20 ft","EDGE SAFETY®, Decking",,,,,,,,,,,,,,,,,,,,,,,,,,,Decking,Series,,,Model,,,Item Type,,,Voltage Rating,,,Amperage Rating,,,Dimensions,1inx6-20 ft,,Mounting Type,,,Material,,,Color,,,Sound Level,,,Additional Information,,,,,,,,,,,,,,,Manufacturer,EDGE SAFETY®,,Catalog Category,General Commercial,,Product Line,Transcend Lineage,,Edge Profile,Sq Edge,,,,,,,,,,,,,,,,,,,,,,,,,,,,,,,,,,,,,,,,,,,,,,,,,,,,,,,,,,,,,,,,,,,,,,,,,,,,,,,,,,,,,,,,,,,,,,,,,,,,,1,EA,,,,,,,,,,,,,,,,,,,,,,,,,,,,,,,,,,,,,US,No,No
,,,,,,543140412,,,,543140412,543140412,1nx6-12' Biscayne Grooved - Trex Transcend Lineage Decking,-- Unbranded --,-- No Unilog Brand --,-- No DIB Brand --,U S Lumber (3073),U S Lumber,U S Lumber,,543140412,,,"U S Lumber, Luminaire, 543140412",LUMINAIRE,"U S Lumber, 543140412, Luminaire",U S Lumber Luminaire,"U S Lumber, Luminaire",,,,,,,,,,,,,,,,,,,,,,,,,,,Luminaire,Series,,,Model,,,Item Type,,,Voltage Rating,,,Amperage Rating,,,Dimensions,,,Mounting Type,,,Material,,,Color,,,Sound Level,,,Additional Information,,,,,,,,,,,,,,,description,1inx6-12' Biscayne Grooved - Trex Transcend Lineage Decking,,manufacturer,U S Lumber,,category,General Commercial,,,,,,,,,,,,,,,,,,,,,,,,,,,,,,,,,,,,,,,,,,,,,,,,,,,,,,,,,,,,,,,,,,,,,,,,,,,,,,,,,,,,,,,,,,,,,,,,,,,,,,,,1,EA,,,,,,,,,,,,,,,,,,,,,,,,,,,,,,,,,,,,,US,No,No
,,,,,,543140416,,,,543140416,543140416,1nx6-16' Biscayne Grooved - Trex Transcend Lineage Decking,-- Unbranded --,-- No Unilog Brand --,-- No DIB Brand --,U S Lumber (3073),U S Lumber,U S Lumber,,543140416,,,"U S Lumber, Luminaire, 543140416",LUMINAIRE,"U S Lumber, 543140416, Luminaire",U S Lumber Luminaire,"U S Lumber, Luminaire",,,,,,,,,,,,,,,,,,,,,,,,,,,Luminaire,Series,,,Model,,,Item Type,,,Voltage Rating,,,Amperage Rating,,,Dimensions,,,Mounting Type,,,Material,,,Color,,,Sound Level,,,Additional Information,,,,,,,,,,,,,,,Product Line,Transcend Lineage,,Length,16',,Category,General Commercial,,Supplier,U S Lumber,,,,,,,,,,,,,,,,,,,,,,,,,,,,,,,,,,,,,,,,,,,,,,,,,,,,,,,,,,,,,,,,,,,,,,,,,,,,,,,,,,,,,,,,,,,,,,,,,,,,,1,EA,,,,,,,,,,,,,,,,,,,,,,,,,,,,,,,,,,,,,US,No,No
,,,,,,543140420,,,,543140420,543140420,1nx6-20' Biscayne Grooved - Trex Transcend Lineage Decking,-- Unbranded --,-- No Unilog Brand --,-- No DIB Brand --,U S Lumber (3073),U S Lumber,U S Lumber,,543140420,,,"U S Lumber, Decking, 543140420",DECKING,"U S Lumber, 543140420, Decking",U S Lumber Decking,"U S Lumber, Decking",,,,,,,,,,,,,,,,,,,,,,,,,,,Decking,Series,,,Model,,,Item Type,,,Voltage Rating,,,Amperage Rating,,,Dimensions,,,Mounting Type,,,Material,,,Color,,,Sound Level,,,Additional Information,,,,,,,,,,,,,,,description,1nx6-20' Biscayne Grooved - Trex Transcend Lineage Decking,,manufacturer,U S Lumber,,catalog_category,General Commercial,,,,,,,,,,,,,,,,,,,,,,,,,,,,,,,,,,,,,,,,,,,,,,,,,,,,,,,,,,,,,,,,,,,,,,,,,,,,,,,,,,,,,,,,,,,,,,,,,,,,,,,,1,EA,,,,,,,,,,,,,,,,,,,,,,,,,,,,,,,,,,,,,US,No,No
,,,,,,543142412,,,,543142412,543142412,1nx6-12' Carmel Grooved - Trex Transcend Lineage Decking,-- Unbranded --,-- No Unilog Brand --,-- No DIB Brand --,U S Lumber (3073),U S Lumber,U S Lumber,,543142412,,,"U S Lumber, Luminaire, 543142412, Composite",LUMINAIRE COMPOSITE 12 FT,"U S Lumber, 543142412, Luminaire, Composite","U S Lumber Luminaire, 12 ft, Composite","U S Lumber, Luminaire, Composite",,,,,,,,,,,,,,,,,,,,,,,,,,,Luminaire,Series,,,Model,,,Item Type,,,Voltage Rating,,,Amperage Rating,,,Dimensions,12 ft,,Mounting Type,,,Material,Composite,,Color,,,Sound Level,,,Additional Information,,,,,,,,,,,,,,,description,Carmel Grooved,,lineage,Transcend,,supplier,U S Lumber,,category,General Commercial,,,,,,,,,,,,,,,,,,,,,,,,,,,,,,,,,,,,,,,,,,,,,,,,,,,,,,,,,,,,,,,,,,,,,,,,,,,,,,,,,,,,,,,,,,,,,,,,,,,,,1,EA,,,,,,,,,,,,,,,,,,,,,,,,,,,,,,,,,,,,,US,No,No
,,,,,,543142416,,,,543142416,543142416,1nx6-16' Carmel Grooved - Trex Transcend Lineage Decking,-- Unbranded --,-- No Unilog Brand --,-- No DIB Brand --,U S Lumber (3073),U S Lumber,U S Lumber,,543142416,,,"U S Lumber, Decking, 543142416, Trex Transcend Lineage",DECKING TREX TRANSCEND LINEAGE 16 FT,"U S Lumber, 543142416, Decking, Trex Transcend Lineage","U S Lumber Decking, 16 ft, Trex Transcend Lineage","U S Lumber, Decking, Trex Transcend Lineage",,,,,,,,,,,,,,,,,,,,,,,,,,,Decking,Series,,,Model,,,Item Type,,,Voltage Rating,,,Amperage Rating,,,Dimensions,16 ft,,Mounting Type,,,Material,Trex Transcend Lineage,,Color,,,Sound Level,,,Additional Information,,,,,,,,,,,,,,,category,General Commercial,,supplier,U S Lumber,,,,,,,,,,,,,,,,,,,,,,,,,,,,,,,,,,,,,,,,,,,,,,,,,,,,,,,,,,,,,,,,,,,,,,,,,,,,,,,,,,,,,,,,,,,,,,,,,,,,,,,,,,,1,EA,,,,,,,,,,,,,,,,,,,,,,,,,,,,,,,,,,,,,US,No,No
,,,,,,543142420,,,,543142420,543142420,1nx6-20' Carmel Grooved - Trex Transcend Lineage Decking,-- Unbranded --,-- No Unilog Brand --,-- No DIB Brand --,U S Lumber (3073),U S Lumber,U S Lumber,,543142420,,,"U S Lumber, Decking, 543142420",DECKING 1INX6-20 FT,"U S Lumber, 543142420, Decking","U S Lumber Decking, 1inx6-20 ft","U S Lumber, Decking",,,,,,,,,,,,,,,,,,,,,,,,,,,Decking,Series,,,Model,,,Item Type,,,Voltage Rating,,,Amperage Rating,,,Dimensions,1inx6-20 ft,,Mounting Type,,,Material,,,Color,,,Sound Level,,,Additional Information,,,,,,,,,,,,,,,Carmel Grooved,Trex Transcend Lineage,,Manufacturer,U S Lumber,,Category,General Commercial,,,,,,,,,,,,,,,,,,,,,,,,,,,,,,,,,,,,,,,,,,,,,,,,,,,,,,,,,,,,,,,,,,,,,,,,,,,,,,,,,,,,,,,,,,,,,,,,,,,,,,,,1,EA,,,,,,,,,,,,,,,,,,,,,,,,,,,,,,,,,,,,,US,No,No
,,,,,,543144412,,,,543144412,543144412,1nx6-12' Island Mist Grooved - Trex Transcend Lineage Decking,-- Unbranded --,-- No Unilog Brand --,-- No DIB Brand --,U S Lumber (3073),U S Lumber,U S Lumber,,543144412,,,"U S Lumber, Luminaire, 543144412, Composite",LUMINAIRE COMPOSITE 12 FT,"U S Lumber, 543144412, Luminaire, Composite","U S Lumber Luminaire, 12 ft, Composite","U S Lumber, Luminaire, Composite",,,,,,,,,,,,,,,,,,,,,,,,,,,Luminaire,Series,,,Model,,,Item Type,,,Voltage Rating,,,Amperage Rating,,,Dimensions,12 ft,,Mounting Type,,,Material,Composite,,Color,,,Sound Level,,,Additional Information,,,,,,,,,,,,,,,description,1nx6-12' Island Mist Grooved - Trex Transcend Lineage Decking,,manufacturer,U S Lumber,,category,General Commercial,,,,,,,,,,,,,,,,,,,,,,,,,,,,,,,,,,,,,,,,,,,,,,,,,,,,,,,,,,,,,,,,,,,,,,,,,,,,,,,,,,,,,,,,,,,,,,,,,,,,,,,,1,EA,,,,,,,,,,,,,,,,,,,,,,,,,,,,,,,,,,,,,US,No,No
,,,,,,543144416,,,,543144416,543144416,1nx6-16' Island Mist Grooved - Trex Transcend Lineage Decking,-- Unbranded --,-- No Unilog Brand --,-- No DIB Brand --,U S Lumber (3073),U S Lumber,U S Lumber,,543144416,,,"U S Lumber, Luminaire, 543144416",LUMINAIRE 1INX6-16 FT,"U S Lumber, 543144416, Luminaire","U S Lumber Luminaire, 1inx6-16 ft","U S Lumber, Luminaire",,,,,,,,,,,,,,,,,,,,,,,,,,,Luminaire,Series,,,Model,,,Item Type,,,Voltage Rating,,,Amperage Rating,,,Dimensions,1inx6-16 ft,,Mounting Type,,,Material,,,Color,,,Sound Level,,,Additional Information,,,,,,,,,,,,,,,description,Island Mist Grooved - Trex Transcend Lineage Decking,,manufacturer,U S Lumber,,category,General Commercial,,,,,,,,,,,,,,,,,,,,,,,,,,,,,,,,,,,,,,,,,,,,,,,,,,,,,,,,,,,,,,,,,,,,,,,,,,,,,,,,,,,,,,,,,,,,,,,,,,,,,,,,1,EA,,,,,,,,,,,,,,,,,,,,,,,,,,,,,,,,,,,,,US,No,No
,,,,,,543144420,,,,543144420,543144420,1nx6-20' Island Mist Grooved - Trex Transcend Lineage Decking,-- Unbranded --,-- No Unilog Brand --,-- No DIB Brand --,U S Lumber (3073),U S Lumber,U S Lumber,,543144420,,,"U S Lumber, Luminaire, 543144420",LUMINAIRE,"U S Lumber, 543144420, Luminaire",U S Lumber Luminaire,"U S Lumber, Luminaire",,,,,,,,,,,,,,,,,,,,,,,,,,,Luminaire,Series,,,Model,,,Item Type,,,Voltage Rating,,,Amperage Rating,,,Dimensions,,,Mounting Type,,,Material,,,Color,,,Sound Level,,,Additional Information,,,,,,,,,,,,,,,description,1nx6-20' Island Mist Grooved - Trex Transcend Lineage Decking,,manufacturer,U S Lumber,,catalog_category,General Commercial,,full_part_number,543144420,,,,,,,,,,,,,,,,,,,,,,,,,,,,,,,,,,,,,,,,,,,,,,,,,,,,,,,,,,,,,,,,,,,,,,,,,,,,,,,,,,,,,,,,,,,,,,,,,,,,,1,EA,,,,,,,,,,,,,,,,,,,,,,,,,,,,,,,,,,,,,US,No,No
,,,,,,543143412,,,,543143412,543143412,1nx6-12' Jasper Grooved - Trex Transcend Lineage Decking,-- Unbranded --,-- No Unilog Brand --,-- No DIB Brand --,U S Lumber (3073),U S Lumber,U S Lumber,,543143412,,,"U S Lumber, Luminaire, 543143412",LUMINAIRE,"U S Lumber, 543143412, Luminaire",U S Lumber Luminaire,"U S Lumber, Luminaire",,,,,,,,,,,,,,,,,,,,,,,,,,,Luminaire,Series,,,Model,,,Item Type,,,Voltage Rating,,,Amperage Rating,,,Dimensions,,,Mounting Type,,,Material,,,Color,,,Sound Level,,,Additional Information,,,,,,,,,,,,,,,description,1nx6-12' Jasper Grooved - Trex Transcend Lineage Decking,,manufacturer,U S Lumber,,catalog_category,General Commercial,,,,,,,,,,,,,,,,,,,,,,,,,,,,,,,,,,,,,,,,,,,,,,,,,,,,,,,,,,,,,,,,,,,,,,,,,,,,,,,,,,,,,,,,,,,,,,,,,,,,,,,,1,EA,,,,,,,,,,,,,,,,,,,,,,,,,,,,,,,,,,,,,US,No,No
,,,,,,543143416,,,,543143416,543143416,1nx6-16' Jasper Grooved - Trex Transcend Lineage Decking,-- Unbranded --,-- No Unilog Brand --,-- No DIB Brand --,U S Lumber (3073),U S Lumber,U S Lumber,,543143416,,,"U S Lumber, Luminaire, 543143416",LUMINAIRE,"U S Lumber, 543143416, Luminaire",U S Lumber Luminaire,"U S Lumber, Luminaire",,,,,,,,,,,,,,,,,,,,,,,,,,,Luminaire,Series,,,Model,,,Item Type,,,Voltage Rating,,,Amperage Rating,,,Dimensions,,,Mounting Type,,,Material,,,Color,,,Sound Level,,,Additional Information,,,,,,,,,,,,,,,description,1nx6-16' Jasper Grooved - Trex Transcend Lineage Decking,,manufacturer,U S Lumber,,catalog_category,General Commercial,,,,,,,,,,,,,,,,,,,,,,,,,,,,,,,,,,,,,,,,,,,,,,,,,,,,,,,,,,,,,,,,,,,,,,,,,,,,,,,,,,,,,,,,,,,,,,,,,,,,,,,,1,EA,,,,,,,,,,,,,,,,,,,,,,,,,,,,,,,,,,,,,US,No,No
,,,,,,543143420,,,,543143420,543143420,1nx6-20' Jasper Grooved - Trex Transcend Lineage Decking,-- Unbranded --,-- No Unilog Brand --,-- No DIB Brand --,U S Lumber (3073),U S Lumber,U S Lumber,,543143420,,,"U S Lumber, Luminaire, 543143420",LUMINAIRE,"U S Lumber, 543143420, Luminaire",U S Lumber Luminaire,"U S Lumber, Luminaire",,,,,,,,,,,,,,,,,,,,,,,,,,,Luminaire,Series,,,Model,,,Item Type,,,Voltage Rating,,,Amperage Rating,,,Dimensions,,,Mounting Type,,,Material,,,Color,,,Sound Level,,,Additional Information,,,,,,,,,,,,,,,description,1nx6-20' Jasper Grooved - Trex Transcend Lineage Decking,,manufacturer,U S Lumber,,catalog_category,General Commercial,,,,,,,,,,,,,,,,,,,,,,,,,,,,,,,,,,,,,,,,,,,,,,,,,,,,,,,,,,,,,,,,,,,,,,,,,,,,,,,,,,,,,,,,,,,,,,,,,,,,,,,,1,EA,,,,,,,,,,,,,,,,,,,,,,,,,,,,,,,,,,,,,US,No,No
,,,,,,543141412,,,,543141412,543141412,1nx6-12' Rainier Grooved - Trex Transcend Lineage Decking,-- Unbranded --,-- No Unilog Brand --,-- No DIB Brand --,U S Lumber (3073),U S Lumber,U S Lumber,,543141412,,,"U S Lumber, Decking, 543141412",DECKING 1INX6-12 FT,"U S Lumber, 543141412, Decking","U S Lumber Decking, 1inx6-12 ft","U S Lumber, Decking",,,,,,,,,,,,,,,,,,,,,,,,,,,Decking,Series,,,Model,,,Item Type,,,Voltage Rating,,,Amperage Rating,,,Dimensions,1inx6-12 ft,,Mounting Type,,,Material,,,Color,,,Sound Level,,,Additional Information,,,,,,,,,,,,,,,supplier,U S Lumber,,category,General Commercial,,,,,,,,,,,,,,,,,,,,,,,,,,,,,,,,,,,,,,,,,,,,,,,,,,,,,,,,,,,,,,,,,,,,,,,,,,,,,,,,,,,,,,,,,,,,,,,,,,,,,,,,,,,1,EA,,,,,,,,,,,,,,,,,,,,,,,,,,,,,,,,,,,,,US,No,No
,,,,,,543141416,,,,543141416,543141416,1nx6-16' Rainier Grooved - Trex Transcend Lineage Decking,-- Unbranded --,-- No Unilog Brand --,-- No DIB Brand --,U S Lumber (3073),U S Lumber,U S Lumber,,543141416,,,"U S Lumber, Luminaire, 543141416",LUMINAIRE,"U S Lumber, 543141416, Luminaire",U S Lumber Luminaire,"U S Lumber, Luminaire",,,,,,,,,,,,,,,,,,,,,,,,,,,Luminaire,Series,,,Model,,,Item Type,,,Voltage Rating,,,Amperage Rating,,,Dimensions,,,Mounting Type,,,Material,,,Color,,,Sound Level,,,Additional Information,,,,,,,,,,,,,,,description,1nx6-16' Rainier Grooved - Trex Transcend Lineage Decking,,manufacturer,U S Lumber,,catalog_category,General Commercial,,,,,,,,,,,,,,,,,,,,,,,,,,,,,,,,,,,,,,,,,,,,,,,,,,,,,,,,,,,,,,,,,,,,,,,,,,,,,,,,,,,,,,,,,,,,,,,,,,,,,,,,1,EA,,,,,,,,,,,,,,,,,,,,,,,,,,,,,,,,,,,,,US,No,No
,,,,,,543141420,,,,543141420,543141420,1nx6-20' Rainier Grooved - Trex Transcend Lineage Decking,-- Unbranded --,-- No Unilog Brand --,-- No DIB Brand --,U S Lumber (3073),U S Lumber,U S Lumber,,543141420,,,"U S Lumber, Luminaire, 543141420",LUMINAIRE,"U S Lumber, 543141420, Luminaire",U S Lumber Luminaire,"U S Lumber, Luminaire",,,,,,,,,,,,,,,,,,,,,,,,,,,Luminaire,Series,,,Model,,,Item Type,,,Voltage Rating,,,Amperage Rating,,,Dimensions,,,Mounting Type,,,Material,,,Color,,,Sound Level,,,Additional Information,,,,,,,,,,,,,,,description,1nx6-20' Rainier Grooved - Trex Transcend Lineage Decking,,manufacturer,U S Lumber,,catalog_category,General Commercial,,,,,,,,,,,,,,,,,,,,,,,,,,,,,,,,,,,,,,,,,,,,,,,,,,,,,,,,,,,,,,,,,,,,,,,,,,,,,,,,,,,,,,,,,,,,,,,,,,,,,,,,1,EA,,,,,,,,,,,,,,,,,,,,,,,,,,,,,,,,,,,,,US,No,No
https://www.bc.com/product/1513703,,,,,,1513703,,,,1513703,1513703,1nx6-16' Hatteras Sq Edge - Trex Transcend Lineage Decking,-- Unbranded --,-- No Unilog Brand --,-- No DIB Brand --,Boise Cascade Building Materials (BOICA),Boise Cascade Company,BOISE CASCADE®,,1513703,,,"BOISE CASCADE®, Decking, 1513703",DECKING 1INX6-16 FT,"BOISE CASCADE®, 1513703, Decking","BOISE CASCADE® Decking, 1inx6-16 ft","BOISE CASCADE®, Decking",,,,,,,,,,,,,,,,,,,,,,,,,,,Decking,Series,,,Model,,,Item Type,,,Voltage Rating,,,Amperage Rating,,,Dimensions,1inx6-16 ft,,Mounting Type,,,Material,,,Color,,,Sound Level,,,Additional Information,,,,,,,,,,,,,,,Lineage,Transcend,,Edge Profile,Sq Edge,,Product Line,Hatteras,,,,,,,,,,,,,,,,,,,,,,,,,,,,,,,,,,,,,,,,,,,,,,,,,,,,,,,,,,,,,,,,,,,,,,,,,,,,,,,,,,,,,,,,,,,,,,,,,,,,,,,,1,EA,,,,,,,,,,,,,,,,,,,,,,,,,,,,,,,,,,,,,US,No,No
https://www.bc.com/product/1513704,,,,,,1513704,,,,1513704,1513704,1nx6-20' Hatteras Sq Edge - Trex Transcend Lineage Decking,-- Unbranded --,-- No Unilog Brand --,-- No DIB Brand --,Boise Cascade Building Materials (BOICA),Boise Cascade Company,BOISE CASCADE®,,1513704,,,"BOISE CASCADE®, Decking, 1513704",DECKING,"BOISE CASCADE®, 1513704, Decking",BOISE CASCADE® Decking,"BOISE CASCADE®, Decking",,,,,,,,,,,,,,,,,,,,,,,,,,,Decking,Series,,,Model,,,Item Type,,,Voltage Rating,,,Amperage Rating,,,Dimensions,,,Mounting Type,,,Material,,,Color,,,Sound Level,,,Additional Information,,,,,,,,,,,,,,,supplier,BOISE CASCADE,,catalog_category,General Commercial,,description,1inx6-20' Hatteras Sq Edge - Trex Transcend Lineage Decking,,,,,,,,,,,,,,,,,,,,,,,,,,,,,,,,,,,,,,,,,,,,,,,,,,,,,,,,,,,,,,,,,,,,,,,,,,,,,,,,,,,,,,,,,,,,,,,,,,,,,,,,1,EA,,,,,,,,,,,,,,,,,,,,,,,,,,,,,,,,,,,,,US,No,No
https://www.bc.com/product/1513705,,,,,,1513705,,,,1513705,1513705,1nx6-12' Hatteras Grooved - Trex Transcend Lineage Decking,-- Unbranded --,-- No Unilog Brand --,-- No DIB Brand --,Boise Cascade Building Materials (BOICA),Boise Cascade Company,BOISE CASCADE®,,1513705,,,"BOISE CASCADE®, Decking, 1513705",DECKING 1INX6-12 FT,"BOISE CASCADE®, 1513705, Decking","BOISE CASCADE® Decking, 1inx6-12 ft","BOISE CASCADE®, Decking",,,,,,,,,,,,,,,,,,,,,,,,,,,Decking,Series,,,Model,,,Item Type,,,Voltage Rating,,,Amperage Rating,,,Dimensions,1inx6-12 ft,,Mounting Type,,,Material,,,Color,,,Sound Level,,,Additional Information,,,,,,,,,,,,,,,supplier,BOISE CASCADE®,,catalog_category,General Commercial,,description,Hatteras Grooved - Trex Transcend Lineage Decking,,,,,,,,,,,,,,,,,,,,,,,,,,,,,,,,,,,,,,,,,,,,,,,,,,,,,,,,,,,,,,,,,,,,,,,,,,,,,,,,,,,,,,,,,,,,,,,,,,,,,,,,1,EA,,,,,,,,,,,,,,,,,,,,,,,,,,,,,,,,,,,,,US,No,No
https://www.bc.com/product/1513706,,,,,,1513706,,,,1513706,1513706,1nx6-16' Hatteras Grooved - Trex Transcend Lineage Decking,-- Unbranded --,-- No Unilog Brand --,-- No DIB Brand --,Boise Cascade Building Materials (BOICA),Boise Cascade Company,BOISE CASCADE®,,1513706,,,"BOISE CASCADE®, Decking, 1513706",DECKING,"BOISE CASCADE®, 1513706, Decking",BOISE CASCADE® Decking,"BOISE CASCADE®, Decking",,,,,,,,,,,,,,,,,,,,,,,,,,,Decking,Series,,,Model,,,Item Type,,,Voltage Rating,,,Amperage Rating,,,Dimensions,,,Mounting Type,,,Material,,,Color,,,Sound Level,,,Additional Information,,,,,,,,,,,,,,,description,1inx6-16' Hatteras Grooved - Trex Transcend Lineage Decking,,manufacturer,BOISE CASCADE®,,catalog_category,General Commercial,,,,,,,,,,,,,,,,,,,,,,,,,,,,,,,,,,,,,,,,,,,,,,,,,,,,,,,,,,,,,,,,,,,,,,,,,,,,,,,,,,,,,,,,,,,,,,,,,,,,,,,,1,EA,,,,,,,,,,,,,,,,,,,,,,,,,,,,,,,,,,,,,US,No,No
https://www.bc.com/product/1513707,,,,,,1513707,,,,1513707,1513707,1nx6-20' Hatteras Grooved - Trex Transcend Lineage Decking,-- Unbranded --,-- No Unilog Brand --,-- No DIB Brand --,Boise Cascade Building Materials (BOICA),Boise Cascade Company,BOISE CASCADE®,,1513707,,,"BOISE CASCADE®, Decking, 1513707",DECKING,"BOISE CASCADE®, 1513707, Decking",BOISE CASCADE® Decking,"BOISE CASCADE®, Decking",,,,,,,,,,,,,,,,,,,,,,,,,,,Decking,Series,,,Model,,,Item Type,,,Voltage Rating,,,Amperage Rating,,,Dimensions,,,Mounting Type,,,Material,,,Color,,,Sound Level,,,Additional Information,,,,,,,,,,,,,,,description,1inx6-20' Hatteras Grooved - Trex Transcend Lineage Decking,,manufacturer,BOISE CASCADE®,,catalog_category,General Commercial,,,,,,,,,,,,,,,,,,,,,,,,,,,,,,,,,,,,,,,,,,,,,,,,,,,,,,,,,,,,,,,,,,,,,,,,,,,,,,,,,,,,,,,,,,,,,,,,,,,,,,,,1,EA,,,,,,,,,,,,,,,,,,,,,,,,,,,,,,,,,,,,,US,No,No
https://www.bc.com/product/1513708,,,,,,1513708,,,,1513708,1513708,1nx6-16' Salt Flat Sq Edge - Trex Transcend Lineage Decking,-- Unbranded --,-- No Unilog Brand --,-- No DIB Brand --,Boise Cascade Building Materials (BOICA),Boise Cascade Company,BOISE CASCADE®,,1513708,,,"BOISE CASCADE®, Luminaire, 1513708",LUMINAIRE,"BOISE CASCADE®, 1513708, Luminaire",BOISE CASCADE® Luminaire,"BOISE CASCADE®, Luminaire",,,,,,,,,,,,,,,,,,,,,,,,,,,Luminaire,Series,,,Model,,,Item Type,,,Voltage Rating,,,Amperage Rating,,,Dimensions,,,Mounting Type,,,Material,,,Color,,,Sound Level,,,Additional Information,,,,,,,,,,,,,,,Product Line,Transcend Lineage,,Edge Profile,Salt Flat Sq Edge,,Length,16',,Category,General Commercial,,,,,,,,,,,,,,,,,,,,,,,,,,,,,,,,,,,,,,,,,,,,,,,,,,,,,,,,,,,,,,,,,,,,,,,,,,,,,,,,,,,,,,,,,,,,,,,,,,,,,1,EA,,,,,,,,,,,,,,,,,,,,,,,,,,,,,,,,,,,,,US,No,No
https://www.bc.com/product/1513709,,,,,,1513709,,,,1513709,1513709,1nx6-20' Salt Flat Sq Edge - Trex Transcend Lineage Decking,-- Unbranded --,-- No Unilog Brand --,-- No DIB Brand --,Boise Cascade Building Materials (BOICA),Boise Cascade Company,BOISE CASCADE®,,1513709,,,"BOISE CASCADE®, Luminaire, 1513709",LUMINAIRE,"BOISE CASCADE®, 1513709, Luminaire",BOISE CASCADE® Luminaire,"BOISE CASCADE®, Luminaire",,,,,,,,,,,,,,,,,,,,,,,,,,,Luminaire,Series,,,Model,,,Item Type,,,Voltage Rating,,,Amperage Rating,,,Dimensions,,,Mounting Type,,,Material,,,Color,,,Sound Level,,,Additional Information,,,,,,,,,,,,,,,Product Line,Transcend Lineage,,Edge Profile,Salt Flat Sq Edge,,Length,20',,Material Category,Decking,,Supplier,BOISE CASCADE®,,,,,,,,,,,,,,,,,,,,,,,,,,,,,,,,,,,,,,,,,,,,,,,,,,,,,,,,,,,,,,,,,,,,,,,,,,,,,,,,,,,,,,,,,,,,,,,,,,1,EA,,,,,,,,,,,,,,,,,,,,,,,,,,,,,,,,,,,,,US,No,No
https://www.bc.com/product/1513710,,,,,,1513710,,,,1513710,1513710,1nx6-12' Salt Flat Grooved - Trex Transcend Lineage Decking,-- Unbranded --,-- No Unilog Brand --,-- No DIB Brand --,Boise Cascade Building Materials (BOICA),Boise Cascade Company,BOISE CASCADE®,,1513710,,,"BOISE CASCADE®, Luminaire, 1513710",LUMINAIRE,"BOISE CASCADE®, 1513710, Luminaire",BOISE CASCADE® Luminaire,"BOISE CASCADE®, Luminaire",,,,,,,,,,,,,,,,,,,,,,,,,,,Luminaire,Series,,,Model,,,Item Type,,,Voltage Rating,,,Amperage Rating,,,Dimensions,,,Mounting Type,,,Material,,,Color,,,Sound Level,,,Additional Information,,,,,,,,,,,,,,,description,1inx6-12' Salt Flat Grooved - Trex Transcend Lineage Decking,,manufacturer_part_number,1513710,,supplier,BOISE CASCADE,,catalog_category,General Commercial,,,,,,,,,,,,,,,,,,,,,,,,,,,,,,,,,,,,,,,,,,,,,,,,,,,,,,,,,,,,,,,,,,,,,,,,,,,,,,,,,,,,,,,,,,,,,,,,,,,,,1,EA,,,,,,,,,,,,,,,,,,,,,,,,,,,,,,,,,,,,,US,No,No
https://www.bc.com/product/1513711,,,,,,1513711,,,,1513711,1513711,1nx6-16' Salt Flat Grooved - Trex Transcend Lineage Decking,-- Unbranded --,-- No Unilog Brand --,-- No DIB Brand --,Boise Cascade Building Materials (BOICA),Boise Cascade Company,BOISE CASCADE®,,1513711,,,"BOISE CASCADE®, Luminaire, 1513711",LUMINAIRE,"BOISE CASCADE®, 1513711, Luminaire",BOISE CASCADE® Luminaire,"BOISE CASCADE®, Luminaire",,,,,,,,,,,,,,,,,,,,,,,,,,,Luminaire,Series,,,Model,,,Item Type,,,Voltage Rating,,,Amperage Rating,,,Dimensions,,,Mounting Type,,,Material,,,Color,Salt Flat,,Sound Level,,,Additional Information,,,,,,,,,,,,,,,Product Line,Transcend Lineage,,Decking Type,Grooved,,Length,16',,,,,,,,,,,,,,,,,,,,,,,,,,,,,,,,,,,,,,,,,,,,,,,,,,,,,,,,,,,,,,,,,,,,,,,,,,,,,,,,,,,,,,,,,,,,,,,,,,,,,,,,1,EA,,,,,,,,,,,,,,,,,,,,,,,,,,,,,,,,,,,,,US,No,No
https://www.bc.com/product/1513712,,,,,,1513712,,,,1513712,1513712,1nx6-20' Salt Flat Grooved - Trex Transcend Lineage Decking,-- Unbranded --,-- No Unilog Brand --,-- No DIB Brand --,Boise Cascade Building Materials (BOICA),Boise Cascade Company,BOISE CASCADE®,,1513712,,,"BOISE CASCADE®, Decking, 1513712",DECKING,"BOISE CASCADE®, 1513712, Decking",BOISE CASCADE® Decking,"BOISE CASCADE®, Decking",,,,,,,,,,,,,,,,,,,,,,,,,,,Decking,Series,,,Model,,,Item Type,,,Voltage Rating,,,Amperage Rating,,,Dimensions,,,Mounting Type,,,Material,,,Color,,,Sound Level,,,Additional Information,,,,,,,,,,,,,,,description,1inx6-20' Salt Flat Grooved - Trex Transcend Lineage Decking,,manufacturer_part_number,1513712,,supplier,BOISE CASCADE,,catalog_category,General Commercial,,,,,,,,,,,,,,,,,,,,,,,,,,,,,,,,,,,,,,,,,,,,,,,,,,,,,,,,,,,,,,,,,,,,,,,,,,,,,,,,,,,,,,,,,,,,,,,,,,,,,1,EA,,,,,,,,,,,,,,,,,,,,,,,,,,,,,,,,,,,,,US,No,No
https://www.bc.com/product/1513717,,,,,,1513717,,,,1513717,1513717,1nx6-16' Honey Grove Sq Edge - Trex Enhance Naturals Decking,-- Unbranded --,-- No Unilog Brand --,-- No DIB Brand --,Boise Cascade Building Materials (BOICA),Boise Cascade Company,BOISE CASCADE®,,1513717,,,"BOISE CASCADE®, Luminaire, 1513717",LUMINAIRE,"BOISE CASCADE®, 1513717, Luminaire",BOISE CASCADE® Luminaire,"BOISE CASCADE®, Luminaire",,,,,,,,,,,,,,,,,,,,,,,,,,,Luminaire,Series,,,Model,,,Item Type,,,Voltage Rating,,,Amperage Rating,,,Dimensions,,,Mounting Type,,,Material,,,Color,,,Sound Level,,,Additional Information,,,,,,,,,,,,,,,description,1nx6-16' Honey Grove Sq Edge - Trex Enhance Naturals Decking,,manufacturer_part_number,1513717,,supplier_manufacturer,BOISE CASCADE,,catalog_category,General Commercial,,,,,,,,,,,,,,,,,,,,,,,,,,,,,,,,,,,,,,,,,,,,,,,,,,,,,,,,,,,,,,,,,,,,,,,,,,,,,,,,,,,,,,,,,,,,,,,,,,,,,1,EA,,,,,,,,,,,,,,,,,,,,,,,,,,,,,,,,,,,,,US,No,No
https://www.bc.com/product/1513718,,,,,,1513718,,,,1513718,1513718,1nx6-20' Honey Grove Sq Edge - Trex Enhance Naturals Decking,-- Unbranded --,-- No Unilog Brand --,-- No DIB Brand --,Boise Cascade Building Materials (BOICA),Boise Cascade Company,BOISE CASCADE®,,1513718,,,"BOISE CASCADE®, Decking, 1513718",DECKING,"BOISE CASCADE®, 1513718, Decking",BOISE CASCADE® Decking,"BOISE CASCADE®, Decking",,,,,,,,,,,,,,,,,,,,,,,,,,,Decking,Series,,,Model,,,Item Type,,,Voltage Rating,,,Amperage Rating,,,Dimensions,,,Mounting Type,,,Material,,,Color,,,Sound Level,,,Additional Information,,,,,,,,,,,,,,,Product Line,Enhance Naturals,,Edge Profile,Sq Edge,,Length,20',,Material Type,Trex Enhance Naturals,,,,,,,,,,,,,,,,,,,,,,,,,,,,,,,,,,,,,,,,,,,,,,,,,,,,,,,,,,,,,,,,,,,,,,,,,,,,,,,,,,,,,,,,,,,,,,,,,,,,,1,EA,,,,,,,,,,,,,,,,,,,,,,,,,,,,,,,,,,,,,US,No,No
https://www.bc.com/product/1513719,,,,,,1513719,,,,1513719,1513719,1nx6-12' Honey Grove Grooved - Trex Enhance Naturals Decking,-- Unbranded --,-- No Unilog Brand --,-- No DIB Brand --,Boise Cascade Building Materials (BOICA),Boise Cascade Company,BOISE CASCADE®,,1513719,,,"BOISE CASCADE®, Decking, 1513719, Trex Enhance Naturals",DECKING TREX ENHANCE NATURALS 1 INX6 IN,"BOISE CASCADE®, 1513719, Decking, Trex Enhance Naturals","BOISE CASCADE® Decking, 1 inx6 in, Trex Enhance Naturals","BOISE CASCADE®, Decking, Trex Enhance Naturals",,,,,,,,,,,,,,,,,,,,,,,,,,,Decking,Series,,,Model,,,Item Type,,,Voltage Rating,,,Amperage Rating,,,Dimensions,1 inx6 in,,Mounting Type,,,Material,Trex Enhance Naturals,,Color,,,Sound Level,,,Additional Information,,,,,,,,,,,,,,,length,12',,category,General Commercial,,,,,,,,,,,,,,,,,,,,,,,,,,,,,,,,,,,,,,,,,,,,,,,,,,,,,,,,,,,,,,,,,,,,,,,,,,,,,,,,,,,,,,,,,,,,,,,,,,,,,,,,,,,1,EA,,,,,,,,,,,,,,,,,,,,,,,,,,,,,,,,,,,,,US,No,No
https://www.bc.com/product/1513720,,,,,,1513720,,,,1513720,1513720,1nx6-16' Honey Grove Grooved - Trex Enhance Naturals Decking,-- Unbranded --,-- No Unilog Brand --,-- No DIB Brand --,Boise Cascade Building Materials (BOICA),Boise Cascade Company,BOISE CASCADE®,,1513720,,,"BOISE CASCADE®, Decking, 1513720",DECKING,"BOISE CASCADE®, 1513720, Decking",BOISE CASCADE® Decking,"BOISE CASCADE®, Decking",,,,,,,,,,,,,,,,,,,,,,,,,,,Decking,Series,,,Model,,,Item Type,,,Voltage Rating,,,Amperage Rating,,,Dimensions,,,Mounting Type,,,Material,,,Color,,,Sound Level,,,Additional Information,,,,,,,,,,,,,,,description,1nx6-16' Honey Grove Grooved - Trex Enhance Naturals Decking,,manufacturer_part_number,1513720,,supplier_manufacturer,BOISE CASCADE,,catalog_category,General Commercial,,,,,,,,,,,,,,,,,,,,,,,,,,,,,,,,,,,,,,,,,,,,,,,,,,,,,,,,,,,,,,,,,,,,,,,,,,,,,,,,,,,,,,,,,,,,,,,,,,,,,1,EA,,,,,,,,,,,,,,,,,,,,,,,,,,,,,,,,,,,,,US,No,No
https://www.bc.com/product/1513721,,,,,,1513721,,,,1513721,1513721,1nx6-20' Honey Grove Grooved - Trex Enhance Naturals Decking,-- Unbranded --,-- No Unilog Brand --,-- No DIB Brand --,Boise Cascade Building Materials (BOICA),Boise Cascade Company,BOISE CASCADE®,,1513721,,,"BOISE CASCADE®, Decking, 1513721",DECKING,"BOISE CASCADE®, 1513721, Decking",BOISE CASCADE® Decking,"BOISE CASCADE®, Decking",,,,,,,,,,,,,,,,,,,,,,,,,,,Decking,Series,,,Model,,,Item Type,,,Voltage Rating,,,Amperage Rating,,,Dimensions,,,Mounting Type,,,Material,,,Color,,,Sound Level,,,Additional Information,,,,,,,,,,,,,,,description,1nx6-20' Honey Grove Grooved - Trex Enhance Naturals Decking,,manufacturer_part_number,1513721,,supplier_manufacturer,BOISE CASCADE®,,catalog_category,General Commercial,,,,,,,,,,,,,,,,,,,,,,,,,,,,,,,,,,,,,,,,,,,,,,,,,,,,,,,,,,,,,,,,,,,,,,,,,,,,,,,,,,,,,,,,,,,,,,,,,,,,,1,EA,,,,,,,,,,,,,,,,,,,,,,,,,,,,,,,,,,,,,US,No,No
https://www.bc.com/product/1513724,,,,,,1513724,,,,1513724,1513724,1nx6-16' Tide Pool Sq Edge - Trex Enhance Basics Decking,-- Unbranded --,-- No Unilog Brand --,-- No DIB Brand --,Boise Cascade Building Materials (BOICA),Boise Cascade Company,BOISE CASCADE®,,1513724,,,"BOISE CASCADE®, Decking, 1513724",DECKING 1INX6-16 FT,"BOISE CASCADE®, 1513724, Decking","BOISE CASCADE® Decking, 1inx6-16 ft","BOISE CASCADE®, Decking",,,,,,,,,,,,,,,,,,,,,,,,,,,Decking,Series,,,Model,,,Item Type,,,Voltage Rating,,,Amperage Rating,,,Dimensions,1inx6-16 ft,,Mounting Type,,,Material,,,Color,,,Sound Level,,,Additional Information,,,,,,,,,,,,,,,Tide Pool,Sq Edge,,Enhance Basics,Decking,,Length,16',,Supplier,BOISE CASCADE,,,,,,,,,,,,,,,,,,,,,,,,,,,,,,,,,,,,,,,,,,,,,,,,,,,,,,,,,,,,,,,,,,,,,,,,,,,,,,,,,,,,,,,,,,,,,,,,,,,,,1,EA,,,,,,,,,,,,,,,,,,,,,,,,,,,,,,,,,,,,,US,No,No
https://www.bc.com/product/1513725,,,,,,1513725,,,,1513725,1513725,1nx6-20' Tide Pool Sq Edge - Trex Enhance Basics Decking,-- Unbranded --,-- No Unilog Brand --,-- No DIB Brand --,Boise Cascade Building Materials (BOICA),Boise Cascade Company,BOISE CASCADE®,,1513725,,,"BOISE CASCADE®, Decking, 1513725",DECKING,"BOISE CASCADE®, 1513725, Decking",BOISE CASCADE® Decking,"BOISE CASCADE®, Decking",,,,,,,,,,,,,,,,,,,,,,,,,,,Decking,Series,,,Model,,,Item Type,,,Voltage Rating,,,Amperage Rating,,,Dimensions,,,Mounting Type,,,Material,,,Color,,,Sound Level,,,Additional Information,,,,,,,,,,,,,,,Product Line,Enhance Basics,,Edge Profile,Sq Edge,,Length,20',,Color/Finish,Tide Pool,,,,,,,,,,,,,,,,,,,,,,,,,,,,,,,,,,,,,,,,,,,,,,,,,,,,,,,,,,,,,,,,,,,,,,,,,,,,,,,,,,,,,,,,,,,,,,,,,,,,,1,EA,,,,,,,,,,,,,,,,,,,,,,,,,,,,,,,,,,,,,US,No,No
https://www.bc.com/product/1513726,,,,,,1513726,,,,1513726,1513726,1nx6-12' Tide Pool Grooved - Trex Enhance Basics Decking,-- Unbranded --,-- No Unilog Brand --,-- No DIB Brand --,Boise Cascade Building Materials (BOICA),Boise Cascade Company,BOISE CASCADE®,,1513726,,,"BOISE CASCADE®, Decking, 1513726, Trex Enhance Basics",DECKING TREX ENHANCE BASICS 1INX6-12 FT,"BOISE CASCADE®, 1513726, Decking, Trex Enhance Basics","BOISE CASCADE® Decking, 1inx6-12 ft, Trex Enhance Basics","BOISE CASCADE®, Decking, Trex Enhance Basics",,,,,,,,,,,,,,,,,,,,,,,,,,,Decking,Series,,,Model,,,Item Type,,,Voltage Rating,,,Amperage Rating,,,Dimensions,1inx6-12 ft,,Mounting Type,,,Material,Trex Enhance Basics,,Color,,,Sound Level,,,Additional Information,,,,,,,,,,,,,,,Category,General Commercial,,,,,,,,,,,,,,,,,,,,,,,,,,,,,,,,,,,,,,,,,,,,,,,,,,,,,,,,,,,,,,,,,,,,,,,,,,,,,,,,,,,,,,,,,,,,,,,,,,,,,,,,,,,,,,1,EA,,,,,,,,,,,,,,,,,,,,,,,,,,,,,,,,,,,,,US,No,No
https://www.bc.com/product/1513727,,,,,,1513727,,,,1513727,1513727,1nx6-16' Tide Pool Grooved - Trex Enhance Basics Decking,-- Unbranded --,-- No Unilog Brand --,-- No DIB Brand --,Boise Cascade Building Materials (BOICA),Boise Cascade Company,BOISE CASCADE®,,1513727,,,"BOISE CASCADE®, Decking, 1513727",DECKING,"BOISE CASCADE®, 1513727, Decking",BOISE CASCADE® Decking,"BOISE CASCADE®, Decking",,,,,,,,,,,,,,,,,,,,,,,,,,,Decking,Series,,,Model,,,Item Type,,,Voltage Rating,,,Amperage Rating,,,Dimensions,,,Mounting Type,,,Material,,,Color,,,Sound Level,,,Additional Information,,,,,,,,,,,,,,,Product Line,Enhance Basics,,Color/Finish,Tide Pool,,Length,16',,Groove Type,Grooved,,,,,,,,,,,,,,,,,,,,,,,,,,,,,,,,,,,,,,,,,,,,,,,,,,,,,,,,,,,,,,,,,,,,,,,,,,,,,,,,,,,,,,,,,,,,,,,,,,,,,1,EA,,,,,,,,,,,,,,,,,,,,,,,,,,,,,,,,,,,,,US,No,No
https://www.bc.com/product/1513728,,,,,,1513728,,,,1513728,1513728,1nx6-20' Tide Pool Grooved - Trex Enhance Basics Decking,-- Unbranded --,-- No Unilog Brand --,-- No DIB Brand --,Boise Cascade Building Materials (BOICA),Boise Cascade Company,BOISE CASCADE®,,1513728,,,"BOISE CASCADE®, Decking, 1513728",DECKING,"BOISE CASCADE®, 1513728, Decking",BOISE CASCADE® Decking,"BOISE CASCADE®, Decking",,,,,,,,,,,,,,,,,,,,,,,,,,,Decking,Series,,,Model,,,Item Type,,,Voltage Rating,,,Amperage Rating,,,Dimensions,,,Mounting Type,,,Material,,,Color,,,Sound Level,,,Additional Information,,,,,,,,,,,,,,,description,1inx6-20' Tide Pool Grooved - Trex Enhance Basics Decking,,manufacturer,BOISE CASCADE®,,catalog_category,General Commercial,,,,,,,,,,,,,,,,,,,,,,,,,,,,,,,,,,,,,,,,,,,,,,,,,,,,,,,,,,,,,,,,,,,,,,,,,,,,,,,,,,,,,,,,,,,,,,,,,,,,,,,,1,EA,,,,,,,,,,,,,,,,,,,,,,,,,,,,,,,,,,,,,US,No,No
https://www.edgeeyewear.com/product/543076016,,,,,,543076016,,,,543076016,543076016,1nx6-16' Cinnamon Cove Sq Edge - Trex Enhance Naturals Decking,-- Unbranded --,-- No Unilog Brand --,-- No DIB Brand --,Boise Cascade Building Materials (BOICA),Edge Eyewear,EDGE SAFETY®,,543076016,,,"EDGE SAFETY®, Luminaire, 543076016",LUMINAIRE,"EDGE SAFETY®, 543076016, Luminaire",EDGE SAFETY® Luminaire,"EDGE SAFETY®, Luminaire",,,,,,,,,,,,,,,,,,,,,,,,,,,Luminaire,Series,,,Model,,,Item Type,,,Voltage Rating,,,Amperage Rating,,,Dimensions,,,Mounting Type,,,Material,,,Color,,,Sound Level,,,Additional Information,,,,,,,,,,,,,,,description,1nx6-16' Cinnamon Cove Sq Edge - Trex Enhance Naturals Decking,,manufacturer_part_number,543076016,,supplier_manufacturer,EDGE SAFETY,,catalog_category,General Commercial,,,,,,,,,,,,,,,,,,,,,,,,,,,,,,,,,,,,,,,,,,,,,,,,,,,,,,,,,,,,,,,,,,,,,,,,,,,,,,,,,,,,,,,,,,,,,,,,,,,,,1,EA,,,,,,,,,,,,,,,,,,,,,,,,,,,,,,,,,,,,,US,No,No
,,,,,,543076020,,,,,543076020,1nx6-20' Cinnamon Cove Sq Edge - Trex Enhance Naturals Decking,,,,Boise Cascade Building Materials (BOICA),Boise Cascade Building Materials (BOICA),Boise Cascade Building Materials (BOICA),,543076020,,,Boise Cascade Building Materials (BOICA) 1nx6-20' Cinnamon C,BOISE CA 1NX6-20' CINNAM 543076020,,,,,,,,,,,,,,,,,,,,,,,,,,,,,,1nx6-20' Cinnamon Cove Sq Edge,,,,,,,,,,,,,,,,,,,,,,,,,,,,,,,,,,,,,,,,,,,,,,,,,,,,,,,,,,,,,,,,,,,,,,,,,,,,,,,,,,,,,,,,,,,,,,,,,,,,,,,,,,,,,,,,,,,,,,,,,,,,,,,,,,,,,,,,,,,,,,,,,,,,,,,,,,,,,,,,,,,,,,,,,,,,,,,,,,,,,,,,,,,,,,,,,,,,,No
https://www.bc.com/product/543076412,,,,,,543076412,,,,543076412,543076412,1nx6-12' Cinnamon Cove Grooved - Trex Enhance Naturals Decking,-- Unbranded --,-- No Unilog Brand --,-- No DIB Brand --,Boise Cascade Building Materials (BOICA),Boise Cascade Building Materials,Boise Cascade Building Materials,,543076412,,,"Boise Cascade Building Materials, Decking, 543076412, Naturals",DECKING NATURALS 1INX6-12 FT,"Boise Cascade Building Materials, 543076412, Decking, Naturals","Boise Cascade Building Materials Decking, 1inx6-12 ft, Naturals","Boise Cascade Building Materials, Decking, Naturals",,,,,,,,,,,,,,,,,,,,,,,,,,,Decking,Series,,,Model,,,Item Type,,,Voltage Rating,,,Amperage Rating,,,Dimensions,1inx6-12 ft,,Mounting Type,,,Material,Naturals,,Color,,,Sound Level,,,Additional Information,,,,,,,,,,,,,,,Cove_Groove,True,,Enhance_Naturals,True,,Manufacturer,Boise Cascade Building Materials,,Category,General Commercial,,,,,,,,,,,,,,,,,,,,,,,,,,,,,,,,,,,,,,,,,,,,,,,,,,,,,,,,,,,,,,,,,,,,,,,,,,,,,,,,,,,,,,,,,,,,,,,,,,,,,1,EA,,,,,,,,,,,,,,,,,,,,,,,,,,,,,,,,,,,,,US,No,No
https://www.bc.com/product/543076416,,,,,,543076416,,,,543076416,543076416,1nx6-16' Cinnamon Cove Grooved - Trex Enhance Naturals Decking,-- Unbranded --,-- No Unilog Brand --,-- No DIB Brand --,Boise Cascade Building Materials (BOICA),Boise Cascade Building Materials,Boise Cascade Building Materials,,543076416,,,"Boise Cascade Building Materials, Decking, 543076416, Naturals",DECKING NATURALS 1INX6-16 FT,"Boise Cascade Building Materials, 543076416, Decking, Naturals","Boise Cascade Building Materials Decking, 1inx6-16 ft, Naturals","Boise Cascade Building Materials, Decking, Naturals",,,,,,,,,,,,,,,,,,,,,,,,,,,Decking,Series,,,Model,,,Item Type,,,Voltage Rating,,,Amperage Rating,,,Dimensions,1inx6-16 ft,,Mounting Type,,,Material,Naturals,,Color,,,Sound Level,,,Additional Information,,,,,,,,,,,,,,,Cove_Type,Grooved,,Enhance_Subline,Naturals,,Manufacturer,Boise Cascade Building Materials,,Catalog_Category,General Commercial,,,,,,,,,,,,,,,,,,,,,,,,,,,,,,,,,,,,,,,,,,,,,,,,,,,,,,,,,,,,,,,,,,,,,,,,,,,,,,,,,,,,,,,,,,,,,,,,,,,,,1,EA,,,,,,,,,,,,,,,,,,,,,,,,,,,,,,,,,,,,,US,No,No
,,,,,,543076420,,,,,543076420,1nx6-20' Cinnamon Cove Grooved - Trex Enhance Naturals Decking,,,,Boise Cascade Building Materials (BOICA),Boise Cascade Building Materials (BOICA),Boise Cascade Building Materials (BOICA),,543076420,,,Boise Cascade Building Materials (BOICA) 1nx6-20' Cinnamon C,BOISE CA 1NX6-20' CINNAM 543076420,,,,,,,,,,,,,,,,,,,,,,,,,,,,,,1nx6-20' Cinnamon Cove Grooved,,,,,,,,,,,,,,,,,,,,,,,,,,,,,,,,,,,,,,,,,,,,,,,,,,,,,,,,,,,,,,,,,,,,,,,,,,,,,,,,,,,,,,,,,,,,,,,,,,,,,,,,,,,,,,,,,,,,,,,,,,,,,,,,,,,,,,,,,,,,,,,,,,,,,,,,,,,,,,,,,,,,,,,,,,,,,,,,,,,,,,,,,,,,,,,,,,,,,No
https://www.bc.com/product/1516870,,,,,,1516870,,,,1516870,1516870,1nx6-16' Golden Hour Sq Edge - Trex Enhance Naturals Decking,-- Unbranded --,-- No Unilog Brand --,-- No DIB Brand --,Boise Cascade Building Materials (BOICA),Boise Cascade Company,BOISE CASCADE®,,1516870,,,"BOISE CASCADE®, Decking, 1516870",DECKING 1INX6-16 FT,"BOISE CASCADE®, 1516870, Decking","BOISE CASCADE® Decking, 1inx6-16 ft","BOISE CASCADE®, Decking",,,,,,,,,,,,,,,,,,,,,,,,,,,Decking,Series,,,Model,,,Item Type,,,Voltage Rating,,,Amperage Rating,,,Dimensions,1inx6-16 ft,,Mounting Type,,,Material,,,Color,,,Sound Level,,,Additional Information,,,,,,,,,,,,,,,Golden Hour,Sq Edge,,Enhance,Naturals,,Category,General Commercial,,,,,,,,,,,,,,,,,,,,,,,,,,,,,,,,,,,,,,,,,,,,,,,,,,,,,,,,,,,,,,,,,,,,,,,,,,,,,,,,,,,,,,,,,,,,,,,,,,,,,,,,1,EA,,,,,,,,,,,,,,,,,,,,,,,,,,,,,,,,,,,,,US,No,No
https://www.bc.com/product/1516871,,,,,,1516871,,,,1516871,1516871,1nx6-20' Golden Hour Sq Edge - Trex Enhance Naturals Decking,-- Unbranded --,-- No Unilog Brand --,-- No DIB Brand --,Boise Cascade Building Materials (BOICA),Boise Cascade Company,BOISE CASCADE®,,1516871,,,"BOISE CASCADE®, Decking, 1516871",DECKING,"BOISE CASCADE®, 1516871, Decking",BOISE CASCADE® Decking,"BOISE CASCADE®, Decking",,,,,,,,,,,,,,,,,,,,,,,,,,,Decking,Series,,,Model,,,Item Type,,,Voltage Rating,,,Amperage Rating,,,Dimensions,,,Mounting Type,,,Material,,,Color,,,Sound Level,,,Additional Information,,,,,,,,,,,,,,,description,1nx6-20' Golden Hour Sq Edge - Trex Enhance Naturals Decking,,manufacturer_part_number,1516871,,supplier,BOISE CASCADE®,,catalog_category,General Commercial,,,,,,,,,,,,,,,,,,,,,,,,,,,,,,,,,,,,,,,,,,,,,,,,,,,,,,,,,,,,,,,,,,,,,,,,,,,,,,,,,,,,,,,,,,,,,,,,,,,,,1,EA,,,,,,,,,,,,,,,,,,,,,,,,,,,,,,,,,,,,,US,No,No
https://www.bc.com/product/1516872,,,,,,1516872,,,,1516872,1516872,1nx6-12' Golden Hour Grooved - Trex Enhance Naturals Decking,-- Unbranded --,-- No Unilog Brand --,-- No DIB Brand --,Boise Cascade Building Materials (BOICA),Boise Cascade Company,BOISE CASCADE®,,1516872,,,"BOISE CASCADE®, Decking, 1516872",DECKING,"BOISE CASCADE®, 1516872, Decking",BOISE CASCADE® Decking,"BOISE CASCADE®, Decking",,,,,,,,,,,,,,,,,,,,,,,,,,,Decking,Series,,,Model,,,Item Type,,,Voltage Rating,,,Amperage Rating,,,Dimensions,,,Mounting Type,,,Material,,,Color,,,Sound Level,,,Additional Information,,,,,,,,,,,,,,,description,1nx6-12' Golden Hour Grooved - Trex Enhance Naturals Decking,,manufacturer_part_number,1516872,,supplier,BOISE CASCADE,,catalog_category,General Commercial,,,,,,,,,,,,,,,,,,,,,,,,,,,,,,,,,,,,,,,,,,,,,,,,,,,,,,,,,,,,,,,,,,,,,,,,,,,,,,,,,,,,,,,,,,,,,,,,,,,,,1,EA,,,,,,,,,,,,,,,,,,,,,,,,,,,,,,,,,,,,,US,No,No
https://www.bc.com/product/1516873,,,,,,1516873,,,,1516873,1516873,1nx6-16' Golden Hour Grooved - Trex Enhance Naturals Decking,-- Unbranded --,-- No Unilog Brand --,-- No DIB Brand --,Boise Cascade Building Materials (BOICA),Boise Cascade Company,BOISE CASCADE®,,1516873,,,"BOISE CASCADE®, Decking, 1516873",DECKING,"BOISE CASCADE®, 1516873, Decking",BOISE CASCADE® Decking,"BOISE CASCADE®, Decking",,,,,,,,,,,,,,,,,,,,,,,,,,,Decking,Series,,,Model,,,Item Type,,,Voltage Rating,,,Amperage Rating,,,Dimensions,,,Mounting Type,,,Material,,,Color,,,Sound Level,,,Additional Information,,,,,,,,,,,,,,,description,1inx6-16' Golden Hour Grooved - Trex Enhance Naturals Decking,,manufacturer_part_number,1516873,,supplier,BOISE CASCADE®,,catalog_category,General Commercial,,,,,,,,,,,,,,,,,,,,,,,,,,,,,,,,,,,,,,,,,,,,,,,,,,,,,,,,,,,,,,,,,,,,,,,,,,,,,,,,,,,,,,,,,,,,,,,,,,,,,1,EA,,,,,,,,,,,,,,,,,,,,,,,,,,,,,,,,,,,,,US,No,No
https://www.bc.com/product/1516874,,,,,,1516874,,,,1516874,1516874,1nx6-20' Golden Hour Grooved - Trex Enhance Naturals Decking,-- Unbranded --,-- No Unilog Brand --,-- No DIB Brand --,Boise Cascade Building Materials (BOICA),Boise Cascade Company,BOISE CASCADE®,,1516874,,,"BOISE CASCADE®, Decking, 1516874",DECKING,"BOISE CASCADE®, 1516874, Decking",BOISE CASCADE® Decking,"BOISE CASCADE®, Decking",,,,,,,,,,,,,,,,,,,,,,,,,,,Decking,Series,,,Model,,,Item Type,,,Voltage Rating,,,Amperage Rating,,,Dimensions,,,Mounting Type,,,Material,,,Color,,,Sound Level,,,Additional Information,,,,,,,,,,,,,,,description,1nx6-20' Golden Hour Grooved - Trex Enhance Naturals Decking,,manufacturer,BOISE CASCADE®,,catalog_category,General Commercial,,,,,,,,,,,,,,,,,,,,,,,,,,,,,,,,,,,,,,,,,,,,,,,,,,,,,,,,,,,,,,,,,,,,,,,,,,,,,,,,,,,,,,,,,,,,,,,,,,,,,,,,1,EA,,,,,,,,,,,,,,,,,,,,,,,,,,,,,,,,,,,,,US,No,No
https://www.bc.com/product/1516879,,,,,,1516879,,,,1516879,1516879,1nx6-16' Pebble Beach Sq Edge - Trex Enhance Basics Decking,-- Unbranded --,-- No Unilog Brand --,-- No DIB Brand --,Boise Cascade Building Materials (BOICA),Boise Cascade Company,BOISE CASCADE®,,1516879,,,"BOISE CASCADE®, Decking, 1516879",DECKING 1 INX6 IN X 16 FT,"BOISE CASCADE®, 1516879, Decking","BOISE CASCADE® Decking, 1 inx6 in x 16 ft","BOISE CASCADE®, Decking",,,,,,,,,,,,,,,,,,,,,,,,,,,Decking,Series,,,Model,,,Item Type,,,Voltage Rating,,,Amperage Rating,,,Dimensions,1 inx6 in x 16 ft,,Mounting Type,,,Material,,,Color,,,Sound Level,,,Additional Information,,,,,,,,,,,,,,,Edge Profile,Pebble Beach Sq Edge,,Product Line,Enhance Basics,,Manufacturer,BOISE CASCADE®,,,,,,,,,,,,,,,,,,,,,,,,,,,,,,,,,,,,,,,,,,,,,,,,,,,,,,,,,,,,,,,,,,,,,,,,,,,,,,,,,,,,,,,,,,,,,,,,,,,,,,,,1,EA,,,,,,,,,,,,,,,,,,,,,,,,,,,,,,,,,,,,,US,No,No
https://www.bc.com/product/1516880,,,,,,1516880,,,,1516880,1516880,1nx6-20' Pebble Beach Sq Edge - Trex Enhance Basics Decking,-- Unbranded --,-- No Unilog Brand --,-- No DIB Brand --,Boise Cascade Building Materials (BOICA),Boise Cascade Company,BOISE CASCADE®,,1516880,,,"BOISE CASCADE®, Decking, 1516880",DECKING,"BOISE CASCADE®, 1516880, Decking",BOISE CASCADE® Decking,"BOISE CASCADE®, Decking",,,,,,,,,,,,,,,,,,,,,,,,,,,Decking,Series,,,Model,,,Item Type,,,Voltage Rating,,,Amperage Rating,,,Dimensions,,,Mounting Type,,,Material,,,Color,,,Sound Level,,,Additional Information,,,,,,,,,,,,,,,description,1inx6-20' Pebble Beach Sq Edge - Trex Enhance Basics Decking,,manufacturer,BOISE CASCADE®,,catalog_category,General Commercial,,,,,,,,,,,,,,,,,,,,,,,,,,,,,,,,,,,,,,,,,,,,,,,,,,,,,,,,,,,,,,,,,,,,,,,,,,,,,,,,,,,,,,,,,,,,,,,,,,,,,,,,1,EA,,,,,,,,,,,,,,,,,,,,,,,,,,,,,,,,,,,,,US,No,No
https://www.bc.com/product/1516881,,,,,,1516881,,,,1516881,1516881,1nx6-12' Pebble Beach Grooved - Trex Enhance Basics Decking,-- Unbranded --,-- No Unilog Brand --,-- No DIB Brand --,Boise Cascade Building Materials (BOICA),Boise Cascade Company,BOISE CASCADE®,,1516881,,,"BOISE CASCADE®, Decking, 1516881",DECKING,"BOISE CASCADE®, 1516881, Decking",BOISE CASCADE® Decking,"BOISE CASCADE®, Decking",,,,,,,,,,,,,,,,,,,,,,,,,,,Decking,Series,,,Model,,,Item Type,,,Voltage Rating,,,Amperage Rating,,,Dimensions,,,Mounting Type,,,Material,,,Color,,,Sound Level,,,Additional Information,,,,,,,,,,,,,,,description,1nx6-12' Pebble Beach Grooved - Trex Enhance Basics Decking,,manufacturer_part_number,1516881,,supplier_manufacturer,BOISE CASCADE®,,catalog_category,General Commercial,,,,,,,,,,,,,,,,,,,,,,,,,,,,,,,,,,,,,,,,,,,,,,,,,,,,,,,,,,,,,,,,,,,,,,,,,,,,,,,,,,,,,,,,,,,,,,,,,,,,,1,EA,,,,,,,,,,,,,,,,,,,,,,,,,,,,,,,,,,,,,US,No,No
https://www.bc.com/product/1516882,,,,,,1516882,,,,1516882,1516882,1nx6-16' Pebble Beach Grooved - Trex Enhance Basics Decking,-- Unbranded --,-- No Unilog Brand --,-- No DIB Brand --,Boise Cascade Building Materials (BOICA),Boise Cascade Company,BOISE CASCADE®,,1516882,,,"BOISE CASCADE®, Decking, 1516882",DECKING,"BOISE CASCADE®, 1516882, Decking",BOISE CASCADE® Decking,"BOISE CASCADE®, Decking",,,,,,,,,,,,,,,,,,,,,,,,,,,Decking,Series,,,Model,,,Item Type,,,Voltage Rating,,,Amperage Rating,,,Dimensions,,,Mounting Type,,,Material,,,Color,,,Sound Level,,,Additional Information,,,,,,,,,,,,,,,description,1inx6-16' Pebble Beach Grooved - Trex Enhance Basics Decking,,manufacturer_part_number,1516882,,supplier,BOISE CASCADE®,,catalog_category,General Commercial,,,,,,,,,,,,,,,,,,,,,,,,,,,,,,,,,,,,,,,,,,,,,,,,,,,,,,,,,,,,,,,,,,,,,,,,,,,,,,,,,,,,,,,,,,,,,,,,,,,,,1,EA,,,,,,,,,,,,,,,,,,,,,,,,,,,,,,,,,,,,,US,No,No
https://www.bc.com/product/1516883,,,,,,1516883,,,,1516883,1516883,1nx6-20' Pebble Beach Grooved - Trex Enhance Basics Decking,-- Unbranded --,-- No Unilog Brand --,-- No DIB Brand --,Boise Cascade Building Materials (BOICA),Boise Cascade Company,BOISE CASCADE®,,1516883,,,"BOISE CASCADE®, Decking, 1516883",DECKING,"BOISE CASCADE®, 1516883, Decking",BOISE CASCADE® Decking,"BOISE CASCADE®, Decking",,,,,,,,,,,,,,,,,,,,,,,,,,,Decking,Series,,,Model,,,Item Type,,,Voltage Rating,,,Amperage Rating,,,Dimensions,,,Mounting Type,,,Material,,,Color,,,Sound Level,,,Additional Information,,,,,,,,,,,,,,,description,1inx6-20' Pebble Beach Grooved - Trex Enhance Basics Decking,,manufacturer_part_number,1516883,,supplier_manufacturer,BOISE CASCADE®,,catalog_category,General Commercial,,,,,,,,,,,,,,,,,,,,,,,,,,,,,,,,,,,,,,,,,,,,,,,,,,,,,,,,,,,,,,,,,,,,,,,,,,,,,,,,,,,,,,,,,,,,,,,,,,,,,1,EA,,,,,,,,,,,,,,,,,,,,,,,,,,,,,,,,,,,,,US,No,No
https://www.edgeeyewear.com/product/543005016,,,,,,543005016,,,,543005016,543005016,7/8nx6-16' Malted Barley Sq Edge - Trex Select 2.0 Decking,-- Unbranded --,-- No Unilog Brand --,-- No DIB Brand --,Boise Cascade Building Materials (BOICA),Edge Eyewear,EDGE SAFETY®,,543005016,,,"EDGE SAFETY®, Commercial Product, 543005016",COMMERCIAL PRODUCT,"EDGE SAFETY®, 543005016, Commercial Product",EDGE SAFETY® Commercial Product,"EDGE SAFETY®, Commercial Product",,,,,,,,,,,,,,,,,,,,,,,,,,,"EDGE SAFETY®, Commercial Product",Series,,,Model,,,Item Type,,,Voltage Rating,,,Amperage Rating,,,Dimensions,,,Mounting Type,,,Material,,,Color,,,Sound Level,,,Additional Information,,,,,,,,,,,,,,,description,7/8nx6-16' Malted Barley Sq Edge - Trex Select 2.0 Decking,,manufacturer_part_number,543005016,,supplier_manufacturer,EDGE SAFETY,,catalog_category,General Commercial,,,,,,,,,,,,,,,,,,,,,,,,,,,,,,,,,,,,,,,,,,,,,,,,,,,,,,,,,,,,,,,,,,,,,,,,,,,,,,,,,,,,,,,,,,,,,,,,,,,,,1,EA,,,,,,,,,,,,,,,,,,,,,,,,,,,,,,,,,,,,,US,No,No
https://www.edgeeyewear.com/product/543005020,,,,,,543005020,,,,543005020,543005020,7/8nx6-20' Malted Barley Sq Edge - Trex Select 2.0 Decking,-- Unbranded --,-- No Unilog Brand --,-- No DIB Brand --,Boise Cascade Building Materials (BOICA),Edge Eyewear,EDGE SAFETY®,,543005020,,,"EDGE SAFETY®, Luminaire, 543005020",LUMINAIRE,"EDGE SAFETY®, 543005020, Luminaire",EDGE SAFETY® Luminaire,"EDGE SAFETY®, Luminaire",,,,,,,,,,,,,,,,,,,,,,,,,,,Luminaire,Series,,,Model,,,Item Type,,,Voltage Rating,,,Amperage Rating,,,Dimensions,,,Mounting Type,,,Material,,,Color,,,Sound Level,,,Additional Information,,,,,,,,,,,,,,,description,7/8nx6-20' Malted Barley Sq Edge - Trex Select 2.0 Decking,,manufacturer_part_number,543005020,,supplier_manufacturer,EDGE SAFETY,,catalog_category,General Commercial,,,,,,,,,,,,,,,,,,,,,,,,,,,,,,,,,,,,,,,,,,,,,,,,,,,,,,,,,,,,,,,,,,,,,,,,,,,,,,,,,,,,,,,,,,,,,,,,,,,,,1,EA,,,,,,,,,,,,,,,,,,,,,,,,,,,,,,,,,,,,,US,No,No
https://www.bc.com/product/543005412,,,,,,543005412,,,,543005412,543005412,7/8nx6-12' Malted Barley Grooved - Trex Select 2.0 Decking,-- Unbranded --,-- No Unilog Brand --,-- No DIB Brand --,Boise Cascade Building Materials (BOICA),Boise Cascade Building Materials,Boise Cascade Building Materials,,543005412,,,"Boise Cascade Building Materials, Decking, 543005412",DECKING 7/8NX6-12 FT,"Boise Cascade Building Materials, 543005412, Decking","Boise Cascade Building Materials Decking, 7/8nx6-12 ft","Boise Cascade Building Materials, Decking",,,,,,,,,,,,,,,,,,,,,,,,,,,Decking,Series,,,Model,,,Item Type,,,Voltage Rating,,,Amperage Rating,,,Dimensions,7/8nx6-12 ft,,Mounting Type,,,Material,,,Color,,,Sound Level,,,Additional Information,,,,,,,,,,,,,,,description,7/8nx6-12' Malted Barley Grooved - Trex Select 2.0 Decking,,manufacturer,Boise Cascade Building Materials,,category,General Commercial,,,,,,,,,,,,,,,,,,,,,,,,,,,,,,,,,,,,,,,,,,,,,,,,,,,,,,,,,,,,,,,,,,,,,,,,,,,,,,,,,,,,,,,,,,,,,,,,,,,,,,,,1,EA,,,,,,,,,,,,,,,,,,,,,,,,,,,,,,,,,,,,,US,No,No
https://www.bc.com/product/543005416,,,,,,543005416,,,,543005416,543005416,7/8nx6-16' Malted Barley Grooved - Trex Select 2.0 Decking,-- Unbranded --,-- No Unilog Brand --,-- No DIB Brand --,Boise Cascade Building Materials (BOICA),Boise Cascade Building Materials,Boise Cascade Building Materials,,543005416,,,"Boise Cascade Building Materials, Decking, 543005416",DECKING 7/8NX6-16 FT,"Boise Cascade Building Materials, 543005416, Decking","Boise Cascade Building Materials Decking, 7/8nx6-16 ft","Boise Cascade Building Materials, Decking",,,,,,,,,,,,,,,,,,,,,,,,,,,Decking,Series,,,Model,,,Item Type,,,Voltage Rating,,,Amperage Rating,,,Dimensions,7/8nx6-16 ft,,Mounting Type,,,Material,,,Color,,,Sound Level,,,Additional Information,,,,,,,,,,,,,,,description,7/8nx6-16' Malted Barley Grooved - Trex Select 2.0 Decking,,manufacturer,Boise Cascade Building Materials,,category,General Commercial,,,,,,,,,,,,,,,,,,,,,,,,,,,,,,,,,,,,,,,,,,,,,,,,,,,,,,,,,,,,,,,,,,,,,,,,,,,,,,,,,,,,,,,,,,,,,,,,,,,,,,,,1,EA,,,,,,,,,,,,,,,,,,,,,,,,,,,,,,,,,,,,,US,No,No
https://www.bc.com/product/543005420,,,,,,543005420,,,,543005420,543005420,7/8nx6-20' Malted Barley Grooved - Trex Select 2.0 Decking,-- Unbranded --,-- No Unilog Brand --,-- No DIB Brand --,Boise Cascade Building Materials (BOICA),Boise Cascade Building Materials,Boise Cascade Building Materials,,543005420,,,"Boise Cascade Building Materials, Decking, 543005420",DECKING 7/8NX6-20 FT,"Boise Cascade Building Materials, 543005420, Decking","Boise Cascade Building Materials Decking, 7/8nx6-20 ft","Boise Cascade Building Materials, Decking",,,,,,,,,,,,,,,,,,,,,,,,,,,Decking,Series,,,Model,,,Item Type,,,Voltage Rating,,,Amperage Rating,,,Dimensions,7/8nx6-20 ft,,Mounting Type,,,Material,,,Color,,,Sound Level,,,Additional Information,,,,,,,,,,,,,,,,,,,,,,,,,,,,,,,,,,,,,,,,,,,,,,,,,,,,,,,,,,,,,,,,,,,,,,,,,,,,,,,,,,,,,,,,,,,,,,,,,,,,,,,,,,,,,,,,,,,,,,,,,,,,,,1,EA,,,,,,,,,,,,,,,,,,,,,,,,,,,,,,,,,,,,,US,No,No
https://www.bc.com/product/1516891,,,,,,1516891,,,,1516891,1516891,7/8nx6-16' Millstone Sq Edge - Trex Select 2.0 Decking,-- Unbranded --,-- No Unilog Brand --,-- No DIB Brand --,Boise Cascade Building Materials (BOICA),Boise Cascade Company,BOISE CASCADE®,,1516891,,,"BOISE CASCADE®, Decking, 1516891",DECKING 7/8NX6-16 FT,"BOISE CASCADE®, 1516891, Decking","BOISE CASCADE® Decking, 7/8nx6-16 ft","BOISE CASCADE®, Decking",,,,,,,,,,,,,,,,,,,,,,,,,,,Decking,Series,,,Model,,,Item Type,,,Voltage Rating,,,Amperage Rating,,,Dimensions,7/8nx6-16 ft,,Mounting Type,,,Material,,,Color,,,Sound Level,,,Additional Information,,,,,,,,,,,,,,,Manufacturer,BOISE CASCADE®,,Catalog Category,General Commercial,,,,,,,,,,,,,,,,,,,,,,,,,,,,,,,,,,,,,,,,,,,,,,,,,,,,,,,,,,,,,,,,,,,,,,,,,,,,,,,,,,,,,,,,,,,,,,,,,,,,,,,,,,,1,EA,,,,,,,,,,,,,,,,,,,,,,,,,,,,,,,,,,,,,US,No,No
https://www.bc.com/product/1516892,,,,,,1516892,,,,1516892,1516892,7/8nx6-20' Millstone Sq Edge -Trex Select 2.0 Decking,-- Unbranded --,-- No Unilog Brand --,-- No DIB Brand --,Boise Cascade Building Materials (BOICA),Boise Cascade Company,BOISE CASCADE®,,1516892,,,"BOISE CASCADE®, Decking, 1516892",DECKING 7/8NX6-20 FT,"BOISE CASCADE®, 1516892, Decking","BOISE CASCADE® Decking, 7/8nx6-20 ft","BOISE CASCADE®, Decking",,,,,,,,,,,,,,,,,,,,,,,,,,,Decking,Series,,,Model,,,Item Type,,,Voltage Rating,,,Amperage Rating,,,Dimensions,7/8nx6-20 ft,,Mounting Type,,,Material,,,Color,,,Sound Level,,,Additional Information,,,,,,,,,,,,,,,,,,,,,,,,,,,,,,,,,,,,,,,,,,,,,,,,,,,,,,,,,,,,,,,,,,,,,,,,,,,,,,,,,,,,,,,,,,,,,,,,,,,,,,,,,,,,,,,,,,,,,,,,,,,,,,1,EA,,,,,,,,,,,,,,,,,,,,,,,,,,,,,,,,,,,,,US,No,No
https://www.bc.com/product/1516893,,,,,,1516893,,,,1516893,1516893,7/8nx6-12' Millstone Grooved - Trex Select 2.0 Decking,-- Unbranded --,-- No Unilog Brand --,-- No DIB Brand --,Boise Cascade Building Materials (BOICA),Boise Cascade Company,BOISE CASCADE®,,1516893,,,"BOISE CASCADE®, Luminaire, 1516893",LUMINAIRE 7/8NX6-12 FT,"BOISE CASCADE®, 1516893, Luminaire","BOISE CASCADE® Luminaire, 7/8nx6-12 ft","BOISE CASCADE®, Luminaire",,,,,,,,,,,,,,,,,,,,,,,,,,,Luminaire,Series,,,Model,,,Item Type,,,Voltage Rating,,,Amperage Rating,,,Dimensions,7/8nx6-12 ft,,Mounting Type,,,Material,,,Color,,,Sound Level,,,Additional Information,,,,,,,,,,,,,,,supplier_manufacturer,BOISE CASCADE®,,catalog_category,General Commercial,,,,,,,,,,,,,,,,,,,,,,,,,,,,,,,,,,,,,,,,,,,,,,,,,,,,,,,,,,,,,,,,,,,,,,,,,,,,,,,,,,,,,,,,,,,,,,,,,,,,,,,,,,,1,EA,,,,,,,,,,,,,,,,,,,,,,,,,,,,,,,,,,,,,US,No,No
https://www.bc.com/product/1516894,,,,,,1516894,,,,1516894,1516894,7/8nx6-16' Millstone Grooved - Trex Select 2.0 Decking,-- Unbranded --,-- No Unilog Brand --,-- No DIB Brand --,Boise Cascade Building Materials (BOICA),Boise Cascade Company,BOISE CASCADE®,,1516894,,,"BOISE CASCADE®, Luminaire, 1516894",LUMINAIRE,"BOISE CASCADE®, 1516894, Luminaire",BOISE CASCADE® Luminaire,"BOISE CASCADE®, Luminaire",,,,,,,,,,,,,,,,,,,,,,,,,,,Luminaire,Series,,,Model,,,Item Type,,,Voltage Rating,,,Amperage Rating,,,Dimensions,,,Mounting Type,,,Material,,,Color,,,Sound Level,,,Additional Information,,,,,,,,,,,,,,,description,7/8nx6-16' Millstone Grooved - Trex Select 2.0 Decking,,,,,,,,,,,,,,,,,,,,,,,,,,,,,,,,,,,,,,,,,,,,,,,,,,,,,,,,,,,,,,,,,,,,,,,,,,,,,,,,,,,,,,,,,,,,,,,,,,,,,,,,,,,,,,1,EA,,,,,,,,,,,,,,,,,,,,,,,,,,,,,,,,,,,,,US,No,No
https://www.bc.com/product/1516895,,,,,,1516895,,,,1516895,1516895,7/8nx6-20' Millstone Grooved - Trex Select 2.0 Decking,-- Unbranded --,-- No Unilog Brand --,-- No DIB Brand --,Boise Cascade Building Materials (BOICA),Boise Cascade Company,BOISE CASCADE®,,1516895,,,"BOISE CASCADE®, Luminaire, 1516895",LUMINAIRE,"BOISE CASCADE®, 1516895, Luminaire",BOISE CASCADE® Luminaire,"BOISE CASCADE®, Luminaire",,,,,,,,,,,,,,,,,,,,,,,,,,,Luminaire,Series,,,Model,,,Item Type,,,Voltage Rating,,,Amperage Rating,,,Dimensions,,,Mounting Type,,,Material,,,Color,,,Sound Level,,,Additional Information,,,,,,,,,,,,,,,description,7/8nx6-20' Millstone Grooved,,manufacturer,BOISE CASCADE®,,catalog_category,General Commercial,,,,,,,,,,,,,,,,,,,,,,,,,,,,,,,,,,,,,,,,,,,,,,,,,,,,,,,,,,,,,,,,,,,,,,,,,,,,,,,,,,,,,,,,,,,,,,,,,,,,,,,,1,EA,,,,,,,,,,,,,,,,,,,,,,,,,,,,,,,,,,,,,US,No,No
https://www.edgeeyewear.com/product/543007016,,,,,,543007016,,,,543007016,543007016,7/8nx6-16' Whiskey Barrel Sq Edge - Trex Select 2.0 Decking,-- Unbranded --,-- No Unilog Brand --,-- No DIB Brand --,Boise Cascade Building Materials (BOICA),Edge Eyewear,EDGE SAFETY®,,543007016,,,"EDGE SAFETY®, Decking, 543007016, Composite",DECKING COMPOSITE 7/8 IN X 6 IN X 16 FT,"EDGE SAFETY®, 543007016, Decking, Composite","EDGE SAFETY® Decking, 7/8 in x 6 in x 16 ft, Composite","EDGE SAFETY®, Decking, Composite",,,,,,,,,,,,,,,,,,,,,,,,,,,Decking,Series,,,Model,,,Item Type,,,Voltage Rating,,,Amperage Rating,,,Dimensions,7/8 in x 6 in x 16 ft,,Mounting Type,,,Material,Composite,,Color,,,Sound Level,,,Additional Information,,,,,,,,,,,,,,,edge_profile,Sq Edge,,product_line,Select 2.0,,supplier_manufacturer,EDGE SAFETY®,,catalog_category,General Commercial,,,,,,,,,,,,,,,,,,,,,,,,,,,,,,,,,,,,,,,,,,,,,,,,,,,,,,,,,,,,,,,,,,,,,,,,,,,,,,,,,,,,,,,,,,,,,,,,,,,,,1,EA,,,,,,,,,,,,,,,,,,,,,,,,,,,,,,,,,,,,,US,No,No
https://www.edgeeyewear.com/product/543007020,,,,,,543007020,,,,543007020,543007020,7/8nx6-20' Whiskey Barrel Sq Edge - Trex Select 2.0 Decking,-- Unbranded --,-- No Unilog Brand --,-- No DIB Brand --,Boise Cascade Building Materials (BOICA),Edge Eyewear,EDGE SAFETY®,,543007020,,,"EDGE SAFETY®, Decking, 543007020",DECKING 7/8NX6-20 FT,"EDGE SAFETY®, 543007020, Decking","EDGE SAFETY® Decking, 7/8nx6-20 ft","EDGE SAFETY®, Decking",,,,,,,,,,,,,,,,,,,,,,,,,,,Decking,Series,,,Model,,,Item Type,,,Voltage Rating,,,Amperage Rating,,,Dimensions,7/8nx6-20 ft,,Mounting Type,,,Material,,,Color,,,Sound Level,,,Additional Information,,,,,,,,,,,,,,,Whiskey Barrel Sq Edge,Select 2.0,,Supplier,EDGE SAFETY®,,Category,General Commercial,,,,,,,,,,,,,,,,,,,,,,,,,,,,,,,,,,,,,,,,,,,,,,,,,,,,,,,,,,,,,,,,,,,,,,,,,,,,,,,,,,,,,,,,,,,,,,,,,,,,,,,,1,EA,,,,,,,,,,,,,,,,,,,,,,,,,,,,,,,,,,,,,US,No,No
https://www.bc.com/product/543007412,,,,,,543007412,,,,543007412,543007412,7/8nx6-12' Whiskey Barrel Grooved - Trex Select 2.0 Decking,-- Unbranded --,-- No Unilog Brand --,-- No DIB Brand --,Boise Cascade Building Materials (BOICA),Boise Cascade Building Materials,Boise Cascade Building Materials,,543007412,,,"Boise Cascade Building Materials, Decking, 543007412",DECKING 7/8NX6-12 FT,"Boise Cascade Building Materials, 543007412, Decking","Boise Cascade Building Materials Decking, 7/8nx6-12 ft","Boise Cascade Building Materials, Decking",,,,,,,,,,,,,,,,,,,,,,,,,,,Decking,Series,,,Model,,,Item Type,,,Voltage Rating,,,Amperage Rating,,,Dimensions,7/8nx6-12 ft,,Mounting Type,,,Material,,,Color,,,Sound Level,,,Additional Information,,,,,,,,,,,,,,,description,7/8nx6-12' Whiskey Barrel Grooved - Trex Select 2.0 Decking,,manufacturer,Boise Cascade Building Materials,,category,General Commercial,,,,,,,,,,,,,,,,,,,,,,,,,,,,,,,,,,,,,,,,,,,,,,,,,,,,,,,,,,,,,,,,,,,,,,,,,,,,,,,,,,,,,,,,,,,,,,,,,,,,,,,,1,EA,,,,,,,,,,,,,,,,,,,,,,,,,,,,,,,,,,,,,US,No,No
https://www.bc.com/product/543007416,,,,,,543007416,,,,543007416,543007416,7/8nx6-16' Whiskey Barrel Grooved - Trex Select 2.0 Decking,-- Unbranded --,-- No Unilog Brand --,-- No DIB Brand --,Boise Cascade Building Materials (BOICA),Boise Cascade Building Materials,Boise Cascade Building Materials,,543007416,,,"Boise Cascade Building Materials, Decking, 543007416",DECKING 7/8NX6-16 FT,"Boise Cascade Building Materials, 543007416, Decking","Boise Cascade Building Materials Decking, 7/8nx6-16 ft","Boise Cascade Building Materials, Decking",,,,,,,,,,,,,,,,,,,,,,,,,,,Decking,Series,,,Model,,,Item Type,,,Voltage Rating,,,Amperage Rating,,,Dimensions,7/8nx6-16 ft,,Mounting Type,,,Material,,,Color,,,Sound Level,,,Additional Information,,,,,,,,,,,,,,,supplier,Boise Cascade Building Materials,,catalog_category,General Commercial,,,,,,,,,,,,,,,,,,,,,,,,,,,,,,,,,,,,,,,,,,,,,,,,,,,,,,,,,,,,,,,,,,,,,,,,,,,,,,,,,,,,,,,,,,,,,,,,,,,,,,,,,,,1,EA,,,,,,,,,,,,,,,,,,,,,,,,,,,,,,,,,,,,,US,No,No
https://www.bc.com/product/543007420,,,,,,543007420,,,,543007420,543007420,7/8nx6-20' Whiskey Barrel Grooved - Trex Select 2.0 Decking,-- Unbranded --,-- No Unilog Brand --,-- No DIB Brand --,Boise Cascade Building Materials (BOICA),Boise Cascade Building Materials,Boise Cascade Building Materials,,543007420,,,"Boise Cascade Building Materials, Decking, 543007420",DECKING 7/8NX6-20 FT,"Boise Cascade Building Materials, 543007420, Decking","Boise Cascade Building Materials Decking, 7/8nx6-20 ft","Boise Cascade Building Materials, Decking",,,,,,,,,,,,,,,,,,,,,,,,,,,Decking,Series,,,Model,,,Item Type,,,Voltage Rating,,,Amperage Rating,,,Dimensions,7/8nx6-20 ft,,Mounting Type,,,Material,,,Color,,,Sound Level,,,Additional Information,,,,,,,,,,,,,,,supplier,Boise Cascade Building Materials,,category,General Commercial,,,,,,,,,,,,,,,,,,,,,,,,,,,,,,,,,,,,,,,,,,,,,,,,,,,,,,,,,,,,,,,,,,,,,,,,,,,,,,,,,,,,,,,,,,,,,,,,,,,,,,,,,,,1,EA,,,,,,,,,,,,,,,,,,,,,,,,,,,,,,,,,,,,,US,No,No
https://www.parksite.com/product/ADR5117512CS,,,,,,ADR5117512CS,,,,ADR5117512CS,ADR5117512CS,1x12-12' Coastline - Vintage Azek PVC Fascia,-- Unbranded --,-- No Unilog Brand --,-- No DIB Brand --,Parksite (6151),Parksite Inc.,PARKSITE®,,ADR5117512CS,,,"PARKSITE®, Fascia, ADR5117512CS, PVC",FASCIA PVC 1X12-12 FT,"PARKSITE®, ADR5117512CS, Fascia, PVC","PARKSITE® Fascia, 1x12-12 ft, PVC","PARKSITE®, Fascia, PVC",,,,,,,,,,,,,,,,,,,,,,,,,,,Fascia,Series,,,Model,,,Item Type,,,Voltage Rating,,,Amperage Rating,,,Dimensions,1x12-12 ft,,Mounting Type,,,Material,PVC,,Color,,,Sound Level,,,Additional Information,,,,,,,,,,,,,,,,,,,,,,,,,,,,,,,,,,,,,,,,,,,,,,,,,,,,,,,,,,,,,,,,,,,,,,,,,,,,,,,,,,,,,,,,,,,,,,,,,,,,,,,,,,,,,,,,,,,,,,,,,,,,,,1,EA,,,,,,,,,,,,,,,,,,,,,,,,,,,,,,,,,,,,,US,No,No
https://www.parksite.com/product/ADR5117512MH,,,,,,ADR5117512MH,,,,ADR5117512MH,ADR5117512MH,1x12-12' Mahogany - Vintage Azek PVC Fascia,-- Unbranded --,-- No Unilog Brand --,-- No DIB Brand --,Parksite (6151),Parksite Inc.,PARKSITE®,,ADR5117512MH,,,"PARKSITE®, Fascia, ADR5117512MH, PVC",FASCIA PVC 1X12-12 FT,"PARKSITE®, ADR5117512MH, Fascia, PVC","PARKSITE® Fascia, 1x12-12 ft, PVC","PARKSITE®, Fascia, PVC",,,,,,,,,,,,,,,,,,,,,,,,,,,Fascia,Series,,,Model,,,Item Type,,,Voltage Rating,,,Amperage Rating,,,Dimensions,1x12-12 ft,,Mounting Type,,,Material,PVC,,Color,,,Sound Level,,,Additional Information,,,,,,,,,,,,,,,Manufacturer Part Number,ADR5117512MH,,Supplier / Manufacturer,PARKSITE®,,Catalog Category,General Commercial,,,,,,,,,,,,,,,,,,,,,,,,,,,,,,,,,,,,,,,,,,,,,,,,,,,,,,,,,,,,,,,,,,,,,,,,,,,,,,,,,,,,,,,,,,,,,,,,,,,,,,,,1,EA,,,,,,,,,,,,,,,,,,,,,,,,,,,,,,,,,,,,,US,No,No
https://www.parksite.com/product/ADR5117512WT,,,,,,ADR5117512WT,,,,ADR5117512WT,ADR5117512WT,1x12-12' Weathered Teak - Vintage Azek PVC Fascia,-- Unbranded --,-- No Unilog Brand --,-- No DIB Brand --,Parksite (6151),Parksite Inc.,PARKSITE®,,ADR5117512WT,,,"PARKSITE®, Fascia, ADR5117512WT, PVC",FASCIA PVC 1X12-12 FT,"PARKSITE®, ADR5117512WT, Fascia, PVC","PARKSITE® Fascia, 1x12-12 ft, PVC","PARKSITE®, Fascia, PVC",,,,,,,,,,,,,,,,,,,,,,,,,,,Fascia,Series,,,Model,,,Item Type,Vintage Azek PVC Fascia,,Voltage Rating,,,Amperage Rating,,,Dimensions,1x12-12 ft,,Mounting Type,,,Material,PVC,,Color,,,Sound Level,,,Additional Information,,,,,,,,,,,,,,,Weathered,Teak,,Manufacturer_Part_Number,ADR5117512WT,,Supplier_Manufacturer,PARKSITE,,,,,,,,,,,,,,,,,,,,,,,,,,,,,,,,,,,,,,,,,,,,,,,,,,,,,,,,,,,,,,,,,,,,,,,,,,,,,,,,,,,,,,,,,,,,,,,,,,,,,,,,1,EA,,,,,,,,,,,,,,,,,,,,,,,,,,,,,,,,,,,,,US,No,No
https://www.parksite.com/product/ADR5117512AW,,,,,,ADR5117512AW,,,,ADR5117512AW,ADR5117512AW,1x12-12' American Walnut - Landmark Azek PVC Fascia,-- Unbranded --,-- No Unilog Brand --,-- No DIB Brand --,Parksite (6151),Parksite Inc.,PARKSITE®,,ADR5117512AW,,,"PARKSITE®, Luminaire, ADR5117512AW, PVC",LUMINAIRE PVC 1X12 FT,"PARKSITE®, ADR5117512AW, Luminaire, PVC","PARKSITE® Luminaire, 1x12 ft, PVC","PARKSITE®, Luminaire, PVC",,,,,,,,,,,,,,,,,,,,,,,,,,,Luminaire,Series,,,Model,,,Item Type,,,Voltage Rating,,,Amperage Rating,,,Dimensions,1x12 ft,,Mounting Type,,,Material,PVC,,Color,,,Sound Level,,,Additional Information,,,,,,,,,,,,,,,Manufacturer,PARKSITE,,Catalog Category,General Commercial,,,,,,,,,,,,,,,,,,,,,,,,,,,,,,,,,,,,,,,,,,,,,,,,,,,,,,,,,,,,,,,,,,,,,,,,,,,,,,,,,,,,,,,,,,,,,,,,,,,,,,,,,,,1,EA,,,,,,,,,,,,,,,,,,,,,,,,,,,,,,,,,,,,,US,No,No
https://www.parksite.com/product/ADR5117512CG,,,,,,ADR5117512CG,,,,ADR5117512CG,ADR5117512CG,1x12-12' Castle Gate - Landmark Azek PVC Fascia,-- Unbranded --,-- No Unilog Brand --,-- No DIB Brand --,Parksite (6151),Parksite Inc.,PARKSITE®,,ADR5117512CG,,,"PARKSITE®, Fascia, ADR5117512CG, PVC",FASCIA PVC 1X12-12 FT,"PARKSITE®, ADR5117512CG, Fascia, PVC","PARKSITE® Fascia, 1x12-12 ft, PVC","PARKSITE®, Fascia, PVC",,,,,,,,,,,,,,,,,,,,,,,,,,,Fascia,Series,,,Model,,,Item Type,,,Voltage Rating,,,Amperage Rating,,,Dimensions,1x12-12 ft,,Mounting Type,,,Material,PVC,,Color,,,Sound Level,,,Additional Information,,,,,,,,,,,,,,,Manufacturer,PARKSITE,,Catalog Category,General Commercial,,,,,,,,,,,,,,,,,,,,,,,,,,,,,,,,,,,,,,,,,,,,,,,,,,,,,,,,,,,,,,,,,,,,,,,,,,,,,,,,,,,,,,,,,,,,,,,,,,,,,,,,,,,1,EA,,,,,,,,,,,,,,,,,,,,,,,,,,,,,,,,,,,,,US,No,No
https://www.parksite.com/product/ADR5117512FW,,,,,,ADR5117512FW,,,,ADR5117512FW,ADR5117512FW,1x12-12' French White Oak - Landmark Azek PVC Fascia,-- Unbranded --,-- No Unilog Brand --,-- No DIB Brand --,Parksite (6151),Parksite Inc.,PARKSITE®,,ADR5117512FW,,,"PARKSITE®, Luminaire, ADR5117512FW, PVC",LUMINAIRE PVC 1X12 FT,"PARKSITE®, ADR5117512FW, Luminaire, PVC","PARKSITE® Luminaire, 1x12 ft, PVC","PARKSITE®, Luminaire, PVC",,,,,,,,,,,,,,,,,,,,,,,,,,,Luminaire,Series,,,Model,,,Item Type,,,Voltage Rating,,,Amperage Rating,,,Dimensions,1x12 ft,,Mounting Type,,,Material,PVC,,Color,,,Sound Level,,,Additional Information,,,,,,,,,,,,,,,French White Oak,True,,Landmark,True,,12',True,,Fascia,True,,Category,General Commercial,,,,,,,,,,,,,,,,,,,,,,,,,,,,,,,,,,,,,,,,,,,,,,,,,,,,,,,,,,,,,,,,,,,,,,,,,,,,,,,,,,,,,,,,,,,,,,,,,,1,EA,,,,,,,,,,,,,,,,,,,,,,,,,,,,,,,,,,,,,US,No,No
https://www.parksite.com/product/1508395,,,,,,1508395,,,,1508395,1508395,1x8-12' Brownstone - Harvest Azek PVC Fascia,-- Unbranded --,-- No Unilog Brand --,-- No DIB Brand --,Parksite (6151),Parksite Inc.,PARKSITE®,,1508395,,,"PARKSITE®, Fascia, 1508395, PVC",FASCIA PVC 8 FT,"PARKSITE®, 1508395, Fascia, PVC","PARKSITE® Fascia, 8 ft, PVC","PARKSITE®, Fascia, PVC",,,,,,,,,,,,,,,,,,,,,,,,,,,Fascia,Series,,,Model,,,Item Type,,,Voltage Rating,,,Amperage Rating,,,Dimensions,8 ft,,Mounting Type,,,Material,PVC,,Color,Brownstone,,Sound Level,,,Additional Information,,,,,,,,,,,,,,,width,1x8,,finish,Harvest,,product_type,Fascia,,,,,,,,,,,,,,,,,,,,,,,,,,,,,,,,,,,,,,,,,,,,,,,,,,,,,,,,,,,,,,,,,,,,,,,,,,,,,,,,,,,,,,,,,,,,,,,,,,,,,,,,1,EA,,,,,,,,,,,,,,,,,,,,,,,,,,,,,,,,,,,,,US,No,No
https://www.parksite.com/product/1508396,,,,,,1508396,,,,1508396,1508396,1x8-12' Slate Gray - Harvest Azek PVC Fascia,-- Unbranded --,-- No Unilog Brand --,-- No DIB Brand --,Parksite (6151),Parksite Inc.,PARKSITE®,,1508396,,,"PARKSITE®, Fascia, 1508396, PVC",FASCIA PVC 8-12 FT,"PARKSITE®, 1508396, Fascia, PVC, Slate Gray","PARKSITE® Fascia, 8-12 ft, PVC, Slate Gray","PARKSITE®, Fascia, PVC, Slate Gray",,,,,,,,,,,,,,,,,,,,,,,,,,,Fascia,Series,,,Model,,,Item Type,,,Voltage Rating,,,Amperage Rating,,,Dimensions,8-12 ft,,Mounting Type,,,Material,PVC,,Color,Slate Gray,,Sound Level,,,Additional Information,,,,,,,,,,,,,,,Length,8-12',,Product Type,Fascia,,,,,,,,,,,,,,,,,,,,,,,,,,,,,,,,,,,,,,,,,,,,,,,,,,,,,,,,,,,,,,,,,,,,,,,,,,,,,,,,,,,,,,,,,,,,,,,,,,,,,,,,,,,1,EA,,,,,,,,,,,,,,,,,,,,,,,,,,,,,,,,,,,,,US,No,No
https://www.parksite.com/product/ADCR5117512BS,,,,,,ADCR5117512BS,,,,ADCR5117512BS,ADCR5117512BS,1x12-12' Brownstone - Harvest Azek PVC Fascia,-- Unbranded --,-- No Unilog Brand --,-- No DIB Brand --,Parksite (6151),Parksite Inc.,PARKSITE®,,ADCR5117512BS,,,"PARKSITE®, Fascia, ADCR5117512BS, PVC",FASCIA PVC 1X12-12 FT,"PARKSITE®, ADCR5117512BS, Fascia, PVC","PARKSITE® Fascia, 1x12-12 ft, PVC","PARKSITE®, Fascia, PVC",,,,,,,,,,,,,,,,,,,,,,,,,,,Fascia,Series,,,Model,,,Item Type,,,Voltage Rating,,,Amperage Rating,,,Dimensions,1x12-12 ft,,Mounting Type,,,Material,PVC,,Color,Brownstone,,Sound Level,,,Additional Information,,,,,,,,,,,,,,,style,Harvest,,length,12',,,,,,,,,,,,,,,,,,,,,,,,,,,,,,,,,,,,,,,,,,,,,,,,,,,,,,,,,,,,,,,,,,,,,,,,,,,,,,,,,,,,,,,,,,,,,,,,,,,,,,,,,,,1,EA,,,,,,,,,,,,,,,,,,,,,,,,,,,,,,,,,,,,,US,No,No
https://www.parksite.com/product/ADCR5117512SG,,,,,,ADCR5117512SG,,,,ADCR5117512SG,ADCR5117512SG,1x12-12' Slate Gray - Harvest Azek PVC Fascia,-- Unbranded --,-- No Unilog Brand --,-- No DIB Brand --,Parksite (6151),Parksite Inc.,PARKSITE®,,ADCR5117512SG,,,"PARKSITE®, Fascia, ADCR5117512SG, PVC",FASCIA PVC 1X12-12 FT,"PARKSITE®, ADCR5117512SG, Fascia, PVC","PARKSITE® Fascia, 1x12-12 ft, PVC","PARKSITE®, Fascia, PVC",,,,,,,,,,,,,,,,,,,,,,,,,,,Fascia,Series,,,Model,,,Item Type,,,Voltage Rating,,,Amperage Rating,,,Dimensions,1x12-12 ft,,Mounting Type,,,Material,PVC,,Color,,,Sound Level,,,Additional Information,,,,,,,,,,,,,,,Slate Gray,Harvest,,Category,General Commercial,,,,,,,,,,,,,,,,,,,,,,,,,,,,,,,,,,,,,,,,,,,,,,,,,,,,,,,,,,,,,,,,,,,,,,,,,,,,,,,,,,,,,,,,,,,,,,,,,,,,,,,,,,,1,EA,,,,,,,,,,,,,,,,,,,,,,,,,,,,,,,,,,,,,US,No,No
,,,,,,543140908,,,,543140908,543140908,1x8-12' Biscayne - Trex Lineage,-- Unbranded --,-- No Unilog Brand --,-- No DIB Brand --,U S Lumber (3073),U S Lumber,U S Lumber,,543140908,,,"U S Lumber, Luminaire, 543140908",LUMINAIRE 1X8-12 FT,"U S Lumber, 543140908, Luminaire","U S Lumber Luminaire, 1x8-12 ft","U S Lumber, Luminaire",,,,,,,,,,,,,,,,,,,,,,,,,,,Luminaire,Series,,,Model,,,Item Type,,,Voltage Rating,,,Amperage Rating,,,Dimensions,1x8-12 ft,,Mounting Type,,,Material,,,Color,,,Sound Level,,,Additional Information,,,,,,,,,,,,,,,supplier,U S Lumber,,catalog_category,General Commercial,,,,,,,,,,,,,,,,,,,,,,,,,,,,,,,,,,,,,,,,,,,,,,,,,,,,,,,,,,,,,,,,,,,,,,,,,,,,,,,,,,,,,,,,,,,,,,,,,,,,,,,,,,,1,EA,,,,,,,,,,,,,,,,,,,,,,,,,,,,,,,,,,,,,US,No,No
,,,,,,543142908,,,,543142908,543142908,1x8-12' Carmel - Trex Lineage,-- Unbranded --,-- No Unilog Brand --,-- No DIB Brand --,U S Lumber (3073),U S Lumber,U S Lumber,,543142908,,,"U S Lumber, Luminaire, 543142908",LUMINAIRE 1X8-12 FT,"U S Lumber, 543142908, Luminaire","U S Lumber Luminaire, 1x8-12 ft","U S Lumber, Luminaire",,,,,,,,,,,,,,,,,,,,,,,,,,,Luminaire,Series,,,Model,,,Item Type,,,Voltage Rating,,,Amperage Rating,,,Dimensions,1x8-12 ft,,Mounting Type,,,Material,,,Color,,,Sound Level,,,Additional Information,,,,,,,,,,,,,,,Manufacturer,U S Lumber,,Catalog Category,General Commercial,,,,,,,,,,,,,,,,,,,,,,,,,,,,,,,,,,,,,,,,,,,,,,,,,,,,,,,,,,,,,,,,,,,,,,,,,,,,,,,,,,,,,,,,,,,,,,,,,,,,,,,,,,,1,EA,,,,,,,,,,,,,,,,,,,,,,,,,,,,,,,,,,,,,US,No,No
,,,,,,543143908,,,,543143908,543143908,1x8-12' Jasper - Trex Lineage,-- Unbranded --,-- No Unilog Brand --,-- No DIB Brand --,U S Lumber (3073),U S Lumber,U S Lumber,,543143908,,,"U S Lumber, Luminaire, 543143908",LUMINAIRE 8-12 FT,"U S Lumber, 543143908, Luminaire","U S Lumber Luminaire, 8-12 ft","U S Lumber, Luminaire",,,,,,,,,,,,,,,,,,,,,,,,,,,Luminaire,Series,,,Model,,,Item Type,,,Voltage Rating,,,Amperage Rating,,,Dimensions,8-12 ft,,Mounting Type,,,Material,,,Color,,,Sound Level,,,Additional Information,,,,,,,,,,,,,,,Manufacturer,U S Lumber,,Catalog Category,General Commercial,,,,,,,,,,,,,,,,,,,,,,,,,,,,,,,,,,,,,,,,,,,,,,,,,,,,,,,,,,,,,,,,,,,,,,,,,,,,,,,,,,,,,,,,,,,,,,,,,,,,,,,,,,,1,EA,,,,,,,,,,,,,,,,,,,,,,,,,,,,,,,,,,,,,US,No,No
,,,,,,543140912,,,,543140912,543140912,1x12-12' Biscayne - Trex Lineage,-- Unbranded --,-- No Unilog Brand --,-- No DIB Brand --,U S Lumber (3073),U S Lumber,U S Lumber,,543140912,,,"U S Lumber, Luminaire, 543140912",LUMINAIRE 1X12 FT,"U S Lumber, 543140912, Luminaire","U S Lumber Luminaire, 1x12 ft","U S Lumber, Luminaire",,,,,,,,,,,,,,,,,,,,,,,,,,,Luminaire,Series,,,Model,,,Item Type,,,Voltage Rating,,,Amperage Rating,,,Dimensions,1x12 ft,,Mounting Type,,,Material,,,Color,,,Sound Level,,,Additional Information,,,,,,,,,,,,,,,description,1x12-12' Biscayne - Trex Lineage,,supplier,U S Lumber,,category,General Commercial,,,,,,,,,,,,,,,,,,,,,,,,,,,,,,,,,,,,,,,,,,,,,,,,,,,,,,,,,,,,,,,,,,,,,,,,,,,,,,,,,,,,,,,,,,,,,,,,,,,,,,,,1,EA,,,,,,,,,,,,,,,,,,,,,,,,,,,,,,,,,,,,,US,No,No
,,,,,,543142912,,,,543142912,543142912,1x12-12' Carmel - Trex Lineage,-- Unbranded --,-- No Unilog Brand --,-- No DIB Brand --,U S Lumber (3073),U S Lumber,U S Lumber,,543142912,,,"U S Lumber, Luminaire, 543142912",LUMINAIRE 1X12,"U S Lumber, 543142912, Luminaire","U S Lumber Luminaire, 1x12","U S Lumber, Luminaire",,,,,,,,,,,,,,,,,,,,,,,,,,,Luminaire,Series,,,Model,,,Item Type,,,Voltage Rating,,,Amperage Rating,,,Dimensions,1x12,,Mounting Type,,,Material,,,Color,,,Sound Level,,,Additional Information,,,,,,,,,,,,,,,Carmel,Lineage,,Length,12',,Supplier,U S Lumber,,Category,General Commercial,,,,,,,,,,,,,,,,,,,,,,,,,,,,,,,,,,,,,,,,,,,,,,,,,,,,,,,,,,,,,,,,,,,,,,,,,,,,,,,,,,,,,,,,,,,,,,,,,,,,,1,EA,,,,,,,,,,,,,,,,,,,,,,,,,,,,,,,,,,,,,US,No,No
,,,,,,543143912,,,,543143912,543143912,1x12-12' Jasper - Trex Lineage,-- Unbranded --,-- No Unilog Brand --,-- No DIB Brand --,U S Lumber (3073),U S Lumber,U S Lumber,,543143912,,,"U S Lumber, Luminaire, 543143912",LUMINAIRE 1X12 FT,"U S Lumber, 543143912, Luminaire","U S Lumber Luminaire, 1x12 ft","U S Lumber, Luminaire",,,,,,,,,,,,,,,,,,,,,,,,,,,Luminaire,Series,,,Model,,,Item Type,,,Voltage Rating,,,Amperage Rating,,,Dimensions,1x12 ft,,Mounting Type,,,Material,,,Color,,,Sound Level,,,Additional Information,,,,,,,,,,,,,,,supplier,U S Lumber,,catalog_category,General Commercial,,,,,,,,,,,,,,,,,,,,,,,,,,,,,,,,,,,,,,,,,,,,,,,,,,,,,,,,,,,,,,,,,,,,,,,,,,,,,,,,,,,,,,,,,,,,,,,,,,,,,,,,,,,1,EA,,,,,,,,,,,,,,,,,,,,,,,,,,,,,,,,,,,,,US,No,No
https://www.bc.com/product/1513715,,,,,,1513715,,,,1513715,1513715,1x12-12' Hatteras - Trex Lineage,-- Unbranded --,-- No Unilog Brand --,-- No DIB Brand --,Boise Cascade Building Materials (BOICA),Boise Cascade Company,BOISE CASCADE®,,1513715,,,"BOISE CASCADE®, Commercial Product, 1513715",COMMERCIAL PRODUCT,"BOISE CASCADE®, 1513715, Commercial Product",BOISE CASCADE® Commercial Product,"BOISE CASCADE®, Commercial Product",,,,,,,,,,,,,,,,,,,,,,,,,,,"BOISE CASCADE®, Commercial Product",Series,,,Model,,,Item Type,,,Voltage Rating,,,Amperage Rating,,,Dimensions,,,Mounting Type,,,Material,,,Color,,,Sound Level,,,Additional Information,,,,,,,,,,,,,,,source_catalog_string,1x12-12' Hatteras - Trex Lineage,,manufacturer,BOISE CASCADE,,mpn,1513715,,catalog_category,General Commercial,,,,,,,,,,,,,,,,,,,,,,,,,,,,,,,,,,,,,,,,,,,,,,,,,,,,,,,,,,,,,,,,,,,,,,,,,,,,,,,,,,,,,,,,,,,,,,,,,,,,,1,EA,,,,,,,,,,,,,,,,,,,,,,,,,,,,,,,,,,,,,US,No,No
https://www.bc.com/product/1513716,,,,,,1513716,Tools & Hardware,Abrasives,Cutting Discs,1513716,1513716,1x12-12' Salt Flat - Trex Lineage,-- Unbranded --,-- No Unilog Brand --,-- No DIB Brand --,Boise Cascade Building Materials (BOICA),Boise Cascade Company,BOISE CASCADE®,,1513716,,Tools & Hardware>Abrasives>Cutting & Grinding Discs,"BOISE CASCADE®, Cut-Off Disc, 1513716",CUT-OFF DISC 1X12 FT,"BOISE CASCADE®, 1513716, Cut-Off Disc","BOISE CASCADE® Cut-Off Disc, 1x12 ft","BOISE CASCADE®, Cut-Off Disc",,,,,,,,,,,,,,,,,,,,,,,,,,,Cut-Off Disc,Item Type,,,Dimensions,1x12 ft,,Grit,,,Arbor Size,,,Abrasive Material,,,Pack Quantity,,,Additional Information,,,,,,,,,,,,,,,,,,,,,,,,,,,description,Salt Flat,,lineage,Lineage,,supplier,BOISE CASCADE®,,,,,,,,,,,,,,,,,,,,,,,,,,,,,,,,,,,,,,,,,,,,,,,,,,,,,,,,,,,,,,,,,,,,,,,,,,,,,,,,,,,,,,,,,,,,,,,,,,,,,,,,1,EA,,,,,,,,,,,,,,,,,,,,,,,,,,,,,,,,,,,,,US,No,No
https://www.bc.com/product/1513722,,,,,,1513722,,,,1513722,1513722,1x8-12' Honey Grove - Trex Enhance Naturals Fascia,-- Unbranded --,-- No Unilog Brand --,-- No DIB Brand --,Boise Cascade Building Materials (BOICA),Boise Cascade Company,BOISE CASCADE®,,1513722,,,"BOISE CASCADE®, Luminaire, 1513722",LUMINAIRE,"BOISE CASCADE®, 1513722, Luminaire",BOISE CASCADE® Luminaire,"BOISE CASCADE®, Luminaire",,,,,,,,,,,,,,,,,,,,,,,,,,,Luminaire,Series,,,Model,,,Item Type,,,Voltage Rating,,,Amperage Rating,,,Dimensions,,,Mounting Type,,,Material,,,Color,,,Sound Level,,,Additional Information,,,,,,,,,,,,,,,description,1x8-12' Honey Grove - Trex Enhance Naturals Fascia,,,,,,,,,,,,,,,,,,,,,,,,,,,,,,,,,,,,,,,,,,,,,,,,,,,,,,,,,,,,,,,,,,,,,,,,,,,,,,,,,,,,,,,,,,,,,,,,,,,,,,,,,,,,,,1,EA,,,,,,,,,,,,,,,,,,,,,,,,,,,,,,,,,,,,,US,No,No
https://www.bc.com/product/1513723,,,,,,1513723,,,,1513723,1513723,1x12-12' Honey Grove - Trex Enhance Naturals Fascia,-- Unbranded --,-- No Unilog Brand --,-- No DIB Brand --,Boise Cascade Building Materials (BOICA),Boise Cascade Company,BOISE CASCADE®,,1513723,,,"BOISE CASCADE®, Fascia, 1513723",FASCIA 1X12-12 FT,"BOISE CASCADE®, 1513723, Fascia","BOISE CASCADE® Fascia, 1x12-12 ft","BOISE CASCADE®, Fascia",,,,,,,,,,,,,,,,,,,,,,,,,,,Fascia,Series,,,Model,,,Item Type,,,Voltage Rating,,,Amperage Rating,,,Dimensions,1x12-12 ft,,Mounting Type,,,Material,,,Color,,,Sound Level,,,Additional Information,,,,,,,,,,,,,,,supplier,BOISE CASCADE,,category,General Commercial,,,,,,,,,,,,,,,,,,,,,,,,,,,,,,,,,,,,,,,,,,,,,,,,,,,,,,,,,,,,,,,,,,,,,,,,,,,,,,,,,,,,,,,,,,,,,,,,,,,,,,,,,,,1,EA,,,,,,,,,,,,,,,,,,,,,,,,,,,,,,,,,,,,,US,No,No
https://www.bc.com/product/1513729,,,,,,1513729,,,,1513729,1513729,1x8-12' Tide Pool - Trex Enhance Basics Fascia,-- Unbranded --,-- No Unilog Brand --,-- No DIB Brand --,Boise Cascade Building Materials (BOICA),Boise Cascade Company,BOISE CASCADE®,,1513729,,,"BOISE CASCADE®, Luminaire, 1513729",LUMINAIRE 8 FT,"BOISE CASCADE®, 1513729, Luminaire","BOISE CASCADE® Luminaire, 8 ft","BOISE CASCADE®, Luminaire",,,,,,,,,,,,,,,,,,,,,,,,,,,Luminaire,Series,,,Model,,,Item Type,,,Voltage Rating,,,Amperage Rating,,,Dimensions,8 ft,,Mounting Type,,,Material,,,Color,,,Sound Level,,,Additional Information,,,,,,,,,,,,,,,description,1x8-12' Tide Pool - Trex Enhance Basics Fascia,,category,General Commercial,,length,12',,,,,,,,,,,,,,,,,,,,,,,,,,,,,,,,,,,,,,,,,,,,,,,,,,,,,,,,,,,,,,,,,,,,,,,,,,,,,,,,,,,,,,,,,,,,,,,,,,,,,,,,1,EA,,,,,,,,,,,,,,,,,,,,,,,,,,,,,,,,,,,,,US,No,No
https://www.bc.com/product/1513730,,,,,,1513730,,,,1513730,1513730,1x12-12' Tide Pool - Trex Enhance Basics Fascia,-- Unbranded --,-- No Unilog Brand --,-- No DIB Brand --,Boise Cascade Building Materials (BOICA),Boise Cascade Company,BOISE CASCADE®,,1513730,,,"BOISE CASCADE®, Fascia, 1513730",FASCIA,"BOISE CASCADE®, 1513730, Fascia",BOISE CASCADE® Fascia,"BOISE CASCADE®, Fascia",,,,,,,,,,,,,,,,,,,,,,,,,,,Fascia,Series,,,Model,,,Item Type,,,Voltage Rating,,,Amperage Rating,,,Dimensions,1x12,,Mounting Type,,,Material,,,Color,,,Sound Level,,,Additional Information,,,,,,,,,,,,,,,length,12',,color_variant,Tide Pool,,product_line,Enhance Basics,,,,,,,,,,,,,,,,,,,,,,,,,,,,,,,,,,,,,,,,,,,,,,,,,,,,,,,,,,,,,,,,,,,,,,,,,,,,,,,,,,,,,,,,,,,,,,,,,,,,,,,,1,EA,,,,,,,,,,,,,,,,,,,,,,,,,,,,,,,,,,,,,US,No,No
https://www.bc.com/product/543076916,,,,,,543076916,,,,543076916,543076916,1x8-12' Cinnamon Cove - Trex Enhance Naturals Fascia,-- Unbranded --,-- No Unilog Brand --,-- No DIB Brand --,Boise Cascade Building Materials (BOICA),Boise Cascade Building Materials,Boise Cascade Building Materials,,543076916,,,"Boise Cascade Building Materials, Cove, 543076916, Naturals Fascia",COVE NATURALS FASCIA 1X8-12 FT,"Boise Cascade Building Materials, 543076916, Cove, Naturals Fascia","Boise Cascade Building Materials Cove, 1x8-12 ft, Naturals Fascia","Boise Cascade Building Materials, Cove, Naturals Fascia",,,,,,,,,,,,,,,,,,,,,,,,,,,Cove,Series,,,Model,,,Item Type,,,Voltage Rating,,,Amperage Rating,,,Dimensions,1x8-12 ft,,Mounting Type,,,Material,Naturals Fascia,,Color,,,Sound Level,,,Additional Information,,,,,,,,,,,,,,,supplier,Boise Cascade Building Materials,,category,General Commercial,,,,,,,,,,,,,,,,,,,,,,,,,,,,,,,,,,,,,,,,,,,,,,,,,,,,,,,,,,,,,,,,,,,,,,,,,,,,,,,,,,,,,,,,,,,,,,,,,,,,,,,,,,,1,EA,,,,,,,,,,,,,,,,,,,,,,,,,,,,,,,,,,,,,US,No,No
https://www.bc.com/product/1516876,,,,,,1516876,,,,1516876,1516876,1x8-12' Golden Hour - Trex Enhance Naturals Fascia,-- Unbranded --,-- No Unilog Brand --,-- No DIB Brand --,Boise Cascade Building Materials (BOICA),Boise Cascade Company,BOISE CASCADE®,,1516876,,,"BOISE CASCADE®, Fascia, 1516876",FASCIA 8-12 FT,"BOISE CASCADE®, 1516876, Fascia","BOISE CASCADE® Fascia, 8-12 ft","BOISE CASCADE®, Fascia",,,,,,,,,,,,,,,,,,,,,,,,,,,Fascia,Series,,,Model,,,Item Type,,,Voltage Rating,,,Amperage Rating,,,Dimensions,8-12 ft,,Mounting Type,,,Material,,,Color,,,Sound Level,,,Additional Information,,,,,,,,,,,,,,,description,1x8-12' Golden Hour - Trex Enhance Naturals Fascia,,manufacturer,BOISE CASCADE,,category,General Commercial,,,,,,,,,,,,,,,,,,,,,,,,,,,,,,,,,,,,,,,,,,,,,,,,,,,,,,,,,,,,,,,,,,,,,,,,,,,,,,,,,,,,,,,,,,,,,,,,,,,,,,,,1,EA,,,,,,,,,,,,,,,,,,,,,,,,,,,,,,,,,,,,,US,No,No
https://www.bc.com/product/543076936,,,,,,543076936,,,,543076936,543076936,1x12-12' Cinnamon Cove - Trex Enhance Naturals Fascia,-- Unbranded --,-- No Unilog Brand --,-- No DIB Brand --,Boise Cascade Building Materials (BOICA),Boise Cascade Building Materials,Boise Cascade Building Materials,,543076936,,,"Boise Cascade Building Materials, Cove, 543076936, Naturals Fascia",COVE NATURALS FASCIA 1X12-12 FT,"Boise Cascade Building Materials, 543076936, Cove, Naturals Fascia","Boise Cascade Building Materials Cove, 1x12-12 ft, Naturals Fascia","Boise Cascade Building Materials, Cove, Naturals Fascia",,,,,,,,,,,,,,,,,,,,,,,,,,,Cove,Series,,,Model,,,Item Type,,,Voltage Rating,,,Amperage Rating,,,Dimensions,1x12-12 ft,,Mounting Type,,,Material,Naturals Fascia,,Color,,,Sound Level,,,Additional Information,,,,,,,,,,,,,,,,,,,,,,,,,,,,,,,,,,,,,,,,,,,,,,,,,,,,,,,,,,,,,,,,,,,,,,,,,,,,,,,,,,,,,,,,,,,,,,,,,,,,,,,,,,,,,,,,,,,,,,,,,,,,,,1,EA,,,,,,,,,,,,,,,,,,,,,,,,,,,,,,,,,,,,,US,No,No
https://www.bc.com/product/1516878,,,,,,1516878,,,,1516878,1516878,1x12-12' Golden Hour - Trex Enhance Naturals Fascia,-- Unbranded --,-- No Unilog Brand --,-- No DIB Brand --,Boise Cascade Building Materials (BOICA),Boise Cascade Company,BOISE CASCADE®,,1516878,,,"BOISE CASCADE®, Luminaire, 1516878",LUMINAIRE,"BOISE CASCADE®, 1516878, Luminaire",BOISE CASCADE® Luminaire,"BOISE CASCADE®, Luminaire",,,,,,,,,,,,,,,,,,,,,,,,,,,Luminaire,Series,,,Model,,,Item Type,,,Voltage Rating,,,Amperage Rating,,,Dimensions,,,Mounting Type,,,Material,,,Color,,,Sound Level,,,Additional Information,,,,,,,,,,,,,,,description,1x12-12' Golden Hour - Trex Enhance Naturals Fascia,,manufacturer,BOISE CASCADE,,category,General Commercial,,,,,,,,,,,,,,,,,,,,,,,,,,,,,,,,,,,,,,,,,,,,,,,,,,,,,,,,,,,,,,,,,,,,,,,,,,,,,,,,,,,,,,,,,,,,,,,,,,,,,,,,1,EA,,,,,,,,,,,,,,,,,,,,,,,,,,,,,,,,,,,,,US,No,No
https://www.bc.com/product/1516884,,,,,,1516884,,,,1516884,1516884,1x8-12' Pebble Beach - Trex Enhance Basics Fascia,-- Unbranded --,-- No Unilog Brand --,-- No DIB Brand --,Boise Cascade Building Materials (BOICA),Boise Cascade Company,BOISE CASCADE®,,1516884,,,"BOISE CASCADE®, Luminaire, 1516884",LUMINAIRE 8 FT,"BOISE CASCADE®, 1516884, Luminaire","BOISE CASCADE® Luminaire, 8 ft","BOISE CASCADE®, Luminaire",,,,,,,,,,,,,,,,,,,,,,,,,,,Luminaire,Series,,,Model,,,Item Type,,,Voltage Rating,,,Amperage Rating,,,Dimensions,8 ft,,Mounting Type,,,Material,,,Color,,,Sound Level,,,Additional Information,,,,,,,,,,,,,,,description,1x8-12' Pebble Beach - Trex Enhance Basics Fascia,,supplier,BOISE CASCADE,,catalog_category,General Commercial,,,,,,,,,,,,,,,,,,,,,,,,,,,,,,,,,,,,,,,,,,,,,,,,,,,,,,,,,,,,,,,,,,,,,,,,,,,,,,,,,,,,,,,,,,,,,,,,,,,,,,,,1,EA,,,,,,,,,,,,,,,,,,,,,,,,,,,,,,,,,,,,,US,No,No
https://www.bc.com/product/1516885,,,,,,1516885,,,,1516885,1516885,1x12-12' Pebble Beach - Trex Enhance Basics Fascia,-- Unbranded --,-- No Unilog Brand --,-- No DIB Brand --,Boise Cascade Building Materials (BOICA),Boise Cascade Company,BOISE CASCADE®,,1516885,,,"BOISE CASCADE®, Fascia, 1516885",FASCIA,"BOISE CASCADE®, 1516885, Fascia",BOISE CASCADE® Fascia,"BOISE CASCADE®, Fascia",,,,,,,,,,,,,,,,,,,,,,,,,,,Fascia,Series,,,Model,,,Item Type,,,Voltage Rating,,,Amperage Rating,,,Dimensions,,,Mounting Type,,,Material,,,Color,,,Sound Level,,,Additional Information,,,,,,,,,,,,,,,description,1x12-12' Pebble Beach - Trex Enhance Basics Fascia,,manufacturer_part_number,1516885,,supplier,BOISE CASCADE,,catalog_category,General Commercial,,,,,,,,,,,,,,,,,,,,,,,,,,,,,,,,,,,,,,,,,,,,,,,,,,,,,,,,,,,,,,,,,,,,,,,,,,,,,,,,,,,,,,,,,,,,,,,,,,,,,1,EA,,,,,,,,,,,,,,,,,,,,,,,,,,,,,,,,,,,,,US,No,No
https://www.bc.com/product/543005916,,,,,,543005916,,,,543005916,543005916,1x8-12' Malted Barley - Trex Select 2.0 Fascia,-- Unbranded --,-- No Unilog Brand --,-- No DIB Brand --,Boise Cascade Building Materials (BOICA),Boise Cascade Building Materials,Boise Cascade Building Materials,,543005916,,,"Boise Cascade Building Materials, Fascia, 543005916",FASCIA 1X8-12 FT,"Boise Cascade Building Materials, 543005916, Fascia","Boise Cascade Building Materials Fascia, 1x8-12 ft","Boise Cascade Building Materials, Fascia",,,,,,,,,,,,,,,,,,,,,,,,,,,Fascia,Series,,,Model,,,Item Type,,,Voltage Rating,,,Amperage Rating,,,Dimensions,1x8-12 ft,,Mounting Type,,,Material,,,Color,,,Sound Level,,,Additional Information,,,,,,,,,,,,,,,,,,,,,,,,,,,,,,,,,,,,,,,,,,,,,,,,,,,,,,,,,,,,,,,,,,,,,,,,,,,,,,,,,,,,,,,,,,,,,,,,,,,,,,,,,,,,,,,,,,,,,,,,,,,,,,1,EA,,,,,,,,,,,,,,,,,,,,,,,,,,,,,,,,,,,,,US,No,No
https://www.bc.com/product/1516902,,,,,,1516902,,,,1516902,1516902,1x8-12' Millstone - Trex Select 2.0 Fascia,-- Unbranded --,-- No Unilog Brand --,-- No DIB Brand --,Boise Cascade Building Materials (BOICA),Boise Cascade Company,BOISE CASCADE®,,1516902,,,"BOISE CASCADE®, Luminaire, 1516902",LUMINAIRE 8 FT,"BOISE CASCADE®, 1516902, Luminaire","BOISE CASCADE® Luminaire, 8 ft","BOISE CASCADE®, Luminaire",,,,,,,,,,,,,,,,,,,,,,,,,,,Luminaire,Series,,,Model,,,Item Type,,,Voltage Rating,,,Amperage Rating,,,Dimensions,8 ft,,Mounting Type,,,Material,,,Color,,,Sound Level,,,Additional Information,,,,,,,,,,,,,,,description,1x8-12' Millstone - Trex Select 2.0 Fascia,,manufacturer,BOISE CASCADE®,,catalog_category,General Commercial,,,,,,,,,,,,,,,,,,,,,,,,,,,,,,,,,,,,,,,,,,,,,,,,,,,,,,,,,,,,,,,,,,,,,,,,,,,,,,,,,,,,,,,,,,,,,,,,,,,,,,,,1,EA,,,,,,,,,,,,,,,,,,,,,,,,,,,,,,,,,,,,,US,No,No
https://www.bc.com/product/543007916,,,,,,543007916,,,,543007916,543007916,1x8-12' Whiskey Barrel - Trex Select 2.0 Fascia,-- Unbranded --,-- No Unilog Brand --,-- No DIB Brand --,Boise Cascade Building Materials (BOICA),Boise Cascade Building Materials,Boise Cascade Building Materials,,543007916,,,"Boise Cascade Building Materials, Luminaire, 543007916",LUMINAIRE 8-12 FT,"Boise Cascade Building Materials, 543007916, Luminaire","Boise Cascade Building Materials Luminaire, 8-12 ft","Boise Cascade Building Materials, Luminaire",,,,,,,,,,,,,,,,,,,,,,,,,,,Luminaire,Series,,,Model,,,Item Type,,,Voltage Rating,,,Amperage Rating,,,Dimensions,8-12 ft,,Mounting Type,,,Material,,,Color,,,Sound Level,,,Additional Information,,,,,,,,,,,,,,,description,1x8-12' Whiskey Barrel - Trex Select 2.0 Fascia,,manufacturer,Boise Cascade Building Materials,,category,General Commercial,,,,,,,,,,,,,,,,,,,,,,,,,,,,,,,,,,,,,,,,,,,,,,,,,,,,,,,,,,,,,,,,,,,,,,,,,,,,,,,,,,,,,,,,,,,,,,,,,,,,,,,,1,EA,,,,,,,,,,,,,,,,,,,,,,,,,,,,,,,,,,,,,US,No,No
https://www.bc.com/product/543005936,,,,,,543005936,,,,543005936,543005936,1x12-12' Malted Barley - Trex Select 2.0 Fascia,-- Unbranded --,-- No Unilog Brand --,-- No DIB Brand --,Boise Cascade Building Materials (BOICA),Boise Cascade Building Materials,Boise Cascade Building Materials,,543005936,,,"Boise Cascade Building Materials, Commercial Product, 543005936",COMMERCIAL PRODUCT,"Boise Cascade Building Materials, 543005936, Commercial Product",Boise Cascade Building Materials Commercial Product,"Boise Cascade Building Materials, Commercial Product",,,,,,,,,,,,,,,,,,,,,,,,,,,"Boise Cascade Building Materials, Commercial Product",Series,,,Model,,,Item Type,,,Voltage Rating,,,Amperage Rating,,,Dimensions,,,Mounting Type,,,Material,,,Color,,,Sound Level,,,Additional Information,,,,,,,,,,,,,,,description,1x12-12' Malted Barley - Trex Select 2.0 Fascia,,manufacturer,Boise Cascade Building Materials,,category,General Commercial,,,,,,,,,,,,,,,,,,,,,,,,,,,,,,,,,,,,,,,,,,,,,,,,,,,,,,,,,,,,,,,,,,,,,,,,,,,,,,,,,,,,,,,,,,,,,,,,,,,,,,,,1,EA,,,,,,,,,,,,,,,,,,,,,,,,,,,,,,,,,,,,,US,No,No
https://www.bc.com/product/1516905,,,,,,1516905,,,,1516905,1516905,1x12-12' Millstone - Trex Select 2.0 Fascia,-- Unbranded --,-- No Unilog Brand --,-- No DIB Brand --,Boise Cascade Building Materials (BOICA),Boise Cascade Company,BOISE CASCADE®,,1516905,,,"BOISE CASCADE®, Luminaire, 1516905",LUMINAIRE,"BOISE CASCADE®, 1516905, Luminaire",BOISE CASCADE® Luminaire,"BOISE CASCADE®, Luminaire",,,,,,,,,,,,,,,,,,,,,,,,,,,Luminaire,Series,,,Model,,,Item Type,,,Voltage Rating,,,Amperage Rating,,,Dimensions,,,Mounting Type,,,Material,,,Color,,,Sound Level,,,Additional Information,,,,,,,,,,,,,,,description,1x12-12' Millstone - Trex Select 2.0 Fascia,,,,,,,,,,,,,,,,,,,,,,,,,,,,,,,,,,,,,,,,,,,,,,,,,,,,,,,,,,,,,,,,,,,,,,,,,,,,,,,,,,,,,,,,,,,,,,,,,,,,,,,,,,,,,,1,EA,,,,,,,,,,,,,,,,,,,,,,,,,,,,,,,,,,,,,US,No,No
https://www.bc.com/product/543007936,,,,,,543007936,,,,543007936,543007936,1x12-12' Whiskey Barrel - Trex Select 2.0 Fascia,-- Unbranded --,-- No Unilog Brand --,-- No DIB Brand --,Boise Cascade Building Materials (BOICA),Boise Cascade Building Materials,Boise Cascade Building Materials,,543007936,,,"Boise Cascade Building Materials, Luminaire, 543007936",LUMINAIRE 1X12 FT,"Boise Cascade Building Materials, 543007936, Luminaire","Boise Cascade Building Materials Luminaire, 1x12 ft","Boise Cascade Building Materials, Luminaire",,,,,,,,,,,,,,,,,,,,,,,,,,,Luminaire,Series,,,Model,,,Item Type,,,Voltage Rating,,,Amperage Rating,,,Dimensions,1x12 ft,,Mounting Type,,,Material,,,Color,,,Sound Level,,,Additional Information,,,,,,,,,,,,,,,description,Whiskey Barrel - Trex Select 2.0 Fascia,,supplier,Boise Cascade Building Materials,,category,General Commercial,,,,,,,,,,,,,,,,,,,,,,,,,,,,,,,,,,,,,,,,,,,,,,,,,,,,,,,,,,,,,,,,,,,,,,,,,,,,,,,,,,,,,,,,,,,,,,,,,,,,,,,,1,EA,,,,,,,,,,,,,,,,,,,,,,,,,,,,,,,,,,,,,US,No,No
,,,,,,543144908,,,,543144908,543144908,1x8-12' Island Mist - Trex Lineage,-- Unbranded --,-- No Unilog Brand --,-- No DIB Brand --,U S Lumber (3073),U S Lumber,U S Lumber,,543144908,,,"U S Lumber, Luminaire, 543144908",LUMINAIRE 1X8-12 FT,"U S Lumber, 543144908, Luminaire","U S Lumber Luminaire, 1x8-12 ft","U S Lumber, Luminaire",,,,,,,,,,,,,,,,,,,,,,,,,,,Luminaire,Series,,,Model,,,Item Type,,,Voltage Rating,,,Amperage Rating,,,Dimensions,1x8-12 ft,,Mounting Type,,,Material,,,Color,,,Sound Level,,,Additional Information,,,,,,,,,,,,,,,Manufacturer,U S Lumber,,Catalog Category,General Commercial,,,,,,,,,,,,,,,,,,,,,,,,,,,,,,,,,,,,,,,,,,,,,,,,,,,,,,,,,,,,,,,,,,,,,,,,,,,,,,,,,,,,,,,,,,,,,,,,,,,,,,,,,,,1,EA,,,,,,,,,,,,,,,,,,,,,,,,,,,,,,,,,,,,,US,No,No
,,,,,,543141908,,,,543141908,543141908,1x8-12' Rainier - Trex Lineage,-- Unbranded --,-- No Unilog Brand --,-- No DIB Brand --,U S Lumber (3073),U S Lumber,U S Lumber,,543141908,,,"U S Lumber, Luminaire, 543141908",LUMINAIRE 8 FT,"U S Lumber, 543141908, Luminaire","U S Lumber Luminaire, 8 ft","U S Lumber, Luminaire",,,,,,,,,,,,,,,,,,,,,,,,,,,Luminaire,Series,,,Model,,,Item Type,,,Voltage Rating,,,Amperage Rating,,,Dimensions,8 ft,,Mounting Type,,,Material,,,Color,,,Sound Level,,,Additional Information,,,,,,,,,,,,,,,length,8',,width,1x,,product_line,Lineage,,supplier,U S Lumber,,catalog_category,General Commercial,,,,,,,,,,,,,,,,,,,,,,,,,,,,,,,,,,,,,,,,,,,,,,,,,,,,,,,,,,,,,,,,,,,,,,,,,,,,,,,,,,,,,,,,,,,,,,,,,,1,EA,,,,,,,,,,,,,,,,,,,,,,,,,,,,,,,,,,,,,US,No,No
,,,,,,543144912,,,,543144912,543144912,1x12-12' Island Mist - Trex Lineage,-- Unbranded --,-- No Unilog Brand --,-- No DIB Brand --,U S Lumber (3073),U S Lumber,U S Lumber,,543144912,,,"U S Lumber, Luminaire, 543144912",LUMINAIRE 1X12 FT,"U S Lumber, 543144912, Luminaire","U S Lumber Luminaire, 1x12 ft","U S Lumber, Luminaire",,,,,,,,,,,,,,,,,,,,,,,,,,,Luminaire,Series,,,Model,,,Item Type,,,Voltage Rating,,,Amperage Rating,,,Dimensions,1x12 ft,,Mounting Type,,,Material,,,Color,,,Sound Level,,,Additional Information,,,,,,,,,,,,,,,Manufacturer,U S Lumber,,Catalog Category,General Commercial,,,,,,,,,,,,,,,,,,,,,,,,,,,,,,,,,,,,,,,,,,,,,,,,,,,,,,,,,,,,,,,,,,,,,,,,,,,,,,,,,,,,,,,,,,,,,,,,,,,,,,,,,,,1,EA,,,,,,,,,,,,,,,,,,,,,,,,,,,,,,,,,,,,,US,No,No
,,,,,,543141912,,,,543141912,543141912,1x12-12' Rainier - Trex Lineage,-- Unbranded --,-- No Unilog Brand --,-- No DIB Brand --,U S Lumber (3073),U S Lumber,U S Lumber,,543141912,,,"U S Lumber, Luminaire, 543141912",LUMINAIRE 1X12 FT,"U S Lumber, 543141912, Luminaire","U S Lumber Luminaire, 1x12 ft","U S Lumber, Luminaire",,,,,,,,,,,,,,,,,,,,,,,,,,,Luminaire,Series,,,Model,,,Item Type,,,Voltage Rating,,,Amperage Rating,,,Dimensions,1x12 ft,,Mounting Type,,,Material,,,Color,,,Sound Level,,,Additional Information,,,,,,,,,,,,,,,supplier,U S Lumber,,catalog_category,General Commercial,,,,,,,,,,,,,,,,,,,,,,,,,,,,,,,,,,,,,,,,,,,,,,,,,,,,,,,,,,,,,,,,,,,,,,,,,,,,,,,,,,,,,,,,,,,,,,,,,,,,,,,,,,,1,EA,,,,,,,,,,,,,,,,,,,,,,,,,,,,,,,,,,,,,US,No,No
https://www.bc.com/product/1513713,,,,,,1513713,,,,1513713,1513713,1x8-12' Hatteras - Trex Lineage,-- Unbranded --,-- No Unilog Brand --,-- No DIB Brand --,Boise Cascade Building Materials (BOICA),Boise Cascade Company,BOISE CASCADE®,,1513713,,,"BOISE CASCADE®, Luminaire, 1513713",LUMINAIRE 8-12 FT,"BOISE CASCADE®, 1513713, Luminaire","BOISE CASCADE® Luminaire, 8-12 ft","BOISE CASCADE®, Luminaire",,,,,,,,,,,,,,,,,,,,,,,,,,,Luminaire,Series,,,Model,,,Item Type,,,Voltage Rating,,,Amperage Rating,,,Dimensions,8-12 ft,,Mounting Type,,,Material,,,Color,,,Sound Level,,,Additional Information,,,,,,,,,,,,,,,description,1x8-12' Hatteras - Trex Lineage,,supplier,BOISE CASCADE,,catalog_category,General Commercial,,,,,,,,,,,,,,,,,,,,,,,,,,,,,,,,,,,,,,,,,,,,,,,,,,,,,,,,,,,,,,,,,,,,,,,,,,,,,,,,,,,,,,,,,,,,,,,,,,,,,,,,1,EA,,,,,,,,,,,,,,,,,,,,,,,,,,,,,,,,,,,,,US,No,No
https://www.bc.com/product/1513714,,,,,,1513714,,,,1513714,1513714,1x8-12' Salt Flat - Trex Lineage,-- Unbranded --,-- No Unilog Brand --,-- No DIB Brand --,Boise Cascade Building Materials (BOICA),Boise Cascade Company,BOISE CASCADE®,,1513714,,,"BOISE CASCADE®, Luminaire, 1513714",LUMINAIRE,"BOISE CASCADE®, 1513714, Luminaire",BOISE CASCADE® Luminaire,"BOISE CASCADE®, Luminaire",,,,,,,,,,,,,,,,,,,,,,,,,,,Luminaire,Series,,,Model,,,Item Type,,,Voltage Rating,,,Amperage Rating,,,Dimensions,,,Mounting Type,,,Material,,,Color,,,Sound Level,,,Additional Information,,,,,,,,,,,,,,,description,1x8-12' Salt Flat - Trex Lineage,,supplier,BOISE CASCADE®,,catalog_category,General Commercial,,,,,,,,,,,,,,,,,,,,,,,,,,,,,,,,,,,,,,,,,,,,,,,,,,,,,,,,,,,,,,,,,,,,,,,,,,,,,,,,,,,,,,,,,,,,,,,,,,,,,,,,1,EA,,,,,,,,,,,,,,,,,,,,,,,,,,,,,,,,,,,,,US,No,No
,,,,,,73012503,,,,73012503,73012503,4x4 Wh Heritage Post Trim RDI,-- Unbranded --,-- No Unilog Brand --,-- No DIB Brand --,-,-,-,,73012503,,,"-, Commercial Product, 73012503",COMMERCIAL PRODUCT,"-, 73012503, Commercial Product",- Commercial Product,"-, Commercial Product",,,,,,,,,,,,,,,,,,,,,,,,,,,"-, Commercial Product",Series,,,Model,,,Item Type,,,Voltage Rating,,,Amperage Rating,,,Dimensions,,,Mounting Type,,,Material,,,Color,,,Sound Level,,,Additional Information,,,,,,,,,,,,,,,,,,,,,,,,,,,,,,,,,,,,,,,,,,,,,,,,,,,,,,,,,,,,,,,,,,,,,,,,,,,,,,,,,,,,,,,,,,,,,,,,,,,,,,,,,,,,,,,,,,,,,,,,,,,,,,1,EA,,,,,,,,,,,,,,,,,,,,,,,,,,,,,,,,,,,,,US,No,No
,,,,,,73018131,,,,73018131,73018131,6x6 Wh Elite Post Trim 4pc RDI,-- Unbranded --,-- No Unilog Brand --,-- No DIB Brand --,-,-,-,,73018131,,,"-, Commercial Product, 73018131",COMMERCIAL PRODUCT,"-, 73018131, Commercial Product",- Commercial Product,"-, Commercial Product",,,,,,,,,,,,,,,,,,,,,,,,,,,"-, Commercial Product",Series,,,Model,,,Item Type,,,Voltage Rating,,,Amperage Rating,,,Dimensions,,,Mounting Type,,,Material,,,Color,,,Sound Level,,,Additional Information,,,,,,,,,,,,,,,original_catalog_description,6x6 Wh Elite Post Trim 4pc RDI,,manufacturer_part_number,73018131,,supplier_manufacturer,-,,catalog_category,General Commercial,,,,,,,,,,,,,,,,,,,,,,,,,,,,,,,,,,,,,,,,,,,,,,,,,,,,,,,,,,,,,,,,,,,,,,,,,,,,,,,,,,,,,,,,,,,,,,,,,,,,,1,EA,,,,,,,,,,,,,,,,,,,,,,,,,,,,,,,,,,,,,US,No,No
,,,,,,73018091,,,,73018091,73018091,4x4 Wh Elite Post Trim RDI,-- Unbranded --,-- No Unilog Brand --,-- No DIB Brand --,-,-,-,,73018091,,,"-, Commercial Product, 73018091",COMMERCIAL PRODUCT,"-, 73018091, Commercial Product",- Commercial Product,"-, Commercial Product",,,,,,,,,,,,,,,,,,,,,,,,,,,"-, Commercial Product",Series,,,Model,,,Item Type,,,Voltage Rating,,,Amperage Rating,,,Dimensions,,,Mounting Type,,,Material,,,Color,,,Sound Level,,,Additional Information,,,,,,,,,,,,,,,raw_catalog_description,4x4 Wh Elite Post Trim RDI,,manufacturer_part_number,73018091,,supplier_manufacturer,-,,catalog_category,General Commercial,,,,,,,,,,,,,,,,,,,,,,,,,,,,,,,,,,,,,,,,,,,,,,,,,,,,,,,,,,,,,,,,,,,,,,,,,,,,,,,,,,,,,,,,,,,,,,,,,,,,,1,EA,,,,,,,,,,,,,,,,,,,,,,,,,,,,,,,,,,,,,US,No,No
,,,,,,73018066,,,,73018066,73018066,Clay 6x6 Elite Post Trim RDI - 4pc,-- Unbranded --,-- No Unilog Brand --,-- No DIB Brand --,-,-,-,,73018066,,,"-, Luminaire, 73018066",LUMINAIRE,"-, 73018066, Luminaire",- Luminaire,"-, Luminaire",,,,,,,,,,,,,,,,,,,,,,,,,,,Luminaire,Series,,,Model,,,Item Type,,,Voltage Rating,,,Amperage Rating,,,Dimensions,,,Mounting Type,,,Material,,,Color,,,Sound Level,,,Additional Information,,,,,,,,,,,,,,,description,Clay 6x6 Elite Post Trim RDI - 4pc,,manufacturer_part_number,73018066,,supplier_manufacturer,-,,catalog_category,General Commercial,,,,,,,,,,,,,,,,,,,,,,,,,,,,,,,,,,,,,,,,,,,,,,,,,,,,,,,,,,,,,,,,,,,,,,,,,,,,,,,,,,,,,,,,,,,,,,,,,,,,,1,EA,,,,,,,,,,,,,,,,,,,,,,,,,,,,,,,,,,,,,US,No,No
,,,,,,73018076,,,,73018076,73018076,4x4 Wh Flat Post Cap RDI,-- Unbranded --,-- No Unilog Brand --,-- No DIB Brand --,-,-,-,,73018076,,,"-, Post Cap, 73018076",POST CAP 4X4,"-, 73018076, Post Cap","- Post Cap, 4x4","-, Post Cap",,,,,,,,,,,,,,,,,,,,,,,,,,,Post Cap,Series,,,Model,,,Item Type,,,Voltage Rating,,,Amperage Rating,,,Dimensions,4x4,,Mounting Type,,,Material,,,Color,,,Sound Level,,,Additional Information,,,,,,,,,,,,,,,Manufacturer Part Number (MPN),73018076,,Supplier / Manufacturer,-,,Catalog Category,General Commercial,,,,,,,,,,,,,,,,,,,,,,,,,,,,,,,,,,,,,,,,,,,,,,,,,,,,,,,,,,,,,,,,,,,,,,,,,,,,,,,,,,,,,,,,,,,,,,,,,,,,,,,,1,EA,,,,,,,,,,,,,,,,,,,,,,,,,,,,,,,,,,,,,US,No,No
,,,,,,61109087,,,,61109087,61109087,Wh 4x4-39 Blank Post RDI,-- Unbranded --,-- No Unilog Brand --,-- No DIB Brand --,-,-,-,,61109087,,,"-, Blank Post, 61109087",BLANK POST,"-, 61109087, Blank Post",- Blank Post,"-, Blank Post",,,,,,,,,,,,,,,,,,,,,,,,,,,Blank Post,Series,,,Model,,,Item Type,,,Voltage Rating,,,Amperage Rating,,,Dimensions,,,Mounting Type,,,Material,,,Color,,,Sound Level,,,Additional Information,,,,,,,,,,,,,,,Manufacturer Part Number,61109087,,Supplier / Manufacturer,-,,Catalog Category,General Commercial,,Raw Catalog Description,Wh 4x4-39 Blank Post RDI,,,,,,,,,,,,,,,,,,,,,,,,,,,,,,,,,,,,,,,,,,,,,,,,,,,,,,,,,,,,,,,,,,,,,,,,,,,,,,,,,,,,,,,,,,,,,,,,,,,,,1,EA,,,,,,,,,,,,,,,,,,,,,,,,,,,,,,,,,,,,,US,No,No
,,,,,,73018731,,,,73018731,73018731,Wh 6x6-108 Post Sleeve RDI,-- Unbranded --,-- No Unilog Brand --,-- No DIB Brand --,-,-,-,,73018731,,,"-, Post Sleeve, 73018731",POST SLEEVE 6X6,"-, 73018731, Post Sleeve","- Post Sleeve, 6x6","-, Post Sleeve",,,,,,,,,,,,,,,,,,,,,,,,,,,Post Sleeve,Series,,,Model,,,Item Type,,,Voltage Rating,,,Amperage Rating,,,Dimensions,6x6,,Mounting Type,,,Material,,,Color,,,Sound Level,,,Additional Information,,,,,,,,,,,,,,,supplier_manufacturer,-,,catalog_category,General Commercial,,,,,,,,,,,,,,,,,,,,,,,,,,,,,,,,,,,,,,,,,,,,,,,,,,,,,,,,,,,,,,,,,,,,,,,,,,,,,,,,,,,,,,,,,,,,,,,,,,,,,,,,,,,1,EA,,,,,,,,,,,,,,,,,,,,,,,,,,,,,,,,,,,,,US,No,No
,,,,,,61109090,,,,61109090,61109090,Wh 4x4-108 Post Sleeve RDI,-- Unbranded --,-- No Unilog Brand --,-- No DIB Brand --,-,-,-,,61109090,,,"-, Post Sleeve, 61109090",POST SLEEVE 4X4-108,"-, 61109090, Post Sleeve","- Post Sleeve, 4x4-108","-, Post Sleeve",,,,,,,,,,,,,,,,,,,,,,,,,,,Post Sleeve,Series,,,Model,,,Item Type,,,Voltage Rating,,,Amperage Rating,,,Dimensions,4x4-108,,Mounting Type,,,Material,,,Color,,,Sound Level,,,Additional Information,,,,,,,,,,,,,,,,,,,,,,,,,,,,,,,,,,,,,,,,,,,,,,,,,,,,,,,,,,,,,,,,,,,,,,,,,,,,,,,,,,,,,,,,,,,,,,,,,,,,,,,,,,,,,,,,,,,,,,,,,,,,,,1,EA,,,,,,,,,,,,,,,,,,,,,,,,,,,,,,,,,,,,,US,No,No
,,,,,,73053603,,,,73053603,73053603,Clay 4x4-108 Post Sleeve RDI,-- Unbranded --,-- No Unilog Brand --,-- No DIB Brand --,-,-,-,,73053603,,,"-, Post Sleeve, 73053603",POST SLEEVE 4X4,"-, 73053603, Post Sleeve","- Post Sleeve, 4x4","-, Post Sleeve",,,,,,,,,,,,,,,,,,,,,,,,,,,Post Sleeve,Series,,,Model,,,Item Type,,,Voltage Rating,,,Amperage Rating,,,Dimensions,4x4,,Mounting Type,,,Material,,,Color,,,Sound Level,,,Additional Information,,,,,,,,,,,,,,,supplier_manufacturer,-,,catalog_category,General Commercial,,,,,,,,,,,,,,,,,,,,,,,,,,,,,,,,,,,,,,,,,,,,,,,,,,,,,,,,,,,,,,,,,,,,,,,,,,,,,,,,,,,,,,,,,,,,,,,,,,,,,,,,,,,1,EA,,,,,,,,,,,,,,,,,,,,,,,,,,,,,,,,,,,,,US,No,No
,,,,,,73053608,,,,73053608,73053608,Clay 6x6-108 Post Sleeve RDI,-- Unbranded --,-- No Unilog Brand --,-- No DIB Brand --,-,-,-,,73053608,,,"-, Post Sleeve, 73053608",POST SLEEVE 6X6,"-, 73053608, Post Sleeve","- Post Sleeve, 6x6","-, Post Sleeve",,,,,,,,,,,,,,,,,,,,,,,,,,,Post Sleeve,Series,,,Model,,,Item Type,,,Voltage Rating,,,Amperage Rating,,,Dimensions,6x6,,Mounting Type,,,Material,,,Color,,,Sound Level,,,Additional Information,,,,,,,,,,,,,,,,,,,,,,,,,,,,,,,,,,,,,,,,,,,,,,,,,,,,,,,,,,,,,,,,,,,,,,,,,,,,,,,,,,,,,,,,,,,,,,,,,,,,,,,,,,,,,,,,,,,,,,,,,,,,,,1,EA,,,,,,,,,,,,,,,,,,,,,,,,,,,,,,,,,,,,,US,No,No
https://www.bc.com/product/543340896,,,,,,543340896,,,,543340896,543340896,"4x4-37"" Black Alum Post Sleeve Select Alum Railing - w/Cap & Skirt",-- Unbranded --,-- No Unilog Brand --,-- No DIB Brand --,Boise Cascade Building Materials (BOICA),Boise Cascade Building Materials,Boise Cascade Building Materials,,543340896,,,"Boise Cascade Building Materials, Post Sleeve, 543340896, Aluminum",POST SLEEVE ALUM 4X4-37 IN,"Boise Cascade Building Materials, 543340896, Post Sleeve, Aluminum","Boise Cascade Building Materials Post Sleeve, 4x4-37 in, Aluminum","Boise Cascade Building Materials, Post Sleeve, Aluminum",,,,,,,,,,,,,,,,,,,,,,,,,,,Post Sleeve,Series,,,Model,,,Item Type,,,Voltage Rating,,,Amperage Rating,,,Dimensions,4x4-37 in,,Mounting Type,,,Material,Aluminum,,Color,Black,,Sound Level,,,Additional Information,,,,,,,,,,,,,,,includes_cap,True,,includes_skirt,True,,rail_type,Select Alum Railing,,,,,,,,,,,,,,,,,,,,,,,,,,,,,,,,,,,,,,,,,,,,,,,,,,,,,,,,,,,,,,,,,,,,,,,,,,,,,,,,,,,,,,,,,,,,,,,,,,,,,,,,1,EA,,,,,,,,,,,,,,,,,,,,,,,,,,,,,,,,,,,,,US,No,No
https://www.bc.com/product/543340898,,,,,,543340898,,,,543340898,543340898,"4x4-43"" Black Alum Post Sleeve Select Alum Railing w/Cap & Skirt",-- Unbranded --,-- No Unilog Brand --,-- No DIB Brand --,Boise Cascade Building Materials (BOICA),Boise Cascade Building Materials,Boise Cascade Building Materials,,543340898,,,"Boise Cascade Building Materials, Post Sleeve, 543340898, Aluminum",POST SLEEVE ALUM 4X4-43 IN,"Boise Cascade Building Materials, 543340898, Post Sleeve, Aluminum","Boise Cascade Building Materials Post Sleeve, 4x4-43 in, Aluminum","Boise Cascade Building Materials, Post Sleeve, Aluminum",,,,,,,,,,,,,,,,,,,,,,,,,,,Post Sleeve,Series,,,Model,,,Item Type,,,Voltage Rating,,,Amperage Rating,,,Dimensions,4x4-43 in,,Mounting Type,,,Material,Aluminum,,Color,,,Sound Level,,,Additional Information,,,,,,,,,,,,,,,description,"4x4-43"" Black Alum Post Sleeve Select Alum Railing w/Cap & Skirt",,supplier,Boise Cascade Building Materials,,category,General Commercial,,,,,,,,,,,,,,,,,,,,,,,,,,,,,,,,,,,,,,,,,,,,,,,,,,,,,,,,,,,,,,,,,,,,,,,,,,,,,,,,,,,,,,,,,,,,,,,,,,,,,,,,1,EA,,,,,,,,,,,,,,,,,,,,,,,,,,,,,,,,,,,,,US,No,No
,,,,,,73272TBK,,,,73272TBK,73272TBK,6x6-10' Black Alum Deco - Support Post,-- Unbranded --,-- No Unilog Brand --,-- No DIB Brand --,Palmer Donavin Mfg Company (PALDO),Palmer Donavin Mfg Company,Palmer Donavin Mfg Company,,73272TBK,,,"Palmer Donavin Mfg Company, Support Post, 73272TBK, Aluminum",SUPPORT POST ALUM 6X6-10 FT,"Palmer Donavin Mfg Company, 73272TBK, Support Post, Aluminum, Black","Palmer Donavin Mfg Company Support Post, 6x6-10 ft, Aluminum, Black","Palmer Donavin Mfg Company, Support Post, Aluminum, Black",,,,,,,,,,,,,,,,,,,,,,,,,,,Support Post,Series,,,Model,,,Item Type,,,Voltage Rating,,,Amperage Rating,,,Dimensions,6x6-10 ft,,Mounting Type,,,Material,Aluminum,,Color,Black,,Sound Level,,,Additional Information,,,,,,,,,,,,,,,Manufacturer,Palmer Donavin Mfg Company,,Catalog Category,General Commercial,,,,,,,,,,,,,,,,,,,,,,,,,,,,,,,,,,,,,,,,,,,,,,,,,,,,,,,,,,,,,,,,,,,,,,,,,,,,,,,,,,,,,,,,,,,,,,,,,,,,,,,,,,,1,EA,,,,,,,,,,,,,,,,,,,,,,,,,,,,,,,,,,,,,US,No,No
,,,,,,543302127,,,,543302127,543302127,6' Wh Select T-Rail Kit Stair - w/Sq Composite Balusters,-- Unbranded --,-- No Unilog Brand --,-- No DIB Brand --,U S Lumber (3073),U S Lumber,U S Lumber,,543302127,,,"U S Lumber, T-Rail Kit, 543302127, Composite",T-RAIL KIT COMPOSITE 6 FT,"U S Lumber, 543302127, T-Rail Kit, Composite","U S Lumber T-Rail Kit, 6 ft, Composite","U S Lumber, T-Rail Kit, Composite",,,,,,,,,,,,,,,,,,,,,,,,,,,T-Rail Kit,Series,,,Model,,,Item Type,,,Voltage Rating,,,Amperage Rating,,,Dimensions,6 ft,,Mounting Type,,,Material,Composite,,Color,,,Sound Level,,,Additional Information,,,,,,,,,,,,,,,length,6',,baluster_type,Sq Composite Balusters,,kit_type,T-Rail Kit,,,,,,,,,,,,,,,,,,,,,,,,,,,,,,,,,,,,,,,,,,,,,,,,,,,,,,,,,,,,,,,,,,,,,,,,,,,,,,,,,,,,,,,,,,,,,,,,,,,,,,,,1,EA,,,,,,,,,,,,,,,,,,,,,,,,,,,,,,,,,,,,,US,No,No
,,,,,,543302147,,,,543302147,543302147,8' Wh Select T-Rail Kit Stair - w/Sq Composite Balusters,-- Unbranded --,-- No Unilog Brand --,-- No DIB Brand --,U S Lumber (3073),U S Lumber,U S Lumber,,543302147,,,"U S Lumber, T-Rail Kit, 543302147, Composite",T-RAIL KIT COMPOSITE 8 FT,"U S Lumber, 543302147, T-Rail Kit, Composite","U S Lumber T-Rail Kit, 8 ft, Composite","U S Lumber, T-Rail Kit, Composite",,,,,,,,,,,,,,,,,,,,,,,,,,,T-Rail Kit,Series,,,Model,,,Item Type,,,Voltage Rating,,,Amperage Rating,,,Dimensions,8 ft,,Mounting Type,,,Material,Composite,,Color,,,Sound Level,,,Additional Information,,,,,,,,,,,,,,,length,8',,baluster_type,Sq Composite,,kit_type,T-Rail Kit,,select,Wh Select,,,,,,,,,,,,,,,,,,,,,,,,,,,,,,,,,,,,,,,,,,,,,,,,,,,,,,,,,,,,,,,,,,,,,,,,,,,,,,,,,,,,,,,,,,,,,,,,,,,,,1,EA,,,,,,,,,,,,,,,,,,,,,,,,,,,,,,,,,,,,,US,No,No
,,,,,,73019599,,,,73019599,73019599,Finyline Wh 6' Str Rail Kit Sq,-- Unbranded --,-- No Unilog Brand --,-- No DIB Brand --,-,-,-,,73019599,,,"-, Commercial Product, 73019599",COMMERCIAL PRODUCT,"-, 73019599, Commercial Product",- Commercial Product,"-, Commercial Product",,,,,,,,,,,,,,,,,,,,,,,,,,,"-, Commercial Product",Series,,,Model,,,Item Type,,,Voltage Rating,,,Amperage Rating,,,Dimensions,,,Mounting Type,,,Material,,,Color,,,Sound Level,,,Additional Information,,,,,,,,,,,,,,,raw_catalog_description,Finyline Wh 6' Str Rail Kit Sq,,manufacturer_part_number,73019599,,supplier_manufacturer,-,,catalog_category,General Commercial,,,,,,,,,,,,,,,,,,,,,,,,,,,,,,,,,,,,,,,,,,,,,,,,,,,,,,,,,,,,,,,,,,,,,,,,,,,,,,,,,,,,,,,,,,,,,,,,,,,,,1,EA,,,,,,,,,,,,,,,,,,,,,,,,,,,,,,,,,,,,,US,No,No
,,,,,,73019648,,,,73019648,73019648,Finyline Wh 8' Str Rail Kit Sq,-- Unbranded --,-- No Unilog Brand --,-- No DIB Brand --,-,-,-,,73019648,,,"-, Commercial Product, 73019648",COMMERCIAL PRODUCT,"-, 73019648, Commercial Product",- Commercial Product,"-, Commercial Product",,,,,,,,,,,,,,,,,,,,,,,,,,,"-, Commercial Product",Series,,,Model,,,Item Type,,,Voltage Rating,,,Amperage Rating,,,Dimensions,,,Mounting Type,,,Material,,,Color,,,Sound Level,,,Additional Information,,,,,,,,,,,,,,,raw_catalog_description,Finyline Wh 8' Str Rail Kit Sq,,manufacturer_part_number,73019648,,supplier_manufacturer,-,,catalog_category,General Commercial,,,,,,,,,,,,,,,,,,,,,,,,,,,,,,,,,,,,,,,,,,,,,,,,,,,,,,,,,,,,,,,,,,,,,,,,,,,,,,,,,,,,,,,,,,,,,,,,,,,,,1,EA,,,,,,,,,,,,,,,,,,,,,,,,,,,,,,,,,,,,,US,No,No
,,,,,,73019598,,,,73019598,73019598,Finyline Wh 6' Str Rail Kit Rd - w/Black Alum Balusters,-- Unbranded --,-- No Unilog Brand --,-- No DIB Brand --,-,-,-,,73019598,,,"-, Str Rail Kit, 73019598, Black Alum",STR RAIL KIT BLACK ALUM,"-, 73019598, Str Rail Kit, Black Alum","- Str Rail Kit, Black Alum","-, Str Rail Kit, Black Alum",,,,,,,,,,,,,,,,,,,,,,,,,,,Str Rail Kit,Series,,,Model,,,Item Type,,,Voltage Rating,,,Amperage Rating,,,Dimensions,,,Mounting Type,,,Material,Black Alum,,Color,,,Sound Level,,,Additional Information,,,,,,,,,,,,,,,Manufacturer Part Number,73019598,,Supplier / Manufacturer,-,,Catalog Category,General Commercial,,,,,,,,,,,,,,,,,,,,,,,,,,,,,,,,,,,,,,,,,,,,,,,,,,,,,,,,,,,,,,,,,,,,,,,,,,,,,,,,,,,,,,,,,,,,,,,,,,,,,,,,1,EA,,,,,,,,,,,,,,,,,,,,,,,,,,,,,,,,,,,,,US,No,No
,,,,,,73019647,,,,73019647,73019647,Finyline Wh 8' Str Rail Kit Rd - w/Black Alum Balusters,-- Unbranded --,-- No Unilog Brand --,-- No DIB Brand --,-,-,-,,73019647,,,"-, Str Rail Kit, 73019647, Aluminum",STR RAIL KIT ALUM,"-, 73019647, Str Rail Kit, Aluminum","- Str Rail Kit, Aluminum","-, Str Rail Kit, Aluminum",,,,,,,,,,,,,,,,,,,,,,,,,,,Str Rail Kit,Series,,,Model,,,Item Type,,,Voltage Rating,,,Amperage Rating,,,Dimensions,,,Mounting Type,,,Material,Aluminum,,Color,,,Sound Level,,,Additional Information,,,,,,,,,,,,,,,length,8',,baluster_color,Black,,kit_type,Rail Kit,,category,General Commercial,,,,,,,,,,,,,,,,,,,,,,,,,,,,,,,,,,,,,,,,,,,,,,,,,,,,,,,,,,,,,,,,,,,,,,,,,,,,,,,,,,,,,,,,,,,,,,,,,,,,,1,EA,,,,,,,,,,,,,,,,,,,,,,,,,,,,,,,,,,,,,US,No,No
https://www.bc.com/product/543300257,,,,,,543300257,,,,543300257,543300257,6' Black Select Classic Stair - Rail w/Rnd Black Alum Baluster,-- Unbranded --,-- No Unilog Brand --,-- No DIB Brand --,Boise Cascade Building Materials (BOICA),Boise Cascade Building Materials,Boise Cascade Building Materials,,543300257,,,"Boise Cascade Building Materials, Stair Rail, 543300257, Aluminum",STAIR RAIL ALUM 6 FT,"Boise Cascade Building Materials, 543300257, Stair Rail, Aluminum","Boise Cascade Building Materials Stair Rail, 6 ft, Aluminum","Boise Cascade Building Materials, Stair Rail, Aluminum",,,,,,,,,,,,,,,,,,,,,,,,,,,Stair Rail,Series,,,Model,,,Item Type,,,Voltage Rating,,,Amperage Rating,,,Dimensions,6 ft,,Mounting Type,,,Material,Aluminum,,Color,,,Sound Level,,,Additional Information,,,,,,,,,,,,,,,,,,,,,,,,,,,,,,,,,,,,,,,,,,,,,,,,,,,,,,,,,,,,,,,,,,,,,,,,,,,,,,,,,,,,,,,,,,,,,,,,,,,,,,,,,,,,,,,,,,,,,,,,,,,,,,1,EA,,,,,,,,,,,,,,,,,,,,,,,,,,,,,,,,,,,,,US,No,No
https://www.bc.com/product/543300277,,,,,,543300277,,,,543300277,543300277,8' Black Select Classic Stair - Rail w/Rnd Black Alum Baluster,-- Unbranded --,-- No Unilog Brand --,-- No DIB Brand --,Boise Cascade Building Materials (BOICA),Boise Cascade Building Materials,Boise Cascade Building Materials,,543300277,,,"Boise Cascade Building Materials, Stair Rail, 543300277, Aluminum",STAIR RAIL ALUM 8 FT,"Boise Cascade Building Materials, 543300277, Stair Rail, Aluminum","Boise Cascade Building Materials Stair Rail, 8 ft, Aluminum","Boise Cascade Building Materials, Stair Rail, Aluminum",,,,,,,,,,,,,,,,,,,,,,,,,,,Stair Rail,Series,,,Model,,,Item Type,,,Voltage Rating,,,Amperage Rating,,,Dimensions,8 ft,,Mounting Type,,,Material,Aluminum,,Color,Black,,Sound Level,,,Additional Information,,,,,,,,,,,,,,,baluster_type,Rnd Black Alum,,length,8',,,,,,,,,,,,,,,,,,,,,,,,,,,,,,,,,,,,,,,,,,,,,,,,,,,,,,,,,,,,,,,,,,,,,,,,,,,,,,,,,,,,,,,,,,,,,,,,,,,,,,,,,,,1,EA,,,,,,,,,,,,,,,,,,,,,,,,,,,,,,,,,,,,,US,No,No
,,,,,,SPB-44BPL,,,,SPB-44BPL,SPB-44BPL,"Patriot 4""x4""x37""/43"" Adjustable Self Leveling Support Post",-- Unbranded --,-- No Unilog Brand --,-- No DIB Brand --,-,-,-,,SPB-44BPL,,,"-, Support Post, SPB-44BPL",SUPPORT POST 4 INX4 INX37,"-, SPB-44BPL, Support Post","- Support Post, 4 inx4 inx37","-, Support Post",,,,,,,,,,,,,,,,,,,,,,,,,,,Support Post,Series,,,Model,,,Item Type,,,Voltage Rating,,,Amperage Rating,,,Dimensions,4 inx4 inx37,,Mounting Type,,,Material,,,Color,,,Sound Level,,,Additional Information,,,,,,,,,,,,,,,Manufacturer Part Number,SPB-44BPL,,Supplier / Manufacturer,-,,Catalog Category,General Commercial,,,,,,,,,,,,,,,,,,,,,,,,,,,,,,,,,,,,,,,,,,,,,,,,,,,,,,,,,,,,,,,,,,,,,,,,,,,,,,,,,,,,,,,,,,,,,,,,,,,,,,,,1,EA,,,,,,,,,,,,,,,,,,,,,,,,,,,,,,,,,,,,,US,No,No
https://www.ustape.com/product/925219,,,,,,925219,,,,925219,925219,"2""x50' Deck Joist Tape - Protecto Wrap",-- Unbranded --,-- No Unilog Brand --,-- No DIB Brand --,Palmer Donavin Mfg Company (PALDO),U.S. Tape Company,U.S. TAPE®,,925219,,,"U.S. TAPE®, Deck Joist Tape, 925219",DECK JOIST TAPE 2 INX50,"U.S. TAPE®, 925219, Deck Joist Tape","U.S. TAPE® Deck Joist Tape, 2 inx50","U.S. TAPE®, Deck Joist Tape",,,,,,,,,,,,,,,,,,,,,,,,,,,Deck Joist Tape,Series,,,Model,,,Item Type,,,Voltage Rating,,,Amperage Rating,,,Dimensions,2 inx50,,Mounting Type,,,Material,,,Color,,,Sound Level,,,Additional Information,,,,,,,,,,,,,,,,,,,,,,,,,,,,,,,,,,,,,,,,,,,,,,,,,,,,,,,,,,,,,,,,,,,,,,,,,,,,,,,,,,,,,,,,,,,,,,,,,,,,,,,,,,,,,,,,,,,,,,,,,,,,,,1,EA,,,,,,,,,,,,,,,,,,,,,,,,,,,,,,,,,,,,,US,No,No
https://www.milwaukeetool.com/product/27233,,,,,,27233,,,,27233,27233,24x48 WH Attic Access Door,-- Unbranded --,-- No Unilog Brand --,-- No DIB Brand --,A J Manufacturing Inc (AJMAN),Milwaukee Electric Tool Corporation,MILWAUKEE®,,27233,,,"MILWAUKEE®, Attic Access Door, 27233",ATTIC ACCESS DOOR 24X48,"MILWAUKEE®, 27233, Attic Access Door","MILWAUKEE® Attic Access Door, 24x48","MILWAUKEE®, Attic Access Door",,,,,,,,,,,,,,,,,,,,,,,,,,,Attic Access Door,Series,,,Model,,,Item Type,,,Voltage Rating,,,Amperage Rating,,,Dimensions,24x48,,Mounting Type,,,Material,,,Color,,,Sound Level,,,Additional Information,,,,,,,,,,,,,,,,,,,,,,,,,,,,,,,,,,,,,,,,,,,,,,,,,,,,,,,,,,,,,,,,,,,,,,,,,,,,,,,,,,,,,,,,,,,,,,,,,,,,,,,,,,,,,,,,,,,,,,,,,,,,,,1,EA,,,,,,,,,,,,,,,,,,,,,,,,,,,,,,,,,,,,,US,No,No
,,,,,,1517602,,,,1517602,1517602,6068R Gliding Patio Dr 4500 United Blk Ext/WH Int LowE Arg w/J,-- Unbranded --,-- No Unilog Brand --,-- No DIB Brand --,United Window & Door Manufacturing (UNIWI),United Window & Door Manufacturing,United Window & Door Manufacturing,,1517602,,,"United Window & Door Manufacturing, Window, 1517602",WINDOW,"United Window & Door Manufacturing, 1517602, Window",United Window & Door Manufacturing Window,"United Window & Door Manufacturing, Window",,,,,,,,,,,,,,,,,,,,,,,,,,,Window,Series,,,Model,,,Item Type,,,Voltage Rating,,,Amperage Rating,,,Dimensions,,,Mounting Type,,,Material,,,Color,,,Sound Level,,,Additional Information,,,,,,,,,,,,,,,description,6068R Gliding Patio Dr 4500 United Blk Ext/WH Int LowE Arg w/J,,manufacturer_part_number,1517602,,supplier_manufacturer,United Window & Door Manufacturing,,catalog_category,General Commercial,,,,,,,,,,,,,,,,,,,,,,,,,,,,,,,,,,,,,,,,,,,,,,,,,,,,,,,,,,,,,,,,,,,,,,,,,,,,,,,,,,,,,,,,,,,,,,,,,,,,,1,EA,,,,,,,,,,,,,,,,,,,,,,,,,,,,,,,,,,,,,US,No,No
,,,,,,1517603,,,,1517603,1517603,6068L Gliding Patio Dr 4500 United Blk Ext/WH Int LowE Arg w/J,-- Unbranded --,-- No Unilog Brand --,-- No DIB Brand --,United Window & Door Manufacturing (UNIWI),United Window & Door Manufacturing,United Window & Door Manufacturing,,1517603,,,"United Window & Door Manufacturing, Luminaire, 1517603",LUMINAIRE,"United Window & Door Manufacturing, 1517603, Luminaire",United Window & Door Manufacturing Luminaire,"United Window & Door Manufacturing, Luminaire",,,,,,,,,,,,,,,,,,,,,,,,,,,Luminaire,Series,,,Model,,,Item Type,,,Voltage Rating,,,Amperage Rating,,,Dimensions,,,Mounting Type,,,Material,,,Color,,,Sound Level,,,Additional Information,,,,,,,,,,,,,,,description,6068L Gliding Patio Dr 4500 United Blk Ext/WH Int LowE Arg w/J,,manufacturer_part_number,1517603,,supplier_manufacturer,United Window & Door Manufacturing,,catalog_category,General Commercial,,,,,,,,,,,,,,,,,,,,,,,,,,,,,,,,,,,,,,,,,,,,,,,,,,,,,,,,,,,,,,,,,,,,,,,,,,,,,,,,,,,,,,,,,,,,,,,,,,,,,1,EA,,,,,,,,,,,,,,,,,,,,,,,,,,,,,,,,,,,,,US,No,No
,,,,,,1517604,,,,1517604,1517604,6068L Gliding Patio Dr 4500 United White LowE Arg w/J,-- Unbranded --,-- No Unilog Brand --,-- No DIB Brand --,United Window & Door Manufacturing (UNIWI),United Window & Door Manufacturing,United Window & Door Manufacturing,,1517604,,,"United Window & Door Manufacturing, Luminaire, 1517604",LUMINAIRE,"United Window & Door Manufacturing, 1517604, Luminaire",United Window & Door Manufacturing Luminaire,"United Window & Door Manufacturing, Luminaire",,,,,,,,,,,,,,,,,,,,,,,,,,,Luminaire,Series,,,Model,,,Item Type,,,Voltage Rating,,,Amperage Rating,,,Dimensions,,,Mounting Type,,,Material,,,Color,,,Sound Level,,,Additional Information,,,,,,,,,,,,,,,description,6068L Gliding Patio Dr 4500 United White LowE Arg w/J,,manufacturer_part_number,1517604,,supplier_manufacturer,United Window & Door Manufacturing,,catalog_category,General Commercial,,,,,,,,,,,,,,,,,,,,,,,,,,,,,,,,,,,,,,,,,,,,,,,,,,,,,,,,,,,,,,,,,,,,,,,,,,,,,,,,,,,,,,,,,,,,,,,,,,,,,1,EA,,,,,,,,,,,,,,,,,,,,,,,,,,,,,,,,,,,,,US,No,No
,,,,,,1517605,,,,1517605,1517605,6068R Gliding Patio Dr 4500 United White LowE Arg w/J,-- Unbranded --,-- No Unilog Brand --,-- No DIB Brand --,United Window & Door Manufacturing (UNIWI),United Window & Door Manufacturing,United Window & Door Manufacturing,,1517605,,,"United Window & Door Manufacturing, Luminaire, 1517605",LUMINAIRE,"United Window & Door Manufacturing, 1517605, Luminaire",United Window & Door Manufacturing Luminaire,"United Window & Door Manufacturing, Luminaire",,,,,,,,,,,,,,,,,,,,,,,,,,,Luminaire,Series,,,Model,,,Item Type,,,Voltage Rating,,,Amperage Rating,,,Dimensions,,,Mounting Type,,,Material,,,Color,,,Sound Level,,,Additional Information,,,,,,,,,,,,,,,description,6068R Gliding Patio Dr 4500 United White LowE Arg w/J,,manufacturer_part_number,1517605,,supplier_manufacturer,United Window & Door Manufacturing,,catalog_category,General Commercial,,,,,,,,,,,,,,,,,,,,,,,,,,,,,,,,,,,,,,,,,,,,,,,,,,,,,,,,,,,,,,,,,,,,,,,,,,,,,,,,,,,,,,,,,,,,,,,,,,,,,1,EA,,,,,,,,,,,,,,,,,,,,,,,,,,,,,,,,,,,,,US,No,No
,,,,,,FS C01 2004S,,,,,FS C01 2004S,"FS C01 Velux Fxd Skylt Gry/Wh - w/Solar Shade RO 21""x26-7/8""",,,,Velux America Inc (VELAM),Velux America Inc (VELAM),Velux America Inc (VELAM),,FS C01 2004S,,,Velux America Inc (VELAM) FS C01 Velux Fxd Skylt Gry/Wh FS C,VELUX AM FS C01 VELUX FX FS C01 2004S,,,,,,,,,,,,,,,,,,,,,,,,,,,,,,FS C01 Velux Fxd Skylt Gry/Wh,,,,,,,,,,,,,,,,,,,,,,,,,,,,,,,,,,,,,,,,,,,,,,,,,,,,,,,,,,,,,,,,,,,,,,,,,,,,,,,,,,,,,,,,,,,,,,,,,,,,,,,,,,,,,,,,,,,,,,,,,,,,,,,,,,,,,,,,,,,,,,,,,,,,,,,,,,,,,,,,,,,,,,,,,,,,,,,,,,,,,,,,,,,,,,,,,,,,,No
,,,,,,FS C04 2004S,,,,,FS C04 2004S,"FS C04 Velux Fxd Skylt Gry/Wh - w/Solar Shade RO 21""x37-7/8""",,,,Velux America Inc (VELAM),Velux America Inc (VELAM),Velux America Inc (VELAM),,FS C04 2004S,,,Velux America Inc (VELAM) FS C04 Velux Fxd Skylt Gry/Wh FS C,VELUX AM FS C04 VELUX FX FS C04 2004S,,,,,,,,,,,,,,,,,,,,,,,,,,,,,,FS C04 Velux Fxd Skylt Gry/Wh,,,,,,,,,,,,,,,,,,,,,,,,,,,,,,,,,,,,,,,,,,,,,,,,,,,,,,,,,,,,,,,,,,,,,,,,,,,,,,,,,,,,,,,,,,,,,,,,,,,,,,,,,,,,,,,,,,,,,,,,,,,,,,,,,,,,,,,,,,,,,,,,,,,,,,,,,,,,,,,,,,,,,,,,,,,,,,,,,,,,,,,,,,,,,,,,,,,,,No
,,,,,,FS C06 2004S,,,,,FS C06 2004S,"FS C06 Velux Fxd Skylt Gry/Wh - w/Solar Shade RO 21""x45-7/8""",,,,Velux America Inc (VELAM),Velux America Inc (VELAM),Velux America Inc (VELAM),,FS C06 2004S,,,Velux America Inc (VELAM) FS C06 Velux Fxd Skylt Gry/Wh FS C,VELUX AM FS C06 VELUX FX FS C06 2004S,,,,,,,,,,,,,,,,,,,,,,,,,,,,,,FS C06 Velux Fxd Skylt Gry/Wh,,,,,,,,,,,,,,,,,,,,,,,,,,,,,,,,,,,,,,,,,,,,,,,,,,,,,,,,,,,,,,,,,,,,,,,,,,,,,,,,,,,,,,,,,,,,,,,,,,,,,,,,,,,,,,,,,,,,,,,,,,,,,,,,,,,,,,,,,,,,,,,,,,,,,,,,,,,,,,,,,,,,,,,,,,,,,,,,,,,,,,,,,,,,,,,,,,,,,No
,,,,,,1501831,Plumbing,Faucets & Stems,Kitchen Faucets,1501831,1501831,31.5x14.75 Bsmt ecoLitePlus WH - Hopper DLA w/Screen,-- Unbranded --,-- No Unilog Brand --,-- No DIB Brand --,ProVia (PRODO),ProVia,ProVia,,1501831,,Plumbing>Faucets>Kitchen Faucets,"ProVia, Lavatory Faucet, 1501831",LAVATORY FAUCET,"ProVia, 1501831, Lavatory Faucet","ProVia Lavatory Faucet, 31-1/2x14-3/4","ProVia, Lavatory Faucet",,,,,,,,,,,,,,,,,,,,,,,,,,,Lavatory Faucet,Series,,,Model,,,Flow Rate,,,Mounting Type,,,Connection Type,,,Connection Size,,,Spout Reach,,,Finish,,,Material,,,Additional Information,,,,,,,,,,,,,,,,,,Size,31-1/2x14-3/4,,Bsmt ecoLitePlus,WH,,Hopper DLA w/Screen,1501831,,,,,,,,,,,,,,,,,,,,,,,,,,,,,,,,,,,,,,,,,,,,,,,,,,,,,,,,,,,,,,,,,,,,,,,,,,,,,,,,,,,,,,,,,,,,,,,,,,,,,,,,1,EA,,,,,,,,,,,,,,,,,,,,,,,,,,,,,,,,,,,,,US,No,No
,,,,,,1501832,Plumbing,Faucets & Stems,Kitchen Faucets,1501832,1501832,31.5x22.75 Bsmt ecoLitePlus WH - Hopper DLA w/Screen,-- Unbranded --,-- No Unilog Brand --,-- No DIB Brand --,ProVia (PRODO),ProVia,ProVia,,1501832,,Plumbing>Faucets>Kitchen Faucets,"ProVia, Lavatory Faucet, 1501832",LAVATORY FAUCET,"ProVia, 1501832, Lavatory Faucet","ProVia Lavatory Faucet, 31-1/2x22-3/4","ProVia, Lavatory Faucet",,,,,,,,,,,,,,,,,,,,,,,,,,,Lavatory Faucet,Series,,,Model,,,Flow Rate,,,Mounting Type,,,Connection Type,,,Connection Size,,,Spout Reach,,,Finish,,,Material,,,Additional Information,,,,,,,,,,,,,,,,,,Size,31-1/2x22-3/4,,Bsmt ecoLitePlus,WH,,Hopper DLA,w/Screen,,Category,General Commercial,,,,,,,,,,,,,,,,,,,,,,,,,,,,,,,,,,,,,,,,,,,,,,,,,,,,,,,,,,,,,,,,,,,,,,,,,,,,,,,,,,,,,,,,,,,,,,,,,,,,,1,EA,,,,,,,,,,,,,,,,,,,,,,,,,,,,,,,,,,,,,US,No,No
,,,,,,1515974,,,,1515974,1515974,3030 Slider 3900 United Black WH Int LowE-2 w/Half Scrn w/J,-- Unbranded --,-- No Unilog Brand --,-- No DIB Brand --,-,-,-,,1515974,,,"-, Window, 1515974",WINDOW,"-, 1515974, Window",- Window,"-, Window",,,,,,,,,,,,,,,,,,,,,,,,,,,Window,Series,,,Model,,,Item Type,,,Voltage Rating,,,Amperage Rating,,,Dimensions,,,Mounting Type,,,Material,,,Color,,,Sound Level,,,Additional Information,,,,,,,,,,,,,,,description,3030 Slider 3900 United Black WH Int LowE-2 w/Half Scrn w/J,,manufacturer_part_number,1515974,,supplier_manufacturer,-,,catalog_category,General Commercial,,,,,,,,,,,,,,,,,,,,,,,,,,,,,,,,,,,,,,,,,,,,,,,,,,,,,,,,,,,,,,,,,,,,,,,,,,,,,,,,,,,,,,,,,,,,,,,,,,,,,1,EA,,,,,,,,,,,,,,,,,,,,,,,,,,,,,,,,,,,,,US,No,No
,,,,,,640383,,,,640383,640383,"1/2"" 54""x10 Drywall Easi-Lite",-- Unbranded --,-- No Unilog Brand --,-- No DIB Brand --,Certainteed Gypsum (2765),Certainteed Gypsum,Certainteed Gypsum,,640383,,,"Certainteed Gypsum, Drywall, 640383",DRYWALL 54 INX10,"Certainteed Gypsum, 640383, Drywall","Certainteed Gypsum Drywall, 54 inx10","Certainteed Gypsum, Drywall",,,,,,,,,,,,,,,,,,,,,,,,,,,Drywall,Series,,,Model,,,Item Type,,,Voltage Rating,,,Amperage Rating,,,Dimensions,54 inx10,,Mounting Type,,,Material,,,Color,,,Sound Level,,,Additional Information,,,,,,,,,,,,,,,,,,,,,,,,,,,,,,,,,,,,,,,,,,,,,,,,,,,,,,,,,,,,,,,,,,,,,,,,,,,,,,,,,,,,,,,,,,,,,,,,,,,,,,,,,,,,,,,,,,,,,,,,,,,,,,1,EA,,,,,,,,,,,,,,,,,,,,,,,,,,,,,,,,,,,,,US,No,No
,,,,,,653258,Tools & Hardware,Abrasives,Cutting Discs,653258,653258,"5/8"" 4x9 Drywall Firelite",-- Unbranded --,-- No Unilog Brand --,-- No DIB Brand --,Certainteed Gypsum (2765),Certainteed Gypsum,Certainteed Gypsum,,653258,,Tools & Hardware>Abrasives>Cutting & Grinding Discs,"Certainteed Gypsum, Cut-Off Disc, 653258",CUT-OFF DISC 5/8 IN X 4 IN X 9 IN,"Certainteed Gypsum, 653258, Cut-Off Disc","Certainteed Gypsum Cut-Off Disc, 5/8 in x 4 in x 9 in","Certainteed Gypsum, Cut-Off Disc",,,,,,,,,,,,,,,,,,,,,,,,,,,Cut-Off Disc,Item Type,Drywall Firelite,,Dimensions,5/8 in x 4 in x 9 in,,Grit,,,Arbor Size,,,Abrasive Material,,,Pack Quantity,,,Additional Information,,,,,,,,,,,,,,,,,,,,,,,,,,,Diameter,"5/8""",,Manufacturer,Certainteed Gypsum,,,,,,,,,,,,,,,,,,,,,,,,,,,,,,,,,,,,,,,,,,,,,,,,,,,,,,,,,,,,,,,,,,,,,,,,,,,,,,,,,,,,,,,,,,,,,,,,,,,,,,,,,,,1,EA,,,,,,,,,,,,,,,,,,,,,,,,,,,,,,,,,,,,,US,No,No
,,,,,,413S-DBA-36,,,,413S-DBA-36,413S-DBA-36,"413S 36"" Alum Threshold DBZ",-- Unbranded --,-- No Unilog Brand --,-- No DIB Brand --,Hager Hinge Co (4189),Hager Hinge Co,Hager Hinge Co,,413S-DBA-36,,,"Hager Hinge Co, Threshold, 413S-DBA-36, Aluminum",THRESHOLD ALUM 36 IN,"Hager Hinge Co, 413S-DBA-36, Threshold, Aluminum","Hager Hinge Co Threshold, 36 in, Aluminum","Hager Hinge Co, Threshold, Aluminum",,,,,,,,,,,,,,,,,,,,,,,,,,,Threshold,Series,,,Model,,,Item Type,,,Voltage Rating,,,Amperage Rating,,,Dimensions,36,in,Mounting Type,,,Material,Aluminum,,Color,,,Sound Level,,,Additional Information,,,,,,,,,,,,,,,,,,,,,,,,,,,,,,,,,,,,,,,,,,,,,,,,,,,,,,,,,,,,,,,,,,,,,,,,,,,,,,,,,,,,,,,,,,,,,,,,,,,,,,,,,,,,,,,,,,,,,,,,,,,,,,1,EA,,,,,,,,,,,,,,,,,,,,,,,,,,,,,,,,,,,,,US,No,No
,,,,,,413S-DBA-72,,,,413S-DBA-72,413S-DBA-72,"413S 72"" Alum Threshold DBZ",-- Unbranded --,-- No Unilog Brand --,-- No DIB Brand --,Hager Hinge Co (4189),Hager Hinge Co,Hager Hinge Co,,413S-DBA-72,,,"Hager Hinge Co, Threshold, 413S-DBA-72, Aluminum",THRESHOLD ALUM 72 IN,"Hager Hinge Co, 413S-DBA-72, Threshold, Aluminum","Hager Hinge Co Threshold, 72 in, Aluminum","Hager Hinge Co, Threshold, Aluminum",,,,,,,,,,,,,,,,,,,,,,,,,,,Threshold,Series,,,Model,,,Item Type,,,Voltage Rating,,,Amperage Rating,,,Dimensions,72,in,Mounting Type,,,Material,Aluminum,,Color,,,Sound Level,,,Additional Information,,,,,,,,,,,,,,,,,,,,,,,,,,,,,,,,,,,,,,,,,,,,,,,,,,,,,,,,,,,,,,,,,,,,,,,,,,,,,,,,,,,,,,,,,,,,,,,,,,,,,,,,,,,,,,,,,,,,,,,,,,,,,,1,EA,,,,,,,,,,,,,,,,,,,,,,,,,,,,,,,,,,,,,US,No,No
,,,,,,1511506,,,,1511506,1511506,4'x65' Zip Rainscreen,-- Unbranded --,-- No Unilog Brand --,-- No DIB Brand --,Huber Eng Wood LLC (3158),Huber Eng Wood LLC,Huber Eng Wood LLC,,1511506,,,"Huber Eng Wood LLC, Luminaire, 1511506",LUMINAIRE 4 FTX65,"Huber Eng Wood LLC, 1511506, Luminaire","Huber Eng Wood LLC Luminaire, 4 ftx65","Huber Eng Wood LLC, Luminaire",,,,,,,,,,,,,,,,,,,,,,,,,,,Luminaire,Series,,,Model,,,Item Type,,,Voltage Rating,,,Amperage Rating,,,Dimensions,4 ftx65,,Mounting Type,,,Material,,,Color,,,Sound Level,,,Additional Information,,,,,,,,,,,,,,,,,,,,,,,,,,,,,,,,,,,,,,,,,,,,,,,,,,,,,,,,,,,,,,,,,,,,,,,,,,,,,,,,,,,,,,,,,,,,,,,,,,,,,,,,,,,,,,,,,,,,,,,,,,,,,,1,EA,,,,,,,,,,,,,,,,,,,,,,,,,,,,,,,,,,,,,US,No,No
https://www.bc.com/product/1513577,,,,,,1513577,,,,1513577,1513577,1x8-12' Doug Fir STK Smooth 1S2E,-- Unbranded --,-- No Unilog Brand --,-- No DIB Brand --,Westwood Lumber Sales (WESLU),Boise Cascade Company,BOISE CASCADE®,,1513577,,,"BOISE CASCADE®, Luminaire, 1513577, Doug Fir (Smooth)",LUMINAIRE DOUG FIR 8-12 FT,"BOISE CASCADE®, 1513577, Luminaire, Doug Fir (Smooth)","BOISE CASCADE® Luminaire, 8-12 ft, Doug Fir (Smooth)","BOISE CASCADE®, Luminaire, Doug Fir (Smooth)",,,,,,,,,,,,,,,,,,,,,,,,,,,Luminaire,Series,,,Model,,,Item Type,,,Voltage Rating,,,Amperage Rating,,,Dimensions,8-12 ft,,Mounting Type,,,Material,Doug Fir (Smooth),,Color,,,Sound Level,,,Additional Information,,,,,,,,,,,,,,,dimensions_ft,8-12,,grade,STK,,surfaces,1S2E,,category,General Commercial,,,,,,,,,,,,,,,,,,,,,,,,,,,,,,,,,,,,,,,,,,,,,,,,,,,,,,,,,,,,,,,,,,,,,,,,,,,,,,,,,,,,,,,,,,,,,,,,,,,,,1,EA,,,,,,,,,,,,,,,,,,,,,,,,,,,,,,,,,,,,,US,No,No
https://www.bc.com/product/1513578,,,,,,1513578,,,,1513578,1513578,1x8-16' Doug Fir STK Smooth 1S2E,-- Unbranded --,-- No Unilog Brand --,-- No DIB Brand --,Westwood Lumber Sales (WESLU),Boise Cascade Company,BOISE CASCADE®,,1513578,,,"BOISE CASCADE®, Luminaire, 1513578, Doug Fir",LUMINAIRE DOUG FIR 8 FT,"BOISE CASCADE®, 1513578, Luminaire, Doug Fir","BOISE CASCADE® Luminaire, 8 ft, Doug Fir","BOISE CASCADE®, Luminaire, Doug Fir",,,,,,,,,,,,,,,,,,,,,,,,,,,Luminaire,Series,,,Model,,,Item Type,,,Voltage Rating,,,Amperage Rating,,,Dimensions,8 ft,,Mounting Type,,,Material,Doug Fir,,Color,Smooth,,Sound Level,,,Additional Information,,,,,,,,,,,,,,,quantity,1x,,grade,STK,,cut_type,1S2E,,supplier,BOISE CASCADE,,,,,,,,,,,,,,,,,,,,,,,,,,,,,,,,,,,,,,,,,,,,,,,,,,,,,,,,,,,,,,,,,,,,,,,,,,,,,,,,,,,,,,,,,,,,,,,,,,,,,1,EA,,,,,,,,,,,,,,,,,,,,,,,,,,,,,,,,,,,,,US,No,No
https://www.bc.com/product/1513579,,,,,,1513579,,,,1513579,1513579,1x12-12 'Doug Fir STK Smooth 1S2E,-- Unbranded --,-- No Unilog Brand --,-- No DIB Brand --,Westwood Lumber Sales (WESLU),Boise Cascade Company,BOISE CASCADE®,,1513579,,,"BOISE CASCADE®, Luminaire, 1513579, Smooth",LUMINAIRE SMOOTH 12 FT,"BOISE CASCADE®, 1513579, Luminaire, Smooth","BOISE CASCADE® Luminaire, 12 ft, Smooth","BOISE CASCADE®, Luminaire, Smooth",,,,,,,,,,,,,,,,,,,,,,,,,,,Luminaire,Series,,,Model,,,Item Type,,,Voltage Rating,,,Amperage Rating,,,Dimensions,12 ft,,Mounting Type,,,Material,Smooth,,Color,,,Sound Level,,,Additional Information,,,,,,,,,,,,,,,species,Doug Fir,,grade,STK,,surfaces,Smooth,,cut_type,1S2E,,supplier,BOISE CASCADE,,,,,,,,,,,,,,,,,,,,,,,,,,,,,,,,,,,,,,,,,,,,,,,,,,,,,,,,,,,,,,,,,,,,,,,,,,,,,,,,,,,,,,,,,,,,,,,,,,1,EA,,,,,,,,,,,,,,,,,,,,,,,,,,,,,,,,,,,,,US,No,No
https://www.bc.com/product/1513580,,,,,,1513580,,,,1513580,1513580,1x12-16' Doug Fir STK Smooth 1S2E,-- Unbranded --,-- No Unilog Brand --,-- No DIB Brand --,Westwood Lumber Sales (WESLU),Boise Cascade Company,BOISE CASCADE®,,1513580,,,"BOISE CASCADE®, Luminaire, 1513580, Stainless Steel",LUMINAIRE SST 1X12-16 FT,"BOISE CASCADE®, 1513580, Luminaire, Stainless Steel","BOISE CASCADE® Luminaire, 1x12-16 ft, Stainless Steel","BOISE CASCADE®, Luminaire, Stainless Steel",,,,,,,,,,,,,,,,,,,,,,,,,,,Luminaire,Series,,,Model,,,Item Type,,,Voltage Rating,,,Amperage Rating,,,Dimensions,1x12-16 ft,,Mounting Type,,,Material,Stainless Steel,,Color,,,Sound Level,,,Additional Information,,,,,,,,,,,,,,,Manufacturer,BOISE CASCADE®,,Catalog Category,General Commercial,,,,,,,,,,,,,,,,,,,,,,,,,,,,,,,,,,,,,,,,,,,,,,,,,,,,,,,,,,,,,,,,,,,,,,,,,,,,,,,,,,,,,,,,,,,,,,,,,,,,,,,,,,,1,EA,,,,,,,,,,,,,,,,,,,,,,,,,,,,,,,,,,,,,US,No,No
,,,,,,1501767,,,,1501767,1501767,"3/4"" 4x8T&G Huber Blue PlusOSB - Sub Floor",-- Unbranded --,-- No Unilog Brand --,-- No DIB Brand --,-,-,-,,1501767,,,"-, Sub Floor, 1501767, OSB",SUB FLOOR OSB 3/4 IN 4X8,"-, 1501767, Sub Floor, OSB","- Sub Floor, 3/4 in 4x8, OSB","-, Sub Floor, OSB",,,,,,,,,,,,,,,,,,,,,,,,,,,Sub Floor,Series,,,Model,,,Item Type,,,Voltage Rating,,,Amperage Rating,,,Dimensions,3/4 in 4x8,,Mounting Type,,,Material,OSB,,Color,,,Sound Level,,,Additional Information,,,,,,,,,,,,,,,category,General Commercial,,t_g,T&G,,species,Blue PlusOSB,,,,,,,,,,,,,,,,,,,,,,,,,,,,,,,,,,,,,,,,,,,,,,,,,,,,,,,,,,,,,,,,,,,,,,,,,,,,,,,,,,,,,,,,,,,,,,,,,,,,,,,,1,EA,,,,,,,,,,,,,,,,,,,,,,,,,,,,,,,,,,,,,US,No,No
,,,,,,PP-8BL,Tools & Hardware,Abrasives,Cutting Discs,PP-8BL,PP-8BL,8' Premier Rib XL Black,-- Unbranded --,-- No Unilog Brand --,-- No DIB Brand --,Premier Metals (PREME),Premier Metals,Premier Metals,,PP-8BL,,Tools & Hardware>Abrasives>Cutting & Grinding Discs,"Premier Metals, Cut-Off Disc, PP-8BL, Black",CUT-OFF DISC 8 FT BLACK,"Premier Metals, PP-8BL, Cut-Off Disc, Black","Premier Metals Cut-Off Disc, 8 ft, Black","Premier Metals, Cut-Off Disc, Black",,,,,,,,,,,,,,,,,,,,,,,,,,,Cut-Off Disc,Item Type,,,Dimensions,8 ft,,Grit,,,Arbor Size,,,Abrasive Material,Black,,Pack Quantity,,,Additional Information,,,,,,,,,,,,,,,,,,,,,,,,,,,,,,,,,,,,,,,,,,,,,,,,,,,,,,,,,,,,,,,,,,,,,,,,,,,,,,,,,,,,,,,,,,,,,,,,,,,,,,,,,,,,,,,,,,,,,,,,,,,,,,,,,,,,,,,,,,1,EA,,,,,,,,,,,,,,,,,,,,,,,,,,,,,,,,,,,,,US,No,No
,,,,,,PP-10BL,Tools & Hardware,Abrasives,Cutting Discs,PP-10BL,PP-10BL,10' Premier Rib XL Black,-- Unbranded --,-- No Unilog Brand --,-- No DIB Brand --,Premier Metals (PREME),Premier Metals,Premier Metals,,PP-10BL,,Tools & Hardware>Abrasives>Cutting & Grinding Discs,"Premier Metals, Cut-Off Disc, PP-10BL, Black",CUT-OFF DISC 10 FT BLACK,"Premier Metals, PP-10BL, Cut-Off Disc, Black","Premier Metals Cut-Off Disc, 10 ft, Black","Premier Metals, Cut-Off Disc, Black",,,,,,,,,,,,,,,,,,,,,,,,,,,Cut-Off Disc,Item Type,,,Dimensions,10 ft,,Grit,,,Arbor Size,,,Abrasive Material,Black,,Pack Quantity,,,Additional Information,,,,,,,,,,,,,,,,,,,,,,,,,,,length,10',,color,Black,,manufacturer_part_number,PP-10BL,,supplier_manufacturer,Premier Metals,,catalog_category,General Commercial,,,,,,,,,,,,,,,,,,,,,,,,,,,,,,,,,,,,,,,,,,,,,,,,,,,,,,,,,,,,,,,,,,,,,,,,,,,,,,,,,,,,,,,,,,,,,,,,,,1,EA,,,,,,,,,,,,,,,,,,,,,,,,,,,,,,,,,,,,,US,No,No
,,,,,,PP-12BL,Tools & Hardware,Abrasives,Cutting Discs,PP-12BL,PP-12BL,12' Premier Rib XL Black,-- Unbranded --,-- No Unilog Brand --,-- No DIB Brand --,Premier Metals (PREME),Premier Metals,Premier Metals,,PP-12BL,,Tools & Hardware>Abrasives>Cutting & Grinding Discs,"Premier Metals, Cut-Off Disc, PP-12BL, Black",CUT-OFF DISC 12 FT BLACK,"Premier Metals, PP-12BL, Cut-Off Disc, Black","Premier Metals Cut-Off Disc, 12 ft, Black","Premier Metals, Cut-Off Disc, Black",,,,,,,,,,,,,,,,,,,,,,,,,,,Cut-Off Disc,Item Type,,,Dimensions,12 ft,,Grit,,,Arbor Size,,,Abrasive Material,Black,,Pack Quantity,,,Additional Information,,,,,,,,,,,,,,,,,,,,,,,,,,,,,,,,,,,,,,,,,,,,,,,,,,,,,,,,,,,,,,,,,,,,,,,,,,,,,,,,,,,,,,,,,,,,,,,,,,,,,,,,,,,,,,,,,,,,,,,,,,,,,,,,,,,,,,,,,,1,EA,,,,,,,,,,,,,,,,,,,,,,,,,,,,,,,,,,,,,US,No,No
,,,,,,PP-8CH,Tools & Hardware,Abrasives,Cutting Discs,PP-8CH,PP-8CH,8' Premier Rib XL Charcoal,-- Unbranded --,-- No Unilog Brand --,-- No DIB Brand --,Premier Metals (PREME),Premier Metals,Premier Metals,,PP-8CH,,Tools & Hardware>Abrasives>Cutting & Grinding Discs,"Premier Metals, Cut-Off Disc, PP-8CH, Charcoal",CUT-OFF DISC 8 FT CHARCOAL,"Premier Metals, PP-8CH, Cut-Off Disc, Charcoal","Premier Metals Cut-Off Disc, 8 ft, Charcoal","Premier Metals, Cut-Off Disc, Charcoal",,,,,,,,,,,,,,,,,,,,,,,,,,,Cut-Off Disc,Item Type,,,Dimensions,8 ft,,Grit,,,Arbor Size,,,Abrasive Material,Charcoal,,Pack Quantity,,,Additional Information,,,,,,,,,,,,,,,,,,,,,,,,,,,,,,,,,,,,,,,,,,,,,,,,,,,,,,,,,,,,,,,,,,,,,,,,,,,,,,,,,,,,,,,,,,,,,,,,,,,,,,,,,,,,,,,,,,,,,,,,,,,,,,,,,,,,,,,,,,1,EA,,,,,,,,,,,,,,,,,,,,,,,,,,,,,,,,,,,,,US,No,No
,,,,,,PP-10CH,Tools & Hardware,Abrasives,Cutting Discs,PP-10CH,PP-10CH,10' Premier Rib XL Charcoal,-- Unbranded --,-- No Unilog Brand --,-- No DIB Brand --,Premier Metals (PREME),Premier Metals,Premier Metals,,PP-10CH,,Tools & Hardware>Abrasives>Cutting & Grinding Discs,"Premier Metals, Cut-Off Disc, PP-10CH, Charcoal",CUT-OFF DISC 10 FT CHARCOAL,"Premier Metals, PP-10CH, Cut-Off Disc, Charcoal","Premier Metals Cut-Off Disc, 10 ft, Charcoal","Premier Metals, Cut-Off Disc, Charcoal",,,,,,,,,,,,,,,,,,,,,,,,,,,Cut-Off Disc,Item Type,,,Dimensions,10 ft,,Grit,,,Arbor Size,,,Abrasive Material,Charcoal,,Pack Quantity,,,Additional Information,,,,,,,,,,,,,,,,,,,,,,,,,,,,,,,,,,,,,,,,,,,,,,,,,,,,,,,,,,,,,,,,,,,,,,,,,,,,,,,,,,,,,,,,,,,,,,,,,,,,,,,,,,,,,,,,,,,,,,,,,,,,,,,,,,,,,,,,,,1,EA,,,,,,,,,,,,,,,,,,,,,,,,,,,,,,,,,,,,,US,No,No
,,,,,,PP-12CH,Tools & Hardware,Abrasives,Cutting Discs,PP-12CH,PP-12CH,12' Premier Rib XL Charcoal,-- Unbranded --,-- No Unilog Brand --,-- No DIB Brand --,Premier Metals (PREME),Premier Metals,Premier Metals,,PP-12CH,,Tools & Hardware>Abrasives>Cutting & Grinding Discs,"Premier Metals, Cut-Off Disc, PP-12CH, Charcoal",CUT-OFF DISC 12 FT CHARCOAL,"Premier Metals, PP-12CH, Cut-Off Disc, Charcoal","Premier Metals Cut-Off Disc, 12 ft, Charcoal","Premier Metals, Cut-Off Disc, Charcoal",,,,,,,,,,,,,,,,,,,,,,,,,,,Cut-Off Disc,Item Type,,,Dimensions,12 ft,,Grit,,,Arbor Size,,,Abrasive Material,Charcoal,,Pack Quantity,,,Additional Information,,,,,,,,,,,,,,,,,,,,,,,,,,,,,,,,,,,,,,,,,,,,,,,,,,,,,,,,,,,,,,,,,,,,,,,,,,,,,,,,,,,,,,,,,,,,,,,,,,,,,,,,,,,,,,,,,,,,,,,,,,,,,,,,,,,,,,,,,,1,EA,,,,,,,,,,,,,,,,,,,,,,,,,,,,,,,,,,,,,US,No,No
,,,,,,PP-8WH,Tools & Hardware,Abrasives,Cutting Discs,PP-8WH,PP-8WH,8' Premier Rib XL White,-- Unbranded --,-- No Unilog Brand --,-- No DIB Brand --,Premier Metals (PREME),Premier Metals,Premier Metals,,PP-8WH,,Tools & Hardware>Abrasives>Cutting & Grinding Discs,"Premier Metals, Cut-Off Disc, PP-8WH, White",CUT-OFF DISC 8 FT WHITE,"Premier Metals, PP-8WH, Cut-Off Disc, White","Premier Metals Cut-Off Disc, 8 ft, White","Premier Metals, Cut-Off Disc, White",,,,,,,,,,,,,,,,,,,,,,,,,,,Cut-Off Disc,Item Type,,,Dimensions,8 ft,,Grit,,,Arbor Size,,,Abrasive Material,White,,Pack Quantity,,,Additional Information,,,,,,,,,,,,,,,,,,,,,,,,,,,Manufacturer Part Number (MPN),PP-8WH,,Supplier / Manufacturer,Premier Metals,,Catalog Category,General Commercial,,,,,,,,,,,,,,,,,,,,,,,,,,,,,,,,,,,,,,,,,,,,,,,,,,,,,,,,,,,,,,,,,,,,,,,,,,,,,,,,,,,,,,,,,,,,,,,,,,,,,,,,1,EA,,,,,,,,,,,,,,,,,,,,,,,,,,,,,,,,,,,,,US,No,No
,,,,,,PP-10WH,Tools & Hardware,Abrasives,Cutting Discs,PP-10WH,PP-10WH,10' Premier Rib XL White,-- Unbranded --,-- No Unilog Brand --,-- No DIB Brand --,Premier Metals (PREME),Premier Metals,Premier Metals,,PP-10WH,,Tools & Hardware>Abrasives>Cutting & Grinding Discs,"Premier Metals, Cut-Off Disc, PP-10WH, Aluminum",CUT-OFF DISC 10 FT ALUM,"Premier Metals, PP-10WH, Cut-Off Disc, Aluminum, White","Premier Metals Cut-Off Disc, 10 ft, Aluminum, White","Premier Metals, Cut-Off Disc, Aluminum, White",,,,,,,,,,,,,,,,,,,,,,,,,,,Cut-Off Disc,Item Type,,,Dimensions,10 ft,,Grit,,,Arbor Size,,,Abrasive Material,Aluminum,,Pack Quantity,,,Additional Information,,,,,,,,,,,,,,,,,,,,,,,,,,,Color,White,,Length,10',,,,,,,,,,,,,,,,,,,,,,,,,,,,,,,,,,,,,,,,,,,,,,,,,,,,,,,,,,,,,,,,,,,,,,,,,,,,,,,,,,,,,,,,,,,,,,,,,,,,,,,,,,,1,EA,,,,,,,,,,,,,,,,,,,,,,,,,,,,,,,,,,,,,US,No,No
,,,,,,1504345,Plumbing,Faucets & Stems,Kitchen Faucets,1504345,1504345,OC Duration TruDef Wburg Gray,-- Unbranded --,-- No Unilog Brand --,-- No DIB Brand --,Palmer Donavin Mfg Company (PALDO),Palmer Donavin Mfg Company,Palmer Donavin Mfg Company,,1504345,,Plumbing>Faucets>Kitchen Faucets,"Palmer Donavin Mfg Company, Lavatory Faucet, 1504345",LAVATORY FAUCET,"Palmer Donavin Mfg Company, 1504345, Lavatory Faucet",Palmer Donavin Mfg Company Lavatory Faucet,"Palmer Donavin Mfg Company, Lavatory Faucet",,,,,,,,,,,,,,,,,,,,,,,,,,,Lavatory Faucet,Series,,,Model,,,Flow Rate,,,Mounting Type,,,Connection Type,,,Connection Size,,,Spout Reach,,,Finish,,,Material,,,Additional Information,,,,,,,,,,,,,,,,,,description,OC Duration TruDef Wburg Gray,,manufacturer_part_number,1504345,,supplier_manufacturer,Palmer Donavin Mfg Company,,catalog_category,General Commercial,,,,,,,,,,,,,,,,,,,,,,,,,,,,,,,,,,,,,,,,,,,,,,,,,,,,,,,,,,,,,,,,,,,,,,,,,,,,,,,,,,,,,,,,,,,,,,,,,,,,,1,EA,,,,,,,,,,,,,,,,,,,,,,,,,,,,,,,,,,,,,US,No,No
https://www.milwaukeetool.com/product/2733,,,,,,2733,,,,2733,2733,3'x65' Henry Eaveguard - Ice Guard,-- Unbranded --,-- No Unilog Brand --,-- No DIB Brand --,Palmer Donavin Mfg Company (PALDO),Milwaukee Electric Tool Corporation,MILWAUKEE®,,2733,,,"MILWAUKEE®, Eaveguard, 2733",EAVEGUARD 3 FTX65,"MILWAUKEE®, 2733, Eaveguard","MILWAUKEE® Eaveguard, 3 ftx65","MILWAUKEE®, Eaveguard",,,,,,,,,,,,,,,,,,,,,,,,,,,Eaveguard,Series,,,Model,,,Item Type,,,Voltage Rating,,,Amperage Rating,,,Dimensions,3 ftx65,,Mounting Type,,,Material,,,Color,,,Sound Level,,,Additional Information,,,,,,,,,,,,,,,,,,,,,,,,,,,,,,,,,,,,,,,,,,,,,,,,,,,,,,,,,,,,,,,,,,,,,,,,,,,,,,,,,,,,,,,,,,,,,,,,,,,,,,,,,,,,,,,,,,,,,,,,,,,,,,1,EA,,,,,,,,,,,,,,,,,,,,,,,,,,,,,,,,,,,,,US,No,No
,,,,,,7547,,,,7547,7547,Ice Guard OC Weathr Lk Mat 2sq,-- Unbranded --,-- No Unilog Brand --,-- No DIB Brand --,-,-,-,,7547,,,"-, Commercial Product, 7547",COMMERCIAL PRODUCT,"-, 7547, Commercial Product",- Commercial Product,"-, Commercial Product",,,,,,,,,,,,,,,,,,,,,,,,,,,"-, Commercial Product",Series,,,Model,,,Item Type,,,Voltage Rating,,,Amperage Rating,,,Dimensions,,,Mounting Type,,,Material,,,Color,,,Sound Level,,,Additional Information,,,,,,,,,,,,,,,supplier_manufacturer,-,,catalog_category,General Commercial,,,,,,,,,,,,,,,,,,,,,,,,,,,,,,,,,,,,,,,,,,,,,,,,,,,,,,,,,,,,,,,,,,,,,,,,,,,,,,,,,,,,,,,,,,,,,,,,,,,,,,,,,,,1,EA,,,,,,,,,,,,,,,,,,,,,,,,,,,,,,,,,,,,,US,No,No
https://www.bc.com/product/8912220,,,,,,8912220,,,,8912220,8912220,"7-1/4""x12' Hardie Sdg Smooth - Primed HardiePlank",-- Unbranded --,-- No Unilog Brand --,-- No DIB Brand --,Boise Cascade Building Materials (BOICA),Boise Cascade Building Materials,Boise Cascade Building Materials,,8912220,,,"Boise Cascade Building Materials, Siding, 8912220, Primed",SIDING PRIMED 7-1/4 INX12,"Boise Cascade Building Materials, 8912220, Siding, Primed","Boise Cascade Building Materials Siding, 7-1/4 inx12, Primed","Boise Cascade Building Materials, Siding, Primed",,,,,,,,,,,,,,,,,,,,,,,,,,,Siding,Series,,,Model,,,Item Type,,,Voltage Rating,,,Amperage Rating,,,Dimensions,7-1/4 inx12,,Mounting Type,,,Material,Primed,,Color,,,Sound Level,,,Additional Information,,,,,,,,,,,,,,,Supplier,Boise Cascade Building Materials,,Catalog Category,General Commercial,,,,,,,,,,,,,,,,,,,,,,,,,,,,,,,,,,,,,,,,,,,,,,,,,,,,,,,,,,,,,,,,,,,,,,,,,,,,,,,,,,,,,,,,,,,,,,,,,,,,,,,,,,,1,EA,,,,,,,,,,,,,,,,,,,,,,,,,,,,,,,,,,,,,US,No,No
https://www.bc.com/product/8904015,,,,,,8904015,,,,8904015,8904015,4'x10' HardiePanel Smooth - Primed,-- Unbranded --,-- No Unilog Brand --,-- No DIB Brand --,Boise Cascade Building Materials (BOICA),Boise Cascade Building Materials,Boise Cascade Building Materials,,8904015,,,"Boise Cascade Building Materials, Panel, 8904015, HardiePanel",PANEL HARDIEPANEL 4 FTX10,"Boise Cascade Building Materials, 8904015, Panel, HardiePanel","Boise Cascade Building Materials Panel, 4 ftx10, HardiePanel","Boise Cascade Building Materials, Panel, HardiePanel",,,,,,,,,,,,,,,,,,,,,,,,,,,Panel,Series,,,Model,,,Item Type,,,Voltage Rating,,,Amperage Rating,,,Dimensions,4 ftx10,,Mounting Type,,,Material,HardiePanel,,Color,Primed,,Sound Level,,,Additional Information,,,,,,,,,,,,,,,Surface,Smooth,,,,,,,,,,,,,,,,,,,,,,,,,,,,,,,,,,,,,,,,,,,,,,,,,,,,,,,,,,,,,,,,,,,,,,,,,,,,,,,,,,,,,,,,,,,,,,,,,,,,,,,,,,,,,,1,EA,,,,,,,,,,,,,,,,,,,,,,,,,,,,,,,,,,,,,US,No,No
,,,,,,25796,,,,25796,25796,"6""x16' Smart Lap Sdg Cedar",-- Unbranded --,-- No Unilog Brand --,-- No DIB Brand --,U S Lumber (3073),U S Lumber,U S Lumber,,25796,,,"U S Lumber, Lap Siding, 25796, Cedar",LAP SIDING CEDAR 6 INX16,"U S Lumber, 25796, Lap Siding, Cedar","U S Lumber Lap Siding, 6 inx16, Cedar","U S Lumber, Lap Siding, Cedar",,,,,,,,,,,,,,,,,,,,,,,,,,,Lap Siding,Series,,,Model,,,Item Type,,,Voltage Rating,,,Amperage Rating,,,Dimensions,6 inx16,,Mounting Type,,,Material,Cedar,,Color,,,Sound Level,,,Additional Information,,,,,,,,,,,,,,,,,,,,,,,,,,,,,,,,,,,,,,,,,,,,,,,,,,,,,,,,,,,,,,,,,,,,,,,,,,,,,,,,,,,,,,,,,,,,,,,,,,,,,,,,,,,,,,,,,,,,,,,,,,,,,,1,EA,,,,,,,,,,,,,,,,,,,,,,,,,,,,,,,,,,,,,US,No,No
https://www.boschtools.com/product/40503,,,,,,40503,,,,40503,40503,"3/8"" 16""x16' Smart Pan Cedar - No-Groove Sq Edge B&B",-- Unbranded --,-- No Unilog Brand --,-- No DIB Brand --,U S Lumber (3073),Robert Bosch GmbH,BOSCH®,,40503,,,"BOSCH®, Commercial Product, 40503",COMMERCIAL PRODUCT 16 INX16,"BOSCH®, 40503, Commercial Product","BOSCH® Commercial Product, 16 inx16","BOSCH®, Commercial Product",,,,,,,,,,,,,,,,,,,,,,,,,,,"BOSCH®, Commercial Product",Series,,,Model,,,Item Type,,,Voltage Rating,,,Amperage Rating,,,Dimensions,16 inx16,,Mounting Type,,,Material,,,Color,,,Sound Level,,,Additional Information,,,,,,,,,,,,,,,description,"3/8"" 16""x16' Smart Pan Cedar - No-Groove Sq Edge B&B",,category,General Commercial,,supplier,BOSCH,,,,,,,,,,,,,,,,,,,,,,,,,,,,,,,,,,,,,,,,,,,,,,,,,,,,,,,,,,,,,,,,,,,,,,,,,,,,,,,,,,,,,,,,,,,,,,,,,,,,,,,,1,EA,,,,,,,,,,,,,,,,,,,,,,,,,,,,,,,,,,,,,US,No,No
,,,,,,25825,,,,25825,25825,"3/8"" 4x10 Smart Pan Cedar - No-Groove w/Shiplap Edges",-- Unbranded --,-- No Unilog Brand --,-- No DIB Brand --,U S Lumber (3073),U S Lumber,U S Lumber,,25825,,,"U S Lumber, Luminaire, 25825, Cedar",LUMINAIRE CEDAR 3/8 IN X 10 IN,"U S Lumber, 25825, Luminaire, Cedar","U S Lumber Luminaire, 3/8 in x 10 in, Cedar","U S Lumber, Luminaire, Cedar",,,,,,,,,,,,,,,,,,,,,,,,,,,Luminaire,Series,,,Model,,,Item Type,,,Voltage Rating,,,Amperage Rating,,,Dimensions,3/8 in x 10 in,,Mounting Type,,,Material,Cedar,,Color,,,Sound Level,,,Additional Information,,,,,,,,,,,,,,,edge_type,No-Groove w/Shiplap Edges,,width,"3/8""",,length,"10""",,,,,,,,,,,,,,,,,,,,,,,,,,,,,,,,,,,,,,,,,,,,,,,,,,,,,,,,,,,,,,,,,,,,,,,,,,,,,,,,,,,,,,,,,,,,,,,,,,,,,,,,1,EA,,,,,,,,,,,,,,,,,,,,,,,,,,,,,,,,,,,,,US,No,No
,,,,,,25822,,,,25822,25822,"3/8"" 12""x16' Smart Vented Soff - Cedar Soffit",-- Unbranded --,-- No Unilog Brand --,-- No DIB Brand --,U S Lumber (3073),U S Lumber,U S Lumber,,25822,,,"U S Lumber, Soffit, 25822, Cedar",SOFFIT CEDAR 12 INX16,"U S Lumber, 25822, Soffit, Cedar","U S Lumber Soffit, 12 inx16, Cedar","U S Lumber, Soffit, Cedar",,,,,,,,,,,,,,,,,,,,,,,,,,,Soffit,Series,,,Model,,,Item Type,,,Voltage Rating,,,Amperage Rating,,,Dimensions,12 inx16,,Mounting Type,,,Material,Cedar,,Color,,,Sound Level,,,Additional Information,,,,,,,,,,,,,,,,,,,,,,,,,,,,,,,,,,,,,,,,,,,,,,,,,,,,,,,,,,,,,,,,,,,,,,,,,,,,,,,,,,,,,,,,,,,,,,,,,,,,,,,,,,,,,,,,,,,,,,,,,,,,,,1,EA,,,,,,,,,,,,,,,,,,,,,,,,,,,,,,,,,,,,,US,No,No
https://www.bc.com/product/543650101,,,,,,543650101,Plumbing,Faucets & Stems,Kitchen Faucets,543650101,543650101,Black Alum ADA Wall Mount Trex,-- Unbranded --,-- No Unilog Brand --,-- No DIB Brand --,Boise Cascade Building Materials (BOICA),Boise Cascade Building Materials,Boise Cascade Building Materials,,543650101,,Plumbing>Faucets>Kitchen Faucets,"Boise Cascade Building Materials, Lavatory Faucet, 543650101, Wall Mount Mountin",LAVATORY FAUCET WALL MOUNT ALUM,"Boise Cascade Building Materials, 543650101, Lavatory Faucet, Wall Mount Mounting, Aluminum, Black","Boise Cascade Building Materials Lavatory Faucet, Wall Mount Mounting, Aluminum, Black","Boise Cascade Building Materials, Lavatory Faucet, Wall Mount Mounting, Aluminum, Black",,,,,,,,,,,,,,,,,,,,,,,,,,,Lavatory Faucet,Series,,,Model,,,Flow Rate,,,Mounting Type,Wall Mount,,Connection Type,,,Connection Size,,,Spout Reach,,,Finish,Black,,Material,Aluminum,,Additional Information,,,,,,,,,,,,,,,,,,ADA,True,,,,,,,,,,,,,,,,,,,,,,,,,,,,,,,,,,,,,,,,,,,,,,,,,,,,,,,,,,,,,,,,,,,,,,,,,,,,,,,,,,,,,,,,,,,,,,,,,,,,,,,,,,,,,,1,EA,,,,,,,,,,,,,,,,,,,,,,,,,,,,,,,,,,,,,US,No,No
https://www.bc.com/product/543650010,,,,,,543650010,,,,543650010,543650010,Black Alum ADA Int End Cap - Trex,-- Unbranded --,-- No Unilog Brand --,-- No DIB Brand --,Boise Cascade Building Materials (BOICA),Boise Cascade Building Materials,Boise Cascade Building Materials,,543650010,,,"Boise Cascade Building Materials, End Cap, 543650010, Aluminum",END CAP ALUM,"Boise Cascade Building Materials, 543650010, End Cap, Aluminum","Boise Cascade Building Materials End Cap, Aluminum","Boise Cascade Building Materials, End Cap, Aluminum",,,,,,,,,,,,,,,,,,,,,,,,,,,End Cap,Series,,,Model,,,Item Type,,,Voltage Rating,,,Amperage Rating,,,Dimensions,,,Mounting Type,,,Material,Aluminum,,Color,,,Sound Level,,,Additional Information,,,,,,,,,,,,,,,Manufacturer,Boise Cascade Building Materials,,Category,General Commercial,,,,,,,,,,,,,,,,,,,,,,,,,,,,,,,,,,,,,,,,,,,,,,,,,,,,,,,,,,,,,,,,,,,,,,,,,,,,,,,,,,,,,,,,,,,,,,,,,,,,,,,,,,,1,EA,,,,,,,,,,,,,,,,,,,,,,,,,,,,,,,,,,,,,US,No,No
https://www.bc.com/product/543650048,,,,,,543650048,,,,543650048,543650048,8' Black Alum ADA Rail Trex,-- Unbranded --,-- No Unilog Brand --,-- No DIB Brand --,Boise Cascade Building Materials (BOICA),Boise Cascade Building Materials,Boise Cascade Building Materials,,543650048,,,"Boise Cascade Building Materials, Rail, 543650048, Aluminum",RAIL ALUM 8 FT,"Boise Cascade Building Materials, 543650048, Rail, Aluminum","Boise Cascade Building Materials Rail, 8 ft, Aluminum","Boise Cascade Building Materials, Rail, Aluminum",,,,,,,,,,,,,,,,,,,,,,,,,,,Rail,Series,,,Model,,,Item Type,,,Voltage Rating,,,Amperage Rating,,,Dimensions,8 ft,,Mounting Type,,,Material,Aluminum,,Color,,,Sound Level,,,Additional Information,,,,,,,,,,,,,,,,,,,,,,,,,,,,,,,,,,,,,,,,,,,,,,,,,,,,,,,,,,,,,,,,,,,,,,,,,,,,,,,,,,,,,,,,,,,,,,,,,,,,,,,,,,,,,,,,,,,,,,,,,,,,,,1,EA,,,,,,,,,,,,,,,,,,,,,,,,,,,,,,,,,,,,,US,No,No
,,,,,,1506969,,,,1506969,1506969,"1-1/2"" 4x8 Huber Zip R6.6 - Insulated R-Sheathing",-- Unbranded --,-- No Unilog Brand --,-- No DIB Brand --,-,-,-,,1506969,,,"-, Insulated Sheathing, 1506969",INSULATED SHEATHING 1-1/2 IN X 4 IN X 8,"-, 1506969, Insulated Sheathing","- Insulated Sheathing, 1-1/2 in x 4 in x 8 in","-, Insulated Sheathing",,,,,,,,,,,,,,,,,,,,,,,,,,,Insulated Sheathing,Series,,,Model,,,Item Type,,,Voltage Rating,,,Amperage Rating,,,Dimensions,1-1/2 in x 4 in x 8 in,,Mounting Type,,,Material,,,Color,,,Sound Level,,,Additional Information,,,,,,,,,,,,,,,R_Value,R6.6,,Product_Type,Insulated R-Sheathing,,Category,General Commercial,,,,,,,,,,,,,,,,,,,,,,,,,,,,,,,,,,,,,,,,,,,,,,,,,,,,,,,,,,,,,,,,,,,,,,,,,,,,,,,,,,,,,,,,,,,,,,,,,,,,,,,,1,EA,,,,,,,,,,,,,,,,,,,,,,,,,,,,,,,,,,,,,US,No,No
,,,,,,1514681,,,,1514681,1514681,"1"" 4x8 Huber Zip R3.6 - Insulated R-Sheathing",-- Unbranded --,-- No Unilog Brand --,-- No DIB Brand --,-,-,-,,1514681,,,"-, Insulated R-Sheathing, 1514681",INSULATED R-SHEATHING 1 IN 4X8,"-, 1514681, Insulated R-Sheathing","- Insulated R-Sheathing, 1 in 4x8","-, Insulated R-Sheathing",,,,,,,,,,,,,,,,,,,,,,,,,,,Insulated R-Sheathing,Series,,,Model,,,Item Type,,,Voltage Rating,,,Amperage Rating,,,Dimensions,1 in 4x8,,Mounting Type,,,Material,,,Color,,,Sound Level,,,Additional Information,,,,,,,,,,,,,,,R-Value,R3.6,,Category,General Commercial,,,,,,,,,,,,,,,,,,,,,,,,,,,,,,,,,,,,,,,,,,,,,,,,,,,,,,,,,,,,,,,,,,,,,,,,,,,,,,,,,,,,,,,,,,,,,,,,,,,,,,,,,,,1,EA,,,,,,,,,,,,,,,,,,,,,,,,,,,,,,,,,,,,,US,No,No
,,,,,,1514726,,,,1514726,1514726,"2"" 4x8 Huber Zip R9.6 - Insulated R-Sheathing",-- Unbranded --,-- No Unilog Brand --,-- No DIB Brand --,-,-,-,,1514726,,,"-, Insulated R-Sheathing, 1514726, Insulated",INSULATED R-SHEATHING INSULATED 2 IN X,"-, 1514726, Insulated R-Sheathing, Insulated","- Insulated R-Sheathing, 2 in x 4 in x 8 in, Insulated","-, Insulated R-Sheathing, Insulated",,,,,,,,,,,,,,,,,,,,,,,,,,,Insulated R-Sheathing,Series,,,Model,,,Item Type,,,Voltage Rating,,,Amperage Rating,,,Dimensions,2 in x 4 in x 8 in,,Mounting Type,,,Material,Insulated,,Color,,,Sound Level,,,Additional Information,,,,,,,,,,,,,,,R_Value,R9.6,,Category,General Commercial,,,,,,,,,,,,,,,,,,,,,,,,,,,,,,,,,,,,,,,,,,,,,,,,,,,,,,,,,,,,,,,,,,,,,,,,,,,,,,,,,,,,,,,,,,,,,,,,,,,,,,,,,,,1,EA,,,,,,,,,,,,,,,,,,,,,,,,,,,,,,,,,,,,,US,No,No
,,,,,,1728ABL,,,,1728ABL,1728ABL,2x2 Black Fine Fissured 1728BL,-- Unbranded --,-- No Unilog Brand --,-- No DIB Brand --,Palmer Donavin Mfg Company (PALDO),Palmer Donavin Mfg Company,Palmer Donavin Mfg Company,,1728ABL,,,"Palmer Donavin Mfg Company, Luminaire, 1728ABL",LUMINAIRE,"Palmer Donavin Mfg Company, 1728ABL, Luminaire",Palmer Donavin Mfg Company Luminaire,"Palmer Donavin Mfg Company, Luminaire",,,,,,,,,,,,,,,,,,,,,,,,,,,Luminaire,Series,,,Model,,,Item Type,,,Voltage Rating,,,Amperage Rating,,,Dimensions,,,Mounting Type,,,Material,,,Color,,,Sound Level,,,Additional Information,,,,,,,,,,,,,,,description,2x2 Black Fine Fissured,,manufacturer,Palmer Donavin Mfg Company,,catalog_category,General Commercial,,,,,,,,,,,,,,,,,,,,,,,,,,,,,,,,,,,,,,,,,,,,,,,,,,,,,,,,,,,,,,,,,,,,,,,,,,,,,,,,,,,,,,,,,,,,,,,,,,,,,,,,1,EA,,,,,,,,,,,,,,,,,,,,,,,,,,,,,,,,,,,,,US,No,No
https://www.boschtools.com/product/402-R,,,,,,402-R,,,,402-R,402-R,402R 12V12AH 8D Battery,-- Unbranded --,-- No Unilog Brand --,-- No DIB Brand --,MillerTech Energy Solutions (MILTE),Robert Bosch GmbH,BOSCH®,,402-R,,,"BOSCH®, Battery, 402-R",BATTERY 12 V,"BOSCH®, 402-R, Battery","BOSCH® Battery, 12 V","BOSCH®, Battery",,,,,,,,,,,,,,,,,,,,,,,,,,,Battery,Series,,,Model,,,Item Type,,,Voltage Rating,12,V,Amperage Rating,,,Dimensions,,,Mounting Type,,,Material,,,Color,,,Sound Level,,,Additional Information,,,,,,,,,,,,,,,AH,12AH,,Configuration,8D,,,,,,,,,,,,,,,,,,,,,,,,,,,,,,,,,,,,,,,,,,,,,,,,,,,,,,,,,,,,,,,,,,,,,,,,,,,,,,,,,,,,,,,,,,,,,,,,,,,,,,,,,,,1,EA,,,,,,,,,,,,,,,,,,,,,,,,,,,,,,,,,,,,,US,No,No
,,,,,,SL1672,,,,SL1672,SL1672,SL1672 Jumpstart & Pwr Supply,-- Unbranded --,-- No Unilog Brand --,-- No DIB Brand --,-,-,-,,SL1672,,,"-, Commercial Product, SL1672",COMMERCIAL PRODUCT,"-, SL1672, Commercial Product",- Commercial Product,"-, Commercial Product",,,,,,,,,,,,,,,,,,,,,,,,,,,"-, Commercial Product",Series,,,Model,,,Item Type,,,Voltage Rating,,,Amperage Rating,,,Dimensions,,,Mounting Type,,,Material,,,Color,,,Sound Level,,,Additional Information,,,,,,,,,,,,,,,,,,,,,,,,,,,,,,,,,,,,,,,,,,,,,,,,,,,,,,,,,,,,,,,,,,,,,,,,,,,,,,,,,,,,,,,,,,,,,,,,,,,,,,,,,,,,,,,,,,,,,,,,,,,,,,1,EA,,,,,,,,,,,,,,,,,,,,,,,,,,,,,,,,,,,,,US,No,No
https://www.dewalt.com/product/BM-DW20-YLW-6,,,,,,BM-DW20-YLW-6,,,,BM-DW20-YLW-6,BM-DW20-YLW-6,BM-DW20-YLW-6 Dewalt - Battery Mounts 6pk,-- Unbranded --,-- No Unilog Brand --,-- No DIB Brand --,Metalmark Industrial Inc (METIN),Stanley Black & Decker,DEWALT®,,BM-DW20-YLW-6,,,"DEWALT®, Battery Mounts, BM-DW20-YLW-6",BATTERY MOUNTS,"DEWALT®, BM-DW20-YLW-6, Battery Mounts",DEWALT® Battery Mounts,"DEWALT®, Battery Mounts",,,,,,,,,,,,,,,,,,,,,,,,,,,Battery Mounts,Series,,,Model,,,Item Type,,,Voltage Rating,,,Amperage Rating,,,Dimensions,,,Mounting Type,,,Material,,,Color,,,Sound Level,,,Additional Information,,,,,,,,,,,,,,,,,,,,,,,,,,,,,,,,,,,,,,,,,,,,,,,,,,,,,,,,,,,,,,,,,,,,,,,,,,,,,,,,,,,,,,,,,,,,,,,,,,,,,,,,,,,,,,,,,,,,,,,,,,,,,,1,EA,,,,,,,,,,,,,,,,,,,,,,,,,,,,,,,,,,,,,US,No,No
https://www.southwire.com/product/BHA1-UPC,,,,,,BHA1-UPC,,,,BHA1-UPC,BHA1-UPC,16-24 Adjust Hanger,-- Unbranded --,-- No Unilog Brand --,-- No DIB Brand --,Southwire/g Turner (6603),Southwire Company,SOUTHWIRE®,,BHA1-UPC,,,"SOUTHWIRE®, Hanger, BHA1-UPC",HANGER,"SOUTHWIRE®, BHA1-UPC, Hanger",SOUTHWIRE® Hanger,"SOUTHWIRE®, Hanger",,,,,,,,,,,,,,,,,,,,,,,,,,,Hanger,Series,,,Model,,,Item Type,,,Voltage Rating,,,Amperage Rating,,,Dimensions,,,Mounting Type,,,Material,,,Color,,,Sound Level,,,Additional Information,,,,,,,,,,,,,,,Manufacturer Part Number,BHA1-UPC,,Supplier / Manufacturer,SOUTHWIRE®,,Catalog Category,General Commercial,,,,,,,,,,,,,,,,,,,,,,,,,,,,,,,,,,,,,,,,,,,,,,,,,,,,,,,,,,,,,,,,,,,,,,,,,,,,,,,,,,,,,,,,,,,,,,,,,,,,,,,,1,EA,,,,,,,,,,,,,,,,,,,,,,,,,,,,,,,,,,,,,US,No,No
https://www.southwire.com/product/G1941-UPC,,,,,,G1941-UPC,,,,G1941-UPC,G1941-UPC,"G1941UPC 4"" Sq Cover Sw/Outlet",-- Unbranded --,-- No Unilog Brand --,-- No DIB Brand --,Southwire/g Turner (6603),Southwire Company,SOUTHWIRE®,,G1941-UPC,,,"SOUTHWIRE®, Cover, G1941-UPC",COVER 4 IN SQ,"SOUTHWIRE®, G1941-UPC, Cover","SOUTHWIRE® Cover, 4 in Sq","SOUTHWIRE®, Cover",,,,,,,,,,,,,,,,,,,,,,,,,,,Cover,Series,,,Model,,,Item Type,,,Voltage Rating,,,Amperage Rating,,,Dimensions,4 in Sq,,Mounting Type,,,Material,,,Color,,,Sound Level,,,Additional Information,,,,,,,,,,,,,,,supplier_manufacturer,SOUTHWIRE®,,catalog_category,General Commercial,,,,,,,,,,,,,,,,,,,,,,,,,,,,,,,,,,,,,,,,,,,,,,,,,,,,,,,,,,,,,,,,,,,,,,,,,,,,,,,,,,,,,,,,,,,,,,,,,,,,,,,,,,,1,EA,,,,,,,,,,,,,,,,,,,,,,,,,,,,,,,,,,,,,US,No,No
https://www.southwire.com/product/G1950-UPC,,,,,,G1950-UPC,,,,G1950-UPC,G1950-UPC,4x4 2G GFI Box Cover,-- Unbranded --,-- No Unilog Brand --,-- No DIB Brand --,Southwire/g Turner (6603),Southwire Company,SOUTHWIRE®,,G1950-UPC,,,"SOUTHWIRE®, Lighting Box Cover, G1950-UPC",LIGHTING BOX COVER 4X4,"SOUTHWIRE®, G1950-UPC, Lighting Box Cover","SOUTHWIRE® Lighting Box Cover, 4x4","SOUTHWIRE®, Lighting Box Cover",,,,,,,,,,,,,,,,,,,,,,,,,,,Lighting Box Cover,Series,,,Model,,,Item Type,,,Voltage Rating,,,Amperage Rating,,,Dimensions,4x4,,Mounting Type,,,Material,,,Color,,,Sound Level,,,Additional Information,,,,,,,,,,,,,,,Manufacturer,SOUTHWIRE®,,Catalog Category,General Commercial,,,,,,,,,,,,,,,,,,,,,,,,,,,,,,,,,,,,,,,,,,,,,,,,,,,,,,,,,,,,,,,,,,,,,,,,,,,,,,,,,,,,,,,,,,,,,,,,,,,,,,,,,,,1,EA,,,,,,,,,,,,,,,,,,,,,,,,,,,,,,,,,,,,,US,No,No
,,,,,,A410RCAR,,,,A410RCAR,A410RCAR,4x4 1G PVC Box Cover,-- Unbranded --,-- No Unilog Brand --,-- No DIB Brand --,Thomas & Betts (7405),Thomas & Betts,Thomas & Betts,,A410RCAR,,,"Thomas & Betts, Box Cover, A410RCAR, PVC",BOX COVER PVC,"Thomas & Betts, A410RCAR, Box Cover, PVC","Thomas & Betts Box Cover, PVC","Thomas & Betts, Box Cover, PVC",,,,,,,,,,,,,,,,,,,,,,,,,,,Box Cover,Series,,,Model,,,Item Type,,,Voltage Rating,,,Amperage Rating,,,Dimensions,4x4,,Mounting Type,,,Material,PVC,,Color,,,Sound Level,,,Additional Information,,,,,,,,,,,,,,,gang,1G,,,,,,,,,,,,,,,,,,,,,,,,,,,,,,,,,,,,,,,,,,,,,,,,,,,,,,,,,,,,,,,,,,,,,,,,,,,,,,,,,,,,,,,,,,,,,,,,,,,,,,,,,,,,,,1,EA,,,,,,,,,,,,,,,,,,,,,,,,,,,,,,,,,,,,,US,No,No
https://www.southwire.com/product/G1951-UPC,,,,,,G1951-UPC,,,,G1951-UPC,G1951-UPC,4x4 2G GFCI Duplex Box Cover,-- Unbranded --,-- No Unilog Brand --,-- No DIB Brand --,Southwire/g Turner (6603),Southwire Company,SOUTHWIRE®,,G1951-UPC,,,"SOUTHWIRE®, Light Bulb, G1951-UPC",LIGHT BULB,"SOUTHWIRE®, G1951-UPC, Light Bulb",SOUTHWIRE® Light Bulb,"SOUTHWIRE®, Light Bulb",,,,,,,,,,,,,,,,,,,,,,,,,,,Light Bulb,Series,,,Model,,,Item Type,,,Voltage Rating,,,Amperage Rating,,,Dimensions,,,Mounting Type,,,Material,,,Color,,,Sound Level,,,Additional Information,,,,,,,,,,,,,,,Manufacturer,SOUTHWIRE®,,Catalog Category,General Commercial,,,,,,,,,,,,,,,,,,,,,,,,,,,,,,,,,,,,,,,,,,,,,,,,,,,,,,,,,,,,,,,,,,,,,,,,,,,,,,,,,,,,,,,,,,,,,,,,,,,,,,,,,,,1,EA,,,,,,,,,,,,,,,,,,,,,,,,,,,,,,,,,,,,,US,No,No
https://www.kichler.com/product/52C3-5/8-UPC,,,,,,52C3-5/8-UPC,,,,52C3-5/8-UPC,52C3-5/8-UPC,4x4 1G Box Cover,-- Unbranded --,-- No Unilog Brand --,-- No DIB Brand --,Southwire/g Turner (6603),Kichler Lighting LLC,KICHLER®,,52C3-5/8-UPC,,,"KICHLER®, Light Bulb, 52C3-5/8-UPC",LIGHT BULB,"KICHLER®, 52C3-5/8-UPC, Light Bulb",KICHLER® Light Bulb,"KICHLER®, Light Bulb",,,,,,,,,,,,,,,,,,,,,,,,,,,Light Bulb,Series,,,Model,,,Item Type,,,Voltage Rating,,,Amperage Rating,,,Dimensions,,,Mounting Type,,,Material,,,Color,,,Sound Level,,,Additional Information,,,,,,,,,,,,,,,Manufacturer,KICHLER,,Catalog Category,General Commercial,,,,,,,,,,,,,,,,,,,,,,,,,,,,,,,,,,,,,,,,,,,,,,,,,,,,,,,,,,,,,,,,,,,,,,,,,,,,,,,,,,,,,,,,,,,,,,,,,,,,,,,,,,,1,EA,,,,,,,,,,,,,,,,,,,,,,,,,,,,,,,,,,,,,US,No,No
https://www.kichler.com/product/52C14-5/8-UPC,,,,,,52C14-5/8-UPC,,,,52C14-5/8-UPC,52C14-5/8-UPC,4x4 1G Box Cover,-- Unbranded --,-- No Unilog Brand --,-- No DIB Brand --,Southwire/g Turner (6603),Kichler Lighting LLC,KICHLER®,,52C14-5/8-UPC,,,"KICHLER®, Light Bulb, 52C14-5/8-UPC",LIGHT BULB,"KICHLER®, 52C14-5/8-UPC, Light Bulb",KICHLER® Light Bulb,"KICHLER®, Light Bulb",,,,,,,,,,,,,,,,,,,,,,,,,,,Light Bulb,Series,,,Model,,,Item Type,,,Voltage Rating,,,Amperage Rating,,,Dimensions,,,Mounting Type,,,Material,,,Color,,,Sound Level,,,Additional Information,,,,,,,,,,,,,,,,,,,,,,,,,,,,,,,,,,,,,,,,,,,,,,,,,,,,,,,,,,,,,,,,,,,,,,,,,,,,,,,,,,,,,,,,,,,,,,,,,,,,,,,,,,,,,,,,,,,,,,,,,,,,,,1,EA,,,,,,,,,,,,,,,,,,,,,,,,,,,,,,,,,,,,,US,No,No
https://www.kichler.com/product/52C3-UPC,,,,,,52C3-UPC,,,,52C3-UPC,52C3-UPC,4x4 1G Box Cover,-- Unbranded --,-- No Unilog Brand --,-- No DIB Brand --,Southwire/g Turner (6603),Kichler Lighting LLC,KICHLER®,,52C3-UPC,,,"KICHLER®, Light Bulb, 52C3-UPC",LIGHT BULB,"KICHLER®, 52C3-UPC, Light Bulb",KICHLER® Light Bulb,"KICHLER®, Light Bulb",,,,,,,,,,,,,,,,,,,,,,,,,,,Light Bulb,Series,,,Model,,,Item Type,,,Voltage Rating,,,Amperage Rating,,,Dimensions,,,Mounting Type,,,Material,,,Color,,,Sound Level,,,Additional Information,,,,,,,,,,,,,,,,,,,,,,,,,,,,,,,,,,,,,,,,,,,,,,,,,,,,,,,,,,,,,,,,,,,,,,,,,,,,,,,,,,,,,,,,,,,,,,,,,,,,,,,,,,,,,,,,,,,,,,,,,,,,,,1,EA,,,,,,,,,,,,,,,,,,,,,,,,,,,,,,,,,,,,,US,No,No
https://www.southwire.com/product/54151-F-UPC,,,,,,54151-F-UPC,,,,54151-F-UPC,54151-F-UPC,4x4x1-1/2 Oct Box w/Bracket,-- Unbranded --,-- No Unilog Brand --,-- No DIB Brand --,Southwire/g Turner (6603),Southwire Company,SOUTHWIRE®,,54151-F-UPC,,,"SOUTHWIRE®, Box, 54151-F-UPC, Bracket Mounting",BOX BRACKET 4X4X1-1/2,"SOUTHWIRE®, 54151-F-UPC, Box, Bracket Mounting","SOUTHWIRE® Box, Bracket Mounting, 4x4x1-1/2","SOUTHWIRE®, Box, Bracket Mounting",,,,,,,,,,,,,,,,,,,,,,,,,,,Box,Series,,,Model,,,Item Type,,,Voltage Rating,,,Amperage Rating,,,Dimensions,4x4x1-1/2,,Mounting Type,Bracket,,Material,,,Color,,,Sound Level,,,Additional Information,,,,,,,,,,,,,,,,,,,,,,,,,,,,,,,,,,,,,,,,,,,,,,,,,,,,,,,,,,,,,,,,,,,,,,,,,,,,,,,,,,,,,,,,,,,,,,,,,,,,,,,,,,,,,,,,,,,,,,,,,,,,,,1,EA,,,,,,,,,,,,,,,,,,,,,,,,,,,,,,,,,,,,,US,No,No
https://www.southwire.com/product/54151-HUR-UPC,,,,,,54151-HUR-UPC,,,,54151-HUR-UPC,54151-HUR-UPC,4x4x1-1/2 Oct Box w/Hanger,-- Unbranded --,-- No Unilog Brand --,-- No DIB Brand --,Southwire/g Turner (6603),Southwire Company,SOUTHWIRE®,,54151-HUR-UPC,,,"SOUTHWIRE®, Box, 54151-HUR-UPC, Hanger Mounting",BOX HANGER 4X4X1-1/2,"SOUTHWIRE®, 54151-HUR-UPC, Box, Hanger Mounting","SOUTHWIRE® Box, Hanger Mounting, 4x4x1-1/2","SOUTHWIRE®, Box, Hanger Mounting",,,,,,,,,,,,,,,,,,,,,,,,,,,Box,Series,,,Model,,,Item Type,,,Voltage Rating,,,Amperage Rating,,,Dimensions,4x4x1-1/2,,Mounting Type,Hanger,,Material,,,Color,,,Sound Level,,,Additional Information,,,,,,,,,,,,,,,,,,,,,,,,,,,,,,,,,,,,,,,,,,,,,,,,,,,,,,,,,,,,,,,,,,,,,,,,,,,,,,,,,,,,,,,,,,,,,,,,,,,,,,,,,,,,,,,,,,,,,,,,,,,,,,1,EA,,,,,,,,,,,,,,,,,,,,,,,,,,,,,,,,,,,,,US,No,No
https://www.southwire.com/product/54151-JR-UPC,,,,,,54151-JR-UPC,,,,54151-JR-UPC,54151-JR-UPC,4x4x1-1/2 Oct Box w/Brakcet,-- Unbranded --,-- No Unilog Brand --,-- No DIB Brand --,Southwire/g Turner (6603),Southwire Company,SOUTHWIRE®,,54151-JR-UPC,,,"SOUTHWIRE®, Box, 54151-JR-UPC, Brakcet Mounting",BOX BRAKCET 4X4X1-1/2,"SOUTHWIRE®, 54151-JR-UPC, Box, Brakcet Mounting","SOUTHWIRE® Box, Brakcet Mounting, 4x4x1-1/2","SOUTHWIRE®, Box, Brakcet Mounting",,,,,,,,,,,,,,,,,,,,,,,,,,,Box,Series,,,Model,,,Item Type,,,Voltage Rating,,,Amperage Rating,,,Dimensions,4x4x1-1/2,,Mounting Type,Brakcet,,Material,,,Color,,,Sound Level,,,Additional Information,,,,,,,,,,,,,,,,,,,,,,,,,,,,,,,,,,,,,,,,,,,,,,,,,,,,,,,,,,,,,,,,,,,,,,,,,,,,,,,,,,,,,,,,,,,,,,,,,,,,,,,,,,,,,,,,,,,,,,,,,,,,,,1,EA,,,,,,,,,,,,,,,,,,,,,,,,,,,,,,,,,,,,,US,No,No
https://www.southwire.com/product/54171-R-UPC,,,,,,54171-R-UPC,,,,54171-R-UPC,54171-R-UPC,4x4x2 Oct Box,-- Unbranded --,-- No Unilog Brand --,-- No DIB Brand --,Southwire/g Turner (6603),Southwire Company,SOUTHWIRE®,,54171-R-UPC,,,"SOUTHWIRE®, Box, 54171-R-UPC",BOX 4X4X2,"SOUTHWIRE®, 54171-R-UPC, Box","SOUTHWIRE® Box, 4x4x2","SOUTHWIRE®, Box",,,,,,,,,,,,,,,,,,,,,,,,,,,Box,Series,,,Model,,,Item Type,,,Voltage Rating,,,Amperage Rating,,,Dimensions,4x4x2,,Mounting Type,,,Material,,,Color,,,Sound Level,,,Additional Information,,,,,,,,,,,,,,,Manufacturer Part Number (MPN),54171-R-UPC,,Supplier / Manufacturer,SOUTHWIRE®,,Catalog Category,General Commercial,,,,,,,,,,,,,,,,,,,,,,,,,,,,,,,,,,,,,,,,,,,,,,,,,,,,,,,,,,,,,,,,,,,,,,,,,,,,,,,,,,,,,,,,,,,,,,,,,,,,,,,,1,EA,,,,,,,,,,,,,,,,,,,,,,,,,,,,,,,,,,,,,US,No,No
https://www.kichler.com/product/52151-S-UPC,,,,,,52151-S-UPC,,,,52151-S-UPC,52151-S-UPC,4x4x1-1/2 Square Box,-- Unbranded --,-- No Unilog Brand --,-- No DIB Brand --,Southwire/g Turner (6603),Kichler Lighting LLC,KICHLER®,,52151-S-UPC,,,"KICHLER®, Luminaire, 52151-S-UPC",LUMINAIRE 4X4X1-1/2,"KICHLER®, 52151-S-UPC, Luminaire","KICHLER® Luminaire, 4x4x1-1/2","KICHLER®, Luminaire",,,,,,,,,,,,,,,,,,,,,,,,,,,Luminaire,Series,,,Model,,,Item Type,,,Voltage Rating,,,Amperage Rating,,,Dimensions,4x4x1-1/2,,Mounting Type,,,Material,,,Color,,,Sound Level,,,Additional Information,,,,,,,,,,,,,,,,,,,,,,,,,,,,,,,,,,,,,,,,,,,,,,,,,,,,,,,,,,,,,,,,,,,,,,,,,,,,,,,,,,,,,,,,,,,,,,,,,,,,,,,,,,,,,,,,,,,,,,,,,,,,,,1,EA,,,,,,,,,,,,,,,,,,,,,,,,,,,,,,,,,,,,,US,No,No
https://www.southwire.com/product/72171-3/4-1W-UPC,,,,,,72171-3/4-1W-UPC,Tools & Hardware,Abrasives,Cutting Discs,72171-3/4-1W-UPC,72171-3/4-1W-UPC,4-1/2x4-1/2x2 2G Box,-- Unbranded --,-- No Unilog Brand --,-- No DIB Brand --,Southwire/g Turner (6603),Southwire Company,SOUTHWIRE®,,72171-3/4-1W-UPC,,Tools & Hardware>Abrasives>Cutting & Grinding Discs,"SOUTHWIRE®, Cut-Off Disc, 72171-3/4-1W-UPC",CUT-OFF DISC 4-1/2X4-1/2X2,"SOUTHWIRE®, 72171-3/4-1W-UPC, Cut-Off Disc","SOUTHWIRE® Cut-Off Disc, 4-1/2x4-1/2x2","SOUTHWIRE®, Cut-Off Disc",,,,,,,,,,,,,,,,,,,,,,,,,,,Cut-Off Disc,Item Type,,,Dimensions,4-1/2x4-1/2x2,,Grit,,,Arbor Size,,,Abrasive Material,,,Pack Quantity,,,Additional Information,,,,,,,,,,,,,,,,,,,,,,,,,,,box_type,2G Box,,supplier,SOUTHWIRE,,,,,,,,,,,,,,,,,,,,,,,,,,,,,,,,,,,,,,,,,,,,,,,,,,,,,,,,,,,,,,,,,,,,,,,,,,,,,,,,,,,,,,,,,,,,,,,,,,,,,,,,,,,1,EA,,,,,,,,,,,,,,,,,,,,,,,,,,,,,,,,,,,,,US,No,No
https://www.kichler.com/product/5522-5EV,,,,,,5522-5EV,,,,5522-5EV,5522-5EV,5522-5EV 2 Port Decor Plate,-- Unbranded --,-- No Unilog Brand --,-- No DIB Brand --,Cooper Wiring Devices (3560),Kichler Lighting LLC,KICHLER®,,5522-5EV,,,"KICHLER®, Decor Plate, 5522-5EV",DECOR PLATE,"KICHLER®, 5522-5EV, Decor Plate",KICHLER® Decor Plate,"KICHLER®, Decor Plate",,,,,,,,,,,,,,,,,,,,,,,,,,,Decor Plate,Series,,,Model,,,Item Type,,,Voltage Rating,,,Amperage Rating,,,Dimensions,,,Mounting Type,,,Material,,,Color,,,Sound Level,,,Additional Information,,,,,,,,,,,,,,,,,,,,,,,,,,,,,,,,,,,,,,,,,,,,,,,,,,,,,,,,,,,,,,,,,,,,,,,,,,,,,,,,,,,,,,,,,,,,,,,,,,,,,,,,,,,,,,,,,,,,,,,,,,,,,,1,EA,,,,,,,,,,,,,,,,,,,,,,,,,,,,,,,,,,,,,US,No,No
,,,,,,AYCL-153PH-LA,,,,AYCL-153PH-LA,AYCL-153PH-LA,AYCL-153PH-LA Lutron Dimmer LA,-- Unbranded --,-- No Unilog Brand --,-- No DIB Brand --,Fenton Bros Electric Inc (FENBR),Fenton Bros Electric Inc,Fenton Bros Electric Inc,,AYCL-153PH-LA,,,"Fenton Bros Electric Inc, Dimmer, AYCL-153PH-LA",DIMMER,"Fenton Bros Electric Inc, AYCL-153PH-LA, Dimmer",Fenton Bros Electric Inc Dimmer,"Fenton Bros Electric Inc, Dimmer",,,,,,,,,,,,,,,,,,,,,,,,,,,Dimmer,Series,,,Model,,,Item Type,,,Voltage Rating,,,Amperage Rating,,,Dimensions,,,Mounting Type,,,Material,,,Color,,,Sound Level,,,Additional Information,,,,,,,,,,,,,,,,,,,,,,,,,,,,,,,,,,,,,,,,,,,,,,,,,,,,,,,,,,,,,,,,,,,,,,,,,,,,,,,,,,,,,,,,,,,,,,,,,,,,,,,,,,,,,,,,,,,,,,,,,,,,,,1,EA,,,,,,,,,,,,,,,,,,,,,,,,,,,,,,,,,,,,,US,No,No
,,,,,,AYCL-153PH-WH,,,,AYCL-153PH-WH,AYCL-153PH-WH,AYCL-153PH-WH Lutron Dimmer Wh,-- Unbranded --,-- No Unilog Brand --,-- No DIB Brand --,Fenton Bros Electric Inc (FENBR),Fenton Bros Electric Inc,Fenton Bros Electric Inc,,AYCL-153PH-WH,,,"Fenton Bros Electric Inc, Dimmer, AYCL-153PH-WH",DIMMER,"Fenton Bros Electric Inc, AYCL-153PH-WH, Dimmer",Fenton Bros Electric Inc Dimmer,"Fenton Bros Electric Inc, Dimmer",,,,,,,,,,,,,,,,,,,,,,,,,,,Dimmer,Series,,,Model,,,Item Type,,,Voltage Rating,,,Amperage Rating,,,Dimensions,,,Mounting Type,,,Material,,,Color,,,Sound Level,,,Additional Information,,,,,,,,,,,,,,,,,,,,,,,,,,,,,,,,,,,,,,,,,,,,,,,,,,,,,,,,,,,,,,,,,,,,,,,,,,,,,,,,,,,,,,,,,,,,,,,,,,,,,,,,,,,,,,,,,,,,,,,,,,,,,,1,EA,,,,,,,,,,,,,,,,,,,,,,,,,,,,,,,,,,,,,US,No,No
https://www.kleintools.com/product/D23LP-R02-1RW,,,,,,D23LP-R02-1RW,,,,D23LP-R02-1RW,D23LP-R02-1RW,D23LPR021RW Plug In Dimmer Wh,-- Unbranded --,-- No Unilog Brand --,-- No DIB Brand --,Leviton Mfg Co (4927),Klein Tools Inc.,KLEIN TOOLS®,,D23LP-R02-1RW,,,"KLEIN TOOLS®, Light Bulb, D23LP-R02-1RW",LIGHT BULB,"KLEIN TOOLS®, D23LP-R02-1RW, Light Bulb",KLEIN TOOLS® Light Bulb,"KLEIN TOOLS®, Light Bulb",,,,,,,,,,,,,,,,,,,,,,,,,,,Light Bulb,Series,,,Model,,,Item Type,,,Voltage Rating,,,Amperage Rating,,,Dimensions,,,Mounting Type,,,Material,,,Color,,,Sound Level,,,Additional Information,,,,,,,,,,,,,,,,,,,,,,,,,,,,,,,,,,,,,,,,,,,,,,,,,,,,,,,,,,,,,,,,,,,,,,,,,,,,,,,,,,,,,,,,,,,,,,,,,,,,,,,,,,,,,,,,,,,,,,,,,,,,,,1,EA,,,,,,,,,,,,,,,,,,,,,,,,,,,,,,,,,,,,,US,No,No
,,,,,,TNOCD002,,,,TNOCD002,TNOCD002,TNOCD002 125V Outdooor Timer,-- Unbranded --,-- No Unilog Brand --,-- No DIB Brand --,Prime Wire & Cable (3562),Prime Wire & Cable,Prime Wire & Cable,,TNOCD002,,,"Prime Wire & Cable, Timer, TNOCD002",TIMER 125 V,"Prime Wire & Cable, TNOCD002, Timer","Prime Wire & Cable Timer, 125 V","Prime Wire & Cable, Timer",,,,,,,,,,,,,,,,,,,,,,,,,,,Timer,Series,,,Model,,,Item Type,,,Voltage Rating,125,V,Amperage Rating,,,Dimensions,,,Mounting Type,,,Material,,,Color,,,Sound Level,,,Additional Information,,,,,,,,,,,,,,,,,,,,,,,,,,,,,,,,,,,,,,,,,,,,,,,,,,,,,,,,,,,,,,,,,,,,,,,,,,,,,,,,,,,,,,,,,,,,,,,,,,,,,,,,,,,,,,,,,,,,,,,,,,,,,,1,EA,,,,,,,,,,,,,,,,,,,,,,,,,,,,,,,,,,,,,US,No,No
,,,,,,TNDHD002,,,,TNDHD002,TNDHD002,TNDHD002 125V 7Day Timer,-- Unbranded --,-- No Unilog Brand --,-- No DIB Brand --,Prime Wire & Cable (3562),Prime Wire & Cable,Prime Wire & Cable,,TNDHD002,,,"Prime Wire & Cable, Timer, TNDHD002",TIMER 125 V,"Prime Wire & Cable, TNDHD002, Timer","Prime Wire & Cable Timer, 125 V","Prime Wire & Cable, Timer",,,,,,,,,,,,,,,,,,,,,,,,,,,Timer,Series,,,Model,,,Item Type,,,Voltage Rating,125,V,Amperage Rating,,,Dimensions,,,Mounting Type,,,Material,,,Color,,,Sound Level,,,Additional Information,,,,,,,,,,,,,,,Manufacturer Part Number,TNDHD002,,Supplier / Manufacturer,Prime Wire & Cable,,Catalog Category,General Commercial,,,,,,,,,,,,,,,,,,,,,,,,,,,,,,,,,,,,,,,,,,,,,,,,,,,,,,,,,,,,,,,,,,,,,,,,,,,,,,,,,,,,,,,,,,,,,,,,,,,,,,,,1,EA,,,,,,,,,,,,,,,,,,,,,,,,,,,,,,,,,,,,,US,No,No
,,,,,,TNIDP12,,,,TNIDP12,TNIDP12,TNIDP12 125V Dig Indoor Timer,-- Unbranded --,-- No Unilog Brand --,-- No DIB Brand --,Prime Wire & Cable (3562),Prime Wire & Cable,Prime Wire & Cable,,TNIDP12,,,"Prime Wire & Cable, Light Bulb, TNIDP12",LIGHT BULB 125 V,"Prime Wire & Cable, TNIDP12, Light Bulb","Prime Wire & Cable Light Bulb, 125 V","Prime Wire & Cable, Light Bulb",,,,,,,,,,,,,,,,,,,,,,,,,,,Light Bulb,Series,,,Model,,,Item Type,,,Voltage Rating,125,V,Amperage Rating,,,Dimensions,,,Mounting Type,,,Material,,,Color,,,Sound Level,,,Additional Information,,,,,,,,,,,,,,,,,,,,,,,,,,,,,,,,,,,,,,,,,,,,,,,,,,,,,,,,,,,,,,,,,,,,,,,,,,,,,,,,,,,,,,,,,,,,,,,,,,,,,,,,,,,,,,,,,,,,,,,,,,,,,,1,EA,,,,,,,,,,,,,,,,,,,,,,,,,,,,,,,,,,,,,US,No,No
,,,,,,TNIW24,,,,TNIW24,TNIW24,TNIW24 125V 24hr Mech Timer,-- Unbranded --,-- No Unilog Brand --,-- No DIB Brand --,Prime Wire & Cable (3562),Prime Wire & Cable,Prime Wire & Cable,,TNIW24,,,"Prime Wire & Cable, Light Bulb, TNIW24",LIGHT BULB 125 V,"Prime Wire & Cable, TNIW24, Light Bulb","Prime Wire & Cable Light Bulb, 125 V","Prime Wire & Cable, Light Bulb",,,,,,,,,,,,,,,,,,,,,,,,,,,Light Bulb,Series,,,Model,,,Item Type,,,Voltage Rating,125,V,Amperage Rating,,,Dimensions,,,Mounting Type,,,Material,,,Color,,,Sound Level,,,Additional Information,,,,,,,,,,,,,,,Mech Timer,24hr,,,,,,,,,,,,,,,,,,,,,,,,,,,,,,,,,,,,,,,,,,,,,,,,,,,,,,,,,,,,,,,,,,,,,,,,,,,,,,,,,,,,,,,,,,,,,,,,,,,,,,,,,,,,,,1,EA,,,,,,,,,,,,,,,,,,,,,,,,,,,,,,,,,,,,,US,No,No
https://www.satco.com/product/65-1222,,,,,,65-1222,,,,65-1222,65-1222,65-1222 1' Led Lt Multi CCT,-- Unbranded --,-- No Unilog Brand --,-- No DIB Brand --,Satco Prod Inc (5573),Satco Products Inc,SATCO®,,65-1222,,,"SATCO®, Commercial Product, 65-1222",COMMERCIAL PRODUCT,"SATCO®, 65-1222, Commercial Product",SATCO® Commercial Product,"SATCO®, Commercial Product",,,,,,,,,,,,,,,,,,,,,,,,,,,"SATCO®, Commercial Product",Series,,,Model,,,Item Type,,,Voltage Rating,,,Amperage Rating,,,Dimensions,,,Mounting Type,,,Material,,,Color,,,Sound Level,,,Additional Information,,,,,,,,,,,,,,,,,,,,,,,,,,,,,,,,,,,,,,,,,,,,,,,,,,,,,,,,,,,,,,,,,,,,,,,,,,,,,,,,,,,,,,,,,,,,,,,,,,,,,,,,,,,,,,,,,,,,,,,,,,,,,,1,EA,,,,,,,,,,,,,,,,,,,,,,,,,,,,,,,,,,,,,US,No,No
https://www.satco.com/product/65-1224,,,,,,65-1224,,,,65-1224,65-1224,65-1224 4' Led Strip Light,-- Unbranded --,-- No Unilog Brand --,-- No DIB Brand --,Satco Prod Inc (5573),Satco Products Inc,SATCO®,,65-1224,,,"SATCO®, Light Bulb, 65-1224",LIGHT BULB 120 V 4 FT,"SATCO®, 65-1224, Light Bulb","SATCO® Light Bulb, 120 V, 4 ft","SATCO®, Light Bulb",,,,,,,,,,,,,,,,,,,,,,,,,,,Light Bulb,Series,,,Model,,,Item Type,,,Voltage Rating,120,V,Amperage Rating,,,Dimensions,4 ft,,Mounting Type,,,Material,,,Color,,,Sound Level,,,Additional Information,,,,,,,,,,,,,,,,,,,,,,,,,,,,,,,,,,,,,,,,,,,,,,,,,,,,,,,,,,,,,,,,,,,,,,,,,,,,,,,,,,,,,,,,,,,,,,,,,,,,,,,,,,,,,,,,,,,,,,,,,,,,,,1,EA,,,,,,,,,,,,,,,,,,,,,,,,,,,,,,,,,,,,,US,No,No
https://www.kichler.com/product/45297BK,,,,,,45297BK,,,,45297BK,45297BK,45297BK Kichler Wall Lt,-- Unbranded --,-- No Unilog Brand --,-- No DIB Brand --,Kichler Lighting (KICLI),Kichler Lighting LLC,KICHLER®,,45297BK,,,"KICHLER®, Wall Lt, 45297BK",WALL LT,"KICHLER®, 45297BK, Wall Lt",KICHLER® Wall Lt,"KICHLER®, Wall Lt",,,,,,,,,,,,,,,,,,,,,,,,,,,Wall Lt,Series,,,Model,,,Item Type,,,Voltage Rating,,,Amperage Rating,,,Dimensions,,,Mounting Type,,,Material,,,Color,,,Sound Level,,,Additional Information,,,,,,,,,,,,,,,,,,,,,,,,,,,,,,,,,,,,,,,,,,,,,,,,,,,,,,,,,,,,,,,,,,,,,,,,,,,,,,,,,,,,,,,,,,,,,,,,,,,,,,,,,,,,,,,,,,,,,,,,,,,,,,1,EA,,,,,,,,,,,,,,,,,,,,,,,,,,,,,,,,,,,,,US,No,No
https://www.kichler.com/product/45573BK,,,,,,45573BK,,,,45573BK,45573BK,45573BK Kichler Wall Light,-- Unbranded --,-- No Unilog Brand --,-- No DIB Brand --,Kichler Lighting (KICLI),Kichler Lighting LLC,KICHLER®,,45573BK,,,"KICHLER®, Luminaire, 45573BK",LUMINAIRE,"KICHLER®, 45573BK, Luminaire",KICHLER® Luminaire,"KICHLER®, Luminaire",,,,,,,,,,,,,,,,,,,,,,,,,,,Luminaire,Series,,,Model,,,Item Type,,,Voltage Rating,,,Amperage Rating,,,Dimensions,,,Mounting Type,,,Material,,,Color,,,Sound Level,,,Additional Information,,,,,,,,,,,,,,,,,,,,,,,,,,,,,,,,,,,,,,,,,,,,,,,,,,,,,,,,,,,,,,,,,,,,,,,,,,,,,,,,,,,,,,,,,,,,,,,,,,,,,,,,,,,,,,,,,,,,,,,,,,,,,,1,EA,,,,,,,,,,,,,,,,,,,,,,,,,,,,,,,,,,,,,US,No,No
https://www.kichler.com/product/37418A,,,,,,37418A,,,,37418A,37418A,37418A Kichler Bath Light,-- Unbranded --,-- No Unilog Brand --,-- No DIB Brand --,Kichler Lighting (KICLI),Kichler Lighting LLC,KICHLER®,,37418A,,,"KICHLER®, Luminaire, 37418A",LUMINAIRE,"KICHLER®, 37418A, Luminaire","KICHLER® Luminaire, 37418 A","KICHLER®, Luminaire",,,,,,,,,,,,,,,,,,,,,,,,,,,Luminaire,Series,,,Model,,,Item Type,,,Voltage Rating,,,Amperage Rating,37418,A,Dimensions,,,Mounting Type,,,Material,,,Color,,,Sound Level,,,Additional Information,,,,,,,,,,,,,,,,,,,,,,,,,,,,,,,,,,,,,,,,,,,,,,,,,,,,,,,,,,,,,,,,,,,,,,,,,,,,,,,,,,,,,,,,,,,,,,,,,,,,,,,,,,,,,,,,,,,,,,,,,,,,,,1,EA,,,,,,,,,,,,,,,,,,,,,,,,,,,,,,,,,,,,,US,No,No
https://www.kichler.com/product/37423A,,,,,,37423A,,,,37423A,37423A,37423A Kichler Bath Light,-- Unbranded --,-- No Unilog Brand --,-- No DIB Brand --,Kichler Lighting (KICLI),Kichler Lighting LLC,KICHLER®,,37423A,,,"KICHLER®, Luminaire, 37423A",LUMINAIRE,"KICHLER®, 37423A, Luminaire","KICHLER® Luminaire, 37423 A","KICHLER®, Luminaire",,,,,,,,,,,,,,,,,,,,,,,,,,,Luminaire,Series,,,Model,,,Item Type,,,Voltage Rating,,,Amperage Rating,37423,A,Dimensions,,,Mounting Type,,,Material,,,Color,,,Sound Level,,,Additional Information,,,,,,,,,,,,,,,,,,,,,,,,,,,,,,,,,,,,,,,,,,,,,,,,,,,,,,,,,,,,,,,,,,,,,,,,,,,,,,,,,,,,,,,,,,,,,,,,,,,,,,,,,,,,,,,,,,,,,,,,,,,,,,1,EA,,,,,,,,,,,,,,,,,,,,,,,,,,,,,,,,,,,,,US,No,No
https://www.kichler.com/product/45496BKCLR,,,,,,45496BKCLR,,,,45496BKCLR,45496BKCLR,45496BKCLR Kichler Bath Light,-- Unbranded --,-- No Unilog Brand --,-- No DIB Brand --,Kichler Lighting (KICLI),Kichler Lighting LLC,KICHLER®,,45496BKCLR,,,"KICHLER®, Luminaire, 45496BKCLR",LUMINAIRE,"KICHLER®, 45496BKCLR, Luminaire",KICHLER® Luminaire,"KICHLER®, Luminaire",,,,,,,,,,,,,,,,,,,,,,,,,,,Luminaire,Series,,,Model,,,Item Type,,,Voltage Rating,,,Amperage Rating,,,Dimensions,,,Mounting Type,,,Material,,,Color,,,Sound Level,,,Additional Information,,,,,,,,,,,,,,,Manufacturer Part Number,45496BKCLR,,Supplier / Manufacturer,KICHLER®,,Catalog Category,General Commercial,,,,,,,,,,,,,,,,,,,,,,,,,,,,,,,,,,,,,,,,,,,,,,,,,,,,,,,,,,,,,,,,,,,,,,,,,,,,,,,,,,,,,,,,,,,,,,,,,,,,,,,,1,EA,,,,,,,,,,,,,,,,,,,,,,,,,,,,,,,,,,,,,US,No,No
https://www.kichler.com/product/45973BK,,,,,,45973BK,,,,45973BK,45973BK,45973BK Kichler Wall Light,-- Unbranded --,-- No Unilog Brand --,-- No DIB Brand --,Kichler Lighting (KICLI),Kichler Lighting LLC,KICHLER®,,45973BK,,,"KICHLER®, Luminaire, 45973BK",LUMINAIRE,"KICHLER®, 45973BK, Luminaire",KICHLER® Luminaire,"KICHLER®, Luminaire",,,,,,,,,,,,,,,,,,,,,,,,,,,Luminaire,Series,,,Model,,,Item Type,,,Voltage Rating,,,Amperage Rating,,,Dimensions,,,Mounting Type,,,Material,,,Color,,,Sound Level,,,Additional Information,,,,,,,,,,,,,,,,,,,,,,,,,,,,,,,,,,,,,,,,,,,,,,,,,,,,,,,,,,,,,,,,,,,,,,,,,,,,,,,,,,,,,,,,,,,,,,,,,,,,,,,,,,,,,,,,,,,,,,,,,,,,,,1,EA,,,,,,,,,,,,,,,,,,,,,,,,,,,,,,,,,,,,,US,No,No
https://www.kichler.com/product/55155BK,,,,,,55155BK,,,,55155BK,55155BK,55155BK Kichler Wall Lt,-- Unbranded --,-- No Unilog Brand --,-- No DIB Brand --,Kichler Lighting (KICLI),Kichler Lighting LLC,KICHLER®,,55155BK,,,"KICHLER®, Luminaire, 55155BK",LUMINAIRE,"KICHLER®, 55155BK, Luminaire",KICHLER® Luminaire,"KICHLER®, Luminaire",,,,,,,,,,,,,,,,,,,,,,,,,,,Luminaire,Series,,,Model,,,Item Type,,,Voltage Rating,,,Amperage Rating,,,Dimensions,,,Mounting Type,,,Material,,,Color,,,Sound Level,,,Additional Information,,,,,,,,,,,,,,,,,,,,,,,,,,,,,,,,,,,,,,,,,,,,,,,,,,,,,,,,,,,,,,,,,,,,,,,,,,,,,,,,,,,,,,,,,,,,,,,,,,,,,,,,,,,,,,,,,,,,,,,,,,,,,,1,EA,,,,,,,,,,,,,,,,,,,,,,,,,,,,,,,,,,,,,US,No,No
https://www.kichler.com/product/55157CPZ,,,,,,55157CPZ,,,,55157CPZ,55157CPZ,55157CPZ Kichler Wall Light,-- Unbranded --,-- No Unilog Brand --,-- No DIB Brand --,Kichler Lighting (KICLI),Kichler Lighting LLC,KICHLER®,,55157CPZ,,,"KICHLER®, Luminaire, 55157CPZ",LUMINAIRE,"KICHLER®, 55157CPZ, Luminaire",KICHLER® Luminaire,"KICHLER®, Luminaire",,,,,,,,,,,,,,,,,,,,,,,,,,,Luminaire,Series,,,Model,,,Item Type,,,Voltage Rating,,,Amperage Rating,,,Dimensions,,,Mounting Type,,,Material,,,Color,,,Sound Level,,,Additional Information,,,,,,,,,,,,,,,,,,,,,,,,,,,,,,,,,,,,,,,,,,,,,,,,,,,,,,,,,,,,,,,,,,,,,,,,,,,,,,,,,,,,,,,,,,,,,,,,,,,,,,,,,,,,,,,,,,,,,,,,,,,,,,1,EA,,,,,,,,,,,,,,,,,,,,,,,,,,,,,,,,,,,,,US,No,No
https://www.kichler.com/product/55184BK,,,,,,55184BK,,,,55184BK,55184BK,55184BK Kichler Wall Lt,-- Unbranded --,-- No Unilog Brand --,-- No DIB Brand --,Kichler Lighting (KICLI),Kichler Lighting LLC,KICHLER®,,55184BK,,,"KICHLER®, Wall Light, 55184BK",WALL LIGHT,"KICHLER®, 55184BK, Wall Light",KICHLER® Wall Light,"KICHLER®, Wall Light",,,,,,,,,,,,,,,,,,,,,,,,,,,Wall Light,Series,,,Model,,,Item Type,,,Voltage Rating,,,Amperage Rating,,,Dimensions,,,Mounting Type,,,Material,,,Color,,,Sound Level,,,Additional Information,,,,,,,,,,,,,,,,,,,,,,,,,,,,,,,,,,,,,,,,,,,,,,,,,,,,,,,,,,,,,,,,,,,,,,,,,,,,,,,,,,,,,,,,,,,,,,,,,,,,,,,,,,,,,,,,,,,,,,,,,,,,,,1,EA,,,,,,,,,,,,,,,,,,,,,,,,,,,,,,,,,,,,,US,No,No
https://www.kichler.com/product/55185BK,,,,,,55185BK,,,,55185BK,55185BK,55185BK Kichler Wall Lt,-- Unbranded --,-- No Unilog Brand --,-- No DIB Brand --,Kichler Lighting (KICLI),Kichler Lighting LLC,KICHLER®,,55185BK,,,"KICHLER®, Wall Lt, 55185BK",WALL LT,"KICHLER®, 55185BK, Wall Lt",KICHLER® Wall Lt,"KICHLER®, Wall Lt",,,,,,,,,,,,,,,,,,,,,,,,,,,Wall Lt,Series,,,Model,,,Item Type,,,Voltage Rating,,,Amperage Rating,,,Dimensions,,,Mounting Type,,,Material,,,Color,,,Sound Level,,,Additional Information,,,,,,,,,,,,,,,,,,,,,,,,,,,,,,,,,,,,,,,,,,,,,,,,,,,,,,,,,,,,,,,,,,,,,,,,,,,,,,,,,,,,,,,,,,,,,,,,,,,,,,,,,,,,,,,,,,,,,,,,,,,,,,1,EA,,,,,,,,,,,,,,,,,,,,,,,,,,,,,,,,,,,,,US,No,No
https://www.kichler.com/product/55186CH,,,,,,55186CH,,,,55186CH,55186CH,55186CH Kichler Wall Lt,-- Unbranded --,-- No Unilog Brand --,-- No DIB Brand --,Kichler Lighting (KICLI),Kichler Lighting LLC,KICHLER®,,55186CH,,,"KICHLER®, Wall Light, 55186CH",WALL LIGHT,"KICHLER®, 55186CH, Wall Light",KICHLER® Wall Light,"KICHLER®, Wall Light",,,,,,,,,,,,,,,,,,,,,,,,,,,Wall Light,Series,,,Model,,,Item Type,,,Voltage Rating,,,Amperage Rating,,,Dimensions,,,Mounting Type,,,Material,,,Color,,,Sound Level,,,Additional Information,,,,,,,,,,,,,,,,,,,,,,,,,,,,,,,,,,,,,,,,,,,,,,,,,,,,,,,,,,,,,,,,,,,,,,,,,,,,,,,,,,,,,,,,,,,,,,,,,,,,,,,,,,,,,,,,,,,,,,,,,,,,,,1,EA,,,,,,,,,,,,,,,,,,,,,,,,,,,,,,,,,,,,,US,No,No
https://www.kichler.com/product/55210NI,,,,,,55210NI,,,,55210NI,55210NI,55210NI Kichler Wall Light,-- Unbranded --,-- No Unilog Brand --,-- No DIB Brand --,Kichler Lighting (KICLI),Kichler Lighting LLC,KICHLER®,,55210NI,,,"KICHLER®, Luminaire, 55210NI",LUMINAIRE,"KICHLER®, 55210NI, Luminaire",KICHLER® Luminaire,"KICHLER®, Luminaire",,,,,,,,,,,,,,,,,,,,,,,,,,,Luminaire,Series,,,Model,,,Item Type,,,Voltage Rating,,,Amperage Rating,,,Dimensions,,,Mounting Type,,,Material,,,Color,,,Sound Level,,,Additional Information,,,,,,,,,,,,,,,,,,,,,,,,,,,,,,,,,,,,,,,,,,,,,,,,,,,,,,,,,,,,,,,,,,,,,,,,,,,,,,,,,,,,,,,,,,,,,,,,,,,,,,,,,,,,,,,,,,,,,,,,,,,,,,1,EA,,,,,,,,,,,,,,,,,,,,,,,,,,,,,,,,,,,,,US,No,No
https://www.kichler.com/product/55211BK,,,,,,55211BK,,,,55211BK,55211BK,55211BK Kichler Wall Light,-- Unbranded --,-- No Unilog Brand --,-- No DIB Brand --,Kichler Lighting (KICLI),Kichler Lighting LLC,KICHLER®,,55211BK,,,"KICHLER®, Luminaire, 55211BK",LUMINAIRE,"KICHLER®, 55211BK, Luminaire",KICHLER® Luminaire,"KICHLER®, Luminaire",,,,,,,,,,,,,,,,,,,,,,,,,,,Luminaire,Series,,,Model,,,Item Type,,,Voltage Rating,,,Amperage Rating,,,Dimensions,,,Mounting Type,,,Material,,,Color,,,Sound Level,,,Additional Information,,,,,,,,,,,,,,,,,,,,,,,,,,,,,,,,,,,,,,,,,,,,,,,,,,,,,,,,,,,,,,,,,,,,,,,,,,,,,,,,,,,,,,,,,,,,,,,,,,,,,,,,,,,,,,,,,,,,,,,,,,,,,,1,EA,,,,,,,,,,,,,,,,,,,,,,,,,,,,,,,,,,,,,US,No,No
https://www.kichler.com/product/55211NI,,,,,,55211NI,,,,55211NI,55211NI,55211NI Kichler Wall Light,-- Unbranded --,-- No Unilog Brand --,-- No DIB Brand --,Kichler Lighting (KICLI),Kichler Lighting LLC,KICHLER®,,55211NI,,,"KICHLER®, Luminaire, 55211NI",LUMINAIRE,"KICHLER®, 55211NI, Luminaire",KICHLER® Luminaire,"KICHLER®, Luminaire",,,,,,,,,,,,,,,,,,,,,,,,,,,Luminaire,Series,,,Model,,,Item Type,,,Voltage Rating,,,Amperage Rating,,,Dimensions,,,Mounting Type,,,Material,,,Color,,,Sound Level,,,Additional Information,,,,,,,,,,,,,,,,,,,,,,,,,,,,,,,,,,,,,,,,,,,,,,,,,,,,,,,,,,,,,,,,,,,,,,,,,,,,,,,,,,,,,,,,,,,,,,,,,,,,,,,,,,,,,,,,,,,,,,,,,,,,,,1,EA,,,,,,,,,,,,,,,,,,,,,,,,,,,,,,,,,,,,,US,No,No
https://www.kichler.com/product/55212NI,,,,,,55212NI,,,,55212NI,55212NI,55212NI Kichler Wall Light,-- Unbranded --,-- No Unilog Brand --,-- No DIB Brand --,Kichler Lighting (KICLI),Kichler Lighting LLC,KICHLER®,,55212NI,,,"KICHLER®, Luminaire, 55212NI",LUMINAIRE,"KICHLER®, 55212NI, Luminaire",KICHLER® Luminaire,"KICHLER®, Luminaire",,,,,,,,,,,,,,,,,,,,,,,,,,,Luminaire,Series,,,Model,,,Item Type,,,Voltage Rating,,,Amperage Rating,,,Dimensions,,,Mounting Type,,,Material,,,Color,,,Sound Level,,,Additional Information,,,,,,,,,,,,,,,,,,,,,,,,,,,,,,,,,,,,,,,,,,,,,,,,,,,,,,,,,,,,,,,,,,,,,,,,,,,,,,,,,,,,,,,,,,,,,,,,,,,,,,,,,,,,,,,,,,,,,,,,,,,,,,1,EA,,,,,,,,,,,,,,,,,,,,,,,,,,,,,,,,,,,,,US,No,No
https://www.kichler.com/product/55226BKLFU,,,,,,55226BKLFU,,,,55226BKLFU,55226BKLFU,55226BKFLU Kichler Wall Lt,-- Unbranded --,-- No Unilog Brand --,-- No DIB Brand --,Kichler Lighting (KICLI),Kichler Lighting LLC,KICHLER®,,55226BKLFU,,,"KICHLER®, Wall Light, 55226BKLFU",WALL LIGHT,"KICHLER®, 55226BKLFU, Wall Light",KICHLER® Wall Light,"KICHLER®, Wall Light",,,,,,,,,,,,,,,,,,,,,,,,,,,Wall Light,Series,,,Model,,,Item Type,,,Voltage Rating,,,Amperage Rating,,,Dimensions,,,Mounting Type,,,Material,,,Color,,,Sound Level,,,Additional Information,,,,,,,,,,,,,,,,,,,,,,,,,,,,,,,,,,,,,,,,,,,,,,,,,,,,,,,,,,,,,,,,,,,,,,,,,,,,,,,,,,,,,,,,,,,,,,,,,,,,,,,,,,,,,,,,,,,,,,,,,,,,,,1,EA,,,,,,,,,,,,,,,,,,,,,,,,,,,,,,,,,,,,,US,No,No
https://www.kichler.com/product/55239CPZLED,,,,,,55239CPZLED,,,,55239CPZLED,55239CPZLED,55239CPZLED Kichler Wall Lt,-- Unbranded --,-- No Unilog Brand --,-- No DIB Brand --,Kichler Lighting (KICLI),Kichler Lighting LLC,KICHLER®,,55239CPZLED,,,"KICHLER®, Luminaire, 55239CPZLED",LUMINAIRE,"KICHLER®, 55239CPZLED, Luminaire",KICHLER® Luminaire,"KICHLER®, Luminaire",,,,,,,,,,,,,,,,,,,,,,,,,,,Luminaire,Series,,,Model,,,Item Type,,,Voltage Rating,,,Amperage Rating,,,Dimensions,,,Mounting Type,,,Material,,,Color,,,Sound Level,,,Additional Information,,,,,,,,,,,,,,,Manufacturer Part Number,55239CPZLED,,Supplier / Manufacturer,KICHLER®,,Catalog Category,General Commercial,,,,,,,,,,,,,,,,,,,,,,,,,,,,,,,,,,,,,,,,,,,,,,,,,,,,,,,,,,,,,,,,,,,,,,,,,,,,,,,,,,,,,,,,,,,,,,,,,,,,,,,,1,EA,,,,,,,,,,,,,,,,,,,,,,,,,,,,,,,,,,,,,US,No,No
https://www.kichler.com/product/44072DBK,,,,,,44072DBK,,,,44072DBK,44072DBK,44072DBK Kichler Chandelier Lt,-- Unbranded --,-- No Unilog Brand --,-- No DIB Brand --,Kichler Lighting (KICLI),Kichler Lighting LLC,KICHLER®,,44072DBK,,,"KICHLER®, Luminaire, 44072DBK",LUMINAIRE,"KICHLER®, 44072DBK, Luminaire",KICHLER® Luminaire,"KICHLER®, Luminaire",,,,,,,,,,,,,,,,,,,,,,,,,,,Luminaire,Series,,,Model,,,Item Type,,,Voltage Rating,,,Amperage Rating,,,Dimensions,,,Mounting Type,,,Material,,,Color,,,Sound Level,,,Additional Information,,,,,,,,,,,,,,,,,,,,,,,,,,,,,,,,,,,,,,,,,,,,,,,,,,,,,,,,,,,,,,,,,,,,,,,,,,,,,,,,,,,,,,,,,,,,,,,,,,,,,,,,,,,,,,,,,,,,,,,,,,,,,,1,EA,,,,,,,,,,,,,,,,,,,,,,,,,,,,,,,,,,,,,US,No,No
https://www.kichler.com/product/44073NI,,,,,,44073NI,,,,44073NI,44073NI,44073NI Kichler Chandelier Lt,-- Unbranded --,-- No Unilog Brand --,-- No DIB Brand --,Kichler Lighting (KICLI),Kichler Lighting LLC,KICHLER®,,44073NI,,,"KICHLER®, Luminaire, 44073NI",LUMINAIRE,"KICHLER®, 44073NI, Luminaire",KICHLER® Luminaire,"KICHLER®, Luminaire",,,,,,,,,,,,,,,,,,,,,,,,,,,Luminaire,Series,,,Model,,,Item Type,,,Voltage Rating,,,Amperage Rating,,,Dimensions,,,Mounting Type,,,Material,,,Color,,,Sound Level,,,Additional Information,,,,,,,,,,,,,,,,,,,,,,,,,,,,,,,,,,,,,,,,,,,,,,,,,,,,,,,,,,,,,,,,,,,,,,,,,,,,,,,,,,,,,,,,,,,,,,,,,,,,,,,,,,,,,,,,,,,,,,,,,,,,,,1,EA,,,,,,,,,,,,,,,,,,,,,,,,,,,,,,,,,,,,,US,No,No
https://www.kichler.com/product/52033BK,,,,,,52033BK,,,,52033BK,52033BK,52033BK Kichler Chandelier Lt,-- Unbranded --,-- No Unilog Brand --,-- No DIB Brand --,Kichler Lighting (KICLI),Kichler Lighting LLC,KICHLER®,,52033BK,,,"KICHLER®, Luminaire, 52033BK",LUMINAIRE,"KICHLER®, 52033BK, Luminaire",KICHLER® Luminaire,"KICHLER®, Luminaire",,,,,,,,,,,,,,,,,,,,,,,,,,,Luminaire,Series,,,Model,,,Item Type,,,Voltage Rating,,,Amperage Rating,,,Dimensions,,,Mounting Type,,,Material,,,Color,,,Sound Level,,,Additional Information,,,,,,,,,,,,,,,,,,,,,,,,,,,,,,,,,,,,,,,,,,,,,,,,,,,,,,,,,,,,,,,,,,,,,,,,,,,,,,,,,,,,,,,,,,,,,,,,,,,,,,,,,,,,,,,,,,,,,,,,,,,,,,1,EA,,,,,,,,,,,,,,,,,,,,,,,,,,,,,,,,,,,,,US,No,No
https://www.kichler.com/product/84322WH,,,,,,84322WH,,,,84322WH,84322WH,84322WH Kichler Chandelier Lt,-- Unbranded --,-- No Unilog Brand --,-- No DIB Brand --,Kichler Lighting (KICLI),Kichler Lighting LLC,KICHLER®,,84322WH,,,"KICHLER®, Luminaire, 84322WH",LUMINAIRE,"KICHLER®, 84322WH, Luminaire",KICHLER® Luminaire,"KICHLER®, Luminaire",,,,,,,,,,,,,,,,,,,,,,,,,,,Luminaire,Series,,,Model,,,Item Type,,,Voltage Rating,,,Amperage Rating,,,Dimensions,,,Mounting Type,,,Material,,,Color,,,Sound Level,,,Additional Information,,,,,,,,,,,,,,,,,,,,,,,,,,,,,,,,,,,,,,,,,,,,,,,,,,,,,,,,,,,,,,,,,,,,,,,,,,,,,,,,,,,,,,,,,,,,,,,,,,,,,,,,,,,,,,,,,,,,,,,,,,,,,,1,EA,,,,,,,,,,,,,,,,,,,,,,,,,,,,,,,,,,,,,US,No,No
https://www.kichler.com/product/52404BK,,,,,,52404BK,,,,52404BK,52404BK,52404BK Kichler Chandelier Lt,-- Unbranded --,-- No Unilog Brand --,-- No DIB Brand --,Kichler Lighting (KICLI),Kichler Lighting LLC,KICHLER®,,52404BK,,,"KICHLER®, Luminaire, 52404BK",LUMINAIRE,"KICHLER®, 52404BK, Luminaire",KICHLER® Luminaire,"KICHLER®, Luminaire",,,,,,,,,,,,,,,,,,,,,,,,,,,Luminaire,Series,,,Model,,,Item Type,,,Voltage Rating,,,Amperage Rating,,,Dimensions,,,Mounting Type,,,Material,,,Color,,,Sound Level,,,Additional Information,,,,,,,,,,,,,,,,,,,,,,,,,,,,,,,,,,,,,,,,,,,,,,,,,,,,,,,,,,,,,,,,,,,,,,,,,,,,,,,,,,,,,,,,,,,,,,,,,,,,,,,,,,,,,,,,,,,,,,,,,,,,,,1,EA,,,,,,,,,,,,,,,,,,,,,,,,,,,,,,,,,,,,,US,No,No
https://www.kichler.com/product/34686A,,,,,,34686A,,,,34686A,34686A,34686A Kichler Chandelier Lt,-- Unbranded --,-- No Unilog Brand --,-- No DIB Brand --,Kichler Lighting (KICLI),Kichler Lighting LLC,KICHLER®,,34686A,,,"KICHLER®, Luminaire, 34686A",LUMINAIRE,"KICHLER®, 34686A, Luminaire","KICHLER® Luminaire, 34686 A","KICHLER®, Luminaire",,,,,,,,,,,,,,,,,,,,,,,,,,,Luminaire,Series,,,Model,,,Item Type,,,Voltage Rating,,,Amperage Rating,34686,A,Dimensions,,,Mounting Type,,,Material,,,Color,,,Sound Level,,,Additional Information,,,,,,,,,,,,,,,,,,,,,,,,,,,,,,,,,,,,,,,,,,,,,,,,,,,,,,,,,,,,,,,,,,,,,,,,,,,,,,,,,,,,,,,,,,,,,,,,,,,,,,,,,,,,,,,,,,,,,,,,,,,,,,1,EA,,,,,,,,,,,,,,,,,,,,,,,,,,,,,,,,,,,,,US,No,No
https://www.kichler.com/product/34687A,,,,,,34687A,,,,34687A,34687A,34687A Kichler Chandelier Lt,-- Unbranded --,-- No Unilog Brand --,-- No DIB Brand --,Kichler Lighting (KICLI),Kichler Lighting LLC,KICHLER®,,34687A,,,"KICHLER®, Luminaire, 34687A",LUMINAIRE,"KICHLER®, 34687A, Luminaire","KICHLER® Luminaire, 34687 A","KICHLER®, Luminaire",,,,,,,,,,,,,,,,,,,,,,,,,,,Luminaire,Series,,,Model,,,Item Type,,,Voltage Rating,,,Amperage Rating,34687,A,Dimensions,,,Mounting Type,,,Material,,,Color,,,Sound Level,,,Additional Information,,,,,,,,,,,,,,,,,,,,,,,,,,,,,,,,,,,,,,,,,,,,,,,,,,,,,,,,,,,,,,,,,,,,,,,,,,,,,,,,,,,,,,,,,,,,,,,,,,,,,,,,,,,,,,,,,,,,,,,,,,,,,,1,EA,,,,,,,,,,,,,,,,,,,,,,,,,,,,,,,,,,,,,US,No,No
https://www.kichler.com/product/34688A,,,,,,34688A,,,,34688A,34688A,34688A Kichler Chandelier Lt,-- Unbranded --,-- No Unilog Brand --,-- No DIB Brand --,-,Kichler Lighting LLC,KICHLER®,,34688A,,,"KICHLER®, Luminaire, 34688A",LUMINAIRE,"KICHLER®, 34688A, Luminaire","KICHLER® Luminaire, 34688 A","KICHLER®, Luminaire",,,,,,,,,,,,,,,,,,,,,,,,,,,Luminaire,Series,,,Model,,,Item Type,,,Voltage Rating,,,Amperage Rating,34688,A,Dimensions,,,Mounting Type,,,Material,,,Color,,,Sound Level,,,Additional Information,,,,,,,,,,,,,,,,,,,,,,,,,,,,,,,,,,,,,,,,,,,,,,,,,,,,,,,,,,,,,,,,,,,,,,,,,,,,,,,,,,,,,,,,,,,,,,,,,,,,,,,,,,,,,,,,,,,,,,,,,,,,,,1,EA,,,,,,,,,,,,,,,,,,,,,,,,,,,,,,,,,,,,,US,No,No
https://www.kichler.com/product/43671BKCLR,,,,,,43671BKCLR,,,,43671BKCLR,43671BKCLR,43671BKCLR Kichler Chand Lt,-- Unbranded --,-- No Unilog Brand --,-- No DIB Brand --,Kichler Lighting (KICLI),Kichler Lighting LLC,KICHLER®,,43671BKCLR,,,"KICHLER®, Luminaire, 43671BKCLR",LUMINAIRE,"KICHLER®, 43671BKCLR, Luminaire",KICHLER® Luminaire,"KICHLER®, Luminaire",,,,,,,,,,,,,,,,,,,,,,,,,,,Luminaire,Series,,,Model,,,Item Type,,,Voltage Rating,,,Amperage Rating,,,Dimensions,,,Mounting Type,,,Material,,,Color,,,Sound Level,,,Additional Information,,,,,,,,,,,,,,,Manufacturer,KICHLER®,,Catalog Category,General Commercial,,,,,,,,,,,,,,,,,,,,,,,,,,,,,,,,,,,,,,,,,,,,,,,,,,,,,,,,,,,,,,,,,,,,,,,,,,,,,,,,,,,,,,,,,,,,,,,,,,,,,,,,,,,1,EA,,,,,,,,,,,,,,,,,,,,,,,,,,,,,,,,,,,,,US,No,No
https://www.kichler.com/product/52616BK,,,,,,52616BK,,,,52616BK,52616BK,52616BK Kichler Chandelier Lt,-- Unbranded --,-- No Unilog Brand --,-- No DIB Brand --,Kichler Lighting (KICLI),Kichler Lighting LLC,KICHLER®,,52616BK,,,"KICHLER®, Luminaire, 52616BK",LUMINAIRE,"KICHLER®, 52616BK, Luminaire",KICHLER® Luminaire,"KICHLER®, Luminaire",,,,,,,,,,,,,,,,,,,,,,,,,,,Luminaire,Series,,,Model,,,Item Type,,,Voltage Rating,,,Amperage Rating,,,Dimensions,,,Mounting Type,,,Material,,,Color,,,Sound Level,,,Additional Information,,,,,,,,,,,,,,,,,,,,,,,,,,,,,,,,,,,,,,,,,,,,,,,,,,,,,,,,,,,,,,,,,,,,,,,,,,,,,,,,,,,,,,,,,,,,,,,,,,,,,,,,,,,,,,,,,,,,,,,,,,,,,,1,EA,,,,,,,,,,,,,,,,,,,,,,,,,,,,,,,,,,,,,US,No,No
https://www.kichler.com/product/52616NI,,,,,,52616NI,,,,52616NI,52616NI,52616NI Kichler Chandelier Lt,-- Unbranded --,-- No Unilog Brand --,-- No DIB Brand --,Kichler Lighting (KICLI),Kichler Lighting LLC,KICHLER®,,52616NI,,,"KICHLER®, Luminaire, 52616NI",LUMINAIRE,"KICHLER®, 52616NI, Luminaire",KICHLER® Luminaire,"KICHLER®, Luminaire",,,,,,,,,,,,,,,,,,,,,,,,,,,Luminaire,Series,,,Model,,,Item Type,,,Voltage Rating,,,Amperage Rating,,,Dimensions,,,Mounting Type,,,Material,,,Color,,,Sound Level,,,Additional Information,,,,,,,,,,,,,,,,,,,,,,,,,,,,,,,,,,,,,,,,,,,,,,,,,,,,,,,,,,,,,,,,,,,,,,,,,,,,,,,,,,,,,,,,,,,,,,,,,,,,,,,,,,,,,,,,,,,,,,,,,,,,,,1,EA,,,,,,,,,,,,,,,,,,,,,,,,,,,,,,,,,,,,,US,No,No
https://www.kichler.com/product/52678BK,,,,,,52678BK,,,,52678BK,52678BK,52678BK Kichler Chandelier Lt,-- Unbranded --,-- No Unilog Brand --,-- No DIB Brand --,Kichler Lighting (KICLI),Kichler Lighting LLC,KICHLER®,,52678BK,,,"KICHLER®, Luminaire, 52678BK",LUMINAIRE,"KICHLER®, 52678BK, Luminaire",KICHLER® Luminaire,"KICHLER®, Luminaire",,,,,,,,,,,,,,,,,,,,,,,,,,,Luminaire,Series,,,Model,,,Item Type,,,Voltage Rating,,,Amperage Rating,,,Dimensions,,,Mounting Type,,,Material,,,Color,,,Sound Level,,,Additional Information,,,,,,,,,,,,,,,,,,,,,,,,,,,,,,,,,,,,,,,,,,,,,,,,,,,,,,,,,,,,,,,,,,,,,,,,,,,,,,,,,,,,,,,,,,,,,,,,,,,,,,,,,,,,,,,,,,,,,,,,,,,,,,1,EA,,,,,,,,,,,,,,,,,,,,,,,,,,,,,,,,,,,,,US,No,No
https://www.kichler.com/product/52680CPZ,,,,,,52680CPZ,,,,52680CPZ,52680CPZ,52680CPZ Kichler Chandelier Lt,-- Unbranded --,-- No Unilog Brand --,-- No DIB Brand --,Kichler Lighting (KICLI),Kichler Lighting LLC,KICHLER®,,52680CPZ,,,"KICHLER®, Luminaire, 52680CPZ",LUMINAIRE,"KICHLER®, 52680CPZ, Luminaire",KICHLER® Luminaire,"KICHLER®, Luminaire",,,,,,,,,,,,,,,,,,,,,,,,,,,Luminaire,Series,,,Model,,,Item Type,,,Voltage Rating,,,Amperage Rating,,,Dimensions,,,Mounting Type,,,Material,,,Color,,,Sound Level,,,Additional Information,,,,,,,,,,,,,,,,,,,,,,,,,,,,,,,,,,,,,,,,,,,,,,,,,,,,,,,,,,,,,,,,,,,,,,,,,,,,,,,,,,,,,,,,,,,,,,,,,,,,,,,,,,,,,,,,,,,,,,,,,,,,,,1,EA,,,,,,,,,,,,,,,,,,,,,,,,,,,,,,,,,,,,,US,No,No
https://www.kichler.com/product/52772BK,,,,,,52772BK,,,,52772BK,52772BK,52772BK Kichler Chandelier Lt,-- Unbranded --,-- No Unilog Brand --,-- No DIB Brand --,Kichler Lighting (KICLI),Kichler Lighting LLC,KICHLER®,,52772BK,,,"KICHLER®, Luminaire, 52772BK",LUMINAIRE,"KICHLER®, 52772BK, Luminaire",KICHLER® Luminaire,"KICHLER®, Luminaire",,,,,,,,,,,,,,,,,,,,,,,,,,,Luminaire,Series,,,Model,,,Item Type,,,Voltage Rating,,,Amperage Rating,,,Dimensions,,,Mounting Type,,,Material,,,Color,,,Sound Level,,,Additional Information,,,,,,,,,,,,,,,,,,,,,,,,,,,,,,,,,,,,,,,,,,,,,,,,,,,,,,,,,,,,,,,,,,,,,,,,,,,,,,,,,,,,,,,,,,,,,,,,,,,,,,,,,,,,,,,,,,,,,,,,,,,,,,1,EA,,,,,,,,,,,,,,,,,,,,,,,,,,,,,,,,,,,,,US,No,No
https://www.kichler.com/product/82399,,,,,,82399,,,,82399,82399,82399 Kichler Chandelier Lt,-- Unbranded --,-- No Unilog Brand --,-- No DIB Brand --,Kichler Lighting (KICLI),Kichler Lighting LLC,KICHLER®,,82399,,,"KICHLER®, Luminaire, 82399",LUMINAIRE,"KICHLER®, 82399, Luminaire",KICHLER® Luminaire,"KICHLER®, Luminaire",,,,,,,,,,,,,,,,,,,,,,,,,,,Luminaire,Series,,,Model,,,Item Type,,,Voltage Rating,,,Amperage Rating,,,Dimensions,,,Mounting Type,,,Material,,,Color,,,Sound Level,,,Additional Information,,,,,,,,,,,,,,,,,,,,,,,,,,,,,,,,,,,,,,,,,,,,,,,,,,,,,,,,,,,,,,,,,,,,,,,,,,,,,,,,,,,,,,,,,,,,,,,,,,,,,,,,,,,,,,,,,,,,,,,,,,,,,,1,EA,,,,,,,,,,,,,,,,,,,,,,,,,,,,,,,,,,,,,US,No,No
https://www.satco.com/product/65-771R3,,,,,,65-771R3,,,,65-771R3,65-771R3,65-771R3 Nuvo Highbay Light,-- Unbranded --,-- No Unilog Brand --,-- No DIB Brand --,Satco Prod Inc (5573),Satco Products Inc,SATCO®,,65-771R3,,,"SATCO®, Luminaire, 65-771R3",LUMINAIRE,"SATCO®, 65-771R3, Luminaire",SATCO® Luminaire,"SATCO®, Luminaire",,,,,,,,,,,,,,,,,,,,,,,,,,,Luminaire,Series,,,Model,,,Item Type,,,Voltage Rating,,,Amperage Rating,,,Dimensions,,,Mounting Type,,,Material,,,Color,,,Sound Level,,,Additional Information,,,,,,,,,,,,,,,,,,,,,,,,,,,,,,,,,,,,,,,,,,,,,,,,,,,,,,,,,,,,,,,,,,,,,,,,,,,,,,,,,,,,,,,,,,,,,,,,,,,,,,,,,,,,,,,,,,,,,,,,,,,,,,1,EA,,,,,,,,,,,,,,,,,,,,,,,,,,,,,,,,,,,,,US,No,No
https://www.kichler.com/product/42955BK,,,,,,42955BK,,,,42955BK,42955BK,42955BK Kichler Ceiling Lt,-- Unbranded --,-- No Unilog Brand --,-- No DIB Brand --,Kichler Lighting (KICLI),Kichler Lighting LLC,KICHLER®,,42955BK,,,"KICHLER®, Luminaire, 42955BK",LUMINAIRE,"KICHLER®, 42955BK, Luminaire",KICHLER® Luminaire,"KICHLER®, Luminaire",,,,,,,,,,,,,,,,,,,,,,,,,,,Luminaire,Series,,,Model,,,Item Type,,,Voltage Rating,,,Amperage Rating,,,Dimensions,,,Mounting Type,,,Material,,,Color,,,Sound Level,,,Additional Information,,,,,,,,,,,,,,,,,,,,,,,,,,,,,,,,,,,,,,,,,,,,,,,,,,,,,,,,,,,,,,,,,,,,,,,,,,,,,,,,,,,,,,,,,,,,,,,,,,,,,,,,,,,,,,,,,,,,,,,,,,,,,,1,EA,,,,,,,,,,,,,,,,,,,,,,,,,,,,,,,,,,,,,US,No,No
https://www.kichler.com/product/42275BK,,,,,,42275BK,,,,42275BK,42275BK,42275BK Kichler Ceiling Lt,-- Unbranded --,-- No Unilog Brand --,-- No DIB Brand --,Kichler Lighting (KICLI),Kichler Lighting LLC,KICHLER®,,42275BK,,,"KICHLER®, Luminaire, 42275BK",LUMINAIRE,"KICHLER®, 42275BK, Luminaire",KICHLER® Luminaire,"KICHLER®, Luminaire",,,,,,,,,,,,,,,,,,,,,,,,,,,Luminaire,Series,,,Model,,,Item Type,,,Voltage Rating,,,Amperage Rating,,,Dimensions,,,Mounting Type,,,Material,,,Color,,,Sound Level,,,Additional Information,,,,,,,,,,,,,,,,,,,,,,,,,,,,,,,,,,,,,,,,,,,,,,,,,,,,,,,,,,,,,,,,,,,,,,,,,,,,,,,,,,,,,,,,,,,,,,,,,,,,,,,,,,,,,,,,,,,,,,,,,,,,,,1,EA,,,,,,,,,,,,,,,,,,,,,,,,,,,,,,,,,,,,,US,No,No
https://www.satco.com/product/62-1850,,,,,,62-1850,,,,62-1850,62-1850,"62-1850 11"" Led Ceiling Light",-- Unbranded --,-- No Unilog Brand --,-- No DIB Brand --,Satco Prod Inc (5573),Satco Products Inc,SATCO®,,62-1850,,,"SATCO®, Luminaire, 62-1850, Ceiling Mounting",LUMINAIRE CEILING 120 V 11 IN,"SATCO®, 62-1850, Luminaire, Ceiling Mounting","SATCO® Luminaire, 120 V, Ceiling Mounting, 11 in","SATCO®, Luminaire, Ceiling Mounting",,,,,,,,,,,,,,,,,,,,,,,,,,,Luminaire,Series,,,Model,,,Item Type,,,Voltage Rating,120,V,Amperage Rating,,,Dimensions,11,in,Mounting Type,Ceiling,,Material,,,Color,,,Sound Level,,,Additional Information,,,,,,,,,,,,,,,,,,,,,,,,,,,,,,,,,,,,,,,,,,,,,,,,,,,,,,,,,,,,,,,,,,,,,,,,,,,,,,,,,,,,,,,,,,,,,,,,,,,,,,,,,,,,,,,,,,,,,,,,,,,,,,1,EA,,,,,,,,,,,,,,,,,,,,,,,,,,,,,,,,,,,,,US,No,No
https://www.satco.com/product/62-1852,,,,,,62-1852,,,,62-1852,62-1852,"62-1852 14"" Satco Led Ceiling Lt",-- Unbranded --,-- No Unilog Brand --,-- No DIB Brand --,Satco Prod Inc (5573),Satco Products Inc,SATCO®,,62-1852,,,"SATCO®, Light Bulb, 62-1852",LIGHT BULB 14 IN,"SATCO®, 62-1852, Light Bulb","SATCO® Light Bulb, 14 in","SATCO®, Light Bulb",,,,,,,,,,,,,,,,,,,,,,,,,,,Light Bulb,Series,,,Model,,,Item Type,,,Voltage Rating,,,Amperage Rating,,,Dimensions,14,in,Mounting Type,,,Material,,,Color,,,Sound Level,,,Additional Information,,,,,,,,,,,,,,,,,,,,,,,,,,,,,,,,,,,,,,,,,,,,,,,,,,,,,,,,,,,,,,,,,,,,,,,,,,,,,,,,,,,,,,,,,,,,,,,,,,,,,,,,,,,,,,,,,,,,,,,,,,,,,,1,EA,,,,,,,,,,,,,,,,,,,,,,,,,,,,,,,,,,,,,US,No,No
https://www.satco.com/product/62-1875,,,,,,62-1875,,,,62-1875,62-1875,"62-1875 10"" Led Ceiling Lt Bn",-- Unbranded --,-- No Unilog Brand --,-- No DIB Brand --,Satco Prod Inc (5573),Satco Products Inc,SATCO®,,62-1875,,,"SATCO®, Light Bulb, 62-1875",LIGHT BULB 120 V 10 IN,"SATCO®, 62-1875, Light Bulb","SATCO® Light Bulb, 120 V, 10 in","SATCO®, Light Bulb",,,,,,,,,,,,,,,,,,,,,,,,,,,Light Bulb,Series,,,Model,,,Item Type,,,Voltage Rating,120,V,Amperage Rating,,,Dimensions,10,in,Mounting Type,,,Material,,,Color,,,Sound Level,,,Additional Information,,,,,,,,,,,,,,,,,,,,,,,,,,,,,,,,,,,,,,,,,,,,,,,,,,,,,,,,,,,,,,,,,,,,,,,,,,,,,,,,,,,,,,,,,,,,,,,,,,,,,,,,,,,,,,,,,,,,,,,,,,,,,,1,EA,,,,,,,,,,,,,,,,,,,,,,,,,,,,,,,,,,,,,US,No,No
https://www.satco.com/product/62-1876,,,,,,62-1876,,,,62-1876,62-1876,"62-1876 13"" Satco Ceiling Light BN",-- Unbranded --,-- No Unilog Brand --,-- No DIB Brand --,Satco Prod Inc (5573),Satco Products Inc,SATCO®,,62-1876,,,"SATCO®, Luminaire, 62-1876",LUMINAIRE,"SATCO®, 62-1876, Luminaire",SATCO® Luminaire,"SATCO®, Luminaire",,,,,,,,,,,,,,,,,,,,,,,,,,,Luminaire,Series,,,Model,,,Item Type,,,Voltage Rating,,,Amperage Rating,,,Dimensions,,,Mounting Type,,,Material,,,Color,,,Sound Level,,,Additional Information,,,,,,,,,,,,,,,,,,,,,,,,,,,,,,,,,,,,,,,,,,,,,,,,,,,,,,,,,,,,,,,,,,,,,,,,,,,,,,,,,,,,,,,,,,,,,,,,,,,,,,,,,,,,,,,,,,,,,,,,,,,,,,1,EA,,,,,,,,,,,,,,,,,,,,,,,,,,,,,,,,,,,,,US,No,No
https://www.kichler.com/product/42296BK,,,,,,42296BK,,,,42296BK,42296BK,42296BK Kichler Ceiling Lt,-- Unbranded --,-- No Unilog Brand --,-- No DIB Brand --,Kichler Lighting (KICLI),Kichler Lighting LLC,KICHLER®,,42296BK,,,"KICHLER®, Luminaire, 42296BK",LUMINAIRE,"KICHLER®, 42296BK, Luminaire",KICHLER® Luminaire,"KICHLER®, Luminaire",,,,,,,,,,,,,,,,,,,,,,,,,,,Luminaire,Series,,,Model,,,Item Type,,,Voltage Rating,,,Amperage Rating,,,Dimensions,,,Mounting Type,,,Material,,,Color,,,Sound Level,,,Additional Information,,,,,,,,,,,,,,,,,,,,,,,,,,,,,,,,,,,,,,,,,,,,,,,,,,,,,,,,,,,,,,,,,,,,,,,,,,,,,,,,,,,,,,,,,,,,,,,,,,,,,,,,,,,,,,,,,,,,,,,,,,,,,,1,EA,,,,,,,,,,,,,,,,,,,,,,,,,,,,,,,,,,,,,US,No,No
https://www.kichler.com/product/43913BK,,,,,,43913BK,,,,43913BK,43913BK,43913BK Kichler Pendant Lt,-- Unbranded --,-- No Unilog Brand --,-- No DIB Brand --,Kichler Lighting (KICLI),Kichler Lighting LLC,KICHLER®,,43913BK,,,"KICHLER®, Luminaire, 43913BK",LUMINAIRE,"KICHLER®, 43913BK, Luminaire",KICHLER® Luminaire,"KICHLER®, Luminaire",,,,,,,,,,,,,,,,,,,,,,,,,,,Luminaire,Series,,,Model,,,Item Type,,,Voltage Rating,,,Amperage Rating,,,Dimensions,,,Mounting Type,,,Material,,,Color,,,Sound Level,,,Additional Information,,,,,,,,,,,,,,,,,,,,,,,,,,,,,,,,,,,,,,,,,,,,,,,,,,,,,,,,,,,,,,,,,,,,,,,,,,,,,,,,,,,,,,,,,,,,,,,,,,,,,,,,,,,,,,,,,,,,,,,,,,,,,,1,EA,,,,,,,,,,,,,,,,,,,,,,,,,,,,,,,,,,,,,US,No,No
,,,,,,HLSMS9129FS1E,,,,HLSMS9129FS1E,HLSMS9129FS1E,"HLSMS9129FS1E 9"" Motion Lt",-- Unbranded --,-- No Unilog Brand --,-- No DIB Brand --,Cooper Lighting (7638),Cooper Lighting,Cooper Lighting,,HLSMS9129FS1E,,,"Cooper Lighting, Luminaire, HLSMS9129FS1E",LUMINAIRE,"Cooper Lighting, HLSMS9129FS1E, Luminaire",Cooper Lighting Luminaire,"Cooper Lighting, Luminaire",,,,,,,,,,,,,,,,,,,,,,,,,,,Luminaire,Series,,,Model,,,Item Type,,,Voltage Rating,,,Amperage Rating,,,Dimensions,,,Mounting Type,,,Material,,,Color,,,Sound Level,,,Additional Information,,,,,,,,,,,,,,,,,,,,,,,,,,,,,,,,,,,,,,,,,,,,,,,,,,,,,,,,,,,,,,,,,,,,,,,,,,,,,,,,,,,,,,,,,,,,,,,,,,,,,,,,,,,,,,,,,,,,,,,,,,,,,,1,EA,,,,,,,,,,,,,,,,,,,,,,,,,,,,,,,,,,,,,US,No,No
https://www.satco.com/product/64-110,,,,,,64-110,,,,64-110,64-110,64-110 Satco Tape Light 16',-- Unbranded --,-- No Unilog Brand --,-- No DIB Brand --,Satco Prod Inc (5573),Satco Products Inc,SATCO®,,64-110,,,"SATCO®, Light Bulb, 64-110",LIGHT BULB,"SATCO®, 64-110, Light Bulb",SATCO® Light Bulb,"SATCO®, Light Bulb",,,,,,,,,,,,,,,,,,,,,,,,,,,Light Bulb,Series,,,Model,,,Item Type,,,Voltage Rating,,,Amperage Rating,,,Dimensions,,,Mounting Type,,,Material,,,Color,,,Sound Level,,,Additional Information,,,,,,,,,,,,,,,,,,,,,,,,,,,,,,,,,,,,,,,,,,,,,,,,,,,,,,,,,,,,,,,,,,,,,,,,,,,,,,,,,,,,,,,,,,,,,,,,,,,,,,,,,,,,,,,,,,,,,,,,,,,,,,1,EA,,,,,,,,,,,,,,,,,,,,,,,,,,,,,,,,,,,,,US,No,No
https://www.lighting.philips.com/product/603571,,,,,,603571,,,,603571,603571,603571 3' Strip Light Ext,-- Unbranded --,-- No Unilog Brand --,-- No DIB Brand --,Phillips Lighting (5831),Signify N.V.,PHILIPS LIGHTING®,,603571,,,"PHILIPS LIGHTING®, Luminaire, 603571",LUMINAIRE,"PHILIPS LIGHTING®, 603571, Luminaire",PHILIPS LIGHTING® Luminaire,"PHILIPS LIGHTING®, Luminaire",,,,,,,,,,,,,,,,,,,,,,,,,,,Luminaire,Series,,,Model,,,Item Type,,,Voltage Rating,,,Amperage Rating,,,Dimensions,,,Mounting Type,,,Material,,,Color,,,Sound Level,,,Additional Information,,,,,,,,,,,,,,,,,,,,,,,,,,,,,,,,,,,,,,,,,,,,,,,,,,,,,,,,,,,,,,,,,,,,,,,,,,,,,,,,,,,,,,,,,,,,,,,,,,,,,,,,,,,,,,,,,,,,,,,,,,,,,,1,EA,,,,,,,,,,,,,,,,,,,,,,,,,,,,,,,,,,,,,US,No,No
https://www.satco.com/product/65-572R1,,,,,,65-572R1,,,,65-572R1,65-572R1,65572 Satco 2x4 Led Flat Panel,-- Unbranded --,-- No Unilog Brand --,-- No DIB Brand --,Satco Prod Inc (5573),Satco Products Inc,SATCO®,,65-572R1,,,"SATCO®, Luminaire, 65-572R1",LUMINAIRE,"SATCO®, 65-572R1, Luminaire",SATCO® Luminaire,"SATCO®, Luminaire",,,,,,,,,,,,,,,,,,,,,,,,,,,Luminaire,Series,,,Model,,,Item Type,,,Voltage Rating,,,Amperage Rating,,,Dimensions,,,Mounting Type,,,Material,,,Color,,,Sound Level,,,Additional Information,,,,,,,,,,,,,,,,,,,,,,,,,,,,,,,,,,,,,,,,,,,,,,,,,,,,,,,,,,,,,,,,,,,,,,,,,,,,,,,,,,,,,,,,,,,,,,,,,,,,,,,,,,,,,,,,,,,,,,,,,,,,,,1,EA,,,,,,,,,,,,,,,,,,,,,,,,,,,,,,,,,,,,,US,No,No
https://www.kichler.com/product/52476AVI,,,,,,52476AVI,,,,52476AVI,52476AVI,52476AVI Kichler Pendant Lt,-- Unbranded --,-- No Unilog Brand --,-- No DIB Brand --,Kichler Lighting (KICLI),Kichler Lighting LLC,KICHLER®,,52476AVI,,,"KICHLER®, Luminaire, 52476AVI",LUMINAIRE,"KICHLER®, 52476AVI, Luminaire",KICHLER® Luminaire,"KICHLER®, Luminaire",,,,,,,,,,,,,,,,,,,,,,,,,,,Luminaire,Series,,,Model,,,Item Type,,,Voltage Rating,,,Amperage Rating,,,Dimensions,,,Mounting Type,,,Material,,,Color,,,Sound Level,,,Additional Information,,,,,,,,,,,,,,,,,,,,,,,,,,,,,,,,,,,,,,,,,,,,,,,,,,,,,,,,,,,,,,,,,,,,,,,,,,,,,,,,,,,,,,,,,,,,,,,,,,,,,,,,,,,,,,,,,,,,,,,,,,,,,,1,EA,,,,,,,,,,,,,,,,,,,,,,,,,,,,,,,,,,,,,US,No,No
https://www.kichler.com/product/42199BK,,,,,,42199BK,,,,42199BK,42199BK,42199BK Kichler Pendant Lt,-- Unbranded --,-- No Unilog Brand --,-- No DIB Brand --,Kichler Lighting (KICLI),Kichler Lighting LLC,KICHLER®,,42199BK,,,"KICHLER®, Luminaire, 42199BK",LUMINAIRE,"KICHLER®, 42199BK, Luminaire",KICHLER® Luminaire,"KICHLER®, Luminaire",,,,,,,,,,,,,,,,,,,,,,,,,,,Luminaire,Series,,,Model,,,Item Type,,,Voltage Rating,,,Amperage Rating,,,Dimensions,,,Mounting Type,,,Material,,,Color,,,Sound Level,,,Additional Information,,,,,,,,,,,,,,,,,,,,,,,,,,,,,,,,,,,,,,,,,,,,,,,,,,,,,,,,,,,,,,,,,,,,,,,,,,,,,,,,,,,,,,,,,,,,,,,,,,,,,,,,,,,,,,,,,,,,,,,,,,,,,,1,EA,,,,,,,,,,,,,,,,,,,,,,,,,,,,,,,,,,,,,US,No,No
https://www.kichler.com/product/42199BKCS,,,,,,42199BKCS,,,,42199BKCS,42199BKCS,42199BKCS Kichler Pendant Lt,-- Unbranded --,-- No Unilog Brand --,-- No DIB Brand --,Kichler Lighting (KICLI),Kichler Lighting LLC,KICHLER®,,42199BKCS,,,"KICHLER®, Luminaire, 42199BKCS",LUMINAIRE,"KICHLER®, 42199BKCS, Luminaire",KICHLER® Luminaire,"KICHLER®, Luminaire",,,,,,,,,,,,,,,,,,,,,,,,,,,Luminaire,Series,,,Model,,,Item Type,,,Voltage Rating,,,Amperage Rating,,,Dimensions,,,Mounting Type,,,Material,,,Color,,,Sound Level,,,Additional Information,,,,,,,,,,,,,,,,,,,,,,,,,,,,,,,,,,,,,,,,,,,,,,,,,,,,,,,,,,,,,,,,,,,,,,,,,,,,,,,,,,,,,,,,,,,,,,,,,,,,,,,,,,,,,,,,,,,,,,,,,,,,,,1,EA,,,,,,,,,,,,,,,,,,,,,,,,,,,,,,,,,,,,,US,No,No
https://www.kichler.com/product/42200BK,,,,,,42200BK,,,,42200BK,42200BK,42200BK Kichler Pendant Lt,-- Unbranded --,-- No Unilog Brand --,-- No DIB Brand --,Kichler Lighting (KICLI),Kichler Lighting LLC,KICHLER®,,42200BK,,,"KICHLER®, Luminaire, 42200BK",LUMINAIRE,"KICHLER®, 42200BK, Luminaire",KICHLER® Luminaire,"KICHLER®, Luminaire",,,,,,,,,,,,,,,,,,,,,,,,,,,Luminaire,Series,,,Model,,,Item Type,,,Voltage Rating,,,Amperage Rating,,,Dimensions,,,Mounting Type,,,Material,,,Color,,,Sound Level,,,Additional Information,,,,,,,,,,,,,,,,,,,,,,,,,,,,,,,,,,,,,,,,,,,,,,,,,,,,,,,,,,,,,,,,,,,,,,,,,,,,,,,,,,,,,,,,,,,,,,,,,,,,,,,,,,,,,,,,,,,,,,,,,,,,,,1,EA,,,,,,,,,,,,,,,,,,,,,,,,,,,,,,,,,,,,,US,No,No
https://www.kichler.com/product/42200BKCS,,,,,,42200BKCS,,,,42200BKCS,42200BKCS,42200BKCS Kichler Pendant Lt,-- Unbranded --,-- No Unilog Brand --,-- No DIB Brand --,Kichler Lighting (KICLI),Kichler Lighting LLC,KICHLER®,,42200BKCS,,,"KICHLER®, Luminaire, 42200BKCS",LUMINAIRE,"KICHLER®, 42200BKCS, Luminaire",KICHLER® Luminaire,"KICHLER®, Luminaire",,,,,,,,,,,,,,,,,,,,,,,,,,,Luminaire,Series,,,Model,,,Item Type,,,Voltage Rating,,,Amperage Rating,,,Dimensions,,,Mounting Type,,,Material,,,Color,,,Sound Level,,,Additional Information,,,,,,,,,,,,,,,,,,,,,,,,,,,,,,,,,,,,,,,,,,,,,,,,,,,,,,,,,,,,,,,,,,,,,,,,,,,,,,,,,,,,,,,,,,,,,,,,,,,,,,,,,,,,,,,,,,,,,,,,,,,,,,1,EA,,,,,,,,,,,,,,,,,,,,,,,,,,,,,,,,,,,,,US,No,No
https://www.kichler.com/product/43851BK,,,,,,43851BK,,,,43851BK,43851BK,43851BK Kichler Pendant Lt,-- Unbranded --,-- No Unilog Brand --,-- No DIB Brand --,Kichler Lighting (KICLI),Kichler Lighting LLC,KICHLER®,,43851BK,,,"KICHLER®, Luminaire, 43851BK",LUMINAIRE,"KICHLER®, 43851BK, Luminaire",KICHLER® Luminaire,"KICHLER®, Luminaire",,,,,,,,,,,,,,,,,,,,,,,,,,,Luminaire,Series,,,Model,,,Item Type,,,Voltage Rating,,,Amperage Rating,,,Dimensions,,,Mounting Type,,,Material,,,Color,,,Sound Level,,,Additional Information,,,,,,,,,,,,,,,,,,,,,,,,,,,,,,,,,,,,,,,,,,,,,,,,,,,,,,,,,,,,,,,,,,,,,,,,,,,,,,,,,,,,,,,,,,,,,,,,,,,,,,,,,,,,,,,,,,,,,,,,,,,,,,1,EA,,,,,,,,,,,,,,,,,,,,,,,,,,,,,,,,,,,,,US,No,No
https://www.kichler.com/product/43852BK,,,,,,43852BK,,,,43852BK,43852BK,43852BK Kichler Pendant Lt,-- Unbranded --,-- No Unilog Brand --,-- No DIB Brand --,Kichler Lighting (KICLI),Kichler Lighting LLC,KICHLER®,,43852BK,,,"KICHLER®, Luminaire, 43852BK",LUMINAIRE,"KICHLER®, 43852BK, Luminaire",KICHLER® Luminaire,"KICHLER®, Luminaire",,,,,,,,,,,,,,,,,,,,,,,,,,,Luminaire,Series,,,Model,,,Item Type,,,Voltage Rating,,,Amperage Rating,,,Dimensions,,,Mounting Type,,,Material,,,Color,,,Sound Level,,,Additional Information,,,,,,,,,,,,,,,,,,,,,,,,,,,,,,,,,,,,,,,,,,,,,,,,,,,,,,,,,,,,,,,,,,,,,,,,,,,,,,,,,,,,,,,,,,,,,,,,,,,,,,,,,,,,,,,,,,,,,,,,,,,,,,1,EA,,,,,,,,,,,,,,,,,,,,,,,,,,,,,,,,,,,,,US,No,No
https://www.kichler.com/product/43853BK,,,,,,43853BK,,,,43853BK,43853BK,43853BK Kichler Pendant Lt,-- Unbranded --,-- No Unilog Brand --,-- No DIB Brand --,Kichler Lighting (KICLI),Kichler Lighting LLC,KICHLER®,,43853BK,,,"KICHLER®, Pendant Lt, 43853BK",PENDANT LT,"KICHLER®, 43853BK, Pendant Lt",KICHLER® Pendant Lt,"KICHLER®, Pendant Lt",,,,,,,,,,,,,,,,,,,,,,,,,,,Pendant Lt,Series,,,Model,,,Item Type,,,Voltage Rating,,,Amperage Rating,,,Dimensions,,,Mounting Type,,,Material,,,Color,,,Sound Level,,,Additional Information,,,,,,,,,,,,,,,,,,,,,,,,,,,,,,,,,,,,,,,,,,,,,,,,,,,,,,,,,,,,,,,,,,,,,,,,,,,,,,,,,,,,,,,,,,,,,,,,,,,,,,,,,,,,,,,,,,,,,,,,,,,,,,1,EA,,,,,,,,,,,,,,,,,,,,,,,,,,,,,,,,,,,,,US,No,No
https://www.kichler.com/product/43905BK,,,,,,43905BK,,,,43905BK,43905BK,43905BK Kichler Pendant Lt,-- Unbranded --,-- No Unilog Brand --,-- No DIB Brand --,Kichler Lighting (KICLI),Kichler Lighting LLC,KICHLER®,,43905BK,,,"KICHLER®, Luminaire, 43905BK",LUMINAIRE,"KICHLER®, 43905BK, Luminaire",KICHLER® Luminaire,"KICHLER®, Luminaire",,,,,,,,,,,,,,,,,,,,,,,,,,,Luminaire,Series,,,Model,,,Item Type,,,Voltage Rating,,,Amperage Rating,,,Dimensions,,,Mounting Type,,,Material,,,Color,,,Sound Level,,,Additional Information,,,,,,,,,,,,,,,,,,,,,,,,,,,,,,,,,,,,,,,,,,,,,,,,,,,,,,,,,,,,,,,,,,,,,,,,,,,,,,,,,,,,,,,,,,,,,,,,,,,,,,,,,,,,,,,,,,,,,,,,,,,,,,1,EA,,,,,,,,,,,,,,,,,,,,,,,,,,,,,,,,,,,,,US,No,No
https://www.kichler.com/product/43911BK,,,,,,43911BK,,,,43911BK,43911BK,43911BK Kichler Pendant Lt,-- Unbranded --,-- No Unilog Brand --,-- No DIB Brand --,Kichler Lighting (KICLI),Kichler Lighting LLC,KICHLER®,,43911BK,,,"KICHLER®, Luminaire, 43911BK",LUMINAIRE,"KICHLER®, 43911BK, Luminaire",KICHLER® Luminaire,"KICHLER®, Luminaire",,,,,,,,,,,,,,,,,,,,,,,,,,,Luminaire,Series,,,Model,,,Item Type,,,Voltage Rating,,,Amperage Rating,,,Dimensions,,,Mounting Type,,,Material,,,Color,,,Sound Level,,,Additional Information,,,,,,,,,,,,,,,,,,,,,,,,,,,,,,,,,,,,,,,,,,,,,,,,,,,,,,,,,,,,,,,,,,,,,,,,,,,,,,,,,,,,,,,,,,,,,,,,,,,,,,,,,,,,,,,,,,,,,,,,,,,,,,1,EA,,,,,,,,,,,,,,,,,,,,,,,,,,,,,,,,,,,,,US,No,No
https://www.kichler.com/product/52529BK,,,,,,52529BK,,,,52529BK,52529BK,52529BK Kichler Pendant Light,-- Unbranded --,-- No Unilog Brand --,-- No DIB Brand --,Kichler Lighting (KICLI),Kichler Lighting LLC,KICHLER®,,52529BK,,,"KICHLER®, Luminaire, 52529BK",LUMINAIRE,"KICHLER®, 52529BK, Luminaire",KICHLER® Luminaire,"KICHLER®, Luminaire",,,,,,,,,,,,,,,,,,,,,,,,,,,Luminaire,Series,,,Model,,,Item Type,,,Voltage Rating,,,Amperage Rating,,,Dimensions,,,Mounting Type,,,Material,,,Color,,,Sound Level,,,Additional Information,,,,,,,,,,,,,,,,,,,,,,,,,,,,,,,,,,,,,,,,,,,,,,,,,,,,,,,,,,,,,,,,,,,,,,,,,,,,,,,,,,,,,,,,,,,,,,,,,,,,,,,,,,,,,,,,,,,,,,,,,,,,,,1,EA,,,,,,,,,,,,,,,,,,,,,,,,,,,,,,,,,,,,,US,No,No
https://www.kichler.com/product/52662BKCLR,,,,,,52662BKCLR,,,,52662BKCLR,52662BKCLR,52662BKCLR Kichler Pendant Lt,-- Unbranded --,-- No Unilog Brand --,-- No DIB Brand --,Kichler Lighting (KICLI),Kichler Lighting LLC,KICHLER®,,52662BKCLR,,,"KICHLER®, Luminaire, 52662BKCLR",LUMINAIRE,"KICHLER®, 52662BKCLR, Luminaire",KICHLER® Luminaire,"KICHLER®, Luminaire",,,,,,,,,,,,,,,,,,,,,,,,,,,Luminaire,Series,,,Model,,,Item Type,,,Voltage Rating,,,Amperage Rating,,,Dimensions,,,Mounting Type,,,Material,,,Color,,,Sound Level,,,Additional Information,,,,,,,,,,,,,,,,,,,,,,,,,,,,,,,,,,,,,,,,,,,,,,,,,,,,,,,,,,,,,,,,,,,,,,,,,,,,,,,,,,,,,,,,,,,,,,,,,,,,,,,,,,,,,,,,,,,,,,,,,,,,,,1,EA,,,,,,,,,,,,,,,,,,,,,,,,,,,,,,,,,,,,,US,No,No
https://www.kichler.com/product/52734CPZ,,,,,,52734CPZ,,,,52734CPZ,52734CPZ,52734CPZ Kichler Pendant Light,-- Unbranded --,-- No Unilog Brand --,-- No DIB Brand --,Kichler Lighting (KICLI),Kichler Lighting LLC,KICHLER®,,52734CPZ,,,"KICHLER®, Luminaire, 52734CPZ",LUMINAIRE,"KICHLER®, 52734CPZ, Luminaire",KICHLER® Luminaire,"KICHLER®, Luminaire",,,,,,,,,,,,,,,,,,,,,,,,,,,Luminaire,Series,,,Model,,,Item Type,,,Voltage Rating,,,Amperage Rating,,,Dimensions,,,Mounting Type,,,Material,,,Color,,,Sound Level,,,Additional Information,,,,,,,,,,,,,,,Manufacturer Part Number,52734CPZ,,Supplier / Manufacturer,KICHLER®,,Catalog Category,General Commercial,,,,,,,,,,,,,,,,,,,,,,,,,,,,,,,,,,,,,,,,,,,,,,,,,,,,,,,,,,,,,,,,,,,,,,,,,,,,,,,,,,,,,,,,,,,,,,,,,,,,,,,,1,EA,,,,,,,,,,,,,,,,,,,,,,,,,,,,,,,,,,,,,US,No,No
https://www.kichler.com/product/82400,,,,,,82400,,,,82400,82400,82400 Kichler Pendant Lt,-- Unbranded --,-- No Unilog Brand --,-- No DIB Brand --,Kichler Lighting (KICLI),Kichler Lighting LLC,KICHLER®,,82400,,,"KICHLER®, Pendant Light, 82400",PENDANT LIGHT,"KICHLER®, 82400, Pendant Light",KICHLER® Pendant Light,"KICHLER®, Pendant Light",,,,,,,,,,,,,,,,,,,,,,,,,,,Pendant Light,Series,,,Model,,,Item Type,,,Voltage Rating,,,Amperage Rating,,,Dimensions,,,Mounting Type,,,Material,,,Color,,,Sound Level,,,Additional Information,,,,,,,,,,,,,,,,,,,,,,,,,,,,,,,,,,,,,,,,,,,,,,,,,,,,,,,,,,,,,,,,,,,,,,,,,,,,,,,,,,,,,,,,,,,,,,,,,,,,,,,,,,,,,,,,,,,,,,,,,,,,,,1,EA,,,,,,,,,,,,,,,,,,,,,,,,,,,,,,,,,,,,,US,No,No
https://www.satco.com/product/S11606,,,,,,S11606,,,,S11606,S11606,"S11606 8"" Round Down Lt 30K",-- Unbranded --,-- No Unilog Brand --,-- No DIB Brand --,Satco Prod Inc (5573),Satco Products Inc,SATCO®,,S11606,,,"SATCO®, Light Bulb, S11606",LIGHT BULB 120 8 IN ROUND,"SATCO®, S11606, Light Bulb","SATCO® Light Bulb, 120 V, 8 in Round","SATCO®, Light Bulb",,,,,,,,,,,,,,,,,,,,,,,,,,,Light Bulb,Series,,,Model,,,Item Type,,,Voltage Rating,120,,Amperage Rating,,,Dimensions,8 in Round,,Mounting Type,,,Material,,,Color,,,Sound Level,,,Additional Information,,,,,,,,,,,,,,,,,,,,,,,,,,,,,,,,,,,,,,,,,,,,,,,,,,,,,,,,,,,,,,,,,,,,,,,,,,,,,,,,,,,,,,,,,,,,,,,,,,,,,,,,,,,,,,,,,,,,,,,,,,,,,,1,EA,,,,,,,,,,,,,,,,,,,,,,,,,,,,,,,,,,,,,US,No,No
https://www.satco.com/product/S11828,,,,,,S11828,,,,S11828,S11828,"S11828 8"" Led Down Light",-- Unbranded --,-- No Unilog Brand --,-- No DIB Brand --,Satco Prod Inc (5573),Satco Products Inc,SATCO®,,S11828,,,"SATCO®, Luminaire, S11828",LUMINAIRE,"SATCO®, S11828, Luminaire",SATCO® Luminaire,"SATCO®, Luminaire",,,,,,,,,,,,,,,,,,,,,,,,,,,Luminaire,Series,,,Model,,,Item Type,,,Voltage Rating,,,Amperage Rating,,,Dimensions,,,Mounting Type,,,Material,,,Color,,,Sound Level,,,Additional Information,,,,,,,,,,,,,,,Catalog Category,General Commercial,,Manufacturer Part Number (MPN),S11828,,Supplier / Manufacturer,SATCO®,,Raw Catalog Description,"S11828 8"" Led Down Light",,,,,,,,,,,,,,,,,,,,,,,,,,,,,,,,,,,,,,,,,,,,,,,,,,,,,,,,,,,,,,,,,,,,,,,,,,,,,,,,,,,,,,,,,,,,,,,,,,,,,1,EA,,,,,,,,,,,,,,,,,,,,,,,,,,,,,,,,,,,,,US,No,No
https://www.lighting.philips.com/product/801274,,,,,,801274,,,,801274,801274,"801274 10w LED 6"" Retro 50k",-- Unbranded --,-- No Unilog Brand --,-- No DIB Brand --,Phillips Lighting (5831),Signify N.V.,PHILIPS LIGHTING®,,801274,,,"PHILIPS LIGHTING®, Light Bulb, 801274",LIGHT BULB 120 V 6 IN RETRO,"PHILIPS LIGHTING®, 801274, Light Bulb","PHILIPS LIGHTING® Light Bulb, 120 V, 6 in Retro","PHILIPS LIGHTING®, Light Bulb",,,,,,,,,,,,,,,,,,,,,,,,,,,Light Bulb,Series,,,Model,,,Item Type,,,Voltage Rating,120,V,Amperage Rating,,,Dimensions,6 in Retro,,Mounting Type,,,Material,,,Color,,,Sound Level,,,Additional Information,,,,,,,,,,,,,,,wattage,10w,,color_temperature,50k,,category,General Commercial,,,,,,,,,,,,,,,,,,,,,,,,,,,,,,,,,,,,,,,,,,,,,,,,,,,,,,,,,,,,,,,,,,,,,,,,,,,,,,,,,,,,,,,,,,,,,,,,,,,,,,,,1,EA,,,,,,,,,,,,,,,,,,,,,,,,,,,,,,,,,,,,,US,No,No
,,,,,,S11860,,,,,S11860,"S11860 6"" Downlight White 5 CCT",,,,Satco Prod Inc (5573),Satco Prod Inc (5573),Satco Prod Inc (5573),,S11860,,,"Satco Prod Inc (5573) S11860 6"" Downlight White 5 CC S11860","SATCO PR S11860 6"" DOWNL S11860",,,,,,,,,,,,,,,,,,,,,,,,,,,,,,"S11860 6"" Downlight White 5 CC",,,,,,,,,,,,,,,,,,,,,,,,,,,,,,,,,,,,,,,,,,,,,,,,,,,,,,,,,,,,,,,,,,,,,,,,,,,,,,,,,,,,,,,,,,,,,,,,,,,,,,,,,,,,,,,,,,,,,,,,,,,,,,,,,,,,,,,,,,,,,,,,,,,,,,,,,,,,,,,,,,,,,,,,,,,,,,,,,,,,,,,,,,,,,,,,,,,,,No
https://www.satco.com/product/S11562,,,,,,S11562,,,,S11562,S11562,"S11562 Starfish 6"" D/W Downlight",-- Unbranded --,-- No Unilog Brand --,-- No DIB Brand --,Satco Prod Inc (5573),Satco Products Inc,SATCO®,,S11562,,,"SATCO®, Luminaire, S11562",LUMINAIRE,"SATCO®, S11562, Luminaire",SATCO® Luminaire,"SATCO®, Luminaire",,,,,,,,,,,,,,,,,,,,,,,,,,,Luminaire,Series,,,Model,,,Item Type,,,Voltage Rating,,,Amperage Rating,,,Dimensions,,,Mounting Type,,,Material,,,Color,,,Sound Level,,,Additional Information,,,,,,,,,,,,,,,,,,,,,,,,,,,,,,,,,,,,,,,,,,,,,,,,,,,,,,,,,,,,,,,,,,,,,,,,,,,,,,,,,,,,,,,,,,,,,,,,,,,,,,,,,,,,,,,,,,,,,,,,,,,,,,1,EA,,,,,,,,,,,,,,,,,,,,,,,,,,,,,,,,,,,,,US,No,No
https://www.satco.com/product/S11646,,,,,,S11646,,,,S11646,S11646,"S11646 6"" Downlight Wh",-- Unbranded --,-- No Unilog Brand --,-- No DIB Brand --,Satco Prod Inc (5573),Satco Products Inc,SATCO®,,S11646,,,"SATCO®, Light Bulb, S11646",LIGHT BULB 120 6 IN DOWNLIGHT,"SATCO®, S11646, Light Bulb","SATCO® Light Bulb, 120 V, 6 in Downlight","SATCO®, Light Bulb",,,,,,,,,,,,,,,,,,,,,,,,,,,Light Bulb,Series,,,Model,,,Item Type,,,Voltage Rating,120,,Amperage Rating,,,Dimensions,6 in Downlight,,Mounting Type,,,Material,,,Color,,,Sound Level,,,Additional Information,,,,,,,,,,,,,,,,,,,,,,,,,,,,,,,,,,,,,,,,,,,,,,,,,,,,,,,,,,,,,,,,,,,,,,,,,,,,,,,,,,,,,,,,,,,,,,,,,,,,,,,,,,,,,,,,,,,,,,,,,,,,,,1,EA,,,,,,,,,,,,,,,,,,,,,,,,,,,,,,,,,,,,,US,No,No
https://www.satco.com/product/S11801R1,,,,,,S11801R1,,,,S11801R1,S11801R1,"S11801R1 6"" Led Downlight Wh",-- Unbranded --,-- No Unilog Brand --,-- No DIB Brand --,Satco Prod Inc (5573),Satco Products Inc,SATCO®,,S11801R1,,,"SATCO®, Light Bulb, S11801R1",LIGHT BULB 120 V 6 IN,"SATCO®, S11801R1, Light Bulb","SATCO® Light Bulb, 120 V, 6 in","SATCO®, Light Bulb",,,,,,,,,,,,,,,,,,,,,,,,,,,Light Bulb,Series,,,Model,,,Item Type,,,Voltage Rating,120,V,Amperage Rating,,,Dimensions,6,in,Mounting Type,,,Material,,,Color,,,Sound Level,,,Additional Information,,,,,,,,,,,,,,,,,,,,,,,,,,,,,,,,,,,,,,,,,,,,,,,,,,,,,,,,,,,,,,,,,,,,,,,,,,,,,,,,,,,,,,,,,,,,,,,,,,,,,,,,,,,,,,,,,,,,,,,,,,,,,,1,EA,,,,,,,,,,,,,,,,,,,,,,,,,,,,,,,,,,,,,US,No,No
https://www.satco.com/product/S11848,,,,,,S11848,,,,S11848,S11848,"S11848 10"" Down Light Wh",-- Unbranded --,-- No Unilog Brand --,-- No DIB Brand --,Satco Prod Inc (5573),Satco Products Inc,SATCO®,,S11848,,,"SATCO®, Light Bulb, S11848",LIGHT BULB 120 10 IN DOWN LIGHT,"SATCO®, S11848, Light Bulb","SATCO® Light Bulb, 120 V, 10 in Down Light","SATCO®, Light Bulb",,,,,,,,,,,,,,,,,,,,,,,,,,,Light Bulb,Series,,,Model,,,Item Type,,,Voltage Rating,120,,Amperage Rating,,,Dimensions,10 in Down Light,,Mounting Type,,,Material,,,Color,,,Sound Level,,,Additional Information,,,,,,,,,,,,,,,,,,,,,,,,,,,,,,,,,,,,,,,,,,,,,,,,,,,,,,,,,,,,,,,,,,,,,,,,,,,,,,,,,,,,,,,,,,,,,,,,,,,,,,,,,,,,,,,,,,,,,,,,,,,,,,1,EA,,,,,,,,,,,,,,,,,,,,,,,,,,,,,,,,,,,,,US,No,No
https://www.satco.com/product/S11849,,,,,,S11849,,,,S11849,S11849,"S11849 12"" Down Light Wh",-- Unbranded --,-- No Unilog Brand --,-- No DIB Brand --,Satco Prod Inc (5573),Satco Products Inc,SATCO®,,S11849,,,"SATCO®, Light Bulb, S11849",LIGHT BULB 120 12 IN,"SATCO®, S11849, Light Bulb","SATCO® Light Bulb, 120 V, 12 in","SATCO®, Light Bulb",,,,,,,,,,,,,,,,,,,,,,,,,,,Light Bulb,Series,,,Model,,,Item Type,,,Voltage Rating,120,,Amperage Rating,,,Dimensions,12,in,Mounting Type,,,Material,,,Color,,,Sound Level,,,Additional Information,,,,,,,,,,,,,,,,,,,,,,,,,,,,,,,,,,,,,,,,,,,,,,,,,,,,,,,,,,,,,,,,,,,,,,,,,,,,,,,,,,,,,,,,,,,,,,,,,,,,,,,,,,,,,,,,,,,,,,,,,,,,,,1,EA,,,,,,,,,,,,,,,,,,,,,,,,,,,,,,,,,,,,,US,No,No
,,,,,,HLBSL609FS5,,,,HLBSL609FS5,HLBSL609FS5,"HLBSL609FS5 6"" Down Light",-- Unbranded --,-- No Unilog Brand --,-- No DIB Brand --,Cooper Lighting (7638),Cooper Lighting,Cooper Lighting,,HLBSL609FS5,,,"Cooper Lighting, Luminaire, HLBSL609FS5",LUMINAIRE,"Cooper Lighting, HLBSL609FS5, Luminaire",Cooper Lighting Luminaire,"Cooper Lighting, Luminaire",,,,,,,,,,,,,,,,,,,,,,,,,,,Luminaire,Series,,,Model,,,Item Type,,,Voltage Rating,,,Amperage Rating,,,Dimensions,,,Mounting Type,,,Material,,,Color,,,Sound Level,,,Additional Information,,,,,,,,,,,,,,,Catalog Category,General Commercial,,Manufacturer Part Number,HLBSL609FS5,,Product Description,"6"" Down Light",,,,,,,,,,,,,,,,,,,,,,,,,,,,,,,,,,,,,,,,,,,,,,,,,,,,,,,,,,,,,,,,,,,,,,,,,,,,,,,,,,,,,,,,,,,,,,,,,,,,,,,,1,EA,,,,,,,,,,,,,,,,,,,,,,,,,,,,,,,,,,,,,US,No,No
,,,,,,WF4REGSWW590CRIMW,,,,WF4REGSWW590CRIMW,WF4REGSWW590CRIMW,"WF4REGSWW590CRIMW 4"" Down Light",-- Unbranded --,-- No Unilog Brand --,-- No DIB Brand --,Lithonia Lighting (2776),Lithonia Lighting,Lithonia Lighting,,WF4REGSWW590CRIMW,,,"Lithonia Lighting, Luminaire, WF4REGSWW590CRIMW",LUMINAIRE,"Lithonia Lighting, WF4REGSWW590CRIMW, Luminaire",Lithonia Lighting Luminaire,"Lithonia Lighting, Luminaire",,,,,,,,,,,,,,,,,,,,,,,,,,,Luminaire,Series,,,Model,,,Item Type,,,Voltage Rating,,,Amperage Rating,,,Dimensions,,,Mounting Type,,,Material,,,Color,,,Sound Level,,,Additional Information,,,,,,,,,,,,,,,Catalog Category,General Commercial,,,,,,,,,,,,,,,,,,,,,,,,,,,,,,,,,,,,,,,,,,,,,,,,,,,,,,,,,,,,,,,,,,,,,,,,,,,,,,,,,,,,,,,,,,,,,,,,,,,,,,,,,,,,,,1,EA,,,,,,,,,,,,,,,,,,,,,,,,,,,,,,,,,,,,,US,No,No
https://www.kichler.com/product/43849WH5CCT,,,,,,43849WH5CCT,,,,43849WH5CCT,43849WH5CCT,43849WH5CCT Kichler Ceiling Lt,-- Unbranded --,-- No Unilog Brand --,-- No DIB Brand --,Kichler Lighting (KICLI),Kichler Lighting LLC,KICHLER®,,43849WH5CCT,,,"KICHLER®, Luminaire, 43849WH5CCT",LUMINAIRE,"KICHLER®, 43849WH5CCT, Luminaire",KICHLER® Luminaire,"KICHLER®, Luminaire",,,,,,,,,,,,,,,,,,,,,,,,,,,Luminaire,Series,,,Model,,,Item Type,,,Voltage Rating,,,Amperage Rating,,,Dimensions,,,Mounting Type,,,Material,,,Color,,,Sound Level,,,Additional Information,,,,,,,,,,,,,,,,,,,,,,,,,,,,,,,,,,,,,,,,,,,,,,,,,,,,,,,,,,,,,,,,,,,,,,,,,,,,,,,,,,,,,,,,,,,,,,,,,,,,,,,,,,,,,,,,,,,,,,,,,,,,,,1,EA,,,,,,,,,,,,,,,,,,,,,,,,,,,,,,,,,,,,,US,No,No
https://www.satco.com/product/62-1777,,,,,,62-1777,,,,62-1777,62-1777,"62-1777 15"" Ceiling Lt Wh",-- Unbranded --,-- No Unilog Brand --,-- No DIB Brand --,Satco Prod Inc (5573),Satco Products Inc,SATCO®,,62-1777,,,"SATCO®, Light Bulb, 62-1777",LIGHT BULB 120 15 IN,"SATCO®, 62-1777, Light Bulb","SATCO® Light Bulb, 120 V, 15 in","SATCO®, Light Bulb",,,,,,,,,,,,,,,,,,,,,,,,,,,Light Bulb,Series,,,Model,,,Item Type,,,Voltage Rating,120,,Amperage Rating,,,Dimensions,15,in,Mounting Type,,,Material,,,Color,,,Sound Level,,,Additional Information,,,,,,,,,,,,,,,,,,,,,,,,,,,,,,,,,,,,,,,,,,,,,,,,,,,,,,,,,,,,,,,,,,,,,,,,,,,,,,,,,,,,,,,,,,,,,,,,,,,,,,,,,,,,,,,,,,,,,,,,,,,,,,1,EA,,,,,,,,,,,,,,,,,,,,,,,,,,,,,,,,,,,,,US,No,No
https://www.satco.com/product/62-1778,,,,,,62-1778,,,,62-1778,62-1778,"62-1778 19"" Ceiling Lt Wh",-- Unbranded --,-- No Unilog Brand --,-- No DIB Brand --,Satco Prod Inc (5573),Satco Products Inc,SATCO®,,62-1778,,,"SATCO®, Light Bulb, 62-1778",LIGHT BULB 120 V 19 IN,"SATCO®, 62-1778, Light Bulb","SATCO® Light Bulb, 120 V, 19 in","SATCO®, Light Bulb",,,,,,,,,,,,,,,,,,,,,,,,,,,Light Bulb,Series,,,Model,,,Item Type,,,Voltage Rating,120,V,Amperage Rating,,,Dimensions,19,in,Mounting Type,,,Material,,,Color,,,Sound Level,,,Additional Information,,,,,,,,,,,,,,,,,,,,,,,,,,,,,,,,,,,,,,,,,,,,,,,,,,,,,,,,,,,,,,,,,,,,,,,,,,,,,,,,,,,,,,,,,,,,,,,,,,,,,,,,,,,,,,,,,,,,,,,,,,,,,,1,EA,,,,,,,,,,,,,,,,,,,,,,,,,,,,,,,,,,,,,US,No,No
https://www.satco.com/product/62-1784,,,,,,62-1784,,,,62-1784,62-1784,62-1784 24x24 Led Ceiling Lt,-- Unbranded --,-- No Unilog Brand --,-- No DIB Brand --,Satco Prod Inc (5573),Satco Products Inc,SATCO®,,62-1784,,,"SATCO®, Luminaire, 62-1784, Ceiling Mounting",LUMINAIRE CEILING 24X24,"SATCO®, 62-1784, Luminaire, Ceiling Mounting","SATCO® Luminaire, Ceiling Mounting, 24x24","SATCO®, Luminaire, Ceiling Mounting",,,,,,,,,,,,,,,,,,,,,,,,,,,Luminaire,Series,,,Model,,,Item Type,,,Voltage Rating,,,Amperage Rating,,,Dimensions,24x24,,Mounting Type,Ceiling,,Material,,,Color,,,Sound Level,,,Additional Information,,,,,,,,,,,,,,,,,,,,,,,,,,,,,,,,,,,,,,,,,,,,,,,,,,,,,,,,,,,,,,,,,,,,,,,,,,,,,,,,,,,,,,,,,,,,,,,,,,,,,,,,,,,,,,,,,,,,,,,,,,,,,,1,EA,,,,,,,,,,,,,,,,,,,,,,,,,,,,,,,,,,,,,US,No,No
https://www.satco.com/product/62-1787,,,,,,62-1787,,,,62-1787,62-1787,"62-1787 15"" Ceiling Lt Bk",-- Unbranded --,-- No Unilog Brand --,-- No DIB Brand --,Satco Prod Inc (5573),Satco Products Inc,SATCO®,,62-1787,,,"SATCO®, Light Bulb, 62-1787",LIGHT BULB 15 IN,"SATCO®, 62-1787, Light Bulb","SATCO® Light Bulb, 15 in","SATCO®, Light Bulb",,,,,,,,,,,,,,,,,,,,,,,,,,,Light Bulb,Series,,,Model,,,Item Type,,,Voltage Rating,,,Amperage Rating,,,Dimensions,15,in,Mounting Type,,,Material,,,Color,,,Sound Level,,,Additional Information,,,,,,,,,,,,,,,,,,,,,,,,,,,,,,,,,,,,,,,,,,,,,,,,,,,,,,,,,,,,,,,,,,,,,,,,,,,,,,,,,,,,,,,,,,,,,,,,,,,,,,,,,,,,,,,,,,,,,,,,,,,,,,1,EA,,,,,,,,,,,,,,,,,,,,,,,,,,,,,,,,,,,,,US,No,No
https://www.satco.com/product/62-1788,,,,,,62-1788,,,,62-1788,62-1788,"62-1788 19"" Ceiling Lt Bk",-- Unbranded --,-- No Unilog Brand --,-- No DIB Brand --,Satco Prod Inc (5573),Satco Products Inc,SATCO®,,62-1788,,,"SATCO®, Light Bulb, 62-1788",LIGHT BULB 120 19 IN,"SATCO®, 62-1788, Light Bulb","SATCO® Light Bulb, 120 V, 19 in","SATCO®, Light Bulb",,,,,,,,,,,,,,,,,,,,,,,,,,,Light Bulb,Series,,,Model,,,Item Type,,,Voltage Rating,120,,Amperage Rating,,,Dimensions,19,in,Mounting Type,,,Material,,,Color,,,Sound Level,,,Additional Information,,,,,,,,,,,,,,,,,,,,,,,,,,,,,,,,,,,,,,,,,,,,,,,,,,,,,,,,,,,,,,,,,,,,,,,,,,,,,,,,,,,,,,,,,,,,,,,,,,,,,,,,,,,,,,,,,,,,,,,,,,,,,,1,EA,,,,,,,,,,,,,,,,,,,,,,,,,,,,,,,,,,,,,US,No,No
,,,,,,SHOP/4X2/840/V1,,,,SHOP/4X2/840/V1,SHOP/4X2/840/V1,4' Feit Shop Light 4500L 40k,-- Unbranded --,-- No Unilog Brand --,-- No DIB Brand --,Feit Electric (3468),Feit Electric,Feit Electric,,SHOP/4X2/840/V1,,,"Feit Electric, Luminaire, SHOP/4X2/840/V1",LUMINAIRE 4 FT,"Feit Electric, SHOP/4X2/840/V1, Luminaire","Feit Electric Luminaire, 4 ft","Feit Electric, Luminaire",,,,,,,,,,,,,,,,,,,,,,,,,,,Luminaire,Series,,,Model,,,Item Type,,,Voltage Rating,,,Amperage Rating,,,Dimensions,4 ft,,Mounting Type,,,Material,,,Color,,,Sound Level,,,Additional Information,,,,,,,,,,,,,,,Lumen Output,4500L,,Color Temperature,40k,,Product Type,Shop Light,,Category,General Commercial,,,,,,,,,,,,,,,,,,,,,,,,,,,,,,,,,,,,,,,,,,,,,,,,,,,,,,,,,,,,,,,,,,,,,,,,,,,,,,,,,,,,,,,,,,,,,,,,,,,,,1,EA,,,,,,,,,,,,,,,,,,,,,,,,,,,,,,,,,,,,,US,No,No
https://www.kichler.com/product/45495BKCLR,,,,,,45495BKCLR,,,,45495BKCLR,45495BKCLR,45495BKCLR Kichler Wall Lt,-- Unbranded --,-- No Unilog Brand --,-- No DIB Brand --,Kichler Lighting (KICLI),Kichler Lighting LLC,KICHLER®,,45495BKCLR,,,"KICHLER®, Luminaire, 45495BKCLR",LUMINAIRE,"KICHLER®, 45495BKCLR, Luminaire",KICHLER® Luminaire,"KICHLER®, Luminaire",,,,,,,,,,,,,,,,,,,,,,,,,,,Luminaire,Series,,,Model,,,Item Type,,,Voltage Rating,,,Amperage Rating,,,Dimensions,,,Mounting Type,,,Material,,,Color,,,Sound Level,,,Additional Information,,,,,,,,,,,,,,,,,,,,,,,,,,,,,,,,,,,,,,,,,,,,,,,,,,,,,,,,,,,,,,,,,,,,,,,,,,,,,,,,,,,,,,,,,,,,,,,,,,,,,,,,,,,,,,,,,,,,,,,,,,,,,,1,EA,,,,,,,,,,,,,,,,,,,,,,,,,,,,,,,,,,,,,US,No,No
https://www.kichler.com/product/55209NI,,,,,,55209NI,,,,55209NI,55209NI,55209NI Kichler Wall Sconce,-- Unbranded --,-- No Unilog Brand --,-- No DIB Brand --,Kichler Lighting (KICLI),Kichler Lighting LLC,KICHLER®,,55209NI,,,"KICHLER®, Luminaire, 55209NI",LUMINAIRE,"KICHLER®, 55209NI, Luminaire",KICHLER® Luminaire,"KICHLER®, Luminaire",,,,,,,,,,,,,,,,,,,,,,,,,,,Luminaire,Series,,,Model,,,Item Type,,,Voltage Rating,,,Amperage Rating,,,Dimensions,,,Mounting Type,,,Material,,,Color,,,Sound Level,,,Additional Information,,,,,,,,,,,,,,,,,,,,,,,,,,,,,,,,,,,,,,,,,,,,,,,,,,,,,,,,,,,,,,,,,,,,,,,,,,,,,,,,,,,,,,,,,,,,,,,,,,,,,,,,,,,,,,,,,,,,,,,,,,,,,,1,EA,,,,,,,,,,,,,,,,,,,,,,,,,,,,,,,,,,,,,US,No,No
https://www.satco.com/product/65-1210,,,,,,65-1210,,,,65-1210,65-1210,65-1210 2' LED Wrap Lt,-- Unbranded --,-- No Unilog Brand --,-- No DIB Brand --,Satco Prod Inc (5573),Satco Products Inc,SATCO®,,65-1210,,,"SATCO®, Light Bulb, 65-1210",LIGHT BULB 120 V 2 FT,"SATCO®, 65-1210, Light Bulb","SATCO® Light Bulb, 120 V, 2 ft","SATCO®, Light Bulb",,,,,,,,,,,,,,,,,,,,,,,,,,,Light Bulb,Series,,,Model,,,Item Type,,,Voltage Rating,120,V,Amperage Rating,,,Dimensions,2 ft,,Mounting Type,,,Material,,,Color,,,Sound Level,,,Additional Information,,,,,,,,,,,,,,,,,,,,,,,,,,,,,,,,,,,,,,,,,,,,,,,,,,,,,,,,,,,,,,,,,,,,,,,,,,,,,,,,,,,,,,,,,,,,,,,,,,,,,,,,,,,,,,,,,,,,,,,,,,,,,,1,EA,,,,,,,,,,,,,,,,,,,,,,,,,,,,,,,,,,,,,US,No,No
https://www.satco.com/product/65-1211,,,,,,65-1211,,,,65-1211,65-1211,65-1211 4' Led Wrap Light,-- Unbranded --,-- No Unilog Brand --,-- No DIB Brand --,Satco Prod Inc (5573),Satco Products Inc,SATCO®,,65-1211,,,"SATCO®, Luminaire, 65-1211",LUMINAIRE 4 FT,"SATCO®, 65-1211, Luminaire","SATCO® Luminaire, 4 ft","SATCO®, Luminaire",,,,,,,,,,,,,,,,,,,,,,,,,,,Luminaire,Series,,,Model,,,Item Type,,,Voltage Rating,,,Amperage Rating,,,Dimensions,4 ft,,Mounting Type,,,Material,,,Color,,,Sound Level,,,Additional Information,,,,,,,,,,,,,,,Catalog Category,General Commercial,,,,,,,,,,,,,,,,,,,,,,,,,,,,,,,,,,,,,,,,,,,,,,,,,,,,,,,,,,,,,,,,,,,,,,,,,,,,,,,,,,,,,,,,,,,,,,,,,,,,,,,,,,,,,,1,EA,,,,,,,,,,,,,,,,,,,,,,,,,,,,,,,,,,,,,US,No,No
https://www.lighting.philips.com/product/141465,,,,,,141465,,,,141465,141465,"141465 15W Flor 18"" T12 27k",-- Unbranded --,-- No Unilog Brand --,-- No DIB Brand --,Phillips Lighting (5831),Signify N.V.,PHILIPS LIGHTING®,,141465,,,"PHILIPS LIGHTING®, Light Bulb, 141465",LIGHT BULB 18 IN,"PHILIPS LIGHTING®, 141465, Light Bulb","PHILIPS LIGHTING® Light Bulb, 18 in","PHILIPS LIGHTING®, Light Bulb",,,,,,,,,,,,,,,,,,,,,,,,,,,Light Bulb,Series,,,Model,,,Item Type,,,Voltage Rating,,,Amperage Rating,,,Dimensions,18,in,Mounting Type,,,Material,,,Color,,,Sound Level,,,Additional Information,,,,,,,,,,,,,,,wattage,15W,,lamp_type,Flor,,length,"18""",,color_temperature,27k,,,,,,,,,,,,,,,,,,,,,,,,,,,,,,,,,,,,,,,,,,,,,,,,,,,,,,,,,,,,,,,,,,,,,,,,,,,,,,,,,,,,,,,,,,,,,,,,,,,,,1,EA,,,,,,,,,,,,,,,,,,,,,,,,,,,,,,,,,,,,,US,No,No
https://www.lighting.philips.com/product/391227,,,,,,391227,,,,391227,391227,"391227 32W Led 12"" T9 30K",-- Unbranded --,-- No Unilog Brand --,-- No DIB Brand --,Phillips Lighting (5831),Signify N.V.,PHILIPS LIGHTING®,,391227,,,"PHILIPS LIGHTING®, Light Bulb, 391227",LIGHT BULB 12 IN T9,"PHILIPS LIGHTING®, 391227, Light Bulb","PHILIPS LIGHTING® Light Bulb, 12 in T9","PHILIPS LIGHTING®, Light Bulb",,,,,,,,,,,,,,,,,,,,,,,,,,,Light Bulb,Series,,,Model,,,Item Type,,,Voltage Rating,,,Amperage Rating,,,Dimensions,12 in T9,,Mounting Type,,,Material,,,Color,,,Sound Level,,,Additional Information,,,,,,,,,,,,,,,wattage,32W,,color_temperature,30K,,category,General Commercial,,,,,,,,,,,,,,,,,,,,,,,,,,,,,,,,,,,,,,,,,,,,,,,,,,,,,,,,,,,,,,,,,,,,,,,,,,,,,,,,,,,,,,,,,,,,,,,,,,,,,,,,1,EA,,,,,,,,,,,,,,,,,,,,,,,,,,,,,,,,,,,,,US,No,No
https://www.lighting.philips.com/product/392225,,,,,,392225,,,,392225,392225,"392225 22W Flor 8"" T9 30k",-- Unbranded --,-- No Unilog Brand --,-- No DIB Brand --,Phillips Lighting (5831),Signify N.V.,PHILIPS LIGHTING®,,392225,,,"PHILIPS LIGHTING®, Light Bulb, 392225",LIGHT BULB 8 IN,"PHILIPS LIGHTING®, 392225, Light Bulb","PHILIPS LIGHTING® Light Bulb, 8 in","PHILIPS LIGHTING®, Light Bulb",,,,,,,,,,,,,,,,,,,,,,,,,,,Light Bulb,Series,,,Model,,,Item Type,,,Voltage Rating,,,Amperage Rating,,,Dimensions,8,in,Mounting Type,,,Material,,,Color,,,Sound Level,,,Additional Information,,,,,,,,,,,,,,,wattage,22W,,lamp_type,Flor,,color_temperature,30k,,lamp_base,T9,,,,,,,,,,,,,,,,,,,,,,,,,,,,,,,,,,,,,,,,,,,,,,,,,,,,,,,,,,,,,,,,,,,,,,,,,,,,,,,,,,,,,,,,,,,,,,,,,,,,,1,EA,,,,,,,,,,,,,,,,,,,,,,,,,,,,,,,,,,,,,US,No,No
https://www.satco.com/product/S3539,,,,,,S3539,,,,S3539,S3539,S3539 20W Halogen Pin T4,-- Unbranded --,-- No Unilog Brand --,-- No DIB Brand --,Satco Prod Inc (5573),Satco Products Inc,SATCO®,,S3539,,,"SATCO®, Light Bulb, S3539",LIGHT BULB 12 T4,"SATCO®, S3539, Light Bulb","SATCO® Light Bulb, 12 V, T4","SATCO®, Light Bulb",,,,,,,,,,,,,,,,,,,,,,,,,,,Light Bulb,Series,,,Model,,,Item Type,,,Voltage Rating,12,,Amperage Rating,,,Dimensions,T4,,Mounting Type,,,Material,,,Color,,,Sound Level,,,Additional Information,,,,,,,,,,,,,,,,,,,,,,,,,,,,,,,,,,,,,,,,,,,,,,,,,,,,,,,,,,,,,,,,,,,,,,,,,,,,,,,,,,,,,,,,,,,,,,,,,,,,,,,,,,,,,,,,,,,,,,,,,,,,,,1,EA,,,,,,,,,,,,,,,,,,,,,,,,,,,,,,,,,,,,,US,No,No
https://www.satco.com/product/S3496,,,,,,S3496,,,,S3496,S3496,S3496 300W Halogen T3 Bulb,-- Unbranded --,-- No Unilog Brand --,-- No DIB Brand --,Satco Prod Inc (5573),Satco Products Inc,SATCO®,,S3496,,,"SATCO®, Light Bulb, S3496",LIGHT BULB 120 T3,"SATCO®, S3496, Light Bulb","SATCO® Light Bulb, 120 V, T3","SATCO®, Light Bulb",,,,,,,,,,,,,,,,,,,,,,,,,,,Light Bulb,Series,,,Model,,,Item Type,,,Voltage Rating,120,,Amperage Rating,,,Dimensions,T3,,Mounting Type,,,Material,,,Color,,,Sound Level,,,Additional Information,,,,,,,,,,,,,,,,,,,,,,,,,,,,,,,,,,,,,,,,,,,,,,,,,,,,,,,,,,,,,,,,,,,,,,,,,,,,,,,,,,,,,,,,,,,,,,,,,,,,,,,,,,,,,,,,,,,,,,,,,,,,,,1,EA,,,,,,,,,,,,,,,,,,,,,,,,,,,,,,,,,,,,,US,No,No
https://www.lighting.philips.com/product/467316,,,,,,467316,,,,467316,467316,467316 150W Sodium Med 21k,-- Unbranded --,-- No Unilog Brand --,-- No DIB Brand --,Phillips Lighting (5831),Signify N.V.,PHILIPS LIGHTING®,,467316,,,"PHILIPS LIGHTING®, Commercial Product, 467316",COMMERCIAL PRODUCT,"PHILIPS LIGHTING®, 467316, Commercial Product",PHILIPS LIGHTING® Commercial Product,"PHILIPS LIGHTING®, Commercial Product",,,,,,,,,,,,,,,,,,,,,,,,,,,"PHILIPS LIGHTING®, Commercial Product",Series,,,Model,,,Item Type,,,Voltage Rating,,,Amperage Rating,,,Dimensions,,,Mounting Type,,,Material,,,Color,,,Sound Level,,,Additional Information,,,,,,,,,,,,,,,,,,,,,,,,,,,,,,,,,,,,,,,,,,,,,,,,,,,,,,,,,,,,,,,,,,,,,,,,,,,,,,,,,,,,,,,,,,,,,,,,,,,,,,,,,,,,,,,,,,,,,,,,,,,,,,1,EA,,,,,,,,,,,,,,,,,,,,,,,,,,,,,,,,,,,,,US,No,No
https://www.satco.com/product/S3709,,,,,,S3709,,,,S3709,S3709,S3709 25W Incan 27K,-- Unbranded --,-- No Unilog Brand --,-- No DIB Brand --,Satco Prod Inc (5573),Satco Products Inc,SATCO®,,S3709,,,"SATCO®, Light Bulb, S3709",LIGHT BULB 120 V,"SATCO®, S3709, Light Bulb","SATCO® Light Bulb, 120 V","SATCO®, Light Bulb",,,,,,,,,,,,,,,,,,,,,,,,,,,Light Bulb,Series,,,Model,,,Item Type,,,Voltage Rating,120,V,Amperage Rating,,,Dimensions,,,Mounting Type,,,Material,,,Color,,,Sound Level,,,Additional Information,,,,,,,,,,,,,,,wattage,25W,,color_temperature,27K,,technology,Incandescent,,,,,,,,,,,,,,,,,,,,,,,,,,,,,,,,,,,,,,,,,,,,,,,,,,,,,,,,,,,,,,,,,,,,,,,,,,,,,,,,,,,,,,,,,,,,,,,,,,,,,,,,1,EA,,,,,,,,,,,,,,,,,,,,,,,,,,,,,,,,,,,,,US,No,No
https://www.satco.com/product/S4720,,,,,,S4720,,,,S4720,S4720,S4720 25W Incan 27K,-- Unbranded --,-- No Unilog Brand --,-- No DIB Brand --,Satco Prod Inc (5573),Satco Products Inc,SATCO®,,S4720,,,"SATCO®, Light Bulb, S4720",LIGHT BULB 120 2-3/8 IN X 4-1/8 IN,"SATCO®, S4720, Light Bulb","SATCO® Light Bulb, 120 V, 2-3/8 in x 4-1/8 in","SATCO®, Light Bulb",,,,,,,,,,,,,,,,,,,,,,,,,,,Light Bulb,Series,,,Model,,,Item Type,,,Voltage Rating,120,,Amperage Rating,,,Dimensions,2-3/8 in x 4-1/8 in,,Mounting Type,,,Material,,,Color,,,Sound Level,,,Additional Information,,,,,,,,,,,,,,,MPN,S4720,,Wattage,25W,,Technology,Incan,,Color Temperature,27K,,Category,General Commercial,,,,,,,,,,,,,,,,,,,,,,,,,,,,,,,,,,,,,,,,,,,,,,,,,,,,,,,,,,,,,,,,,,,,,,,,,,,,,,,,,,,,,,,,,,,,,,,,,,1,EA,,,,,,,,,,,,,,,,,,,,,,,,,,,,,,,,,,,,,US,No,No
https://www.satco.com/product/S3720,,,,,,S3720,,,,S3720,S3720,S3720 40w Inc A15 Med 26k,-- Unbranded --,-- No Unilog Brand --,-- No DIB Brand --,Satco Prod Inc (5573),Satco Products Inc,SATCO®,,S3720,,,"SATCO®, Light Bulb, S3720",LIGHT BULB 120 A15,"SATCO®, S3720, Light Bulb","SATCO® Light Bulb, 120 V, A15","SATCO®, Light Bulb",,,,,,,,,,,,,,,,,,,,,,,,,,,Light Bulb,Series,,,Model,,,Item Type,,,Voltage Rating,120,,Amperage Rating,,,Dimensions,A15,,Mounting Type,,,Material,,,Color,,,Sound Level,,,Additional Information,,,,,,,,,,,,,,,wattage,40w,,base_type,Med,,luminous_flux,26k,,,,,,,,,,,,,,,,,,,,,,,,,,,,,,,,,,,,,,,,,,,,,,,,,,,,,,,,,,,,,,,,,,,,,,,,,,,,,,,,,,,,,,,,,,,,,,,,,,,,,,,,1,EA,,,,,,,,,,,,,,,,,,,,,,,,,,,,,,,,,,,,,US,No,No
https://www.satco.com/product/S3702,,,,,,S3702,,,,S3702,S3702,S3702 40W Incan Med 27K,-- Unbranded --,-- No Unilog Brand --,-- No DIB Brand --,Satco Prod Inc (5573),Satco Products Inc,SATCO®,,S3702,,,"SATCO®, Light Bulb, S3702",LIGHT BULB 120 V,"SATCO®, S3702, Light Bulb","SATCO® Light Bulb, 120 V","SATCO®, Light Bulb",,,,,,,,,,,,,,,,,,,,,,,,,,,Light Bulb,Series,,,Model,,,Item Type,,,Voltage Rating,120,V,Amperage Rating,,,Dimensions,,,Mounting Type,,,Material,,,Color,,,Sound Level,,,Additional Information,,,,,,,,,,,,,,,wattage,40W,,bulb_type,Incan Med,,color_temperature,27K,,category,General Commercial,,,,,,,,,,,,,,,,,,,,,,,,,,,,,,,,,,,,,,,,,,,,,,,,,,,,,,,,,,,,,,,,,,,,,,,,,,,,,,,,,,,,,,,,,,,,,,,,,,,,,1,EA,,,,,,,,,,,,,,,,,,,,,,,,,,,,,,,,,,,,,US,No,No
https://www.satco.com/product/S3703,,,,,,S3703,,,,S3703,S3703,S3703 40W Incan Med 27K,-- Unbranded --,-- No Unilog Brand --,-- No DIB Brand --,Satco Prod Inc (5573),Satco Products Inc,SATCO®,,S3703,,,"SATCO®, Light Bulb, S3703",LIGHT BULB 120 A19,"SATCO®, S3703, Light Bulb","SATCO® Light Bulb, 120 V, A19","SATCO®, Light Bulb",,,,,,,,,,,,,,,,,,,,,,,,,,,Light Bulb,Series,,,Model,,,Item Type,,,Voltage Rating,120,,Amperage Rating,,,Dimensions,A19,,Mounting Type,,,Material,,,Color,,,Sound Level,,,Additional Information,,,,,,,,,,,,,,,wattage,40,,technology,Incan,,color_temperature,27K,,base_type,Med,,,,,,,,,,,,,,,,,,,,,,,,,,,,,,,,,,,,,,,,,,,,,,,,,,,,,,,,,,,,,,,,,,,,,,,,,,,,,,,,,,,,,,,,,,,,,,,,,,,,,1,EA,,,,,,,,,,,,,,,,,,,,,,,,,,,,,,,,,,,,,US,No,No
https://www.satco.com/product/S3797,,,,,,S3797,,,,S3797,S3797,S3797 4W Incan Cand 27K 2pk,-- Unbranded --,-- No Unilog Brand --,-- No DIB Brand --,Satco Prod Inc (5573),Satco Products Inc,SATCO®,,S3797,,,"SATCO®, Light Bulb, S3797",LIGHT BULB 120 A19,"SATCO®, S3797, Light Bulb","SATCO® Light Bulb, 120 V, A19","SATCO®, Light Bulb",,,,,,,,,,,,,,,,,,,,,,,,,,,Light Bulb,Series,,,Model,,,Item Type,,,Voltage Rating,120,,Amperage Rating,,,Dimensions,A19,,Mounting Type,,,Material,,,Color,,,Sound Level,,,Additional Information,,,,,,,,,,,,,,,description,4W Incan Cand 27K 2pk,,category,General Commercial,,,,,,,,,,,,,,,,,,,,,,,,,,,,,,,,,,,,,,,,,,,,,,,,,,,,,,,,,,,,,,,,,,,,,,,,,,,,,,,,,,,,,,,,,,,,,,,,,,,,,,,,,,,1,EA,,,,,,,,,,,,,,,,,,,,,,,,,,,,,,,,,,,,,US,No,No
https://www.satco.com/product/S4724,,,,,,S4724,,,,S4724,S4724,S4724 4W Incan Cand 27K 4pk,-- Unbranded --,-- No Unilog Brand --,-- No DIB Brand --,Satco Prod Inc (5573),Satco Products Inc,SATCO®,,S4724,,,"SATCO®, Light Bulb, S4724",LIGHT BULB 120 4,"SATCO®, S4724, Light Bulb","SATCO® Light Bulb, 120 V, 4","SATCO®, Light Bulb",,,,,,,,,,,,,,,,,,,,,,,,,,,Light Bulb,Series,,,Model,,,Item Type,,,Voltage Rating,120,,Amperage Rating,,,Dimensions,4,,Mounting Type,,,Material,,,Color,,,Sound Level,,,Additional Information,,,,,,,,,,,,,,,wattage,4,,color_temperature,27K,,pack_quantity,4pk,,,,,,,,,,,,,,,,,,,,,,,,,,,,,,,,,,,,,,,,,,,,,,,,,,,,,,,,,,,,,,,,,,,,,,,,,,,,,,,,,,,,,,,,,,,,,,,,,,,,,,,,1,EA,,,,,,,,,,,,,,,,,,,,,,,,,,,,,,,,,,,,,US,No,No
https://www.satco.com/product/S4717,,,,,,S4717,,,,S4717,S4717,S4717 6W Incan Cand 27k 2pk,-- Unbranded --,-- No Unilog Brand --,-- No DIB Brand --,Satco Prod Inc (5573),Satco Products Inc,SATCO®,,S4717,,,"SATCO®, Light Bulb, S4717",LIGHT BULB 120 A19,"SATCO®, S4717, Light Bulb","SATCO® Light Bulb, 120 V, A19","SATCO®, Light Bulb",,,,,,,,,,,,,,,,,,,,,,,,,,,Light Bulb,Series,,,Model,,,Item Type,,,Voltage Rating,120,,Amperage Rating,,,Dimensions,A19,,Mounting Type,,,Material,,,Color,,,Sound Level,,,Additional Information,,,,,,,,,,,,,,,wattage,6,,technology,Incan,,color_temperature,27k,,pack_quantity,2pk,,,,,,,,,,,,,,,,,,,,,,,,,,,,,,,,,,,,,,,,,,,,,,,,,,,,,,,,,,,,,,,,,,,,,,,,,,,,,,,,,,,,,,,,,,,,,,,,,,,,,1,EA,,,,,,,,,,,,,,,,,,,,,,,,,,,,,,,,,,,,,US,No,No
https://www.satco.com/product/S3794,,,,,,S3794,,,,S3794,S3794,S3794 7W Incan Med 27K,-- Unbranded --,-- No Unilog Brand --,-- No DIB Brand --,Satco Prod Inc (5573),Satco Products Inc,SATCO®,,S3794,,,"SATCO®, Light Bulb, S3794",LIGHT BULB 120 V,"SATCO®, S3794, Light Bulb","SATCO® Light Bulb, 120 V","SATCO®, Light Bulb",,,,,,,,,,,,,,,,,,,,,,,,,,,Light Bulb,Series,,,Model,,,Item Type,,,Voltage Rating,120,V,Amperage Rating,,,Dimensions,,,Mounting Type,,,Material,,,Color,,,Sound Level,,,Additional Information,,,,,,,,,,,,,,,wattage,7W,,color_temperature,27K,,technology,Incan,,base_type,Med,,,,,,,,,,,,,,,,,,,,,,,,,,,,,,,,,,,,,,,,,,,,,,,,,,,,,,,,,,,,,,,,,,,,,,,,,,,,,,,,,,,,,,,,,,,,,,,,,,,,,1,EA,,,,,,,,,,,,,,,,,,,,,,,,,,,,,,,,,,,,,US,No,No
https://www.satco.com/product/S3795,,,,,,S3795,,,,S3795,S3795,S3795 7W Incan Med 27K,-- Unbranded --,-- No Unilog Brand --,-- No DIB Brand --,Satco Prod Inc (5573),Satco Products Inc,SATCO®,,S3795,,,"SATCO®, Light Bulb, S3795",LIGHT BULB 120 V,"SATCO®, S3795, Light Bulb","SATCO® Light Bulb, 120 V","SATCO®, Light Bulb",,,,,,,,,,,,,,,,,,,,,,,,,,,Light Bulb,Series,,,Model,,,Item Type,,,Voltage Rating,120,V,Amperage Rating,,,Dimensions,,,Mounting Type,,,Material,,,Color,,,Sound Level,,,Additional Information,,,,,,,,,,,,,,,wattage,7W,,technology,Incan,,color_temperature,27K,,base_type,Med,,,,,,,,,,,,,,,,,,,,,,,,,,,,,,,,,,,,,,,,,,,,,,,,,,,,,,,,,,,,,,,,,,,,,,,,,,,,,,,,,,,,,,,,,,,,,,,,,,,,,1,EA,,,,,,,,,,,,,,,,,,,,,,,,,,,,,,,,,,,,,US,No,No
https://www.satco.com/product/S4726,,,,,,S4726,,,,S4726,S4726,S4726 7W Incan Cand 27K 4pk,-- Unbranded --,-- No Unilog Brand --,-- No DIB Brand --,Satco Prod Inc (5573),Satco Products Inc,SATCO®,,S4726,,,"SATCO®, Light Bulb, S4726",LIGHT BULB 120 V,"SATCO®, S4726, Light Bulb","SATCO® Light Bulb, 120 V","SATCO®, Light Bulb",,,,,,,,,,,,,,,,,,,,,,,,,,,Light Bulb,Series,,,Model,,,Item Type,,,Voltage Rating,120,V,Amperage Rating,,,Dimensions,,,Mounting Type,,,Material,,,Color,,,Sound Level,,,Additional Information,,,,,,,,,,,,,,,wattage,7W,,color_temperature,27K,,pack_quantity,4pk,,technology,Incan Cand,,,,,,,,,,,,,,,,,,,,,,,,,,,,,,,,,,,,,,,,,,,,,,,,,,,,,,,,,,,,,,,,,,,,,,,,,,,,,,,,,,,,,,,,,,,,,,,,,,,,,1,EA,,,,,,,,,,,,,,,,,,,,,,,,,,,,,,,,,,,,,US,No,No
https://www.satco.com/product/S11429,,,,,,S11429,,,,S11429,S11429,S11429 60W Led Bulb 27K,-- Unbranded --,-- No Unilog Brand --,-- No DIB Brand --,Satco Prod Inc (5573),Satco Products Inc,SATCO®,,S11429,,,"SATCO®, Light Bulb, S11429",LIGHT BULB 120 V A19,"SATCO®, S11429, Light Bulb","SATCO® Light Bulb, 120 V, A19","SATCO®, Light Bulb",,,,,,,,,,,,,,,,,,,,,,,,,,,Light Bulb,Series,,,Model,,,Item Type,,,Voltage Rating,120,V,Amperage Rating,,,Dimensions,A19,,Mounting Type,,,Material,,,Color,,,Sound Level,,,Additional Information,,,,,,,,,,,,,,,wattage,60W,,color_temperature,27K,,category,General Commercial,,,,,,,,,,,,,,,,,,,,,,,,,,,,,,,,,,,,,,,,,,,,,,,,,,,,,,,,,,,,,,,,,,,,,,,,,,,,,,,,,,,,,,,,,,,,,,,,,,,,,,,,1,EA,,,,,,,,,,,,,,,,,,,,,,,,,,,,,,,,,,,,,US,No,No
https://www.satco.com/product/S21354,,,,,,S21354,,,,S21354,S21354,S21354 8W Led T9 Med 27k,-- Unbranded --,-- No Unilog Brand --,-- No DIB Brand --,Satco Prod Inc (5573),Satco Products Inc,SATCO®,,S21354,,,"SATCO®, Light Bulb, S21354",LIGHT BULB,"SATCO®, S21354, Light Bulb",SATCO® Light Bulb,"SATCO®, Light Bulb",,,,,,,,,,,,,,,,,,,,,,,,,,,Light Bulb,Series,,,Model,,,Item Type,,,Voltage Rating,,,Amperage Rating,,,Dimensions,,,Mounting Type,,,Material,,,Color,,,Sound Level,,,Additional Information,,,,,,,,,,,,,,,wattage,8W,,bulb_type,T9,,base_type,Med,,color_temperature,27k,,,,,,,,,,,,,,,,,,,,,,,,,,,,,,,,,,,,,,,,,,,,,,,,,,,,,,,,,,,,,,,,,,,,,,,,,,,,,,,,,,,,,,,,,,,,,,,,,,,,,1,EA,,,,,,,,,,,,,,,,,,,,,,,,,,,,,,,,,,,,,US,No,No
https://www.satco.com/product/S21363,,,,,,S21363,,,,S21363,S21363,S21363 8W Led Edison ST19 27K,-- Unbranded --,-- No Unilog Brand --,-- No DIB Brand --,Satco Prod Inc (5573),Satco Products Inc,SATCO®,,S21363,,,"SATCO®, Light Bulb, S21363",LIGHT BULB 120 V ST19,"SATCO®, S21363, Light Bulb","SATCO® Light Bulb, 120 V, ST19","SATCO®, Light Bulb",,,,,,,,,,,,,,,,,,,,,,,,,,,Light Bulb,Series,,,Model,,,Item Type,,,Voltage Rating,120,V,Amperage Rating,,,Dimensions,ST19,,Mounting Type,,,Material,,,Color,,,Sound Level,,,Additional Information,,,,,,,,,,,,,,,wattage,8W,,color_temperature,27K,,bulb_shape,ST19,,base_type,Edison,,dimmable,Yes,,,,,,,,,,,,,,,,,,,,,,,,,,,,,,,,,,,,,,,,,,,,,,,,,,,,,,,,,,,,,,,,,,,,,,,,,,,,,,,,,,,,,,,,,,,,,,,,,,1,EA,,,,,,,,,,,,,,,,,,,,,,,,,,,,,,,,,,,,,US,No,No
https://www.satco.com/product/S11445,,,,,,S11445,,,,S11445,S11445,S11445 12W Led Med 30k Motion,-- Unbranded --,-- No Unilog Brand --,-- No DIB Brand --,Satco Prod Inc (5573),Satco Products Inc,SATCO®,,S11445,,,"SATCO®, Light Bulb, S11445",LIGHT BULB 120 A19,"SATCO®, S11445, Light Bulb","SATCO® Light Bulb, 120 V, A19","SATCO®, Light Bulb",,,,,,,,,,,,,,,,,,,,,,,,,,,Light Bulb,Series,,,Model,,,Item Type,,,Voltage Rating,120,,Amperage Rating,,,Dimensions,A19,,Mounting Type,,,Material,,,Color,,,Sound Level,,,Additional Information,,,,,,,,,,,,,,,wattage,12W,,color_temperature,30k,,feature,Motion,,,,,,,,,,,,,,,,,,,,,,,,,,,,,,,,,,,,,,,,,,,,,,,,,,,,,,,,,,,,,,,,,,,,,,,,,,,,,,,,,,,,,,,,,,,,,,,,,,,,,,,,1,EA,,,,,,,,,,,,,,,,,,,,,,,,,,,,,,,,,,,,,US,No,No
https://www.lighting.philips.com/product/567313,,,,,,567313,,,,567313,567313,567313 50W Led MR16 30K 3pk,-- Unbranded --,-- No Unilog Brand --,-- No DIB Brand --,Phillips Lighting (5831),Signify N.V.,PHILIPS LIGHTING®,,567313,,,"PHILIPS LIGHTING®, Light Bulb, 567313",LIGHT BULB 120 V MR16,"PHILIPS LIGHTING®, 567313, Light Bulb","PHILIPS LIGHTING® Light Bulb, 120 V, MR16","PHILIPS LIGHTING®, Light Bulb",,,,,,,,,,,,,,,,,,,,,,,,,,,Light Bulb,Series,,,Model,,,Item Type,,,Voltage Rating,120,V,Amperage Rating,,,Dimensions,MR16,,Mounting Type,,,Material,,,Color,,,Sound Level,,,Additional Information,,,,,,,,,,,,,,,wattage,50W,,color_temperature,30K,,package_quantity,3pk,,technology,LED,,,,,,,,,,,,,,,,,,,,,,,,,,,,,,,,,,,,,,,,,,,,,,,,,,,,,,,,,,,,,,,,,,,,,,,,,,,,,,,,,,,,,,,,,,,,,,,,,,,,,1,EA,,,,,,,,,,,,,,,,,,,,,,,,,,,,,,,,,,,,,US,No,No
https://www.ustape.com/product/586875,,,,,,586875,,,,586875,586875,586875 60W Led Multi CCT 4pk,-- Unbranded --,-- No Unilog Brand --,-- No DIB Brand --,Phillips Lighting (5831),U.S. Tape Company,U.S. TAPE®,,586875,,,"U.S. TAPE®, Light Bulb, 586875",LIGHT BULB 120 V,"U.S. TAPE®, 586875, Light Bulb","U.S. TAPE® Light Bulb, 120 V","U.S. TAPE®, Light Bulb",,,,,,,,,,,,,,,,,,,,,,,,,,,Light Bulb,Series,,,Model,,,Item Type,,,Voltage Rating,120,V,Amperage Rating,,,Dimensions,,,Mounting Type,,,Material,,,Color,,,Sound Level,,,Additional Information,,,,,,,,,,,,,,,Package Quantity,4pk,,Wattage,60W,,CCT,Multi CCT,,,,,,,,,,,,,,,,,,,,,,,,,,,,,,,,,,,,,,,,,,,,,,,,,,,,,,,,,,,,,,,,,,,,,,,,,,,,,,,,,,,,,,,,,,,,,,,,,,,,,,,,1,EA,,,,,,,,,,,,,,,,,,,,,,,,,,,,,,,,,,,,,US,No,No
https://www.festoolusa.com/product/576355,,,,,,576355,,,,576355,576355,576355 60/100/150 Led Med 50k,-- Unbranded --,-- No Unilog Brand --,-- No DIB Brand --,Phillips Lighting (5831),Festool GmbH,FESTOOL®,,576355,,,"FESTOOL®, Light Bulb, 576355",LIGHT BULB,"FESTOOL®, 576355, Light Bulb",FESTOOL® Light Bulb,"FESTOOL®, Light Bulb",,,,,,,,,,,,,,,,,,,,,,,,,,,Light Bulb,Series,,,Model,,,Item Type,,,Voltage Rating,,,Amperage Rating,,,Dimensions,,,Mounting Type,,,Material,,,Color,,,Sound Level,,,Additional Information,,,,,,,,,,,,,,,led_type,Med,,color_temperature,50k,,wattage_range,60/100/150,,,,,,,,,,,,,,,,,,,,,,,,,,,,,,,,,,,,,,,,,,,,,,,,,,,,,,,,,,,,,,,,,,,,,,,,,,,,,,,,,,,,,,,,,,,,,,,,,,,,,,,,1,EA,,,,,,,,,,,,,,,,,,,,,,,,,,,,,,,,,,,,,US,No,No
https://www.festoolusa.com/product/576363,,,,,,576363,,,,576363,576363,576363 100/150/200 Led Med 27k,-- Unbranded --,-- No Unilog Brand --,-- No DIB Brand --,Phillips Lighting (5831),Festool GmbH,FESTOOL®,,576363,,,"FESTOOL®, Light Bulb, 576363",LIGHT BULB,"FESTOOL®, 576363, Light Bulb",FESTOOL® Light Bulb,"FESTOOL®, Light Bulb",,,,,,,,,,,,,,,,,,,,,,,,,,,Light Bulb,Series,,,Model,,,Item Type,,,Voltage Rating,,,Amperage Rating,,,Dimensions,,,Mounting Type,,,Material,,,Color,,,Sound Level,,,Additional Information,,,,,,,,,,,,,,,led_type,Med,,color_temperature,27k,,quantity_per_package,100/150/200,,,,,,,,,,,,,,,,,,,,,,,,,,,,,,,,,,,,,,,,,,,,,,,,,,,,,,,,,,,,,,,,,,,,,,,,,,,,,,,,,,,,,,,,,,,,,,,,,,,,,,,,1,EA,,,,,,,,,,,,,,,,,,,,,,,,,,,,,,,,,,,,,US,No,No
https://www.lighting.philips.com/product/565374,,,,,,565374,,,,565374,565374,565374 75W Led A19 Med 27k 4pk,-- Unbranded --,-- No Unilog Brand --,-- No DIB Brand --,Phillips Lighting (5831),Signify N.V.,PHILIPS LIGHTING®,,565374,,,"PHILIPS LIGHTING®, Light Bulb, 565374",LIGHT BULB,"PHILIPS LIGHTING®, 565374, Light Bulb",PHILIPS LIGHTING® Light Bulb,"PHILIPS LIGHTING®, Light Bulb",,,,,,,,,,,,,,,,,,,,,,,,,,,Light Bulb,Series,,,Model,,,Item Type,,,Voltage Rating,,,Amperage Rating,,,Dimensions,,,Mounting Type,,,Material,,,Color,,,Sound Level,,,Additional Information,,,,,,,,,,,,,,,wattage,75W,,bulb_type,A19,,base_type,Med,,color_temperature,27k,,pack_quantity,4pk,,,,,,,,,,,,,,,,,,,,,,,,,,,,,,,,,,,,,,,,,,,,,,,,,,,,,,,,,,,,,,,,,,,,,,,,,,,,,,,,,,,,,,,,,,,,,,,,,,1,EA,,,,,,,,,,,,,,,,,,,,,,,,,,,,,,,,,,,,,US,No,No
https://www.lighting.philips.com/product/565390,,,,,,565390,,,,565390,565390,565390 75W Led A19 Med 50k 4pk,-- Unbranded --,-- No Unilog Brand --,-- No DIB Brand --,Phillips Lighting (5831),Signify N.V.,PHILIPS LIGHTING®,,565390,,,"PHILIPS LIGHTING®, Light Bulb, 565390",LIGHT BULB,"PHILIPS LIGHTING®, 565390, Light Bulb",PHILIPS LIGHTING® Light Bulb,"PHILIPS LIGHTING®, Light Bulb",,,,,,,,,,,,,,,,,,,,,,,,,,,Light Bulb,Series,,,Model,,,Item Type,,,Voltage Rating,,,Amperage Rating,,,Dimensions,,,Mounting Type,,,Material,,,Color,,,Sound Level,,,Additional Information,,,,,,,,,,,,,,,wattage,75W,,bulb_type,A19,,base,Med,,color_temperature,50k,,pack_quantity,4pk,,,,,,,,,,,,,,,,,,,,,,,,,,,,,,,,,,,,,,,,,,,,,,,,,,,,,,,,,,,,,,,,,,,,,,,,,,,,,,,,,,,,,,,,,,,,,,,,,,1,EA,,,,,,,,,,,,,,,,,,,,,,,,,,,,,,,,,,,,,US,No,No
https://www.festoolusa.com/product/576371,,,,,,576371,,,,576371,576371,576371 100/150/200 Led Med 50k,-- Unbranded --,-- No Unilog Brand --,-- No DIB Brand --,Phillips Lighting (5831),Festool GmbH,FESTOOL®,,576371,,,"FESTOOL®, Light Bulb, 576371",LIGHT BULB,"FESTOOL®, 576371, Light Bulb",FESTOOL® Light Bulb,"FESTOOL®, Light Bulb",,,,,,,,,,,,,,,,,,,,,,,,,,,Light Bulb,Series,,,Model,,,Item Type,,,Voltage Rating,,,Amperage Rating,,,Dimensions,,,Mounting Type,,,Material,,,Color,,,Sound Level,,,Additional Information,,,,,,,,,,,,,,,quantity_per_package,100/150/200,,color_temperature,50k,,led_type,Med,,,,,,,,,,,,,,,,,,,,,,,,,,,,,,,,,,,,,,,,,,,,,,,,,,,,,,,,,,,,,,,,,,,,,,,,,,,,,,,,,,,,,,,,,,,,,,,,,,,,,,,,1,EA,,,,,,,,,,,,,,,,,,,,,,,,,,,,,,,,,,,,,US,No,No
https://www.festoolusa.com/product/576496,,,,,,576496,,,,576496,576496,576496 45W Led R20 Med 27k,-- Unbranded --,-- No Unilog Brand --,-- No DIB Brand --,Phillips Lighting (5831),Festool GmbH,FESTOOL®,,576496,,,"FESTOOL®, Light Bulb, 576496",LIGHT BULB,"FESTOOL®, 576496, Light Bulb",FESTOOL® Light Bulb,"FESTOOL®, Light Bulb",,,,,,,,,,,,,,,,,,,,,,,,,,,Light Bulb,Series,,,Model,,,Item Type,,,Voltage Rating,,,Amperage Rating,,,Dimensions,,,Mounting Type,,,Material,,,Color,,,Sound Level,,,Additional Information,,,,,,,,,,,,,,,wattage,45W,,bulb_type,R20,,base,Med,,color_temperature,27k,,,,,,,,,,,,,,,,,,,,,,,,,,,,,,,,,,,,,,,,,,,,,,,,,,,,,,,,,,,,,,,,,,,,,,,,,,,,,,,,,,,,,,,,,,,,,,,,,,,,,1,EA,,,,,,,,,,,,,,,,,,,,,,,,,,,,,,,,,,,,,US,No,No
https://www.lighting.philips.com/product/564856,,,,,,564856,,,,564856,564856,564856 40W Led ST19 27k 2pk,-- Unbranded --,-- No Unilog Brand --,-- No DIB Brand --,Phillips Lighting (5831),Signify N.V.,PHILIPS LIGHTING®,,564856,,,"PHILIPS LIGHTING®, Light Bulb, 564856",LIGHT BULB 120 V ST19,"PHILIPS LIGHTING®, 564856, Light Bulb","PHILIPS LIGHTING® Light Bulb, 120 V, ST19","PHILIPS LIGHTING®, Light Bulb",,,,,,,,,,,,,,,,,,,,,,,,,,,Light Bulb,Series,,,Model,,,Item Type,,,Voltage Rating,120,V,Amperage Rating,,,Dimensions,ST19,,Mounting Type,,,Material,,,Color,,,Sound Level,,,Additional Information,,,,,,,,,,,,,,,wattage,40W,,color_temperature,27k,,pack_quantity,2pk,,,,,,,,,,,,,,,,,,,,,,,,,,,,,,,,,,,,,,,,,,,,,,,,,,,,,,,,,,,,,,,,,,,,,,,,,,,,,,,,,,,,,,,,,,,,,,,,,,,,,,,,1,EA,,,,,,,,,,,,,,,,,,,,,,,,,,,,,,,,,,,,,US,No,No
https://www.lighting.philips.com/product/565796,,,,,,565796,,,,565796,565796,565796 60W Led A19 Med 20k,-- Unbranded --,-- No Unilog Brand --,-- No DIB Brand --,Phillips Lighting (5831),Signify N.V.,PHILIPS LIGHTING®,,565796,,,"PHILIPS LIGHTING®, Light Bulb, 565796",LIGHT BULB 120 V A19,"PHILIPS LIGHTING®, 565796, Light Bulb","PHILIPS LIGHTING® Light Bulb, 120 V, A19","PHILIPS LIGHTING®, Light Bulb",,,,,,,,,,,,,,,,,,,,,,,,,,,Light Bulb,Series,,,Model,,,Item Type,,,Voltage Rating,120,V,Amperage Rating,,,Dimensions,A19,,Mounting Type,,,Material,,,Color,,,Sound Level,,,Additional Information,,,,,,,,,,,,,,,wattage,60W,,base_type,Med,,color_temperature,20k,,,,,,,,,,,,,,,,,,,,,,,,,,,,,,,,,,,,,,,,,,,,,,,,,,,,,,,,,,,,,,,,,,,,,,,,,,,,,,,,,,,,,,,,,,,,,,,,,,,,,,,,1,EA,,,,,,,,,,,,,,,,,,,,,,,,,,,,,,,,,,,,,US,No,No
https://www.festoolusa.com/product/576389,,,,,,576389,,,,576389,576389,576389 100/200/300 Led Med 27k,-- Unbranded --,-- No Unilog Brand --,-- No DIB Brand --,Phillips Lighting (5831),Festool GmbH,FESTOOL®,,576389,,,"FESTOOL®, Light Bulb, 576389",LIGHT BULB,"FESTOOL®, 576389, Light Bulb",FESTOOL® Light Bulb,"FESTOOL®, Light Bulb",,,,,,,,,,,,,,,,,,,,,,,,,,,Light Bulb,Series,,,Model,,,Item Type,,,Voltage Rating,,,Amperage Rating,,,Dimensions,,,Mounting Type,,,Material,,,Color,,,Sound Level,,,Additional Information,,,,,,,,,,,,,,,quantity_variants,100/200/300,,color_temperature,27k,,product_family,Led Med,,,,,,,,,,,,,,,,,,,,,,,,,,,,,,,,,,,,,,,,,,,,,,,,,,,,,,,,,,,,,,,,,,,,,,,,,,,,,,,,,,,,,,,,,,,,,,,,,,,,,,,,1,EA,,,,,,,,,,,,,,,,,,,,,,,,,,,,,,,,,,,,,US,No,No
https://www.lighting.philips.com/product/564492,,,,,,564492,,,,564492,564492,564492 75W Adj Base 27k 3pk,-- Unbranded --,-- No Unilog Brand --,-- No DIB Brand --,Phillips Lighting (5831),Signify N.V.,PHILIPS LIGHTING®,,564492,,,"PHILIPS LIGHTING®, Light Bulb, 564492",LIGHT BULB 120 A19,"PHILIPS LIGHTING®, 564492, Light Bulb","PHILIPS LIGHTING® Light Bulb, 120 V, A19","PHILIPS LIGHTING®, Light Bulb",,,,,,,,,,,,,,,,,,,,,,,,,,,Light Bulb,Series,,,Model,,,Item Type,,,Voltage Rating,120,,Amperage Rating,,,Dimensions,A19,,Mounting Type,,,Material,,,Color,,,Sound Level,,,Additional Information,,,,,,,,,,,,,,,wattage,75W,,base_type,Adj Base,,color_temperature,27k,,pack_quantity,3pk,,,,,,,,,,,,,,,,,,,,,,,,,,,,,,,,,,,,,,,,,,,,,,,,,,,,,,,,,,,,,,,,,,,,,,,,,,,,,,,,,,,,,,,,,,,,,,,,,,,,,1,EA,,,,,,,,,,,,,,,,,,,,,,,,,,,,,,,,,,,,,US,No,No
https://www.lighting.philips.com/product/603449,,,,,,603449,,,,603449,603449,603449 Wiz 60W Led Med Clr Ch,-- Unbranded --,-- No Unilog Brand --,-- No DIB Brand --,Phillips Lighting (5831),Signify N.V.,PHILIPS LIGHTING®,,603449,,,"PHILIPS LIGHTING®, Light Bulb, 603449",LIGHT BULB 120 V A19,"PHILIPS LIGHTING®, 603449, Light Bulb","PHILIPS LIGHTING® Light Bulb, 120 V, A19","PHILIPS LIGHTING®, Light Bulb",,,,,,,,,,,,,,,,,,,,,,,,,,,Light Bulb,Series,,,Model,,,Item Type,,,Voltage Rating,120,V,Amperage Rating,,,Dimensions,A19,,Mounting Type,,,Material,,,Color,Clear,,Sound Level,,,Additional Information,,,,,,,,,,,,,,,wattage,60W,,base_type,Med,,,,,,,,,,,,,,,,,,,,,,,,,,,,,,,,,,,,,,,,,,,,,,,,,,,,,,,,,,,,,,,,,,,,,,,,,,,,,,,,,,,,,,,,,,,,,,,,,,,,,,,,,,,1,EA,,,,,,,,,,,,,,,,,,,,,,,,,,,,,,,,,,,,,US,No,No
https://www.ustape.com/product/586909,,,,,,586909,,,,586909,586909,586909 Led 60W Med A19 27K,-- Unbranded --,-- No Unilog Brand --,-- No DIB Brand --,Phillips Lighting (5831),U.S. Tape Company,U.S. TAPE®,,586909,,,"U.S. TAPE®, Light Bulb, 586909",LIGHT BULB 120 V A19,"U.S. TAPE®, 586909, Light Bulb","U.S. TAPE® Light Bulb, 120 V, A19","U.S. TAPE®, Light Bulb",,,,,,,,,,,,,,,,,,,,,,,,,,,Light Bulb,Series,,,Model,,,Item Type,,,Voltage Rating,120,V,Amperage Rating,,,Dimensions,A19,,Mounting Type,,,Material,,,Color,,,Sound Level,,,Additional Information,,,,,,,,,,,,,,,wattage,60W,,color_temperature,27K,,base_type,Med,,,,,,,,,,,,,,,,,,,,,,,,,,,,,,,,,,,,,,,,,,,,,,,,,,,,,,,,,,,,,,,,,,,,,,,,,,,,,,,,,,,,,,,,,,,,,,,,,,,,,,,,1,EA,,,,,,,,,,,,,,,,,,,,,,,,,,,,,,,,,,,,,US,No,No
https://www.lighting.philips.com/product/566364,,,,,,566364,,,,566364,566364,566364 75W Led ST19 27k 4pk,-- Unbranded --,-- No Unilog Brand --,-- No DIB Brand --,Phillips Lighting (5831),Signify N.V.,PHILIPS LIGHTING®,,566364,,,"PHILIPS LIGHTING®, Light Bulb, 566364",LIGHT BULB,"PHILIPS LIGHTING®, 566364, Light Bulb",PHILIPS LIGHTING® Light Bulb,"PHILIPS LIGHTING®, Light Bulb",,,,,,,,,,,,,,,,,,,,,,,,,,,Light Bulb,Series,,,Model,,,Item Type,,,Voltage Rating,,,Amperage Rating,,,Dimensions,,,Mounting Type,,,Material,,,Color,,,Sound Level,,,Additional Information,,,,,,,,,,,,,,,wattage,75W,,bulb_type,ST19,,color_temperature,27k,,pack_quantity,4pk,,,,,,,,,,,,,,,,,,,,,,,,,,,,,,,,,,,,,,,,,,,,,,,,,,,,,,,,,,,,,,,,,,,,,,,,,,,,,,,,,,,,,,,,,,,,,,,,,,,,,1,EA,,,,,,,,,,,,,,,,,,,,,,,,,,,,,,,,,,,,,US,No,No
https://www.festoolusa.com/product/576397,,,,,,576397,,,,576397,576397,576394 100/200/300 Led A23 50k,-- Unbranded --,-- No Unilog Brand --,-- No DIB Brand --,Phillips Lighting (5831),Festool GmbH,FESTOOL®,,576397,,,"FESTOOL®, Light Bulb, 576397",LIGHT BULB,"FESTOOL®, 576397, Light Bulb",FESTOOL® Light Bulb,"FESTOOL®, Light Bulb",,,,,,,,,,,,,,,,,,,,,,,,,,,Light Bulb,Series,,,Model,,,Item Type,,,Voltage Rating,,,Amperage Rating,,,Dimensions,,,Mounting Type,,,Material,,,Color,,,Sound Level,,,Additional Information,,,,,,,,,,,,,,,description,576394 100/200/300 Led A23 50k,,mpn,576397,,manufacturer,FESTOOL,,catalog_category,General Commercial,,,,,,,,,,,,,,,,,,,,,,,,,,,,,,,,,,,,,,,,,,,,,,,,,,,,,,,,,,,,,,,,,,,,,,,,,,,,,,,,,,,,,,,,,,,,,,,,,,,,,1,EA,,,,,,,,,,,,,,,,,,,,,,,,,,,,,,,,,,,,,US,No,No
https://www.festoolusa.com/product/571497,,,,,,571497,,,,571497,571497,571497 150W Led Med 27k,-- Unbranded --,-- No Unilog Brand --,-- No DIB Brand --,Phillips Lighting (5831),Festool GmbH,FESTOOL®,,571497,,,"FESTOOL®, Light Bulb, 571497",LIGHT BULB,"FESTOOL®, 571497, Light Bulb",FESTOOL® Light Bulb,"FESTOOL®, Light Bulb",,,,,,,,,,,,,,,,,,,,,,,,,,,Light Bulb,Series,,,Model,,,Item Type,,,Voltage Rating,,,Amperage Rating,,,Dimensions,,,Mounting Type,,,Material,,,Color,,,Sound Level,,,Additional Information,,,,,,,,,,,,,,,wattage,150W,,color_temperature,27k,,led_type,Med,,,,,,,,,,,,,,,,,,,,,,,,,,,,,,,,,,,,,,,,,,,,,,,,,,,,,,,,,,,,,,,,,,,,,,,,,,,,,,,,,,,,,,,,,,,,,,,,,,,,,,,,1,EA,,,,,,,,,,,,,,,,,,,,,,,,,,,,,,,,,,,,,US,No,No
https://www.festoolusa.com/product/576306,,,,,,576306,,,,576306,576306,576306 40W Led A19 5CCT 4pk,-- Unbranded --,-- No Unilog Brand --,-- No DIB Brand --,Phillips Lighting (5831),Festool GmbH,FESTOOL®,,576306,,,"FESTOOL®, Light Bulb, 576306",LIGHT BULB,"FESTOOL®, 576306, Light Bulb",FESTOOL® Light Bulb,"FESTOOL®, Light Bulb",,,,,,,,,,,,,,,,,,,,,,,,,,,Light Bulb,Series,,,Model,,,Item Type,,,Voltage Rating,,,Amperage Rating,,,Dimensions,,,Mounting Type,,,Material,,,Color,,,Sound Level,,,Additional Information,,,,,,,,,,,,,,,wattage,40W,,bulb_type,A19,,cct,5CCT,,pack_quantity,4pk,,,,,,,,,,,,,,,,,,,,,,,,,,,,,,,,,,,,,,,,,,,,,,,,,,,,,,,,,,,,,,,,,,,,,,,,,,,,,,,,,,,,,,,,,,,,,,,,,,,,,1,EA,,,,,,,,,,,,,,,,,,,,,,,,,,,,,,,,,,,,,US,No,No
https://www.ustape.com/product/588533,,,,,,588533,,,,588533,588533,588533 40W Led Cand 3pk,-- Unbranded --,-- No Unilog Brand --,-- No DIB Brand --,Phillips Lighting (5831),U.S. Tape Company,U.S. TAPE®,,588533,,,"U.S. TAPE®, Light Bulb, 588533",LIGHT BULB 120 3.54 X 4.13 IN,"U.S. TAPE®, 588533, Light Bulb","U.S. TAPE® Light Bulb, 120 V, 3.54 x 4.13 in","U.S. TAPE®, Light Bulb",,,,,,,,,,,,,,,,,,,,,,,,,,,Light Bulb,Series,,,Model,,,Item Type,,,Voltage Rating,120,,Amperage Rating,,,Dimensions,3.54 x 4.13 in,,Mounting Type,,,Material,,,Color,,,Sound Level,,,Additional Information,,,,,,,,,,,,,,,package_quantity,3pk,,wattage,40W,,technology,LED,,color_temperature,Cand,,,,,,,,,,,,,,,,,,,,,,,,,,,,,,,,,,,,,,,,,,,,,,,,,,,,,,,,,,,,,,,,,,,,,,,,,,,,,,,,,,,,,,,,,,,,,,,,,,,,,1,EA,,,,,,,,,,,,,,,,,,,,,,,,,,,,,,,,,,,,,US,No,No
https://www.festoolusa.com/product/576520,,,,,,576520,,,,576520,576520,576520 65W Led Med 27k,-- Unbranded --,-- No Unilog Brand --,-- No DIB Brand --,Phillips Lighting (5831),Festool GmbH,FESTOOL®,,576520,,,"FESTOOL®, Light Bulb, 576520",LIGHT BULB,"FESTOOL®, 576520, Light Bulb",FESTOOL® Light Bulb,"FESTOOL®, Light Bulb",,,,,,,,,,,,,,,,,,,,,,,,,,,Light Bulb,Series,,,Model,,,Item Type,,,Voltage Rating,,,Amperage Rating,,,Dimensions,,,Mounting Type,,,Material,,,Color,,,Sound Level,,,Additional Information,,,,,,,,,,,,,,,wattage,65W,,color_temperature,27k,,base_type,Med,,,,,,,,,,,,,,,,,,,,,,,,,,,,,,,,,,,,,,,,,,,,,,,,,,,,,,,,,,,,,,,,,,,,,,,,,,,,,,,,,,,,,,,,,,,,,,,,,,,,,,,,1,EA,,,,,,,,,,,,,,,,,,,,,,,,,,,,,,,,,,,,,US,No,No
https://www.festoolusa.com/product/574004,,,,,,574004,,,,574004,574004,574004 75W Led ST19 27k 2pk,-- Unbranded --,-- No Unilog Brand --,-- No DIB Brand --,Phillips Lighting (5831),Festool GmbH,FESTOOL®,,574004,,,"FESTOOL®, Light Bulb, 574004",LIGHT BULB,"FESTOOL®, 574004, Light Bulb",FESTOOL® Light Bulb,"FESTOOL®, Light Bulb",,,,,,,,,,,,,,,,,,,,,,,,,,,Light Bulb,Series,,,Model,,,Item Type,,,Voltage Rating,,,Amperage Rating,,,Dimensions,,,Mounting Type,,,Material,,,Color,,,Sound Level,,,Additional Information,,,,,,,,,,,,,,,wattage,75W,,bulb_type,ST19,,color_temperature,27k,,pack_quantity,2pk,,,,,,,,,,,,,,,,,,,,,,,,,,,,,,,,,,,,,,,,,,,,,,,,,,,,,,,,,,,,,,,,,,,,,,,,,,,,,,,,,,,,,,,,,,,,,,,,,,,,,1,EA,,,,,,,,,,,,,,,,,,,,,,,,,,,,,,,,,,,,,US,No,No
https://www.festoolusa.com/product/574012,,,,,,574012,,,,574012,574012,574012 75W Led ST19 50k 2pk,-- Unbranded --,-- No Unilog Brand --,-- No DIB Brand --,Phillips Lighting (5831),Festool GmbH,FESTOOL®,,574012,,,"FESTOOL®, Light Bulb, 574012",LIGHT BULB,"FESTOOL®, 574012, Light Bulb",FESTOOL® Light Bulb,"FESTOOL®, Light Bulb",,,,,,,,,,,,,,,,,,,,,,,,,,,Light Bulb,Series,,,Model,,,Item Type,,,Voltage Rating,,,Amperage Rating,,,Dimensions,,,Mounting Type,,,Material,,,Color,,,Sound Level,,,Additional Information,,,,,,,,,,,,,,,wattage,75W,,shape,ST19,,color_temperature,50k,,pack_quantity,2pk,,,,,,,,,,,,,,,,,,,,,,,,,,,,,,,,,,,,,,,,,,,,,,,,,,,,,,,,,,,,,,,,,,,,,,,,,,,,,,,,,,,,,,,,,,,,,,,,,,,,,1,EA,,,,,,,,,,,,,,,,,,,,,,,,,,,,,,,,,,,,,US,No,No
https://www.festoolusa.com/product/573971,,,,,,573971,,,,573971,573971,573971 75W Led ST19 20k 4pk,-- Unbranded --,-- No Unilog Brand --,-- No DIB Brand --,Phillips Lighting (5831),Festool GmbH,FESTOOL®,,573971,,,"FESTOOL®, Light Bulb, 573971",LIGHT BULB,"FESTOOL®, 573971, Light Bulb",FESTOOL® Light Bulb,"FESTOOL®, Light Bulb",,,,,,,,,,,,,,,,,,,,,,,,,,,Light Bulb,Series,,,Model,,,Item Type,,,Voltage Rating,,,Amperage Rating,,,Dimensions,,,Mounting Type,,,Material,,,Color,,,Sound Level,,,Additional Information,,,,,,,,,,,,,,,wattage,75W,,shape,ST19,,color_temperature,20k,,pack_quantity,4pk,,,,,,,,,,,,,,,,,,,,,,,,,,,,,,,,,,,,,,,,,,,,,,,,,,,,,,,,,,,,,,,,,,,,,,,,,,,,,,,,,,,,,,,,,,,,,,,,,,,,,1,EA,,,,,,,,,,,,,,,,,,,,,,,,,,,,,,,,,,,,,US,No,No
https://www.festoolusa.com/product/573989,,,,,,573989,,,,573989,573989,573989 40W Led Med 27K 4pk,-- Unbranded --,-- No Unilog Brand --,-- No DIB Brand --,Phillips Lighting (5831),Festool GmbH,FESTOOL®,,573989,,,"FESTOOL®, Light Bulb, 573989",LIGHT BULB 120,"FESTOOL®, 573989, Light Bulb","FESTOOL® Light Bulb, 120 V","FESTOOL®, Light Bulb",,,,,,,,,,,,,,,,,,,,,,,,,,,Light Bulb,Series,,,Model,,,Item Type,,,Voltage Rating,120,,Amperage Rating,,,Dimensions,,,Mounting Type,,,Material,,,Color,,,Sound Level,,,Additional Information,,,,,,,,,,,,,,,wattage,40W,,color_temperature,27K,,pack_quantity,4pk,,,,,,,,,,,,,,,,,,,,,,,,,,,,,,,,,,,,,,,,,,,,,,,,,,,,,,,,,,,,,,,,,,,,,,,,,,,,,,,,,,,,,,,,,,,,,,,,,,,,,,,,1,EA,,,,,,,,,,,,,,,,,,,,,,,,,,,,,,,,,,,,,US,No,No
https://www.festoolusa.com/product/576769,,,,,,576769,,,,576769,576769,576769 65W Led BR30 Med 27k,-- Unbranded --,-- No Unilog Brand --,-- No DIB Brand --,Phillips Lighting (5831),Festool GmbH,FESTOOL®,,576769,,,"FESTOOL®, Light Bulb, 576769",LIGHT BULB,"FESTOOL®, 576769, Light Bulb",FESTOOL® Light Bulb,"FESTOOL®, Light Bulb",,,,,,,,,,,,,,,,,,,,,,,,,,,Light Bulb,Series,,,Model,,,Item Type,,,Voltage Rating,,,Amperage Rating,,,Dimensions,,,Mounting Type,,,Material,,,Color,,,Sound Level,,,Additional Information,,,,,,,,,,,,,,,wattage,65W,,bulb_type,BR30,,base,Med,,color_temperature,27k,,,,,,,,,,,,,,,,,,,,,,,,,,,,,,,,,,,,,,,,,,,,,,,,,,,,,,,,,,,,,,,,,,,,,,,,,,,,,,,,,,,,,,,,,,,,,,,,,,,,,1,EA,,,,,,,,,,,,,,,,,,,,,,,,,,,,,,,,,,,,,US,No,No
https://www.lighting.philips.com/product/567446,,,,,,567446,,,,567446,567446,567446 60W Led Med 50K 3pk,-- Unbranded --,-- No Unilog Brand --,-- No DIB Brand --,Phillips Lighting (5831),Signify N.V.,PHILIPS LIGHTING®,,567446,,,"PHILIPS LIGHTING®, Light Bulb, 567446",LIGHT BULB,"PHILIPS LIGHTING®, 567446, Light Bulb",PHILIPS LIGHTING® Light Bulb,"PHILIPS LIGHTING®, Light Bulb",,,,,,,,,,,,,,,,,,,,,,,,,,,Light Bulb,Series,,,Model,,,Item Type,,,Voltage Rating,,,Amperage Rating,,,Dimensions,,,Mounting Type,,,Material,,,Color,,,Sound Level,,,Additional Information,,,,,,,,,,,,,,,wattage,60W,,color_temperature,50K,,package_quantity,3pk,,,,,,,,,,,,,,,,,,,,,,,,,,,,,,,,,,,,,,,,,,,,,,,,,,,,,,,,,,,,,,,,,,,,,,,,,,,,,,,,,,,,,,,,,,,,,,,,,,,,,,,,1,EA,,,,,,,,,,,,,,,,,,,,,,,,,,,,,,,,,,,,,US,No,No
https://www.festoolusa.com/product/573997,,,,,,573997,,,,573997,573997,573997 40W Led Med 50k 4pk,-- Unbranded --,-- No Unilog Brand --,-- No DIB Brand --,Phillips Lighting (5831),Festool GmbH,FESTOOL®,,573997,,,"FESTOOL®, Light Bulb, 573997",LIGHT BULB 120 A19,"FESTOOL®, 573997, Light Bulb","FESTOOL® Light Bulb, 120 V, A19","FESTOOL®, Light Bulb",,,,,,,,,,,,,,,,,,,,,,,,,,,Light Bulb,Series,,,Model,,,Item Type,,,Voltage Rating,120,,Amperage Rating,,,Dimensions,A19,,Mounting Type,,,Material,,,Color,,,Sound Level,,,Additional Information,,,,,,,,,,,,,,,wattage,40W,,color_temperature,50k,,pack_quantity,4pk,,,,,,,,,,,,,,,,,,,,,,,,,,,,,,,,,,,,,,,,,,,,,,,,,,,,,,,,,,,,,,,,,,,,,,,,,,,,,,,,,,,,,,,,,,,,,,,,,,,,,,,,1,EA,,,,,,,,,,,,,,,,,,,,,,,,,,,,,,,,,,,,,US,No,No
https://www.festoolusa.com/product/571463,,,,,,571463,,,,571463,571463,571463 100W Led BR30 Med 50k,-- Unbranded --,-- No Unilog Brand --,-- No DIB Brand --,Phillips Lighting (5831),Festool GmbH,FESTOOL®,,571463,,,"FESTOOL®, Light Bulb, 571463",LIGHT BULB,"FESTOOL®, 571463, Light Bulb",FESTOOL® Light Bulb,"FESTOOL®, Light Bulb",,,,,,,,,,,,,,,,,,,,,,,,,,,Light Bulb,Series,,,Model,,,Item Type,,,Voltage Rating,,,Amperage Rating,,,Dimensions,,,Mounting Type,,,Material,,,Color,,,Sound Level,,,Additional Information,,,,,,,,,,,,,,,wattage,100W,,bulb_type,BR30,,base,Med,,color_temperature,50k,,,,,,,,,,,,,,,,,,,,,,,,,,,,,,,,,,,,,,,,,,,,,,,,,,,,,,,,,,,,,,,,,,,,,,,,,,,,,,,,,,,,,,,,,,,,,,,,,,,,,1,EA,,,,,,,,,,,,,,,,,,,,,,,,,,,,,,,,,,,,,US,No,No
https://www.festoolusa.com/product/576512,,,,,,576512,,,,576512,576512,576512 65W Led BR40 Med 27k,-- Unbranded --,-- No Unilog Brand --,-- No DIB Brand --,Phillips Lighting (5831),Festool GmbH,FESTOOL®,,576512,,,"FESTOOL®, Light Bulb, 576512",LIGHT BULB,"FESTOOL®, 576512, Light Bulb",FESTOOL® Light Bulb,"FESTOOL®, Light Bulb",,,,,,,,,,,,,,,,,,,,,,,,,,,Light Bulb,Series,,,Model,,,Item Type,,,Voltage Rating,,,Amperage Rating,,,Dimensions,,,Mounting Type,,,Material,,,Color,,,Sound Level,,,Additional Information,,,,,,,,,,,,,,,wattage,65W,,bulb_type,BR40,,base,Med,,color_temperature,27k,,,,,,,,,,,,,,,,,,,,,,,,,,,,,,,,,,,,,,,,,,,,,,,,,,,,,,,,,,,,,,,,,,,,,,,,,,,,,,,,,,,,,,,,,,,,,,,,,,,,,1,EA,,,,,,,,,,,,,,,,,,,,,,,,,,,,,,,,,,,,,US,No,No
https://www.ustape.com/product/581181,,,,,,581181,,,,581181,581181,581181 40W Led Med 2pk,-- Unbranded --,-- No Unilog Brand --,-- No DIB Brand --,Phillips Lighting (5831),U.S. Tape Company,U.S. TAPE®,,581181,,,"U.S. TAPE®, Light Bulb, 581181",LIGHT BULB 120 A19,"U.S. TAPE®, 581181, Light Bulb","U.S. TAPE® Light Bulb, 120 V, A19","U.S. TAPE®, Light Bulb",,,,,,,,,,,,,,,,,,,,,,,,,,,Light Bulb,Series,,,Model,,,Item Type,,,Voltage Rating,120,,Amperage Rating,,,Dimensions,A19,,Mounting Type,,,Material,,,Color,,,Sound Level,,,Additional Information,,,,,,,,,,,,,,,wattage,40W,,base_type,Med,,pack_quantity,2pk,,,,,,,,,,,,,,,,,,,,,,,,,,,,,,,,,,,,,,,,,,,,,,,,,,,,,,,,,,,,,,,,,,,,,,,,,,,,,,,,,,,,,,,,,,,,,,,,,,,,,,,,1,EA,,,,,,,,,,,,,,,,,,,,,,,,,,,,,,,,,,,,,US,No,No
,,,,,,GT-CB-100C,,,,GT-CB-100C,GT-CB-100C,GTCB100C Led 100W Cob Bulb,-- Unbranded --,-- No Unilog Brand --,-- No DIB Brand --,Keystone (5702),Keystone,Keystone,,GT-CB-100C,,,"Keystone, Light Bulb, GT-CB-100C",LIGHT BULB 120 V A19,"Keystone, GT-CB-100C, Light Bulb","Keystone Light Bulb, 120 V, A19","Keystone, Light Bulb",,,,,,,,,,,,,,,,,,,,,,,,,,,Light Bulb,Series,,,Model,,,Item Type,,,Voltage Rating,120,V,Amperage Rating,,,Dimensions,A19,,Mounting Type,,,Material,,,Color,,,Sound Level,,,Additional Information,,,,,,,,,,,,,,,wattage,100W,,technology,LED,,bulb_type,Cob,,category,General Commercial,,,,,,,,,,,,,,,,,,,,,,,,,,,,,,,,,,,,,,,,,,,,,,,,,,,,,,,,,,,,,,,,,,,,,,,,,,,,,,,,,,,,,,,,,,,,,,,,,,,,,1,EA,,,,,,,,,,,,,,,,,,,,,,,,,,,,,,,,,,,,,US,No,No
https://www.lighting.philips.com/product/566430,,,,,,566430,,,,566430,566430,566430 75W Led Med 50k 4pk,-- Unbranded --,-- No Unilog Brand --,-- No DIB Brand --,Phillips Lighting (5831),Signify N.V.,PHILIPS LIGHTING®,,566430,,,"PHILIPS LIGHTING®, Light Bulb, 566430",LIGHT BULB,"PHILIPS LIGHTING®, 566430, Light Bulb",PHILIPS LIGHTING® Light Bulb,"PHILIPS LIGHTING®, Light Bulb",,,,,,,,,,,,,,,,,,,,,,,,,,,Light Bulb,Series,,,Model,,,Item Type,,,Voltage Rating,,,Amperage Rating,,,Dimensions,,,Mounting Type,,,Material,,,Color,,,Sound Level,,,Additional Information,,,,,,,,,,,,,,,wattage,75W,,color_temperature,50k,,package_quantity,4pk,,,,,,,,,,,,,,,,,,,,,,,,,,,,,,,,,,,,,,,,,,,,,,,,,,,,,,,,,,,,,,,,,,,,,,,,,,,,,,,,,,,,,,,,,,,,,,,,,,,,,,,,1,EA,,,,,,,,,,,,,,,,,,,,,,,,,,,,,,,,,,,,,US,No,No
https://www.lighting.philips.com/product/568337,,,,,,568337,,,,568337,568337,568337 120W Led Par38 Med 50k,-- Unbranded --,-- No Unilog Brand --,-- No DIB Brand --,Phillips Lighting (5831),Signify N.V.,PHILIPS LIGHTING®,,568337,,,"PHILIPS LIGHTING®, Light Bulb, 568337",LIGHT BULB 120 PAR38,"PHILIPS LIGHTING®, 568337, Light Bulb","PHILIPS LIGHTING® Light Bulb, 120 V, Par38","PHILIPS LIGHTING®, Light Bulb",,,,,,,,,,,,,,,,,,,,,,,,,,,Light Bulb,Series,,,Model,,,Item Type,,,Voltage Rating,120,,Amperage Rating,,,Dimensions,Par38,,Mounting Type,,,Material,,,Color,,,Sound Level,,,Additional Information,,,,,,,,,,,,,,,wattage,120W,,color_temperature,50k,,manufacturer,PHILIPS LIGHTING®,,category,General Commercial,,,,,,,,,,,,,,,,,,,,,,,,,,,,,,,,,,,,,,,,,,,,,,,,,,,,,,,,,,,,,,,,,,,,,,,,,,,,,,,,,,,,,,,,,,,,,,,,,,,,,1,EA,,,,,,,,,,,,,,,,,,,,,,,,,,,,,,,,,,,,,US,No,No
https://www.lighting.philips.com/product/565788,,,,,,565788,,,,565788,565788,565788 40W Led A19 Med 27k,-- Unbranded --,-- No Unilog Brand --,-- No DIB Brand --,Phillips Lighting (5831),Signify N.V.,PHILIPS LIGHTING®,,565788,,,"PHILIPS LIGHTING®, Light Bulb, 565788",LIGHT BULB 120 V A19,"PHILIPS LIGHTING®, 565788, Light Bulb","PHILIPS LIGHTING® Light Bulb, 120 V, A19","PHILIPS LIGHTING®, Light Bulb",,,,,,,,,,,,,,,,,,,,,,,,,,,Light Bulb,Series,,,Model,,,Item Type,,,Voltage Rating,120,V,Amperage Rating,,,Dimensions,A19,,Mounting Type,,,Material,,,Color,,,Sound Level,,,Additional Information,,,,,,,,,,,,,,,wattage,40W,,color_temperature,27k,,base_type,Med,,,,,,,,,,,,,,,,,,,,,,,,,,,,,,,,,,,,,,,,,,,,,,,,,,,,,,,,,,,,,,,,,,,,,,,,,,,,,,,,,,,,,,,,,,,,,,,,,,,,,,,,1,EA,,,,,,,,,,,,,,,,,,,,,,,,,,,,,,,,,,,,,US,No,No
https://www.lighting.philips.com/product/565770,,,,,,565770,,,,565770,565770,565770 40W Led A19 Med 50k,-- Unbranded --,-- No Unilog Brand --,-- No DIB Brand --,Phillips Lighting (5831),Signify N.V.,PHILIPS LIGHTING®,,565770,,,"PHILIPS LIGHTING®, Light Bulb, 565770",LIGHT BULB 120 V A19,"PHILIPS LIGHTING®, 565770, Light Bulb","PHILIPS LIGHTING® Light Bulb, 120 V, A19","PHILIPS LIGHTING®, Light Bulb",,,,,,,,,,,,,,,,,,,,,,,,,,,Light Bulb,Series,,,Model,,,Item Type,,,Voltage Rating,120,V,Amperage Rating,,,Dimensions,A19,,Mounting Type,,,Material,,,Color,,,Sound Level,,,Additional Information,,,,,,,,,,,,,,,wattage,40W,,color_temperature,50k,,base_type,Med,,,,,,,,,,,,,,,,,,,,,,,,,,,,,,,,,,,,,,,,,,,,,,,,,,,,,,,,,,,,,,,,,,,,,,,,,,,,,,,,,,,,,,,,,,,,,,,,,,,,,,,,1,EA,,,,,,,,,,,,,,,,,,,,,,,,,,,,,,,,,,,,,US,No,No
https://www.festoolusa.com/product/573436,,,,,,573436,,,,573436,573436,573436 60W Led A19 Med 27k 2pk,-- Unbranded --,-- No Unilog Brand --,-- No DIB Brand --,Phillips Lighting (5831),Festool GmbH,FESTOOL®,,573436,,,"FESTOOL®, Light Bulb, 573436",LIGHT BULB 120 A19,"FESTOOL®, 573436, Light Bulb","FESTOOL® Light Bulb, 120 V, A19","FESTOOL®, Light Bulb",,,,,,,,,,,,,,,,,,,,,,,,,,,Light Bulb,Series,,,Model,,,Item Type,,,Voltage Rating,120,,Amperage Rating,,,Dimensions,A19,,Mounting Type,,,Material,,,Color,,,Sound Level,,,Additional Information,,,,,,,,,,,,,,,wattage,60W,,color_temperature,27k,,pack_quantity,2pk,,,,,,,,,,,,,,,,,,,,,,,,,,,,,,,,,,,,,,,,,,,,,,,,,,,,,,,,,,,,,,,,,,,,,,,,,,,,,,,,,,,,,,,,,,,,,,,,,,,,,,,,1,EA,,,,,,,,,,,,,,,,,,,,,,,,,,,,,,,,,,,,,US,No,No
https://www.festoolusa.com/product/576538,,,,,,576538,,,,576538,576538,576538 65W Led BR30 Med 50k,-- Unbranded --,-- No Unilog Brand --,-- No DIB Brand --,Phillips Lighting (5831),Festool GmbH,FESTOOL®,,576538,,,"FESTOOL®, Light Bulb, 576538",LIGHT BULB,"FESTOOL®, 576538, Light Bulb",FESTOOL® Light Bulb,"FESTOOL®, Light Bulb",,,,,,,,,,,,,,,,,,,,,,,,,,,Light Bulb,Series,,,Model,,,Item Type,,,Voltage Rating,,,Amperage Rating,,,Dimensions,,,Mounting Type,,,Material,,,Color,,,Sound Level,,,Additional Information,,,,,,,,,,,,,,,wattage,65W,,bulb_type,BR30,,base,Med,,color_temperature,50k,,category,General Commercial,,,,,,,,,,,,,,,,,,,,,,,,,,,,,,,,,,,,,,,,,,,,,,,,,,,,,,,,,,,,,,,,,,,,,,,,,,,,,,,,,,,,,,,,,,,,,,,,,,1,EA,,,,,,,,,,,,,,,,,,,,,,,,,,,,,,,,,,,,,US,No,No
https://www.festoolusa.com/product/573451,,,,,,573451,,,,573451,573451,573451 40W Led Med 27k 2pk,-- Unbranded --,-- No Unilog Brand --,-- No DIB Brand --,Phillips Lighting (5831),Festool GmbH,FESTOOL®,,573451,,,"FESTOOL®, Light Bulb, 573451",LIGHT BULB,"FESTOOL®, 573451, Light Bulb",FESTOOL® Light Bulb,"FESTOOL®, Light Bulb",,,,,,,,,,,,,,,,,,,,,,,,,,,Light Bulb,Series,,,Model,,,Item Type,,,Voltage Rating,,,Amperage Rating,,,Dimensions,,,Mounting Type,,,Material,,,Color,,,Sound Level,,,Additional Information,,,,,,,,,,,,,,,wattage,40W,,color_temperature,27k,,pack_quantity,2pk,,,,,,,,,,,,,,,,,,,,,,,,,,,,,,,,,,,,,,,,,,,,,,,,,,,,,,,,,,,,,,,,,,,,,,,,,,,,,,,,,,,,,,,,,,,,,,,,,,,,,,,,1,EA,,,,,,,,,,,,,,,,,,,,,,,,,,,,,,,,,,,,,US,No,No
https://www.ustape.com/product/586883,,,,,,586883,,,,586883,586883,586883 100W Led Multi CCT 2pk,-- Unbranded --,-- No Unilog Brand --,-- No DIB Brand --,Phillips Lighting (5831),U.S. Tape Company,U.S. TAPE®,,586883,,,"U.S. TAPE®, Light Bulb, 586883",LIGHT BULB 120 V 2.36 X 4.72 IN,"U.S. TAPE®, 586883, Light Bulb","U.S. TAPE® Light Bulb, 120 V, 2.36 x 4.72 in","U.S. TAPE®, Light Bulb",,,,,,,,,,,,,,,,,,,,,,,,,,,Light Bulb,Series,,,Model,,,Item Type,,,Voltage Rating,120,V,Amperage Rating,,,Dimensions,2.36 x 4.72 in,,Mounting Type,,,Material,,,Color,,,Sound Level,,,Additional Information,,,,,,,,,,,,,,,Package Quantity,2pk,,Wattage,100W,,CCT,Multi CCT,,,,,,,,,,,,,,,,,,,,,,,,,,,,,,,,,,,,,,,,,,,,,,,,,,,,,,,,,,,,,,,,,,,,,,,,,,,,,,,,,,,,,,,,,,,,,,,,,,,,,,,,1,EA,,,,,,,,,,,,,,,,,,,,,,,,,,,,,,,,,,,,,US,No,No
https://www.ustape.com/product/586859,,,,,,586859,,,,586859,586859,586859 40W Led Med 27K Back Up,-- Unbranded --,-- No Unilog Brand --,-- No DIB Brand --,Phillips Lighting (5831),U.S. Tape Company,U.S. TAPE®,,586859,,,"U.S. TAPE®, Light Bulb, 586859",LIGHT BULB 120 V,"U.S. TAPE®, 586859, Light Bulb","U.S. TAPE® Light Bulb, 120 V","U.S. TAPE®, Light Bulb",,,,,,,,,,,,,,,,,,,,,,,,,,,Light Bulb,Series,,,Model,,,Item Type,,,Voltage Rating,120,V,Amperage Rating,,,Dimensions,,,Mounting Type,,,Material,,,Color,,,Sound Level,,,Additional Information,,,,,,,,,,,,,,,wattage,40W,,color_temperature,27K,,base_type,Med,,description,40W Led Med 27K Back Up,,,,,,,,,,,,,,,,,,,,,,,,,,,,,,,,,,,,,,,,,,,,,,,,,,,,,,,,,,,,,,,,,,,,,,,,,,,,,,,,,,,,,,,,,,,,,,,,,,,,,1,EA,,,,,,,,,,,,,,,,,,,,,,,,,,,,,,,,,,,,,US,No,No
https://www.festoolusa.com/product/576488,,,,,,576488,,,,576488,576488,576488 45W Led R20 Med 50k,-- Unbranded --,-- No Unilog Brand --,-- No DIB Brand --,Phillips Lighting (5831),Festool GmbH,FESTOOL®,,576488,,,"FESTOOL®, Light Bulb, 576488",LIGHT BULB,"FESTOOL®, 576488, Light Bulb",FESTOOL® Light Bulb,"FESTOOL®, Light Bulb",,,,,,,,,,,,,,,,,,,,,,,,,,,Light Bulb,Series,,,Model,,,Item Type,,,Voltage Rating,,,Amperage Rating,,,Dimensions,,,Mounting Type,,,Material,,,Color,,,Sound Level,,,Additional Information,,,,,,,,,,,,,,,wattage,45W,,bulb_type,R20,,base,Med,,color_temperature,50k,,,,,,,,,,,,,,,,,,,,,,,,,,,,,,,,,,,,,,,,,,,,,,,,,,,,,,,,,,,,,,,,,,,,,,,,,,,,,,,,,,,,,,,,,,,,,,,,,,,,,1,EA,,,,,,,,,,,,,,,,,,,,,,,,,,,,,,,,,,,,,US,No,No
https://www.festoolusa.com/product/575217,,,,,,575217,,,,575217,575217,575217 60W Led Med 50k 2pk,-- Unbranded --,-- No Unilog Brand --,-- No DIB Brand --,Phillips Lighting (5831),Festool GmbH,FESTOOL®,,575217,,,"FESTOOL®, Light Bulb, 575217",LIGHT BULB,"FESTOOL®, 575217, Light Bulb",FESTOOL® Light Bulb,"FESTOOL®, Light Bulb",,,,,,,,,,,,,,,,,,,,,,,,,,,Light Bulb,Series,,,Model,,,Item Type,,,Voltage Rating,,,Amperage Rating,,,Dimensions,,,Mounting Type,,,Material,,,Color,,,Sound Level,,,Additional Information,,,,,,,,,,,,,,,wattage,60W,,color_temperature,50k,,package_quantity,2pk,,,,,,,,,,,,,,,,,,,,,,,,,,,,,,,,,,,,,,,,,,,,,,,,,,,,,,,,,,,,,,,,,,,,,,,,,,,,,,,,,,,,,,,,,,,,,,,,,,,,,,,,1,EA,,,,,,,,,,,,,,,,,,,,,,,,,,,,,,,,,,,,,US,No,No
https://www.ustape.com/product/586479,,,,,,586479,,,,586479,586479,586479 90W Led Med Multi CCT,-- Unbranded --,-- No Unilog Brand --,-- No DIB Brand --,Phillips Lighting (5831),U.S. Tape Company,U.S. TAPE®,,586479,,,"U.S. TAPE®, Light Bulb, 586479",LIGHT BULB 120 V,"U.S. TAPE®, 586479, Light Bulb","U.S. TAPE® Light Bulb, 120 V","U.S. TAPE®, Light Bulb",,,,,,,,,,,,,,,,,,,,,,,,,,,Light Bulb,Series,,,Model,,,Item Type,,,Voltage Rating,120,V,Amperage Rating,,,Dimensions,,,Mounting Type,,,Material,,,Color,,,Sound Level,,,Additional Information,,,,,,,,,,,,,,,wattage,90W,,cct,Multi CCT,,led_type,Med,,,,,,,,,,,,,,,,,,,,,,,,,,,,,,,,,,,,,,,,,,,,,,,,,,,,,,,,,,,,,,,,,,,,,,,,,,,,,,,,,,,,,,,,,,,,,,,,,,,,,,,,1,EA,,,,,,,,,,,,,,,,,,,,,,,,,,,,,,,,,,,,,US,No,No
https://www.festoolusa.com/product/571471,,,,,,571471,,,,571471,571471,571471 100W Led BR30 Med 27k,-- Unbranded --,-- No Unilog Brand --,-- No DIB Brand --,Phillips Lighting (5831),Festool GmbH,FESTOOL®,,571471,,,"FESTOOL®, Light Bulb, 571471",LIGHT BULB,"FESTOOL®, 571471, Light Bulb",FESTOOL® Light Bulb,"FESTOOL®, Light Bulb",,,,,,,,,,,,,,,,,,,,,,,,,,,Light Bulb,Series,,,Model,,,Item Type,,,Voltage Rating,,,Amperage Rating,,,Dimensions,,,Mounting Type,,,Material,,,Color,,,Sound Level,,,Additional Information,,,,,,,,,,,,,,,wattage,100W,,bulb_type,BR30,,base,Med,,color_temperature,27k,,,,,,,,,,,,,,,,,,,,,,,,,,,,,,,,,,,,,,,,,,,,,,,,,,,,,,,,,,,,,,,,,,,,,,,,,,,,,,,,,,,,,,,,,,,,,,,,,,,,,1,EA,,,,,,,,,,,,,,,,,,,,,,,,,,,,,,,,,,,,,US,No,No
https://www.festoolusa.com/product/570762,,,,,,570762,,,,570762,570762,570762 50W Led Par16 30k 3pk,-- Unbranded --,-- No Unilog Brand --,-- No DIB Brand --,Phillips Lighting (5831),Festool GmbH,FESTOOL®,,570762,,,"FESTOOL®, Light Bulb, 570762",LIGHT BULB,"FESTOOL®, 570762, Light Bulb",FESTOOL® Light Bulb,"FESTOOL®, Light Bulb",,,,,,,,,,,,,,,,,,,,,,,,,,,Light Bulb,Series,,,Model,,,Item Type,LED,,Voltage Rating,,,Amperage Rating,,,Dimensions,,,Mounting Type,,,Material,,,Color,,,Sound Level,,,Additional Information,,,,,,,,,,,,,,,wattage,50W,,base,PAR16,,color_temperature,30k,,pack_quantity,3pk,,,,,,,,,,,,,,,,,,,,,,,,,,,,,,,,,,,,,,,,,,,,,,,,,,,,,,,,,,,,,,,,,,,,,,,,,,,,,,,,,,,,,,,,,,,,,,,,,,,,,1,EA,,,,,,,,,,,,,,,,,,,,,,,,,,,,,,,,,,,,,US,No,No
https://www.lighting.philips.com/product/533352,,,,,,533352,,,,533352,533352,571505 150W Led Med 50k,-- Unbranded --,-- No Unilog Brand --,-- No DIB Brand --,Phillips Lighting (5831),Signify N.V.,PHILIPS LIGHTING®,,533352,,,"PHILIPS LIGHTING®, Light Bulb, 533352",LIGHT BULB 120 V A19,"PHILIPS LIGHTING®, 533352, Light Bulb","PHILIPS LIGHTING® Light Bulb, 120 V, A19","PHILIPS LIGHTING®, Light Bulb",,,,,,,,,,,,,,,,,,,,,,,,,,,Light Bulb,Series,,,Model,,,Item Type,,,Voltage Rating,120,V,Amperage Rating,,,Dimensions,A19,,Mounting Type,,,Material,,,Color,,,Sound Level,,,Additional Information,,,,,,,,,,,,,,,wattage,150W,,color_temperature,50k,,led_type,Med,,,,,,,,,,,,,,,,,,,,,,,,,,,,,,,,,,,,,,,,,,,,,,,,,,,,,,,,,,,,,,,,,,,,,,,,,,,,,,,,,,,,,,,,,,,,,,,,,,,,,,,,1,EA,,,,,,,,,,,,,,,,,,,,,,,,,,,,,,,,,,,,,US,No,No
https://www.festoolusa.com/product/573519,,,,,,573519,,,,573519,573519,573519 100W Led A21 27k 2pk,-- Unbranded --,-- No Unilog Brand --,-- No DIB Brand --,Phillips Lighting (5831),Festool GmbH,FESTOOL®,,573519,,,"FESTOOL®, Light Bulb, 573519",LIGHT BULB,"FESTOOL®, 573519, Light Bulb",FESTOOL® Light Bulb,"FESTOOL®, Light Bulb",,,,,,,,,,,,,,,,,,,,,,,,,,,Light Bulb,Series,,,Model,,,Item Type,,,Voltage Rating,,,Amperage Rating,,,Dimensions,,,Mounting Type,,,Material,,,Color,,,Sound Level,,,Additional Information,,,,,,,,,,,,,,,wattage,100W,,color_temperature,27k,,pack_quantity,2pk,,led_type,A21,,,,,,,,,,,,,,,,,,,,,,,,,,,,,,,,,,,,,,,,,,,,,,,,,,,,,,,,,,,,,,,,,,,,,,,,,,,,,,,,,,,,,,,,,,,,,,,,,,,,,1,EA,,,,,,,,,,,,,,,,,,,,,,,,,,,,,,,,,,,,,US,No,No
https://www.festoolusa.com/product/573378,,,,,,573378,,,,573378,573378,573378 60W Led Med 27k 3pk,-- Unbranded --,-- No Unilog Brand --,-- No DIB Brand --,Phillips Lighting (5831),Festool GmbH,FESTOOL®,,573378,,,"FESTOOL®, Light Bulb, 573378",LIGHT BULB 120 V,"FESTOOL®, 573378, Light Bulb","FESTOOL® Light Bulb, 120 V","FESTOOL®, Light Bulb",,,,,,,,,,,,,,,,,,,,,,,,,,,Light Bulb,Series,,,Model,,,Item Type,,,Voltage Rating,120,V,Amperage Rating,,,Dimensions,,,Mounting Type,,,Material,,,Color,,,Sound Level,,,Additional Information,,,,,,,,,,,,,,,wattage,60W,,color_temperature,27k,,pack_quantity,3pk,,,,,,,,,,,,,,,,,,,,,,,,,,,,,,,,,,,,,,,,,,,,,,,,,,,,,,,,,,,,,,,,,,,,,,,,,,,,,,,,,,,,,,,,,,,,,,,,,,,,,,,,1,EA,,,,,,,,,,,,,,,,,,,,,,,,,,,,,,,,,,,,,US,No,No
https://www.lighting.philips.com/product/565622,,,,,,565622,,,,565622,565622,565622 60W Led Med 20k,-- Unbranded --,-- No Unilog Brand --,-- No DIB Brand --,Phillips Lighting (5831),Signify N.V.,PHILIPS LIGHTING®,,565622,,,"PHILIPS LIGHTING®, Light Bulb, 565622",LIGHT BULB 120 A19,"PHILIPS LIGHTING®, 565622, Light Bulb","PHILIPS LIGHTING® Light Bulb, 120 V, A19","PHILIPS LIGHTING®, Light Bulb",,,,,,,,,,,,,,,,,,,,,,,,,,,Light Bulb,Series,,,Model,,,Item Type,,,Voltage Rating,120,,Amperage Rating,,,Dimensions,A19,,Mounting Type,,,Material,,,Color,,,Sound Level,,,Additional Information,,,,,,,,,,,,,,,wattage,60W,,base_type,Med,,color_temperature,20k,,,,,,,,,,,,,,,,,,,,,,,,,,,,,,,,,,,,,,,,,,,,,,,,,,,,,,,,,,,,,,,,,,,,,,,,,,,,,,,,,,,,,,,,,,,,,,,,,,,,,,,,1,EA,,,,,,,,,,,,,,,,,,,,,,,,,,,,,,,,,,,,,US,No,No
https://www.ustape.com/product/586891,,,,,,586891,,,,586891,586891,586891 Led 60W Med A19 27k,-- Unbranded --,-- No Unilog Brand --,-- No DIB Brand --,Phillips Lighting (5831),U.S. Tape Company,U.S. TAPE®,,586891,,,"U.S. TAPE®, Light Bulb, 586891",LIGHT BULB 120 A19,"U.S. TAPE®, 586891, Light Bulb","U.S. TAPE® Light Bulb, 120 V, A19","U.S. TAPE®, Light Bulb",,,,,,,,,,,,,,,,,,,,,,,,,,,Light Bulb,Series,,,Model,,,Item Type,,,Voltage Rating,120,,Amperage Rating,,,Dimensions,A19,,Mounting Type,,,Material,,,Color,,,Sound Level,,,Additional Information,,,,,,,,,,,,,,,wattage,60W,,color_temperature,27k,,base_type,Med,,,,,,,,,,,,,,,,,,,,,,,,,,,,,,,,,,,,,,,,,,,,,,,,,,,,,,,,,,,,,,,,,,,,,,,,,,,,,,,,,,,,,,,,,,,,,,,,,,,,,,,,1,EA,,,,,,,,,,,,,,,,,,,,,,,,,,,,,,,,,,,,,US,No,No
https://www.ustape.com/product/585448,,,,,,585448,,,,585448,585448,585448 120W Led Motion Bulb,-- Unbranded --,-- No Unilog Brand --,-- No DIB Brand --,Phillips Lighting (5831),U.S. Tape Company,U.S. TAPE®,,585448,,,"U.S. TAPE®, Light Bulb, 585448",LIGHT BULB 120,"U.S. TAPE®, 585448, Light Bulb","U.S. TAPE® Light Bulb, 120 V","U.S. TAPE®, Light Bulb",,,,,,,,,,,,,,,,,,,,,,,,,,,Light Bulb,Series,,,Model,,,Item Type,Motion Bulb,,Voltage Rating,120,,Amperage Rating,,,Dimensions,,,Mounting Type,,,Material,,,Color,,,Sound Level,,,Additional Information,,,,,,,,,,,,,,,wattage,120W,,category,General Commercial,,,,,,,,,,,,,,,,,,,,,,,,,,,,,,,,,,,,,,,,,,,,,,,,,,,,,,,,,,,,,,,,,,,,,,,,,,,,,,,,,,,,,,,,,,,,,,,,,,,,,,,,,,,1,EA,,,,,,,,,,,,,,,,,,,,,,,,,,,,,,,,,,,,,US,No,No
https://www.festoolusa.com/product/573444,,,,,,573444,,,,573444,573444,573444 60W Led A19 Med 50k 2pk,-- Unbranded --,-- No Unilog Brand --,-- No DIB Brand --,Phillips Lighting (5831),Festool GmbH,FESTOOL®,,573444,,,"FESTOOL®, Light Bulb, 573444",LIGHT BULB 120 V A19,"FESTOOL®, 573444, Light Bulb","FESTOOL® Light Bulb, 120 V, A19","FESTOOL®, Light Bulb",,,,,,,,,,,,,,,,,,,,,,,,,,,Light Bulb,Series,,,Model,,,Item Type,,,Voltage Rating,120,V,Amperage Rating,,,Dimensions,A19,,Mounting Type,,,Material,,,Color,,,Sound Level,,,Additional Information,,,,,,,,,,,,,,,wattage,60W,,color_temperature,50k,,pack_quantity,2pk,,,,,,,,,,,,,,,,,,,,,,,,,,,,,,,,,,,,,,,,,,,,,,,,,,,,,,,,,,,,,,,,,,,,,,,,,,,,,,,,,,,,,,,,,,,,,,,,,,,,,,,,1,EA,,,,,,,,,,,,,,,,,,,,,,,,,,,,,,,,,,,,,US,No,No
https://www.lighting.philips.com/product/566687,,,,,,566687,,,,566687,566687,566687 60W Cand Led 27k 3pk,-- Unbranded --,-- No Unilog Brand --,-- No DIB Brand --,Phillips Lighting (5831),Signify N.V.,PHILIPS LIGHTING®,,566687,,,"PHILIPS LIGHTING®, Light Bulb, 566687",LIGHT BULB 120 A19,"PHILIPS LIGHTING®, 566687, Light Bulb","PHILIPS LIGHTING® Light Bulb, 120 V, A19","PHILIPS LIGHTING®, Light Bulb",,,,,,,,,,,,,,,,,,,,,,,,,,,Light Bulb,Series,,,Model,,,Item Type,,,Voltage Rating,120,,Amperage Rating,,,Dimensions,A19,,Mounting Type,,,Material,,,Color,,,Sound Level,,,Additional Information,,,,,,,,,,,,,,,wattage,60W,,color_temperature,27k,,pack_quantity,3pk,,technology,LED,,,,,,,,,,,,,,,,,,,,,,,,,,,,,,,,,,,,,,,,,,,,,,,,,,,,,,,,,,,,,,,,,,,,,,,,,,,,,,,,,,,,,,,,,,,,,,,,,,,,,1,EA,,,,,,,,,,,,,,,,,,,,,,,,,,,,,,,,,,,,,US,No,No
https://www.lighting.philips.com/product/564385,,,,,,564385,,,,564385,564385,564385 40w Led Med 27k 2pk,-- Unbranded --,-- No Unilog Brand --,-- No DIB Brand --,Phillips Lighting (5831),Signify N.V.,PHILIPS LIGHTING®,,564385,,,"PHILIPS LIGHTING®, Light Bulb, 564385",LIGHT BULB,"PHILIPS LIGHTING®, 564385, Light Bulb",PHILIPS LIGHTING® Light Bulb,"PHILIPS LIGHTING®, Light Bulb",,,,,,,,,,,,,,,,,,,,,,,,,,,Light Bulb,Series,,,Model,,,Item Type,,,Voltage Rating,,,Amperage Rating,,,Dimensions,,,Mounting Type,,,Material,,,Color,,,Sound Level,,,Additional Information,,,,,,,,,,,,,,,wattage,40w,,color_temperature,27k,,package_quantity,2pk,,,,,,,,,,,,,,,,,,,,,,,,,,,,,,,,,,,,,,,,,,,,,,,,,,,,,,,,,,,,,,,,,,,,,,,,,,,,,,,,,,,,,,,,,,,,,,,,,,,,,,,,1,EA,,,,,,,,,,,,,,,,,,,,,,,,,,,,,,,,,,,,,US,No,No
https://www.lighting.philips.com/product/566661,,,,,,566661,,,,566661,566661,566661 40W LED Cand 27k 3pk,-- Unbranded --,-- No Unilog Brand --,-- No DIB Brand --,Phillips Lighting (5831),Signify N.V.,PHILIPS LIGHTING®,,566661,,,"PHILIPS LIGHTING®, Light Bulb, 566661",LIGHT BULB,"PHILIPS LIGHTING®, 566661, Light Bulb",PHILIPS LIGHTING® Light Bulb,"PHILIPS LIGHTING®, Light Bulb",,,,,,,,,,,,,,,,,,,,,,,,,,,Light Bulb,Series,,,Model,,,Item Type,,,Voltage Rating,,,Amperage Rating,,,Dimensions,,,Mounting Type,,,Material,,,Color,,,Sound Level,,,Additional Information,,,,,,,,,,,,,,,wattage,40W,,color_temperature,27k,,package_quantity,3pk,,,,,,,,,,,,,,,,,,,,,,,,,,,,,,,,,,,,,,,,,,,,,,,,,,,,,,,,,,,,,,,,,,,,,,,,,,,,,,,,,,,,,,,,,,,,,,,,,,,,,,,,1,EA,,,,,,,,,,,,,,,,,,,,,,,,,,,,,,,,,,,,,US,No,No
https://www.lighting.philips.com/product/564898,,,,,,564898,,,,564898,564898,564898 60W Cand Led 50k 3pk,-- Unbranded --,-- No Unilog Brand --,-- No DIB Brand --,Phillips Lighting (5831),Signify N.V.,PHILIPS LIGHTING®,,564898,,,"PHILIPS LIGHTING®, Light Bulb, 564898",LIGHT BULB 120 V,"PHILIPS LIGHTING®, 564898, Light Bulb","PHILIPS LIGHTING® Light Bulb, 120 V","PHILIPS LIGHTING®, Light Bulb",,,,,,,,,,,,,,,,,,,,,,,,,,,Light Bulb,Series,,,Model,,,Item Type,,,Voltage Rating,120,V,Amperage Rating,,,Dimensions,,,Mounting Type,,,Material,,,Color,,,Sound Level,,,Additional Information,,,,,,,,,,,,,,,wattage,60W,,color_temperature,50k,,package_quantity,3pk,,,,,,,,,,,,,,,,,,,,,,,,,,,,,,,,,,,,,,,,,,,,,,,,,,,,,,,,,,,,,,,,,,,,,,,,,,,,,,,,,,,,,,,,,,,,,,,,,,,,,,,,1,EA,,,,,,,,,,,,,,,,,,,,,,,,,,,,,,,,,,,,,US,No,No
https://www.lighting.philips.com/product/538319,,,,,,538319,,,,538319,538319,588525 40W Led Cand 3pk,-- Unbranded --,-- No Unilog Brand --,-- No DIB Brand --,Phillips Lighting (5831),Signify N.V.,PHILIPS LIGHTING®,,538319,,,"PHILIPS LIGHTING®, Light Bulb, 538319",LIGHT BULB 120 V A19,"PHILIPS LIGHTING®, 538319, Light Bulb","PHILIPS LIGHTING® Light Bulb, 120 V, A19","PHILIPS LIGHTING®, Light Bulb",,,,,,,,,,,,,,,,,,,,,,,,,,,Light Bulb,Series,,,Model,,,Item Type,,,Voltage Rating,120,V,Amperage Rating,,,Dimensions,A19,,Mounting Type,,,Material,,,Color,,,Sound Level,,,Additional Information,,,,,,,,,,,,,,,wattage,40W,,package,3pk,,technology,LED,,color_temperature,Cand,,,,,,,,,,,,,,,,,,,,,,,,,,,,,,,,,,,,,,,,,,,,,,,,,,,,,,,,,,,,,,,,,,,,,,,,,,,,,,,,,,,,,,,,,,,,,,,,,,,,,1,EA,,,,,,,,,,,,,,,,,,,,,,,,,,,,,,,,,,,,,US,No,No
https://www.festoolusa.com/product/576009,,,,,,576009,,,,576009,576009,576009 100W Led Par30L Med 50k,-- Unbranded --,-- No Unilog Brand --,-- No DIB Brand --,Phillips Lighting (5831),Festool GmbH,FESTOOL®,,576009,,,"FESTOOL®, Light Bulb, 576009",LIGHT BULB,"FESTOOL®, 576009, Light Bulb",FESTOOL® Light Bulb,"FESTOOL®, Light Bulb",,,,,,,,,,,,,,,,,,,,,,,,,,,Light Bulb,Series,,,Model,,,Item Type,,,Voltage Rating,,,Amperage Rating,,,Dimensions,,,Mounting Type,,,Material,,,Color,,,Sound Level,,,Additional Information,,,,,,,,,,,,,,,wattage,100W,,bulb_type,Par30L,,base,Med,,color_temperature,50k,,,,,,,,,,,,,,,,,,,,,,,,,,,,,,,,,,,,,,,,,,,,,,,,,,,,,,,,,,,,,,,,,,,,,,,,,,,,,,,,,,,,,,,,,,,,,,,,,,,,,1,EA,,,,,,,,,,,,,,,,,,,,,,,,,,,,,,,,,,,,,US,No,No
https://www.lighting.philips.com/product/564450,,,,,,564450,,,,564450,564450,564450 40W Led Cand 27k 2pk,-- Unbranded --,-- No Unilog Brand --,-- No DIB Brand --,Phillips Lighting (5831),Signify N.V.,PHILIPS LIGHTING®,,564450,,,"PHILIPS LIGHTING®, Light Bulb, 564450",LIGHT BULB,"PHILIPS LIGHTING®, 564450, Light Bulb",PHILIPS LIGHTING® Light Bulb,"PHILIPS LIGHTING®, Light Bulb",,,,,,,,,,,,,,,,,,,,,,,,,,,Light Bulb,Series,,,Model,,,Item Type,,,Voltage Rating,,,Amperage Rating,,,Dimensions,,,Mounting Type,,,Material,,,Color,,,Sound Level,,,Additional Information,,,,,,,,,,,,,,,wattage,40W,,color_temperature,27k,,package_quantity,2pk,,,,,,,,,,,,,,,,,,,,,,,,,,,,,,,,,,,,,,,,,,,,,,,,,,,,,,,,,,,,,,,,,,,,,,,,,,,,,,,,,,,,,,,,,,,,,,,,,,,,,,,,1,EA,,,,,,,,,,,,,,,,,,,,,,,,,,,,,,,,,,,,,US,No,No
https://www.festoolusa.com/product/572669,,,,,,572669,,,,572669,572669,572669 60W Led F15 Med 27k,-- Unbranded --,-- No Unilog Brand --,-- No DIB Brand --,Phillips Lighting (5831),Festool GmbH,FESTOOL®,,572669,,,"FESTOOL®, Light Bulb, 572669",LIGHT BULB 120 F15,"FESTOOL®, 572669, Light Bulb","FESTOOL® Light Bulb, 120 V, F15","FESTOOL®, Light Bulb",,,,,,,,,,,,,,,,,,,,,,,,,,,Light Bulb,Series,,,Model,,,Item Type,,,Voltage Rating,120,,Amperage Rating,,,Dimensions,F15,,Mounting Type,,,Material,,,Color,,,Sound Level,,,Additional Information,,,,,,,,,,,,,,,wattage,60W,,color_temperature,27k,,base_type,Med,,,,,,,,,,,,,,,,,,,,,,,,,,,,,,,,,,,,,,,,,,,,,,,,,,,,,,,,,,,,,,,,,,,,,,,,,,,,,,,,,,,,,,,,,,,,,,,,,,,,,,,,1,EA,,,,,,,,,,,,,,,,,,,,,,,,,,,,,,,,,,,,,US,No,No
https://www.lighting.philips.com/product/564906,,,,,,564906,,,,564906,564906,564906 60W Led Med 27k 2pk,-- Unbranded --,-- No Unilog Brand --,-- No DIB Brand --,Phillips Lighting (5831),Signify N.V.,PHILIPS LIGHTING®,,564906,,,"PHILIPS LIGHTING®, Light Bulb, 564906",LIGHT BULB 120 V,"PHILIPS LIGHTING®, 564906, Light Bulb","PHILIPS LIGHTING® Light Bulb, 120 V","PHILIPS LIGHTING®, Light Bulb",,,,,,,,,,,,,,,,,,,,,,,,,,,Light Bulb,Series,,,Model,,,Item Type,,,Voltage Rating,120,V,Amperage Rating,,,Dimensions,,,Mounting Type,,,Material,,,Color,,,Sound Level,,,Additional Information,,,,,,,,,,,,,,,wattage,60W,,color_temperature,27k,,package_quantity,2pk,,,,,,,,,,,,,,,,,,,,,,,,,,,,,,,,,,,,,,,,,,,,,,,,,,,,,,,,,,,,,,,,,,,,,,,,,,,,,,,,,,,,,,,,,,,,,,,,,,,,,,,,1,EA,,,,,,,,,,,,,,,,,,,,,,,,,,,,,,,,,,,,,US,No,No
https://www.festoolusa.com/product/573410,,,,,,573410,,,,573410,573410,573410 40W Led A19 Med 27k 2pk,-- Unbranded --,-- No Unilog Brand --,-- No DIB Brand --,Phillips Lighting (5831),Festool GmbH,FESTOOL®,,573410,,,"FESTOOL®, Light Bulb, 573410",LIGHT BULB,"FESTOOL®, 573410, Light Bulb",FESTOOL® Light Bulb,"FESTOOL®, Light Bulb",,,,,,,,,,,,,,,,,,,,,,,,,,,Light Bulb,Series,,,Model,,,Item Type,,,Voltage Rating,,,Amperage Rating,,,Dimensions,,,Mounting Type,,,Material,,,Color,,,Sound Level,,,Additional Information,,,,,,,,,,,,,,,wattage,40W,,bulb_type,A19,,base,Med,,color_temperature,27k,,pack_quantity,2pk,,,,,,,,,,,,,,,,,,,,,,,,,,,,,,,,,,,,,,,,,,,,,,,,,,,,,,,,,,,,,,,,,,,,,,,,,,,,,,,,,,,,,,,,,,,,,,,,,,1,EA,,,,,,,,,,,,,,,,,,,,,,,,,,,,,,,,,,,,,US,No,No
https://www.festoolusa.com/product/576504,,,,,,576504,,,,576504,576504,576504 65W Led BR40 Med 50k,-- Unbranded --,-- No Unilog Brand --,-- No DIB Brand --,Phillips Lighting (5831),Festool GmbH,FESTOOL®,,576504,,,"FESTOOL®, Light Bulb, 576504",LIGHT BULB,"FESTOOL®, 576504, Light Bulb",FESTOOL® Light Bulb,"FESTOOL®, Light Bulb",,,,,,,,,,,,,,,,,,,,,,,,,,,Light Bulb,Series,,,Model,,,Item Type,,,Voltage Rating,,,Amperage Rating,,,Dimensions,,,Mounting Type,,,Material,,,Color,,,Sound Level,,,Additional Information,,,,,,,,,,,,,,,wattage,65W,,bulb_type,BR40,,base,Med,,color_temperature,50k,,,,,,,,,,,,,,,,,,,,,,,,,,,,,,,,,,,,,,,,,,,,,,,,,,,,,,,,,,,,,,,,,,,,,,,,,,,,,,,,,,,,,,,,,,,,,,,,,,,,,1,EA,,,,,,,,,,,,,,,,,,,,,,,,,,,,,,,,,,,,,US,No,No
https://www.festoolusa.com/product/576017,,,,,,576017,,,,576017,576017,576017 100W Led Par30L Med 30k,-- Unbranded --,-- No Unilog Brand --,-- No DIB Brand --,Phillips Lighting (5831),Festool GmbH,FESTOOL®,,576017,,,"FESTOOL®, Commercial Product, 576017",COMMERCIAL PRODUCT,"FESTOOL®, 576017, Commercial Product",FESTOOL® Commercial Product,"FESTOOL®, Commercial Product",,,,,,,,,,,,,,,,,,,,,,,,,,,"FESTOOL®, Commercial Product",Series,,,Model,,,Item Type,,,Voltage Rating,,,Amperage Rating,,,Dimensions,,,Mounting Type,,,Material,,,Color,,,Sound Level,,,Additional Information,,,,,,,,,,,,,,,,,,,,,,,,,,,,,,,,,,,,,,,,,,,,,,,,,,,,,,,,,,,,,,,,,,,,,,,,,,,,,,,,,,,,,,,,,,,,,,,,,,,,,,,,,,,,,,,,,,,,,,,,,,,,,,1,EA,,,,,,,,,,,,,,,,,,,,,,,,,,,,,,,,,,,,,US,No,No
https://www.festoolusa.com/product/574392,,,,,,574392,,,,574392,574392,574392 40W Led B11 Med 27k 3pk,-- Unbranded --,-- No Unilog Brand --,-- No DIB Brand --,Phillips Lighting (5831),Festool GmbH,FESTOOL®,,574392,,,"FESTOOL®, Light Bulb, 574392",LIGHT BULB,"FESTOOL®, 574392, Light Bulb",FESTOOL® Light Bulb,"FESTOOL®, Light Bulb",,,,,,,,,,,,,,,,,,,,,,,,,,,Light Bulb,Series,,,Model,,,Item Type,,,Voltage Rating,,,Amperage Rating,,,Dimensions,,,Mounting Type,,,Material,,,Color,,,Sound Level,,,Additional Information,,,,,,,,,,,,,,,wattage,40W,,bulb_type,B11,,base_type,Med,,color_temperature,27k,,pack_quantity,3pk,,,,,,,,,,,,,,,,,,,,,,,,,,,,,,,,,,,,,,,,,,,,,,,,,,,,,,,,,,,,,,,,,,,,,,,,,,,,,,,,,,,,,,,,,,,,,,,,,,1,EA,,,,,,,,,,,,,,,,,,,,,,,,,,,,,,,,,,,,,US,No,No
https://www.festoolusa.com/product/576751,,,,,,576751,,,,576751,576751,576751 65W Led BR30 Med 3pk,-- Unbranded --,-- No Unilog Brand --,-- No DIB Brand --,Phillips Lighting (5831),Festool GmbH,FESTOOL®,,576751,,,"FESTOOL®, Light Bulb, 576751",LIGHT BULB,"FESTOOL®, 576751, Light Bulb",FESTOOL® Light Bulb,"FESTOOL®, Light Bulb",,,,,,,,,,,,,,,,,,,,,,,,,,,Light Bulb,Series,,,Model,,,Item Type,,,Voltage Rating,,,Amperage Rating,,,Dimensions,,,Mounting Type,,,Material,,,Color,,,Sound Level,,,Additional Information,,,,,,,,,,,,,,,wattage,65W,,bulb_type,BR30,,base,Med,,pack_quantity,3pk,,,,,,,,,,,,,,,,,,,,,,,,,,,,,,,,,,,,,,,,,,,,,,,,,,,,,,,,,,,,,,,,,,,,,,,,,,,,,,,,,,,,,,,,,,,,,,,,,,,,,1,EA,,,,,,,,,,,,,,,,,,,,,,,,,,,,,,,,,,,,,US,No,No
https://www.ustape.com/product/583161,,,,,,583161,,,,583161,583161,583161 Led 65W Med BR30 3pk,-- Unbranded --,-- No Unilog Brand --,-- No DIB Brand --,Phillips Lighting (5831),U.S. Tape Company,U.S. TAPE®,,583161,,,"U.S. TAPE®, Light Bulb, 583161",LIGHT BULB,"U.S. TAPE®, 583161, Light Bulb",U.S. TAPE® Light Bulb,"U.S. TAPE®, Light Bulb",,,,,,,,,,,,,,,,,,,,,,,,,,,Light Bulb,Series,,,Model,,,Item Type,,,Voltage Rating,,,Amperage Rating,,,Dimensions,,,Mounting Type,,,Material,,,Color,,,Sound Level,,,Additional Information,,,,,,,,,,,,,,,wattage,65W,,bulb_type,BR30,,package,3pk,,technology,Led,,,,,,,,,,,,,,,,,,,,,,,,,,,,,,,,,,,,,,,,,,,,,,,,,,,,,,,,,,,,,,,,,,,,,,,,,,,,,,,,,,,,,,,,,,,,,,,,,,,,,1,EA,,,,,,,,,,,,,,,,,,,,,,,,,,,,,,,,,,,,,US,No,No
https://www.lighting.philips.com/product/566695,,,,,,566695,,,,566695,566695,566695 60W Led Med 27k 3pk,-- Unbranded --,-- No Unilog Brand --,-- No DIB Brand --,Phillips Lighting (5831),Signify N.V.,PHILIPS LIGHTING®,,566695,,,"PHILIPS LIGHTING®, Light Bulb, 566695",LIGHT BULB 120 V A19,"PHILIPS LIGHTING®, 566695, Light Bulb","PHILIPS LIGHTING® Light Bulb, 120 V, A19","PHILIPS LIGHTING®, Light Bulb",,,,,,,,,,,,,,,,,,,,,,,,,,,Light Bulb,Series,,,Model,,,Item Type,,,Voltage Rating,120,V,Amperage Rating,,,Dimensions,A19,,Mounting Type,,,Material,,,Color,,,Sound Level,,,Additional Information,,,,,,,,,,,,,,,wattage,60W,,color_temperature,27k,,package_quantity,3pk,,,,,,,,,,,,,,,,,,,,,,,,,,,,,,,,,,,,,,,,,,,,,,,,,,,,,,,,,,,,,,,,,,,,,,,,,,,,,,,,,,,,,,,,,,,,,,,,,,,,,,,,1,EA,,,,,,,,,,,,,,,,,,,,,,,,,,,,,,,,,,,,,US,No,No
https://www.festoolusa.com/product/577007,,,,,,577007,,,,577007,577007,577007 125W Led Med 30k Flood,-- Unbranded --,-- No Unilog Brand --,-- No DIB Brand --,Phillips Lighting (5831),Festool GmbH,FESTOOL®,,577007,,,"FESTOOL®, Light Bulb, 577007",LIGHT BULB,"FESTOOL®, 577007, Light Bulb",FESTOOL® Light Bulb,"FESTOOL®, Light Bulb",,,,,,,,,,,,,,,,,,,,,,,,,,,Light Bulb,Series,,,Model,,,Item Type,,,Voltage Rating,,,Amperage Rating,,,Dimensions,,,Mounting Type,,,Material,,,Color,,,Sound Level,,,Additional Information,,,,,,,,,,,,,,,wattage,125W,,color_temperature,30k,,lamp_type,Flood,,category,General Commercial,,,,,,,,,,,,,,,,,,,,,,,,,,,,,,,,,,,,,,,,,,,,,,,,,,,,,,,,,,,,,,,,,,,,,,,,,,,,,,,,,,,,,,,,,,,,,,,,,,,,,1,EA,,,,,,,,,,,,,,,,,,,,,,,,,,,,,,,,,,,,,US,No,No
https://www.lighting.philips.com/product/566653,,,,,,566653,,,,566653,566653,566653 25W Led Cand 27k 3pk,-- Unbranded --,-- No Unilog Brand --,-- No DIB Brand --,Phillips Lighting (5831),Signify N.V.,PHILIPS LIGHTING®,,566653,,,"PHILIPS LIGHTING®, Light Bulb, 566653",LIGHT BULB,"PHILIPS LIGHTING®, 566653, Light Bulb",PHILIPS LIGHTING® Light Bulb,"PHILIPS LIGHTING®, Light Bulb",,,,,,,,,,,,,,,,,,,,,,,,,,,Light Bulb,Series,,,Model,,,Item Type,,,Voltage Rating,,,Amperage Rating,,,Dimensions,,,Mounting Type,,,Material,,,Color,,,Sound Level,,,Additional Information,,,,,,,,,,,,,,,wattage,25W,,color_temperature,27k,,package_quantity,3pk,,,,,,,,,,,,,,,,,,,,,,,,,,,,,,,,,,,,,,,,,,,,,,,,,,,,,,,,,,,,,,,,,,,,,,,,,,,,,,,,,,,,,,,,,,,,,,,,,,,,,,,,1,EA,,,,,,,,,,,,,,,,,,,,,,,,,,,,,,,,,,,,,US,No,No
https://www.lighting.philips.com/product/566679,,,,,,566679,,,,566679,566679,566679 40W Led Med 27k 3pk,-- Unbranded --,-- No Unilog Brand --,-- No DIB Brand --,Phillips Lighting (5831),Signify N.V.,PHILIPS LIGHTING®,,566679,,,"PHILIPS LIGHTING®, Light Bulb, 566679",LIGHT BULB 120 V A19,"PHILIPS LIGHTING®, 566679, Light Bulb","PHILIPS LIGHTING® Light Bulb, 120 V, A19","PHILIPS LIGHTING®, Light Bulb",,,,,,,,,,,,,,,,,,,,,,,,,,,Light Bulb,Series,,,Model,,,Item Type,,,Voltage Rating,120,V,Amperage Rating,,,Dimensions,A19,,Mounting Type,,,Material,,,Color,,,Sound Level,,,Additional Information,,,,,,,,,,,,,,,wattage,40W,,color_temperature,27k,,package_quantity,3pk,,,,,,,,,,,,,,,,,,,,,,,,,,,,,,,,,,,,,,,,,,,,,,,,,,,,,,,,,,,,,,,,,,,,,,,,,,,,,,,,,,,,,,,,,,,,,,,,,,,,,,,,1,EA,,,,,,,,,,,,,,,,,,,,,,,,,,,,,,,,,,,,,US,No,No
https://www.festoolusa.com/product/573311,,,,,,573311,,,,573311,573311,573311 60W Led Med 27k 2pk,-- Unbranded --,-- No Unilog Brand --,-- No DIB Brand --,Phillips Lighting (5831),Festool GmbH,FESTOOL®,,573311,,,"FESTOOL®, Light Bulb, 573311",LIGHT BULB 120 V,"FESTOOL®, 573311, Light Bulb","FESTOOL® Light Bulb, 120 V","FESTOOL®, Light Bulb",,,,,,,,,,,,,,,,,,,,,,,,,,,Light Bulb,Series,,,Model,,,Item Type,,,Voltage Rating,120,V,Amperage Rating,,,Dimensions,,,Mounting Type,,,Material,,,Color,,,Sound Level,,,Additional Information,,,,,,,,,,,,,,,wattage,60W,,color_temperature,27k,,pack_quantity,2pk,,,,,,,,,,,,,,,,,,,,,,,,,,,,,,,,,,,,,,,,,,,,,,,,,,,,,,,,,,,,,,,,,,,,,,,,,,,,,,,,,,,,,,,,,,,,,,,,,,,,,,,,1,EA,,,,,,,,,,,,,,,,,,,,,,,,,,,,,,,,,,,,,US,No,No
https://www.festoolusa.com/product/573394,,,,,,573394,,,,573394,573394,573394 60W Led Cand 27k 2pk,-- Unbranded --,-- No Unilog Brand --,-- No DIB Brand --,Phillips Lighting (5831),Festool GmbH,FESTOOL®,,573394,,,"FESTOOL®, Light Bulb, 573394",LIGHT BULB 120 A19,"FESTOOL®, 573394, Light Bulb","FESTOOL® Light Bulb, 120 V, A19","FESTOOL®, Light Bulb",,,,,,,,,,,,,,,,,,,,,,,,,,,Light Bulb,Series,,,Model,,,Item Type,,,Voltage Rating,120,,Amperage Rating,,,Dimensions,A19,,Mounting Type,,,Material,,,Color,,,Sound Level,,,Additional Information,,,,,,,,,,,,,,,wattage,60W,,color_temperature,27k,,package_quantity,2pk,,,,,,,,,,,,,,,,,,,,,,,,,,,,,,,,,,,,,,,,,,,,,,,,,,,,,,,,,,,,,,,,,,,,,,,,,,,,,,,,,,,,,,,,,,,,,,,,,,,,,,,,1,EA,,,,,,,,,,,,,,,,,,,,,,,,,,,,,,,,,,,,,US,No,No
https://www.festoolusa.com/product/573329,,,,,,573329,,,,573329,573329,573329 60W Cand Led 27k 2pk,-- Unbranded --,-- No Unilog Brand --,-- No DIB Brand --,Phillips Lighting (5831),Festool GmbH,FESTOOL®,,573329,,,"FESTOOL®, Light Bulb, 573329",LIGHT BULB,"FESTOOL®, 573329, Light Bulb",FESTOOL® Light Bulb,"FESTOOL®, Light Bulb",,,,,,,,,,,,,,,,,,,,,,,,,,,Light Bulb,Series,,,Model,,,Item Type,,,Voltage Rating,,,Amperage Rating,,,Dimensions,,,Mounting Type,,,Material,,,Color,,,Sound Level,,,Additional Information,,,,,,,,,,,,,,,wattage,60W,,color_temperature,27k,,pack_quantity,2pk,,,,,,,,,,,,,,,,,,,,,,,,,,,,,,,,,,,,,,,,,,,,,,,,,,,,,,,,,,,,,,,,,,,,,,,,,,,,,,,,,,,,,,,,,,,,,,,,,,,,,,,,1,EA,,,,,,,,,,,,,,,,,,,,,,,,,,,,,,,,,,,,,US,No,No
https://www.lighting.philips.com/product/564930,,,,,,564930,,,,564930,564930,564930 40W Cand Led 50k 3pk,-- Unbranded --,-- No Unilog Brand --,-- No DIB Brand --,Phillips Lighting (5831),Signify N.V.,PHILIPS LIGHTING®,,564930,,,"PHILIPS LIGHTING®, Light Bulb, 564930",LIGHT BULB 120 V,"PHILIPS LIGHTING®, 564930, Light Bulb","PHILIPS LIGHTING® Light Bulb, 120 V","PHILIPS LIGHTING®, Light Bulb",,,,,,,,,,,,,,,,,,,,,,,,,,,Light Bulb,Series,,,Model,,,Item Type,,,Voltage Rating,120,V,Amperage Rating,,,Dimensions,,,Mounting Type,,,Material,,,Color,,,Sound Level,,,Additional Information,,,,,,,,,,,,,,,wattage,40W,,color_temperature,50k,,package_quantity,3pk,,,,,,,,,,,,,,,,,,,,,,,,,,,,,,,,,,,,,,,,,,,,,,,,,,,,,,,,,,,,,,,,,,,,,,,,,,,,,,,,,,,,,,,,,,,,,,,,,,,,,,,,1,EA,,,,,,,,,,,,,,,,,,,,,,,,,,,,,,,,,,,,,US,No,No
https://www.lighting.philips.com/product/565000,,,,,,565000,,,,565000,565000,565000 60W Led Med 27k 2pk,-- Unbranded --,-- No Unilog Brand --,-- No DIB Brand --,Phillips Lighting (5831),Signify N.V.,PHILIPS LIGHTING®,,565000,,,"PHILIPS LIGHTING®, Light Bulb, 565000",LIGHT BULB,"PHILIPS LIGHTING®, 565000, Light Bulb",PHILIPS LIGHTING® Light Bulb,"PHILIPS LIGHTING®, Light Bulb",,,,,,,,,,,,,,,,,,,,,,,,,,,Light Bulb,Series,,,Model,,,Item Type,,,Voltage Rating,,,Amperage Rating,,,Dimensions,,,Mounting Type,,,Material,,,Color,,,Sound Level,,,Additional Information,,,,,,,,,,,,,,,wattage,60W,,color_temperature,27k,,package_quantity,2pk,,,,,,,,,,,,,,,,,,,,,,,,,,,,,,,,,,,,,,,,,,,,,,,,,,,,,,,,,,,,,,,,,,,,,,,,,,,,,,,,,,,,,,,,,,,,,,,,,,,,,,,,1,EA,,,,,,,,,,,,,,,,,,,,,,,,,,,,,,,,,,,,,US,No,No
https://www.lighting.philips.com/product/564922,,,,,,564922,,,,564922,564922,564922 60W Led BA11 50k 3pk,-- Unbranded --,-- No Unilog Brand --,-- No DIB Brand --,Phillips Lighting (5831),Signify N.V.,PHILIPS LIGHTING®,,564922,,,"PHILIPS LIGHTING®, Light Bulb, 564922",LIGHT BULB 120 V BA11,"PHILIPS LIGHTING®, 564922, Light Bulb","PHILIPS LIGHTING® Light Bulb, 120 V, BA11","PHILIPS LIGHTING®, Light Bulb",,,,,,,,,,,,,,,,,,,,,,,,,,,Light Bulb,Series,,,Model,,,Item Type,,,Voltage Rating,120,V,Amperage Rating,,,Dimensions,BA11,,Mounting Type,,,Material,,,Color,,,Sound Level,,,Additional Information,,,,,,,,,,,,,,,wattage,60W,,color_temperature,50k,,pack_quantity,3pk,,,,,,,,,,,,,,,,,,,,,,,,,,,,,,,,,,,,,,,,,,,,,,,,,,,,,,,,,,,,,,,,,,,,,,,,,,,,,,,,,,,,,,,,,,,,,,,,,,,,,,,,1,EA,,,,,,,,,,,,,,,,,,,,,,,,,,,,,,,,,,,,,US,No,No
https://www.festoolusa.com/product/573295,,,,,,573295,,,,573295,573295,573295 40W Led Med 27k 2pk,-- Unbranded --,-- No Unilog Brand --,-- No DIB Brand --,Phillips Lighting (5831),Festool GmbH,FESTOOL®,,573295,,,"FESTOOL®, Light Bulb, 573295",LIGHT BULB 120 V,"FESTOOL®, 573295, Light Bulb","FESTOOL® Light Bulb, 120 V","FESTOOL®, Light Bulb",,,,,,,,,,,,,,,,,,,,,,,,,,,Light Bulb,Series,,,Model,,,Item Type,,,Voltage Rating,120,V,Amperage Rating,,,Dimensions,,,Mounting Type,,,Material,,,Color,,,Sound Level,,,Additional Information,,,,,,,,,,,,,,,wattage,40W,,color_temperature,27k,,pack_quantity,2pk,,,,,,,,,,,,,,,,,,,,,,,,,,,,,,,,,,,,,,,,,,,,,,,,,,,,,,,,,,,,,,,,,,,,,,,,,,,,,,,,,,,,,,,,,,,,,,,,,,,,,,,,1,EA,,,,,,,,,,,,,,,,,,,,,,,,,,,,,,,,,,,,,US,No,No
https://www.lighting.philips.com/product/564914,,,,,,564914,,,,564914,564914,564914 60W Med Led 50k 2pk,-- Unbranded --,-- No Unilog Brand --,-- No DIB Brand --,Phillips Lighting (5831),Signify N.V.,PHILIPS LIGHTING®,,564914,,,"PHILIPS LIGHTING®, Light Bulb, 564914",LIGHT BULB 120 V,"PHILIPS LIGHTING®, 564914, Light Bulb","PHILIPS LIGHTING® Light Bulb, 120 V","PHILIPS LIGHTING®, Light Bulb",,,,,,,,,,,,,,,,,,,,,,,,,,,Light Bulb,Series,,,Model,,,Item Type,,,Voltage Rating,120,V,Amperage Rating,,,Dimensions,,,Mounting Type,,,Material,,,Color,,,Sound Level,,,Additional Information,,,,,,,,,,,,,,,wattage,60W,,color_temperature,50k,,pack_quantity,2pk,,,,,,,,,,,,,,,,,,,,,,,,,,,,,,,,,,,,,,,,,,,,,,,,,,,,,,,,,,,,,,,,,,,,,,,,,,,,,,,,,,,,,,,,,,,,,,,,,,,,,,,,1,EA,,,,,,,,,,,,,,,,,,,,,,,,,,,,,,,,,,,,,US,No,No
https://www.festoolusa.com/product/573485,,,,,,573485,,,,573485,573485,573485 60W Led A19 Med 50k 2pk,-- Unbranded --,-- No Unilog Brand --,-- No DIB Brand --,Phillips Lighting (5831),Festool GmbH,FESTOOL®,,573485,,,"FESTOOL®, Light Bulb, 573485",LIGHT BULB 120 V A19,"FESTOOL®, 573485, Light Bulb","FESTOOL® Light Bulb, 120 V, A19","FESTOOL®, Light Bulb",,,,,,,,,,,,,,,,,,,,,,,,,,,Light Bulb,Series,,,Model,,,Item Type,,,Voltage Rating,120,V,Amperage Rating,,,Dimensions,A19,,Mounting Type,,,Material,,,Color,,,Sound Level,,,Additional Information,,,,,,,,,,,,,,,wattage,60W,,color_temperature,50k,,pack_quantity,2pk,,,,,,,,,,,,,,,,,,,,,,,,,,,,,,,,,,,,,,,,,,,,,,,,,,,,,,,,,,,,,,,,,,,,,,,,,,,,,,,,,,,,,,,,,,,,,,,,,,,,,,,,1,EA,,,,,,,,,,,,,,,,,,,,,,,,,,,,,,,,,,,,,US,No,No
https://www.festoolusa.com/product/573337,,,,,,573337,,,,573337,573337,573337 40W Led G25 Med 50k 2pk,-- Unbranded --,-- No Unilog Brand --,-- No DIB Brand --,Phillips Lighting (5831),Festool GmbH,FESTOOL®,,573337,,,"FESTOOL®, Light Bulb, 573337",LIGHT BULB,"FESTOOL®, 573337, Light Bulb",FESTOOL® Light Bulb,"FESTOOL®, Light Bulb",,,,,,,,,,,,,,,,,,,,,,,,,,,Light Bulb,Series,,,Model,,,Item Type,,,Voltage Rating,,,Amperage Rating,,,Dimensions,,,Mounting Type,,,Material,,,Color,,,Sound Level,,,Additional Information,,,,,,,,,,,,,,,wattage,40W,,bulb_type,G25,,color_temperature,50k,,pack_quantity,2pk,,,,,,,,,,,,,,,,,,,,,,,,,,,,,,,,,,,,,,,,,,,,,,,,,,,,,,,,,,,,,,,,,,,,,,,,,,,,,,,,,,,,,,,,,,,,,,,,,,,,,1,EA,,,,,,,,,,,,,,,,,,,,,,,,,,,,,,,,,,,,,US,No,No
https://www.lighting.philips.com/product/544874,,,,,,544874,,,,544874,544874,544874 32W Led T8 UBulb 40k,-- Unbranded --,-- No Unilog Brand --,-- No DIB Brand --,Phillips Lighting (5831),Signify N.V.,PHILIPS LIGHTING®,,544874,,,"PHILIPS LIGHTING®, Light Bulb, 544874",LIGHT BULB,"PHILIPS LIGHTING®, 544874, Light Bulb",PHILIPS LIGHTING® Light Bulb,"PHILIPS LIGHTING®, Light Bulb",,,,,,,,,,,,,,,,,,,,,,,,,,,Light Bulb,Series,,,Model,,,Item Type,,,Voltage Rating,,,Amperage Rating,,,Dimensions,,,Mounting Type,,,Material,,,Color,,,Sound Level,,,Additional Information,,,,,,,,,,,,,,,wattage,32W,,bulb_type,T8,,color_temperature,40k,,ubulb,UBulb,,,,,,,,,,,,,,,,,,,,,,,,,,,,,,,,,,,,,,,,,,,,,,,,,,,,,,,,,,,,,,,,,,,,,,,,,,,,,,,,,,,,,,,,,,,,,,,,,,,,,1,EA,,,,,,,,,,,,,,,,,,,,,,,,,,,,,,,,,,,,,US,No,No
https://www.festoolusa.com/product/570846,,,,,,570846,,,,570846,570846,570846 50W Led Med 22K 2pk,-- Unbranded --,-- No Unilog Brand --,-- No DIB Brand --,Phillips Lighting (5831),Festool GmbH,FESTOOL®,,570846,,,"FESTOOL®, Light Bulb, 570846",LIGHT BULB,"FESTOOL®, 570846, Light Bulb",FESTOOL® Light Bulb,"FESTOOL®, Light Bulb",,,,,,,,,,,,,,,,,,,,,,,,,,,Light Bulb,Series,,,Model,,,Item Type,,,Voltage Rating,,,Amperage Rating,,,Dimensions,,,Mounting Type,,,Material,,,Color,,,Sound Level,,,Additional Information,,,,,,,,,,,,,,,wattage,50W,,color_temperature,22K,,package_quantity,2pk,,,,,,,,,,,,,,,,,,,,,,,,,,,,,,,,,,,,,,,,,,,,,,,,,,,,,,,,,,,,,,,,,,,,,,,,,,,,,,,,,,,,,,,,,,,,,,,,,,,,,,,,1,EA,,,,,,,,,,,,,,,,,,,,,,,,,,,,,,,,,,,,,US,No,No
https://www.lighting.philips.com/product/565473,,,,,,565473,,,,565473,565473,565473 60W Led A19 Bulb 2pk,-- Unbranded --,-- No Unilog Brand --,-- No DIB Brand --,Phillips Lighting (5831),Signify N.V.,PHILIPS LIGHTING®,,565473,,,"PHILIPS LIGHTING®, Light Bulb, 565473",LIGHT BULB 120 V A19,"PHILIPS LIGHTING®, 565473, Light Bulb","PHILIPS LIGHTING® Light Bulb, 120 V, A19","PHILIPS LIGHTING®, Light Bulb",,,,,,,,,,,,,,,,,,,,,,,,,,,Light Bulb,Series,,,Model,,,Item Type,,,Voltage Rating,120,V,Amperage Rating,,,Dimensions,A19,,Mounting Type,,,Material,,,Color,,,Sound Level,,,Additional Information,,,,,,,,,,,,,,,wattage,60W,,pack_quantity,2pk,,category,General Commercial,,,,,,,,,,,,,,,,,,,,,,,,,,,,,,,,,,,,,,,,,,,,,,,,,,,,,,,,,,,,,,,,,,,,,,,,,,,,,,,,,,,,,,,,,,,,,,,,,,,,,,,,1,EA,,,,,,,,,,,,,,,,,,,,,,,,,,,,,,,,,,,,,US,No,No
https://www.festoolusa.com/product/573402,,,,,,573402,,,,573402,573402,573402 60W Led Med 50k 2pk,-- Unbranded --,-- No Unilog Brand --,-- No DIB Brand --,Phillips Lighting (5831),Festool GmbH,FESTOOL®,,573402,,,"FESTOOL®, Light Bulb, 573402",LIGHT BULB,"FESTOOL®, 573402, Light Bulb",FESTOOL® Light Bulb,"FESTOOL®, Light Bulb",,,,,,,,,,,,,,,,,,,,,,,,,,,Light Bulb,Series,,,Model,,,Item Type,,,Voltage Rating,,,Amperage Rating,,,Dimensions,,,Mounting Type,,,Material,,,Color,,,Sound Level,,,Additional Information,,,,,,,,,,,,,,,wattage,60W,,color_temperature,50k,,pack_quantity,2pk,,,,,,,,,,,,,,,,,,,,,,,,,,,,,,,,,,,,,,,,,,,,,,,,,,,,,,,,,,,,,,,,,,,,,,,,,,,,,,,,,,,,,,,,,,,,,,,,,,,,,,,,1,EA,,,,,,,,,,,,,,,,,,,,,,,,,,,,,,,,,,,,,US,No,No
https://www.festoolusa.com/product/573352,,,,,,573352,,,,573352,573352,573352 40W Led Med 27k 2pk,-- Unbranded --,-- No Unilog Brand --,-- No DIB Brand --,Phillips Lighting (5831),Festool GmbH,FESTOOL®,,573352,,,"FESTOOL®, Commercial Product, 573352",COMMERCIAL PRODUCT,"FESTOOL®, 573352, Commercial Product",FESTOOL® Commercial Product,"FESTOOL®, Commercial Product",,,,,,,,,,,,,,,,,,,,,,,,,,,"FESTOOL®, Commercial Product",Series,,,Model,,,Item Type,,,Voltage Rating,,,Amperage Rating,,,Dimensions,,,Mounting Type,,,Material,,,Color,,,Sound Level,,,Additional Information,,,,,,,,,,,,,,,PackQuantity,2 PK,,,,,,,,,,,,,,,,,,,,,,,,,,,,,,,,,,,,,,,,,,,,,,,,,,,,,,,,,,,,,,,,,,,,,,,,,,,,,,,,,,,,,,,,,,,,,,,,,,,,,,,,,,,,,,1,EA,,,,,,,,,,,,,,,,,,,,,,,,,,,,,,,,,,,,,US,No,No
https://www.festoolusa.com/product/573428,,,,,,573428,,,,573428,573428,573428 40W Med Led 50k 2pk,-- Unbranded --,-- No Unilog Brand --,-- No DIB Brand --,Phillips Lighting (5831),Festool GmbH,FESTOOL®,,573428,,,"FESTOOL®, Light Bulb, 573428",LIGHT BULB 120 V,"FESTOOL®, 573428, Light Bulb","FESTOOL® Light Bulb, 120 V","FESTOOL®, Light Bulb",,,,,,,,,,,,,,,,,,,,,,,,,,,Light Bulb,Series,,,Model,,,Item Type,,,Voltage Rating,120,V,Amperage Rating,,,Dimensions,,,Mounting Type,,,Material,,,Color,,,Sound Level,,,Additional Information,,,,,,,,,,,,,,,wattage,40W,,color_temperature,50k,,pack_quantity,2pk,,,,,,,,,,,,,,,,,,,,,,,,,,,,,,,,,,,,,,,,,,,,,,,,,,,,,,,,,,,,,,,,,,,,,,,,,,,,,,,,,,,,,,,,,,,,,,,,,,,,,,,,1,EA,,,,,,,,,,,,,,,,,,,,,,,,,,,,,,,,,,,,,US,No,No
https://www.festoolusa.com/product/573386,,,,,,573386,,,,573386,573386,573386 60W Led Med 27k 2pk,-- Unbranded --,-- No Unilog Brand --,-- No DIB Brand --,Phillips Lighting (5831),Festool GmbH,FESTOOL®,,573386,,,"FESTOOL®, Light Bulb, 573386",LIGHT BULB 120 A19,"FESTOOL®, 573386, Light Bulb","FESTOOL® Light Bulb, 120 V, A19","FESTOOL®, Light Bulb",,,,,,,,,,,,,,,,,,,,,,,,,,,Light Bulb,Series,,,Model,,,Item Type,,,Voltage Rating,120,,Amperage Rating,,,Dimensions,A19,,Mounting Type,,,Material,,,Color,,,Sound Level,,,Additional Information,,,,,,,,,,,,,,,wattage,60W,,color_temperature,27k,,pack_quantity,2pk,,,,,,,,,,,,,,,,,,,,,,,,,,,,,,,,,,,,,,,,,,,,,,,,,,,,,,,,,,,,,,,,,,,,,,,,,,,,,,,,,,,,,,,,,,,,,,,,,,,,,,,,1,EA,,,,,,,,,,,,,,,,,,,,,,,,,,,,,,,,,,,,,US,No,No
https://www.lighting.philips.com/product/564948,,,,,,564948,,,,564948,564948,564948 40W Led Med 50k 3pk,-- Unbranded --,-- No Unilog Brand --,-- No DIB Brand --,Phillips Lighting (5831),Signify N.V.,PHILIPS LIGHTING®,,564948,,,"PHILIPS LIGHTING®, Light Bulb, 564948",LIGHT BULB 120 V A19,"PHILIPS LIGHTING®, 564948, Light Bulb","PHILIPS LIGHTING® Light Bulb, 120 V, A19","PHILIPS LIGHTING®, Light Bulb",,,,,,,,,,,,,,,,,,,,,,,,,,,Light Bulb,Series,,,Model,,,Item Type,,,Voltage Rating,120,V,Amperage Rating,,,Dimensions,A19,,Mounting Type,,,Material,,,Color,,,Sound Level,,,Additional Information,,,,,,,,,,,,,,,wattage,40W,,color_temperature,50k,,package_quantity,3pk,,,,,,,,,,,,,,,,,,,,,,,,,,,,,,,,,,,,,,,,,,,,,,,,,,,,,,,,,,,,,,,,,,,,,,,,,,,,,,,,,,,,,,,,,,,,,,,,,,,,,,,,1,EA,,,,,,,,,,,,,,,,,,,,,,,,,,,,,,,,,,,,,US,No,No
https://www.festoolusa.com/product/573303,,,,,,573303,,,,573303,573303,573303 40W Led Cand 27k 2pk,-- Unbranded --,-- No Unilog Brand --,-- No DIB Brand --,Phillips Lighting (5831),Festool GmbH,FESTOOL®,,573303,,,"FESTOOL®, Light Bulb, 573303",LIGHT BULB,"FESTOOL®, 573303, Light Bulb",FESTOOL® Light Bulb,"FESTOOL®, Light Bulb",,,,,,,,,,,,,,,,,,,,,,,,,,,Light Bulb,Series,,,Model,,,Item Type,,,Voltage Rating,,,Amperage Rating,,,Dimensions,,,Mounting Type,,,Material,,,Color,,,Sound Level,,,Additional Information,,,,,,,,,,,,,,,wattage,40W,,color_temperature,27k,,pack_quantity,2pk,,,,,,,,,,,,,,,,,,,,,,,,,,,,,,,,,,,,,,,,,,,,,,,,,,,,,,,,,,,,,,,,,,,,,,,,,,,,,,,,,,,,,,,,,,,,,,,,,,,,,,,,1,EA,,,,,,,,,,,,,,,,,,,,,,,,,,,,,,,,,,,,,US,No,No
https://www.festoolusa.com/product/573188,,,,,,573188,,,,573188,573188,573188 250W Led Par38 Med 50k,-- Unbranded --,-- No Unilog Brand --,-- No DIB Brand --,Phillips Lighting (5831),Festool GmbH,FESTOOL®,,573188,,,"FESTOOL®, Light Bulb, 573188",LIGHT BULB,"FESTOOL®, 573188, Light Bulb",FESTOOL® Light Bulb,"FESTOOL®, Light Bulb",,,,,,,,,,,,,,,,,,,,,,,,,,,Light Bulb,Series,,,Model,,,Item Type,,,Voltage Rating,,,Amperage Rating,,,Dimensions,,,Mounting Type,,,Material,,,Color,,,Sound Level,,,Additional Information,,,,,,,,,,,,,,,wattage,250W,,bulb_type,Par38,,color_temperature,50k,,base_type,Med,,,,,,,,,,,,,,,,,,,,,,,,,,,,,,,,,,,,,,,,,,,,,,,,,,,,,,,,,,,,,,,,,,,,,,,,,,,,,,,,,,,,,,,,,,,,,,,,,,,,,1,EA,,,,,,,,,,,,,,,,,,,,,,,,,,,,,,,,,,,,,US,No,No
https://www.festoolusa.com/product/573469,,,,,,573469,,,,573469,573469,573469 40W Led A19 Med 50k 2pk,-- Unbranded --,-- No Unilog Brand --,-- No DIB Brand --,Phillips Lighting (5831),Festool GmbH,FESTOOL®,,573469,,,"FESTOOL®, Light Bulb, 573469",LIGHT BULB 120 A19,"FESTOOL®, 573469, Light Bulb","FESTOOL® Light Bulb, 120 V, A19","FESTOOL®, Light Bulb",,,,,,,,,,,,,,,,,,,,,,,,,,,Light Bulb,Series,,,Model,,,Item Type,,,Voltage Rating,120,,Amperage Rating,,,Dimensions,A19,,Mounting Type,,,Material,,,Color,,,Sound Level,,,Additional Information,,,,,,,,,,,,,,,wattage,40W,,color_temperature,50k,,pack_quantity,2pk,,,,,,,,,,,,,,,,,,,,,,,,,,,,,,,,,,,,,,,,,,,,,,,,,,,,,,,,,,,,,,,,,,,,,,,,,,,,,,,,,,,,,,,,,,,,,,,,,,,,,,,,1,EA,,,,,,,,,,,,,,,,,,,,,,,,,,,,,,,,,,,,,US,No,No
https://www.lighting.philips.com/product/565671,,,,,,565671,,,,565671,565671,565671 25W Led Med 20K,-- Unbranded --,-- No Unilog Brand --,-- No DIB Brand --,Phillips Lighting (5831),Signify N.V.,PHILIPS LIGHTING®,,565671,,,"PHILIPS LIGHTING®, Light Bulb, 565671",LIGHT BULB 120 V 2-1/2 IN DIA X 4-1/2,"PHILIPS LIGHTING®, 565671, Light Bulb","PHILIPS LIGHTING® Light Bulb, 120 V, 2-1/2 in diameter x 4-1/2 in length","PHILIPS LIGHTING®, Light Bulb",,,,,,,,,,,,,,,,,,,,,,,,,,,Light Bulb,Series,,,Model,,,Item Type,,,Voltage Rating,120,V,Amperage Rating,,,Dimensions,2-1/2 in diameter x 4-1/2 in length,,Mounting Type,,,Material,,,Color,,,Sound Level,,,Additional Information,,,,,,,,,,,,,,,wattage,25W,,color_temperature,20K,,base_type,Med,,supplier,PHILIPS LIGHTING®,,category,General Commercial,,,,,,,,,,,,,,,,,,,,,,,,,,,,,,,,,,,,,,,,,,,,,,,,,,,,,,,,,,,,,,,,,,,,,,,,,,,,,,,,,,,,,,,,,,,,,,,,,,1,EA,,,,,,,,,,,,,,,,,,,,,,,,,,,,,,,,,,,,,US,No,No
https://www.festoolusa.com/product/573204,,,,,,573204,,,,573204,573204,573204 75W Led Par20 Med 50k,-- Unbranded --,-- No Unilog Brand --,-- No DIB Brand --,Phillips Lighting (5831),Festool GmbH,FESTOOL®,,573204,,,"FESTOOL®, Light Bulb, 573204",LIGHT BULB,"FESTOOL®, 573204, Light Bulb",FESTOOL® Light Bulb,"FESTOOL®, Light Bulb",,,,,,,,,,,,,,,,,,,,,,,,,,,Light Bulb,Series,,,Model,,,Item Type,,,Voltage Rating,,,Amperage Rating,,,Dimensions,,,Mounting Type,,,Material,,,Color,,,Sound Level,,,Additional Information,,,,,,,,,,,,,,,wattage,75W,,bulb_type,Par20,,color_temperature,50k,,base_type,Med,,,,,,,,,,,,,,,,,,,,,,,,,,,,,,,,,,,,,,,,,,,,,,,,,,,,,,,,,,,,,,,,,,,,,,,,,,,,,,,,,,,,,,,,,,,,,,,,,,,,,1,EA,,,,,,,,,,,,,,,,,,,,,,,,,,,,,,,,,,,,,US,No,No
https://www.ustape.com/product/581199,,,,,,581199,,,,581199,581199,581199 60W Led Med 2pk,-- Unbranded --,-- No Unilog Brand --,-- No DIB Brand --,Phillips Lighting (5831),U.S. Tape Company,U.S. TAPE®,,581199,,,"U.S. TAPE®, Light Bulb, 581199",LIGHT BULB 120 A19,"U.S. TAPE®, 581199, Light Bulb","U.S. TAPE® Light Bulb, 120 V, A19","U.S. TAPE®, Light Bulb",,,,,,,,,,,,,,,,,,,,,,,,,,,Light Bulb,Series,,,Model,,,Item Type,Med,,Voltage Rating,120,,Amperage Rating,,,Dimensions,A19,,Mounting Type,,,Material,,,Color,,,Sound Level,,,Additional Information,,,,,,,,,,,,,,,wattage,60W,,package,2pk,,,,,,,,,,,,,,,,,,,,,,,,,,,,,,,,,,,,,,,,,,,,,,,,,,,,,,,,,,,,,,,,,,,,,,,,,,,,,,,,,,,,,,,,,,,,,,,,,,,,,,,,,,,1,EA,,,,,,,,,,,,,,,,,,,,,,,,,,,,,,,,,,,,,US,No,No
https://www.lighting.philips.com/product/565887,,,,,,565887,,,,565887,565887,565887 60W Led Med 20k,-- Unbranded --,-- No Unilog Brand --,-- No DIB Brand --,Phillips Lighting (5831),Signify N.V.,PHILIPS LIGHTING®,,565887,,,"PHILIPS LIGHTING®, Light Bulb, 565887",LIGHT BULB,"PHILIPS LIGHTING®, 565887, Light Bulb",PHILIPS LIGHTING® Light Bulb,"PHILIPS LIGHTING®, Light Bulb",,,,,,,,,,,,,,,,,,,,,,,,,,,Light Bulb,Series,,,Model,,,Item Type,,,Voltage Rating,,,Amperage Rating,,,Dimensions,,,Mounting Type,,,Material,,,Color,,,Sound Level,,,Additional Information,,,,,,,,,,,,,,,wattage,60W,,color_temperature,20k,,led_type,Med,,,,,,,,,,,,,,,,,,,,,,,,,,,,,,,,,,,,,,,,,,,,,,,,,,,,,,,,,,,,,,,,,,,,,,,,,,,,,,,,,,,,,,,,,,,,,,,,,,,,,,,,1,EA,,,,,,,,,,,,,,,,,,,,,,,,,,,,,,,,,,,,,US,No,No
https://www.ustape.com/product/586867,,,,,,586867,,,,586867,586867,586867 60W Led Med 27K,-- Unbranded --,-- No Unilog Brand --,-- No DIB Brand --,Phillips Lighting (5831),U.S. Tape Company,U.S. TAPE®,,586867,,,"U.S. TAPE®, Light Bulb, 586867",LIGHT BULB,"U.S. TAPE®, 586867, Light Bulb",U.S. TAPE® Light Bulb,"U.S. TAPE®, Light Bulb",,,,,,,,,,,,,,,,,,,,,,,,,,,Light Bulb,Series,,,Model,,,Item Type,,,Voltage Rating,,,Amperage Rating,,,Dimensions,,,Mounting Type,,,Material,,,Color,,,Sound Level,,,Additional Information,,,,,,,,,,,,,,,wattage,60W,,color_temperature,27K,,product_type,Med,,,,,,,,,,,,,,,,,,,,,,,,,,,,,,,,,,,,,,,,,,,,,,,,,,,,,,,,,,,,,,,,,,,,,,,,,,,,,,,,,,,,,,,,,,,,,,,,,,,,,,,,1,EA,,,,,,,,,,,,,,,,,,,,,,,,,,,,,,,,,,,,,US,No,No
https://www.lighting.philips.com/product/568451,,,,,,568451,,,,568451,568451,5686451 50W Led Med 50k 2pk,-- Unbranded --,-- No Unilog Brand --,-- No DIB Brand --,Phillips Lighting (5831),Signify N.V.,PHILIPS LIGHTING®,,568451,,,"PHILIPS LIGHTING®, Light Bulb, 568451",LIGHT BULB 120 V A19,"PHILIPS LIGHTING®, 568451, Light Bulb","PHILIPS LIGHTING® Light Bulb, 120 V, A19","PHILIPS LIGHTING®, Light Bulb",,,,,,,,,,,,,,,,,,,,,,,,,,,Light Bulb,Series,,,Model,,,Item Type,,,Voltage Rating,120,V,Amperage Rating,,,Dimensions,A19,,Mounting Type,,,Material,,,Color,,,Sound Level,,,Additional Information,,,,,,,,,,,,,,,wattage,50W,,color_temperature,50k,,pack_quantity,2pk,,,,,,,,,,,,,,,,,,,,,,,,,,,,,,,,,,,,,,,,,,,,,,,,,,,,,,,,,,,,,,,,,,,,,,,,,,,,,,,,,,,,,,,,,,,,,,,,,,,,,,,,1,EA,,,,,,,,,,,,,,,,,,,,,,,,,,,,,,,,,,,,,US,No,No
https://www.lighting.philips.com/product/568444,,,,,,568444,,,,568444,568444,568444 90W Led Par38 50k 2pk,-- Unbranded --,-- No Unilog Brand --,-- No DIB Brand --,Phillips Lighting (5831),Signify N.V.,PHILIPS LIGHTING®,,568444,,,"PHILIPS LIGHTING®, Light Bulb, 568444",LIGHT BULB,"PHILIPS LIGHTING®, 568444, Light Bulb",PHILIPS LIGHTING® Light Bulb,"PHILIPS LIGHTING®, Light Bulb",,,,,,,,,,,,,,,,,,,,,,,,,,,Light Bulb,Series,,,Model,,,Item Type,,,Voltage Rating,,,Amperage Rating,,,Dimensions,,,Mounting Type,,,Material,,,Color,,,Sound Level,,,Additional Information,,,,,,,,,,,,,,,wattage,90W,,color_temperature,50k,,package,2pk,,product_type,Par38,,,,,,,,,,,,,,,,,,,,,,,,,,,,,,,,,,,,,,,,,,,,,,,,,,,,,,,,,,,,,,,,,,,,,,,,,,,,,,,,,,,,,,,,,,,,,,,,,,,,,1,EA,,,,,,,,,,,,,,,,,,,,,,,,,,,,,,,,,,,,,US,No,No
https://www.festoolusa.com/product/573196,,,,,,573196,,,,573196,573196,573196 75W Led Med 30K,-- Unbranded --,-- No Unilog Brand --,-- No DIB Brand --,Phillips Lighting (5831),Festool GmbH,FESTOOL®,,573196,,,"FESTOOL®, Light Bulb, 573196",LIGHT BULB,"FESTOOL®, 573196, Light Bulb",FESTOOL® Light Bulb,"FESTOOL®, Light Bulb",,,,,,,,,,,,,,,,,,,,,,,,,,,Light Bulb,Series,,,Model,,,Item Type,Med,,Voltage Rating,,,Amperage Rating,,,Dimensions,,,Mounting Type,,,Material,,,Color,,,Sound Level,,,Additional Information,,,,,,,,,,,,,,,wattage,75W,,color_temperature,30K,,,,,,,,,,,,,,,,,,,,,,,,,,,,,,,,,,,,,,,,,,,,,,,,,,,,,,,,,,,,,,,,,,,,,,,,,,,,,,,,,,,,,,,,,,,,,,,,,,,,,,,,,,,1,EA,,,,,,,,,,,,,,,,,,,,,,,,,,,,,,,,,,,,,US,No,No
https://www.lighting.philips.com/product/564500,,,,,,564500,,,,564500,564500,564500 75W Adj Base 50k 3pk,-- Unbranded --,-- No Unilog Brand --,-- No DIB Brand --,Phillips Lighting (5831),Signify N.V.,PHILIPS LIGHTING®,,564500,,,"PHILIPS LIGHTING®, Light Bulb, 564500",LIGHT BULB 120 V A19,"PHILIPS LIGHTING®, 564500, Light Bulb","PHILIPS LIGHTING® Light Bulb, 120 V, A19","PHILIPS LIGHTING®, Light Bulb",,,,,,,,,,,,,,,,,,,,,,,,,,,Light Bulb,Series,,,Model,,,Item Type,,,Voltage Rating,120,V,Amperage Rating,,,Dimensions,A19,,Mounting Type,,,Material,,,Color,,,Sound Level,,,Additional Information,,,,,,,,,,,,,,,wattage,75W,,base_type,Adj Base,,lumen_output,50k,,pack_quantity,3pk,,,,,,,,,,,,,,,,,,,,,,,,,,,,,,,,,,,,,,,,,,,,,,,,,,,,,,,,,,,,,,,,,,,,,,,,,,,,,,,,,,,,,,,,,,,,,,,,,,,,,1,EA,,,,,,,,,,,,,,,,,,,,,,,,,,,,,,,,,,,,,US,No,No
https://www.festoolusa.com/product/571513,,,,,,571513,,,,571513,571513,571513 40/60/100 Led Med 27k,-- Unbranded --,-- No Unilog Brand --,-- No DIB Brand --,Phillips Lighting (5831),Festool GmbH,FESTOOL®,,571513,,,"FESTOOL®, Light Bulb, 571513",LIGHT BULB,"FESTOOL®, 571513, Light Bulb",FESTOOL® Light Bulb,"FESTOOL®, Light Bulb",,,,,,,,,,,,,,,,,,,,,,,,,,,Light Bulb,Series,,,Model,,,Item Type,,,Voltage Rating,,,Amperage Rating,,,Dimensions,,,Mounting Type,,,Material,,,Color,,,Sound Level,,,Additional Information,,,,,,,,,,,,,,,led_type,Med,,color_temperature,27k,,package_size,40/60/100,,,,,,,,,,,,,,,,,,,,,,,,,,,,,,,,,,,,,,,,,,,,,,,,,,,,,,,,,,,,,,,,,,,,,,,,,,,,,,,,,,,,,,,,,,,,,,,,,,,,,,,,1,EA,,,,,,,,,,,,,,,,,,,,,,,,,,,,,,,,,,,,,US,No,No
https://www.ustape.com/product/588566,,,,,,588566,,,,588566,588566,588566 40W Led Med 55k 3pk,-- Unbranded --,-- No Unilog Brand --,-- No DIB Brand --,Phillips Lighting (5831),U.S. Tape Company,U.S. TAPE®,,588566,,,"U.S. TAPE®, Light Bulb, 588566",LIGHT BULB 120 V,"U.S. TAPE®, 588566, Light Bulb","U.S. TAPE® Light Bulb, 120 V","U.S. TAPE®, Light Bulb",,,,,,,,,,,,,,,,,,,,,,,,,,,Light Bulb,Series,,,Model,,,Item Type,,,Voltage Rating,120,V,Amperage Rating,,,Dimensions,,,Mounting Type,,,Material,,,Color,,,Sound Level,,,Additional Information,,,,,,,,,,,,,,,wattage,40W,,color_temperature,55k,,package_quantity,3pk,,,,,,,,,,,,,,,,,,,,,,,,,,,,,,,,,,,,,,,,,,,,,,,,,,,,,,,,,,,,,,,,,,,,,,,,,,,,,,,,,,,,,,,,,,,,,,,,,,,,,,,,1,EA,,,,,,,,,,,,,,,,,,,,,,,,,,,,,,,,,,,,,US,No,No
https://www.lighting.philips.com/product/565655,,,,,,565655,,,,565655,565655,565655 25W Led A15 Med 20k,-- Unbranded --,-- No Unilog Brand --,-- No DIB Brand --,Phillips Lighting (5831),Signify N.V.,PHILIPS LIGHTING®,,565655,,,"PHILIPS LIGHTING®, Light Bulb, 565655",LIGHT BULB 120 V A15,"PHILIPS LIGHTING®, 565655, Light Bulb","PHILIPS LIGHTING® Light Bulb, 120 V, A15","PHILIPS LIGHTING®, Light Bulb",,,,,,,,,,,,,,,,,,,,,,,,,,,Light Bulb,Series,,,Model,,,Item Type,,,Voltage Rating,120,V,Amperage Rating,,,Dimensions,A15,,Mounting Type,,,Material,,,Color,,,Sound Level,,,Additional Information,,,,,,,,,,,,,,,wattage,25W,,base_type,Med,,color_temperature,20k,,,,,,,,,,,,,,,,,,,,,,,,,,,,,,,,,,,,,,,,,,,,,,,,,,,,,,,,,,,,,,,,,,,,,,,,,,,,,,,,,,,,,,,,,,,,,,,,,,,,,,,,1,EA,,,,,,,,,,,,,,,,,,,,,,,,,,,,,,,,,,,,,US,No,No
https://www.lighting.philips.com/product/565812,,,,,,565812,,,,565812,565812,565812 60W Med Led 50k,-- Unbranded --,-- No Unilog Brand --,-- No DIB Brand --,Phillips Lighting (5831),Signify N.V.,PHILIPS LIGHTING®,,565812,,,"PHILIPS LIGHTING®, Light Bulb, 565812",LIGHT BULB 120 A19,"PHILIPS LIGHTING®, 565812, Light Bulb","PHILIPS LIGHTING® Light Bulb, 120 V, A19","PHILIPS LIGHTING®, Light Bulb",,,,,,,,,,,,,,,,,,,,,,,,,,,Light Bulb,Series,,,Model,,,Item Type,,,Voltage Rating,120,,Amperage Rating,,,Dimensions,A19,,Mounting Type,,,Material,,,Color,,,Sound Level,,,Additional Information,,,,,,,,,,,,,,,wattage,60W,,color_temperature,50k,,technology,LED,,base_type,Med,,,,,,,,,,,,,,,,,,,,,,,,,,,,,,,,,,,,,,,,,,,,,,,,,,,,,,,,,,,,,,,,,,,,,,,,,,,,,,,,,,,,,,,,,,,,,,,,,,,,,1,EA,,,,,,,,,,,,,,,,,,,,,,,,,,,,,,,,,,,,,US,No,No
https://www.ustape.com/product/586917,,,,,,586917,,,,586917,586917,586917 40W Led Cand 27K 2pk,-- Unbranded --,-- No Unilog Brand --,-- No DIB Brand --,Phillips Lighting (5831),U.S. Tape Company,U.S. TAPE®,,586917,,,"U.S. TAPE®, Light Bulb, 586917",LIGHT BULB,"U.S. TAPE®, 586917, Light Bulb",U.S. TAPE® Light Bulb,"U.S. TAPE®, Light Bulb",,,,,,,,,,,,,,,,,,,,,,,,,,,Light Bulb,Series,,,Model,,,Item Type,,,Voltage Rating,,,Amperage Rating,,,Dimensions,,,Mounting Type,,,Material,,,Color,,,Sound Level,,,Additional Information,,,,,,,,,,,,,,,wattage,40W,,color_temperature,27K,,package_quantity,2pk,,,,,,,,,,,,,,,,,,,,,,,,,,,,,,,,,,,,,,,,,,,,,,,,,,,,,,,,,,,,,,,,,,,,,,,,,,,,,,,,,,,,,,,,,,,,,,,,,,,,,,,,1,EA,,,,,,,,,,,,,,,,,,,,,,,,,,,,,,,,,,,,,US,No,No
,,,,,,46719,,,,46719,46719,49719 Wall Light Motion Wh,-- Unbranded --,-- No Unilog Brand --,-- No DIB Brand --,Maxsa Innovations (MAXIN),Maxsa Innovations,Maxsa Innovations,,46719,,,"Maxsa Innovations, Light Bulb, 46719",LIGHT BULB,"Maxsa Innovations, 46719, Light Bulb",Maxsa Innovations Light Bulb,"Maxsa Innovations, Light Bulb",,,,,,,,,,,,,,,,,,,,,,,,,,,Light Bulb,Series,,,Model,,,Item Type,,,Voltage Rating,,,Amperage Rating,,,Dimensions,,,Mounting Type,,,Material,,,Color,,,Sound Level,,,Additional Information,,,,,,,,,,,,,,,Catalog Category,General Commercial,,Manufacturer Part Number (MPN),46719,,Supplier / Manufacturer,Maxsa Innovations,,Raw Catalog Description,49719 Wall Light Motion Wh,,,,,,,,,,,,,,,,,,,,,,,,,,,,,,,,,,,,,,,,,,,,,,,,,,,,,,,,,,,,,,,,,,,,,,,,,,,,,,,,,,,,,,,,,,,,,,,,,,,,,1,EA,,,,,,,,,,,,,,,,,,,,,,,,,,,,,,,,,,,,,US,No,No
https://www.ustape.com/product/59061BSL,,,,,,59061BSL,,,,59061BSL,59061BSL,59061BSL Kichler Ext Wall Lt,-- Unbranded --,-- No Unilog Brand --,-- No DIB Brand --,Kichler Lighting (KICLI),U.S. Tape Company,U.S. TAPE®,,59061BSL,,,"U.S. TAPE®, Light Bulb, 59061BSL",LIGHT BULB,"U.S. TAPE®, 59061BSL, Light Bulb",U.S. TAPE® Light Bulb,"U.S. TAPE®, Light Bulb",,,,,,,,,,,,,,,,,,,,,,,,,,,Light Bulb,Series,,,Model,,,Item Type,,,Voltage Rating,,,Amperage Rating,,,Dimensions,,,Mounting Type,,,Material,,,Color,,,Sound Level,,,Additional Information,,,,,,,,,,,,,,,Supplier_Manufacturer,U.S. TAPE®,,Catalog_Category,General Commercial,,,,,,,,,,,,,,,,,,,,,,,,,,,,,,,,,,,,,,,,,,,,,,,,,,,,,,,,,,,,,,,,,,,,,,,,,,,,,,,,,,,,,,,,,,,,,,,,,,,,,,,,,,,1,EA,,,,,,,,,,,,,,,,,,,,,,,,,,,,,,,,,,,,,US,No,No
https://www.ustape.com/product/59062BSL,,,,,,59062BSL,,,,59062BSL,59062BSL,59062BSL Kichler Ext Wall Lt,-- Unbranded --,-- No Unilog Brand --,-- No DIB Brand --,Kichler Lighting (KICLI),U.S. Tape Company,U.S. TAPE®,,59062BSL,,,"U.S. TAPE®, Luminaire, 59062BSL",LUMINAIRE,"U.S. TAPE®, 59062BSL, Luminaire",U.S. TAPE® Luminaire,"U.S. TAPE®, Luminaire",,,,,,,,,,,,,,,,,,,,,,,,,,,Luminaire,Series,,,Model,,,Item Type,,,Voltage Rating,,,Amperage Rating,,,Dimensions,,,Mounting Type,,,Material,,,Color,,,Sound Level,,,Additional Information,,,,,,,,,,,,,,,Supplier / Manufacturer,U.S. TAPE®,,Catalog Category,General Commercial,,,,,,,,,,,,,,,,,,,,,,,,,,,,,,,,,,,,,,,,,,,,,,,,,,,,,,,,,,,,,,,,,,,,,,,,,,,,,,,,,,,,,,,,,,,,,,,,,,,,,,,,,,,1,EA,,,,,,,,,,,,,,,,,,,,,,,,,,,,,,,,,,,,,US,No,No
https://www.ustape.com/product/59124BKT,,,,,,59124BKT,,,,59124BKT,59124BKT,59124BKT Kichler Ext Wall Lt,-- Unbranded --,-- No Unilog Brand --,-- No DIB Brand --,Kichler Lighting (KICLI),U.S. Tape Company,U.S. TAPE®,,59124BKT,,,"U.S. TAPE®, Light Bulb, 59124BKT",LIGHT BULB,"U.S. TAPE®, 59124BKT, Light Bulb",U.S. TAPE® Light Bulb,"U.S. TAPE®, Light Bulb",,,,,,,,,,,,,,,,,,,,,,,,,,,Light Bulb,Series,,,Model,,,Item Type,,,Voltage Rating,,,Amperage Rating,,,Dimensions,,,Mounting Type,,,Material,,,Color,,,Sound Level,,,Additional Information,,,,,,,,,,,,,,,Manufacturer,U.S. TAPE®,,Catalog Category,General Commercial,,,,,,,,,,,,,,,,,,,,,,,,,,,,,,,,,,,,,,,,,,,,,,,,,,,,,,,,,,,,,,,,,,,,,,,,,,,,,,,,,,,,,,,,,,,,,,,,,,,,,,,,,,,1,EA,,,,,,,,,,,,,,,,,,,,,,,,,,,,,,,,,,,,,US,No,No
https://www.ustape.com/product/59025BK,,,,,,59025BK,,,,59025BK,59025BK,59025BK Kichler Post Lt,-- Unbranded --,-- No Unilog Brand --,-- No DIB Brand --,Kichler Lighting (KICLI),U.S. Tape Company,U.S. TAPE®,,59025BK,,,"U.S. TAPE®, Light Bulb, 59025BK",LIGHT BULB,"U.S. TAPE®, 59025BK, Light Bulb",U.S. TAPE® Light Bulb,"U.S. TAPE®, Light Bulb",,,,,,,,,,,,,,,,,,,,,,,,,,,Light Bulb,Series,,,Model,,,Item Type,,,Voltage Rating,,,Amperage Rating,,,Dimensions,,,Mounting Type,,,Material,,,Color,,,Sound Level,,,Additional Information,,,,,,,,,,,,,,,Manufacturer,U.S. TAPE®,,Catalog Category,General Commercial,,,,,,,,,,,,,,,,,,,,,,,,,,,,,,,,,,,,,,,,,,,,,,,,,,,,,,,,,,,,,,,,,,,,,,,,,,,,,,,,,,,,,,,,,,,,,,,,,,,,,,,,,,,1,EA,,,,,,,,,,,,,,,,,,,,,,,,,,,,,,,,,,,,,US,No,No
https://www.dewalt.com/product/DCL183,,,,,,DCL183,,,,DCL183,DCL183,Dewalt DCL183 Light - Rechargeable,-- Unbranded --,-- No Unilog Brand --,-- No DIB Brand --,Black & Decker/dewlt (2585),Stanley Black & Decker,DEWALT®,,DCL183,,,"DEWALT®, Light Bulb, DCL183",LIGHT BULB,"DEWALT®, DCL183, Light Bulb",DEWALT® Light Bulb,"DEWALT®, Light Bulb",,,,,,,,,,,,,,,,,,,,,,,,,,,Light Bulb,Series,,,Model,,,Item Type,,,Voltage Rating,,,Amperage Rating,,,Dimensions,,,Mounting Type,,,Material,,,Color,,,Sound Level,,,Additional Information,,,,,,,,,,,,,,,,,,,,,,,,,,,,,,,,,,,,,,,,,,,,,,,,,,,,,,,,,,,,,,,,,,,,,,,,,,,,,,,,,,,,,,,,,,,,,,,,,,,,,,,,,,,,,,,,,,,,,,,,,,,,,,1,EA,,,,,,,,,,,,,,,,,,,,,,,,,,,,,,,,,,,,,US,No,No
,,,,,,73020,,,,73020,73020,73020 Nano Clip Light Bk,-- Unbranded --,-- No Unilog Brand --,-- No DIB Brand --,Streamlight (7277),Streamlight,Streamlight,,73020,,,"Streamlight, Light Bulb, 73020",LIGHT BULB,"Streamlight, 73020, Light Bulb",Streamlight Light Bulb,"Streamlight, Light Bulb",,,,,,,,,,,,,,,,,,,,,,,,,,,Light Bulb,Series,,,Model,,,Item Type,,,Voltage Rating,,,Amperage Rating,,,Dimensions,,,Mounting Type,,,Material,,,Color,,,Sound Level,,,Additional Information,,,,,,,,,,,,,,,,,,,,,,,,,,,,,,,,,,,,,,,,,,,,,,,,,,,,,,,,,,,,,,,,,,,,,,,,,,,,,,,,,,,,,,,,,,,,,,,,,,,,,,,,,,,,,,,,,,,,,,,,,,,,,,1,EA,,,,,,,,,,,,,,,,,,,,,,,,,,,,,,,,,,,,,US,No,No
,,,,,,NEB-FLT-1021,,,,NEB-FLT-1021,NEB-FLT-1021,NEBFLT1021 Slyde King FlashLt,-- Unbranded --,-- No Unilog Brand --,-- No DIB Brand --,ACG Brands (1154),ACG Brands,ACG Brands,,NEB-FLT-1021,,,"ACG Brands, Luminaire, NEB-FLT-1021",LUMINAIRE,"ACG Brands, NEB-FLT-1021, Luminaire",ACG Brands Luminaire,"ACG Brands, Luminaire",,,,,,,,,,,,,,,,,,,,,,,,,,,Luminaire,Series,,,Model,,,Item Type,,,Voltage Rating,,,Amperage Rating,,,Dimensions,,,Mounting Type,,,Material,,,Color,,,Sound Level,,,Additional Information,,,,,,,,,,,,,,,,,,,,,,,,,,,,,,,,,,,,,,,,,,,,,,,,,,,,,,,,,,,,,,,,,,,,,,,,,,,,,,,,,,,,,,,,,,,,,,,,,,,,,,,,,,,,,,,,,,,,,,,,,,,,,,1,EA,,,,,,,,,,,,,,,,,,,,,,,,,,,,,,,,,,,,,US,No,No
,,,,,,NEB-FLT-0053,,,,NEB-FLT-0053,NEB-FLT-0053,NEBFLT0053 2600L Flash Light,-- Unbranded --,-- No Unilog Brand --,-- No DIB Brand --,ACG Brands (1154),ACG Brands,ACG Brands,,NEB-FLT-0053,,,"ACG Brands, Flash Light, NEB-FLT-0053",FLASH LIGHT,"ACG Brands, NEB-FLT-0053, Flash Light",ACG Brands Flash Light,"ACG Brands, Flash Light",,,,,,,,,,,,,,,,,,,,,,,,,,,Flash Light,Series,,,Model,,,Item Type,,,Voltage Rating,,,Amperage Rating,,,Dimensions,,,Mounting Type,,,Material,,,Color,,,Sound Level,,,Additional Information,,,,,,,,,,,,,,,,,,,,,,,,,,,,,,,,,,,,,,,,,,,,,,,,,,,,,,,,,,,,,,,,,,,,,,,,,,,,,,,,,,,,,,,,,,,,,,,,,,,,,,,,,,,,,,,,,,,,,,,,,,,,,,1,EA,,,,,,,,,,,,,,,,,,,,,,,,,,,,,,,,,,,,,US,No,No
,,,,,,97708,,,,97708,97708,97708 Police 800L Headlight,-- Unbranded --,-- No Unilog Brand --,-- No DIB Brand --,Police Security (9470),Police Security,Police Security,,97708,,,"Police Security, Light Bulb, 97708",LIGHT BULB,"Police Security, 97708, Light Bulb",Police Security Light Bulb,"Police Security, Light Bulb",,,,,,,,,,,,,,,,,,,,,,,,,,,Light Bulb,Series,,,Model,,,Item Type,,,Voltage Rating,,,Amperage Rating,,,Dimensions,,,Mounting Type,,,Material,,,Color,,,Sound Level,,,Additional Information,,,,,,,,,,,,,,,,,,,,,,,,,,,,,,,,,,,,,,,,,,,,,,,,,,,,,,,,,,,,,,,,,,,,,,,,,,,,,,,,,,,,,,,,,,,,,,,,,,,,,,,,,,,,,,,,,,,,,,,,,,,,,,1,EA,,,,,,,,,,,,,,,,,,,,,,,,,,,,,,,,,,,,,US,No,No
,,,,,,WORK6000XLTPPLUG,,,,WORK6000XLTPPLUG,WORK6000XLTPPLUG,6000L Twin Head Work Light,-- Unbranded --,-- No Unilog Brand --,-- No DIB Brand --,Feit Electric (3468),Feit Electric,Feit Electric,,WORK6000XLTPPLUG,,,"Feit Electric, Luminaire, WORK6000XLTPPLUG",LUMINAIRE,"Feit Electric, WORK6000XLTPPLUG, Luminaire",Feit Electric Luminaire,"Feit Electric, Luminaire",,,,,,,,,,,,,,,,,,,,,,,,,,,Luminaire,Series,,,Model,,,Item Type,,,Voltage Rating,,,Amperage Rating,,,Dimensions,,,Mounting Type,,,Material,,,Color,,,Sound Level,,,Additional Information,,,,,,,,,,,,,,,,,,,,,,,,,,,,,,,,,,,,,,,,,,,,,,,,,,,,,,,,,,,,,,,,,,,,,,,,,,,,,,,,,,,,,,,,,,,,,,,,,,,,,,,,,,,,,,,,,,,,,,,,,,,,,,1,EA,,,,,,,,,,,,,,,,,,,,,,,,,,,,,,,,,,,,,US,No,No
https://www.se.com/product/HOM2040M200PRB,,,,,,HOM2040M200PRB,,,,HOM2040M200PRB,HOM2040M200PRB,HOM2040M200PRB 200A Load Cntr,-- Unbranded --,-- No Unilog Brand --,-- No DIB Brand --,Square D Con Prod Dv (6825),Schneider Electric,SQUARE D®,,HOM2040M200PRB,,,"SQUARE D®, Load Center, HOM2040M200PRB",LOAD CENTER,"SQUARE D®, HOM2040M200PRB, Load Center","SQUARE D® Load Center, 200 A","SQUARE D®, Load Center",,,,,,,,,,,,,,,,,,,,,,,,,,,Load Center,Series,,,Model,,,Item Type,,,Voltage Rating,,,Amperage Rating,200,A,Dimensions,,,Mounting Type,,,Material,,,Color,,,Sound Level,,,Additional Information,,,,,,,,,,,,,,,,,,,,,,,,,,,,,,,,,,,,,,,,,,,,,,,,,,,,,,,,,,,,,,,,,,,,,,,,,,,,,,,,,,,,,,,,,,,,,,,,,,,,,,,,,,,,,,,,,,,,,,,,,,,,,,1,EA,,,,,,,,,,,,,,,,,,,,,,,,,,,,,,,,,,,,,US,No,No
https://www.se.com/product/HOM3060L225PGC,,,,,,HOM3060L225PGC,,,,HOM3060L225PGC,HOM3060L225PGC,HOM3060L225PGC 225 Load Center,-- Unbranded --,-- No Unilog Brand --,-- No DIB Brand --,Square D Con Prod Dv (6825),Schneider Electric,SQUARE D®,,HOM3060L225PGC,,,"SQUARE D®, Load Center, HOM3060L225PGC",LOAD CENTER,"SQUARE D®, HOM3060L225PGC, Load Center",SQUARE D® Load Center,"SQUARE D®, Load Center",,,,,,,,,,,,,,,,,,,,,,,,,,,Load Center,Series,,,Model,,,Item Type,,,Voltage Rating,,,Amperage Rating,,,Dimensions,,,Mounting Type,,,Material,,,Color,,,Sound Level,,,Additional Information,,,,,,,,,,,,,,,Manufacturer Part Number,HOM3060L225PGC,,Supplier / Manufacturer,SQUARE D®,,Catalog Category,General Commercial,,,,,,,,,,,,,,,,,,,,,,,,,,,,,,,,,,,,,,,,,,,,,,,,,,,,,,,,,,,,,,,,,,,,,,,,,,,,,,,,,,,,,,,,,,,,,,,,,,,,,,,,1,EA,,,,,,,,,,,,,,,,,,,,,,,,,,,,,,,,,,,,,US,No,No
https://www.se.com/product/QO612L100RBCP,,,,,,QO612L100RBCP,,,,QO612L100RBCP,QO612L100RBCP,QO612L100RBCP 100A Load Center,-- Unbranded --,-- No Unilog Brand --,-- No DIB Brand --,Square D Con Prod Dv (6825),Schneider Electric,SQUARE D®,,QO612L100RBCP,,,"SQUARE D®, Load Center, QO612L100RBCP",LOAD CENTER 100 A,"SQUARE D®, QO612L100RBCP, Load Center","SQUARE D® Load Center, 100 A V, 100 A","SQUARE D®, Load Center",,,,,,,,,,,,,,,,,,,,,,,,,,,Load Center,Series,,,Model,,,Item Type,,,Voltage Rating,100,A,Amperage Rating,100,A,Dimensions,,,Mounting Type,,,Material,,,Color,,,Sound Level,,,Additional Information,,,,,,,,,,,,,,,,,,,,,,,,,,,,,,,,,,,,,,,,,,,,,,,,,,,,,,,,,,,,,,,,,,,,,,,,,,,,,,,,,,,,,,,,,,,,,,,,,,,,,,,,,,,,,,,,,,,,,,,,,,,,,,1,EA,,,,,,,,,,,,,,,,,,,,,,,,,,,,,,,,,,,,,US,No,No
https://www.southwire.com/product/13093005,,,,,,13093005,,,,13093005,13093005,4/0 Aluminum Entrance Cable (Linear Foot),-- Unbranded --,-- No Unilog Brand --,-- No DIB Brand --,Southwire/g Turner (6603),Southwire Company,SOUTHWIRE®,,13093005,,,"SOUTHWIRE®, Cable, 13093005, Aluminum",CABLE ALUM 4/0,"SOUTHWIRE®, 13093005, Cable, Aluminum","SOUTHWIRE® Cable, 4/0, Aluminum","SOUTHWIRE®, Cable, Aluminum",,,,,,,,,,,,,,,,,,,,,,,,,,,Cable,Series,,,Model,,,Item Type,,,Voltage Rating,,,Amperage Rating,,,Dimensions,4/0,,Mounting Type,,,Material,Aluminum,,Color,,,Sound Level,,,Additional Information,,,,,,,,,,,,,,,,,,,,,,,,,,,,,,,,,,,,,,,,,,,,,,,,,,,,,,,,,,,,,,,,,,,,,,,,,,,,,,,,,,,,,,,,,,,,,,,,,,,,,,,,,,,,,,,,,,,,,,,,,,,,,,1,EA,,,,,,,,,,,,,,,,,,,,,,,,,,,,,,,,,,,,,US,No,No
https://www.boschtools.com/product/12-4 SO,,,,,,12-4 SO,,,,12-4 SO,12-4 SO,12-4 SO Cord (Linear Foot),-- Unbranded --,-- No Unilog Brand --,-- No DIB Brand --,-,Robert Bosch GmbH,BOSCH®,,12-4 SO,,,"BOSCH®, Cable, 12-4 SO",CABLE,"BOSCH®, 12-4 SO, Cable",BOSCH® Cable,"BOSCH®, Cable",,,,,,,,,,,,,,,,,,,,,,,,,,,Cable,Series,,,Model,,,Item Type,,,Voltage Rating,,,Amperage Rating,,,Dimensions,,,Mounting Type,,,Material,,,Color,,,Sound Level,,,Additional Information,,,,,,,,,,,,,,,description,12-4 SO Cord (Linear Foot),,manufacturer_part_number,12-4 SO,,supplier_manufacturer,BOSCH®,,catalog_category,General Commercial,,,,,,,,,,,,,,,,,,,,,,,,,,,,,,,,,,,,,,,,,,,,,,,,,,,,,,,,,,,,,,,,,,,,,,,,,,,,,,,,,,,,,,,,,,,,,,,,,,,,,1,EA,,,,,,,,,,,,,,,,,,,,,,,,,,,,,,,,,,,,,US,No,No
https://www.southwire.com/product/96263-46-06,,,,,,96263-46-06,,,,96263-46-06,96263-46-06,96263-46-06 CAT5E Wire (Linear Foot),-- Unbranded --,-- No Unilog Brand --,-- No DIB Brand --,Woods Wire Southwire (7579),Southwire Company,SOUTHWIRE®,,96263-46-06,,,"SOUTHWIRE®, Cable, 96263-46-06",CABLE,"SOUTHWIRE®, 96263-46-06, Cable",SOUTHWIRE® Cable,"SOUTHWIRE®, Cable",,,,,,,,,,,,,,,,,,,,,,,,,,,Cable,Series,,,Model,,,Item Type,,,Voltage Rating,,,Amperage Rating,,,Dimensions,,,Mounting Type,,,Material,,,Color,,,Sound Level,,,Additional Information,,,,,,,,,,,,,,,description,CAT5E Wire (Linear Foot),,manufacturer_part_number,96263-46-06,,supplier_manufacturer,SOUTHWIRE®,,catalog_category,General Commercial,,,,,,,,,,,,,,,,,,,,,,,,,,,,,,,,,,,,,,,,,,,,,,,,,,,,,,,,,,,,,,,,,,,,,,,,,,,,,,,,,,,,,,,,,,,,,,,,,,,,,1,EA,,,,,,,,,,,,,,,,,,,,,,,,,,,,,,,,,,,,,US,No,No
https://www.southwire.com/product/R50003-ID,,,,,,R50003-ID,,,,R50003-ID,R50003-ID,16-2 Stranded Wire CL3 500' (Linear Foot),-- Unbranded --,-- No Unilog Brand --,-- No DIB Brand --,Southwire/g Turner (6603),Southwire Company,SOUTHWIRE®,,R50003-ID,,,"SOUTHWIRE®, Wire, R50003-ID, Copper",WIRE COPPER 16-2 STRANDED,"SOUTHWIRE®, R50003-ID, Wire, Copper","SOUTHWIRE® Wire, 16-2 Stranded, Copper","SOUTHWIRE®, Wire, Copper",,,,,,,,,,,,,,,,,,,,,,,,,,,Wire,Series,,,Model,,,Item Type,CL3,,Voltage Rating,,,Amperage Rating,,,Dimensions,16-2 Stranded,,Mounting Type,,,Material,Copper,,Color,,,Sound Level,,,Additional Information,,,,,,,,,,,,,,,length,500',,category,General Commercial,,,,,,,,,,,,,,,,,,,,,,,,,,,,,,,,,,,,,,,,,,,,,,,,,,,,,,,,,,,,,,,,,,,,,,,,,,,,,,,,,,,,,,,,,,,,,,,,,,,,,,,,,,,1,EA,,,,,,,,,,,,,,,,,,,,,,,,,,,,,,,,,,,,,US,No,No
https://www.southwire.com/product/10-4 SO,,,,,,10-4 SO,,,,10-4 SO,10-4 SO,10-4 SO Cord (Linear Foot),-- Unbranded --,-- No Unilog Brand --,-- No DIB Brand --,Southwire/g Turner (6603),Southwire Company,SOUTHWIRE®,,10-4 SO,,,"SOUTHWIRE®, Cable, 10-4 SO",CABLE,"SOUTHWIRE®, 10-4 SO, Cable",SOUTHWIRE® Cable,"SOUTHWIRE®, Cable",,,,,,,,,,,,,,,,,,,,,,,,,,,Cable,Series,,,Model,,,Item Type,,,Voltage Rating,,,Amperage Rating,,,Dimensions,,,Mounting Type,,,Material,,,Color,,,Sound Level,,,Additional Information,,,,,,,,,,,,,,,,,,,,,,,,,,,,,,,,,,,,,,,,,,,,,,,,,,,,,,,,,,,,,,,,,,,,,,,,,,,,,,,,,,,,,,,,,,,,,,,,,,,,,,,,,,,,,,,,,,,,,,,,,,,,,,1,EA,,,,,,,,,,,,,,,,,,,,,,,,,,,,,,,,,,,,,US,No,No
,,,,,,23346-0408,,,,23346-0408,23346-0408,23346-0408 Wire 16/3 SJEWA 250 (Linear Foot),-- Unbranded --,-- No Unilog Brand --,-- No DIB Brand --,-,-,-,,23346-0408,,,"-, Wire, 23346-0408",WIRE 16/3 SJEWA 250,"-, 23346-0408, Wire","- Wire, 16/3 SJEWA 250","-, Wire",,,,,,,,,,,,,,,,,,,,,,,,,,,Wire,Series,,,Model,,,Item Type,,,Voltage Rating,,,Amperage Rating,,,Dimensions,16/3 SJEWA 250,,Mounting Type,,,Material,,,Color,,,Sound Level,,,Additional Information,,,,,,,,,,,,,,,category,General Commercial,,supplier_manufacturer,-,,,,,,,,,,,,,,,,,,,,,,,,,,,,,,,,,,,,,,,,,,,,,,,,,,,,,,,,,,,,,,,,,,,,,,,,,,,,,,,,,,,,,,,,,,,,,,,,,,,,,,,,,,,1,EA,,,,,,,,,,,,,,,,,,,,,,,,,,,,,,,,,,,,,US,No,No
https://www.southwire.com/product/2/2/4 UD ALUM,,,,,,2/2/4 UD ALUM,,,,2/2/4 UD ALUM,2/2/4 UD ALUM,2/2/4 UD Aluminum Triplex Wire (Linear Foot),-- Unbranded --,-- No Unilog Brand --,-- No DIB Brand --,Southwire/g Turner (6603),Southwire Company,SOUTHWIRE®,,2/2/4 UD ALUM,,,"SOUTHWIRE®, Triplex Wire, 2/2/4 UD ALUM, Aluminum",TRIPLEX WIRE ALUM 2/2/4,"SOUTHWIRE®, 2/2/4 UD ALUM, Triplex Wire, Aluminum","SOUTHWIRE® Triplex Wire, 2/2/4, Aluminum","SOUTHWIRE®, Triplex Wire, Aluminum",,,,,,,,,,,,,,,,,,,,,,,,,,,Triplex Wire,Series,,,Model,,,Item Type,,,Voltage Rating,,,Amperage Rating,,,Dimensions,2/2/4,,Mounting Type,,,Material,Aluminum,,Color,,,Sound Level,,,Additional Information,,,,,,,,,,,,,,,conductor_type,UD,,supplier_manufacturer,SOUTHWIRE®,,catalog_category,General Commercial,,,,,,,,,,,,,,,,,,,,,,,,,,,,,,,,,,,,,,,,,,,,,,,,,,,,,,,,,,,,,,,,,,,,,,,,,,,,,,,,,,,,,,,,,,,,,,,,,,,,,,,,1,EA,,,,,,,,,,,,,,,,,,,,,,,,,,,,,,,,,,,,,US,No,No
https://www.kichler.com/product/55418901,,,,,,55418901,,,,55418901,55418901,6/6/6 UD Triplex Aluminum Wire,-- Unbranded --,-- No Unilog Brand --,-- No DIB Brand --,Southwire/g Turner (6603),Kichler Lighting LLC,KICHLER®,,55418901,,,"KICHLER®, Light Bulb, 55418901, Aluminum",LIGHT BULB ALUM,"KICHLER®, 55418901, Light Bulb, Aluminum","KICHLER® Light Bulb, Aluminum","KICHLER®, Light Bulb, Aluminum",,,,,,,,,,,,,,,,,,,,,,,,,,,Light Bulb,Series,,,Model,,,Item Type,,,Voltage Rating,,,Amperage Rating,,,Dimensions,,,Mounting Type,,,Material,Aluminum,,Color,,,Sound Level,,,Additional Information,,,,,,,,,,,,,,,wire_config,Triplex,,conductor_count,6/6/6,,wire_type,UD,,,,,,,,,,,,,,,,,,,,,,,,,,,,,,,,,,,,,,,,,,,,,,,,,,,,,,,,,,,,,,,,,,,,,,,,,,,,,,,,,,,,,,,,,,,,,,,,,,,,,,,,1,EA,,,,,,,,,,,,,,,,,,,,,,,,,,,,,,,,,,,,,US,No,No
,,,,,,CG50K,,,,CG50K,CG50K,"CG50K 1/2"" Cord Grip Kit",-- Unbranded --,-- No Unilog Brand --,-- No DIB Brand --,Fenton Bros Electric Inc (FENBR),Fenton Bros Electric Inc,Fenton Bros Electric Inc,,CG50K,,,"Fenton Bros Electric Inc, Cord Grip Kit, CG50K",CORD GRIP KIT,"Fenton Bros Electric Inc, CG50K, Cord Grip Kit",Fenton Bros Electric Inc Cord Grip Kit,"Fenton Bros Electric Inc, Cord Grip Kit",,,,,,,,,,,,,,,,,,,,,,,,,,,Cord Grip Kit,Series,,,Model,,,Item Type,,,Voltage Rating,,,Amperage Rating,,,Dimensions,,,Mounting Type,,,Material,,,Color,,,Sound Level,,,Additional Information,,,,,,,,,,,,,,,,,,,,,,,,,,,,,,,,,,,,,,,,,,,,,,,,,,,,,,,,,,,,,,,,,,,,,,,,,,,,,,,,,,,,,,,,,,,,,,,,,,,,,,,,,,,,,,,,,,,,,,,,,,,,,,1,EA,,,,,,,,,,,,,,,,,,,,,,,,,,,,,,,,,,,,,US,No,No
https://www.leviton.com/product/R02-D215P-1RW,,,,,,R02-D215P-1RW,,,,R02-D215P-1RW,R02-D215P-1RW,R02D215P1RW 15A Mini Outlet Wh,-- Unbranded --,-- No Unilog Brand --,-- No DIB Brand --,Leviton Mfg Co (4927),"Leviton Manufacturing Co., Inc.",LEVITON®,,R02-D215P-1RW,,,"LEVITON®, Outlet, R02-D215P-1RW",OUTLET 15 A,"LEVITON®, R02-D215P-1RW, Outlet","LEVITON® Outlet, 15 A V, 15 A","LEVITON®, Outlet",,,,,,,,,,,,,,,,,,,,,,,,,,,Outlet,Series,,,Model,,,Item Type,,,Voltage Rating,15,A,Amperage Rating,15,A,Dimensions,,,Mounting Type,,,Material,,,Color,,,Sound Level,,,Additional Information,,,,,,,,,,,,,,,,,,,,,,,,,,,,,,,,,,,,,,,,,,,,,,,,,,,,,,,,,,,,,,,,,,,,,,,,,,,,,,,,,,,,,,,,,,,,,,,,,,,,,,,,,,,,,,,,,,,,,,,,,,,,,,1,EA,,,,,,,,,,,,,,,,,,,,,,,,,,,,,,,,,,,,,US,No,No
,,,,,,PBUC013,,,,PBUC013,PBUC013,PBUC013 15A Wall Tap w/USB,-- Unbranded --,-- No Unilog Brand --,-- No DIB Brand --,Prime Wire & Cable (3562),Prime Wire & Cable,Prime Wire & Cable,,PBUC013,,,"Prime Wire & Cable, Light Bulb, PBUC013",LIGHT BULB 15 A,"Prime Wire & Cable, PBUC013, Light Bulb","Prime Wire & Cable Light Bulb, 15 A V, 15 A","Prime Wire & Cable, Light Bulb",,,,,,,,,,,,,,,,,,,,,,,,,,,Light Bulb,Series,,,Model,,,Item Type,,,Voltage Rating,15,A,Amperage Rating,15,A,Dimensions,,,Mounting Type,,,Material,,,Color,,,Sound Level,,,Additional Information,,,,,,,,,,,,,,,,,,,,,,,,,,,,,,,,,,,,,,,,,,,,,,,,,,,,,,,,,,,,,,,,,,,,,,,,,,,,,,,,,,,,,,,,,,,,,,,,,,,,,,,,,,,,,,,,,,,,,,,,,,,,,,1,EA,,,,,,,,,,,,,,,,,,,,,,,,,,,,,,,,,,,,,US,No,No
https://www.leviton.com/product/R00-GFNT1-00K,,,,,,R00-GFNT1-00K,,,,R00-GFNT1-00K,R00-GFNT1-00K,R00GFNT100K 15A Outlet Br,-- Unbranded --,-- No Unilog Brand --,-- No DIB Brand --,Leviton Mfg Co (4927),"Leviton Manufacturing Co., Inc.",LEVITON®,,R00-GFNT1-00K,,,"LEVITON®, Outlet, R00-GFNT1-00K",OUTLET 15 A,"LEVITON®, R00-GFNT1-00K, Outlet","LEVITON® Outlet, 15 A V, 15 A","LEVITON®, Outlet",,,,,,,,,,,,,,,,,,,,,,,,,,,Outlet,Series,,,Model,,,Item Type,,,Voltage Rating,15,A,Amperage Rating,15,A,Dimensions,,,Mounting Type,,,Material,,,Color,,,Sound Level,,,Additional Information,,,,,,,,,,,,,,,,,,,,,,,,,,,,,,,,,,,,,,,,,,,,,,,,,,,,,,,,,,,,,,,,,,,,,,,,,,,,,,,,,,,,,,,,,,,,,,,,,,,,,,,,,,,,,,,,,,,,,,,,,,,,,,1,EA,,,,,,,,,,,,,,,,,,,,,,,,,,,,,,,,,,,,,US,No,No
https://www.leviton.com/product/R92-GFWT1-0KW,,,,,,R92-GFWT1-0KW,,,,R92-GFWT1-0KW,R92-GFWT1-0KW,R92GFWT10KW 15A GFCI Outlet Wh,-- Unbranded --,-- No Unilog Brand --,-- No DIB Brand --,Leviton Mfg Co (4927),"Leviton Manufacturing Co., Inc.",LEVITON®,,R92-GFWT1-0KW,,,"LEVITON®, GFCI Outlet, R92-GFWT1-0KW",GFCI OUTLET 15 A,"LEVITON®, R92-GFWT1-0KW, GFCI Outlet","LEVITON® GFCI Outlet, 15 A V, 15 A","LEVITON®, GFCI Outlet",,,,,,,,,,,,,,,,,,,,,,,,,,,GFCI Outlet,Series,,,Model,,,Item Type,,,Voltage Rating,15,A,Amperage Rating,15,A,Dimensions,,,Mounting Type,,,Material,,,Color,,,Sound Level,,,Additional Information,,,,,,,,,,,,,,,,,,,,,,,,,,,,,,,,,,,,,,,,,,,,,,,,,,,,,,,,,,,,,,,,,,,,,,,,,,,,,,,,,,,,,,,,,,,,,,,,,,,,,,,,,,,,,,,,,,,,,,,,,,,,,,1,EA,,,,,,,,,,,,,,,,,,,,,,,,,,,,,,,,,,,,,US,No,No
https://www.leviton.com/product/R12-AGTR1-0KW,,,,,,R12-AGTR1-0KW,,,,R12-AGTR1-0KW,R12-AGTR1-0KW,R12AGTR10KW 15A GFCI Outler Wh,-- Unbranded --,-- No Unilog Brand --,-- No DIB Brand --,Leviton Mfg Co (4927),"Leviton Manufacturing Co., Inc.",LEVITON®,,R12-AGTR1-0KW,,,"LEVITON®, GFCI Outlet, R12-AGTR1-0KW",GFCI OUTLET 15 A,"LEVITON®, R12-AGTR1-0KW, GFCI Outlet","LEVITON® GFCI Outlet, 15 A V, 15 A","LEVITON®, GFCI Outlet",,,,,,,,,,,,,,,,,,,,,,,,,,,GFCI Outlet,Series,,,Model,,,Item Type,,,Voltage Rating,15,A,Amperage Rating,15,A,Dimensions,,,Mounting Type,,,Material,,,Color,,,Sound Level,,,Additional Information,,,,,,,,,,,,,,,,,,,,,,,,,,,,,,,,,,,,,,,,,,,,,,,,,,,,,,,,,,,,,,,,,,,,,,,,,,,,,,,,,,,,,,,,,,,,,,,,,,,,,,,,,,,,,,,,,,,,,,,,,,,,,,1,EA,,,,,,,,,,,,,,,,,,,,,,,,,,,,,,,,,,,,,US,No,No
https://www.leviton.com/product/R62-GFTA1-0KW,,,,,,R62-GFTA1-0KW,,,,R62-GFTA1-0KW,R62-GFTA1-0KW,R92GFTA10KW 15A GFCI Outlet Wh,-- Unbranded --,-- No Unilog Brand --,-- No DIB Brand --,Leviton Mfg Co (4927),"Leviton Manufacturing Co., Inc.",LEVITON®,,R62-GFTA1-0KW,,,"LEVITON®, GFCI Outlet, R62-GFTA1-0KW",GFCI OUTLET 15 A,"LEVITON®, R62-GFTA1-0KW, GFCI Outlet","LEVITON® GFCI Outlet, 15 A V, 15 A","LEVITON®, GFCI Outlet",,,,,,,,,,,,,,,,,,,,,,,,,,,GFCI Outlet,Series,,,Model,,,Item Type,,,Voltage Rating,15,A,Amperage Rating,15,A,Dimensions,,,Mounting Type,,,Material,,,Color,,,Sound Level,,,Additional Information,,,,,,,,,,,,,,,,,,,,,,,,,,,,,,,,,,,,,,,,,,,,,,,,,,,,,,,,,,,,,,,,,,,,,,,,,,,,,,,,,,,,,,,,,,,,,,,,,,,,,,,,,,,,,,,,,,,,,,,,,,,,,,1,EA,,,,,,,,,,,,,,,,,,,,,,,,,,,,,,,,,,,,,US,No,No
https://www.boschtools.com/product/165-04729-00C,,,,,,165-04729-00C,,,,165-04729-00C,165-04729-00C,1650472900C 15A 125V Cord Conn,-- Unbranded --,-- No Unilog Brand --,-- No DIB Brand --,Leviton Mfg Co (4927),Robert Bosch GmbH,BOSCH®,,165-04729-00C,,,"BOSCH®, Cord Conn, 165-04729-00C",CORD CONN 125 V,"BOSCH®, 165-04729-00C, Cord Conn","BOSCH® Cord Conn, 125 V, 15 A","BOSCH®, Cord Conn",,,,,,,,,,,,,,,,,,,,,,,,,,,Cord Conn,Series,,,Model,,,Item Type,,,Voltage Rating,125,V,Amperage Rating,15,A,Dimensions,,,Mounting Type,,,Material,,,Color,,,Sound Level,,,Additional Information,,,,,,,,,,,,,,,manufacturer_part_number,165-04729-00C,,supplier_manufacturer,BOSCH,,catalog_category,General Commercial,,,,,,,,,,,,,,,,,,,,,,,,,,,,,,,,,,,,,,,,,,,,,,,,,,,,,,,,,,,,,,,,,,,,,,,,,,,,,,,,,,,,,,,,,,,,,,,,,,,,,,,,1,EA,,,,,,,,,,,,,,,,,,,,,,,,,,,,,,,,,,,,,US,No,No
https://www.boschtools.com/product/161-04720-00C,,,,,,161-04720-00C,,,,161-04720-00C,161-04720-00C,1610472000C 15A 125V Cord Conn,-- Unbranded --,-- No Unilog Brand --,-- No DIB Brand --,Leviton Mfg Co (4927),Robert Bosch GmbH,BOSCH®,,161-04720-00C,,,"BOSCH®, Cord Conn, 161-04720-00C",CORD CONN 125 V,"BOSCH®, 161-04720-00C, Cord Conn","BOSCH® Cord Conn, 125 V, 15 A","BOSCH®, Cord Conn",,,,,,,,,,,,,,,,,,,,,,,,,,,Cord Conn,Series,,,Model,,,Item Type,,,Voltage Rating,125,V,Amperage Rating,15,A,Dimensions,,,Mounting Type,,,Material,,,Color,,,Sound Level,,,Additional Information,,,,,,,,,,,,,,,1610472000C,15A 125V Cord Conn,,,,,,,,,,,,,,,,,,,,,,,,,,,,,,,,,,,,,,,,,,,,,,,,,,,,,,,,,,,,,,,,,,,,,,,,,,,,,,,,,,,,,,,,,,,,,,,,,,,,,,,,,,,,,,1,EA,,,,,,,,,,,,,,,,,,,,,,,,,,,,,,,,,,,,,US,No,No
https://www.leviton.com/product/R02-GUAC1-0BW,,,,,,R02-GUAC1-0BW,,,,R02-GUAC1-0BW,R02-GUAC1-0BW,R02GUAC10BW 15A/USB Outlet Wh,-- Unbranded --,-- No Unilog Brand --,-- No DIB Brand --,Leviton Mfg Co (4927),"Leviton Manufacturing Co., Inc.",LEVITON®,,R02-GUAC1-0BW,,,"LEVITON®, Adapter, R02-GUAC1-0BW",ADAPTER,"LEVITON®, R02-GUAC1-0BW, Adapter","LEVITON® Adapter, 15 A V, 15 A","LEVITON®, Adapter",,,,,,,,,,,,,,,,,,,,,,,,,,,Adapter,Series,,,Model,,,Connection Type,,,Connection Size,,,Pressure Rating,,,Material,,,Additional Information,,,,,,,,,,,,,,,,,,,,,,,,,,,Voltage Rating,15,A,Amperage,15,A,,,,,,,,,,,,,,,,,,,,,,,,,,,,,,,,,,,,,,,,,,,,,,,,,,,,,,,,,,,,,,,,,,,,,,,,,,,,,,,,,,,,,,,,,,,,,,,,,,,,,,,,,,1,EA,,,,,,,,,,,,,,,,,,,,,,,,,,,,,,,,,,,,,US,No,No
https://www.leviton.com/product/R56-CBR15-00T,,,,,,R56-CBR15-00T,,,,R56-CBR15-00T,R56-CBR15-00T,R56CBR1500T 15A Outlet LA,-- Unbranded --,-- No Unilog Brand --,-- No DIB Brand --,Leviton Mfg Co (4927),"Leviton Manufacturing Co., Inc.",LEVITON®,,R56-CBR15-00T,,,"LEVITON®, Outlet, R56-CBR15-00T",OUTLET 15 A,"LEVITON®, R56-CBR15-00T, Outlet","LEVITON® Outlet, 15 A V, 15 A","LEVITON®, Outlet",,,,,,,,,,,,,,,,,,,,,,,,,,,Outlet,Series,,,Model,,,Item Type,,,Voltage Rating,15,A,Amperage Rating,15,A,Dimensions,,,Mounting Type,,,Material,,,Color,,,Sound Level,,,Additional Information,,,,,,,,,,,,,,,,,,,,,,,,,,,,,,,,,,,,,,,,,,,,,,,,,,,,,,,,,,,,,,,,,,,,,,,,,,,,,,,,,,,,,,,,,,,,,,,,,,,,,,,,,,,,,,,,,,,,,,,,,,,,,,1,EA,,,,,,,,,,,,,,,,,,,,,,,,,,,,,,,,,,,,,US,No,No
https://www.leviton.com/product/R20-05378-P00,,,,,,R20-05378-P00,,,,R20-05378-P00,R20-05378-P00,R2005378P00 6-50R Welder Outet,-- Unbranded --,-- No Unilog Brand --,-- No DIB Brand --,Leviton Mfg Co (4927),"Leviton Manufacturing Co., Inc.",LEVITON®,,R20-05378-P00,,,"LEVITON®, Outet, R20-05378-P00",OUTET,"LEVITON®, R20-05378-P00, Outet",LEVITON® Outet,"LEVITON®, Outet",,,,,,,,,,,,,,,,,,,,,,,,,,,Outet,Series,,,Model,,,Item Type,,,Voltage Rating,,,Amperage Rating,,,Dimensions,,,Mounting Type,,,Material,,,Color,,,Sound Level,,,Additional Information,,,,,,,,,,,,,,,,,,,,,,,,,,,,,,,,,,,,,,,,,,,,,,,,,,,,,,,,,,,,,,,,,,,,,,,,,,,,,,,,,,,,,,,,,,,,,,,,,,,,,,,,,,,,,,,,,,,,,,,,,,,,,,1,EA,,,,,,,,,,,,,,,,,,,,,,,,,,,,,,,,,,,,,US,No,No
https://www.southwire.com/product/WC1V12W-SG-UPC,,,,,,WC1V12W-SG-UPC,,,,WC1V12W-SG-UPC,WC1V12W-SG-UPC,WC1V12WSGUPC 1G Cover Wh,-- Unbranded --,-- No Unilog Brand --,-- No DIB Brand --,Southwire/g Turner (6603),Southwire Company,SOUTHWIRE®,,WC1V12W-SG-UPC,,,"SOUTHWIRE®, Light Bulb, WC1V12W-SG-UPC",LIGHT BULB,"SOUTHWIRE®, WC1V12W-SG-UPC, Light Bulb",SOUTHWIRE® Light Bulb,"SOUTHWIRE®, Light Bulb",,,,,,,,,,,,,,,,,,,,,,,,,,,Light Bulb,Series,,,Model,,,Item Type,,,Voltage Rating,,,Amperage Rating,,,Dimensions,,,Mounting Type,,,Material,,,Color,,,Sound Level,,,Additional Information,,,,,,,,,,,,,,,Manufacturer Part Number,WC1V12W-SG-UPC,,Supplier / Manufacturer,SOUTHWIRE®,,Catalog Category,General Commercial,,,,,,,,,,,,,,,,,,,,,,,,,,,,,,,,,,,,,,,,,,,,,,,,,,,,,,,,,,,,,,,,,,,,,,,,,,,,,,,,,,,,,,,,,,,,,,,,,,,,,,,,1,EA,,,,,,,,,,,,,,,,,,,,,,,,,,,,,,,,,,,,,US,No,No
https://www.leviton.com/product/R51-GSRA1-THD,,,,,,R51-GSRA1-THD,,,,R51-GSRA1-THD,R51-GSRA1-THD,R5GSRA1THD 15A GFCI Plug,-- Unbranded --,-- No Unilog Brand --,-- No DIB Brand --,Leviton Mfg Co (4927),"Leviton Manufacturing Co., Inc.",LEVITON®,,R51-GSRA1-THD,,,"LEVITON®, GFCI Plug, R51-GSRA1-THD",GFCI PLUG 15 A,"LEVITON®, R51-GSRA1-THD, GFCI Plug","LEVITON® GFCI Plug, 15 A V, 15 A","LEVITON®, GFCI Plug",,,,,,,,,,,,,,,,,,,,,,,,,,,GFCI Plug,Series,,,Model,,,Item Type,,,Voltage Rating,15,A,Amperage Rating,15,A,Dimensions,,,Mounting Type,,,Material,,,Color,,,Sound Level,,,Additional Information,,,,,,,,,,,,,,,,,,,,,,,,,,,,,,,,,,,,,,,,,,,,,,,,,,,,,,,,,,,,,,,,,,,,,,,,,,,,,,,,,,,,,,,,,,,,,,,,,,,,,,,,,,,,,,,,,,,,,,,,,,,,,,1,EA,,,,,,,,,,,,,,,,,,,,,,,,,,,,,,,,,,,,,US,No,No
https://www.leviton.com/product/R62-CBR15-00W,,,,,,R62-CBR15-00W,,,,R62-CBR15-00W,R62-CBR15-00W,R62CBR1500W 15A Outlet Wh,-- Unbranded --,-- No Unilog Brand --,-- No DIB Brand --,Leviton Mfg Co (4927),"Leviton Manufacturing Co., Inc.",LEVITON®,,R62-CBR15-00W,,,"LEVITON®, Outlet, R62-CBR15-00W",OUTLET 15 A,"LEVITON®, R62-CBR15-00W, Outlet","LEVITON® Outlet, 15 A V, 15 A","LEVITON®, Outlet",,,,,,,,,,,,,,,,,,,,,,,,,,,Outlet,Series,,,Model,,,Item Type,,,Voltage Rating,15,A,Amperage Rating,15,A,Dimensions,,,Mounting Type,,,Material,,,Color,,,Sound Level,,,Additional Information,,,,,,,,,,,,,,,,,,,,,,,,,,,,,,,,,,,,,,,,,,,,,,,,,,,,,,,,,,,,,,,,,,,,,,,,,,,,,,,,,,,,,,,,,,,,,,,,,,,,,,,,,,,,,,,,,,,,,,,,,,,,,,1,EA,,,,,,,,,,,,,,,,,,,,,,,,,,,,,,,,,,,,,US,No,No
https://www.leviton.com/product/S03-05226-IS,,,,,,S03-05226-IS,,,,S03-05226-IS,S03-05226-IS,S0305226IS IV Switch / Pilot,-- Unbranded --,-- No Unilog Brand --,-- No DIB Brand --,Leviton Mfg Co (4927),"Leviton Manufacturing Co., Inc.",LEVITON®,,S03-05226-IS,,,"LEVITON®, Switch / Pilot, S03-05226-IS",SWITCH / PILOT,"LEVITON®, S03-05226-IS, Switch / Pilot",LEVITON® Switch / Pilot,"LEVITON®, Switch / Pilot",,,,,,,,,,,,,,,,,,,,,,,,,,,Switch / Pilot,Series,,,Model,,,Item Type,,,Voltage Rating,,,Amperage Rating,,,Dimensions,,,Mounting Type,,,Material,,,Color,,,Sound Level,,,Additional Information,,,,,,,,,,,,,,,,,,,,,,,,,,,,,,,,,,,,,,,,,,,,,,,,,,,,,,,,,,,,,,,,,,,,,,,,,,,,,,,,,,,,,,,,,,,,,,,,,,,,,,,,,,,,,,,,,,,,,,,,,,,,,,1,EA,,,,,,,,,,,,,,,,,,,,,,,,,,,,,,,,,,,,,US,No,No
https://www.leviton.com/product/174-0CSB3-15W,,,,,,174-0CSB3-15W,,,,174-0CSB3-15W,174-0CSB3-15W,174-OCSB3-15A Toggle 3-Way Switch Wh,-- Unbranded --,-- No Unilog Brand --,-- No DIB Brand --,Leviton Mfg Co (4927),"Leviton Manufacturing Co., Inc.",LEVITON®,,174-0CSB3-15W,,,"LEVITON®, Toggle 3-Way Switch, 174-0CSB3-15W",TOGGLE 3-WAY SWITCH 15 A,"LEVITON®, 174-0CSB3-15W, Toggle 3-Way Switch","LEVITON® Toggle 3-Way Switch, 15 A V, 15 A","LEVITON®, Toggle 3-Way Switch",,,,,,,,,,,,,,,,,,,,,,,,,,,Toggle 3-Way Switch,Series,,,Model,,,Item Type,,,Voltage Rating,15,A,Amperage Rating,15,A,Dimensions,,,Mounting Type,,,Material,,,Color,,,Sound Level,,,Additional Information,,,,,,,,,,,,,,,,,,,,,,,,,,,,,,,,,,,,,,,,,,,,,,,,,,,,,,,,,,,,,,,,,,,,,,,,,,,,,,,,,,,,,,,,,,,,,,,,,,,,,,,,,,,,,,,,,,,,,,,,,,,,,,1,EA,,,,,,,,,,,,,,,,,,,,,,,,,,,,,,,,,,,,,US,No,No
https://www.leviton.com/product/R50-0SL13-000,,,,,,R50-0SL13-000,,,,R50-0SL13-000,R50-0SL13-000,T50-0SL13000 1G Wallplate SS - Blank,-- Unbranded --,-- No Unilog Brand --,-- No DIB Brand --,Leviton Mfg Co (4927),"Leviton Manufacturing Co., Inc.",LEVITON®,,R50-0SL13-000,,,"LEVITON®, Wallplate, R50-0SL13-000, Stainless Steel",WALLPLATE SST,"LEVITON®, R50-0SL13-000, Wallplate, Stainless Steel","LEVITON® Wallplate, Stainless Steel","LEVITON®, Wallplate, Stainless Steel",,,,,,,,,,,,,,,,,,,,,,,,,,,Wallplate,Series,,,Model,,,Item Type,,,Voltage Rating,,,Amperage Rating,,,Dimensions,,,Mounting Type,,,Material,Stainless Steel,,Color,,,Sound Level,,,Additional Information,,,,,,,,,,,,,,,,,,,,,,,,,,,,,,,,,,,,,,,,,,,,,,,,,,,,,,,,,,,,,,,,,,,,,,,,,,,,,,,,,,,,,,,,,,,,,,,,,,,,,,,,,,,,,,,,,,,,,,,,,,,,,,1,EA,,,,,,,,,,,,,,,,,,,,,,,,,,,,,,,,,,,,,US,No,No
https://www.leviton.com/product/R52-0PJ13-00W,,,,,,R52-0PJ13-00W,,,,R52-0PJ13-00W,R52-0PJ13-00W,R520PJ1300W 1G Wallplate Wh - Blank,-- Unbranded --,-- No Unilog Brand --,-- No DIB Brand --,Leviton Mfg Co (4927),"Leviton Manufacturing Co., Inc.",LEVITON®,,R52-0PJ13-00W,,,"LEVITON®, Wallplate, R52-0PJ13-00W",WALLPLATE,"LEVITON®, R52-0PJ13-00W, Wallplate",LEVITON® Wallplate,"LEVITON®, Wallplate",,,,,,,,,,,,,,,,,,,,,,,,,,,Wallplate,Series,,,Model,,,Item Type,,,Voltage Rating,,,Amperage Rating,,,Dimensions,,,Mounting Type,,,Material,,,Color,,,Sound Level,,,Additional Information,,,,,,,,,,,,,,,,,,,,,,,,,,,,,,,,,,,,,,,,,,,,,,,,,,,,,,,,,,,,,,,,,,,,,,,,,,,,,,,,,,,,,,,,,,,,,,,,,,,,,,,,,,,,,,,,,,,,,,,,,,,,,,1,EA,,,,,,,,,,,,,,,,,,,,,,,,,,,,,,,,,,,,,US,No,No
,,,,,,XOU2470BCGS,Plumbing,Faucets & Stems,Kitchen Faucets,XOU2470BCGS,XOU2470BCGS,XOU2470BCGS Tall Beverage Center SS,-- Unbranded --,-- No Unilog Brand --,-- No DIB Brand --,Appliance Dealers Cooperative (APPDE),Appliance Dealers Cooperative,Appliance Dealers Cooperative,,XOU2470BCGS,,Plumbing>Faucets>Kitchen Faucets,"Appliance Dealers Cooperative, Commercial Faucet, XOU2470BCGS, Stainless Steel",COMMERCIAL FAUCET SST,"Appliance Dealers Cooperative, XOU2470BCGS, Commercial Faucet, Stainless Steel","Appliance Dealers Cooperative Commercial Faucet, Stainless Steel","Appliance Dealers Cooperative, Commercial Faucet, Stainless Steel",,,,,,,,,,,,,,,,,,,,,,,,,,,Commercial Faucet,Series,,,Model,,,Flow Rate,,,Mounting Type,,,Connection Type,,,Connection Size,,,Spout Reach,,,Finish,,,Material,Stainless Steel,,Additional Information,,,,,,,,,,,,,,,,,,description,Tall Beverage Center SS,,,,,,,,,,,,,,,,,,,,,,,,,,,,,,,,,,,,,,,,,,,,,,,,,,,,,,,,,,,,,,,,,,,,,,,,,,,,,,,,,,,,,,,,,,,,,,,,,,,,,,,,,,,,,,1,EA,,,,,,,,,,,,,,,,,,,,,,,,,,,,,,,,,,,,,US,No,No
,,,,,,XOU24BCGSR,,,,XOU24BCGSR,XOU24BCGSR,XOU24BCGSR Beverage Center SS,-- Unbranded --,-- No Unilog Brand --,-- No DIB Brand --,Appliance Dealers Cooperative (APPDE),Appliance Dealers Cooperative,Appliance Dealers Cooperative,,XOU24BCGSR,,,"Appliance Dealers Cooperative, Refrigerator, XOU24BCGSR, Stainless Steel",REFRIGERATOR SST,"Appliance Dealers Cooperative, XOU24BCGSR, Refrigerator, Stainless Steel","Appliance Dealers Cooperative Refrigerator, Stainless Steel","Appliance Dealers Cooperative, Refrigerator, Stainless Steel",,,,,,,,,,,,,,,,,,,,,,,,,,,Refrigerator,Series,,,Model,,,Item Type,,,Voltage Rating,,,Amperage Rating,,,Dimensions,,,Mounting Type,,,Material,Stainless Steel,,Color,,,Sound Level,,,Additional Information,,,,,,,,,,,,,,,category,General Commercial,,description,Beverage Center SS,,,,,,,,,,,,,,,,,,,,,,,,,,,,,,,,,,,,,,,,,,,,,,,,,,,,,,,,,,,,,,,,,,,,,,,,,,,,,,,,,,,,,,,,,,,,,,,,,,,,,,,,,,,1,EA,,,,,,,,,,,,,,,,,,,,,,,,,,,,,,,,,,,,,US,No,No
,,,,,,XOU24WDZGBR,,,,XOU24WDZGBR,XOU24WDZGBR,XOU24WDZGBR Beverage Center Bk,-- Unbranded --,-- No Unilog Brand --,-- No DIB Brand --,Appliance Dealers Cooperative (APPDE),Appliance Dealers Cooperative,Appliance Dealers Cooperative,,XOU24WDZGBR,,,"Appliance Dealers Cooperative, Beverage Center, XOU24WDZGBR",BEVERAGE CENTER,"Appliance Dealers Cooperative, XOU24WDZGBR, Beverage Center",Appliance Dealers Cooperative Beverage Center,"Appliance Dealers Cooperative, Beverage Center",,,,,,,,,,,,,,,,,,,,,,,,,,,Beverage Center,Series,,,Model,,,Item Type,,,Voltage Rating,,,Amperage Rating,,,Dimensions,,,Mounting Type,,,Material,,,Color,,,Sound Level,,,Additional Information,,,,,,,,,,,,,,,,,,,,,,,,,,,,,,,,,,,,,,,,,,,,,,,,,,,,,,,,,,,,,,,,,,,,,,,,,,,,,,,,,,,,,,,,,,,,,,,,,,,,,,,,,,,,,,,,,,,,,,,,,,,,,,1,EA,,,,,,,,,,,,,,,,,,,,,,,,,,,,,,,,,,,,,US,No,No
,,,,,,C7CDAAS3PD3,,,,C7CDAAS3PD3,C7CDAAS3PD3,C7CDAAS3PD3 Café Drip Coffee Maker MB,-- Unbranded --,-- No Unilog Brand --,-- No DIB Brand --,Appliance Dealers Cooperative (APPDE),Appliance Dealers Cooperative,Appliance Dealers Cooperative,,C7CDAAS3PD3,,,"Appliance Dealers Cooperative, Coffee Maker, C7CDAAS3PD3",COFFEE MAKER,"Appliance Dealers Cooperative, C7CDAAS3PD3, Coffee Maker",Appliance Dealers Cooperative Coffee Maker,"Appliance Dealers Cooperative, Coffee Maker",,,,,,,,,,,,,,,,,,,,,,,,,,,Coffee Maker,Series,,,Model,,,Item Type,,,Voltage Rating,,,Amperage Rating,,,Dimensions,,,Mounting Type,,,Material,,,Color,,,Sound Level,,,Additional Information,,,,,,,,,,,,,,,,,,,,,,,,,,,,,,,,,,,,,,,,,,,,,,,,,,,,,,,,,,,,,,,,,,,,,,,,,,,,,,,,,,,,,,,,,,,,,,,,,,,,,,,,,,,,,,,,,,,,,,,,,,,,,,1,EA,,,,,,,,,,,,,,,,,,,,,,,,,,,,,,,,,,,,,US,No,No
,,,,,,C7CDAAS4PW3,,,,C7CDAAS4PW3,C7CDAAS4PW3,C7CDAAS4PW3 Café Drip Coffee Maker MW,-- Unbranded --,-- No Unilog Brand --,-- No DIB Brand --,Appliance Dealers Cooperative (APPDE),Appliance Dealers Cooperative,Appliance Dealers Cooperative,,C7CDAAS4PW3,,,"Appliance Dealers Cooperative, Coffee Maker, C7CDAAS4PW3",COFFEE MAKER,"Appliance Dealers Cooperative, C7CDAAS4PW3, Coffee Maker",Appliance Dealers Cooperative Coffee Maker,"Appliance Dealers Cooperative, Coffee Maker",,,,,,,,,,,,,,,,,,,,,,,,,,,Coffee Maker,Series,,,Model,,,Item Type,,,Voltage Rating,,,Amperage Rating,,,Dimensions,,,Mounting Type,,,Material,,,Color,,,Sound Level,,,Additional Information,,,,,,,,,,,,,,,,,,,,,,,,,,,,,,,,,,,,,,,,,,,,,,,,,,,,,,,,,,,,,,,,,,,,,,,,,,,,,,,,,,,,,,,,,,,,,,,,,,,,,,,,,,,,,,,,,,,,,,,,,,,,,,1,EA,,,,,,,,,,,,,,,,,,,,,,,,,,,,,,,,,,,,,US,No,No
,,,,,,C7CDABS2RS3,,,,C7CDABS2RS3,C7CDABS2RS3,C7CDABS2RS3 Cafe Coffee Maker,-- Unbranded --,-- No Unilog Brand --,-- No DIB Brand --,Appliance Dealers Cooperative (APPDE),Appliance Dealers Cooperative,Appliance Dealers Cooperative,,C7CDABS2RS3,,,"Appliance Dealers Cooperative, Coffee Maker, C7CDABS2RS3",COFFEE MAKER,"Appliance Dealers Cooperative, C7CDABS2RS3, Coffee Maker",Appliance Dealers Cooperative Coffee Maker,"Appliance Dealers Cooperative, Coffee Maker",,,,,,,,,,,,,,,,,,,,,,,,,,,Coffee Maker,Series,,,Model,,,Item Type,,,Voltage Rating,,,Amperage Rating,,,Dimensions,,,Mounting Type,,,Material,,,Color,,,Sound Level,,,Additional Information,,,,,,,,,,,,,,,,,,,,,,,,,,,,,,,,,,,,,,,,,,,,,,,,,,,,,,,,,,,,,,,,,,,,,,,,,,,,,,,,,,,,,,,,,,,,,,,,,,,,,,,,,,,,,,,,,,,,,,,,,,,,,,1,EA,,,,,,,,,,,,,,,,,,,,,,,,,,,,,,,,,,,,,US,No,No
,,,,,,C7CDABS3RD3,,,,C7CDABS3RD3,C7CDABS3RD3,C7CDABS3RD3 Café Coffee Maker MB,-- Unbranded --,-- No Unilog Brand --,-- No DIB Brand --,Appliance Dealers Cooperative (APPDE),Appliance Dealers Cooperative,Appliance Dealers Cooperative,,C7CDABS3RD3,,,"Appliance Dealers Cooperative, Coffee Maker, C7CDABS3RD3",COFFEE MAKER,"Appliance Dealers Cooperative, C7CDABS3RD3, Coffee Maker",Appliance Dealers Cooperative Coffee Maker,"Appliance Dealers Cooperative, Coffee Maker",,,,,,,,,,,,,,,,,,,,,,,,,,,Coffee Maker,Series,,,Model,,,Item Type,,,Voltage Rating,,,Amperage Rating,,,Dimensions,,,Mounting Type,,,Material,,,Color,,,Sound Level,,,Additional Information,,,,,,,,,,,,,,,Manufacturer Part Number,C7CDABS3RD3,,Supplier / Manufacturer,Appliance Dealers Cooperative,,Catalog Category,General Commercial,,,,,,,,,,,,,,,,,,,,,,,,,,,,,,,,,,,,,,,,,,,,,,,,,,,,,,,,,,,,,,,,,,,,,,,,,,,,,,,,,,,,,,,,,,,,,,,,,,,,,,,,1,EA,,,,,,,,,,,,,,,,,,,,,,,,,,,,,,,,,,,,,US,No,No
,,,,,,C7CDABS4RW3,,,,C7CDABS4RW3,C7CDABS4RW3,C7CDABS4RW3 Café Coffee Maker MW,-- Unbranded --,-- No Unilog Brand --,-- No DIB Brand --,Appliance Dealers Cooperative (APPDE),Appliance Dealers Cooperative,Appliance Dealers Cooperative,,C7CDABS4RW3,,,"Appliance Dealers Cooperative, Coffee Maker, C7CDABS4RW3",COFFEE MAKER,"Appliance Dealers Cooperative, C7CDABS4RW3, Coffee Maker",Appliance Dealers Cooperative Coffee Maker,"Appliance Dealers Cooperative, Coffee Maker",,,,,,,,,,,,,,,,,,,,,,,,,,,Coffee Maker,Series,,,Model,,,Item Type,,,Voltage Rating,,,Amperage Rating,,,Dimensions,,,Mounting Type,,,Material,,,Color,,,Sound Level,,,Additional Information,,,,,,,,,,,,,,,,,,,,,,,,,,,,,,,,,,,,,,,,,,,,,,,,,,,,,,,,,,,,,,,,,,,,,,,,,,,,,,,,,,,,,,,,,,,,,,,,,,,,,,,,,,,,,,,,,,,,,,,,,,,,,,1,EA,,,,,,,,,,,,,,,,,,,,,,,,,,,,,,,,,,,,,US,No,No
,,,,,,C7CEBBS2RS3,Plumbing,Faucets & Stems,Kitchen Faucets,C7CEBBS2RS3,C7CEBBS2RS3,C7CEBBS2RS3 Cafe Auto Espresso Machine SS,-- Unbranded --,-- No Unilog Brand --,-- No DIB Brand --,Appliance Dealers Cooperative (APPDE),Appliance Dealers Cooperative,Appliance Dealers Cooperative,,C7CEBBS2RS3,,Plumbing>Faucets>Kitchen Faucets,"Appliance Dealers Cooperative, Commercial Faucet, C7CEBBS2RS3, Stainless Steel",COMMERCIAL FAUCET SST,"Appliance Dealers Cooperative, C7CEBBS2RS3, Commercial Faucet, Stainless Steel","Appliance Dealers Cooperative Commercial Faucet, Stainless Steel","Appliance Dealers Cooperative, Commercial Faucet, Stainless Steel",,,,,,,,,,,,,,,,,,,,,,,,,,,Commercial Faucet,Series,,,Model,,,Flow Rate,,,Mounting Type,,,Connection Type,,,Connection Size,,,Spout Reach,,,Finish,,,Material,Stainless Steel,,Additional Information,,,,,,,,,,,,,,,,,,,,,,,,,,,,,,,,,,,,,,,,,,,,,,,,,,,,,,,,,,,,,,,,,,,,,,,,,,,,,,,,,,,,,,,,,,,,,,,,,,,,,,,,,,,,,,,,,,,,,,,,,,,,,,,,,1,EA,,,,,,,,,,,,,,,,,,,,,,,,,,,,,,,,,,,,,US,No,No
,,,,,,C7CEBBS4RW3,Plumbing,Faucets & Stems,Kitchen Faucets,C7CEBBS4RW3,C7CEBBS4RW3,C7CEBBS4RW3 Café Auto Espresso Machine Wh,-- Unbranded --,-- No Unilog Brand --,-- No DIB Brand --,Appliance Dealers Cooperative (APPDE),Appliance Dealers Cooperative,Appliance Dealers Cooperative,,C7CEBBS4RW3,,Plumbing>Faucets>Kitchen Faucets,"Appliance Dealers Cooperative, Kitchen Faucet, C7CEBBS4RW3",KITCHEN FAUCET,"Appliance Dealers Cooperative, C7CEBBS4RW3, Kitchen Faucet",Appliance Dealers Cooperative Kitchen Faucet,"Appliance Dealers Cooperative, Kitchen Faucet",,,,,,,,,,,,,,,,,,,,,,,,,,,Kitchen Faucet,Series,,,Model,,,Flow Rate,,,Mounting Type,,,Connection Type,,,Connection Size,,,Spout Reach,,,Finish,,,Material,,,Additional Information,,,,,,,,,,,,,,,,,,Manufacturer Part Number,C7CEBBS4RW3,,Supplier / Manufacturer,Appliance Dealers Cooperative,,Catalog Category,General Commercial,,,,,,,,,,,,,,,,,,,,,,,,,,,,,,,,,,,,,,,,,,,,,,,,,,,,,,,,,,,,,,,,,,,,,,,,,,,,,,,,,,,,,,,,,,,,,,,,,,,,,,,,1,EA,,,,,,,,,,,,,,,,,,,,,,,,,,,,,,,,,,,,,US,No,No
,,,,,,C7CESAS2RS3,Appliances,Large Appliances,Dishwashers,C7CESAS2RS3,C7CESAS2RS3,C7CESAS2RS3 Café Espresso SS,-- Unbranded --,-- No Unilog Brand --,-- No DIB Brand --,Appliance Dealers Cooperative (APPDE),Appliance Dealers Cooperative,Appliance Dealers Cooperative,,C7CESAS2RS3,,Appliances & Consumer Electronics>Kitchen Appliances>Built-In Dishwashers,"Appliance Dealers Cooperative, Dishwasher, C7CESAS2RS3, Stainless Steel",DISHWASHER SST,"Appliance Dealers Cooperative, C7CESAS2RS3, Dishwasher, Stainless Steel","Appliance Dealers Cooperative Dishwasher, Stainless Steel","Appliance Dealers Cooperative, Dishwasher, Stainless Steel",,,,,,,,,,,,,,,,,,,,,,,,,,,Dishwasher,Series,,,Model,,,Number of Wash Cycles,,,Voltage Rating,,,Amperage Rating,,,Mounting Type,,,Plug Type,,,Size,,,Depth With Door Open,,,Minimum Height,,,Maximum Height,,,Sound Level,,,Material,Stainless Steel,,Color,,,Additional Information,,,Manufacturer,Appliance Dealers Cooperative,,Catalog Category,General Commercial,,,,,,,,,,,,,,,,,,,,,,,,,,,,,,,,,,,,,,,,,,,,,,,,,,,,,,,,,,,,,,,,,,,,,,,,,,,,,,,,,,,,,,,,,,,,,,,,,,,,,,,,,,,1,EA,,,,,,,,,,,,,,,,,,,,,,,,,,,,,,,,,,,,,US,No,No
,,,,,,C7CESAS3RD3,Plumbing,Faucets & Stems,Kitchen Faucets,C7CESAS3RD3,C7CESAS3RD3,C7CESAS3RD3 Café Espresso Machine MB,-- Unbranded --,-- No Unilog Brand --,-- No DIB Brand --,Appliance Dealers Cooperative (APPDE),Appliance Dealers Cooperative,Appliance Dealers Cooperative,,C7CESAS3RD3,,Plumbing>Faucets>Kitchen Faucets,"Appliance Dealers Cooperative, Kitchen Faucet, C7CESAS3RD3",KITCHEN FAUCET,"Appliance Dealers Cooperative, C7CESAS3RD3, Kitchen Faucet",Appliance Dealers Cooperative Kitchen Faucet,"Appliance Dealers Cooperative, Kitchen Faucet",,,,,,,,,,,,,,,,,,,,,,,,,,,Kitchen Faucet,Series,,,Model,,,Flow Rate,,,Mounting Type,,,Connection Type,,,Connection Size,,,Spout Reach,,,Finish,,,Material,,,Additional Information,,,,,,,,,,,,,,,,,,Manufacturer,Appliance Dealers Cooperative,,Catalog Category,General Commercial,,,,,,,,,,,,,,,,,,,,,,,,,,,,,,,,,,,,,,,,,,,,,,,,,,,,,,,,,,,,,,,,,,,,,,,,,,,,,,,,,,,,,,,,,,,,,,,,,,,,,,,,,,,1,EA,,,,,,,,,,,,,,,,,,,,,,,,,,,,,,,,,,,,,US,No,No
,,,,,,C7CESAS4RW3,Appliances,Large Appliances,Dishwashers,C7CESAS4RW3,C7CESAS4RW3,C7CESAS4RW3 Cafe Espresso Wh,-- Unbranded --,-- No Unilog Brand --,-- No DIB Brand --,Appliance Dealers Cooperative (APPDE),Appliance Dealers Cooperative,Appliance Dealers Cooperative,,C7CESAS4RW3,,Appliances & Consumer Electronics>Kitchen Appliances>Built-In Dishwashers,"Appliance Dealers Cooperative, Dishwasher, C7CESAS4RW3",DISHWASHER,"Appliance Dealers Cooperative, C7CESAS4RW3, Dishwasher",Appliance Dealers Cooperative Dishwasher,"Appliance Dealers Cooperative, Dishwasher",,,,,,,,,,,,,,,,,,,,,,,,,,,Dishwasher,Series,,,Model,,,Number of Wash Cycles,,,Voltage Rating,,,Amperage Rating,,,Mounting Type,,,Plug Type,,,Size,,,Depth With Door Open,,,Minimum Height,,,Maximum Height,,,Sound Level,,,Material,,,Color,,,Additional Information,,,Manufacturer,Appliance Dealers Cooperative,,Catalog Category,General Commercial,,,,,,,,,,,,,,,,,,,,,,,,,,,,,,,,,,,,,,,,,,,,,,,,,,,,,,,,,,,,,,,,,,,,,,,,,,,,,,,,,,,,,,,,,,,,,,,,,,,,,,,,,,,1,EA,,,,,,,,,,,,,,,,,,,,,,,,,,,,,,,,,,,,,US,No,No
,,,,,,WOSP30100SS,,,,WOSP30100SS,WOSP30100SS,WOSP30100SS Beko Wall Oven SS,-- Unbranded --,-- No Unilog Brand --,-- No DIB Brand --,Appliance Dealers Cooperative (APPDE),Appliance Dealers Cooperative,Appliance Dealers Cooperative,,WOSP30100SS,,,"Appliance Dealers Cooperative, Oven, WOSP30100SS, Wall Mount Mounting, Stainless",OVEN WALL MOUNT SST,"Appliance Dealers Cooperative, WOSP30100SS, Oven, Wall Mount Mounting, Stainless Steel","Appliance Dealers Cooperative Oven, Wall Mount Mounting, Stainless Steel","Appliance Dealers Cooperative, Oven, Wall Mount Mounting, Stainless Steel",,,,,,,,,,,,,,,,,,,,,,,,,,,Oven,Series,,,Model,,,Item Type,,,Voltage Rating,,,Amperage Rating,,,Dimensions,,,Mounting Type,Wall Mount,,Material,Stainless Steel,,Color,,,Sound Level,,,Additional Information,,,,,,,,,,,,,,,,,,,,,,,,,,,,,,,,,,,,,,,,,,,,,,,,,,,,,,,,,,,,,,,,,,,,,,,,,,,,,,,,,,,,,,,,,,,,,,,,,,,,,,,,,,,,,,,,,,,,,,,,,,,,,,1,EA,,,,,,,,,,,,,,,,,,,,,,,,,,,,,,,,,,,,,US,No,No
,,,,,,MSER2090S,,,,MSER2090S,MSER2090S,MSER2090S LG Microwave SS,-- Unbranded --,-- No Unilog Brand --,-- No DIB Brand --,Appliance Dealers Cooperative (APPDE),Appliance Dealers Cooperative,Appliance Dealers Cooperative,,MSER2090S,,,"Appliance Dealers Cooperative, Microwave, MSER2090S, Stainless Steel",MICROWAVE SST,"Appliance Dealers Cooperative, MSER2090S, Microwave, Stainless Steel","Appliance Dealers Cooperative Microwave, Stainless Steel","Appliance Dealers Cooperative, Microwave, Stainless Steel",,,,,,,,,,,,,,,,,,,,,,,,,,,Microwave,Series,,,Model,,,Item Type,,,Voltage Rating,,,Amperage Rating,,,Dimensions,,,Mounting Type,,,Material,Stainless Steel,,Color,,,Sound Level,,,Additional Information,,,,,,,,,,,,,,,,,,,,,,,,,,,,,,,,,,,,,,,,,,,,,,,,,,,,,,,,,,,,,,,,,,,,,,,,,,,,,,,,,,,,,,,,,,,,,,,,,,,,,,,,,,,,,,,,,,,,,,,,,,,,,,1,EA,,,,,,,,,,,,,,,,,,,,,,,,,,,,,,,,,,,,,US,No,No
,,,,,,GCST16S1WSS,,,,GCST16S1WSS,GCST16S1WSS,GCST16S1WSS GE Microwave SS,-- Unbranded --,-- No Unilog Brand --,-- No DIB Brand --,Appliance Dealers Cooperative (APPDE),Appliance Dealers Cooperative,Appliance Dealers Cooperative,,GCST16S1WSS,,,"Appliance Dealers Cooperative, Commercial Product, GCST16S1WSS, Stainless Steel",COMMERCIAL PRODUCT SST,"Appliance Dealers Cooperative, GCST16S1WSS, Commercial Product, Stainless Steel","Appliance Dealers Cooperative Commercial Product, Stainless Steel","Appliance Dealers Cooperative, Commercial Product, Stainless Steel",,,,,,,,,,,,,,,,,,,,,,,,,,,"Appliance Dealers Cooperative, Commercial Product, Stainless Steel",Series,,,Model,,,Item Type,,,Voltage Rating,,,Amperage Rating,,,Dimensions,,,Mounting Type,,,Material,Stainless Steel,,Color,,,Sound Level,,,Additional Information,,,,,,,,,,,,,,,,,,,,,,,,,,,,,,,,,,,,,,,,,,,,,,,,,,,,,,,,,,,,,,,,,,,,,,,,,,,,,,,,,,,,,,,,,,,,,,,,,,,,,,,,,,,,,,,,,,,,,,,,,,,,,,1,EA,,,,,,,,,,,,,,,,,,,,,,,,,,,,,,,,,,,,,US,No,No
,,,,,,PCWK15C1WSS,,,,PCWK15C1WSS,PCWK15C1WSS,PCWK15C1WSS GE Microwave,-- Unbranded --,-- No Unilog Brand --,-- No DIB Brand --,Appliance Dealers Cooperative (APPDE),Appliance Dealers Cooperative,Appliance Dealers Cooperative,,PCWK15C1WSS,,,"Appliance Dealers Cooperative, Microwave, PCWK15C1WSS",MICROWAVE,"Appliance Dealers Cooperative, PCWK15C1WSS, Microwave",Appliance Dealers Cooperative Microwave,"Appliance Dealers Cooperative, Microwave",,,,,,,,,,,,,,,,,,,,,,,,,,,Microwave,Series,,,Model,,,Item Type,,,Voltage Rating,,,Amperage Rating,,,Dimensions,,,Mounting Type,,,Material,,,Color,,,Sound Level,,,Additional Information,,,,,,,,,,,,,,,,,,,,,,,,,,,,,,,,,,,,,,,,,,,,,,,,,,,,,,,,,,,,,,,,,,,,,,,,,,,,,,,,,,,,,,,,,,,,,,,,,,,,,,,,,,,,,,,,,,,,,,,,,,,,,,1,EA,,,,,,,,,,,,,,,,,,,,,,,,,,,,,,,,,,,,,US,No,No
,,,,,,SMC2266KS,,,,SMC2266KS,SMC2266KS,SMC2266KS Microwave SS Display Only,-- Unbranded --,-- No Unilog Brand --,-- No DIB Brand --,Appliance Dealers Cooperative (APPDE),Appliance Dealers Cooperative,Appliance Dealers Cooperative,,SMC2266KS,,,"Appliance Dealers Cooperative, Microwave, SMC2266KS, Stainless Steel",MICROWAVE SST,"Appliance Dealers Cooperative, SMC2266KS, Microwave, Stainless Steel","Appliance Dealers Cooperative Microwave, Stainless Steel","Appliance Dealers Cooperative, Microwave, Stainless Steel",,,,,,,,,,,,,,,,,,,,,,,,,,,Microwave,Series,,,Model,,,Item Type,,,Voltage Rating,,,Amperage Rating,,,Dimensions,,,Mounting Type,,,Material,Stainless Steel,,Color,,,Sound Level,,,Additional Information,,,,,,,,,,,,,,,Display Type,SS Display Only,,,,,,,,,,,,,,,,,,,,,,,,,,,,,,,,,,,,,,,,,,,,,,,,,,,,,,,,,,,,,,,,,,,,,,,,,,,,,,,,,,,,,,,,,,,,,,,,,,,,,,,,,,,,,,1,EA,,,,,,,,,,,,,,,,,,,,,,,,,,,,,,,,,,,,,US,No,No
,,,,,,SMD2479JS,,,,SMD2479JS,SMD2479JS,SMD2479JS Microwave Drawer SS Display Only,-- Unbranded --,-- No Unilog Brand --,-- No DIB Brand --,Appliance Dealers Cooperative (APPDE),Appliance Dealers Cooperative,Appliance Dealers Cooperative,,SMD2479JS,,,"Appliance Dealers Cooperative, Microwave Drawer, SMD2479JS, Stainless Steel",MICROWAVE DRAWER SST,"Appliance Dealers Cooperative, SMD2479JS, Microwave Drawer, Stainless Steel","Appliance Dealers Cooperative Microwave Drawer, Stainless Steel","Appliance Dealers Cooperative, Microwave Drawer, Stainless Steel",,,,,,,,,,,,,,,,,,,,,,,,,,,Microwave Drawer,Series,,,Model,,,Item Type,,,Voltage Rating,,,Amperage Rating,,,Dimensions,,,Mounting Type,,,Material,Stainless Steel,,Color,,,Sound Level,,,Additional Information,,,,,,,,,,,,,,,,,,,,,,,,,,,,,,,,,,,,,,,,,,,,,,,,,,,,,,,,,,,,,,,,,,,,,,,,,,,,,,,,,,,,,,,,,,,,,,,,,,,,,,,,,,,,,,,,,,,,,,,,,,,,,,1,EA,,,,,,,,,,,,,,,,,,,,,,,,,,,,,,,,,,,,,US,No,No
,,,,,,PEP9030DTBB,,,,PEP9030DTBB,PEP9030DTBB,"PEP9030DTBB 30"" GE Cooktop Bk",-- Unbranded --,-- No Unilog Brand --,-- No DIB Brand --,Appliance Dealers Cooperative (APPDE),Appliance Dealers Cooperative,Appliance Dealers Cooperative,,PEP9030DTBB,,,"Appliance Dealers Cooperative, Cooktop, PEP9030DTBB",COOKTOP 30 IN,"Appliance Dealers Cooperative, PEP9030DTBB, Cooktop","Appliance Dealers Cooperative Cooktop, 30 in","Appliance Dealers Cooperative, Cooktop",,,,,,,,,,,,,,,,,,,,,,,,,,,Cooktop,Series,,,Model,,,Item Type,,,Voltage Rating,,,Amperage Rating,,,Dimensions,30,in,Mounting Type,,,Material,,,Color,,,Sound Level,,,Additional Information,,,,,,,,,,,,,,,,,,,,,,,,,,,,,,,,,,,,,,,,,,,,,,,,,,,,,,,,,,,,,,,,,,,,,,,,,,,,,,,,,,,,,,,,,,,,,,,,,,,,,,,,,,,,,,,,,,,,,,,,,,,,,,1,EA,,,,,,,,,,,,,,,,,,,,,,,,,,,,,,,,,,,,,US,No,No
,,,,,,CES700P3MD1,,,,CES700P3MD1,CES700P3MD1,"CES700P3MD1 Cafe 30"" Range Bk - Display",-- Unbranded --,-- No Unilog Brand --,-- No DIB Brand --,Appliance Dealers Cooperative (APPDE),Appliance Dealers Cooperative,Appliance Dealers Cooperative,,CES700P3MD1,,,"Appliance Dealers Cooperative, Range, CES700P3MD1",RANGE,"Appliance Dealers Cooperative, CES700P3MD1, Range",Appliance Dealers Cooperative Range,"Appliance Dealers Cooperative, Range",,,,,,,,,,,,,,,,,,,,,,,,,,,Range,Series,,,Model,,,Item Type,,,Voltage Rating,,,Amperage Rating,,,Dimensions,,,Mounting Type,,,Material,,,Color,,,Sound Level,,,Additional Information,,,,,,,,,,,,,,,Manufacturer,Appliance Dealers Cooperative,,Catalog Category,Appliances,,,,,,,,,,,,,,,,,,,,,,,,,,,,,,,,,,,,,,,,,,,,,,,,,,,,,,,,,,,,,,,,,,,,,,,,,,,,,,,,,,,,,,,,,,,,,,,,,,,,,,,,,,,1,EA,,,,,,,,,,,,,,,,,,,,,,,,,,,,,,,,,,,,,US,No,No
,,,,,,PS960YPFS,,,,PS960YPFS,PS960YPFS,"PS960YPFS 30"" GE Electric Range SS - Display Only",-- Unbranded --,-- No Unilog Brand --,-- No DIB Brand --,Appliance Dealers Cooperative (APPDE),Appliance Dealers Cooperative,Appliance Dealers Cooperative,,PS960YPFS,,,"Appliance Dealers Cooperative, Range, PS960YPFS, Stainless Steel",RANGE SST,"Appliance Dealers Cooperative, PS960YPFS, Range, Stainless Steel","Appliance Dealers Cooperative Range, 30 in, Stainless Steel","Appliance Dealers Cooperative, Range, Stainless Steel",,,,,,,,,,,,,,,,,,,,,,,,,,,Range,Series,,,Model,,,Item Type,,,Voltage Rating,,,Amperage Rating,,,Dimensions,30,in,Mounting Type,,,Material,Stainless Steel,,Color,,,Sound Level,,,Additional Information,,,,,,,,,,,,,,,Display Status,Display Only,,,,,,,,,,,,,,,,,,,,,,,,,,,,,,,,,,,,,,,,,,,,,,,,,,,,,,,,,,,,,,,,,,,,,,,,,,,,,,,,,,,,,,,,,,,,,,,,,,,,,,,,,,,,,,1,EA,,,,,,,,,,,,,,,,,,,,,,,,,,,,,,,,,,,,,US,No,No
,,,,,,PB900YVFS,,,,PB900YVFS,PB900YVFS,"PB900YVFS Elect 30"" Range SS",-- Unbranded --,-- No Unilog Brand --,-- No DIB Brand --,Appliance Dealers Cooperative (APPDE),Appliance Dealers Cooperative,Appliance Dealers Cooperative,,PB900YVFS,,,"Appliance Dealers Cooperative, Range, PB900YVFS, Freestanding Mounting, Stainles",RANGE FRSTD SST 240V,"Appliance Dealers Cooperative, PB900YVFS, Range, Freestanding Mounting, Stainless Steel","Appliance Dealers Cooperative Range, 240 V, Freestanding Mounting, 30 in, Stainless Steel","Appliance Dealers Cooperative, Range, Freestanding Mounting, Stainless Steel",,,,,,,,,,,,,,,,,,,,,,,,,,,Range,Series,,,Model,,,Item Type,,,Voltage Rating,240,V,Amperage Rating,,,Dimensions,30,in,Mounting Type,Freestanding,,Material,Stainless Steel,,Color,,,Sound Level,,,Additional Information,,,,,,,,,,,,,,,,,,,,,,,,,,,,,,,,,,,,,,,,,,,,,,,,,,,,,,,,,,,,,,,,,,,,,,,,,,,,,,,,,,,,,,,,,,,,,,,,,,,,,,,,,,,,,,,,,,,,,,,,,,,,,,1,EA,,,,,,,,,,,,,,,,,,,,,,,,,,,,,,,,,,,,,US,No,No
,,,,,,PCFE3080AF,,,,PCFE3080AF,PCFE3080AF,"PCFE3080AF 30"" Elect Range SS - Display Only",-- Unbranded --,-- No Unilog Brand --,-- No DIB Brand --,Appliance Dealers Cooperative (APPDE),Appliance Dealers Cooperative,Appliance Dealers Cooperative,,PCFE3080AF,,,"Appliance Dealers Cooperative, Range, PCFE3080AF, Stainless Steel",RANGE SST,"Appliance Dealers Cooperative, PCFE3080AF, Range, Stainless Steel","Appliance Dealers Cooperative Range, Stainless Steel","Appliance Dealers Cooperative, Range, Stainless Steel",,,,,,,,,,,,,,,,,,,,,,,,,,,Range,Series,,,Model,,,Item Type,,,Voltage Rating,,,Amperage Rating,,,Dimensions,,,Mounting Type,,,Material,Stainless Steel,,Color,,,Sound Level,,,Additional Information,,,,,,,,,,,,,,,,,,,,,,,,,,,,,,,,,,,,,,,,,,,,,,,,,,,,,,,,,,,,,,,,,,,,,,,,,,,,,,,,,,,,,,,,,,,,,,,,,,,,,,,,,,,,,,,,,,,,,,,,,,,,,,1,EA,,,,,,,,,,,,,,,,,,,,,,,,,,,,,,,,,,,,,US,No,No
,,,,,,SLER30524SS,,,,SLER30524SS,SLER30524SS,"SLER30524SS 30"" Elect Range SS",-- Unbranded --,-- No Unilog Brand --,-- No DIB Brand --,Appliance Dealers Cooperative (APPDE),Appliance Dealers Cooperative,Appliance Dealers Cooperative,,SLER30524SS,,,"Appliance Dealers Cooperative, Range, SLER30524SS, Freestanding Mounting, Stainl",RANGE FRSTD SST 240V,"Appliance Dealers Cooperative, SLER30524SS, Range, Freestanding Mounting, Stainless Steel","Appliance Dealers Cooperative Range, 240 V, Freestanding Mounting, 30 in, Stainless Steel","Appliance Dealers Cooperative, Range, Freestanding Mounting, Stainless Steel",,,,,,,,,,,,,,,,,,,,,,,,,,,Range,Series,,,Model,,,Item Type,,,Voltage Rating,240,V,Amperage Rating,,,Dimensions,30,in,Mounting Type,Freestanding,,Material,Stainless Steel,,Color,,,Sound Level,,,Additional Information,,,,,,,,,,,,,,,,,,,,,,,,,,,,,,,,,,,,,,,,,,,,,,,,,,,,,,,,,,,,,,,,,,,,,,,,,,,,,,,,,,,,,,,,,,,,,,,,,,,,,,,,,,,,,,,,,,,,,,,,,,,,,,1,EA,,,,,,,,,,,,,,,,,,,,,,,,,,,,,,,,,,,,,US,No,No
,,,,,,LSEL6333ZE,,,,LSEL6333ZE,LSEL6333ZE,"LSEL6333ZE LG 30"" Elec Range BS-Display Only",-- Unbranded --,-- No Unilog Brand --,-- No DIB Brand --,Appliance Dealers Cooperative (APPDE),Appliance Dealers Cooperative,Appliance Dealers Cooperative,,LSEL6333ZE,,,"Appliance Dealers Cooperative, Range, LSEL6333ZE",RANGE,"Appliance Dealers Cooperative, LSEL6333ZE, Range",Appliance Dealers Cooperative Range,"Appliance Dealers Cooperative, Range",,,,,,,,,,,,,,,,,,,,,,,,,,,Range,Series,,,Model,,,Item Type,,,Voltage Rating,,,Amperage Rating,,,Dimensions,,,Mounting Type,,,Material,,,Color,,,Sound Level,,,Additional Information,,,,,,,,,,,,,,,,,,,,,,,,,,,,,,,,,,,,,,,,,,,,,,,,,,,,,,,,,,,,,,,,,,,,,,,,,,,,,,,,,,,,,,,,,,,,,,,,,,,,,,,,,,,,,,,,,,,,,,,,,,,,,,1,EA,,,,,,,,,,,,,,,,,,,,,,,,,,,,,,,,,,,,,US,No,No
,,,,,,KSES530SBE,,,,KSES530SBE,KSES530SBE,"KSES530SBE 30"" Elect Range BO Display Only",-- Unbranded --,-- No Unilog Brand --,-- No DIB Brand --,Appliance Dealers Cooperative (APPDE),Appliance Dealers Cooperative,Appliance Dealers Cooperative,,KSES530SBE,,,"Appliance Dealers Cooperative, Range, KSES530SBE, Freestanding Mounting, Stainle",RANGE FRSTD SST 240V,"Appliance Dealers Cooperative, KSES530SBE, Range, Freestanding Mounting, Stainless Steel","Appliance Dealers Cooperative Range, 240 V, Freestanding Mounting, 30 in, Stainless Steel","Appliance Dealers Cooperative, Range, Freestanding Mounting, Stainless Steel",,,,,,,,,,,,,,,,,,,,,,,,,,,Range,Series,,,Model,,,Item Type,,,Voltage Rating,240,V,Amperage Rating,,,Dimensions,30,in,Mounting Type,Freestanding,,Material,Stainless Steel,,Color,,,Sound Level,,,Additional Information,,,,,,,,,,,,,,,Display Type,BO Display Only,,,,,,,,,,,,,,,,,,,,,,,,,,,,,,,,,,,,,,,,,,,,,,,,,,,,,,,,,,,,,,,,,,,,,,,,,,,,,,,,,,,,,,,,,,,,,,,,,,,,,,,,,,,,,,1,EA,,,,,,,,,,,,,,,,,,,,,,,,,,,,,,,,,,,,,US,No,No
https://www.frigidaire.com/product/GCFG3661AF,,,,,,GCFG3661AF,,,,GCFG3661AF,GCFG3661AF,"GCFG3661AF 36"" Frigidaire Gas Range SS",-- Unbranded --,-- No Unilog Brand --,-- No DIB Brand --,Appliance Dealers Cooperative (APPDE),Rheem Manufacturing,FRIGIDAIRE®,,GCFG3661AF,,,"FRIGIDAIRE®, Range, GCFG3661AF, Stainless Steel",RANGE SST,"FRIGIDAIRE®, GCFG3661AF, Range, Stainless Steel","FRIGIDAIRE® Range, Stainless Steel","FRIGIDAIRE®, Range, Stainless Steel",,,,,,,,,,,,,,,,,,,,,,,,,,,Range,Series,,,Model,,,Item Type,,,Voltage Rating,,,Amperage Rating,,,Dimensions,,,Mounting Type,,,Material,Stainless Steel,,Color,,,Sound Level,,,Additional Information,,,,,,,,,,,,,,,,,,,,,,,,,,,,,,,,,,,,,,,,,,,,,,,,,,,,,,,,,,,,,,,,,,,,,,,,,,,,,,,,,,,,,,,,,,,,,,,,,,,,,,,,,,,,,,,,,,,,,,,,,,,,,,1,EA,,,,,,,,,,,,,,,,,,,,,,,,,,,,,,,,,,,,,US,No,No
,,,,,,WSGS7530RZ,,,,WSGS7530RZ,WSGS7530RZ,"WSGS7530RZ 30"" Gas Range SS - Display Only",-- Unbranded --,-- No Unilog Brand --,-- No DIB Brand --,Appliance Dealers Cooperative (APPDE),Appliance Dealers Cooperative,Appliance Dealers Cooperative,,WSGS7530RZ,,,"Appliance Dealers Cooperative, Range, WSGS7530RZ, Stainless Steel",RANGE SST,"Appliance Dealers Cooperative, WSGS7530RZ, Range, Stainless Steel","Appliance Dealers Cooperative Range, Stainless Steel","Appliance Dealers Cooperative, Range, Stainless Steel",,,,,,,,,,,,,,,,,,,,,,,,,,,Range,Series,,,Model,,,Item Type,,,Voltage Rating,,,Amperage Rating,,,Dimensions,,,Mounting Type,,,Material,Stainless Steel,,Color,,,Sound Level,,,Additional Information,,,,,,,,,,,,,,,Display Status,Display Only,,,,,,,,,,,,,,,,,,,,,,,,,,,,,,,,,,,,,,,,,,,,,,,,,,,,,,,,,,,,,,,,,,,,,,,,,,,,,,,,,,,,,,,,,,,,,,,,,,,,,,,,,,,,,,1,EA,,,,,,,,,,,,,,,,,,,,,,,,,,,,,,,,,,,,,US,No,No
https://www.eaton.com/product/CHP90301TBB,,,,,,CHP90301TBB,,,,CHP90301TBB,CHP90301TBB,CHP90301TBB Café Cooktop Bk,-- Unbranded --,-- No Unilog Brand --,-- No DIB Brand --,Appliance Dealers Cooperative (APPDE),Eaton Corporation,EATON®,,CHP90301TBB,,,"EATON®, Cooktop, CHP90301TBB",COOKTOP,"EATON®, CHP90301TBB, Cooktop",EATON® Cooktop,"EATON®, Cooktop",,,,,,,,,,,,,,,,,,,,,,,,,,,Cooktop,Series,,,Model,,,Item Type,,,Voltage Rating,,,Amperage Rating,,,Dimensions,,,Mounting Type,,,Material,,,Color,,,Sound Level,,,Additional Information,,,,,,,,,,,,,,,,,,,,,,,,,,,,,,,,,,,,,,,,,,,,,,,,,,,,,,,,,,,,,,,,,,,,,,,,,,,,,,,,,,,,,,,,,,,,,,,,,,,,,,,,,,,,,,,,,,,,,,,,,,,,,,1,EA,,,,,,,,,,,,,,,,,,,,,,,,,,,,,,,,,,,,,US,No,No
,,,,,,CVM517P3RD1,,,,CVM517P3RD1,CVM517P3RD1,CVM517P3RD1 Cafe Microwave Bk - Display,-- Unbranded --,-- No Unilog Brand --,-- No DIB Brand --,Appliance Dealers Cooperative (APPDE),Appliance Dealers Cooperative,Appliance Dealers Cooperative,,CVM517P3RD1,,,"Appliance Dealers Cooperative, Microwave, CVM517P3RD1",MICROWAVE,"Appliance Dealers Cooperative, CVM517P3RD1, Microwave",Appliance Dealers Cooperative Microwave,"Appliance Dealers Cooperative, Microwave",,,,,,,,,,,,,,,,,,,,,,,,,,,Microwave,Series,,,Model,,,Item Type,,,Voltage Rating,,,Amperage Rating,,,Dimensions,,,Mounting Type,,,Material,,,Color,,,Sound Level,,,Additional Information,,,,,,,,,,,,,,,Manufacturer,Appliance Dealers Cooperative,,Category,General Commercial,,,,,,,,,,,,,,,,,,,,,,,,,,,,,,,,,,,,,,,,,,,,,,,,,,,,,,,,,,,,,,,,,,,,,,,,,,,,,,,,,,,,,,,,,,,,,,,,,,,,,,,,,,,1,EA,,,,,,,,,,,,,,,,,,,,,,,,,,,,,,,,,,,,,US,No,No
,,,,,,PMOS1980AF,,,,PMOS1980AF,PMOS1980AF,PMOS1980AF OTR Microwave SS - Display Only,-- Unbranded --,-- No Unilog Brand --,-- No DIB Brand --,Appliance Dealers Cooperative (APPDE),Appliance Dealers Cooperative,Appliance Dealers Cooperative,,PMOS1980AF,,,"Appliance Dealers Cooperative, Microwave, PMOS1980AF, Stainless Steel",MICROWAVE SST,"Appliance Dealers Cooperative, PMOS1980AF, Microwave, Stainless Steel","Appliance Dealers Cooperative Microwave, Stainless Steel","Appliance Dealers Cooperative, Microwave, Stainless Steel",,,,,,,,,,,,,,,,,,,,,,,,,,,Microwave,Series,,,Model,,,Item Type,,,Voltage Rating,,,Amperage Rating,,,Dimensions,,,Mounting Type,,,Material,Stainless Steel,,Color,,,Sound Level,,,Additional Information,,,,,,,,,,,,,,,description,OTR Microwave SS - Display Only,,manufacturer,Appliance Dealers Cooperative,,category,General Commercial,,,,,,,,,,,,,,,,,,,,,,,,,,,,,,,,,,,,,,,,,,,,,,,,,,,,,,,,,,,,,,,,,,,,,,,,,,,,,,,,,,,,,,,,,,,,,,,,,,,,,,,,1,EA,,,,,,,,,,,,,,,,,,,,,,,,,,,,,,,,,,,,,US,No,No
,,,,,,WMMS3330RZ,,,,WMMS3330RZ,WMMS3330RZ,WMMS3330RZ OTR Mocrowave SS - Display Only,-- Unbranded --,-- No Unilog Brand --,-- No DIB Brand --,Appliance Dealers Cooperative (APPDE),Appliance Dealers Cooperative,Appliance Dealers Cooperative,,WMMS3330RZ,,,"Appliance Dealers Cooperative, Microwave, WMMS3330RZ, Stainless Steel",MICROWAVE SST,"Appliance Dealers Cooperative, WMMS3330RZ, Microwave, Stainless Steel","Appliance Dealers Cooperative Microwave, Stainless Steel","Appliance Dealers Cooperative, Microwave, Stainless Steel",,,,,,,,,,,,,,,,,,,,,,,,,,,Microwave,Series,,,Model,,,Item Type,,,Voltage Rating,,,Amperage Rating,,,Dimensions,,,Mounting Type,,,Material,Stainless Steel,,Color,,,Sound Level,,,Additional Information,,,,,,,,,,,,,,,OTR,Over the Range,,Display,Only,,,,,,,,,,,,,,,,,,,,,,,,,,,,,,,,,,,,,,,,,,,,,,,,,,,,,,,,,,,,,,,,,,,,,,,,,,,,,,,,,,,,,,,,,,,,,,,,,,,,,,,,,,,1,EA,,,,,,,,,,,,,,,,,,,,,,,,,,,,,,,,,,,,,US,No,No
,,,,,,KMMF530PBE,,,,KMMF530PBE,KMMF530PBE,KMMF530PBE OTR Microwave BO Display Only,-- Unbranded --,-- No Unilog Brand --,-- No DIB Brand --,Appliance Dealers Cooperative (APPDE),Appliance Dealers Cooperative,Appliance Dealers Cooperative,,KMMF530PBE,,,"Appliance Dealers Cooperative, Microwave, KMMF530PBE",MICROWAVE,"Appliance Dealers Cooperative, KMMF530PBE, Microwave",Appliance Dealers Cooperative Microwave,"Appliance Dealers Cooperative, Microwave",,,,,,,,,,,,,,,,,,,,,,,,,,,Microwave,Series,,,Model,,,Item Type,,,Voltage Rating,,,Amperage Rating,,,Dimensions,,,Mounting Type,,,Material,,,Color,,,Sound Level,,,Additional Information,,,,,,,,,,,,,,,Display_Type,BO Display Only,,,,,,,,,,,,,,,,,,,,,,,,,,,,,,,,,,,,,,,,,,,,,,,,,,,,,,,,,,,,,,,,,,,,,,,,,,,,,,,,,,,,,,,,,,,,,,,,,,,,,,,,,,,,,,1,EA,,,,,,,,,,,,,,,,,,,,,,,,,,,,,,,,,,,,,US,No,No
,,,,,,JXGRILL1,,,,JXGRILL1,JXGRILL1,JXGRILL1 GE Range Grill,-- Unbranded --,-- No Unilog Brand --,-- No DIB Brand --,Appliance Dealers Cooperative (APPDE),Appliance Dealers Cooperative,Appliance Dealers Cooperative,,JXGRILL1,,,"Appliance Dealers Cooperative, Range, JXGRILL1",RANGE,"Appliance Dealers Cooperative, JXGRILL1, Range",Appliance Dealers Cooperative Range,"Appliance Dealers Cooperative, Range",,,,,,,,,,,,,,,,,,,,,,,,,,,Range,Series,,,Model,,,Item Type,,,Voltage Rating,,,Amperage Rating,,,Dimensions,,,Mounting Type,,,Material,,,Color,,,Sound Level,,,Additional Information,,,,,,,,,,,,,,,,,,,,,,,,,,,,,,,,,,,,,,,,,,,,,,,,,,,,,,,,,,,,,,,,,,,,,,,,,,,,,,,,,,,,,,,,,,,,,,,,,,,,,,,,,,,,,,,,,,,,,,,,,,,,,,1,EA,,,,,,,,,,,,,,,,,,,,,,,,,,,,,,,,,,,,,US,No,No
,,,,,,C9TMA2S3PD3,,,,C9TMA2S3PD3,C9TMA2S3PD3,C9TMA2S3PD3 Café Toaster MB,-- Unbranded --,-- No Unilog Brand --,-- No DIB Brand --,Appliance Dealers Cooperative (APPDE),Appliance Dealers Cooperative,Appliance Dealers Cooperative,,C9TMA2S3PD3,,,"Appliance Dealers Cooperative, Toaster, C9TMA2S3PD3",TOASTER,"Appliance Dealers Cooperative, C9TMA2S3PD3, Toaster",Appliance Dealers Cooperative Toaster,"Appliance Dealers Cooperative, Toaster",,,,,,,,,,,,,,,,,,,,,,,,,,,Toaster,Series,,,Model,,,Item Type,,,Voltage Rating,,,Amperage Rating,,,Dimensions,,,Mounting Type,,,Material,,,Color,,,Sound Level,,,Additional Information,,,,,,,,,,,,,,,,,,,,,,,,,,,,,,,,,,,,,,,,,,,,,,,,,,,,,,,,,,,,,,,,,,,,,,,,,,,,,,,,,,,,,,,,,,,,,,,,,,,,,,,,,,,,,,,,,,,,,,,,,,,,,,1,EA,,,,,,,,,,,,,,,,,,,,,,,,,,,,,,,,,,,,,US,No,No
,,,,,,C9TMA2S4PW3,,,,C9TMA2S4PW3,C9TMA2S4PW3,C9TMA2S4PW3 Café Toaster MW,-- Unbranded --,-- No Unilog Brand --,-- No DIB Brand --,Appliance Dealers Cooperative (APPDE),Appliance Dealers Cooperative,Appliance Dealers Cooperative,,C9TMA2S4PW3,,,"Appliance Dealers Cooperative, Toaster, C9TMA2S4PW3",TOASTER,"Appliance Dealers Cooperative, C9TMA2S4PW3, Toaster",Appliance Dealers Cooperative Toaster,"Appliance Dealers Cooperative, Toaster",,,,,,,,,,,,,,,,,,,,,,,,,,,Toaster,Series,,,Model,,,Item Type,,,Voltage Rating,,,Amperage Rating,,,Dimensions,,,Mounting Type,,,Material,,,Color,,,Sound Level,,,Additional Information,,,,,,,,,,,,,,,,,,,,,,,,,,,,,,,,,,,,,,,,,,,,,,,,,,,,,,,,,,,,,,,,,,,,,,,,,,,,,,,,,,,,,,,,,,,,,,,,,,,,,,,,,,,,,,,,,,,,,,,,,,,,,,1,EA,,,,,,,,,,,,,,,,,,,,,,,,,,,,,,,,,,,,,US,No,No
,,,,,,C90AAAS2RS3,,,,C90AAAS2RS3,C90AAAS2RS3,C90AAAS2RS3 Cafe Toast Oven SS,-- Unbranded --,-- No Unilog Brand --,-- No DIB Brand --,Appliance Dealers Cooperative (APPDE),Appliance Dealers Cooperative,Appliance Dealers Cooperative,,C90AAAS2RS3,,,"Appliance Dealers Cooperative, Oven, C90AAAS2RS3, Stainless Steel",OVEN SST,"Appliance Dealers Cooperative, C90AAAS2RS3, Oven, Stainless Steel","Appliance Dealers Cooperative Oven, Stainless Steel","Appliance Dealers Cooperative, Oven, Stainless Steel",,,,,,,,,,,,,,,,,,,,,,,,,,,Oven,Series,,,Model,,,Item Type,,,Voltage Rating,,,Amperage Rating,,,Dimensions,,,Mounting Type,,,Material,Stainless Steel,,Color,,,Sound Level,,,Additional Information,,,,,,,,,,,,,,,,,,,,,,,,,,,,,,,,,,,,,,,,,,,,,,,,,,,,,,,,,,,,,,,,,,,,,,,,,,,,,,,,,,,,,,,,,,,,,,,,,,,,,,,,,,,,,,,,,,,,,,,,,,,,,,1,EA,,,,,,,,,,,,,,,,,,,,,,,,,,,,,,,,,,,,,US,No,No
,,,,,,C9TMA2SP2PS3,,,,C9TMA2SP2PS3,C9TMA2SP2PS3,C9TMA2S2PS3 Cafe Toaster SS,-- Unbranded --,-- No Unilog Brand --,-- No DIB Brand --,Appliance Dealers Cooperative (APPDE),Appliance Dealers Cooperative,Appliance Dealers Cooperative,,C9TMA2SP2PS3,,,"Appliance Dealers Cooperative, Toaster, C9TMA2SP2PS3, Stainless Steel",TOASTER SST,"Appliance Dealers Cooperative, C9TMA2SP2PS3, Toaster, Stainless Steel","Appliance Dealers Cooperative Toaster, Stainless Steel","Appliance Dealers Cooperative, Toaster, Stainless Steel",,,,,,,,,,,,,,,,,,,,,,,,,,,Toaster,Series,,,Model,,,Item Type,,,Voltage Rating,,,Amperage Rating,,,Dimensions,,,Mounting Type,,,Material,Stainless Steel,,Color,,,Sound Level,,,Additional Information,,,,,,,,,,,,,,,,,,,,,,,,,,,,,,,,,,,,,,,,,,,,,,,,,,,,,,,,,,,,,,,,,,,,,,,,,,,,,,,,,,,,,,,,,,,,,,,,,,,,,,,,,,,,,,,,,,,,,,,,,,,,,,1,EA,,,,,,,,,,,,,,,,,,,,,,,,,,,,,,,,,,,,,US,No,No
,,,,,,GDE21EMKES,,,,GDE21EMKES,GDE21EMKES,GDE21EMKES GE 21CF Fridge SL Display Only,-- Unbranded --,-- No Unilog Brand --,-- No DIB Brand --,Appliance Dealers Cooperative (APPDE),Appliance Dealers Cooperative,Appliance Dealers Cooperative,,GDE21EMKES,,,"Appliance Dealers Cooperative, Refrigerator, GDE21EMKES",REFRIGERATOR,"Appliance Dealers Cooperative, GDE21EMKES, Refrigerator",Appliance Dealers Cooperative Refrigerator,"Appliance Dealers Cooperative, Refrigerator",,,,,,,,,,,,,,,,,,,,,,,,,,,Refrigerator,Series,,,Model,,,Item Type,,,Voltage Rating,,,Amperage Rating,,,Dimensions,,,Mounting Type,,,Material,,,Color,,,Sound Level,,,Additional Information,,,,,,,,,,,,,,,,,,,,,,,,,,,,,,,,,,,,,,,,,,,,,,,,,,,,,,,,,,,,,,,,,,,,,,,,,,,,,,,,,,,,,,,,,,,,,,,,,,,,,,,,,,,,,,,,,,,,,,,,,,,,,,1,EA,,,,,,,,,,,,,,,,,,,,,,,,,,,,,,,,,,,,,US,No,No
,,,,,,FCM16SLWW,,,,FCM16SLWW,FCM16SLWW,FCM16SLWW 16CF GE Freezer Chest MH,-- Unbranded --,-- No Unilog Brand --,-- No DIB Brand --,Appliance Dealers Cooperative (APPDE),Appliance Dealers Cooperative,Appliance Dealers Cooperative,,FCM16SLWW,,,"Appliance Dealers Cooperative, Freezer Chest, FCM16SLWW",FREEZER CHEST,"Appliance Dealers Cooperative, FCM16SLWW, Freezer Chest",Appliance Dealers Cooperative Freezer Chest,"Appliance Dealers Cooperative, Freezer Chest",,,,,,,,,,,,,,,,,,,,,,,,,,,Freezer Chest,Series,,,Model,,,Item Type,,,Voltage Rating,,,Amperage Rating,,,Dimensions,,,Mounting Type,,,Material,,,Color,,,Sound Level,,,Additional Information,,,,,,,,,,,,,,,Manufacturer Part Number,FCM16SLWW,,Supplier / Manufacturer,Appliance Dealers Cooperative,,Catalog Category,General Commercial,,,,,,,,,,,,,,,,,,,,,,,,,,,,,,,,,,,,,,,,,,,,,,,,,,,,,,,,,,,,,,,,,,,,,,,,,,,,,,,,,,,,,,,,,,,,,,,,,,,,,,,,1,EA,,,,,,,,,,,,,,,,,,,,,,,,,,,,,,,,,,,,,US,No,No
,,,,,,GNE27JYMFS,,,,GNE27JYMFS,GNE27JYMFS,GNE27JYMFS GE Fridge SS,-- Unbranded --,-- No Unilog Brand --,-- No DIB Brand --,Appliance Dealers Cooperative (APPDE),Appliance Dealers Cooperative,Appliance Dealers Cooperative,,GNE27JYMFS,,,"Appliance Dealers Cooperative, Refrigerator, GNE27JYMFS, Stainless Steel",REFRIGERATOR SST,"Appliance Dealers Cooperative, GNE27JYMFS, Refrigerator, Stainless Steel","Appliance Dealers Cooperative Refrigerator, Stainless Steel","Appliance Dealers Cooperative, Refrigerator, Stainless Steel",,,,,,,,,,,,,,,,,,,,,,,,,,,Refrigerator,Series,,,Model,,,Item Type,,,Voltage Rating,,,Amperage Rating,,,Dimensions,,,Mounting Type,,,Material,Stainless Steel,,Color,,,Sound Level,,,Additional Information,,,,,,,,,,,,,,,,,,,,,,,,,,,,,,,,,,,,,,,,,,,,,,,,,,,,,,,,,,,,,,,,,,,,,,,,,,,,,,,,,,,,,,,,,,,,,,,,,,,,,,,,,,,,,,,,,,,,,,,,,,,,,,1,EA,,,,,,,,,,,,,,,,,,,,,,,,,,,,,,,,,,,,,US,No,No
,,,,,,CVE28DP3ND1,,,,CVE28DP3ND1,CVE28DP3ND1,CVE28DP3ND1 Cafe Fridge Bk,-- Unbranded --,-- No Unilog Brand --,-- No DIB Brand --,Appliance Dealers Cooperative (APPDE),Appliance Dealers Cooperative,Appliance Dealers Cooperative,,CVE28DP3ND1,,,"Appliance Dealers Cooperative, Refrigerator, CVE28DP3ND1",REFRIGERATOR,"Appliance Dealers Cooperative, CVE28DP3ND1, Refrigerator",Appliance Dealers Cooperative Refrigerator,"Appliance Dealers Cooperative, Refrigerator",,,,,,,,,,,,,,,,,,,,,,,,,,,Refrigerator,Series,,,Model,,,Item Type,,,Voltage Rating,,,Amperage Rating,,,Dimensions,,,Mounting Type,,,Material,,,Color,,,Sound Level,,,Additional Information,,,,,,,,,,,,,,,,,,,,,,,,,,,,,,,,,,,,,,,,,,,,,,,,,,,,,,,,,,,,,,,,,,,,,,,,,,,,,,,,,,,,,,,,,,,,,,,,,,,,,,,,,,,,,,,,,,,,,,,,,,,,,,1,EA,,,,,,,,,,,,,,,,,,,,,,,,,,,,,,,,,,,,,US,No,No
,,,,,,GNE25JMKES,,,,GNE25JMKES,GNE25JMKES,GNE25JMKES GE Fridge Slate - Display,-- Unbranded --,-- No Unilog Brand --,-- No DIB Brand --,Appliance Dealers Cooperative (APPDE),Appliance Dealers Cooperative,Appliance Dealers Cooperative,,GNE25JMKES,,,"Appliance Dealers Cooperative, Refrigerator, GNE25JMKES",REFRIGERATOR,"Appliance Dealers Cooperative, GNE25JMKES, Refrigerator",Appliance Dealers Cooperative Refrigerator,"Appliance Dealers Cooperative, Refrigerator",,,,,,,,,,,,,,,,,,,,,,,,,,,Refrigerator,Series,,,Model,,,Item Type,,,Voltage Rating,,,Amperage Rating,,,Dimensions,,,Mounting Type,,,Material,,,Color,,,Sound Level,,,Additional Information,,,,,,,,,,,,,,,,,,,,,,,,,,,,,,,,,,,,,,,,,,,,,,,,,,,,,,,,,,,,,,,,,,,,,,,,,,,,,,,,,,,,,,,,,,,,,,,,,,,,,,,,,,,,,,,,,,,,,,,,,,,,,,1,EA,,,,,,,,,,,,,,,,,,,,,,,,,,,,,,,,,,,,,US,No,No
,,,,,,PRFS2883AF,,,,PRFS2883AF,PRFS2883AF,"PRFS2883AF 36"" Fridge SS - Display Only",-- Unbranded --,-- No Unilog Brand --,-- No DIB Brand --,Appliance Dealers Cooperative (APPDE),Appliance Dealers Cooperative,Appliance Dealers Cooperative,,PRFS2883AF,,,"Appliance Dealers Cooperative, Refrigerator, PRFS2883AF, Stainless Steel",REFRIGERATOR SST,"Appliance Dealers Cooperative, PRFS2883AF, Refrigerator, Stainless Steel","Appliance Dealers Cooperative Refrigerator, 36 in, Stainless Steel","Appliance Dealers Cooperative, Refrigerator, Stainless Steel",,,,,,,,,,,,,,,,,,,,,,,,,,,Refrigerator,Series,,,Model,,,Item Type,,,Voltage Rating,,,Amperage Rating,,,Dimensions,36,in,Mounting Type,,,Material,Stainless Steel,,Color,,,Sound Level,,,Additional Information,,,,,,,,,,,,,,,,,,,,,,,,,,,,,,,,,,,,,,,,,,,,,,,,,,,,,,,,,,,,,,,,,,,,,,,,,,,,,,,,,,,,,,,,,,,,,,,,,,,,,,,,,,,,,,,,,,,,,,,,,,,,,,1,EA,,,,,,,,,,,,,,,,,,,,,,,,,,,,,,,,,,,,,US,No,No
,,,,,,PAD28BYTFS,,,,PAD28BYTFS,PAD28BYTFS,PAD28BYTFS GE Fridge SS,-- Unbranded --,-- No Unilog Brand --,-- No DIB Brand --,Appliance Dealers Cooperative (APPDE),Appliance Dealers Cooperative,Appliance Dealers Cooperative,,PAD28BYTFS,,,"Appliance Dealers Cooperative, Refrigerator, PAD28BYTFS, Stainless Steel",REFRIGERATOR SST,"Appliance Dealers Cooperative, PAD28BYTFS, Refrigerator, Stainless Steel","Appliance Dealers Cooperative Refrigerator, Stainless Steel","Appliance Dealers Cooperative, Refrigerator, Stainless Steel",,,,,,,,,,,,,,,,,,,,,,,,,,,Refrigerator,Series,,,Model,,,Item Type,,,Voltage Rating,,,Amperage Rating,,,Dimensions,,,Mounting Type,,,Material,Stainless Steel,,Color,,,Sound Level,,,Additional Information,,,,,,,,,,,,,,,,,,,,,,,,,,,,,,,,,,,,,,,,,,,,,,,,,,,,,,,,,,,,,,,,,,,,,,,,,,,,,,,,,,,,,,,,,,,,,,,,,,,,,,,,,,,,,,,,,,,,,,,,,,,,,,1,EA,,,,,,,,,,,,,,,,,,,,,,,,,,,,,,,,,,,,,US,No,No
,,,,,,PGE29BYTFS,,,,PGE29BYTFS,PGE29BYTFS,PGE29BYTFS GE Fridge SS,-- Unbranded --,-- No Unilog Brand --,-- No DIB Brand --,Appliance Dealers Cooperative (APPDE),Appliance Dealers Cooperative,Appliance Dealers Cooperative,,PGE29BYTFS,,,"Appliance Dealers Cooperative, Refrigerator, PGE29BYTFS, Stainless Steel",REFRIGERATOR SST,"Appliance Dealers Cooperative, PGE29BYTFS, Refrigerator, Stainless Steel","Appliance Dealers Cooperative Refrigerator, Stainless Steel","Appliance Dealers Cooperative, Refrigerator, Stainless Steel",,,,,,,,,,,,,,,,,,,,,,,,,,,Refrigerator,Series,,,Model,,,Item Type,,,Voltage Rating,,,Amperage Rating,,,Dimensions,,,Mounting Type,,,Material,Stainless Steel,,Color,,,Sound Level,,,Additional Information,,,,,,,,,,,,,,,,,,,,,,,,,,,,,,,,,,,,,,,,,,,,,,,,,,,,,,,,,,,,,,,,,,,,,,,,,,,,,,,,,,,,,,,,,,,,,,,,,,,,,,,,,,,,,,,,,,,,,,,,,,,,,,1,EA,,,,,,,,,,,,,,,,,,,,,,,,,,,,,,,,,,,,,US,No,No
,,,,,,ERFD19CGCS,,,,ERFD19CGCS,ERFD19CGCS,ERFD19CGCS Element Fridge SS,-- Unbranded --,-- No Unilog Brand --,-- No DIB Brand --,Appliance Dealers Cooperative (APPDE),Appliance Dealers Cooperative,Appliance Dealers Cooperative,,ERFD19CGCS,,,"Appliance Dealers Cooperative, Refrigerator, ERFD19CGCS, Stainless Steel",REFRIGERATOR SST,"Appliance Dealers Cooperative, ERFD19CGCS, Refrigerator, Stainless Steel","Appliance Dealers Cooperative Refrigerator, Stainless Steel","Appliance Dealers Cooperative, Refrigerator, Stainless Steel",,,,,,,,,,,,,,,,,,,,,,,,,,,Refrigerator,Series,,,Model,,,Item Type,,,Voltage Rating,,,Amperage Rating,,,Dimensions,,,Mounting Type,,,Material,Stainless Steel,,Color,,,Sound Level,,,Additional Information,,,,,,,,,,,,,,,,,,,,,,,,,,,,,,,,,,,,,,,,,,,,,,,,,,,,,,,,,,,,,,,,,,,,,,,,,,,,,,,,,,,,,,,,,,,,,,,,,,,,,,,,,,,,,,,,,,,,,,,,,,,,,,1,EA,,,,,,,,,,,,,,,,,,,,,,,,,,,,,,,,,,,,,US,No,No
,,,,,,LT18S2100W,,,,LT18S2100W,LT18S2100W,LT18S2100W LG Fridge Wh,-- Unbranded --,-- No Unilog Brand --,-- No DIB Brand --,Appliance Dealers Cooperative (APPDE),Appliance Dealers Cooperative,Appliance Dealers Cooperative,,LT18S2100W,,,"Appliance Dealers Cooperative, Refrigerator, LT18S2100W",REFRIGERATOR,"Appliance Dealers Cooperative, LT18S2100W, Refrigerator",Appliance Dealers Cooperative Refrigerator,"Appliance Dealers Cooperative, Refrigerator",,,,,,,,,,,,,,,,,,,,,,,,,,,Refrigerator,Series,,,Model,,,Item Type,,,Voltage Rating,,,Amperage Rating,,,Dimensions,,,Mounting Type,,,Material,,,Color,,,Sound Level,,,Additional Information,,,,,,,,,,,,,,,,,,,,,,,,,,,,,,,,,,,,,,,,,,,,,,,,,,,,,,,,,,,,,,,,,,,,,,,,,,,,,,,,,,,,,,,,,,,,,,,,,,,,,,,,,,,,,,,,,,,,,,,,,,,,,,1,EA,,,,,,,,,,,,,,,,,,,,,,,,,,,,,,,,,,,,,US,No,No
,,,,,,LT18S2100SS,,,,LT18S2100SS,LT18S2100SS,LT18S2100S 18CF LG Fridge SS,-- Unbranded --,-- No Unilog Brand --,-- No DIB Brand --,Appliance Dealers Cooperative (APPDE),Appliance Dealers Cooperative,Appliance Dealers Cooperative,,LT18S2100SS,,,"Appliance Dealers Cooperative, Refrigerator, LT18S2100SS, Stainless Steel",REFRIGERATOR SST,"Appliance Dealers Cooperative, LT18S2100SS, Refrigerator, Stainless Steel","Appliance Dealers Cooperative Refrigerator, Stainless Steel","Appliance Dealers Cooperative, Refrigerator, Stainless Steel",,,,,,,,,,,,,,,,,,,,,,,,,,,Refrigerator,Series,,,Model,,,Item Type,,,Voltage Rating,,,Amperage Rating,,,Dimensions,,,Mounting Type,,,Material,Stainless Steel,,Color,,,Sound Level,,,Additional Information,,,,,,,,,,,,,,,,,,,,,,,,,,,,,,,,,,,,,,,,,,,,,,,,,,,,,,,,,,,,,,,,,,,,,,,,,,,,,,,,,,,,,,,,,,,,,,,,,,,,,,,,,,,,,,,,,,,,,,,,,,,,,,1,EA,,,,,,,,,,,,,,,,,,,,,,,,,,,,,,,,,,,,,US,No,No
,,,,,,EUF17CDBW,,,,EUF17CDBW,EUF17CDBW,EUF17CDBW Element 17CF Freezer - Upright,-- Unbranded --,-- No Unilog Brand --,-- No DIB Brand --,Appliance Dealers Cooperative (APPDE),Appliance Dealers Cooperative,Appliance Dealers Cooperative,,EUF17CDBW,,,"Appliance Dealers Cooperative, Freezer, EUF17CDBW",FREEZER,"Appliance Dealers Cooperative, EUF17CDBW, Freezer",Appliance Dealers Cooperative Freezer,"Appliance Dealers Cooperative, Freezer",,,,,,,,,,,,,,,,,,,,,,,,,,,Freezer,Series,,,Model,,,Item Type,,,Voltage Rating,,,Amperage Rating,,,Dimensions,,,Mounting Type,,,Material,,,Color,,,Sound Level,,,Additional Information,,,,,,,,,,,,,,,Manufacturer Part Number,EUF17CDBW,,Supplier / Manufacturer,Appliance Dealers Cooperative,,Catalog Category,General Commercial,,,,,,,,,,,,,,,,,,,,,,,,,,,,,,,,,,,,,,,,,,,,,,,,,,,,,,,,,,,,,,,,,,,,,,,,,,,,,,,,,,,,,,,,,,,,,,,,,,,,,,,,1,EA,,,,,,,,,,,,,,,,,,,,,,,,,,,,,,,,,,,,,US,No,No
,,,,,,EUF21CDBW,,,,EUF21CDBW,EUF21CDBW,EUF21CDBW Element 21CF Freezer - Upright,-- Unbranded --,-- No Unilog Brand --,-- No DIB Brand --,Appliance Dealers Cooperative (APPDE),Appliance Dealers Cooperative,Appliance Dealers Cooperative,,EUF21CDBW,,,"Appliance Dealers Cooperative, Freezer, EUF21CDBW",FREEZER,"Appliance Dealers Cooperative, EUF21CDBW, Freezer",Appliance Dealers Cooperative Freezer,"Appliance Dealers Cooperative, Freezer",,,,,,,,,,,,,,,,,,,,,,,,,,,Freezer,Series,,,Model,,,Item Type,,,Voltage Rating,,,Amperage Rating,,,Dimensions,,,Mounting Type,,,Material,,,Color,,,Sound Level,,,Additional Information,,,,,,,,,,,,,,,Manufacturer,Appliance Dealers Cooperative,,Catalog Category,General Commercial,,,,,,,,,,,,,,,,,,,,,,,,,,,,,,,,,,,,,,,,,,,,,,,,,,,,,,,,,,,,,,,,,,,,,,,,,,,,,,,,,,,,,,,,,,,,,,,,,,,,,,,,,,,1,EA,,,,,,,,,,,,,,,,,,,,,,,,,,,,,,,,,,,,,US,No,No
,,,,,,TP-1935,,,,TP-1935,TP-1935,TP-1935 Hole Drilling System,-- Unbranded --,-- No Unilog Brand --,-- No DIB Brand --,-,-,-,,TP-1935,,,"-, Drill Bit, TP-1935",DRILL BIT,"-, TP-1935, Drill Bit",- Drill Bit,"-, Drill Bit",,,,,,,,,,,,,,,,,,,,,,,,,,,Drill Bit,Series,,,Model,,,Item Type,,,Voltage Rating,,,Amperage Rating,,,Dimensions,,,Mounting Type,,,Material,,,Color,,,Sound Level,,,Additional Information,,,,,,,,,,,,,,,Manufacturer Part Number,TP-1935,,Catalog Category,General Commercial,,,,,,,,,,,,,,,,,,,,,,,,,,,,,,,,,,,,,,,,,,,,,,,,,,,,,,,,,,,,,,,,,,,,,,,,,,,,,,,,,,,,,,,,,,,,,,,,,,,,,,,,,,,1,EA,,,,,,,,,,,,,,,,,,,,,,,,,,,,,,,,,,,,,US,No,No
,,,,,,K527APBXR,,,,K527APBXR,K527APBXR,"K527APBXR Senco .131x3"" SM BB - 500CT",-- Unbranded --,-- No Unilog Brand --,-- No DIB Brand --,Senco Products Inc (4650),Senco Products Inc,Senco Products Inc,,K527APBXR,,,"Senco Products Inc, Nail, K527APBXR, BB",NAIL BB .131X3 IN,"Senco Products Inc, K527APBXR, Nail, BB","Senco Products Inc Nail, .131x3 in, BB","Senco Products Inc, Nail, BB",,,,,,,,,,,,,,,,,,,,,,,,,,,Nail,Series,,,Model,,,Item Type,,,Voltage Rating,,,Amperage Rating,,,Dimensions,.131x3 in,,Mounting Type,,,Material,BB,,Color,,,Sound Level,,,Additional Information,,,,,,,,,,,,,,,pack_quantity,500CT,,,,,,,,,,,,,,,,,,,,,,,,,,,,,,,,,,,,,,,,,,,,,,,,,,,,,,,,,,,,,,,,,,,,,,,,,,,,,,,,,,,,,,,,,,,,,,,,,,,,,,,,,,,,,,1,EA,,,,,,,,,,,,,,,,,,,,,,,,,,,,,,,,,,,,,US,No,No
,,,,,,603150,,,,603150,603150,"603150 2-1/2"" Finish Nail 15GA - 4M",-- Unbranded --,-- No Unilog Brand --,-- No DIB Brand --,National Nail Corp (7439),National Nail Corp,National Nail Corp,,603150,,,"National Nail Corp, Finish Nail, 603150",FINISH NAIL 2-1/2 IN,"National Nail Corp, 603150, Finish Nail","National Nail Corp Finish Nail, 2-1/2 in","National Nail Corp, Finish Nail",,,,,,,,,,,,,,,,,,,,,,,,,,,Finish Nail,Series,,,Model,,,Item Type,,,Voltage Rating,,,Amperage Rating,,,Dimensions,2-1/2,in,Mounting Type,,,Material,,,Color,,,Sound Level,,,Additional Information,,,,,,,,,,,,,,,gauge,15GA,,quantity,4M,,supplier,National Nail Corp,,category,General Commercial,,,,,,,,,,,,,,,,,,,,,,,,,,,,,,,,,,,,,,,,,,,,,,,,,,,,,,,,,,,,,,,,,,,,,,,,,,,,,,,,,,,,,,,,,,,,,,,,,,,,,1,EA,,,,,,,,,,,,,,,,,,,,,,,,,,,,,,,,,,,,,US,No,No
https://www.diablotools.com/product/D10CNK,,,,,,D10CNK,,,,D10CNK,D10CNK,"D10CNK Prebena 1/2""x3/8"" - Staple",-- Unbranded --,-- No Unilog Brand --,-- No DIB Brand --,Prebena (PREBE),Freud Tools / Robert Bosch Tool Corporation,DIABLO®,,D10CNK,,,"DIABLO®, Staple, d10cnk",STAPLE 1/2 INX3/8,"DIABLO®, d10cnk, Staple","DIABLO® Staple, 1/2 inx3/8","DIABLO®, Staple",,,,,,,,,,,,,,,,,,,,,,,,,,,Staple,Series,,,Model,,,Item Type,,,Voltage Rating,,,Amperage Rating,,,Dimensions,1/2 inx3/8,,Mounting Type,,,Material,,,Color,,,Sound Level,,,Additional Information,,,,,,,,,,,,,,,,,,,,,,,,,,,,,,,,,,,,,,,,,,,,,,,,,,,,,,,,,,,,,,,,,,,,,,,,,,,,,,,,,,,,,,,,,,,,,,,,,,,,,,,,,,,,,,,,,,,,,,,,,,,,,,1,EA,,,,,,,,,,,,,,,,,,,,,,,,,,,,,,,,,,,,,US,No,No
,,,,,,E28CNKHA,,,,E28CNKHA,E28CNKHA,"E28CNKHA Prebena 2/4""x1 1/8"" - Staple",-- Unbranded --,-- No Unilog Brand --,-- No DIB Brand --,Prebena (PREBE),Prebena,Prebena,,E28CNKHA,,,"Prebena, Staple, e28cnkha",STAPLE 2/4 INX1 1/8,"Prebena, e28cnkha, Staple","Prebena Staple, 2/4 inx1 1/8","Prebena, Staple",,,,,,,,,,,,,,,,,,,,,,,,,,,Staple,Series,,,Model,,,Item Type,,,Voltage Rating,,,Amperage Rating,,,Dimensions,2/4 inx1 1/8,,Mounting Type,,,Material,,,Color,,,Sound Level,,,Additional Information,,,,,,,,,,,,,,,,,,,,,,,,,,,,,,,,,,,,,,,,,,,,,,,,,,,,,,,,,,,,,,,,,,,,,,,,,,,,,,,,,,,,,,,,,,,,,,,,,,,,,,,,,,,,,,,,,,,,,,,,,,,,,,1,EA,,,,,,,,,,,,,,,,,,,,,,,,,,,,,,,,,,,,,US,No,No
,,,,,,51334,,,,51334,51334,"51334 44"" Wh Gilmour Fan",-- Unbranded --,-- No Unilog Brand --,-- No DIB Brand --,Hunter Fan Co (4381),Hunter Fan Co,Hunter Fan Co,,51334,,,"Hunter Fan Co, Fan, 51334",FAN 44 IN,"Hunter Fan Co, 51334, Fan","Hunter Fan Co Fan, 44 in","Hunter Fan Co, Fan",,,,,,,,,,,,,,,,,,,,,,,,,,,Fan,Series,,,Model,,,Item Type,,,Voltage Rating,,,Amperage Rating,,,Dimensions,44,in,Mounting Type,,,Material,,,Color,,,Sound Level,,,Additional Information,,,,,,,,,,,,,,,Manufacturer,Hunter Fan Co,,Catalog Category,General Commercial,,,,,,,,,,,,,,,,,,,,,,,,,,,,,,,,,,,,,,,,,,,,,,,,,,,,,,,,,,,,,,,,,,,,,,,,,,,,,,,,,,,,,,,,,,,,,,,,,,,,,,,,,,,1,EA,,,,,,,,,,,,,,,,,,,,,,,,,,,,,,,,,,,,,US,No,No
https://www.ustape.com/product/59210,,,,,,59210,,,,59210,59210,"59210 52"" BZ Sent Hunter Fan",-- Unbranded --,-- No Unilog Brand --,-- No DIB Brand --,Hunter Fan Co (4381),U.S. Tape Company,U.S. TAPE®,,59210,,,"U.S. TAPE®, Fan, 59210",FAN 52 IN,"U.S. TAPE®, 59210, Fan","U.S. TAPE® Fan, 52 in","U.S. TAPE®, Fan",,,,,,,,,,,,,,,,,,,,,,,,,,,Fan,Series,,,Model,,,Item Type,,,Voltage Rating,,,Amperage Rating,,,Dimensions,52,in,Mounting Type,,,Material,,,Color,,,Sound Level,,,Additional Information,,,,,,,,,,,,,,,,,,,,,,,,,,,,,,,,,,,,,,,,,,,,,,,,,,,,,,,,,,,,,,,,,,,,,,,,,,,,,,,,,,,,,,,,,,,,,,,,,,,,,,,,,,,,,,,,,,,,,,,,,,,,,,1,EA,,,,,,,,,,,,,,,,,,,,,,,,,,,,,,,,,,,,,US,No,No
https://www.kichler.com/product/52485,,,,,,52485,,,,52485,52485,"52485 52"" MB Anisten Fan",-- Unbranded --,-- No Unilog Brand --,-- No DIB Brand --,Hunter Fan Co (4381),Kichler Lighting LLC,KICHLER®,,52485,,,"KICHLER®, Luminaire, 52485",LUMINAIRE 52 IN,"KICHLER®, 52485, Luminaire","KICHLER® Luminaire, 52 in","KICHLER®, Luminaire",,,,,,,,,,,,,,,,,,,,,,,,,,,Luminaire,Series,,,Model,,,Item Type,,,Voltage Rating,,,Amperage Rating,,,Dimensions,52,in,Mounting Type,,,Material,,,Color,,,Sound Level,,,Additional Information,,,,,,,,,,,,,,,,,,,,,,,,,,,,,,,,,,,,,,,,,,,,,,,,,,,,,,,,,,,,,,,,,,,,,,,,,,,,,,,,,,,,,,,,,,,,,,,,,,,,,,,,,,,,,,,,,,,,,,,,,,,,,,1,EA,,,,,,,,,,,,,,,,,,,,,,,,,,,,,,,,,,,,,US,No,No
https://www.kichler.com/product/52486,,,,,,52486,,,,52486,52486,"52486 44"" MB Anisten Fan",-- Unbranded --,-- No Unilog Brand --,-- No DIB Brand --,Hunter Fan Co (4381),Kichler Lighting LLC,KICHLER®,,52486,,,"KICHLER®, Fan, 52486",FAN,"KICHLER®, 52486, Fan",KICHLER® Fan,"KICHLER®, Fan",,,,,,,,,,,,,,,,,,,,,,,,,,,Fan,Series,,,Model,,,Item Type,,,Voltage Rating,,,Amperage Rating,,,Dimensions,,,Mounting Type,,,Material,,,Color,,,Sound Level,,,Additional Information,,,,,,,,,,,,,,,,,,,,,,,,,,,,,,,,,,,,,,,,,,,,,,,,,,,,,,,,,,,,,,,,,,,,,,,,,,,,,,,,,,,,,,,,,,,,,,,,,,,,,,,,,,,,,,,,,,,,,,,,,,,,,,1,EA,,,,,,,,,,,,,,,,,,,,,,,,,,,,,,,,,,,,,US,No,No
https://www.kichler.com/product/52487,,,,,,52487,,,,52487,52487,"52487 52"" WH Anisten Fan",-- Unbranded --,-- No Unilog Brand --,-- No DIB Brand --,Hunter Fan Co (4381),Kichler Lighting LLC,KICHLER®,,52487,,,"KICHLER®, Fan, 52487",FAN 52 IN,"KICHLER®, 52487, Fan","KICHLER® Fan, 52 in","KICHLER®, Fan",,,,,,,,,,,,,,,,,,,,,,,,,,,Fan,Series,,,Model,,,Item Type,,,Voltage Rating,,,Amperage Rating,,,Dimensions,52,in,Mounting Type,,,Material,,,Color,,,Sound Level,,,Additional Information,,,,,,,,,,,,,,,,,,,,,,,,,,,,,,,,,,,,,,,,,,,,,,,,,,,,,,,,,,,,,,,,,,,,,,,,,,,,,,,,,,,,,,,,,,,,,,,,,,,,,,,,,,,,,,,,,,,,,,,,,,,,,,1,EA,,,,,,,,,,,,,,,,,,,,,,,,,,,,,,,,,,,,,US,No,No
https://www.kichler.com/product/52488,,,,,,52488,,,,52488,52488,"52488 44"" WH Anisten Fan",-- Unbranded --,-- No Unilog Brand --,-- No DIB Brand --,Hunter Fan Co (4381),Kichler Lighting LLC,KICHLER®,,52488,,,"KICHLER®, Luminaire, 52488",LUMINAIRE 44 IN,"KICHLER®, 52488, Luminaire","KICHLER® Luminaire, 44 in","KICHLER®, Luminaire",,,,,,,,,,,,,,,,,,,,,,,,,,,Luminaire,Series,,,Model,,,Item Type,,,Voltage Rating,,,Amperage Rating,,,Dimensions,44,in,Mounting Type,,,Material,,,Color,,,Sound Level,,,Additional Information,,,,,,,,,,,,,,,,,,,,,,,,,,,,,,,,,,,,,,,,,,,,,,,,,,,,,,,,,,,,,,,,,,,,,,,,,,,,,,,,,,,,,,,,,,,,,,,,,,,,,,,,,,,,,,,,,,,,,,,,,,,,,,1,EA,,,,,,,,,,,,,,,,,,,,,,,,,,,,,,,,,,,,,US,No,No
https://www.kichler.com/product/52655,,,,,,52655,,,,52655,52655,"52655 52"" MB Xidane Hunter Fan",-- Unbranded --,-- No Unilog Brand --,-- No DIB Brand --,Hunter Fan Co (4381),Kichler Lighting LLC,KICHLER®,,52655,,,"KICHLER®, Fan, 52655",FAN 52 IN,"KICHLER®, 52655, Fan","KICHLER® Fan, 52 in","KICHLER®, Fan",,,,,,,,,,,,,,,,,,,,,,,,,,,Fan,Series,,,Model,,,Item Type,,,Voltage Rating,,,Amperage Rating,,,Dimensions,52,in,Mounting Type,,,Material,,,Color,,,Sound Level,,,Additional Information,,,,,,,,,,,,,,,,,,,,,,,,,,,,,,,,,,,,,,,,,,,,,,,,,,,,,,,,,,,,,,,,,,,,,,,,,,,,,,,,,,,,,,,,,,,,,,,,,,,,,,,,,,,,,,,,,,,,,,,,,,,,,,1,EA,,,,,,,,,,,,,,,,,,,,,,,,,,,,,,,,,,,,,US,No,No
https://www.ustape.com/product/59261,,,,,,59261,,,,59261,59261,"59261 52"" PB Cassius Fan",-- Unbranded --,-- No Unilog Brand --,-- No DIB Brand --,Hunter Fan Co (4381),U.S. Tape Company,U.S. TAPE®,,59261,,,"U.S. TAPE®, Fan, 59261",FAN 52 IN,"U.S. TAPE®, 59261, Fan","U.S. TAPE® Fan, 52 in","U.S. TAPE®, Fan",,,,,,,,,,,,,,,,,,,,,,,,,,,Fan,Series,,,Model,,,Item Type,,,Voltage Rating,,,Amperage Rating,,,Dimensions,52,in,Mounting Type,,,Material,,,Color,,,Sound Level,,,Additional Information,,,,,,,,,,,,,,,,,,,,,,,,,,,,,,,,,,,,,,,,,,,,,,,,,,,,,,,,,,,,,,,,,,,,,,,,,,,,,,,,,,,,,,,,,,,,,,,,,,,,,,,,,,,,,,,,,,,,,,,,,,,,,,1,EA,,,,,,,,,,,,,,,,,,,,,,,,,,,,,,,,,,,,,US,No,No
,,,,,,51731,,,,51731,51731,"51731 52"" MB Jetty Hunter Fan",-- Unbranded --,-- No Unilog Brand --,-- No DIB Brand --,Hunter Fan Co (4381),Hunter Fan Co,Hunter Fan Co,,51731,,,"Hunter Fan Co, Fan, 51731",FAN 52 IN,"Hunter Fan Co, 51731, Fan","Hunter Fan Co Fan, 52 in","Hunter Fan Co, Fan",,,,,,,,,,,,,,,,,,,,,,,,,,,Fan,Series,,,Model,,,Item Type,,,Voltage Rating,,,Amperage Rating,,,Dimensions,52,in,Mounting Type,,,Material,,,Color,,,Sound Level,,,Additional Information,,,,,,,,,,,,,,,,,,,,,,,,,,,,,,,,,,,,,,,,,,,,,,,,,,,,,,,,,,,,,,,,,,,,,,,,,,,,,,,,,,,,,,,,,,,,,,,,,,,,,,,,,,,,,,,,,,,,,,,,,,,,,,1,EA,,,,,,,,,,,,,,,,,,,,,,,,,,,,,,,,,,,,,US,No,No
https://www.makitatools.com/product/XLC10ZW,,,,,,XLC10ZW,,,,XLC10ZW,XLC10ZW,XLC10ZW Makita 18V Cordless Vacuum,-- Unbranded --,-- No Unilog Brand --,-- No DIB Brand --,Makita Usa Inc (5142),Makita Corporation,MAKITA®,,XLC10ZW,,,"MAKITA®, Vacuum, XLC10ZW",VACUUM 18 V,"MAKITA®, XLC10ZW, Vacuum","MAKITA® Vacuum, 18 V","MAKITA®, Vacuum",,,,,,,,,,,,,,,,,,,,,,,,,,,Vacuum,Series,,,Model,,,Item Type,,,Voltage Rating,18,V,Amperage Rating,,,Dimensions,,,Mounting Type,,,Material,,,Color,,,Sound Level,,,Additional Information,,,,,,,,,,,,,,,,,,,,,,,,,,,,,,,,,,,,,,,,,,,,,,,,,,,,,,,,,,,,,,,,,,,,,,,,,,,,,,,,,,,,,,,,,,,,,,,,,,,,,,,,,,,,,,,,,,,,,,,,,,,,,,1,EA,,,,,,,,,,,,,,,,,,,,,,,,,,,,,,,,,,,,,US,No,No
,,,,,,HS-DA,,,,HS-DA,HS-DA,HS-DA Motion Driveway Alert,-- Unbranded --,-- No Unilog Brand --,-- No DIB Brand --,Sabre (9195),Sabre,Sabre,,HS-DA,,,"Sabre, Light Bulb, HS-DA",LIGHT BULB,"Sabre, HS-DA, Light Bulb",Sabre Light Bulb,"Sabre, Light Bulb",,,,,,,,,,,,,,,,,,,,,,,,,,,Light Bulb,Series,,,Model,,,Item Type,,,Voltage Rating,,,Amperage Rating,,,Dimensions,,,Mounting Type,,,Material,,,Color,,,Sound Level,,,Additional Information,,,,,,,,,,,,,,,,,,,,,,,,,,,,,,,,,,,,,,,,,,,,,,,,,,,,,,,,,,,,,,,,,,,,,,,,,,,,,,,,,,,,,,,,,,,,,,,,,,,,,,,,,,,,,,,,,,,,,,,,,,,,,,1,EA,,,,,,,,,,,,,,,,,,,,,,,,,,,,,,,,,,,,,US,No,No
,,,,,,73002252,,,,73002252,73002252,Black Gate Gravity Latch RDI,-- Unbranded --,-- No Unilog Brand --,-- No DIB Brand --,-,-,-,,73002252,,,"-, Commercial Product, 73002252",COMMERCIAL PRODUCT,"-, 73002252, Commercial Product",- Commercial Product,"-, Commercial Product",,,,,,,,,,,,,,,,,,,,,,,,,,,"-, Commercial Product",Series,,,Model,,,Item Type,,,Voltage Rating,,,Amperage Rating,,,Dimensions,,,Mounting Type,,,Material,,,Color,,,Sound Level,,,Additional Information,,,,,,,,,,,,,,,,,,,,,,,,,,,,,,,,,,,,,,,,,,,,,,,,,,,,,,,,,,,,,,,,,,,,,,,,,,,,,,,,,,,,,,,,,,,,,,,,,,,,,,,,,,,,,,,,,,,,,,,,,,,,,,1,EA,,,,,,,,,,,,,,,,,,,,,,,,,,,,,,,,,,,,,US,No,No
https://www.milwaukeetool.com/product/48-22-8396R,,,,,,48-22-8396R,,,,48-22-8396R,48-22-8396R,48-22-8396R Milw 24oz Bottle - Insulated,-- Unbranded --,-- No Unilog Brand --,-- No DIB Brand --,Milwaukee Accessory (4031),Milwaukee Electric Tool Corporation,MILWAUKEE®,,48-22-8396R,,,"MILWAUKEE®, Bottle, 48-22-8396R",BOTTLE,"MILWAUKEE®, 48-22-8396R, Bottle",MILWAUKEE® Bottle,"MILWAUKEE®, Bottle",,,,,,,,,,,,,,,,,,,,,,,,,,,Bottle,Series,,,Model,,,Item Type,,,Voltage Rating,,,Amperage Rating,,,Dimensions,24oz,,Mounting Type,,,Material,,,Color,,,Sound Level,,,Additional Information,,,,,,,,,,,,,,,Insulated,true,,Category,General Commercial,,,,,,,,,,,,,,,,,,,,,,,,,,,,,,,,,,,,,,,,,,,,,,,,,,,,,,,,,,,,,,,,,,,,,,,,,,,,,,,,,,,,,,,,,,,,,,,,,,,,,,,,,,,1,EA,,,,,,,,,,,,,,,,,,,,,,,,,,,,,,,,,,,,,US,No,No
https://www.milwaukeetool.com/product/48-22-8397R,,,,,,48-22-8397R,Tools & Hardware,Abrasives,Cutting Discs,48-22-8397R,48-22-8397R,48-22-8397R Milw 36oz Bottle - Insulated,-- Unbranded --,-- No Unilog Brand --,-- No DIB Brand --,Milwaukee Accessory (4031),Milwaukee Electric Tool Corporation,MILWAUKEE®,,48-22-8397R,,Tools & Hardware>Abrasives>Cutting & Grinding Discs,"MILWAUKEE®, Cut-Off Disc, 48-22-8397R",CUT-OFF DISC 36 OZ BOTTLE,"MILWAUKEE®, 48-22-8397R, Cut-Off Disc","MILWAUKEE® Cut-Off Disc, 36 oz Bottle","MILWAUKEE®, Cut-Off Disc",,,,,,,,,,,,,,,,,,,,,,,,,,,Cut-Off Disc,Item Type,,,Dimensions,36 oz Bottle,,Grit,,,Arbor Size,,,Abrasive Material,,,Pack Quantity,,,Additional Information,,,,,,,,,,,,,,,,,,,,,,,,,,,Manufacturer,MILWAUKEE,,Catalog Category,General Commercial,,,,,,,,,,,,,,,,,,,,,,,,,,,,,,,,,,,,,,,,,,,,,,,,,,,,,,,,,,,,,,,,,,,,,,,,,,,,,,,,,,,,,,,,,,,,,,,,,,,,,,,,,,,1,EA,,,,,,,,,,,,,,,,,,,,,,,,,,,,,,,,,,,,,US,No,No
https://www.dewalt.com/product/DCGG581B,,,,,,DCGG581B,,,,DCGG581B,DCGG581B,DCGG581B Dewalt 20V Grease Gun 2-Speed,-- Unbranded --,-- No Unilog Brand --,-- No DIB Brand --,Black & Decker/dewlt (2585),Stanley Black & Decker,DEWALT®,,DCGG581B,,,"DEWALT®, Grease Gun, DCGG581B",GREASE GUN 20 V,"DEWALT®, DCGG581B, Grease Gun","DEWALT® Grease Gun, 20 V","DEWALT®, Grease Gun",,,,,,,,,,,,,,,,,,,,,,,,,,,Grease Gun,Series,,,Model,,,Item Type,,,Voltage Rating,20,V,Amperage Rating,,,Dimensions,,,Mounting Type,,,Material,,,Color,,,Sound Level,,,Additional Information,,,,,,,,,,,,,,,,,,,,,,,,,,,,,,,,,,,,,,,,,,,,,,,,,,,,,,,,,,,,,,,,,,,,,,,,,,,,,,,,,,,,,,,,,,,,,,,,,,,,,,,,,,,,,,,,,,,,,,,,,,,,,,1,EA,,,,,,,,,,,,,,,,,,,,,,,,,,,,,,,,,,,,,US,No,No
https://www.dewalt.com/product/DCGG581GD1,,,,,,DCGG581GD1,,,,DCGG581GD1,DCGG581GD1,DCGG581GD1 Dewalt 20V Grease Gun 2-Speed Kit,-- Unbranded --,-- No Unilog Brand --,-- No DIB Brand --,Black & Decker/dewlt (2585),Stanley Black & Decker,DEWALT®,,DCGG581GD1,,,"DEWALT®, Grease Gun, DCGG581GD1",GREASE GUN 20 V,"DEWALT®, DCGG581GD1, Grease Gun","DEWALT® Grease Gun, 20 V","DEWALT®, Grease Gun",,,,,,,,,,,,,,,,,,,,,,,,,,,Grease Gun,Series,,,Model,,,Item Type,,,Voltage Rating,20,V,Amperage Rating,,,Dimensions,,,Mounting Type,,,Material,,,Color,,,Sound Level,,,Additional Information,,,,,,,,,,,,,,,,,,,,,,,,,,,,,,,,,,,,,,,,,,,,,,,,,,,,,,,,,,,,,,,,,,,,,,,,,,,,,,,,,,,,,,,,,,,,,,,,,,,,,,,,,,,,,,,,,,,,,,,,,,,,,,1,EA,,,,,,,,,,,,,,,,,,,,,,,,,,,,,,,,,,,,,US,No,No
https://www.dewalt.com/product/DWST41092,,,,,,DWST41092,,,,DWST41092,DWST41092,"DWST41092 Dewalt Tool Chest 41"" Bottom",-- Unbranded --,-- No Unilog Brand --,-- No DIB Brand --,Black & Decker/dewlt (2585),Stanley Black & Decker,DEWALT®,,DWST41092,,,"DEWALT®, Tool Chest, DWST41092",TOOL CHEST 41 IN,"DEWALT®, DWST41092, Tool Chest","DEWALT® Tool Chest, 41 in","DEWALT®, Tool Chest",,,,,,,,,,,,,,,,,,,,,,,,,,,Tool Chest,Series,,,Model,,,Item Type,,,Voltage Rating,,,Amperage Rating,,,Dimensions,41,in,Mounting Type,,,Material,,,Color,,,Sound Level,,,Additional Information,,,,,,,,,,,,,,,,,,,,,,,,,,,,,,,,,,,,,,,,,,,,,,,,,,,,,,,,,,,,,,,,,,,,,,,,,,,,,,,,,,,,,,,,,,,,,,,,,,,,,,,,,,,,,,,,,,,,,,,,,,,,,,1,EA,,,,,,,,,,,,,,,,,,,,,,,,,,,,,,,,,,,,,US,No,No
,,,,,,156436WHT,,,,156436WHT,156436WHT,156436 Wh 4x4x120 Post Wrap,-- Unbranded --,-- No Unilog Brand --,-- No DIB Brand --,Palmer Donavin Mfg Company (PALDO),Palmer Donavin Mfg Company,Palmer Donavin Mfg Company,,156436WHT,,,"Palmer Donavin Mfg Company, Post Wrap, 156436WHT",POST WRAP 4X4X120,"Palmer Donavin Mfg Company, 156436WHT, Post Wrap","Palmer Donavin Mfg Company Post Wrap, 4x4x120","Palmer Donavin Mfg Company, Post Wrap",,,,,,,,,,,,,,,,,,,,,,,,,,,Post Wrap,Series,,,Model,,,Item Type,,,Voltage Rating,,,Amperage Rating,,,Dimensions,4x4x120,,Mounting Type,,,Material,,,Color,,,Sound Level,,,Additional Information,,,,,,,,,,,,,,,,,,,,,,,,,,,,,,,,,,,,,,,,,,,,,,,,,,,,,,,,,,,,,,,,,,,,,,,,,,,,,,,,,,,,,,,,,,,,,,,,,,,,,,,,,,,,,,,,,,,,,,,,,,,,,,1,EA,,,,,,,,,,,,,,,,,,,,,,,,,,,,,,,,,,,,,US,No,No
,,,,,,173950TBK,,,,173950TBK,173950TBK,"4""x8'-6"" DSI SQ Black Alum Post Wrap",-- Unbranded --,-- No Unilog Brand --,-- No DIB Brand --,Palmer Donavin Mfg Company (PALDO),Palmer Donavin Mfg Company,Palmer Donavin Mfg Company,,173950TBK,,,"Palmer Donavin Mfg Company, Post Wrap, 173950TBK, Aluminum",POST WRAP ALUM 4 INX8,"Palmer Donavin Mfg Company, 173950TBK, Post Wrap, Aluminum, Black","Palmer Donavin Mfg Company Post Wrap, 4 inx8, Aluminum, Black","Palmer Donavin Mfg Company, Post Wrap, Aluminum, Black",,,,,,,,,,,,,,,,,,,,,,,,,,,Post Wrap,Series,,,Model,,,Item Type,,,Voltage Rating,,,Amperage Rating,,,Dimensions,4 inx8,,Mounting Type,,,Material,Aluminum,,Color,Black,,Sound Level,,,Additional Information,,,,,,,,,,,,,,,DSI,DSI,,Length,"8'-6""",,,,,,,,,,,,,,,,,,,,,,,,,,,,,,,,,,,,,,,,,,,,,,,,,,,,,,,,,,,,,,,,,,,,,,,,,,,,,,,,,,,,,,,,,,,,,,,,,,,,,,,,,,,1,EA,,,,,,,,,,,,,,,,,,,,,,,,,,,,,,,,,,,,,US,No,No
,,,,,,173951TBK,,,,173951TBK,173951TBK,"6""x8'-6"" DSI SQ Black Alum Post Wrap",-- Unbranded --,-- No Unilog Brand --,-- No DIB Brand --,Palmer Donavin Mfg Company (PALDO),Palmer Donavin Mfg Company,Palmer Donavin Mfg Company,,173951TBK,,,"Palmer Donavin Mfg Company, Post Wrap, 173951TBK, Aluminum",POST WRAP ALUM 6 INX8,"Palmer Donavin Mfg Company, 173951TBK, Post Wrap, Aluminum, Black","Palmer Donavin Mfg Company Post Wrap, 6 inx8, Aluminum, Black","Palmer Donavin Mfg Company, Post Wrap, Aluminum, Black",,,,,,,,,,,,,,,,,,,,,,,,,,,Post Wrap,Series,,,Model,,,Item Type,,,Voltage Rating,,,Amperage Rating,,,Dimensions,6 inx8,,Mounting Type,,,Material,Aluminum,,Color,Black,,Sound Level,,,Additional Information,,,,,,,,,,,,,,,DSI,DSI,,Length,"8'-6""",,,,,,,,,,,,,,,,,,,,,,,,,,,,,,,,,,,,,,,,,,,,,,,,,,,,,,,,,,,,,,,,,,,,,,,,,,,,,,,,,,,,,,,,,,,,,,,,,,,,,,,,,,,1,EA,,,,,,,,,,,,,,,,,,,,,,,,,,,,,,,,,,,,,US,No,No
,,,,,,173952TBK,,,,173952TBK,173952TBK,"6""x10' DSI SQ Black Alum Post Wrap",-- Unbranded --,-- No Unilog Brand --,-- No DIB Brand --,Palmer Donavin Mfg Company (PALDO),Palmer Donavin Mfg Company,Palmer Donavin Mfg Company,,173952TBK,,,"Palmer Donavin Mfg Company, Post Wrap, 173952TBK, Aluminum",POST WRAP ALUM 6 INX10,"Palmer Donavin Mfg Company, 173952TBK, Post Wrap, Aluminum","Palmer Donavin Mfg Company Post Wrap, 6 inx10, Aluminum","Palmer Donavin Mfg Company, Post Wrap, Aluminum",,,,,,,,,,,,,,,,,,,,,,,,,,,Post Wrap,Series,,,Model,,,Item Type,,,Voltage Rating,,,Amperage Rating,,,Dimensions,6 inx10,,Mounting Type,,,Material,Aluminum,,Color,,,Sound Level,,,Additional Information,,,,,,,,,,,,,,,DSI,DSI,,SQ,Square,,Black,Black,,Wrap,Wrap,,,,,,,,,,,,,,,,,,,,,,,,,,,,,,,,,,,,,,,,,,,,,,,,,,,,,,,,,,,,,,,,,,,,,,,,,,,,,,,,,,,,,,,,,,,,,,,,,,,,,1,EA,,,,,,,,,,,,,,,,,,,,,,,,,,,,,,,,,,,,,US,No,No
https://www.boschtools.com/product/1624157,,,,,,1624157,,,,1624157,1624157,TW52 WH INSIDE CAS VIN WRAPPED,-- Unbranded --,-- No Unilog Brand --,-- No DIB Brand --,-,Robert Bosch GmbH,BOSCH®,,1624157,,,"BOSCH®, Light Bulb, 1624157",LIGHT BULB 120 TW52,"BOSCH®, 1624157, Light Bulb","BOSCH® Light Bulb, 120 V, TW52","BOSCH®, Light Bulb",,,,,,,,,,,,,,,,,,,,,,,,,,,Light Bulb,Series,,,Model,,,Item Type,,,Voltage Rating,120,,Amperage Rating,,,Dimensions,TW52,,Mounting Type,,,Material,,,Color,,,Sound Level,,,Additional Information,,,,,,,,,,,,,,,,,,,,,,,,,,,,,,,,,,,,,,,,,,,,,,,,,,,,,,,,,,,,,,,,,,,,,,,,,,,,,,,,,,,,,,,,,,,,,,,,,,,,,,,,,,,,,,,,,,,,,,,,,,,,,,1,EA,,,,,,,,,,,,,,,,,,,,,,,,,,,,,,,,,,,,,US,No,No
https://www.boschtools.com/product/40025,,,,,,40025,,,,40025,40025,40025 TS-54 Wal-Board T-Square 009-008,-- Unbranded --,-- No Unilog Brand --,-- No DIB Brand --,Marshalltown Trowel (5155),Robert Bosch GmbH,BOSCH®,,40025,,,"BOSCH®, T-Square, 40025",T-SQUARE,"BOSCH®, 40025, T-Square",BOSCH® T-Square,"BOSCH®, T-Square",,,,,,,,,,,,,,,,,,,,,,,,,,,T-Square,Series,,,Model,,,Item Type,,,Voltage Rating,,,Amperage Rating,,,Dimensions,,,Mounting Type,,,Material,,,Color,,,Sound Level,,,Additional Information,,,,,,,,,,,,,,,,,,,,,,,,,,,,,,,,,,,,,,,,,,,,,,,,,,,,,,,,,,,,,,,,,,,,,,,,,,,,,,,,,,,,,,,,,,,,,,,,,,,,,,,,,,,,,,,,,,,,,,,,,,,,,,1,EA,,,,,,,,,,,,,,,,,,,,,,,,,,,,,,,,,,,,,US,No,No
https://www.milwaukeetool.com/product/48-22-3301,,,,,,48-22-3301,,,,48-22-3301,48-22-3301,48-22-3301 Milw Mechanical Pencil w/ Lead Pack,-- Unbranded --,-- No Unilog Brand --,-- No DIB Brand --,Milwaukee Accessory (4031),Milwaukee Electric Tool Corporation,MILWAUKEE®,,48-22-3301,,,"MILWAUKEE®, Mechanical Pencil, 48-22-3301",MECHANICAL PENCIL,"MILWAUKEE®, 48-22-3301, Mechanical Pencil",MILWAUKEE® Mechanical Pencil,"MILWAUKEE®, Mechanical Pencil",,,,,,,,,,,,,,,,,,,,,,,,,,,Mechanical Pencil,Series,,,Model,,,Item Type,,,Voltage Rating,,,Amperage Rating,,,Dimensions,,,Mounting Type,,,Material,,,Color,,,Sound Level,,,Additional Information,,,,,,,,,,,,,,,Manufacturer,MILWAUKEE,,Catalog Category,General Commercial,,,,,,,,,,,,,,,,,,,,,,,,,,,,,,,,,,,,,,,,,,,,,,,,,,,,,,,,,,,,,,,,,,,,,,,,,,,,,,,,,,,,,,,,,,,,,,,,,,,,,,,,,,,1,EA,,,,,,,,,,,,,,,,,,,,,,,,,,,,,,,,,,,,,US,No,No
https://www.milwaukeetool.com/product/48-22-3302,,,,,,48-22-3302,,,,48-22-3302,48-22-3302,48-22-3302 Milw Mechanical Pencil Replacement Lead,-- Unbranded --,-- No Unilog Brand --,-- No DIB Brand --,Milwaukee Accessory (4031),Milwaukee Electric Tool Corporation,MILWAUKEE®,,48-22-3302,,,"MILWAUKEE®, Light Bulb, 48-22-3302, Graphite",LIGHT BULB GRAPHITE,"MILWAUKEE®, 48-22-3302, Light Bulb, Graphite","MILWAUKEE® Light Bulb, Graphite","MILWAUKEE®, Light Bulb, Graphite",,,,,,,,,,,,,,,,,,,,,,,,,,,Light Bulb,Series,,,Model,,,Item Type,,,Voltage Rating,,,Amperage Rating,,,Dimensions,,,Mounting Type,,,Material,Graphite,,Color,,,Sound Level,,,Additional Information,,,,,,,,,,,,,,,,,,,,,,,,,,,,,,,,,,,,,,,,,,,,,,,,,,,,,,,,,,,,,,,,,,,,,,,,,,,,,,,,,,,,,,,,,,,,,,,,,,,,,,,,,,,,,,,,,,,,,,,,,,,,,,1,EA,,,,,,,,,,,,,,,,,,,,,,,,,,,,,,,,,,,,,US,No,No
https://www.milwaukeetool.com/product/48-22-3303,,,,,,48-22-3303,,,,48-22-3303,48-22-3303,48-22-3303 Milw Mechanical Pencil Replacement Lead-Color,-- Unbranded --,-- No Unilog Brand --,-- No DIB Brand --,Milwaukee Accessory (4031),Milwaukee Electric Tool Corporation,MILWAUKEE®,,48-22-3303,,,"MILWAUKEE®, Light Bulb, 48-22-3303",LIGHT BULB,"MILWAUKEE®, 48-22-3303, Light Bulb",MILWAUKEE® Light Bulb,"MILWAUKEE®, Light Bulb",,,,,,,,,,,,,,,,,,,,,,,,,,,Light Bulb,Series,,,Model,,,Item Type,,,Voltage Rating,,,Amperage Rating,,,Dimensions,,,Mounting Type,,,Material,,,Color,,,Sound Level,,,Additional Information,,,,,,,,,,,,,,,,,,,,,,,,,,,,,,,,,,,,,,,,,,,,,,,,,,,,,,,,,,,,,,,,,,,,,,,,,,,,,,,,,,,,,,,,,,,,,,,,,,,,,,,,,,,,,,,,,,,,,,,,,,,,,,1,EA,,,,,,,,,,,,,,,,,,,,,,,,,,,,,,,,,,,,,US,No,No
https://www.edgeeyewear.com/product/TSDKAP218-G2,,,,,,TSDKAP218-G2,,,,TSDKAP218-G2,TSDKAP218-G2,TSDKAP218-G2 Edge Safety - Khor Black Frame Polarized,-- Unbranded --,-- No Unilog Brand --,-- No DIB Brand --,Edge Eyewear Inc (EDGSA),Edge Eyewear,EDGE SAFETY®,,TSDKAP218-G2,,,"EDGE SAFETY®, Safety Glasses, TSDKAP218-G2",SAFETY GLASSES,"EDGE SAFETY®, TSDKAP218-G2, Safety Glasses",EDGE SAFETY® Safety Glasses,"EDGE SAFETY®, Safety Glasses",,,,,,,,,,,,,,,,,,,,,,,,,,,Safety Glasses,Series,,,Model,,,Item Type,,,Voltage Rating,,,Amperage Rating,,,Dimensions,,,Mounting Type,,,Material,,,Color,,,Sound Level,,,Additional Information,,,,,,,,,,,,,,,Manufacturer,EDGE SAFETY,,Catalog Category,General Commercial,,,,,,,,,,,,,,,,,,,,,,,,,,,,,,,,,,,,,,,,,,,,,,,,,,,,,,,,,,,,,,,,,,,,,,,,,,,,,,,,,,,,,,,,,,,,,,,,,,,,,,,,,,,1,EA,,,,,,,,,,,,,,,,,,,,,,,,,,,,,,,,,,,,,US,No,No
https://www.edgeeyewear.com/product/XPAP418,,,,,,XPAP418,,,,XPAP418,XPAP418,XPAP418 Edge Safety Glasses - Pumori Black Frame,-- Unbranded --,-- No Unilog Brand --,-- No DIB Brand --,Edge Eyewear Inc (EDGSA),Edge Eyewear,EDGE SAFETY®,,XPAP418,,,"EDGE SAFETY®, Safety Glasses, XPAP418",SAFETY GLASSES,"EDGE SAFETY®, XPAP418, Safety Glasses",EDGE SAFETY® Safety Glasses,"EDGE SAFETY®, Safety Glasses",,,,,,,,,,,,,,,,,,,,,,,,,,,Safety Glasses,Series,,,Model,,,Item Type,,,Voltage Rating,,,Amperage Rating,,,Dimensions,,,Mounting Type,,,Material,,,Color,,,Sound Level,,,Additional Information,,,,,,,,,,,,,,,,,,,,,,,,,,,,,,,,,,,,,,,,,,,,,,,,,,,,,,,,,,,,,,,,,,,,,,,,,,,,,,,,,,,,,,,,,,,,,,,,,,,,,,,,,,,,,,,,,,,,,,,,,,,,,,1,EA,,,,,,,,,,,,,,,,,,,,,,,,,,,,,,,,,,,,,US,No,No
https://www.edgeeyewear.com/product/XDAP419,,,,,,XDAP419,,,,XDAP419,XDAP419,XDAP419 Edge Safety Glasses - Dawson Black Frame Red Lenses,-- Unbranded --,-- No Unilog Brand --,-- No DIB Brand --,Edge Eyewear Inc (EDGSA),Edge Eyewear,EDGE SAFETY®,,XDAP419,,,"EDGE SAFETY®, Safety Glasses, XDAP419",SAFETY GLASSES,"EDGE SAFETY®, XDAP419, Safety Glasses",EDGE SAFETY® Safety Glasses,"EDGE SAFETY®, Safety Glasses",,,,,,,,,,,,,,,,,,,,,,,,,,,Safety Glasses,Series,,,Model,,,Item Type,,,Voltage Rating,,,Amperage Rating,,,Dimensions,,,Mounting Type,,,Material,,,Color,,,Sound Level,,,Additional Information,,,,,,,,,,,,,,,,,,,,,,,,,,,,,,,,,,,,,,,,,,,,,,,,,,,,,,,,,,,,,,,,,,,,,,,,,,,,,,,,,,,,,,,,,,,,,,,,,,,,,,,,,,,,,,,,,,,,,,,,,,,,,,1,EA,,,,,,,,,,,,,,,,,,,,,,,,,,,,,,,,,,,,,US,No,No
https://www.edgeeyewear.com/product/XB11PCVS,,,,,,XB11PCVS,,,,XB11PCVS,XB11PCVS,XB11PCVS Edge Safety Glasses - Photochromic Lense,-- Unbranded --,-- No Unilog Brand --,-- No DIB Brand --,Edge Eyewear Inc (EDGSA),Edge Eyewear,EDGE SAFETY®,,XB11PCVS,,,"EDGE SAFETY®, Safety Glasses, XB11PCVS",SAFETY GLASSES,"EDGE SAFETY®, XB11PCVS, Safety Glasses",EDGE SAFETY® Safety Glasses,"EDGE SAFETY®, Safety Glasses",,,,,,,,,,,,,,,,,,,,,,,,,,,Safety Glasses,Series,,,Model,,,Item Type,,,Voltage Rating,,,Amperage Rating,,,Dimensions,,,Mounting Type,,,Material,,,Color,,,Sound Level,,,Additional Information,,,,,,,,,,,,,,,photochromic_lense,true,,supplier_manufacturer,EDGE SAFETY,,,,,,,,,,,,,,,,,,,,,,,,,,,,,,,,,,,,,,,,,,,,,,,,,,,,,,,,,,,,,,,,,,,,,,,,,,,,,,,,,,,,,,,,,,,,,,,,,,,,,,,,,,,1,EA,,,,,,,,,,,,,,,,,,,,,,,,,,,,,,,,,,,,,US,No,No
https://www.edgeeyewear.com/product/KB121VS,,,,,,KB121VS,,,,KB121VS,KB121VS,KB121VS Edge Safety Glasses - Kabru Black Frame,-- Unbranded --,-- No Unilog Brand --,-- No DIB Brand --,Edge Eyewear Inc (EDGSA),Edge Eyewear,EDGE SAFETY®,,KB121VS,,,"EDGE SAFETY®, Safety Glasses, KB121VS",SAFETY GLASSES,"EDGE SAFETY®, KB121VS, Safety Glasses",EDGE SAFETY® Safety Glasses,"EDGE SAFETY®, Safety Glasses",,,,,,,,,,,,,,,,,,,,,,,,,,,Safety Glasses,Series,,,Model,,,Item Type,,,Voltage Rating,,,Amperage Rating,,,Dimensions,,,Mounting Type,,,Material,,,Color,,,Sound Level,,,Additional Information,,,,,,,,,,,,,,,,,,,,,,,,,,,,,,,,,,,,,,,,,,,,,,,,,,,,,,,,,,,,,,,,,,,,,,,,,,,,,,,,,,,,,,,,,,,,,,,,,,,,,,,,,,,,,,,,,,,,,,,,,,,,,,1,EA,,,,,,,,,,,,,,,,,,,,,,,,,,,,,,,,,,,,,US,No,No
https://www.edgeeyewear.com/product/KB126VS,,,,,,KB126VS,,,,KB126VS,KB126VS,KB126VS Edge Safety Glasses - Kabru Black Frame,-- Unbranded --,-- No Unilog Brand --,-- No DIB Brand --,Edge Eyewear Inc (EDGSA),Edge Eyewear,EDGE SAFETY®,,KB126VS,,,"EDGE SAFETY®, Safety Glasses, KB126VS",SAFETY GLASSES,"EDGE SAFETY®, KB126VS, Safety Glasses",EDGE SAFETY® Safety Glasses,"EDGE SAFETY®, Safety Glasses",,,,,,,,,,,,,,,,,,,,,,,,,,,Safety Glasses,Series,,,Model,,,Item Type,,,Voltage Rating,,,Amperage Rating,,,Dimensions,,,Mounting Type,,,Material,,,Color,,,Sound Level,,,Additional Information,,,,,,,,,,,,,,,,,,,,,,,,,,,,,,,,,,,,,,,,,,,,,,,,,,,,,,,,,,,,,,,,,,,,,,,,,,,,,,,,,,,,,,,,,,,,,,,,,,,,,,,,,,,,,,,,,,,,,,,,,,,,,,1,EA,,,,,,,,,,,,,,,,,,,,,,,,,,,,,,,,,,,,,US,No,No
https://www.edgeeyewear.com/product/TC121VS,,,,,,TC121VS,,,,TC121VS,TC121VS,TC121VS Edge Safety Glasses - Tacana Black Frame,-- Unbranded --,-- No Unilog Brand --,-- No DIB Brand --,Edge Eyewear Inc (EDGSA),Edge Eyewear,EDGE SAFETY®,,TC121VS,,,"EDGE SAFETY®, Safety Glasses, TC121VS",SAFETY GLASSES,"EDGE SAFETY®, TC121VS, Safety Glasses",EDGE SAFETY® Safety Glasses,"EDGE SAFETY®, Safety Glasses",,,,,,,,,,,,,,,,,,,,,,,,,,,Safety Glasses,Series,,,Model,,,Item Type,,,Voltage Rating,,,Amperage Rating,,,Dimensions,,,Mounting Type,,,Material,,,Color,,,Sound Level,,,Additional Information,,,,,,,,,,,,,,,,,,,,,,,,,,,,,,,,,,,,,,,,,,,,,,,,,,,,,,,,,,,,,,,,,,,,,,,,,,,,,,,,,,,,,,,,,,,,,,,,,,,,,,,,,,,,,,,,,,,,,,,,,,,,,,1,EA,,,,,,,,,,,,,,,,,,,,,,,,,,,,,,,,,,,,,US,No,No
https://www.edgeeyewear.com/product/TC126VS,,,,,,TC126VS,,,,TC126VS,TC126VS,TC126VS Edge Safety Glasses - Tacana Black Frame,-- Unbranded --,-- No Unilog Brand --,-- No DIB Brand --,Edge Eyewear Inc (EDGSA),Edge Eyewear,EDGE SAFETY®,,TC126VS,,,"EDGE SAFETY®, Safety Glasses, TC126VS",SAFETY GLASSES,"EDGE SAFETY®, TC126VS, Safety Glasses",EDGE SAFETY® Safety Glasses,"EDGE SAFETY®, Safety Glasses",,,,,,,,,,,,,,,,,,,,,,,,,,,Safety Glasses,Series,,,Model,,,Item Type,,,Voltage Rating,,,Amperage Rating,,,Dimensions,,,Mounting Type,,,Material,,,Color,,,Sound Level,,,Additional Information,,,,,,,,,,,,,,,,,,,,,,,,,,,,,,,,,,,,,,,,,,,,,,,,,,,,,,,,,,,,,,,,,,,,,,,,,,,,,,,,,,,,,,,,,,,,,,,,,,,,,,,,,,,,,,,,,,,,,,,,,,,,,,1,EA,,,,,,,,,,,,,,,,,,,,,,,,,,,,,,,,,,,,,US,No,No
https://www.edgeeyewear.com/product/MK113MPAP,,,,,,MK113MPAP,,,,MK113MPAP,MK113MPAP,MK113MPAP Edge Safety Glasses - Makalu Black Frame Polarized,-- Unbranded --,-- No Unilog Brand --,-- No DIB Brand --,Edge Eyewear Inc (EDGSA),Edge Eyewear,EDGE SAFETY®,,MK113MPAP,,,"EDGE SAFETY®, Safety Glasses, MK113MPAP",SAFETY GLASSES,"EDGE SAFETY®, MK113MPAP, Safety Glasses",EDGE SAFETY® Safety Glasses,"EDGE SAFETY®, Safety Glasses",,,,,,,,,,,,,,,,,,,,,,,,,,,Safety Glasses,Series,,,Model,,,Item Type,,,Voltage Rating,,,Amperage Rating,,,Dimensions,,,Mounting Type,,,Material,,,Color,,,Sound Level,,,Additional Information,,,,,,,,,,,,,,,frame_color,Makalu Black,,lens_type,Polarized,,product_line,Edge Safety Glasses,,,,,,,,,,,,,,,,,,,,,,,,,,,,,,,,,,,,,,,,,,,,,,,,,,,,,,,,,,,,,,,,,,,,,,,,,,,,,,,,,,,,,,,,,,,,,,,,,,,,,,,,1,EA,,,,,,,,,,,,,,,,,,,,,,,,,,,,,,,,,,,,,US,No,No
https://www.edgeeyewear.com/product/LS117MPAP,,,,,,LS117MPAP,,,,LS117MPAP,LS117MPAP,LS117MPAP Edge Safety Glasses - Lassen Black Frame Polarized,-- Unbranded --,-- No Unilog Brand --,-- No DIB Brand --,Edge Eyewear Inc (EDGSA),Edge Eyewear,EDGE SAFETY®,,LS117MPAP,,,"EDGE SAFETY®, Safety Glasses, LS117MPAP",SAFETY GLASSES,"EDGE SAFETY®, LS117MPAP, Safety Glasses",EDGE SAFETY® Safety Glasses,"EDGE SAFETY®, Safety Glasses",,,,,,,,,,,,,,,,,,,,,,,,,,,Safety Glasses,Series,,,Model,,,Item Type,,,Voltage Rating,,,Amperage Rating,,,Dimensions,,,Mounting Type,,,Material,,,Color,,,Sound Level,,,Additional Information,,,,,,,,,,,,,,,Frame Color,Black,,Lens Type,Polarized,,Safety Standard,ANSI Z87.1,,Category,General Commercial,,,,,,,,,,,,,,,,,,,,,,,,,,,,,,,,,,,,,,,,,,,,,,,,,,,,,,,,,,,,,,,,,,,,,,,,,,,,,,,,,,,,,,,,,,,,,,,,,,,,,1,EA,,,,,,,,,,,,,,,,,,,,,,,,,,,,,,,,,,,,,US,No,No
,,,,,,FE-EFX-6L,,,,FE-EFX-6L,FE-EFX-6L,FEEFX6L Lith Fire Extinguisher,-- Unbranded --,-- No Unilog Brand --,-- No DIB Brand --,Ohio Firewatch Protection Inc (HOLFS),Ohio Firewatch Protection Inc,Ohio Firewatch Protection Inc,,FE-EFX-6L,,,"Ohio Firewatch Protection Inc, Fire Extinguisher, FE-EFX-6L",FIRE EXTINGUISHER,"Ohio Firewatch Protection Inc, FE-EFX-6L, Fire Extinguisher",Ohio Firewatch Protection Inc Fire Extinguisher,"Ohio Firewatch Protection Inc, Fire Extinguisher",,,,,,,,,,,,,,,,,,,,,,,,,,,Fire Extinguisher,Series,,,Model,,,Item Type,,,Voltage Rating,,,Amperage Rating,,,Dimensions,,,Mounting Type,,,Material,,,Color,,,Sound Level,,,Additional Information,,,,,,,,,,,,,,,Manufacturer Part Number,FE-EFX-6L,,Supplier / Manufacturer,Ohio Firewatch Protection Inc,,Catalog Category,General Commercial,,,,,,,,,,,,,,,,,,,,,,,,,,,,,,,,,,,,,,,,,,,,,,,,,,,,,,,,,,,,,,,,,,,,,,,,,,,,,,,,,,,,,,,,,,,,,,,,,,,,,,,,1,EA,,,,,,,,,,,,,,,,,,,,,,,,,,,,,,,,,,,,,US,No,No
,,,,,,FE-EFX-9L,,,,FE-EFX-9L,FE-EFX-9L,FEEFX9L Lith Fire Extinguisher,-- Unbranded --,-- No Unilog Brand --,-- No DIB Brand --,Ohio Firewatch Protection Inc (HOLFS),Ohio Firewatch Protection Inc,Ohio Firewatch Protection Inc,,FE-EFX-9L,,,"Ohio Firewatch Protection Inc, Commercial Product, FE-EFX-9L",COMMERCIAL PRODUCT,"Ohio Firewatch Protection Inc, FE-EFX-9L, Commercial Product",Ohio Firewatch Protection Inc Commercial Product,"Ohio Firewatch Protection Inc, Commercial Product",,,,,,,,,,,,,,,,,,,,,,,,,,,"Ohio Firewatch Protection Inc, Commercial Product",Series,,,Model,,,Item Type,,,Voltage Rating,,,Amperage Rating,,,Dimensions,,,Mounting Type,,,Material,,,Color,,,Sound Level,,,Additional Information,,,,,,,,,,,,,,,,,,,,,,,,,,,,,,,,,,,,,,,,,,,,,,,,,,,,,,,,,,,,,,,,,,,,,,,,,,,,,,,,,,,,,,,,,,,,,,,,,,,,,,,,,,,,,,,,,,,,,,,,,,,,,,1,EA,,,,,,,,,,,,,,,,,,,,,,,,,,,,,,,,,,,,,US,No,No
,,,,,,1046793,,,,1046793,1046793,1046793 Smoke & CO Alarm,-- Unbranded --,-- No Unilog Brand --,-- No DIB Brand --,First Alert - B R K Brands (2754),First Alert - B R K Brands,First Alert - B R K Brands,,1046793,,,"First Alert - B R K Brands, Smoke & CO Alarm, 1046793",SMOKE & CO ALARM,"First Alert - B R K Brands, 1046793, Smoke & CO Alarm",First Alert - B R K Brands Smoke & CO Alarm,"First Alert - B R K Brands, Smoke & CO Alarm",,,,,,,,,,,,,,,,,,,,,,,,,,,Smoke & CO Alarm,Series,,,Model,,,Item Type,,,Voltage Rating,,,Amperage Rating,,,Dimensions,,,Mounting Type,,,Material,,,Color,,,Sound Level,,,Additional Information,,,,,,,,,,,,,,,,,,,,,,,,,,,,,,,,,,,,,,,,,,,,,,,,,,,,,,,,,,,,,,,,,,,,,,,,,,,,,,,,,,,,,,,,,,,,,,,,,,,,,,,,,,,,,,,,,,,,,,,,,,,,,,1,EA,,,,,,,,,,,,,,,,,,,,,,,,,,,,,,,,,,,,,US,No,No
,,,,,,1046870,,,,1046870,1046870,1046870 Smoke & CO Alarm,-- Unbranded --,-- No Unilog Brand --,-- No DIB Brand --,First Alert - B R K Brands (2754),First Alert - B R K Brands,First Alert - B R K Brands,,1046870,,,"First Alert - B R K Brands, Smoke & CO Alarm, 1046870",SMOKE & CO ALARM,"First Alert - B R K Brands, 1046870, Smoke & CO Alarm",First Alert - B R K Brands Smoke & CO Alarm,"First Alert - B R K Brands, Smoke & CO Alarm",,,,,,,,,,,,,,,,,,,,,,,,,,,Smoke & CO Alarm,Series,,,Model,,,Item Type,,,Voltage Rating,,,Amperage Rating,,,Dimensions,,,Mounting Type,,,Material,,,Color,,,Sound Level,,,Additional Information,,,,,,,,,,,,,,,,,,,,,,,,,,,,,,,,,,,,,,,,,,,,,,,,,,,,,,,,,,,,,,,,,,,,,,,,,,,,,,,,,,,,,,,,,,,,,,,,,,,,,,,,,,,,,,,,,,,,,,,,,,,,,,1,EA,,,,,,,,,,,,,,,,,,,,,,,,,,,,,,,,,,,,,US,No,No
https://www.milwaukeetool.com/product/M701B-21L,,,,,,M701B-21L,,,,M701B-21L,M701B-21L,M701B-21L Milw L Black Heated Work Glove Liners,-- Unbranded --,-- No Unilog Brand --,-- No DIB Brand --,Milwaukee Accessory (4031),Milwaukee Electric Tool Corporation,MILWAUKEE®,,M701B-21L,,,"MILWAUKEE®, Work Glove Liners, M701B-21L",WORK GLOVE LINERS,"MILWAUKEE®, M701B-21L, Work Glove Liners",MILWAUKEE® Work Glove Liners,"MILWAUKEE®, Work Glove Liners",,,,,,,,,,,,,,,,,,,,,,,,,,,Work Glove Liners,Series,,,Model,,,Item Type,,,Voltage Rating,,,Amperage Rating,,,Dimensions,,,Mounting Type,,,Material,,,Color,,,Sound Level,,,Additional Information,,,,,,,,,,,,,,,,,,,,,,,,,,,,,,,,,,,,,,,,,,,,,,,,,,,,,,,,,,,,,,,,,,,,,,,,,,,,,,,,,,,,,,,,,,,,,,,,,,,,,,,,,,,,,,,,,,,,,,,,,,,,,,1,EA,,,,,,,,,,,,,,,,,,,,,,,,,,,,,,,,,,,,,US,No,No
https://www.milwaukeetool.com/product/M701B-21M,,,,,,M701B-21M,,,,M701B-21M,M701B-21M,M701B-21M Milw M Black Heated Work Glove Liners,-- Unbranded --,-- No Unilog Brand --,-- No DIB Brand --,Milwaukee Accessory (4031),Milwaukee Electric Tool Corporation,MILWAUKEE®,,M701B-21M,,,"MILWAUKEE®, Work Glove Liners, M701B-21M",WORK GLOVE LINERS,"MILWAUKEE®, M701B-21M, Work Glove Liners",MILWAUKEE® Work Glove Liners,"MILWAUKEE®, Work Glove Liners",,,,,,,,,,,,,,,,,,,,,,,,,,,Work Glove Liners,Series,,,Model,,,Item Type,,,Voltage Rating,,,Amperage Rating,,,Dimensions,,,Mounting Type,,,Material,,,Color,,,Sound Level,,,Additional Information,,,,,,,,,,,,,,,,,,,,,,,,,,,,,,,,,,,,,,,,,,,,,,,,,,,,,,,,,,,,,,,,,,,,,,,,,,,,,,,,,,,,,,,,,,,,,,,,,,,,,,,,,,,,,,,,,,,,,,,,,,,,,,1,EA,,,,,,,,,,,,,,,,,,,,,,,,,,,,,,,,,,,,,US,No,No
https://www.ustape.com/product/M701B-21S,,,,,,M701B-21S,,,,M701B-21S,M701B-21S,M701B-21S Milw S Black Heated Work Glove Liners,-- Unbranded --,-- No Unilog Brand --,-- No DIB Brand --,Milwaukee Accessory (4031),U.S. Tape Company,U.S. TAPE®,,M701B-21S,,,"U.S. TAPE®, Work Glove Liners, M701B-21S, Black",WORK GLOVE LINERS BLACK,"U.S. TAPE®, M701B-21S, Work Glove Liners, Black","U.S. TAPE® Work Glove Liners, Black","U.S. TAPE®, Work Glove Liners, Black",,,,,,,,,,,,,,,,,,,,,,,,,,,Work Glove Liners,Series,,,Model,,,Item Type,,,Voltage Rating,,,Amperage Rating,,,Dimensions,,,Mounting Type,,,Material,Black,,Color,,,Sound Level,,,Additional Information,,,,,,,,,,,,,,,,,,,,,,,,,,,,,,,,,,,,,,,,,,,,,,,,,,,,,,,,,,,,,,,,,,,,,,,,,,,,,,,,,,,,,,,,,,,,,,,,,,,,,,,,,,,,,,,,,,,,,,,,,,,,,,1,EA,,,,,,,,,,,,,,,,,,,,,,,,,,,,,,,,,,,,,US,No,No
https://www.milwaukeetool.com/product/M701B-21XL,,,,,,M701B-21XL,,,,M701B-21XL,M701B-21XL,M701B-21XL Milw XL Black Heated Work Glove Liners,-- Unbranded --,-- No Unilog Brand --,-- No DIB Brand --,Milwaukee Accessory (4031),Milwaukee Electric Tool Corporation,MILWAUKEE®,,M701B-21XL,,,"MILWAUKEE®, Heated Work Glove Liners, M701B-21XL",HEATED WORK GLOVE LINERS,"MILWAUKEE®, M701B-21XL, Heated Work Glove Liners",MILWAUKEE® Heated Work Glove Liners,"MILWAUKEE®, Heated Work Glove Liners",,,,,,,,,,,,,,,,,,,,,,,,,,,Heated Work Glove Liners,Series,,,Model,,,Item Type,,,Voltage Rating,,,Amperage Rating,,,Dimensions,,,Mounting Type,,,Material,,,Color,,,Sound Level,,,Additional Information,,,,,,,,,,,,,,,,,,,,,,,,,,,,,,,,,,,,,,,,,,,,,,,,,,,,,,,,,,,,,,,,,,,,,,,,,,,,,,,,,,,,,,,,,,,,,,,,,,,,,,,,,,,,,,,,,,,,,,,,,,,,,,1,EA,,,,,,,,,,,,,,,,,,,,,,,,,,,,,,,,,,,,,US,No,No
,,,,,,MWUG42010124,,,,MWUG42010124,MWUG42010124,UTW Pro Heated Glove Blk XS,-- Unbranded --,-- No Unilog Brand --,-- No DIB Brand --,Tech Gear 5.7 Inc (TECGE),Tech Gear 5.7 Inc,Tech Gear 5.7 Inc,,MWUG42010124,,,"Tech Gear 5.7 Inc, Light Bulb, MWUG42010124",LIGHT BULB,"Tech Gear 5.7 Inc, MWUG42010124, Light Bulb",Tech Gear 5.7 Inc Light Bulb,"Tech Gear 5.7 Inc, Light Bulb",,,,,,,,,,,,,,,,,,,,,,,,,,,Light Bulb,Series,,,Model,,,Item Type,,,Voltage Rating,,,Amperage Rating,,,Dimensions,,,Mounting Type,,,Material,,,Color,,,Sound Level,,,Additional Information,,,,,,,,,,,,,,,,,,,,,,,,,,,,,,,,,,,,,,,,,,,,,,,,,,,,,,,,,,,,,,,,,,,,,,,,,,,,,,,,,,,,,,,,,,,,,,,,,,,,,,,,,,,,,,,,,,,,,,,,,,,,,,1,EA,,,,,,,,,,,,,,,,,,,,,,,,,,,,,,,,,,,,,US,No,No
,,,,,,MWUG42010224,,,,MWUG42010224,MWUG42010224,UTW Pro Heated Glove Blk SM,-- Unbranded --,-- No Unilog Brand --,-- No DIB Brand --,Tech Gear 5.7 Inc (TECGE),Tech Gear 5.7 Inc,Tech Gear 5.7 Inc,,MWUG42010224,,,"Tech Gear 5.7 Inc, Light Bulb, MWUG42010224",LIGHT BULB,"Tech Gear 5.7 Inc, MWUG42010224, Light Bulb",Tech Gear 5.7 Inc Light Bulb,"Tech Gear 5.7 Inc, Light Bulb",,,,,,,,,,,,,,,,,,,,,,,,,,,Light Bulb,Series,,,Model,,,Item Type,,,Voltage Rating,,,Amperage Rating,,,Dimensions,,,Mounting Type,,,Material,,,Color,,,Sound Level,,,Additional Information,,,,,,,,,,,,,,,,,,,,,,,,,,,,,,,,,,,,,,,,,,,,,,,,,,,,,,,,,,,,,,,,,,,,,,,,,,,,,,,,,,,,,,,,,,,,,,,,,,,,,,,,,,,,,,,,,,,,,,,,,,,,,,1,EA,,,,,,,,,,,,,,,,,,,,,,,,,,,,,,,,,,,,,US,No,No
,,,,,,MWUG42010324,,,,MWUG42010324,MWUG42010324,UTW Pro Heated Glove Blk MD,-- Unbranded --,-- No Unilog Brand --,-- No DIB Brand --,Tech Gear 5.7 Inc (TECGE),Tech Gear 5.7 Inc,Tech Gear 5.7 Inc,,MWUG42010324,,,"Tech Gear 5.7 Inc, Light Bulb, MWUG42010324",LIGHT BULB,"Tech Gear 5.7 Inc, MWUG42010324, Light Bulb",Tech Gear 5.7 Inc Light Bulb,"Tech Gear 5.7 Inc, Light Bulb",,,,,,,,,,,,,,,,,,,,,,,,,,,Light Bulb,Series,,,Model,,,Item Type,,,Voltage Rating,,,Amperage Rating,,,Dimensions,,,Mounting Type,,,Material,,,Color,,,Sound Level,,,Additional Information,,,,,,,,,,,,,,,,,,,,,,,,,,,,,,,,,,,,,,,,,,,,,,,,,,,,,,,,,,,,,,,,,,,,,,,,,,,,,,,,,,,,,,,,,,,,,,,,,,,,,,,,,,,,,,,,,,,,,,,,,,,,,,1,EA,,,,,,,,,,,,,,,,,,,,,,,,,,,,,,,,,,,,,US,No,No
,,,,,,MWUG42010424,,,,MWUG42010424,MWUG42010424,UTW Pro Heated Glove Blk LG,-- Unbranded --,-- No Unilog Brand --,-- No DIB Brand --,Tech Gear 5.7 Inc (TECGE),Tech Gear 5.7 Inc,Tech Gear 5.7 Inc,,MWUG42010424,,,"Tech Gear 5.7 Inc, Light Bulb, MWUG42010424",LIGHT BULB,"Tech Gear 5.7 Inc, MWUG42010424, Light Bulb",Tech Gear 5.7 Inc Light Bulb,"Tech Gear 5.7 Inc, Light Bulb",,,,,,,,,,,,,,,,,,,,,,,,,,,Light Bulb,Series,,,Model,,,Item Type,,,Voltage Rating,,,Amperage Rating,,,Dimensions,,,Mounting Type,,,Material,,,Color,,,Sound Level,,,Additional Information,,,,,,,,,,,,,,,,,,,,,,,,,,,,,,,,,,,,,,,,,,,,,,,,,,,,,,,,,,,,,,,,,,,,,,,,,,,,,,,,,,,,,,,,,,,,,,,,,,,,,,,,,,,,,,,,,,,,,,,,,,,,,,1,EA,,,,,,,,,,,,,,,,,,,,,,,,,,,,,,,,,,,,,US,No,No
,,,,,,MWUG42010524,,,,MWUG42010524,MWUG42010524,UTW Pro Heated Glove Blk XL,-- Unbranded --,-- No Unilog Brand --,-- No DIB Brand --,Tech Gear 5.7 Inc (TECGE),Tech Gear 5.7 Inc,Tech Gear 5.7 Inc,,MWUG42010524,,,"Tech Gear 5.7 Inc, Light Bulb, MWUG42010524",LIGHT BULB,"Tech Gear 5.7 Inc, MWUG42010524, Light Bulb",Tech Gear 5.7 Inc Light Bulb,"Tech Gear 5.7 Inc, Light Bulb",,,,,,,,,,,,,,,,,,,,,,,,,,,Light Bulb,Series,,,Model,,,Item Type,,,Voltage Rating,,,Amperage Rating,,,Dimensions,,,Mounting Type,,,Material,,,Color,,,Sound Level,,,Additional Information,,,,,,,,,,,,,,,,,,,,,,,,,,,,,,,,,,,,,,,,,,,,,,,,,,,,,,,,,,,,,,,,,,,,,,,,,,,,,,,,,,,,,,,,,,,,,,,,,,,,,,,,,,,,,,,,,,,,,,,,,,,,,,1,EA,,,,,,,,,,,,,,,,,,,,,,,,,,,,,,,,,,,,,US,No,No
,,,,,,MWUG42010624,,,,MWUG42010624,MWUG42010624,UTW Pro Heated Glove Blk 2X,-- Unbranded --,-- No Unilog Brand --,-- No DIB Brand --,Tech Gear 5.7 Inc (TECGE),Tech Gear 5.7 Inc,Tech Gear 5.7 Inc,,MWUG42010624,,,"Tech Gear 5.7 Inc, Light Bulb, MWUG42010624",LIGHT BULB,"Tech Gear 5.7 Inc, MWUG42010624, Light Bulb",Tech Gear 5.7 Inc Light Bulb,"Tech Gear 5.7 Inc, Light Bulb",,,,,,,,,,,,,,,,,,,,,,,,,,,Light Bulb,Series,,,Model,,,Item Type,,,Voltage Rating,,,Amperage Rating,,,Dimensions,,,Mounting Type,,,Material,,,Color,,,Sound Level,,,Additional Information,,,,,,,,,,,,,,,,,,,,,,,,,,,,,,,,,,,,,,,,,,,,,,,,,,,,,,,,,,,,,,,,,,,,,,,,,,,,,,,,,,,,,,,,,,,,,,,,,,,,,,,,,,,,,,,,,,,,,,,,,,,,,,1,EA,,,,,,,,,,,,,,,,,,,,,,,,,,,,,,,,,,,,,US,No,No
,,,,,,MWUG36010225,,,,MWUG36010225,MWUG36010225,MWUG36010225 BLK SM Aerial Snow Heated Glove,-- Unbranded --,-- No Unilog Brand --,-- No DIB Brand --,Tech Gear 5.7 Inc (TECGE),Tech Gear 5.7 Inc,Tech Gear 5.7 Inc,,MWUG36010225,,,"Tech Gear 5.7 Inc, Heated Glove, MWUG36010225",HEATED GLOVE,"Tech Gear 5.7 Inc, MWUG36010225, Heated Glove",Tech Gear 5.7 Inc Heated Glove,"Tech Gear 5.7 Inc, Heated Glove",,,,,,,,,,,,,,,,,,,,,,,,,,,Heated Glove,Series,,,Model,,,Item Type,,,Voltage Rating,,,Amperage Rating,,,Dimensions,,,Mounting Type,,,Material,,,Color,BLK,,Sound Level,,,Additional Information,,,,,,,,,,,,,,,category,General Commercial,,,,,,,,,,,,,,,,,,,,,,,,,,,,,,,,,,,,,,,,,,,,,,,,,,,,,,,,,,,,,,,,,,,,,,,,,,,,,,,,,,,,,,,,,,,,,,,,,,,,,,,,,,,,,,1,EA,,,,,,,,,,,,,,,,,,,,,,,,,,,,,,,,,,,,,US,No,No
,,,,,,MWUG36010325,,,,MWUG36010325,MWUG36010325,MWUG36010325 BLK MD Aerial Snow Heated Glove,-- Unbranded --,-- No Unilog Brand --,-- No DIB Brand --,Tech Gear 5.7 Inc (TECGE),Tech Gear 5.7 Inc,Tech Gear 5.7 Inc,,MWUG36010325,,,"Tech Gear 5.7 Inc, Commercial Product, MWUG36010325",COMMERCIAL PRODUCT,"Tech Gear 5.7 Inc, MWUG36010325, Commercial Product",Tech Gear 5.7 Inc Commercial Product,"Tech Gear 5.7 Inc, Commercial Product",,,,,,,,,,,,,,,,,,,,,,,,,,,"Tech Gear 5.7 Inc, Commercial Product",Series,,,Model,,,Item Type,,,Voltage Rating,,,Amperage Rating,,,Dimensions,,,Mounting Type,,,Material,,,Color,,,Sound Level,,,Additional Information,,,,,,,,,,,,,,,description,BLK MD Aerial Snow Heated Glove,,supplier,Tech Gear 5.7 Inc,,category,General Commercial,,,,,,,,,,,,,,,,,,,,,,,,,,,,,,,,,,,,,,,,,,,,,,,,,,,,,,,,,,,,,,,,,,,,,,,,,,,,,,,,,,,,,,,,,,,,,,,,,,,,,,,,1,EA,,,,,,,,,,,,,,,,,,,,,,,,,,,,,,,,,,,,,US,No,No
,,,,,,MWUG36010425,,,,MWUG36010425,MWUG36010425,MWUG36010425 BLK LG Aerial Snow Heated Glove,-- Unbranded --,-- No Unilog Brand --,-- No DIB Brand --,Tech Gear 5.7 Inc (TECGE),Tech Gear 5.7 Inc,Tech Gear 5.7 Inc,,MWUG36010425,,,"Tech Gear 5.7 Inc, Commercial Product, MWUG36010425",COMMERCIAL PRODUCT,"Tech Gear 5.7 Inc, MWUG36010425, Commercial Product",Tech Gear 5.7 Inc Commercial Product,"Tech Gear 5.7 Inc, Commercial Product",,,,,,,,,,,,,,,,,,,,,,,,,,,"Tech Gear 5.7 Inc, Commercial Product",Series,,,Model,,,Item Type,,,Voltage Rating,,,Amperage Rating,,,Dimensions,,,Mounting Type,,,Material,,,Color,,,Sound Level,,,Additional Information,,,,,,,,,,,,,,,,,,,,,,,,,,,,,,,,,,,,,,,,,,,,,,,,,,,,,,,,,,,,,,,,,,,,,,,,,,,,,,,,,,,,,,,,,,,,,,,,,,,,,,,,,,,,,,,,,,,,,,,,,,,,,,1,EA,,,,,,,,,,,,,,,,,,,,,,,,,,,,,,,,,,,,,US,No,No
,,,,,,MWUG36010525,,,,MWUG36010525,MWUG36010525,MWUG36010525 BLK XL Aerial Snow Heated Glove,-- Unbranded --,-- No Unilog Brand --,-- No DIB Brand --,Tech Gear 5.7 Inc (TECGE),Tech Gear 5.7 Inc,Tech Gear 5.7 Inc,,MWUG36010525,,,"Tech Gear 5.7 Inc, Light Bulb, MWUG36010525",LIGHT BULB,"Tech Gear 5.7 Inc, MWUG36010525, Light Bulb",Tech Gear 5.7 Inc Light Bulb,"Tech Gear 5.7 Inc, Light Bulb",,,,,,,,,,,,,,,,,,,,,,,,,,,Light Bulb,Series,,,Model,,,Item Type,,,Voltage Rating,,,Amperage Rating,,,Dimensions,,,Mounting Type,,,Material,,,Color,,,Sound Level,,,Additional Information,,,,,,,,,,,,,,,,,,,,,,,,,,,,,,,,,,,,,,,,,,,,,,,,,,,,,,,,,,,,,,,,,,,,,,,,,,,,,,,,,,,,,,,,,,,,,,,,,,,,,,,,,,,,,,,,,,,,,,,,,,,,,,1,EA,,,,,,,,,,,,,,,,,,,,,,,,,,,,,,,,,,,,,US,No,No
,,,,,,MWUG36010625,,,,MWUG36010625,MWUG36010625,MWUG36010625 BLK 2X Aerial Snow Heated Glove,-- Unbranded --,-- No Unilog Brand --,-- No DIB Brand --,Tech Gear 5.7 Inc (TECGE),Tech Gear 5.7 Inc,Tech Gear 5.7 Inc,,MWUG36010625,,,"Tech Gear 5.7 Inc, Heated Glove, MWUG36010625",HEATED GLOVE,"Tech Gear 5.7 Inc, MWUG36010625, Heated Glove",Tech Gear 5.7 Inc Heated Glove,"Tech Gear 5.7 Inc, Heated Glove",,,,,,,,,,,,,,,,,,,,,,,,,,,Heated Glove,Series,,,Model,,,Item Type,,,Voltage Rating,,,Amperage Rating,,,Dimensions,2X,,Mounting Type,,,Material,,,Color,BLK,,Sound Level,,,Additional Information,,,,,,,,,,,,,,,description,Aerial Snow Heated Glove,,,,,,,,,,,,,,,,,,,,,,,,,,,,,,,,,,,,,,,,,,,,,,,,,,,,,,,,,,,,,,,,,,,,,,,,,,,,,,,,,,,,,,,,,,,,,,,,,,,,,,,,,,,,,,1,EA,,,,,,,,,,,,,,,,,,,,,,,,,,,,,,,,,,,,,US,No,No
https://www.dewalt.com/product/DPG15,,,,,,DPG15,,,,DPG15,DPG15,DPG15 Dewalt AM/FM Hearing Protector,-- Unbranded --,-- No Unilog Brand --,-- No DIB Brand --,Radians (7363),Stanley Black & Decker,DEWALT®,,DPG15,,,"DEWALT®, Hearing Protector, DPG15",HEARING PROTECTOR,"DEWALT®, DPG15, Hearing Protector",DEWALT® Hearing Protector,"DEWALT®, Hearing Protector",,,,,,,,,,,,,,,,,,,,,,,,,,,Hearing Protector,Series,,,Model,,,Item Type,,,Voltage Rating,,,Amperage Rating,,,Dimensions,,,Mounting Type,,,Material,,,Color,,,Sound Level,,,Additional Information,,,,,,,,,,,,,,,,,,,,,,,,,,,,,,,,,,,,,,,,,,,,,,,,,,,,,,,,,,,,,,,,,,,,,,,,,,,,,,,,,,,,,,,,,,,,,,,,,,,,,,,,,,,,,,,,,,,,,,,,,,,,,,1,EA,,,,,,,,,,,,,,,,,,,,,,,,,,,,,,,,,,,,,US,No,No
https://www.milwaukeetool.com/product/F200B-21L,,,,,,F200B-21L,,,,F200B-21L,F200B-21L,F200B-21L Milw M12 Womens - BLK Heated Hoodie Kit L,-- Unbranded --,-- No Unilog Brand --,-- No DIB Brand --,Milwaukee Accessory (4031),Milwaukee Electric Tool Corporation,MILWAUKEE®,,F200B-21L,,,"MILWAUKEE®, Commercial Product, F200B-21L",COMMERCIAL PRODUCT,"MILWAUKEE®, F200B-21L, Commercial Product",MILWAUKEE® Commercial Product,"MILWAUKEE®, Commercial Product",,,,,,,,,,,,,,,,,,,,,,,,,,,"MILWAUKEE®, Commercial Product",Series,,,Model,,,Item Type,,,Voltage Rating,,,Amperage Rating,,,Dimensions,,,Mounting Type,,,Material,,,Color,,,Sound Level,,,Additional Information,,,,,,,,,,,,,,,,,,,,,,,,,,,,,,,,,,,,,,,,,,,,,,,,,,,,,,,,,,,,,,,,,,,,,,,,,,,,,,,,,,,,,,,,,,,,,,,,,,,,,,,,,,,,,,,,,,,,,,,,,,,,,,1,EA,,,,,,,,,,,,,,,,,,,,,,,,,,,,,,,,,,,,,US,No,No
https://www.milwaukeetool.com/product/F200B-21M,,,,,,F200B-21M,,,,F200B-21M,F200B-21M,F200B-21M Milw M12 Womens - BLK Heated Hoodie Kit M,-- Unbranded --,-- No Unilog Brand --,-- No DIB Brand --,Milwaukee Accessory (4031),Milwaukee Electric Tool Corporation,MILWAUKEE®,,F200B-21M,,,"MILWAUKEE®, Commercial Product, F200B-21M",COMMERCIAL PRODUCT,"MILWAUKEE®, F200B-21M, Commercial Product",MILWAUKEE® Commercial Product,"MILWAUKEE®, Commercial Product",,,,,,,,,,,,,,,,,,,,,,,,,,,"MILWAUKEE®, Commercial Product",Series,,,Model,,,Item Type,,,Voltage Rating,,,Amperage Rating,,,Dimensions,,,Mounting Type,,,Material,,,Color,,,Sound Level,,,Additional Information,,,,,,,,,,,,,,,,,,,,,,,,,,,,,,,,,,,,,,,,,,,,,,,,,,,,,,,,,,,,,,,,,,,,,,,,,,,,,,,,,,,,,,,,,,,,,,,,,,,,,,,,,,,,,,,,,,,,,,,,,,,,,,1,EA,,,,,,,,,,,,,,,,,,,,,,,,,,,,,,,,,,,,,US,No,No
https://www.milwaukeetool.com/product/M200B-21L,,,,,,M200B-21L,,,,M200B-21L,M200B-21L,M200B-21L Milw M12 BLK - Heated Hoodie Kit L,-- Unbranded --,-- No Unilog Brand --,-- No DIB Brand --,Milwaukee Accessory (4031),Milwaukee Electric Tool Corporation,MILWAUKEE®,,M200B-21L,,,"MILWAUKEE®, Heated Hoodie Kit, M200B-21L",HEATED HOODIE KIT,"MILWAUKEE®, M200B-21L, Heated Hoodie Kit",MILWAUKEE® Heated Hoodie Kit,"MILWAUKEE®, Heated Hoodie Kit",,,,,,,,,,,,,,,,,,,,,,,,,,,Heated Hoodie Kit,Series,,,Model,,,Item Type,,,Voltage Rating,,,Amperage Rating,,,Dimensions,,,Mounting Type,,,Material,,,Color,,,Sound Level,,,Additional Information,,,,,,,,,,,,,,,,,,,,,,,,,,,,,,,,,,,,,,,,,,,,,,,,,,,,,,,,,,,,,,,,,,,,,,,,,,,,,,,,,,,,,,,,,,,,,,,,,,,,,,,,,,,,,,,,,,,,,,,,,,,,,,1,EA,,,,,,,,,,,,,,,,,,,,,,,,,,,,,,,,,,,,,US,No,No
https://www.milwaukeetool.com/product/M200B-21M,,,,,,M200B-21M,,,,M200B-21M,M200B-21M,M200B-21M Milw M12 BLK - Heated Hoodie Kit M,-- Unbranded --,-- No Unilog Brand --,-- No DIB Brand --,Milwaukee Accessory (4031),Milwaukee Electric Tool Corporation,MILWAUKEE®,,M200B-21M,,,"MILWAUKEE®, Heated Hoodie Kit, M200B-21M",HEATED HOODIE KIT,"MILWAUKEE®, M200B-21M, Heated Hoodie Kit",MILWAUKEE® Heated Hoodie Kit,"MILWAUKEE®, Heated Hoodie Kit",,,,,,,,,,,,,,,,,,,,,,,,,,,Heated Hoodie Kit,Series,,,Model,,,Item Type,,,Voltage Rating,,,Amperage Rating,,,Dimensions,,,Mounting Type,,,Material,,,Color,,,Sound Level,,,Additional Information,,,,,,,,,,,,,,,,,,,,,,,,,,,,,,,,,,,,,,,,,,,,,,,,,,,,,,,,,,,,,,,,,,,,,,,,,,,,,,,,,,,,,,,,,,,,,,,,,,,,,,,,,,,,,,,,,,,,,,,,,,,,,,1,EA,,,,,,,,,,,,,,,,,,,,,,,,,,,,,,,,,,,,,US,No,No
https://www.milwaukeetool.com/product/M200B-21XL,,,,,,M200B-21XL,,,,M200B-21XL,M200B-21XL,M200B-21XL Milw M12 BLK - Heated Hoodie Kit XL,-- Unbranded --,-- No Unilog Brand --,-- No DIB Brand --,Milwaukee Accessory (4031),Milwaukee Electric Tool Corporation,MILWAUKEE®,,M200B-21XL,,,"MILWAUKEE®, Heated Hoodie Kit, M200B-21XL",HEATED HOODIE KIT,"MILWAUKEE®, M200B-21XL, Heated Hoodie Kit",MILWAUKEE® Heated Hoodie Kit,"MILWAUKEE®, Heated Hoodie Kit",,,,,,,,,,,,,,,,,,,,,,,,,,,Heated Hoodie Kit,Series,,,Model,,,Item Type,,,Voltage Rating,,,Amperage Rating,,,Dimensions,,,Mounting Type,,,Material,,,Color,,,Sound Level,,,Additional Information,,,,,,,,,,,,,,,Manufacturer Part Number,M200B-21XL,,Supplier / Manufacturer,MILWAUKEE,,Catalog Category,General Commercial,,,,,,,,,,,,,,,,,,,,,,,,,,,,,,,,,,,,,,,,,,,,,,,,,,,,,,,,,,,,,,,,,,,,,,,,,,,,,,,,,,,,,,,,,,,,,,,,,,,,,,,,1,EA,,,,,,,,,,,,,,,,,,,,,,,,,,,,,,,,,,,,,US,No,No
https://www.milwaukeetool.com/product/M200G-21L,,,,,,M200G-21L,,,,M200G-21L,M200G-21L,M200G-21L Milw M12 Gray - Heated Hoodie Kit L,-- Unbranded --,-- No Unilog Brand --,-- No DIB Brand --,Milwaukee Accessory (4031),Milwaukee Electric Tool Corporation,MILWAUKEE®,,M200G-21L,,,"MILWAUKEE®, Heated Hoodie Kit, M200G-21L",HEATED HOODIE KIT,"MILWAUKEE®, M200G-21L, Heated Hoodie Kit",MILWAUKEE® Heated Hoodie Kit,"MILWAUKEE®, Heated Hoodie Kit",,,,,,,,,,,,,,,,,,,,,,,,,,,Heated Hoodie Kit,Series,,,Model,,,Item Type,,,Voltage Rating,,,Amperage Rating,,,Dimensions,,,Mounting Type,,,Material,,,Color,,,Sound Level,,,Additional Information,,,,,,,,,,,,,,,,,,,,,,,,,,,,,,,,,,,,,,,,,,,,,,,,,,,,,,,,,,,,,,,,,,,,,,,,,,,,,,,,,,,,,,,,,,,,,,,,,,,,,,,,,,,,,,,,,,,,,,,,,,,,,,1,EA,,,,,,,,,,,,,,,,,,,,,,,,,,,,,,,,,,,,,US,No,No
https://www.milwaukeetool.com/product/M200G-21M,,,,,,M200G-21M,,,,M200G-21M,M200G-21M,M200G-21M Milw M12 Gray - Heated Hoodie Kit M,-- Unbranded --,-- No Unilog Brand --,-- No DIB Brand --,Milwaukee Accessory (4031),Milwaukee Electric Tool Corporation,MILWAUKEE®,,M200G-21M,,,"MILWAUKEE®, Heated Hoodie Kit, M200G-21M",HEATED HOODIE KIT,"MILWAUKEE®, M200G-21M, Heated Hoodie Kit",MILWAUKEE® Heated Hoodie Kit,"MILWAUKEE®, Heated Hoodie Kit",,,,,,,,,,,,,,,,,,,,,,,,,,,Heated Hoodie Kit,Series,,,Model,,,Item Type,,,Voltage Rating,,,Amperage Rating,,,Dimensions,,,Mounting Type,,,Material,,,Color,,,Sound Level,,,Additional Information,,,,,,,,,,,,,,,,,,,,,,,,,,,,,,,,,,,,,,,,,,,,,,,,,,,,,,,,,,,,,,,,,,,,,,,,,,,,,,,,,,,,,,,,,,,,,,,,,,,,,,,,,,,,,,,,,,,,,,,,,,,,,,1,EA,,,,,,,,,,,,,,,,,,,,,,,,,,,,,,,,,,,,,US,No,No
https://www.milwaukeetool.com/product/M200G-21XL,,,,,,M200G-21XL,,,,M200G-21XL,M200G-21XL,M200G-21XL Milw M12 Gray - Heated Hoodie Kit XL,-- Unbranded --,-- No Unilog Brand --,-- No DIB Brand --,Milwaukee Accessory (4031),Milwaukee Electric Tool Corporation,MILWAUKEE®,,M200G-21XL,,,"MILWAUKEE®, Heated Hoodie Kit, M200G-21XL",HEATED HOODIE KIT,"MILWAUKEE®, M200G-21XL, Heated Hoodie Kit",MILWAUKEE® Heated Hoodie Kit,"MILWAUKEE®, Heated Hoodie Kit",,,,,,,,,,,,,,,,,,,,,,,,,,,Heated Hoodie Kit,Series,,,Model,,,Item Type,,,Voltage Rating,,,Amperage Rating,,,Dimensions,,,Mounting Type,,,Material,,,Color,,,Sound Level,,,Additional Information,,,,,,,,,,,,,,,Manufacturer Part Number,M200G-21XL,,Supplier / Manufacturer,MILWAUKEE,,Catalog Category,General Commercial,,,,,,,,,,,,,,,,,,,,,,,,,,,,,,,,,,,,,,,,,,,,,,,,,,,,,,,,,,,,,,,,,,,,,,,,,,,,,,,,,,,,,,,,,,,,,,,,,,,,,,,,1,EA,,,,,,,,,,,,,,,,,,,,,,,,,,,,,,,,,,,,,US,No,No
https://www.milwaukeetool.com/product/48-11-2330,,,,,,48-11-2330,,,,48-11-2330,48-11-2330,48-11-2330 Milw Heated Gear Power Source,-- Unbranded --,-- No Unilog Brand --,-- No DIB Brand --,Milwaukee Accessory (4031),Milwaukee Electric Tool Corporation,MILWAUKEE®,,48-11-2330,,,"MILWAUKEE®, Power Source, 48-11-2330",POWER SOURCE,"MILWAUKEE®, 48-11-2330, Power Source",MILWAUKEE® Power Source,"MILWAUKEE®, Power Source",,,,,,,,,,,,,,,,,,,,,,,,,,,Power Source,Series,,,Model,,,Item Type,,,Voltage Rating,,,Amperage Rating,,,Dimensions,,,Mounting Type,,,Material,,,Color,,,Sound Level,,,Additional Information,,,,,,,,,,,,,,,,,,,,,,,,,,,,,,,,,,,,,,,,,,,,,,,,,,,,,,,,,,,,,,,,,,,,,,,,,,,,,,,,,,,,,,,,,,,,,,,,,,,,,,,,,,,,,,,,,,,,,,,,,,,,,,1,EA,,,,,,,,,,,,,,,,,,,,,,,,,,,,,,,,,,,,,US,No,No
https://www.diablotools.com/product/DCBP250C,,,,,,DCBP250C,,,,DCBP250C,DCBP250C,DCBP520C Dewalt Starter Kit,-- Unbranded --,-- No Unilog Brand --,-- No DIB Brand --,Black & Decker/dewlt (2585),Freud Tools / Robert Bosch Tool Corporation,DIABLO®,,DCBP250C,,,"DIABLO®, Drill Bit, DCBP250C",DRILL BIT,"DIABLO®, DCBP250C, Drill Bit",DIABLO® Drill Bit,"DIABLO®, Drill Bit",,,,,,,,,,,,,,,,,,,,,,,,,,,Drill Bit,Series,,,Model,,,Item Type,,,Voltage Rating,,,Amperage Rating,,,Dimensions,,,Mounting Type,,,Material,,,Color,,,Sound Level,,,Additional Information,,,,,,,,,,,,,,,,,,,,,,,,,,,,,,,,,,,,,,,,,,,,,,,,,,,,,,,,,,,,,,,,,,,,,,,,,,,,,,,,,,,,,,,,,,,,,,,,,,,,,,,,,,,,,,,,,,,,,,,,,,,,,,1,EA,,,,,,,,,,,,,,,,,,,,,,,,,,,,,,,,,,,,,US,No,No
,,,,,,5328,,,,5328,5328,5328 Lg. Leather Phone Holster - Clip-on,-- Unbranded --,-- No Unilog Brand --,-- No DIB Brand --,-,-,-,,5328,,,"-, Phone Holster, 5328",PHONE HOLSTER,"-, 5328, Phone Holster",- Phone Holster,"-, Phone Holster",,,,,,,,,,,,,,,,,,,,,,,,,,,Phone Holster,Series,,,Model,,,Item Type,,,Voltage Rating,,,Amperage Rating,,,Dimensions,,,Mounting Type,,,Material,,,Color,,,Sound Level,,,Additional Information,,,,,,,,,,,,,,,,,,,,,,,,,,,,,,,,,,,,,,,,,,,,,,,,,,,,,,,,,,,,,,,,,,,,,,,,,,,,,,,,,,,,,,,,,,,,,,,,,,,,,,,,,,,,,,,,,,,,,,,,,,,,,,1,EA,,,,,,,,,,,,,,,,,,,,,,,,,,,,,,,,,,,,,US,No,No
https://www.kleintools.com/product/3200-20,,,,,,3200-20,,,,3200-20,3200-20,3200-20 Milw Voltage Detector,-- Unbranded --,-- No Unilog Brand --,-- No DIB Brand --,Milwaukee Accessory (4031),Klein Tools Inc.,KLEIN TOOLS®,,3200-20,,,"KLEIN TOOLS®, Voltage Detector, 3200-20",VOLTAGE DETECTOR,"KLEIN TOOLS®, 3200-20, Voltage Detector",KLEIN TOOLS® Voltage Detector,"KLEIN TOOLS®, Voltage Detector",,,,,,,,,,,,,,,,,,,,,,,,,,,Voltage Detector,Series,,,Model,,,Item Type,,,Voltage Rating,,,Amperage Rating,,,Dimensions,,,Mounting Type,,,Material,,,Color,,,Sound Level,,,Additional Information,,,,,,,,,,,,,,,,,,,,,,,,,,,,,,,,,,,,,,,,,,,,,,,,,,,,,,,,,,,,,,,,,,,,,,,,,,,,,,,,,,,,,,,,,,,,,,,,,,,,,,,,,,,,,,,,,,,,,,,,,,,,,,1,EA,,,,,,,,,,,,,,,,,,,,,,,,,,,,,,,,,,,,,US,No,No
https://www.kleintools.com/product/3202-20,,,,,,3202-20,,,,3202-20,3202-20,3202-20 Milw Voltage Detector w/ LED,-- Unbranded --,-- No Unilog Brand --,-- No DIB Brand --,Milwaukee Accessory (4031),Klein Tools Inc.,KLEIN TOOLS®,,3202-20,,,"KLEIN TOOLS®, Voltage Detector, 3202-20",VOLTAGE DETECTOR,"KLEIN TOOLS®, 3202-20, Voltage Detector",KLEIN TOOLS® Voltage Detector,"KLEIN TOOLS®, Voltage Detector",,,,,,,,,,,,,,,,,,,,,,,,,,,Voltage Detector,Series,,,Model,,,Item Type,,,Voltage Rating,,,Amperage Rating,,,Dimensions,,,Mounting Type,,,Material,,,Color,,,Sound Level,,,Additional Information,,,,,,,,,,,,,,,,,,,,,,,,,,,,,,,,,,,,,,,,,,,,,,,,,,,,,,,,,,,,,,,,,,,,,,,,,,,,,,,,,,,,,,,,,,,,,,,,,,,,,,,,,,,,,,,,,,,,,,,,,,,,,,1,EA,,,,,,,,,,,,,,,,,,,,,,,,,,,,,,,,,,,,,US,No,No
https://www.kleintools.com/product/3203-20,,,,,,3203-20,,,,3203-20,3203-20,3203-20 Milw Dual Range Voltage Detector w/ LED,-- Unbranded --,-- No Unilog Brand --,-- No DIB Brand --,Milwaukee Accessory (4031),Klein Tools Inc.,KLEIN TOOLS®,,3203-20,,,"KLEIN TOOLS®, Voltage Detector, 3203-20",VOLTAGE DETECTOR,"KLEIN TOOLS®, 3203-20, Voltage Detector",KLEIN TOOLS® Voltage Detector,"KLEIN TOOLS®, Voltage Detector",,,,,,,,,,,,,,,,,,,,,,,,,,,Voltage Detector,Series,,,Model,,,Item Type,,,Voltage Rating,,,Amperage Rating,,,Dimensions,,,Mounting Type,,,Material,,,Color,,,Sound Level,,,Additional Information,,,,,,,,,,,,,,,,,,,,,,,,,,,,,,,,,,,,,,,,,,,,,,,,,,,,,,,,,,,,,,,,,,,,,,,,,,,,,,,,,,,,,,,,,,,,,,,,,,,,,,,,,,,,,,,,,,,,,,,,,,,,,,1,EA,,,,,,,,,,,,,,,,,,,,,,,,,,,,,,,,,,,,,US,No,No
,,,,,,BC-12300,Tools & Hardware,Abrasives,Cutting Discs,BC-12300,BC-12300,"BC-12300 BigCal 12""/300mm",-- Unbranded --,-- No Unilog Brand --,-- No DIB Brand --,Woodpeckers Inc (WOODP),Woodpeckers Inc,Woodpeckers Inc,,BC-12300,,Tools & Hardware>Abrasives>Cutting & Grinding Discs,"Woodpeckers Inc, Cut-Off Disc, BC-12300",CUT-OFF DISC 300 MM,"Woodpeckers Inc, BC-12300, Cut-Off Disc","Woodpeckers Inc Cut-Off Disc, 300 mm","Woodpeckers Inc, Cut-Off Disc",,,,,,,,,,,,,,,,,,,,,,,,,,,Cut-Off Disc,Item Type,,,Dimensions,300 mm,,Grit,,,Arbor Size,,,Abrasive Material,,,Pack Quantity,,,Additional Information,,,,,,,,,,,,,,,,,,,,,,,,,,,,,,,,,,,,,,,,,,,,,,,,,,,,,,,,,,,,,,,,,,,,,,,,,,,,,,,,,,,,,,,,,,,,,,,,,,,,,,,,,,,,,,,,,,,,,,,,,,,,,,,,,,,,,,,,,,1,EA,,,,,,,,,,,,,,,,,,,,,,,,,,,,,,,,,,,,,US,No,No
,,,,,,BC-24600,Tools & Hardware,Abrasives,Cutting Discs,BC-24600,BC-24600,"BC-24600 BigCal 24""/600mm",-- Unbranded --,-- No Unilog Brand --,-- No DIB Brand --,Woodpeckers Inc (WOODP),Woodpeckers Inc,Woodpeckers Inc,,BC-24600,,Tools & Hardware>Abrasives>Cutting & Grinding Discs,"Woodpeckers Inc, Cut-Off Disc, BC-24600",CUT-OFF DISC 600 MM,"Woodpeckers Inc, BC-24600, Cut-Off Disc","Woodpeckers Inc Cut-Off Disc, 600 mm","Woodpeckers Inc, Cut-Off Disc",,,,,,,,,,,,,,,,,,,,,,,,,,,Cut-Off Disc,Item Type,,,Dimensions,600 mm,,Grit,,,Arbor Size,,,Abrasive Material,,,Pack Quantity,,,Additional Information,,,,,,,,,,,,,,,,,,,,,,,,,,,,,,,,,,,,,,,,,,,,,,,,,,,,,,,,,,,,,,,,,,,,,,,,,,,,,,,,,,,,,,,,,,,,,,,,,,,,,,,,,,,,,,,,,,,,,,,,,,,,,,,,,,,,,,,,,,1,EA,,,,,,,,,,,,,,,,,,,,,,,,,,,,,,,,,,,,,US,No,No
https://www.dewalt.com/product/DW08302CG,,,,,,DW08302CG,,,,DW08302CG,DW08302CG,DW08302CG Dewalt Laser - Green 3 Spot,-- Unbranded --,-- No Unilog Brand --,-- No DIB Brand --,Black & Decker/dewlt (2585),Stanley Black & Decker,DEWALT®,,DW08302CG,,,"DEWALT®, Laser, DW08302CG",LASER,"DEWALT®, DW08302CG, Laser",DEWALT® Laser,"DEWALT®, Laser",,,,,,,,,,,,,,,,,,,,,,,,,,,Laser,Series,,,Model,,,Item Type,,,Voltage Rating,,,Amperage Rating,,,Dimensions,,,Mounting Type,,,Material,,,Color,,,Sound Level,,,Additional Information,,,,,,,,,,,,,,,,,,,,,,,,,,,,,,,,,,,,,,,,,,,,,,,,,,,,,,,,,,,,,,,,,,,,,,,,,,,,,,,,,,,,,,,,,,,,,,,,,,,,,,,,,,,,,,,,,,,,,,,,,,,,,,1,EA,,,,,,,,,,,,,,,,,,,,,,,,,,,,,,,,,,,,,US,No,No
https://www.boschtools.com/product/GCL165-42GL,,,,,,GCL165-42GL,,,,GCL165-42GL,GCL165-42GL,GCL165--42GL Cross Line Laser,-- Unbranded --,-- No Unilog Brand --,-- No DIB Brand --,Robt Bosch Tool Corp (6564),Robert Bosch GmbH,BOSCH®,,GCL165-42GL,,,"BOSCH®, Cross Line Laser, GCL165-42GL",CROSS LINE LASER,"BOSCH®, GCL165-42GL, Cross Line Laser",BOSCH® Cross Line Laser,"BOSCH®, Cross Line Laser",,,,,,,,,,,,,,,,,,,,,,,,,,,Cross Line Laser,Series,,,Model,,,Item Type,,,Voltage Rating,,,Amperage Rating,,,Dimensions,,,Mounting Type,,,Material,,,Color,,,Sound Level,,,Additional Information,,,,,,,,,,,,,,,,,,,,,,,,,,,,,,,,,,,,,,,,,,,,,,,,,,,,,,,,,,,,,,,,,,,,,,,,,,,,,,,,,,,,,,,,,,,,,,,,,,,,,,,,,,,,,,,,,,,,,,,,,,,,,,1,EA,,,,,,,,,,,,,,,,,,,,,,,,,,,,,,,,,,,,,US,No,No
https://www.dewalt.com/product/DW08802CG,,,,,,DW08802CG,,,,DW08802CG,DW08802CG,DW08802CG Dewalt Laser Green - Self-Level Cross Line,-- Unbranded --,-- No Unilog Brand --,-- No DIB Brand --,Black & Decker/dewlt (2585),Stanley Black & Decker,DEWALT®,,DW08802CG,,,"DEWALT®, Laser Level, DW08802CG",LASER LEVEL,"DEWALT®, DW08802CG, Laser Level",DEWALT® Laser Level,"DEWALT®, Laser Level",,,,,,,,,,,,,,,,,,,,,,,,,,,Laser Level,Series,,,Model,,,Item Type,,,Voltage Rating,,,Amperage Rating,,,Dimensions,,,Mounting Type,,,Material,,,Color,,,Sound Level,,,Additional Information,,,,,,,,,,,,,,,Manufacturer Part Number,DW08802CG,,Supplier / Manufacturer,DEWALT®,,Catalog Category,General Commercial,,,,,,,,,,,,,,,,,,,,,,,,,,,,,,,,,,,,,,,,,,,,,,,,,,,,,,,,,,,,,,,,,,,,,,,,,,,,,,,,,,,,,,,,,,,,,,,,,,,,,,,,1,EA,,,,,,,,,,,,,,,,,,,,,,,,,,,,,,,,,,,,,US,No,No
https://www.dewalt.com/product/DW088CG,,,,,,DW088CG,,,,DW088CG,DW088CG,DW088CG Dewalt Laser - Green Cross Line,-- Unbranded --,-- No Unilog Brand --,-- No DIB Brand --,Black & Decker/dewlt (2585),Stanley Black & Decker,DEWALT®,,DW088CG,,,"DEWALT®, Laser, DW088CG",LASER,"DEWALT®, DW088CG, Laser",DEWALT® Laser,"DEWALT®, Laser",,,,,,,,,,,,,,,,,,,,,,,,,,,Laser,Series,,,Model,,,Item Type,,,Voltage Rating,,,Amperage Rating,,,Dimensions,,,Mounting Type,,,Material,,,Color,,,Sound Level,,,Additional Information,,,,,,,,,,,,,,,,,,,,,,,,,,,,,,,,,,,,,,,,,,,,,,,,,,,,,,,,,,,,,,,,,,,,,,,,,,,,,,,,,,,,,,,,,,,,,,,,,,,,,,,,,,,,,,,,,,,,,,,,,,,,,,1,EA,,,,,,,,,,,,,,,,,,,,,,,,,,,,,,,,,,,,,US,No,No
https://www.dewalt.com/product/DW089CG,,,,,,DW089CG,,,,DW089CG,DW089CG,DW089CG Dewalt Laser Level - 3 Line 30ft Range,-- Unbranded --,-- No Unilog Brand --,-- No DIB Brand --,Black & Decker/dewlt (2585),Stanley Black & Decker,DEWALT®,,DW089CG,,,"DEWALT®, Commercial Product, DW089CG",COMMERCIAL PRODUCT 30 FT,"DEWALT®, DW089CG, Commercial Product","DEWALT® Commercial Product, 30 ft","DEWALT®, Commercial Product",,,,,,,,,,,,,,,,,,,,,,,,,,,"DEWALT®, Commercial Product",Series,,,Model,,,Item Type,,,Voltage Rating,,,Amperage Rating,,,Dimensions,30 ft,,Mounting Type,,,Material,,,Color,,,Sound Level,,,Additional Information,,,,,,,,,,,,,,,Laser Type,Line Laser,,Range,30ft,,Lines,3 Line,,,,,,,,,,,,,,,,,,,,,,,,,,,,,,,,,,,,,,,,,,,,,,,,,,,,,,,,,,,,,,,,,,,,,,,,,,,,,,,,,,,,,,,,,,,,,,,,,,,,,,,,1,EA,,,,,,,,,,,,,,,,,,,,,,,,,,,,,,,,,,,,,US,No,No
https://www.dewalt.com/product/DCLE34520GB,,,,,,DCLE34520GB,,,,DCLE34520GB,DCLE34520GB,DCLE34520GB Dewalt Laser 20V - Cross Line 5 Spot,-- Unbranded --,-- No Unilog Brand --,-- No DIB Brand --,Black & Decker/dewlt (2585),Stanley Black & Decker,DEWALT®,,DCLE34520GB,,,"DEWALT®, Laser Level, DCLE34520GB",LASER LEVEL 20 V,"DEWALT®, DCLE34520GB, Laser Level","DEWALT® Laser Level, 20 V","DEWALT®, Laser Level",,,,,,,,,,,,,,,,,,,,,,,,,,,Laser Level,Series,,,Model,,,Item Type,,,Voltage Rating,20,V,Amperage Rating,,,Dimensions,,,Mounting Type,,,Material,,,Color,,,Sound Level,,,Additional Information,,,,,,,,,,,,,,,Laser Type,Cross Line,,Spot Count,5 Spot,,Category,General Commercial,,,,,,,,,,,,,,,,,,,,,,,,,,,,,,,,,,,,,,,,,,,,,,,,,,,,,,,,,,,,,,,,,,,,,,,,,,,,,,,,,,,,,,,,,,,,,,,,,,,,,,,,1,EA,,,,,,,,,,,,,,,,,,,,,,,,,,,,,,,,,,,,,US,No,No
https://www.dewalt.com/product/DCLE34031B,,,,,,DCLE34031B,,,,DCLE34031B,DCLE34031B,DCLE34031B Dewalt Line Laser - 20V Self-Leveling,-- Unbranded --,-- No Unilog Brand --,-- No DIB Brand --,Black & Decker/dewlt (2585),Stanley Black & Decker,DEWALT®,,DCLE34031B,,,"DEWALT®, Line Laser, DCLE34031B",LINE LASER 20 V,"DEWALT®, DCLE34031B, Line Laser","DEWALT® Line Laser, 20 V","DEWALT®, Line Laser",,,,,,,,,,,,,,,,,,,,,,,,,,,Line Laser,Series,,,Model,,,Item Type,,,Voltage Rating,20,V,Amperage Rating,,,Dimensions,,,Mounting Type,,,Material,,,Color,,,Sound Level,,,Additional Information,,,,,,,,,,,,,,,,,,,,,,,,,,,,,,,,,,,,,,,,,,,,,,,,,,,,,,,,,,,,,,,,,,,,,,,,,,,,,,,,,,,,,,,,,,,,,,,,,,,,,,,,,,,,,,,,,,,,,,,,,,,,,,1,EA,,,,,,,,,,,,,,,,,,,,,,,,,,,,,,,,,,,,,US,No,No
https://www.dewalt.com/product/DW0822CG,,,,,,DW0822CG,,,,DW0822CG,DW0822CG,DW0822CG Dewalt Cross Line - Plumb Spots Laser-Green,-- Unbranded --,-- No Unilog Brand --,-- No DIB Brand --,Black & Decker/dewlt (2585),Stanley Black & Decker,DEWALT®,,DW0822CG,,,"DEWALT®, Light Bulb, DW0822CG",LIGHT BULB,"DEWALT®, DW0822CG, Light Bulb",DEWALT® Light Bulb,"DEWALT®, Light Bulb",,,,,,,,,,,,,,,,,,,,,,,,,,,Light Bulb,Series,,,Model,,,Item Type,,,Voltage Rating,,,Amperage Rating,,,Dimensions,,,Mounting Type,,,Material,,,Color,,,Sound Level,,,Additional Information,,,,,,,,,,,,,,,Manufacturer Part Number,DW0822CG,,Supplier / Manufacturer,DEWALT®,,Catalog Category,General Commercial,,,,,,,,,,,,,,,,,,,,,,,,,,,,,,,,,,,,,,,,,,,,,,,,,,,,,,,,,,,,,,,,,,,,,,,,,,,,,,,,,,,,,,,,,,,,,,,,,,,,,,,,1,EA,,,,,,,,,,,,,,,,,,,,,,,,,,,,,,,,,,,,,US,No,No
https://www.ustape.com/product/25459,,,,,,25459,,,,25459,25459,25459 Mason Line Brd Orange - 500',-- Unbranded --,-- No Unilog Brand --,-- No DIB Brand --,U S Tape Company (6694),U.S. Tape Company,U.S. TAPE®,,25459,,,"U.S. TAPE®, Mason Line, 25459",MASON LINE 500 FT,"U.S. TAPE®, 25459, Mason Line","U.S. TAPE® Mason Line, 500 ft","U.S. TAPE®, Mason Line",,,,,,,,,,,,,,,,,,,,,,,,,,,Mason Line,Series,,,Model,,,Item Type,,,Voltage Rating,,,Amperage Rating,,,Dimensions,500 ft,,Mounting Type,,,Material,,,Color,,,Sound Level,,,Additional Information,,,,,,,,,,,,,,,,,,,,,,,,,,,,,,,,,,,,,,,,,,,,,,,,,,,,,,,,,,,,,,,,,,,,,,,,,,,,,,,,,,,,,,,,,,,,,,,,,,,,,,,,,,,,,,,,,,,,,,,,,,,,,,1,EA,,,,,,,,,,,,,,,,,,,,,,,,,,,,,,,,,,,,,US,No,No
,,,,,,35459,,,,,35459,35459 Mason Line Brd Orange - 500' Replacement,,,,U S Tape Company (6694),U S Tape Company (6694),U S Tape Company (6694),,35459,,,U S Tape Company (6694) 35459 Mason Line Brd Orange - 35459,U S TAPE 35459 MASON LIN 35459,,,,,,,,,,,,,,,,,,,,,,,,,,,,,,35459 Mason Line Brd Orange -,,,,,,,,,,,,,,,,,,,,,,,,,,,,,,,,,,,,,,,,,,,,,,,,,,,,,,,,,,,,,,,,,,,,,,,,,,,,,,,,,,,,,,,,,,,,,,,,,,,,,,,,,,,,,,,,,,,,,,,,,,,,,,,,,,,,,,,,,,,,,,,,,,,,,,,,,,,,,,,,,,,,,,,,,,,,,,,,,,,,,,,,,,,,,,,,,,,,,No
,,,,,,25759,,,,,25759,25759 Mason Line Brd Orange - 1000',,,,U S Tape Company (6694),U S Tape Company (6694),U S Tape Company (6694),,25759,,,U S Tape Company (6694) 25759 Mason Line Brd Orange - 25759,U S TAPE 25759 MASON LIN 25759,,,,,,,,,,,,,,,,,,,,,,,,,,,,,,25759 Mason Line Brd Orange -,,,,,,,,,,,,,,,,,,,,,,,,,,,,,,,,,,,,,,,,,,,,,,,,,,,,,,,,,,,,,,,,,,,,,,,,,,,,,,,,,,,,,,,,,,,,,,,,,,,,,,,,,,,,,,,,,,,,,,,,,,,,,,,,,,,,,,,,,,,,,,,,,,,,,,,,,,,,,,,,,,,,,,,,,,,,,,,,,,,,,,,,,,,,,,,,,,,,,No
https://www.ustape.com/product/35112,,,,,,35112,,,,35112,35112,35112 Mason Line Twist Yellow - 270',-- Unbranded --,-- No Unilog Brand --,-- No DIB Brand --,U S Tape Company (6694),U.S. Tape Company,U.S. TAPE®,,35112,,,"U.S. TAPE®, Mason Line, 35112, Yellow",MASON LINE YELLOW 270 FT,"U.S. TAPE®, 35112, Mason Line, Yellow","U.S. TAPE® Mason Line, 270 ft, Yellow","U.S. TAPE®, Mason Line, Yellow",,,,,,,,,,,,,,,,,,,,,,,,,,,Mason Line,Series,,,Model,,,Item Type,,,Voltage Rating,,,Amperage Rating,,,Dimensions,270 ft,,Mounting Type,,,Material,Yellow,,Color,,,Sound Level,,,Additional Information,,,,,,,,,,,,,,,,,,,,,,,,,,,,,,,,,,,,,,,,,,,,,,,,,,,,,,,,,,,,,,,,,,,,,,,,,,,,,,,,,,,,,,,,,,,,,,,,,,,,,,,,,,,,,,,,,,,,,,,,,,,,,,1,EA,,,,,,,,,,,,,,,,,,,,,,,,,,,,,,,,,,,,,US,No,No
https://www.ustape.com/product/35115,,,,,,35115,,,,35115,35115,35115 Mason Line Twist Green - 270',-- Unbranded --,-- No Unilog Brand --,-- No DIB Brand --,U S Tape Company (6694),U.S. Tape Company,U.S. TAPE®,,35115,,,"U.S. TAPE®, Mason Line, 35115",MASON LINE 270 FT,"U.S. TAPE®, 35115, Mason Line","U.S. TAPE® Mason Line, 270 ft","U.S. TAPE®, Mason Line",,,,,,,,,,,,,,,,,,,,,,,,,,,Mason Line,Series,,,Model,,,Item Type,,,Voltage Rating,,,Amperage Rating,,,Dimensions,270 ft,,Mounting Type,,,Material,,,Color,Green,,Sound Level,,,Additional Information,,,,,,,,,,,,,,,length,270 feet,,product_type,Mason Line,,,,,,,,,,,,,,,,,,,,,,,,,,,,,,,,,,,,,,,,,,,,,,,,,,,,,,,,,,,,,,,,,,,,,,,,,,,,,,,,,,,,,,,,,,,,,,,,,,,,,,,,,,,1,EA,,,,,,,,,,,,,,,,,,,,,,,,,,,,,,,,,,,,,US,No,No
,,,,,,25168,,,,,25168,25168 Mason Line Brd Green - 250',,,,U S Tape Company (6694),U S Tape Company (6694),U S Tape Company (6694),,25168,,,U S Tape Company (6694) 25168 Mason Line Brd Green - 2 25168,U S TAPE 25168 MASON LIN 25168,,,,,,,,,,,,,,,,,,,,,,,,,,,,,,25168 Mason Line Brd Green - 2,,,,,,,,,,,,,,,,,,,,,,,,,,,,,,,,,,,,,,,,,,,,,,,,,,,,,,,,,,,,,,,,,,,,,,,,,,,,,,,,,,,,,,,,,,,,,,,,,,,,,,,,,,,,,,,,,,,,,,,,,,,,,,,,,,,,,,,,,,,,,,,,,,,,,,,,,,,,,,,,,,,,,,,,,,,,,,,,,,,,,,,,,,,,,,,,,,,,,No
,,,,,,35468,,,,,35468,35468 Mason Line Brd Green - 500' Replacement,,,,U S Tape Company (6694),U S Tape Company (6694),U S Tape Company (6694),,35468,,,U S Tape Company (6694) 35468 Mason Line Brd Green - 5 35468,U S TAPE 35468 MASON LIN 35468,,,,,,,,,,,,,,,,,,,,,,,,,,,,,,35468 Mason Line Brd Green - 5,,,,,,,,,,,,,,,,,,,,,,,,,,,,,,,,,,,,,,,,,,,,,,,,,,,,,,,,,,,,,,,,,,,,,,,,,,,,,,,,,,,,,,,,,,,,,,,,,,,,,,,,,,,,,,,,,,,,,,,,,,,,,,,,,,,,,,,,,,,,,,,,,,,,,,,,,,,,,,,,,,,,,,,,,,,,,,,,,,,,,,,,,,,,,,,,,,,,,No
https://www.ustape.com/product/35494,,,,,,35494,,,,35494,35494,35494 Mason Line Brd Blk/Yellw - 500' Replacement,-- Unbranded --,-- No Unilog Brand --,-- No DIB Brand --,U S Tape Company (6694),U.S. Tape Company,U.S. TAPE®,,35494,,,"U.S. TAPE®, Mason Line, 35494",MASON LINE 500 FT,"U.S. TAPE®, 35494, Mason Line","U.S. TAPE® Mason Line, 500 ft","U.S. TAPE®, Mason Line",,,,,,,,,,,,,,,,,,,,,,,,,,,Mason Line,Series,,,Model,,,Item Type,,,Voltage Rating,,,Amperage Rating,,,Dimensions,500 ft,,Mounting Type,,,Material,,,Color,Blk/Yellw,,Sound Level,,,Additional Information,,,,,,,,,,,,,,,length,500',,,,,,,,,,,,,,,,,,,,,,,,,,,,,,,,,,,,,,,,,,,,,,,,,,,,,,,,,,,,,,,,,,,,,,,,,,,,,,,,,,,,,,,,,,,,,,,,,,,,,,,,,,,,,,1,EA,,,,,,,,,,,,,,,,,,,,,,,,,,,,,,,,,,,,,US,No,No
https://www.milwaukeetool.com/product/MLSQ0120,,,,,,MLSQ0120,,,,MLSQ0120,MLSQ0120,"MLSQ0120 Milw 12"" RafterSquare",-- Unbranded --,-- No Unilog Brand --,-- No DIB Brand --,Milwaukee Accessory (4031),Milwaukee Electric Tool Corporation,MILWAUKEE®,,MLSQ0120,,,"MILWAUKEE®, Rafter Square, MLSQ0120",RAFTER SQUARE 12 IN,"MILWAUKEE®, MLSQ0120, Rafter Square","MILWAUKEE® Rafter Square, 12 in","MILWAUKEE®, Rafter Square",,,,,,,,,,,,,,,,,,,,,,,,,,,Rafter Square,Series,,,Model,,,Item Type,,,Voltage Rating,,,Amperage Rating,,,Dimensions,12,in,Mounting Type,,,Material,,,Color,,,Sound Level,,,Additional Information,,,,,,,,,,,,,,,Manufacturer,MILWAUKEE,,Catalog Category,General Commercial,,,,,,,,,,,,,,,,,,,,,,,,,,,,,,,,,,,,,,,,,,,,,,,,,,,,,,,,,,,,,,,,,,,,,,,,,,,,,,,,,,,,,,,,,,,,,,,,,,,,,,,,,,,1,EA,,,,,,,,,,,,,,,,,,,,,,,,,,,,,,,,,,,,,US,No,No
https://www.se.com/product/MLSQ1120,,,,,,MLSQ1120,,,,MLSQ1120,MLSQ1120,MLSQ1120 Milw 300mm Rafter - Square,-- Unbranded --,-- No Unilog Brand --,-- No DIB Brand --,Milwaukee Accessory (4031),Schneider Electric,SQUARE D®,,MLSQ1120,,,"SQUARE D®, Rafter, MLSQ1120",RAFTER 300 MM,"SQUARE D®, MLSQ1120, Rafter","SQUARE D® Rafter, 300 mm","SQUARE D®, Rafter",,,,,,,,,,,,,,,,,,,,,,,,,,,Rafter,Series,,,Model,,,Item Type,,,Voltage Rating,,,Amperage Rating,,,Dimensions,300 mm,,Mounting Type,,,Material,,,Color,,,Sound Level,,,Additional Information,,,,,,,,,,,,,,,,,,,,,,,,,,,,,,,,,,,,,,,,,,,,,,,,,,,,,,,,,,,,,,,,,,,,,,,,,,,,,,,,,,,,,,,,,,,,,,,,,,,,,,,,,,,,,,,,,,,,,,,,,,,,,,1,EA,,,,,,,,,,,,,,,,,,,,,,,,,,,,,,,,,,,,,US,No,No
https://www.kichler.com/product/55227,,,,,,55227,,,,55227,55227,"55227 Amana Countersink/Stop 1/8"" Drill TB",-- Unbranded --,-- No Unilog Brand --,-- No DIB Brand --,Amana Tool Corp (AMATO),Kichler Lighting LLC,KICHLER®,,55227,,,"KICHLER®, Countersink/Stop, 55227",COUNTERSINK/STOP 1/8 IN,"KICHLER®, 55227, Countersink/Stop","KICHLER® Countersink/Stop, 1/8 in","KICHLER®, Countersink/Stop",,,,,,,,,,,,,,,,,,,,,,,,,,,Countersink/Stop,Series,,,Model,,,Item Type,,,Voltage Rating,,,Amperage Rating,,,Dimensions,1/8,in,Mounting Type,,,Material,,,Color,,,Sound Level,,,Additional Information,,,,,,,,,,,,,,,,,,,,,,,,,,,,,,,,,,,,,,,,,,,,,,,,,,,,,,,,,,,,,,,,,,,,,,,,,,,,,,,,,,,,,,,,,,,,,,,,,,,,,,,,,,,,,,,,,,,,,,,,,,,,,,1,EA,,,,,,,,,,,,,,,,,,,,,,,,,,,,,,,,,,,,,US,No,No
https://www.kichler.com/product/37300952,,,,,,37300952,,,,37300952,37300952,"095842 Fisch Plug Cutter 3/8""",-- Unbranded --,-- No Unilog Brand --,-- No DIB Brand --,-,Kichler Lighting LLC,KICHLER®,,37300952,,,"KICHLER®, Plug Cutter, 37300952",PLUG CUTTER,"KICHLER®, 37300952, Plug Cutter",KICHLER® Plug Cutter,"KICHLER®, Plug Cutter",,,,,,,,,,,,,,,,,,,,,,,,,,,Plug Cutter,Series,,,Model,,,Item Type,,,Voltage Rating,,,Amperage Rating,,,Dimensions,,,Mounting Type,,,Material,,,Color,,,Sound Level,,,Additional Information,,,,,,,,,,,,,,,supplier_manufacturer,KICHLER,,catalog_category,General Commercial,,,,,,,,,,,,,,,,,,,,,,,,,,,,,,,,,,,,,,,,,,,,,,,,,,,,,,,,,,,,,,,,,,,,,,,,,,,,,,,,,,,,,,,,,,,,,,,,,,,,,,,,,,,1,EA,,,,,,,,,,,,,,,,,,,,,,,,,,,,,,,,,,,,,US,No,No
,,,,,,6008,,,,6008,6008,6008 Whiteside Router Bit,-- Unbranded --,-- No Unilog Brand --,-- No DIB Brand --,Whiteside Machine & Repair Co (WHIMA),Whiteside Machine & Repair Co,Whiteside Machine & Repair Co,,6008,,,"Whiteside Machine & Repair Co, Router Bit, 6008",ROUTER BIT,"Whiteside Machine & Repair Co, 6008, Router Bit",Whiteside Machine & Repair Co Router Bit,"Whiteside Machine & Repair Co, Router Bit",,,,,,,,,,,,,,,,,,,,,,,,,,,Router Bit,Series,,,Model,,,Item Type,,,Voltage Rating,,,Amperage Rating,,,Dimensions,,,Mounting Type,,,Material,,,Color,,,Sound Level,,,Additional Information,,,,,,,,,,,,,,,,,,,,,,,,,,,,,,,,,,,,,,,,,,,,,,,,,,,,,,,,,,,,,,,,,,,,,,,,,,,,,,,,,,,,,,,,,,,,,,,,,,,,,,,,,,,,,,,,,,,,,,,,,,,,,,1,EA,,,,,,,,,,,,,,,,,,,,,,,,,,,,,,,,,,,,,US,No,No
,,,,,,6009,,,,6009,6009,6009 Whiteside Router Bit,-- Unbranded --,-- No Unilog Brand --,-- No DIB Brand --,Whiteside Machine & Repair Co (WHIMA),Whiteside Machine & Repair Co,Whiteside Machine & Repair Co,,6009,,,"Whiteside Machine & Repair Co, Router Bit, 6009",ROUTER BIT,"Whiteside Machine & Repair Co, 6009, Router Bit",Whiteside Machine & Repair Co Router Bit,"Whiteside Machine & Repair Co, Router Bit",,,,,,,,,,,,,,,,,,,,,,,,,,,Router Bit,Series,,,Model,,,Item Type,,,Voltage Rating,,,Amperage Rating,,,Dimensions,,,Mounting Type,,,Material,,,Color,,,Sound Level,,,Additional Information,,,,,,,,,,,,,,,,,,,,,,,,,,,,,,,,,,,,,,,,,,,,,,,,,,,,,,,,,,,,,,,,,,,,,,,,,,,,,,,,,,,,,,,,,,,,,,,,,,,,,,,,,,,,,,,,,,,,,,,,,,,,,,1,EA,,,,,,,,,,,,,,,,,,,,,,,,,,,,,,,,,,,,,US,No,No
,,,,,,3000A,,,,3000A,3000A,3000A Whiteside Router Bit,-- Unbranded --,-- No Unilog Brand --,-- No DIB Brand --,Whiteside Machine & Repair Co (WHIMA),Whiteside Machine & Repair Co,Whiteside Machine & Repair Co,,3000A,,,"Whiteside Machine & Repair Co, Router Bit, 3000A",ROUTER BIT,"Whiteside Machine & Repair Co, 3000A, Router Bit","Whiteside Machine & Repair Co Router Bit, 3000 A","Whiteside Machine & Repair Co, Router Bit",,,,,,,,,,,,,,,,,,,,,,,,,,,Router Bit,Series,,,Model,,,Item Type,,,Voltage Rating,,,Amperage Rating,3000,A,Dimensions,,,Mounting Type,,,Material,,,Color,,,Sound Level,,,Additional Information,,,,,,,,,,,,,,,,,,,,,,,,,,,,,,,,,,,,,,,,,,,,,,,,,,,,,,,,,,,,,,,,,,,,,,,,,,,,,,,,,,,,,,,,,,,,,,,,,,,,,,,,,,,,,,,,,,,,,,,,,,,,,,1,EA,,,,,,,,,,,,,,,,,,,,,,,,,,,,,,,,,,,,,US,No,No
https://www.mirka.com/product/MID6630201US,,,,,,MID6630201US,,,,MID6630201US,MID6630201US,MID6630201US Deos663XCV Sander,-- Unbranded --,-- No Unilog Brand --,-- No DIB Brand --,Mirka Abrasives Inc (MIRUS),Mirka Ltd.,MIRKA®,,MID6630201US,,,"MIRKA®, Sander, MID6630201US",SANDER,"MIRKA®, MID6630201US, Sander",MIRKA® Sander,"MIRKA®, Sander",,,,,,,,,,,,,,,,,,,,,,,,,,,Sander,Series,,,Model,,,Item Type,,,Voltage Rating,,,Amperage Rating,,,Dimensions,,,Mounting Type,,,Material,,,Color,,,Sound Level,,,Additional Information,,,,,,,,,,,,,,,,,,,,,,,,,,,,,,,,,,,,,,,,,,,,,,,,,,,,,,,,,,,,,,,,,,,,,,,,,,,,,,,,,,,,,,,,,,,,,,,,,,,,,,,,,,,,,,,,,,,,,,,,,,,,,,1,EA,,,,,,,,,,,,,,,,,,,,,,,,,,,,,,,,,,,,,US,No,No
https://www.dewalt.com/product/DCF6202,,,,,,DCF6202,,,,DCF6202,DCF6202,DCF6202 Dewalt Collated Attach,-- Unbranded --,-- No Unilog Brand --,-- No DIB Brand --,Black & Decker/dewlt (2585),Stanley Black & Decker,DEWALT®,,DCF6202,,,"DEWALT®, Adapter, DCF6202",ADAPTER,"DEWALT®, DCF6202, Adapter",DEWALT® Adapter,"DEWALT®, Adapter",,,,,,,,,,,,,,,,,,,,,,,,,,,Adapter,Series,,,Model,,,Connection Type,,,Connection Size,,,Pressure Rating,,,Material,,,Additional Information,,,,,,,,,,,,,,,,,,,,,,,,,,,,,,,,,,,,,,,,,,,,,,,,,,,,,,,,,,,,,,,,,,,,,,,,,,,,,,,,,,,,,,,,,,,,,,,,,,,,,,,,,,,,,,,,,,,,,,,,,,,,,,,,,,,,,,,,,,1,EA,,,,,,,,,,,,,,,,,,,,,,,,,,,,,,,,,,,,,US,No,No
https://www.ustape.com/product/25468,,,,,,25468,,,,25468,25468,25468 Mason Line Brd Green - 500',-- Unbranded --,-- No Unilog Brand --,-- No DIB Brand --,U S Tape Company (6694),U.S. Tape Company,U.S. TAPE®,,25468,,,"U.S. TAPE®, Mason Line, 25468",MASON LINE 500 FT,"U.S. TAPE®, 25468, Mason Line","U.S. TAPE® Mason Line, 500 ft","U.S. TAPE®, Mason Line",,,,,,,,,,,,,,,,,,,,,,,,,,,Mason Line,Series,,,Model,,,Item Type,,,Voltage Rating,,,Amperage Rating,,,Dimensions,500 ft,,Mounting Type,,,Material,,,Color,,,Sound Level,,,Additional Information,,,,,,,,,,,,,,,,,,,,,,,,,,,,,,,,,,,,,,,,,,,,,,,,,,,,,,,,,,,,,,,,,,,,,,,,,,,,,,,,,,,,,,,,,,,,,,,,,,,,,,,,,,,,,,,,,,,,,,,,,,,,,,1,EA,,,,,,,,,,,,,,,,,,,,,,,,,,,,,,,,,,,,,US,No,No
https://www.ustape.com/product/25762,,,,,,25762,,,,25762,25762,25762 Mason Line Brd Pink - 1000',-- Unbranded --,-- No Unilog Brand --,-- No DIB Brand --,U S Tape Company (6694),U.S. Tape Company,U.S. TAPE®,,25762,,,"U.S. TAPE®, Mason Line, 25762",MASON LINE 1000 FT,"U.S. TAPE®, 25762, Mason Line","U.S. TAPE® Mason Line, 1000 ft","U.S. TAPE®, Mason Line",,,,,,,,,,,,,,,,,,,,,,,,,,,Mason Line,Series,,,Model,,,Item Type,,,Voltage Rating,,,Amperage Rating,,,Dimensions,1000 ft,,Mounting Type,,,Material,,,Color,,,Sound Level,,,Additional Information,,,,,,,,,,,,,,,,,,,,,,,,,,,,,,,,,,,,,,,,,,,,,,,,,,,,,,,,,,,,,,,,,,,,,,,,,,,,,,,,,,,,,,,,,,,,,,,,,,,,,,,,,,,,,,,,,,,,,,,,,,,,,,1,EA,,,,,,,,,,,,,,,,,,,,,,,,,,,,,,,,,,,,,US,No,No
,,,,,,21839NN,,,,21839NN,21839NN,"21839NN File Bstd Mill 10""",-- Unbranded --,-- No Unilog Brand --,-- No DIB Brand --,-,-,-,,21839NN,,,"-, File, 21839NN, Mill",FILE MILL 10 IN,"-, 21839NN, File, Mill","- File, 10 in, Mill","-, File, Mill",,,,,,,,,,,,,,,,,,,,,,,,,,,File,Series,,,Model,,,Item Type,,,Voltage Rating,,,Amperage Rating,,,Dimensions,10,in,Mounting Type,,,Material,Mill,,Color,,,Sound Level,,,Additional Information,,,,,,,,,,,,,,,,,,,,,,,,,,,,,,,,,,,,,,,,,,,,,,,,,,,,,,,,,,,,,,,,,,,,,,,,,,,,,,,,,,,,,,,,,,,,,,,,,,,,,,,,,,,,,,,,,,,,,,,,,,,,,,1,EA,,,,,,,,,,,,,,,,,,,,,,,,,,,,,,,,,,,,,US,No,No
,,,,,,VN56920,Tools & Hardware,Power Tool Accessories,Saw Blades,VN56920,VN56920,"VN56920 10 1/2"" Saw Blade",-- Unbranded --,-- No Unilog Brand --,-- No DIB Brand --,Marshalltown Trowel (5155),Marshalltown Trowel,Marshalltown Trowel,,VN56920,,Tools & Hardware>Power Tool Accessories>Saw Blades,"Marshalltown Trowel, Saw Blade, VN56920",SAW BLADE 10 1/2 IN,"Marshalltown Trowel, VN56920, Saw Blade","Marshalltown Trowel Saw Blade, 10 1/2 in","Marshalltown Trowel, Saw Blade",,,,,,,,,,,,,,,,,,,,,,,,,,,Saw Blade,Item Type,,,Dimensions,10 1/2,in,Grit,,,Arbor Size,,,Abrasive Material,,,Pack Quantity,,,Additional Information,,,,,,,,,,,,,,,,,,,,,,,,,,,,,,,,,,,,,,,,,,,,,,,,,,,,,,,,,,,,,,,,,,,,,,,,,,,,,,,,,,,,,,,,,,,,,,,,,,,,,,,,,,,,,,,,,,,,,,,,,,,,,,,,,,,,,,,,,,1,EA,,,,,,,,,,,,,,,,,,,,,,,,,,,,,,,,,,,,,US,No,No
https://www.kleintools.com/product/133164,,,,,,133164,,,,133164,133164,133164 950/9 Hex Plus Spks - Multicolor,-- Unbranded --,-- No Unilog Brand --,-- No DIB Brand --,Wera Tools NA Inc (WERTO),Klein Tools Inc.,KLEIN TOOLS®,,133164,,,"KLEIN TOOLS®, Multimeter Probe, 133164",MULTIMETER PROBE,"KLEIN TOOLS®, 133164, Multimeter Probe",KLEIN TOOLS® Multimeter Probe,"KLEIN TOOLS®, Multimeter Probe",,,,,,,,,,,,,,,,,,,,,,,,,,,Multimeter Probe,Series,,,Model,,,Item Type,,,Voltage Rating,,,Amperage Rating,,,Dimensions,,,Mounting Type,,,Material,,,Color,,,Sound Level,,,Additional Information,,,,,,,,,,,,,,,description,950/9 Hex Plus Spks - Multicolor,,manufacturer_part_number,133164,,supplier_manufacturer,KLEIN TOOLS,,catalog_category,General Commercial,,,,,,,,,,,,,,,,,,,,,,,,,,,,,,,,,,,,,,,,,,,,,,,,,,,,,,,,,,,,,,,,,,,,,,,,,,,,,,,,,,,,,,,,,,,,,,,,,,,,,1,EA,,,,,,,,,,,,,,,,,,,,,,,,,,,,,,,,,,,,,US,No,No
https://www.dewalt.com/product/DWHT10993,,,,,,DWHT10993,,,,DWHT10993,DWHT10993,DWHT10993 Folding Knife,-- Unbranded --,-- No Unilog Brand --,-- No DIB Brand --,Black & Decker/dewlt (2585),Stanley Black & Decker,DEWALT®,,DWHT10993,,,"DEWALT®, Knife, DWHT10993",KNIFE,"DEWALT®, DWHT10993, Knife",DEWALT® Knife,"DEWALT®, Knife",,,,,,,,,,,,,,,,,,,,,,,,,,,Knife,Series,,,Model,,,Item Type,,,Voltage Rating,,,Amperage Rating,,,Dimensions,,,Mounting Type,,,Material,,,Color,,,Sound Level,,,Additional Information,,,,,,,,,,,,,,,,,,,,,,,,,,,,,,,,,,,,,,,,,,,,,,,,,,,,,,,,,,,,,,,,,,,,,,,,,,,,,,,,,,,,,,,,,,,,,,,,,,,,,,,,,,,,,,,,,,,,,,,,,,,,,,1,EA,,,,,,,,,,,,,,,,,,,,,,,,,,,,,,,,,,,,,US,No,No
https://www.dewalt.com/product/DWHT10994,,,,,,DWHT10994,,,,DWHT10994,DWHT10994,DWHT10994 Folding Knife,-- Unbranded --,-- No Unilog Brand --,-- No DIB Brand --,Black & Decker/dewlt (2585),Stanley Black & Decker,DEWALT®,,DWHT10994,,,"DEWALT®, Knife, DWHT10994",KNIFE,"DEWALT®, DWHT10994, Knife",DEWALT® Knife,"DEWALT®, Knife",,,,,,,,,,,,,,,,,,,,,,,,,,,Knife,Series,,,Model,,,Item Type,,,Voltage Rating,,,Amperage Rating,,,Dimensions,,,Mounting Type,,,Material,,,Color,,,Sound Level,,,Additional Information,,,,,,,,,,,,,,,,,,,,,,,,,,,,,,,,,,,,,,,,,,,,,,,,,,,,,,,,,,,,,,,,,,,,,,,,,,,,,,,,,,,,,,,,,,,,,,,,,,,,,,,,,,,,,,,,,,,,,,,,,,,,,,1,EA,,,,,,,,,,,,,,,,,,,,,,,,,,,,,,,,,,,,,US,No,No
https://www.kleintools.com/product/QB22RU,,,,,,QB22RU,,,,QB22RU,QB22RU,QB22RU Vessel Carrying Bit Holder,-- Unbranded --,-- No Unilog Brand --,-- No DIB Brand --,Vessel Tools USA Inc (VESTO),Klein Tools Inc.,KLEIN TOOLS®,,QB22RU,,,"KLEIN TOOLS®, Bit Holder, QB22RU",BIT HOLDER,"KLEIN TOOLS®, QB22RU, Bit Holder",KLEIN TOOLS® Bit Holder,"KLEIN TOOLS®, Bit Holder",,,,,,,,,,,,,,,,,,,,,,,,,,,Bit Holder,Series,,,Model,,,Item Type,,,Voltage Rating,,,Amperage Rating,,,Dimensions,,,Mounting Type,,,Material,,,Color,,,Sound Level,,,Additional Information,,,,,,,,,,,,,,,,,,,,,,,,,,,,,,,,,,,,,,,,,,,,,,,,,,,,,,,,,,,,,,,,,,,,,,,,,,,,,,,,,,,,,,,,,,,,,,,,,,,,,,,,,,,,,,,,,,,,,,,,,,,,,,1,EA,,,,,,,,,,,,,,,,,,,,,,,,,,,,,,,,,,,,,US,No,No
https://www.kleintools.com/product/QB22KU,,,,,,QB22KU,,,,QB22KU,QB22KU,QB22KU Vessel Carrying Bit Holder,-- Unbranded --,-- No Unilog Brand --,-- No DIB Brand --,Vessel Tools USA Inc (VESTO),Klein Tools Inc.,KLEIN TOOLS®,,QB22KU,,,"KLEIN TOOLS®, Bit Holder, QB22KU",BIT HOLDER,"KLEIN TOOLS®, QB22KU, Bit Holder",KLEIN TOOLS® Bit Holder,"KLEIN TOOLS®, Bit Holder",,,,,,,,,,,,,,,,,,,,,,,,,,,Bit Holder,Series,,,Model,,,Item Type,,,Voltage Rating,,,Amperage Rating,,,Dimensions,,,Mounting Type,,,Material,,,Color,,,Sound Level,,,Additional Information,,,,,,,,,,,,,,,,,,,,,,,,,,,,,,,,,,,,,,,,,,,,,,,,,,,,,,,,,,,,,,,,,,,,,,,,,,,,,,,,,,,,,,,,,,,,,,,,,,,,,,,,,,,,,,,,,,,,,,,,,,,,,,1,EA,,,,,,,,,,,,,,,,,,,,,,,,,,,,,,,,,,,,,US,No,No
,,,,,,AVM6EV,,,,AVM6EV,AVM6EV,AVM6 EV Mini Snip Red,-- Unbranded --,-- No Unilog Brand --,-- No DIB Brand --,Malco Prod (2370),Malco Prod,Malco Prod,,AVM6EV,,,"Malco Prod, Mini Snip, AVM6EV",MINI SNIP,"Malco Prod, AVM6EV, Mini Snip",Malco Prod Mini Snip,"Malco Prod, Mini Snip",,,,,,,,,,,,,,,,,,,,,,,,,,,Mini Snip,Series,,,Model,,,Item Type,,,Voltage Rating,,,Amperage Rating,,,Dimensions,,,Mounting Type,,,Material,,,Color,,,Sound Level,,,Additional Information,,,,,,,,,,,,,,,,,,,,,,,,,,,,,,,,,,,,,,,,,,,,,,,,,,,,,,,,,,,,,,,,,,,,,,,,,,,,,,,,,,,,,,,,,,,,,,,,,,,,,,,,,,,,,,,,,,,,,,,,,,,,,,1,EA,,,,,,,,,,,,,,,,,,,,,,,,,,,,,,,,,,,,,US,No,No
,,,,,,AVM6EV,,,,AVM6EV,AVM6EV,AVM7 EV Mini Snip Green,-- Unbranded --,-- No Unilog Brand --,-- No DIB Brand --,Malco Prod (2370),Malco Prod,Malco Prod,,AVM6EV,,,"Malco Prod, Mini Snip, AVM6EV",MINI SNIP,"Malco Prod, AVM6EV, Mini Snip",Malco Prod Mini Snip,"Malco Prod, Mini Snip",,,,,,,,,,,,,,,,,,,,,,,,,,,Mini Snip,Series,,,Model,,,Item Type,,,Voltage Rating,,,Amperage Rating,,,Dimensions,,,Mounting Type,,,Material,,,Color,,,Sound Level,,,Additional Information,,,,,,,,,,,,,,,Catalog Category,General Commercial,,Manufacturer Part Number,AVM6EV,,Supplier / Manufacturer,Malco Prod,,,,,,,,,,,,,,,,,,,,,,,,,,,,,,,,,,,,,,,,,,,,,,,,,,,,,,,,,,,,,,,,,,,,,,,,,,,,,,,,,,,,,,,,,,,,,,,,,,,,,,,,1,EA,,,,,,,,,,,,,,,,,,,,,,,,,,,,,,,,,,,,,US,No,No
https://www.freudtools.com/product/DSA0250B,,,,,,DSA0250B,,,,DSA0250B,DSA0250B,"DSA0250B 1/4"" Square x1/4"" Hex - Socket Adapter",-- Unbranded --,-- No Unilog Brand --,-- No DIB Brand --,Freud Inc (2435),Robert Bosch Tool Corporation,FREUD®,,DSA0250B,,,"FREUD®, Adapter, DSA0250B",ADAPTER 1/4 IN SQUARE X 1/4 IN HEX,"FREUD®, DSA0250B, Adapter","FREUD® Adapter, 1/4 in Square x 1/4 in Hex","FREUD®, Adapter",,,,,,,,,,,,,,,,,,,,,,,,,,,Adapter,Series,,,Model,,,Connection Type,Socket,,Connection Size,1/4,in,Pressure Rating,,,Material,,,Additional Information,,,,,,,,,,,,,,,,,,,,,,,,,,,Size,1/4 in Square x 1/4 in Hex,,,,,,,,,,,,,,,,,,,,,,,,,,,,,,,,,,,,,,,,,,,,,,,,,,,,,,,,,,,,,,,,,,,,,,,,,,,,,,,,,,,,,,,,,,,,,,,,,,,,,,,,,,,,,,1,EA,,,,,,,,,,,,,,,,,,,,,,,,,,,,,,,,,,,,,US,No,No
https://www.freudtools.com/product/DSA0375B,,,,,,DSA0375B,,,,DSA0375B,DSA0375B,"DSA0375B 3/8"" Square x1/4"" Hex - Socket Adapter",-- Unbranded --,-- No Unilog Brand --,-- No DIB Brand --,Freud Inc (2435),Robert Bosch Tool Corporation,FREUD®,,DSA0375B,,,"FREUD®, Adapter, DSA0375B",ADAPTER 3/8 IN SQUARE X 1/4 IN HEX,"FREUD®, DSA0375B, Adapter","FREUD® Adapter, 3/8 in Square x 1/4 in Hex","FREUD®, Adapter",,,,,,,,,,,,,,,,,,,,,,,,,,,Adapter,Series,,,Model,,,Connection Type,Socket,,Connection Size,"3/8"" Square x 1/4"" Hex",,Pressure Rating,,,Material,,,Additional Information,,,,,,,,,,,,,,,,,,,,,,,,,,,Size,3/8 in Square x 1/4 in Hex,,,,,,,,,,,,,,,,,,,,,,,,,,,,,,,,,,,,,,,,,,,,,,,,,,,,,,,,,,,,,,,,,,,,,,,,,,,,,,,,,,,,,,,,,,,,,,,,,,,,,,,,,,,,,,1,EA,,,,,,,,,,,,,,,,,,,,,,,,,,,,,,,,,,,,,US,No,No
https://www.freudtools.com/product/DSA0500B,,,,,,DSA0500B,,,,DSA0500B,DSA0500B,"DSA0500B 1/2"" Square x1/4"" Hex - Socket Adapter",-- Unbranded --,-- No Unilog Brand --,-- No DIB Brand --,Freud Inc (2435),Robert Bosch Tool Corporation,FREUD®,,DSA0500B,,,"FREUD®, Adapter, DSA0500B",ADAPTER 1/2 IN SQUARE X 1/4 IN HEX,"FREUD®, DSA0500B, Adapter","FREUD® Adapter, 1/2 in Square x 1/4 in Hex","FREUD®, Adapter",,,,,,,,,,,,,,,,,,,,,,,,,,,Adapter,Series,,,Model,,,Connection Type,Socket,,Connection Size,"1/2""",,Pressure Rating,,,Material,,,Additional Information,,,,,,,,,,,,,,,,,,,,,,,,,,,Size,1/2 in Square x 1/4 in Hex,,,,,,,,,,,,,,,,,,,,,,,,,,,,,,,,,,,,,,,,,,,,,,,,,,,,,,,,,,,,,,,,,,,,,,,,,,,,,,,,,,,,,,,,,,,,,,,,,,,,,,,,,,,,,,1,EA,,,,,,,,,,,,,,,,,,,,,,,,,,,,,,,,,,,,,US,No,No
https://www.kichler.com/product/42-04-9107,,,,,,42-04-9107,,,,42-04-9107,42-04-9107,"42-04-9107 Milw 3/8"" Drive Universal Joint",-- Unbranded --,-- No Unilog Brand --,-- No DIB Brand --,Milwaukee Accessory (4031),Kichler Lighting LLC,KICHLER®,,42-04-9107,,,"KICHLER®, Universal Joint, 42-04-9107",UNIVERSAL JOINT,"KICHLER®, 42-04-9107, Universal Joint",KICHLER® Universal Joint,"KICHLER®, Universal Joint",,,,,,,,,,,,,,,,,,,,,,,,,,,Universal Joint,Series,,,Model,,,Item Type,,,Voltage Rating,,,Amperage Rating,,,Dimensions,,,Mounting Type,,,Material,,,Color,,,Sound Level,,,Additional Information,,,,,,,,,,,,,,,,,,,,,,,,,,,,,,,,,,,,,,,,,,,,,,,,,,,,,,,,,,,,,,,,,,,,,,,,,,,,,,,,,,,,,,,,,,,,,,,,,,,,,,,,,,,,,,,,,,,,,,,,,,,,,,1,EA,,,,,,,,,,,,,,,,,,,,,,,,,,,,,,,,,,,,,US,No,No
https://www.milwaukeetool.com/product/48-22-9491,,,,,,48-22-9491,,,,48-22-9491,48-22-9491,48-22-9491 Milw 242pc Ratchet & Socket Set 4-Drawer Tool Box,-- Unbranded --,-- No Unilog Brand --,-- No DIB Brand --,Milwaukee Accessory (4031),Milwaukee Electric Tool Corporation,MILWAUKEE®,,48-22-9491,,,"MILWAUKEE®, Ratchet & Socket Set, 48-22-9491",RATCHET & SOCKET SET,"MILWAUKEE®, 48-22-9491, Ratchet & Socket Set",MILWAUKEE® Ratchet & Socket Set,"MILWAUKEE®, Ratchet & Socket Set",,,,,,,,,,,,,,,,,,,,,,,,,,,Ratchet & Socket Set,Series,,,Model,,,Item Type,,,Voltage Rating,,,Amperage Rating,,,Dimensions,,,Mounting Type,,,Material,,,Color,,,Sound Level,,,Additional Information,,,,,,,,,,,,,,,piece_count,242,,storage,4-Drawer Tool Box,,,,,,,,,,,,,,,,,,,,,,,,,,,,,,,,,,,,,,,,,,,,,,,,,,,,,,,,,,,,,,,,,,,,,,,,,,,,,,,,,,,,,,,,,,,,,,,,,,,,,,,,,,,1,EA,,,,,,,,,,,,,,,,,,,,,,,,,,,,,,,,,,,,,US,No,No
https://www.dewalt.com/product/DWMT45422,,,,,,DWMT45422,,,,DWMT45422,DWMT45422,"DWMT45422 Dewalt 1/4"" Drive - 50pc Mechanics Set",-- Unbranded --,-- No Unilog Brand --,-- No DIB Brand --,Black & Decker/dewlt (2585),Stanley Black & Decker,DEWALT®,,DWMT45422,,,"DEWALT®, Mechanics Set, DWMT45422",MECHANICS SET,"DEWALT®, DWMT45422, Mechanics Set",DEWALT® Mechanics Set,"DEWALT®, Mechanics Set",,,,,,,,,,,,,,,,,,,,,,,,,,,Mechanics Set,Series,,,Model,,,Item Type,,,Voltage Rating,,,Amperage Rating,,,Dimensions,,,Mounting Type,,,Material,,,Color,,,Sound Level,,,Additional Information,,,,,,,,,,,,,,,Drive Size,"1/4""",,Piece Count,50pc,,Category,General Commercial,,,,,,,,,,,,,,,,,,,,,,,,,,,,,,,,,,,,,,,,,,,,,,,,,,,,,,,,,,,,,,,,,,,,,,,,,,,,,,,,,,,,,,,,,,,,,,,,,,,,,,,,1,EA,,,,,,,,,,,,,,,,,,,,,,,,,,,,,,,,,,,,,US,No,No
https://www.dewalt.com/product/DWMT45424,,,,,,DWMT45424,,,,DWMT45424,DWMT45424,"DWMT45424 Dewalt 3/8"" Drive - 84pc Mechanics Set",-- Unbranded --,-- No Unilog Brand --,-- No DIB Brand --,Black & Decker/dewlt (2585),Stanley Black & Decker,DEWALT®,,DWMT45424,,,"DEWALT®, Mechanics Set, DWMT45424",MECHANICS SET,"DEWALT®, DWMT45424, Mechanics Set",DEWALT® Mechanics Set,"DEWALT®, Mechanics Set",,,,,,,,,,,,,,,,,,,,,,,,,,,Mechanics Set,Series,,,Model,,,Item Type,,,Voltage Rating,,,Amperage Rating,,,Dimensions,,,Mounting Type,,,Material,,,Color,,,Sound Level,,,Additional Information,,,,,,,,,,,,,,,Drive Size,"3/8""",,Piece Count,84pc,,Category,General Commercial,,,,,,,,,,,,,,,,,,,,,,,,,,,,,,,,,,,,,,,,,,,,,,,,,,,,,,,,,,,,,,,,,,,,,,,,,,,,,,,,,,,,,,,,,,,,,,,,,,,,,,,,1,EA,,,,,,,,,,,,,,,,,,,,,,,,,,,,,,,,,,,,,US,No,No
https://www.milwaukeetool.com/product/48-22-9483,,,,,,48-22-9483,,,,48-22-9483,48-22-9483,48-22-9483 Milw Packout 15pc - Metric Wrench Set,-- Unbranded --,-- No Unilog Brand --,-- No DIB Brand --,Milwaukee Accessory (4031),Milwaukee Electric Tool Corporation,MILWAUKEE®,,48-22-9483,,,"MILWAUKEE®, Wrench Set, 48-22-9483",WRENCH SET,"MILWAUKEE®, 48-22-9483, Wrench Set",MILWAUKEE® Wrench Set,"MILWAUKEE®, Wrench Set",,,,,,,,,,,,,,,,,,,,,,,,,,,Wrench Set,Series,,,Model,,,Item Type,,,Voltage Rating,,,Amperage Rating,,,Dimensions,,,Mounting Type,,,Material,,,Color,,,Sound Level,,,Additional Information,,,,,,,,,,,,,,,,,,,,,,,,,,,,,,,,,,,,,,,,,,,,,,,,,,,,,,,,,,,,,,,,,,,,,,,,,,,,,,,,,,,,,,,,,,,,,,,,,,,,,,,,,,,,,,,,,,,,,,,,,,,,,,1,EA,,,,,,,,,,,,,,,,,,,,,,,,,,,,,,,,,,,,,US,No,No
https://www.milwaukeetool.com/product/48-22-9484,,,,,,48-22-9484,,,,48-22-9484,48-22-9484,48-22-9484 Milw Packout 15pc - SAE Wrench Set,-- Unbranded --,-- No Unilog Brand --,-- No DIB Brand --,Milwaukee Accessory (4031),Milwaukee Electric Tool Corporation,MILWAUKEE®,,48-22-9484,,,"MILWAUKEE®, Wrench Set, 48-22-9484",WRENCH SET,"MILWAUKEE®, 48-22-9484, Wrench Set",MILWAUKEE® Wrench Set,"MILWAUKEE®, Wrench Set",,,,,,,,,,,,,,,,,,,,,,,,,,,Wrench Set,Series,,,Model,,,Item Type,,,Voltage Rating,,,Amperage Rating,,,Dimensions,,,Mounting Type,,,Material,,,Color,,,Sound Level,,,Additional Information,,,,,,,,,,,,,,,pack_quantity,15pc,,category,General Commercial,,,,,,,,,,,,,,,,,,,,,,,,,,,,,,,,,,,,,,,,,,,,,,,,,,,,,,,,,,,,,,,,,,,,,,,,,,,,,,,,,,,,,,,,,,,,,,,,,,,,,,,,,,,1,EA,,,,,,,,,,,,,,,,,,,,,,,,,,,,,,,,,,,,,US,No,No
https://www.milwaukeetool.com/product/48-22-9485,,,,,,48-22-9485,,,,48-22-9485,48-22-9485,48-22-9485 Milw Packout 30pc - Metric & SAE Wrench Set,-- Unbranded --,-- No Unilog Brand --,-- No DIB Brand --,Milwaukee Accessory (4031),Milwaukee Electric Tool Corporation,MILWAUKEE®,,48-22-9485,,,"MILWAUKEE®, Wrench Set, 48-22-9485",WRENCH SET,"MILWAUKEE®, 48-22-9485, Wrench Set",MILWAUKEE® Wrench Set,"MILWAUKEE®, Wrench Set",,,,,,,,,,,,,,,,,,,,,,,,,,,Wrench Set,Series,,,Model,,,Item Type,,,Voltage Rating,,,Amperage Rating,,,Dimensions,,,Mounting Type,,,Material,,,Color,,,Sound Level,,,Additional Information,,,,,,,,,,,,,,,pack_quantity,30pc,,metric_sae,Metric & SAE,,,,,,,,,,,,,,,,,,,,,,,,,,,,,,,,,,,,,,,,,,,,,,,,,,,,,,,,,,,,,,,,,,,,,,,,,,,,,,,,,,,,,,,,,,,,,,,,,,,,,,,,,,,1,EA,,,,,,,,,,,,,,,,,,,,,,,,,,,,,,,,,,,,,US,No,No
https://www.milwaukeetool.com/product/48-44-2770,,,,,,48-44-2770,,,,48-44-2770,48-44-2770,48-44-2770 Milw Pole Pruning - Shears Replacement Blade,-- Unbranded --,-- No Unilog Brand --,-- No DIB Brand --,Milwaukee Accessory (4031),Milwaukee Electric Tool Corporation,MILWAUKEE®,,48-44-2770,,,"MILWAUKEE®, Shears Replacement Blade, 48-44-2770",SHEARS REPLACEMENT BLADE,"MILWAUKEE®, 48-44-2770, Shears Replacement Blade",MILWAUKEE® Shears Replacement Blade,"MILWAUKEE®, Shears Replacement Blade",,,,,,,,,,,,,,,,,,,,,,,,,,,Shears Replacement Blade,Item Type,,,Dimensions,,,Grit,,,Arbor Size,,,Abrasive Material,,,Pack Quantity,,,Additional Information,,,,,,,,,,,,,,,,,,,,,,,,,,,,,,,,,,,,,,,,,,,,,,,,,,,,,,,,,,,,,,,,,,,,,,,,,,,,,,,,,,,,,,,,,,,,,,,,,,,,,,,,,,,,,,,,,,,,,,,,,,,,,,,,,,,,,,,,,,1,EA,,,,,,,,,,,,,,,,,,,,,,,,,,,,,,,,,,,,,US,No,No
https://www.kleintools.com/product/IWHT48441RC,,,,,,IWHT48441RC,,,,IWHT48441RC,IWHT48441RC,IWHT48441RC Irwin 100ft - Red Chalk & Reel Set,-- Unbranded --,-- No Unilog Brand --,-- No DIB Brand --,Irwin Industrial Tools (5863),Klein Tools Inc.,KLEIN TOOLS®,,IWHT48441RC,,,"KLEIN TOOLS®, Light Bulb, IWHT48441RC",LIGHT BULB 100 FT,"KLEIN TOOLS®, IWHT48441RC, Light Bulb","KLEIN TOOLS® Light Bulb, 100 ft","KLEIN TOOLS®, Light Bulb",,,,,,,,,,,,,,,,,,,,,,,,,,,Light Bulb,Series,,,Model,,,Item Type,,,Voltage Rating,,,Amperage Rating,,,Dimensions,100 ft,,Mounting Type,,,Material,,,Color,,,Sound Level,,,Additional Information,,,,,,,,,,,,,,,description,100ft - Red Chalk & Reel Set,,,,,,,,,,,,,,,,,,,,,,,,,,,,,,,,,,,,,,,,,,,,,,,,,,,,,,,,,,,,,,,,,,,,,,,,,,,,,,,,,,,,,,,,,,,,,,,,,,,,,,,,,,,,,,1,EA,,,,,,,,,,,,,,,,,,,,,,,,,,,,,,,,,,,,,US,No,No
https://www.makitatools.com/product/XRU23SM1,,,,,,XRU23SM1,,,,XRU23SM1,XRU23SM1,"XRU23SM1 Makita 18V 13"" - String Trimmer Kit",-- Unbranded --,-- No Unilog Brand --,-- No DIB Brand --,Makita Usa Inc (5142),Makita Corporation,MAKITA®,,XRU23SM1,,,"MAKITA®, String Trimmer, XRU23SM1",STRING TRIMMER 18 V,"MAKITA®, XRU23SM1, String Trimmer","MAKITA® String Trimmer, 18 V","MAKITA®, String Trimmer",,,,,,,,,,,,,,,,,,,,,,,,,,,String Trimmer,Series,,,Model,,,Item Type,,,Voltage Rating,18,V,Amperage Rating,,,Dimensions,,,Mounting Type,,,Material,,,Color,,,Sound Level,,,Additional Information,,,,,,,,,,,,,,,,,,,,,,,,,,,,,,,,,,,,,,,,,,,,,,,,,,,,,,,,,,,,,,,,,,,,,,,,,,,,,,,,,,,,,,,,,,,,,,,,,,,,,,,,,,,,,,,,,,,,,,,,,,,,,,1,EA,,,,,,,,,,,,,,,,,,,,,,,,,,,,,,,,,,,,,US,No,No
https://www.makitatools.com/product/XRU15PT1,,,,,,XRU15PT1,,,,XRU15PT1,XRU15PT1,XRU15PT1 Makita String Trimmer,-- Unbranded --,-- No Unilog Brand --,-- No DIB Brand --,Makita Usa Inc (5142),Makita Corporation,MAKITA®,,XRU15PT1,,,"MAKITA®, String Trimmer, XRU15PT1",STRING TRIMMER,"MAKITA®, XRU15PT1, String Trimmer",MAKITA® String Trimmer,"MAKITA®, String Trimmer",,,,,,,,,,,,,,,,,,,,,,,,,,,String Trimmer,Series,,,Model,,,Item Type,,,Voltage Rating,,,Amperage Rating,,,Dimensions,,,Mounting Type,,,Material,,,Color,,,Sound Level,,,Additional Information,,,,,,,,,,,,,,,,,,,,,,,,,,,,,,,,,,,,,,,,,,,,,,,,,,,,,,,,,,,,,,,,,,,,,,,,,,,,,,,,,,,,,,,,,,,,,,,,,,,,,,,,,,,,,,,,,,,,,,,,,,,,,,1,EA,,,,,,,,,,,,,,,,,,,,,,,,,,,,,,,,,,,,,US,No,No
https://www.makitatools.com/product/XRU23Z,,,,,,XRU23Z,,,,XRU23Z,XRU23Z,XRU23Z Makita 18V Trimmer Tool - Only,-- Unbranded --,-- No Unilog Brand --,-- No DIB Brand --,Makita Usa Inc (5142),Makita Corporation,MAKITA®,,XRU23Z,,,"MAKITA®, Commercial Product, XRU23Z",COMMERCIAL PRODUCT 18 V,"MAKITA®, XRU23Z, Commercial Product","MAKITA® Commercial Product, 18 V","MAKITA®, Commercial Product",,,,,,,,,,,,,,,,,,,,,,,,,,,"MAKITA®, Commercial Product",Series,,,Model,,,Item Type,,,Voltage Rating,18,V,Amperage Rating,,,Dimensions,,,Mounting Type,,,Material,,,Color,,,Sound Level,,,Additional Information,,,,,,,,,,,,,,,Manufacturer,MAKITA®,,Catalog Category,General Commercial,,,,,,,,,,,,,,,,,,,,,,,,,,,,,,,,,,,,,,,,,,,,,,,,,,,,,,,,,,,,,,,,,,,,,,,,,,,,,,,,,,,,,,,,,,,,,,,,,,,,,,,,,,,1,EA,,,,,,,,,,,,,,,,,,,,,,,,,,,,,,,,,,,,,US,No,No
https://www.milwaukeetool.com/product/0887-20,,,,,,0887-20,,,,0887-20,0887-20,0887-20 Milw M18 Brushless Precision Blower,-- Unbranded --,-- No Unilog Brand --,-- No DIB Brand --,Milwaukee Accessory (4031),Milwaukee Electric Tool Corporation,MILWAUKEE®,,0887-20,,,"MILWAUKEE®, Blower, 0887-20",BLOWER 18,"MILWAUKEE®, 0887-20, Blower","MILWAUKEE® Blower, 18 V","MILWAUKEE®, Blower",,,,,,,,,,,,,,,,,,,,,,,,,,,Blower,Series,,,Model,,,Item Type,,,Voltage Rating,18,,Amperage Rating,,,Dimensions,,,Mounting Type,,,Material,,,Color,,,Sound Level,,,Additional Information,,,,,,,,,,,,,,,,,,,,,,,,,,,,,,,,,,,,,,,,,,,,,,,,,,,,,,,,,,,,,,,,,,,,,,,,,,,,,,,,,,,,,,,,,,,,,,,,,,,,,,,,,,,,,,,,,,,,,,,,,,,,,,1,EA,,,,,,,,,,,,,,,,,,,,,,,,,,,,,,,,,,,,,US,No,No
https://www.diablotools.com/product/DCBL724B,,,,,,DCBL724B,,,,DCBL724B,DCBL724B,DCBL724B Dewalt 20V Max XR Blower,-- Unbranded --,-- No Unilog Brand --,-- No DIB Brand --,Black & Decker/dewlt (2585),Freud Tools / Robert Bosch Tool Corporation,DIABLO®,,DCBL724B,,,"DIABLO®, Blower, DCBL724B",BLOWER 20 V,"DIABLO®, DCBL724B, Blower","DIABLO® Blower, 20 V","DIABLO®, Blower",,,,,,,,,,,,,,,,,,,,,,,,,,,Blower,Series,,,Model,,,Item Type,,,Voltage Rating,20,V,Amperage Rating,,,Dimensions,,,Mounting Type,,,Material,,,Color,,,Sound Level,,,Additional Information,,,,,,,,,,,,,,,,,,,,,,,,,,,,,,,,,,,,,,,,,,,,,,,,,,,,,,,,,,,,,,,,,,,,,,,,,,,,,,,,,,,,,,,,,,,,,,,,,,,,,,,,,,,,,,,,,,,,,,,,,,,,,,1,EA,,,,,,,,,,,,,,,,,,,,,,,,,,,,,,,,,,,,,US,No,No
https://www.milwaukeetool.com/product/2954-20,,,,,,2954-20,,,,2954-20,2954-20,2954-20 Milw M18 Bluetooth Jobsite Speaker,-- Unbranded --,-- No Unilog Brand --,-- No DIB Brand --,Milwaukee Accessory (4031),Milwaukee Electric Tool Corporation,MILWAUKEE®,,2954-20,,,"MILWAUKEE®, Speaker, 2954-20",SPEAKER 18,"MILWAUKEE®, 2954-20, Speaker","MILWAUKEE® Speaker, 18 V","MILWAUKEE®, Speaker",,,,,,,,,,,,,,,,,,,,,,,,,,,Speaker,Series,,,Model,,,Item Type,,,Voltage Rating,18,,Amperage Rating,,,Dimensions,,,Mounting Type,,,Material,,,Color,,,Sound Level,,,Additional Information,,,,,,,,,,,,,,,,,,,,,,,,,,,,,,,,,,,,,,,,,,,,,,,,,,,,,,,,,,,,,,,,,,,,,,,,,,,,,,,,,,,,,,,,,,,,,,,,,,,,,,,,,,,,,,,,,,,,,,,,,,,,,,1,EA,,,,,,,,,,,,,,,,,,,,,,,,,,,,,,,,,,,,,US,No,No
https://www.milwaukeetool.com/product/2955-20,,,,,,2955-20,,,,2955-20,2955-20,2955-20 Milw M12 Bluetooth - Jobsite Speaker w/Packout,-- Unbranded --,-- No Unilog Brand --,-- No DIB Brand --,Milwaukee Accessory (4031),Milwaukee Electric Tool Corporation,MILWAUKEE®,,2955-20,,,"MILWAUKEE®, Speaker, 2955-20",SPEAKER,"MILWAUKEE®, 2955-20, Speaker",MILWAUKEE® Speaker,"MILWAUKEE®, Speaker",,,,,,,,,,,,,,,,,,,,,,,,,,,Speaker,Series,,,Model,,,Item Type,,,Voltage Rating,,,Amperage Rating,,,Dimensions,,,Mounting Type,,,Material,,,Color,,,Sound Level,,,Additional Information,,,,,,,,,,,,,,,Manufacturer Part Number (MPN),2955-20,,Supplier / Manufacturer,MILWAUKEE®,,Catalog Category,General Commercial,,,,,,,,,,,,,,,,,,,,,,,,,,,,,,,,,,,,,,,,,,,,,,,,,,,,,,,,,,,,,,,,,,,,,,,,,,,,,,,,,,,,,,,,,,,,,,,,,,,,,,,,1,EA,,,,,,,,,,,,,,,,,,,,,,,,,,,,,,,,,,,,,US,No,No
https://www.mirka.com/product/9A-219-180,,,,,,9A-219-180,Tools & Hardware,Abrasives,Cutting Discs,9A-219-180,9A-219-180,9A-219-180 Abranet 4x6x6,-- Unbranded --,-- No Unilog Brand --,-- No DIB Brand --,Mirka Abrasives Inc (MIRUS),Mirka Ltd.,MIRKA®,,9A-219-180,,Tools & Hardware>Abrasives>Cutting & Grinding Discs,"MIRKA®, Abrasive Disc, 9A-219-180, Aluminum Oxide",ABRASIVE DISC 4X6X6 ALUM OXIDE,"MIRKA®, 9A-219-180, Abrasive Disc, Aluminum Oxide","MIRKA® Abrasive Disc, 9 A, 4x6x6, Aluminum Oxide","MIRKA®, Abrasive Disc, Aluminum Oxide",,,,,,,,,,,,,,,,,,,,,,,,,,,Abrasive Disc,Item Type,,,Dimensions,4x6x6,,Grit,,,Arbor Size,,,Abrasive Material,Aluminum Oxide,,Pack Quantity,,,Additional Information,,,,,,,,,,,,,,,,,,,,,,,,,,,Amperage,9,A,,,,,,,,,,,,,,,,,,,,,,,,,,,,,,,,,,,,,,,,,,,,,,,,,,,,,,,,,,,,,,,,,,,,,,,,,,,,,,,,,,,,,,,,,,,,,,,,,,,,,,,,,,,,,1,EA,,,,,,,,,,,,,,,,,,,,,,,,,,,,,,,,,,,,,US,No,No
https://www.mirka.com/product/9A-219-120RP,,,,,,9A-219-120RP,Tools & Hardware,Abrasives,Cutting Discs,9A-219-120RP,9A-219-120RP,9A-219-120RP Abranet 4x6x6,-- Unbranded --,-- No Unilog Brand --,-- No DIB Brand --,Mirka Abrasives Inc (MIRUS),Mirka Ltd.,MIRKA®,,9A-219-120RP,,Tools & Hardware>Abrasives>Cutting & Grinding Discs,"MIRKA®, Abrasive Disc, 9A-219-120RP, Aluminum Oxide",ABRASIVE DISC 4X6X6 ALUM OXIDE,"MIRKA®, 9A-219-120RP, Abrasive Disc, Aluminum Oxide","MIRKA® Abrasive Disc, 9 A, 4x6x6, Aluminum Oxide","MIRKA®, Abrasive Disc, Aluminum Oxide",,,,,,,,,,,,,,,,,,,,,,,,,,,Abrasive Disc,Item Type,,,Dimensions,4x6x6,,Grit,,,Arbor Size,,,Abrasive Material,Aluminum Oxide,,Pack Quantity,,,Additional Information,,,,,,,,,,,,,,,,,,,,,,,,,,,Amperage,9,A,,,,,,,,,,,,,,,,,,,,,,,,,,,,,,,,,,,,,,,,,,,,,,,,,,,,,,,,,,,,,,,,,,,,,,,,,,,,,,,,,,,,,,,,,,,,,,,,,,,,,,,,,,,,,1,EA,,,,,,,,,,,,,,,,,,,,,,,,,,,,,,,,,,,,,US,No,No
https://www.milwaukeetool.com/product/3033-20,,,,,,3033-20,,,,3033-20,3033-20,"3033-20 Milw M18 24"" - Hedge Trimmer",-- Unbranded --,-- No Unilog Brand --,-- No DIB Brand --,Milwaukee Accessory (4031),Milwaukee Electric Tool Corporation,MILWAUKEE®,,3033-20,,,"MILWAUKEE®, Hedge Trimmer, 3033-20",HEDGE TRIMMER M18 24 IN,"MILWAUKEE®, 3033-20, Hedge Trimmer","MILWAUKEE® Hedge Trimmer, M18 V, 24 in","MILWAUKEE®, Hedge Trimmer",,,,,,,,,,,,,,,,,,,,,,,,,,,Hedge Trimmer,Series,,,Model,,,Item Type,,,Voltage Rating,M18,,Amperage Rating,,,Dimensions,24,in,Mounting Type,,,Material,,,Color,,,Sound Level,,,Additional Information,,,,,,,,,,,,,,,,,,,,,,,,,,,,,,,,,,,,,,,,,,,,,,,,,,,,,,,,,,,,,,,,,,,,,,,,,,,,,,,,,,,,,,,,,,,,,,,,,,,,,,,,,,,,,,,,,,,,,,,,,,,,,,1,EA,,,,,,,,,,,,,,,,,,,,,,,,,,,,,,,,,,,,,US,No,No
https://www.milwaukeetool.com/product/3033-21,,,,,,3033-21,,,,3033-21,3033-21,"3033-21 Milw M18 24"" - Hedge Trimmer Kit",-- Unbranded --,-- No Unilog Brand --,-- No DIB Brand --,Milwaukee Accessory (4031),Milwaukee Electric Tool Corporation,MILWAUKEE®,,3033-21,,,"MILWAUKEE®, Hedge Trimmer, 3033-21",HEDGE TRIMMER M18 24 IN,"MILWAUKEE®, 3033-21, Hedge Trimmer","MILWAUKEE® Hedge Trimmer, M18 V, 24 in","MILWAUKEE®, Hedge Trimmer",,,,,,,,,,,,,,,,,,,,,,,,,,,Hedge Trimmer,Series,,,Model,,,Item Type,,,Voltage Rating,M18,,Amperage Rating,,,Dimensions,24,in,Mounting Type,,,Material,,,Color,,,Sound Level,,,Additional Information,,,,,,,,,,,,,,,,,,,,,,,,,,,,,,,,,,,,,,,,,,,,,,,,,,,,,,,,,,,,,,,,,,,,,,,,,,,,,,,,,,,,,,,,,,,,,,,,,,,,,,,,,,,,,,,,,,,,,,,,,,,,,,1,EA,,,,,,,,,,,,,,,,,,,,,,,,,,,,,,,,,,,,,US,No,No
https://www.milwaukeetool.com/product/3034-20,,,,,,3034-20,,,,3034-20,3034-20,"3034-20 Milw M18 30"" - Hedge Trimmer",-- Unbranded --,-- No Unilog Brand --,-- No DIB Brand --,Milwaukee Accessory (4031),Milwaukee Electric Tool Corporation,MILWAUKEE®,,3034-20,,,"MILWAUKEE®, Hedge Trimmer, 3034-20",HEDGE TRIMMER M18 30 IN,"MILWAUKEE®, 3034-20, Hedge Trimmer","MILWAUKEE® Hedge Trimmer, M18 V, 30 in","MILWAUKEE®, Hedge Trimmer",,,,,,,,,,,,,,,,,,,,,,,,,,,Hedge Trimmer,Series,,,Model,,,Item Type,,,Voltage Rating,M18,,Amperage Rating,,,Dimensions,30,in,Mounting Type,,,Material,,,Color,,,Sound Level,,,Additional Information,,,,,,,,,,,,,,,,,,,,,,,,,,,,,,,,,,,,,,,,,,,,,,,,,,,,,,,,,,,,,,,,,,,,,,,,,,,,,,,,,,,,,,,,,,,,,,,,,,,,,,,,,,,,,,,,,,,,,,,,,,,,,,1,EA,,,,,,,,,,,,,,,,,,,,,,,,,,,,,,,,,,,,,US,No,No
https://www.kleintools.com/product/D25333K,,,,,,D25333K,,,,D25333K,D25333K,D25333K Dewalt Hammer Drill,-- Unbranded --,-- No Unilog Brand --,-- No DIB Brand --,Black & Decker/dewlt (2585),Klein Tools Inc.,KLEIN TOOLS®,,D25333K,,,"KLEIN TOOLS®, Drill, D25333K",DRILL,"KLEIN TOOLS®, D25333K, Drill",KLEIN TOOLS® Drill,"KLEIN TOOLS®, Drill",,,,,,,,,,,,,,,,,,,,,,,,,,,Drill,Series,,,Model,,,Item Type,,,Voltage Rating,,,Amperage Rating,,,Dimensions,,,Mounting Type,,,Material,,,Color,,,Sound Level,,,Additional Information,,,,,,,,,,,,,,,,,,,,,,,,,,,,,,,,,,,,,,,,,,,,,,,,,,,,,,,,,,,,,,,,,,,,,,,,,,,,,,,,,,,,,,,,,,,,,,,,,,,,,,,,,,,,,,,,,,,,,,,,,,,,,,1,EA,,,,,,,,,,,,,,,,,,,,,,,,,,,,,,,,,,,,,US,No,No
https://www.dewalt.com/product/DCD803B,,,,,,DCD803B,,,,DCD803B,DCD803B,DCD803B Dewalt Multi-Head Drill Driver,-- Unbranded --,-- No Unilog Brand --,-- No DIB Brand --,Black & Decker/dewlt (2585),Stanley Black & Decker,DEWALT®,,DCD803B,,,"DEWALT®, Drill Driver, DCD803B",DRILL DRIVER 18 V,"DEWALT®, DCD803B, Drill Driver","DEWALT® Drill Driver, 18 V","DEWALT®, Drill Driver",,,,,,,,,,,,,,,,,,,,,,,,,,,Drill Driver,Series,,,Model,,,Item Type,,,Voltage Rating,18,V,Amperage Rating,,,Dimensions,,,Mounting Type,,,Material,,,Color,,,Sound Level,,,Additional Information,,,,,,,,,,,,,,,,,,,,,,,,,,,,,,,,,,,,,,,,,,,,,,,,,,,,,,,,,,,,,,,,,,,,,,,,,,,,,,,,,,,,,,,,,,,,,,,,,,,,,,,,,,,,,,,,,,,,,,,,,,,,,,1,EA,,,,,,,,,,,,,,,,,,,,,,,,,,,,,,,,,,,,,US,No,No
https://www.dewalt.com/product/DCF860B,,,,,,DCF860B,,,,DCF860B,DCF860B,DCF860B Dewalt 20V Impact - Driver Drill,-- Unbranded --,-- No Unilog Brand --,-- No DIB Brand --,Black & Decker/dewlt (2585),Stanley Black & Decker,DEWALT®,,DCF860B,,,"DEWALT®, Drill, DCF860B",DRILL 20 V,"DEWALT®, DCF860B, Drill","DEWALT® Drill, 20 V","DEWALT®, Drill",,,,,,,,,,,,,,,,,,,,,,,,,,,Drill,Series,,,Model,,,Item Type,,,Voltage Rating,20,V,Amperage Rating,,,Dimensions,,,Mounting Type,,,Material,,,Color,,,Sound Level,,,Additional Information,,,,,,,,,,,,,,,,,,,,,,,,,,,,,,,,,,,,,,,,,,,,,,,,,,,,,,,,,,,,,,,,,,,,,,,,,,,,,,,,,,,,,,,,,,,,,,,,,,,,,,,,,,,,,,,,,,,,,,,,,,,,,,1,EA,,,,,,,,,,,,,,,,,,,,,,,,,,,,,,,,,,,,,US,No,No
https://www.milwaukeetool.com/product/3401-20,,,,,,3401-20,,,,3401-20,3401-20,3401-20 Milw M12 Drill Driver - Brushless Compact,-- Unbranded --,-- No Unilog Brand --,-- No DIB Brand --,Milwaukee Accessory (4031),Milwaukee Electric Tool Corporation,MILWAUKEE®,,3401-20,,,"MILWAUKEE®, Drill Driver, 3401-20",DRILL DRIVER M12,"MILWAUKEE®, 3401-20, Drill Driver","MILWAUKEE® Drill Driver, M12 V","MILWAUKEE®, Drill Driver",,,,,,,,,,,,,,,,,,,,,,,,,,,Drill Driver,Series,,,Model,,,Item Type,,,Voltage Rating,M12,,Amperage Rating,,,Dimensions,,,Mounting Type,,,Material,,,Color,,,Sound Level,,,Additional Information,,,,,,,,,,,,,,,,,,,,,,,,,,,,,,,,,,,,,,,,,,,,,,,,,,,,,,,,,,,,,,,,,,,,,,,,,,,,,,,,,,,,,,,,,,,,,,,,,,,,,,,,,,,,,,,,,,,,,,,,,,,,,,1,EA,,,,,,,,,,,,,,,,,,,,,,,,,,,,,,,,,,,,,US,No,No
https://www.kregtool.com/product/KPTDR050A,,,,,,KPTDR050A,,,,KPTDR050A,KPTDR050A,KPTDR050A Kreg 20V Ionic Compact Drill,-- Unbranded --,-- No Unilog Brand --,-- No DIB Brand --,Kreg Tool Company (KRETO),Kreg Tool Company,KREG®,,KPTDR050A,,,"KREG®, Drill, KPTDR050A",DRILL 20 V,"KREG®, KPTDR050A, Drill","KREG® Drill, 20 V","KREG®, Drill",,,,,,,,,,,,,,,,,,,,,,,,,,,Drill,Series,,,Model,,,Item Type,,,Voltage Rating,20,V,Amperage Rating,,,Dimensions,,,Mounting Type,,,Material,,,Color,,,Sound Level,,,Additional Information,,,,,,,,,,,,,,,,,,,,,,,,,,,,,,,,,,,,,,,,,,,,,,,,,,,,,,,,,,,,,,,,,,,,,,,,,,,,,,,,,,,,,,,,,,,,,,,,,,,,,,,,,,,,,,,,,,,,,,,,,,,,,,1,EA,,,,,,,,,,,,,,,,,,,,,,,,,,,,,,,,,,,,,US,No,No
https://www.dewalt.com/product/DCD1007B,,,,,,DCD1007B,,,,DCD1007B,DCD1007B,"DCD1007B Dewalt 20V Cordless - 1/2"" Hammer Drill",-- Unbranded --,-- No Unilog Brand --,-- No DIB Brand --,Black & Decker/dewlt (2585),Stanley Black & Decker,DEWALT®,,DCD1007B,,,"DEWALT®, Drill, DCD1007B",DRILL 20 V,"DEWALT®, DCD1007B, Drill","DEWALT® Drill, 20 V","DEWALT®, Drill",,,,,,,,,,,,,,,,,,,,,,,,,,,Drill,Series,,,Model,,,Item Type,,,Voltage Rating,20,V,Amperage Rating,,,Dimensions,,,Mounting Type,,,Material,,,Color,,,Sound Level,,,Additional Information,,,,,,,,,,,,,,,,,,,,,,,,,,,,,,,,,,,,,,,,,,,,,,,,,,,,,,,,,,,,,,,,,,,,,,,,,,,,,,,,,,,,,,,,,,,,,,,,,,,,,,,,,,,,,,,,,,,,,,,,,,,,,,1,EA,,,,,,,,,,,,,,,,,,,,,,,,,,,,,,,,,,,,,US,No,No
https://www.dewalt.com/product/DCD799B,,,,,,DCD799B,,,,DCD799B,DCD799B,DCD799B Dewalt Drill,-- Unbranded --,-- No Unilog Brand --,-- No DIB Brand --,Black & Decker/dewlt (2585),Stanley Black & Decker,DEWALT®,,DCD799B,,,"DEWALT®, Drill, DCD799B",DRILL,"DEWALT®, DCD799B, Drill",DEWALT® Drill,"DEWALT®, Drill",,,,,,,,,,,,,,,,,,,,,,,,,,,Drill,Series,,,Model,,,Item Type,,,Voltage Rating,,,Amperage Rating,,,Dimensions,,,Mounting Type,,,Material,,,Color,,,Sound Level,,,Additional Information,,,,,,,,,,,,,,,,,,,,,,,,,,,,,,,,,,,,,,,,,,,,,,,,,,,,,,,,,,,,,,,,,,,,,,,,,,,,,,,,,,,,,,,,,,,,,,,,,,,,,,,,,,,,,,,,,,,,,,,,,,,,,,1,EA,,,,,,,,,,,,,,,,,,,,,,,,,,,,,,,,,,,,,US,No,No
https://www.ustape.com/product/58006,,,,,,58006,,,,58006,58006,58006 Voyager Drill Press,-- Unbranded --,-- No Unilog Brand --,-- No DIB Brand --,King Canada Inc (KINCA),U.S. Tape Company,U.S. TAPE®,,58006,,,"U.S. TAPE®, Drill Press, 58006",DRILL PRESS,"U.S. TAPE®, 58006, Drill Press",U.S. TAPE® Drill Press,"U.S. TAPE®, Drill Press",,,,,,,,,,,,,,,,,,,,,,,,,,,Drill Press,Series,,,Model,,,Item Type,,,Voltage Rating,,,Amperage Rating,,,Dimensions,,,Mounting Type,,,Material,,,Color,,,Sound Level,,,Additional Information,,,,,,,,,,,,,,,,,,,,,,,,,,,,,,,,,,,,,,,,,,,,,,,,,,,,,,,,,,,,,,,,,,,,,,,,,,,,,,,,,,,,,,,,,,,,,,,,,,,,,,,,,,,,,,,,,,,,,,,,,,,,,,1,EA,,,,,,,,,,,,,,,,,,,,,,,,,,,,,,,,,,,,,US,No,No
https://www.milwaukeetool.com/product/2909-20,,,,,,2909-20,,,,2909-20,2909-20,2909-20 Milw Roofing Nailer - M18,-- Unbranded --,-- No Unilog Brand --,-- No DIB Brand --,Milwaukee Accessory (4031),Milwaukee Electric Tool Corporation,MILWAUKEE®,,2909-20,,,"MILWAUKEE®, Drill, 2909-20",DRILL 18,"MILWAUKEE®, 2909-20, Drill","MILWAUKEE® Drill, 18 V","MILWAUKEE®, Drill",,,,,,,,,,,,,,,,,,,,,,,,,,,Drill,Series,,,Model,,,Item Type,,,Voltage Rating,18,,Amperage Rating,,,Dimensions,,,Mounting Type,,,Material,,,Color,,,Sound Level,,,Additional Information,,,,,,,,,,,,,,,,,,,,,,,,,,,,,,,,,,,,,,,,,,,,,,,,,,,,,,,,,,,,,,,,,,,,,,,,,,,,,,,,,,,,,,,,,,,,,,,,,,,,,,,,,,,,,,,,,,,,,,,,,,,,,,1,EA,,,,,,,,,,,,,,,,,,,,,,,,,,,,,,,,,,,,,US,No,No
https://www.milwaukeetool.com/product/2909-21,,,,,,2909-21,,,,2909-21,2909-21,2909-21 Milw M18 Coil Roofing - Nailer Kit,-- Unbranded --,-- No Unilog Brand --,-- No DIB Brand --,Milwaukee Accessory (4031),Milwaukee Electric Tool Corporation,MILWAUKEE®,,2909-21,,,"MILWAUKEE®, Drill, 2909-21",DRILL 18,"MILWAUKEE®, 2909-21, Drill","MILWAUKEE® Drill, 18 V","MILWAUKEE®, Drill",,,,,,,,,,,,,,,,,,,,,,,,,,,Drill,Series,,,Model,,,Item Type,,,Voltage Rating,18,,Amperage Rating,,,Dimensions,,,Mounting Type,,,Material,,,Color,,,Sound Level,,,Additional Information,,,,,,,,,,,,,,,,,,,,,,,,,,,,,,,,,,,,,,,,,,,,,,,,,,,,,,,,,,,,,,,,,,,,,,,,,,,,,,,,,,,,,,,,,,,,,,,,,,,,,,,,,,,,,,,,,,,,,,,,,,,,,,1,EA,,,,,,,,,,,,,,,,,,,,,,,,,,,,,,,,,,,,,US,No,No
,,,,,,918200,,,,918200,918200,918200 Paslode CT200S24 18Ga ST Brad Nailer,-- Unbranded --,-- No Unilog Brand --,-- No DIB Brand --,National Nail Corp (7439),National Nail Corp,National Nail Corp,,918200,,,"National Nail Corp, Nailer, 918200",NAILER,"National Nail Corp, 918200, Nailer",National Nail Corp Nailer,"National Nail Corp, Nailer",,,,,,,,,,,,,,,,,,,,,,,,,,,Nailer,Series,,,Model,,,Item Type,,,Voltage Rating,,,Amperage Rating,,,Dimensions,,,Mounting Type,,,Material,,,Color,,,Sound Level,,,Additional Information,,,,,,,,,,,,,,,Manufacturer,National Nail Corp,,Catalog Category,General Commercial,,,,,,,,,,,,,,,,,,,,,,,,,,,,,,,,,,,,,,,,,,,,,,,,,,,,,,,,,,,,,,,,,,,,,,,,,,,,,,,,,,,,,,,,,,,,,,,,,,,,,,,,,,,1,EA,,,,,,,,,,,,,,,,,,,,,,,,,,,,,,,,,,,,,US,No,No
https://www.milwaukeetool.com/product/2541-20,,,,,,2541-20,,,,2541-20,2541-20,2541-20 Milw M12 - Compact Brad Nailer,-- Unbranded --,-- No Unilog Brand --,-- No DIB Brand --,Milwaukee Accessory (4031),Milwaukee Electric Tool Corporation,MILWAUKEE®,,2541-20,,,"MILWAUKEE®, Brad Nailer, 2541-20",BRAD NAILER M12,"MILWAUKEE®, 2541-20, Brad Nailer","MILWAUKEE® Brad Nailer, M12 V","MILWAUKEE®, Brad Nailer",,,,,,,,,,,,,,,,,,,,,,,,,,,Brad Nailer,Series,,,Model,,,Item Type,,,Voltage Rating,M12,,Amperage Rating,,,Dimensions,,,Mounting Type,,,Material,,,Color,,,Sound Level,,,Additional Information,,,,,,,,,,,,,,,,,,,,,,,,,,,,,,,,,,,,,,,,,,,,,,,,,,,,,,,,,,,,,,,,,,,,,,,,,,,,,,,,,,,,,,,,,,,,,,,,,,,,,,,,,,,,,,,,,,,,,,,,,,,,,,1,EA,,,,,,,,,,,,,,,,,,,,,,,,,,,,,,,,,,,,,US,No,No
https://www.dewalt.com/product/DCN930B,,,,,,DCN930B,,,,DCN930B,DCN930B,DCN930B Dewalt 20V 30 Degree - Framing Nailer,-- Unbranded --,-- No Unilog Brand --,-- No DIB Brand --,Black & Decker/dewlt (2585),Stanley Black & Decker,DEWALT®,,DCN930B,,,"DEWALT®, Framing Nailer, DCN930B",FRAMING NAILER 20 V,"DEWALT®, DCN930B, Framing Nailer","DEWALT® Framing Nailer, 20 V","DEWALT®, Framing Nailer",,,,,,,,,,,,,,,,,,,,,,,,,,,Framing Nailer,Series,,,Model,,,Item Type,,,Voltage Rating,20,V,Amperage Rating,,,Dimensions,,,Mounting Type,,,Material,,,Color,,,Sound Level,,,Additional Information,,,,,,,,,,,,,,,,,,,,,,,,,,,,,,,,,,,,,,,,,,,,,,,,,,,,,,,,,,,,,,,,,,,,,,,,,,,,,,,,,,,,,,,,,,,,,,,,,,,,,,,,,,,,,,,,,,,,,,,,,,,,,,1,EA,,,,,,,,,,,,,,,,,,,,,,,,,,,,,,,,,,,,,US,No,No
https://www.dewalt.com/product/DCN930P1,,,,,,DCN930P1,,,,DCN930P1,DCN930P1,DCN930P1 Dewalt 20V 30 Degree - Framing Nailer Kit,-- Unbranded --,-- No Unilog Brand --,-- No DIB Brand --,Black & Decker/dewlt (2585),Stanley Black & Decker,DEWALT®,,DCN930P1,,,"DEWALT®, Framing Nailer, DCN930P1",FRAMING NAILER 20 V,"DEWALT®, DCN930P1, Framing Nailer","DEWALT® Framing Nailer, 20 V","DEWALT®, Framing Nailer",,,,,,,,,,,,,,,,,,,,,,,,,,,Framing Nailer,Series,,,Model,,,Item Type,,,Voltage Rating,20,V,Amperage Rating,,,Dimensions,,,Mounting Type,,,Material,,,Color,,,Sound Level,,,Additional Information,,,,,,,,,,,,,,,,,,,,,,,,,,,,,,,,,,,,,,,,,,,,,,,,,,,,,,,,,,,,,,,,,,,,,,,,,,,,,,,,,,,,,,,,,,,,,,,,,,,,,,,,,,,,,,,,,,,,,,,,,,,,,,1,EA,,,,,,,,,,,,,,,,,,,,,,,,,,,,,,,,,,,,,US,No,No
https://www.makitatools.com/product/XNB04Z,,,,,,XNB04Z,,,,XNB04Z,XNB04Z,"XNB04Z Makita 18V 2"" Brad Nailer 18GA",-- Unbranded --,-- No Unilog Brand --,-- No DIB Brand --,Makita Usa Inc (5142),Makita Corporation,MAKITA®,,XNB04Z,,,"MAKITA®, Brad Nailer, XNB04Z",BRAD NAILER 18 V,"MAKITA®, XNB04Z, Brad Nailer","MAKITA® Brad Nailer, 18 V","MAKITA®, Brad Nailer",,,,,,,,,,,,,,,,,,,,,,,,,,,Brad Nailer,Series,,,Model,,,Item Type,,,Voltage Rating,18,V,Amperage Rating,,,Dimensions,,,Mounting Type,,,Material,,,Color,,,Sound Level,,,Additional Information,,,,,,,,,,,,,,,,,,,,,,,,,,,,,,,,,,,,,,,,,,,,,,,,,,,,,,,,,,,,,,,,,,,,,,,,,,,,,,,,,,,,,,,,,,,,,,,,,,,,,,,,,,,,,,,,,,,,,,,,,,,,,,1,EA,,,,,,,,,,,,,,,,,,,,,,,,,,,,,,,,,,,,,US,No,No
https://www.makitatools.com/product/XNB05Z,,,,,,XNB05Z,,,,XNB05Z,XNB05Z,"XNB05Z Makita 18V 2-1/2"" Straight Finish Nailer 16GA",-- Unbranded --,-- No Unilog Brand --,-- No DIB Brand --,Makita Usa Inc (5142),Makita Corporation,MAKITA®,,XNB05Z,,,"MAKITA®, Nailer, XNB05Z",NAILER 18 V 2-1/2 IN,"MAKITA®, XNB05Z, Nailer","MAKITA® Nailer, 18 V, 2-1/2 in","MAKITA®, Nailer",,,,,,,,,,,,,,,,,,,,,,,,,,,Nailer,Series,,,Model,,,Item Type,,,Voltage Rating,18,V,Amperage Rating,,,Dimensions,2-1/2,in,Mounting Type,,,Material,,,Color,,,Sound Level,,,Additional Information,,,,,,,,,,,,,,,Manufacturer,MAKITA®,,Catalog Category,General Commercial,,,,,,,,,,,,,,,,,,,,,,,,,,,,,,,,,,,,,,,,,,,,,,,,,,,,,,,,,,,,,,,,,,,,,,,,,,,,,,,,,,,,,,,,,,,,,,,,,,,,,,,,,,,1,EA,,,,,,,,,,,,,,,,,,,,,,,,,,,,,,,,,,,,,US,No,No
https://www.makitatools.com/product/XNB06Z,,,,,,XNB06Z,,,,XNB06Z,XNB06Z,"XNB06Z Makita 18V 2-1/2"" Angled Finish Nailer 16GA",-- Unbranded --,-- No Unilog Brand --,-- No DIB Brand --,Makita Usa Inc (5142),Makita Corporation,MAKITA®,,XNB06Z,,,"MAKITA®, Nailer, XNB06Z",NAILER 18 V,"MAKITA®, XNB06Z, Nailer","MAKITA® Nailer, 18 V","MAKITA®, Nailer",,,,,,,,,,,,,,,,,,,,,,,,,,,Nailer,Series,,,Model,,,Item Type,,,Voltage Rating,18,V,Amperage Rating,,,Dimensions,,,Mounting Type,,,Material,,,Color,,,Sound Level,,,Additional Information,,,,,,,,,,,,,,,Manufacturer,MAKITA®,,Catalog Category,General Commercial,,,,,,,,,,,,,,,,,,,,,,,,,,,,,,,,,,,,,,,,,,,,,,,,,,,,,,,,,,,,,,,,,,,,,,,,,,,,,,,,,,,,,,,,,,,,,,,,,,,,,,,,,,,1,EA,,,,,,,,,,,,,,,,,,,,,,,,,,,,,,,,,,,,,US,No,No
https://www.makitatools.com/product/XNB07Z,,,,,,XNB07Z,,,,XNB07Z,XNB07Z,XNB07Z Makita 18V LXT BL 30 Nailer,-- Unbranded --,-- No Unilog Brand --,-- No DIB Brand --,Makita Usa Inc (5142),Makita Corporation,MAKITA®,,XNB07Z,,,"MAKITA®, Nailer, XNB07Z",NAILER 18 V,"MAKITA®, XNB07Z, Nailer","MAKITA® Nailer, 18 V","MAKITA®, Nailer",,,,,,,,,,,,,,,,,,,,,,,,,,,Nailer,Series,,,Model,,,Item Type,,,Voltage Rating,18,V,Amperage Rating,,,Dimensions,,,Mounting Type,,,Material,,,Color,,,Sound Level,,,Additional Information,,,,,,,,,,,,,,,,,,,,,,,,,,,,,,,,,,,,,,,,,,,,,,,,,,,,,,,,,,,,,,,,,,,,,,,,,,,,,,,,,,,,,,,,,,,,,,,,,,,,,,,,,,,,,,,,,,,,,,,,,,,,,,1,EA,,,,,,,,,,,,,,,,,,,,,,,,,,,,,,,,,,,,,US,No,No
https://www.edgeeyewear.com/product/DZN930,,,,,,DZN930,,,,DZN930,DZN930,DZN930 Dewalt 30 Degree - Framing Magazine,-- Unbranded --,-- No Unilog Brand --,-- No DIB Brand --,Black & Decker/dewlt (2585),Edge Eyewear,EDGE SAFETY®,,DZN930,,,"EDGE SAFETY®, Framing Magazine, DZN930",FRAMING MAGAZINE,"EDGE SAFETY®, DZN930, Framing Magazine",EDGE SAFETY® Framing Magazine,"EDGE SAFETY®, Framing Magazine",,,,,,,,,,,,,,,,,,,,,,,,,,,Framing Magazine,Series,,,Model,,,Item Type,,,Voltage Rating,,,Amperage Rating,,,Dimensions,,,Mounting Type,,,Material,,,Color,,,Sound Level,,,Additional Information,,,,,,,,,,,,,,,Manufacturer,EDGE SAFETY®,,Catalog Category,General Commercial,,,,,,,,,,,,,,,,,,,,,,,,,,,,,,,,,,,,,,,,,,,,,,,,,,,,,,,,,,,,,,,,,,,,,,,,,,,,,,,,,,,,,,,,,,,,,,,,,,,,,,,,,,,1,EA,,,,,,,,,,,,,,,,,,,,,,,,,,,,,,,,,,,,,US,No,No
https://www.kleintools.com/product/220USB25U,,,,,,220USB25U,,,,220USB25U,220USB25U,220USB25U Vessel Screwdriver w/25pc Bit Set,-- Unbranded --,-- No Unilog Brand --,-- No DIB Brand --,Vessel Tools USA Inc (VESTO),Klein Tools Inc.,KLEIN TOOLS®,,220USB25U,,,"KLEIN TOOLS®, Screwdriver, 220USB25U",SCREWDRIVER,"KLEIN TOOLS®, 220USB25U, Screwdriver",KLEIN TOOLS® Screwdriver,"KLEIN TOOLS®, Screwdriver",,,,,,,,,,,,,,,,,,,,,,,,,,,Screwdriver,Series,,,Model,,,Item Type,,,Voltage Rating,,,Amperage Rating,,,Dimensions,,,Mounting Type,,,Material,,,Color,,,Sound Level,,,Additional Information,,,,,,,,,,,,,,,,,,,,,,,,,,,,,,,,,,,,,,,,,,,,,,,,,,,,,,,,,,,,,,,,,,,,,,,,,,,,,,,,,,,,,,,,,,,,,,,,,,,,,,,,,,,,,,,,,,,,,,,,,,,,,,1,EA,,,,,,,,,,,,,,,,,,,,,,,,,,,,,,,,,,,,,US,No,No
https://www.makitatools.com/product/XRF03Z,,,,,,XRF03Z,,,,XRF03Z,XRF03Z,XRF03Z Makita 18V Screwdriver - Autofeed,-- Unbranded --,-- No Unilog Brand --,-- No DIB Brand --,Makita Usa Inc (5142),Makita Corporation,MAKITA®,,XRF03Z,,,"MAKITA®, Drill, XRF03Z",DRILL 18 V,"MAKITA®, XRF03Z, Drill","MAKITA® Drill, 18 V","MAKITA®, Drill",,,,,,,,,,,,,,,,,,,,,,,,,,,Drill,Series,,,Model,,,Item Type,,,Voltage Rating,18,V,Amperage Rating,,,Dimensions,,,Mounting Type,,,Material,,,Color,,,Sound Level,,,Additional Information,,,,,,,,,,,,,,,,,,,,,,,,,,,,,,,,,,,,,,,,,,,,,,,,,,,,,,,,,,,,,,,,,,,,,,,,,,,,,,,,,,,,,,,,,,,,,,,,,,,,,,,,,,,,,,,,,,,,,,,,,,,,,,1,EA,,,,,,,,,,,,,,,,,,,,,,,,,,,,,,,,,,,,,US,No,No
https://www.kleintools.com/product/220USBP5U,,,,,,220USBP5U,,,,220USBP5U,220USBP5U,220USBP5U Vessel Screwdriver Plus w/5pc Bit Set,-- Unbranded --,-- No Unilog Brand --,-- No DIB Brand --,Vessel Tools USA Inc (VESTO),Klein Tools Inc.,KLEIN TOOLS®,,220USBP5U,,,"KLEIN TOOLS®, Screwdriver, 220USBP5U",SCREWDRIVER,"KLEIN TOOLS®, 220USBP5U, Screwdriver",KLEIN TOOLS® Screwdriver,"KLEIN TOOLS®, Screwdriver",,,,,,,,,,,,,,,,,,,,,,,,,,,Screwdriver,Series,,,Model,,,Item Type,,,Voltage Rating,,,Amperage Rating,,,Dimensions,,,Mounting Type,,,Material,,,Color,,,Sound Level,,,Additional Information,,,,,,,,,,,,,,,,,,,,,,,,,,,,,,,,,,,,,,,,,,,,,,,,,,,,,,,,,,,,,,,,,,,,,,,,,,,,,,,,,,,,,,,,,,,,,,,,,,,,,,,,,,,,,,,,,,,,,,,,,,,,,,1,EA,,,,,,,,,,,,,,,,,,,,,,,,,,,,,,,,,,,,,US,No,No
https://www.milwaukeetool.com/product/49-66-4567,,,,,,49-66-4567,,,,49-66-4567,49-66-4567,"49-66-4567 Milw 6"" Magnetic - Impact Driver Set 6pc",-- Unbranded --,-- No Unilog Brand --,-- No DIB Brand --,Milwaukee Accessory (4031),Milwaukee Electric Tool Corporation,MILWAUKEE®,,49-66-4567,,,"MILWAUKEE®, Drill Bit, 49-66-4567",DRILL BIT,"MILWAUKEE®, 49-66-4567, Drill Bit",MILWAUKEE® Drill Bit,"MILWAUKEE®, Drill Bit",,,,,,,,,,,,,,,,,,,,,,,,,,,Drill Bit,Series,,,Model,,,Item Type,,,Voltage Rating,,,Amperage Rating,,,Dimensions,,,Mounting Type,,,Material,,,Color,,,Sound Level,,,Additional Information,,,,,,,,,,,,,,,set_size,6pc,,tool_type,Impact Driver,,length,"6""",,,,,,,,,,,,,,,,,,,,,,,,,,,,,,,,,,,,,,,,,,,,,,,,,,,,,,,,,,,,,,,,,,,,,,,,,,,,,,,,,,,,,,,,,,,,,,,,,,,,,,,,1,EA,,,,,,,,,,,,,,,,,,,,,,,,,,,,,,,,,,,,,US,No,No
https://www.kleintools.com/product/IBMG90K003,,,,,,IBMG90K003,,,,IBMG90K003,IBMG90K003,"IBMG90K003 Vessel Impact Ball Torsion Bit Assort 5pc 3.5""",-- Unbranded --,-- No Unilog Brand --,-- No DIB Brand --,Vessel Tools USA Inc (VESTO),Klein Tools Inc.,KLEIN TOOLS®,,IBMG90K003,,,"KLEIN TOOLS®, Drill Bit, IBMG90K003",DRILL BIT 3-1/2 IN,"KLEIN TOOLS®, IBMG90K003, Drill Bit","KLEIN TOOLS® Drill Bit, 3-1/2 in","KLEIN TOOLS®, Drill Bit",,,,,,,,,,,,,,,,,,,,,,,,,,,Drill Bit,Series,,,Model,,,Item Type,,,Voltage Rating,,,Amperage Rating,,,Dimensions,3-1/2,in,Mounting Type,,,Material,,,Color,,,Sound Level,,,Additional Information,,,,,,,,,,,,,,,Manufacturer Part Number,IMBG90K003,,Supplier / Manufacturer,KLEIN TOOLS,,Catalog Category,General Commercial,,Assortment Size,5pc,,Bit Length,"3.5""",,,,,,,,,,,,,,,,,,,,,,,,,,,,,,,,,,,,,,,,,,,,,,,,,,,,,,,,,,,,,,,,,,,,,,,,,,,,,,,,,,,,,,,,,,,,,,,,,,1,EA,,,,,,,,,,,,,,,,,,,,,,,,,,,,,,,,,,,,,US,No,No
https://www.kleintools.com/product/IBPH250P15T,,,,,,IBPH250P15T,,,,IBPH250P15T,IBPH250P15T,"IBPH250P15T Vessel Torsion Bit 2"" 15pc",-- Unbranded --,-- No Unilog Brand --,-- No DIB Brand --,Vessel Tools USA Inc (VESTO),Klein Tools Inc.,KLEIN TOOLS®,,IBPH250P15T,,,"KLEIN TOOLS®, Drill Bit, IBPH250P15T, Bi-Metal",DRILL BIT BI-METAL 2 IN,"KLEIN TOOLS®, IBPH250P15T, Drill Bit, Bi-Metal","KLEIN TOOLS® Drill Bit, 2 in, Bi-Metal","KLEIN TOOLS®, Drill Bit, Bi-Metal",,,,,,,,,,,,,,,,,,,,,,,,,,,Drill Bit,Series,,,Model,,,Item Type,,,Voltage Rating,,,Amperage Rating,,,Dimensions,2,in,Mounting Type,,,Material,Bi-Metal,,Color,,,Sound Level,,,Additional Information,,,,,,,,,,,,,,,pack_quantity,15pc,,,,,,,,,,,,,,,,,,,,,,,,,,,,,,,,,,,,,,,,,,,,,,,,,,,,,,,,,,,,,,,,,,,,,,,,,,,,,,,,,,,,,,,,,,,,,,,,,,,,,,,,,,,,,,1,EA,,,,,,,,,,,,,,,,,,,,,,,,,,,,,,,,,,,,,US,No,No
https://www.freudtools.com/product/DPH12B,,,,,,DPH12B,,,,DPH12B,DPH12B,"DPH12B 2"" #1 Phillips Drive - Bit",-- Unbranded --,-- No Unilog Brand --,-- No DIB Brand --,Freud Inc (2435),Robert Bosch Tool Corporation,FREUD®,,DPH12B,,,"FREUD®, Drill Bit, DPH12B, Bi-Metal",DRILL BIT BI-METAL,"FREUD®, DPH12B, Drill Bit, Bi-Metal","FREUD® Drill Bit, Bi-Metal","FREUD®, Drill Bit, Bi-Metal",,,,,,,,,,,,,,,,,,,,,,,,,,,Drill Bit,Series,,,Model,,,Item Type,,,Voltage Rating,,,Amperage Rating,,,Dimensions,,,Mounting Type,,,Material,Bi-Metal,,Color,,,Sound Level,,,Additional Information,,,,,,,,,,,,,,,drive_type,#1 Phillips,,bit_size,"2""",,,,,,,,,,,,,,,,,,,,,,,,,,,,,,,,,,,,,,,,,,,,,,,,,,,,,,,,,,,,,,,,,,,,,,,,,,,,,,,,,,,,,,,,,,,,,,,,,,,,,,,,,,,1,EA,,,,,,,,,,,,,,,,,,,,,,,,,,,,,,,,,,,,,US,No,No
https://www.freudtools.com/product/DPH135B,,,,,,DPH135B,,,,DPH135B,DPH135B,"DPH135B 3-1/2"" #1 Phillips - Drive Bit",-- Unbranded --,-- No Unilog Brand --,-- No DIB Brand --,Freud Inc (2435),Robert Bosch Tool Corporation,FREUD®,,DPH135B,,,"FREUD®, Drill Bit, DPH135B, High Speed Steel",DRILL BIT HSS 3-1/2 IN,"FREUD®, DPH135B, Drill Bit, High Speed Steel","FREUD® Drill Bit, 3-1/2 in, High Speed Steel","FREUD®, Drill Bit, High Speed Steel",,,,,,,,,,,,,,,,,,,,,,,,,,,Drill Bit,Series,,,Model,,,Item Type,,,Voltage Rating,,,Amperage Rating,,,Dimensions,3-1/2,in,Mounting Type,,,Material,High Speed Steel,,Color,,,Sound Level,,,Additional Information,,,,,,,,,,,,,,,,,,,,,,,,,,,,,,,,,,,,,,,,,,,,,,,,,,,,,,,,,,,,,,,,,,,,,,,,,,,,,,,,,,,,,,,,,,,,,,,,,,,,,,,,,,,,,,,,,,,,,,,,,,,,,,1,EA,,,,,,,,,,,,,,,,,,,,,,,,,,,,,,,,,,,,,US,No,No
https://www.freudtools.com/product/DPH21B,,,,,,DPH21B,,,,DPH21B,DPH21B,"DPH21B 1"" #2 Phillips Drive - Bit",-- Unbranded --,-- No Unilog Brand --,-- No DIB Brand --,Freud Inc (2435),Robert Bosch Tool Corporation,FREUD®,,DPH21B,,,"FREUD®, Drill Bit, DPH21B",DRILL BIT,"FREUD®, DPH21B, Drill Bit",FREUD® Drill Bit,"FREUD®, Drill Bit",,,,,,,,,,,,,,,,,,,,,,,,,,,Drill Bit,Series,,,Model,,,Item Type,,,Voltage Rating,,,Amperage Rating,,,Dimensions,,,Mounting Type,,,Material,,,Color,,,Sound Level,,,Additional Information,,,,,,,,,,,,,,,drive_type,#2 Phillips,,diameter_inch,"1""",,,,,,,,,,,,,,,,,,,,,,,,,,,,,,,,,,,,,,,,,,,,,,,,,,,,,,,,,,,,,,,,,,,,,,,,,,,,,,,,,,,,,,,,,,,,,,,,,,,,,,,,,,,1,EA,,,,,,,,,,,,,,,,,,,,,,,,,,,,,,,,,,,,,US,No,No
https://www.freudtools.com/product/DPH22B,,,,,,DPH22B,,,,DPH22B,DPH22B,"DPH22B 2"" #2 Phillips Drive - Bit",-- Unbranded --,-- No Unilog Brand --,-- No DIB Brand --,Freud Inc (2435),Robert Bosch Tool Corporation,FREUD®,,DPH22B,,,"FREUD®, Drill Bit, DPH22B",DRILL BIT,"FREUD®, DPH22B, Drill Bit",FREUD® Drill Bit,"FREUD®, Drill Bit",,,,,,,,,,,,,,,,,,,,,,,,,,,Drill Bit,Series,,,Model,,,Item Type,,,Voltage Rating,,,Amperage Rating,,,Dimensions,"2""",,Mounting Type,,,Material,,,Color,,,Sound Level,,,Additional Information,,,,,,,,,,,,,,,drive_type,#2 Phillips,,,,,,,,,,,,,,,,,,,,,,,,,,,,,,,,,,,,,,,,,,,,,,,,,,,,,,,,,,,,,,,,,,,,,,,,,,,,,,,,,,,,,,,,,,,,,,,,,,,,,,,,,,,,,,1,EA,,,,,,,,,,,,,,,,,,,,,,,,,,,,,,,,,,,,,US,No,No
https://www.freudtools.com/product/DPH235B,,,,,,DPH235B,,,,DPH235B,DPH235B,"DPH235B 3-1/2"" #2 Phillips - Drive Bit",-- Unbranded --,-- No Unilog Brand --,-- No DIB Brand --,Freud Inc (2435),Robert Bosch Tool Corporation,FREUD®,,DPH235B,,,"FREUD®, Drill Bit, DPH235B, High Speed Steel",DRILL BIT HSS 3-1/2 IN,"FREUD®, DPH235B, Drill Bit, High Speed Steel","FREUD® Drill Bit, 3-1/2 in, High Speed Steel","FREUD®, Drill Bit, High Speed Steel",,,,,,,,,,,,,,,,,,,,,,,,,,,Drill Bit,Series,,,Model,,,Item Type,,,Voltage Rating,,,Amperage Rating,,,Dimensions,"3-1/2""",,Mounting Type,,,Material,High Speed Steel,,Color,,,Sound Level,,,Additional Information,,,,,,,,,,,,,,,Size,3-1/2,in,drive_type,#2 Phillips,,,,,,,,,,,,,,,,,,,,,,,,,,,,,,,,,,,,,,,,,,,,,,,,,,,,,,,,,,,,,,,,,,,,,,,,,,,,,,,,,,,,,,,,,,,,,,,,,,,,,,,,,,,1,EA,,,,,,,,,,,,,,,,,,,,,,,,,,,,,,,,,,,,,US,No,No
https://www.freudtools.com/product/DPH26B,,,,,,DPH26B,,,,DPH26B,DPH26B,"DPH26B 6"" #2 Phillips Drive - Bit",-- Unbranded --,-- No Unilog Brand --,-- No DIB Brand --,Freud Inc (2435),Robert Bosch Tool Corporation,FREUD®,,DPH26B,,,"FREUD®, Drill Bit, DPH26B, Bi-Metal",DRILL BIT BI-METAL,"FREUD®, DPH26B, Drill Bit, Bi-Metal","FREUD® Drill Bit, Bi-Metal","FREUD®, Drill Bit, Bi-Metal",,,,,,,,,,,,,,,,,,,,,,,,,,,Drill Bit,Series,,,Model,,,Item Type,,,Voltage Rating,,,Amperage Rating,,,Dimensions,"6""",,Mounting Type,,,Material,Bi-Metal,,Color,,,Sound Level,,,Additional Information,,,,,,,,,,,,,,,drive_type,#2 Phillips,,,,,,,,,,,,,,,,,,,,,,,,,,,,,,,,,,,,,,,,,,,,,,,,,,,,,,,,,,,,,,,,,,,,,,,,,,,,,,,,,,,,,,,,,,,,,,,,,,,,,,,,,,,,,,1,EA,,,,,,,,,,,,,,,,,,,,,,,,,,,,,,,,,,,,,US,No,No
https://www.freudtools.com/product/DPH2R1B,,,,,,DPH2R1B,,,,DPH2R1B,DPH2R1B,"DPH2R1B 1"" #2 Phillips Drywall - Screws Drive Bit",-- Unbranded --,-- No Unilog Brand --,-- No DIB Brand --,Freud Inc (2435),Robert Bosch Tool Corporation,FREUD®,,DPH2R1B,,,"FREUD®, Drive Bit, DPH2R1B, High Carbon Steel",DRIVE BIT HIGH CS,"FREUD®, DPH2R1B, Drive Bit, High Carbon Steel","FREUD® Drive Bit, High Carbon Steel","FREUD®, Drive Bit, High Carbon Steel",,,,,,,,,,,,,,,,,,,,,,,,,,,Drive Bit,Series,,,Model,,,Item Type,,,Voltage Rating,,,Amperage Rating,,,Dimensions,,,Mounting Type,,,Material,High Carbon Steel,,Color,,,Sound Level,,,Additional Information,,,,,,,,,,,,,,,drive_type,#2 Phillips,,length,1 inch,,application,Drywall,,pack_quantity,None,,,,,,,,,,,,,,,,,,,,,,,,,,,,,,,,,,,,,,,,,,,,,,,,,,,,,,,,,,,,,,,,,,,,,,,,,,,,,,,,,,,,,,,,,,,,,,,,,,,,,1,EA,,,,,,,,,,,,,,,,,,,,,,,,,,,,,,,,,,,,,US,No,No
https://www.freudtools.com/product/DPH31B,,,,,,DPH31B,,,,DPH31B,DPH31B,"DPH31B 1"" #3 Phillips Drive - Bit",-- Unbranded --,-- No Unilog Brand --,-- No DIB Brand --,Freud Inc (2435),Robert Bosch Tool Corporation,FREUD®,,DPH31B,,,"FREUD®, Drill Bit, DPH31B, Bi-Metal",DRILL BIT BI-METAL,"FREUD®, DPH31B, Drill Bit, Bi-Metal","FREUD® Drill Bit, Bi-Metal","FREUD®, Drill Bit, Bi-Metal",,,,,,,,,,,,,,,,,,,,,,,,,,,Drill Bit,Series,,,Model,,,Item Type,,,Voltage Rating,,,Amperage Rating,,,Dimensions,,,Mounting Type,,,Material,Bi-Metal,,Color,,,Sound Level,,,Additional Information,,,,,,,,,,,,,,,drive_type,"1"" #3 Phillips",,catalog_category,General Commercial,,,,,,,,,,,,,,,,,,,,,,,,,,,,,,,,,,,,,,,,,,,,,,,,,,,,,,,,,,,,,,,,,,,,,,,,,,,,,,,,,,,,,,,,,,,,,,,,,,,,,,,,,,,1,EA,,,,,,,,,,,,,,,,,,,,,,,,,,,,,,,,,,,,,US,No,No
https://www.freudtools.com/product/DPH32B,,,,,,DPH32B,,,,DPH32B,DPH32B,"DPH32B 2"" #3 Phillips Drive - Bit",-- Unbranded --,-- No Unilog Brand --,-- No DIB Brand --,Freud Inc (2435),Robert Bosch Tool Corporation,FREUD®,,DPH32B,,,"FREUD®, Drill Bit, DPH32B, Bi-Metal",DRILL BIT BI-METAL,"FREUD®, DPH32B, Drill Bit, Bi-Metal","FREUD® Drill Bit, Bi-Metal","FREUD®, Drill Bit, Bi-Metal",,,,,,,,,,,,,,,,,,,,,,,,,,,Drill Bit,Series,,,Model,,,Item Type,,,Voltage Rating,,,Amperage Rating,,,Dimensions,,,Mounting Type,,,Material,Bi-Metal,,Color,,,Sound Level,,,Additional Information,,,,,,,,,,,,,,,drive_type,#3 Phillips,,shank_size,"2""",,description,"2"" #3 Phillips Drive - Bit",,,,,,,,,,,,,,,,,,,,,,,,,,,,,,,,,,,,,,,,,,,,,,,,,,,,,,,,,,,,,,,,,,,,,,,,,,,,,,,,,,,,,,,,,,,,,,,,,,,,,,,,1,EA,,,,,,,,,,,,,,,,,,,,,,,,,,,,,,,,,,,,,US,No,No
https://www.freudtools.com/product/DPH335B,,,,,,DPH335B,,,,DPH335B,DPH335B,"DPH335B 3-1/2"" #3 Phillips - Drive Bit",-- Unbranded --,-- No Unilog Brand --,-- No DIB Brand --,Freud Inc (2435),Robert Bosch Tool Corporation,FREUD®,,DPH335B,,,"FREUD®, Drive Bit, DPH335B",DRIVE BIT,"FREUD®, DPH335B, Drive Bit",FREUD® Drive Bit,"FREUD®, Drive Bit",,,,,,,,,,,,,,,,,,,,,,,,,,,Drive Bit,Series,,,Model,,,Item Type,,,Voltage Rating,,,Amperage Rating,,,Dimensions,,,Mounting Type,,,Material,,,Color,,,Sound Level,,,Additional Information,,,,,,,,,,,,,,,,,,,,,,,,,,,,,,,,,,,,,,,,,,,,,,,,,,,,,,,,,,,,,,,,,,,,,,,,,,,,,,,,,,,,,,,,,,,,,,,,,,,,,,,,,,,,,,,,,,,,,,,,,,,,,,1,EA,,,,,,,,,,,,,,,,,,,,,,,,,,,,,,,,,,,,,US,No,No
https://www.freudtools.com/product/DSQ12B,,,,,,DSQ12B,,,,DSQ12B,DSQ12B,"DSQ12B 2"" #1 Square Drive Bit",-- Unbranded --,-- No Unilog Brand --,-- No DIB Brand --,Freud Inc (2435),Robert Bosch Tool Corporation,FREUD®,,DSQ12B,,,"FREUD®, Drill Bit, DSQ12B, Bi-Metal",DRILL BIT BI-METAL,"FREUD®, DSQ12B, Drill Bit, Bi-Metal","FREUD® Drill Bit, Bi-Metal","FREUD®, Drill Bit, Bi-Metal",,,,,,,,,,,,,,,,,,,,,,,,,,,Drill Bit,Series,,,Model,,,Item Type,,,Voltage Rating,,,Amperage Rating,,,Dimensions,,,Mounting Type,,,Material,Bi-Metal,,Color,,,Sound Level,,,Additional Information,,,,,,,,,,,,,,,drive_type,Square Drive,,size_inches,"2""",,description,"2"" #1 Square Drive Bit",,,,,,,,,,,,,,,,,,,,,,,,,,,,,,,,,,,,,,,,,,,,,,,,,,,,,,,,,,,,,,,,,,,,,,,,,,,,,,,,,,,,,,,,,,,,,,,,,,,,,,,,1,EA,,,,,,,,,,,,,,,,,,,,,,,,,,,,,,,,,,,,,US,No,No
https://www.freudtools.com/product/DSQ22B,,,,,,DSQ22B,,,,DSQ22B,DSQ22B,"DSQ22B 2"" #2 Square Drive Bit",-- Unbranded --,-- No Unilog Brand --,-- No DIB Brand --,Freud Inc (2435),Robert Bosch Tool Corporation,FREUD®,,DSQ22B,,,"FREUD®, Drill Bit, DSQ22B, Bi-Metal",DRILL BIT BI-METAL,"FREUD®, DSQ22B, Drill Bit, Bi-Metal","FREUD® Drill Bit, Bi-Metal","FREUD®, Drill Bit, Bi-Metal",,,,,,,,,,,,,,,,,,,,,,,,,,,Drill Bit,Series,,,Model,,,Item Type,,,Voltage Rating,,,Amperage Rating,,,Dimensions,,,Mounting Type,,,Material,Bi-Metal,,Color,,,Sound Level,,,Additional Information,,,,,,,,,,,,,,,drive_type,"2"" Square Drive",,bit_size,"2""",,description,"2"" #2 Square Drive Bit",,,,,,,,,,,,,,,,,,,,,,,,,,,,,,,,,,,,,,,,,,,,,,,,,,,,,,,,,,,,,,,,,,,,,,,,,,,,,,,,,,,,,,,,,,,,,,,,,,,,,,,,1,EA,,,,,,,,,,,,,,,,,,,,,,,,,,,,,,,,,,,,,US,No,No
https://www.freudtools.com/product/DSQ26B,,,,,,DSQ26B,,,,DSQ26B,DSQ26B,"DSQ26B 6"" #2 Square Drive Bit",-- Unbranded --,-- No Unilog Brand --,-- No DIB Brand --,Freud Inc (2435),Robert Bosch Tool Corporation,FREUD®,,DSQ26B,,,"FREUD®, Drill Bit, DSQ26B, Bi-Metal",DRILL BIT BI-METAL 6 IN,"FREUD®, DSQ26B, Drill Bit, Bi-Metal","FREUD® Drill Bit, 6 in, Bi-Metal","FREUD®, Drill Bit, Bi-Metal",,,,,,,,,,,,,,,,,,,,,,,,,,,Drill Bit,Series,,,Model,,,Item Type,,,Voltage Rating,,,Amperage Rating,,,Dimensions,6,in,Mounting Type,,,Material,Bi-Metal,,Color,,,Sound Level,,,Additional Information,,,,,,,,,,,,,,,,,,,,,,,,,,,,,,,,,,,,,,,,,,,,,,,,,,,,,,,,,,,,,,,,,,,,,,,,,,,,,,,,,,,,,,,,,,,,,,,,,,,,,,,,,,,,,,,,,,,,,,,,,,,,,,1,EA,,,,,,,,,,,,,,,,,,,,,,,,,,,,,,,,,,,,,US,No,No
https://www.freudtools.com/product/DSQ32B,,,,,,DSQ32B,,,,DSQ32B,DSQ32B,"DSQ32B 2"" #3 Square Drive Bit",-- Unbranded --,-- No Unilog Brand --,-- No DIB Brand --,Freud Inc (2435),Robert Bosch Tool Corporation,FREUD®,,DSQ32B,,,"FREUD®, Drill Bit, DSQ32B, Bi-Metal",DRILL BIT BI-METAL,"FREUD®, DSQ32B, Drill Bit, Bi-Metal","FREUD® Drill Bit, Bi-Metal","FREUD®, Drill Bit, Bi-Metal",,,,,,,,,,,,,,,,,,,,,,,,,,,Drill Bit,Series,,,Model,,,Item Type,,,Voltage Rating,,,Amperage Rating,,,Dimensions,,,Mounting Type,,,Material,Bi-Metal,,Color,,,Sound Level,,,Additional Information,,,,,,,,,,,,,,,drive_type,Square Drive,,bit_size,"2""",,point_type,#3,,,,,,,,,,,,,,,,,,,,,,,,,,,,,,,,,,,,,,,,,,,,,,,,,,,,,,,,,,,,,,,,,,,,,,,,,,,,,,,,,,,,,,,,,,,,,,,,,,,,,,,,1,EA,,,,,,,,,,,,,,,,,,,,,,,,,,,,,,,,,,,,,US,No,No
https://www.freudtools.com/product/DT102B,,,,,,DT102B,,,,DT102B,DT102B,"DT102B 2"" #10 Torx Drive Bit",-- Unbranded --,-- No Unilog Brand --,-- No DIB Brand --,Freud Inc (2435),Robert Bosch Tool Corporation,FREUD®,,DT102B,,,"FREUD®, Drill Bit, DT102B, Bi-Metal",DRILL BIT BI-METAL,"FREUD®, DT102B, Drill Bit, Bi-Metal","FREUD® Drill Bit, Bi-Metal","FREUD®, Drill Bit, Bi-Metal",,,,,,,,,,,,,,,,,,,,,,,,,,,Drill Bit,Series,,,Model,,,Item Type,,,Voltage Rating,,,Amperage Rating,,,Dimensions,,,Mounting Type,,,Material,Bi-Metal,,Color,,,Sound Level,,,Additional Information,,,,,,,,,,,,,,,drive_type,Torx,,bit_size_inches,2,,bit_designation,#10,,,,,,,,,,,,,,,,,,,,,,,,,,,,,,,,,,,,,,,,,,,,,,,,,,,,,,,,,,,,,,,,,,,,,,,,,,,,,,,,,,,,,,,,,,,,,,,,,,,,,,,,1,EA,,,,,,,,,,,,,,,,,,,,,,,,,,,,,,,,,,,,,US,No,No
https://www.freudtools.com/product/DT152B,,,,,,DT152B,,,,DT152B,DT152B,"DT152B 2"" #15 Torx Drive Bit",-- Unbranded --,-- No Unilog Brand --,-- No DIB Brand --,Freud Inc (2435),Robert Bosch Tool Corporation,FREUD®,,DT152B,,,"FREUD®, Drill Bit, DT152B, Bi-Metal",DRILL BIT BI-METAL,"FREUD®, DT152B, Drill Bit, Bi-Metal","FREUD® Drill Bit, Bi-Metal","FREUD®, Drill Bit, Bi-Metal",,,,,,,,,,,,,,,,,,,,,,,,,,,Drill Bit,Series,,,Model,,,Item Type,,,Voltage Rating,,,Amperage Rating,,,Dimensions,,,Mounting Type,,,Material,Bi-Metal,,Color,,,Sound Level,,,Additional Information,,,,,,,,,,,,,,,drive_type,Torx,,bit_size,"2""",,product_line,#15,,,,,,,,,,,,,,,,,,,,,,,,,,,,,,,,,,,,,,,,,,,,,,,,,,,,,,,,,,,,,,,,,,,,,,,,,,,,,,,,,,,,,,,,,,,,,,,,,,,,,,,,1,EA,,,,,,,,,,,,,,,,,,,,,,,,,,,,,,,,,,,,,US,No,No
https://www.freudtools.com/product/DT1535B,,,,,,DT1535B,,,,DT1535B,DT1535B,"DT1535B 3-1/2"" #15 Torx Drive - Bit",-- Unbranded --,-- No Unilog Brand --,-- No DIB Brand --,Freud Inc (2435),Robert Bosch Tool Corporation,FREUD®,,DT1535B,,,"FREUD®, Drill Bit, DT1535B, Bi-Metal",DRILL BIT BI-METAL 3-1/2 IN,"FREUD®, DT1535B, Drill Bit, Bi-Metal","FREUD® Drill Bit, 3-1/2 in, Bi-Metal","FREUD®, Drill Bit, Bi-Metal",,,,,,,,,,,,,,,,,,,,,,,,,,,Drill Bit,Series,,,Model,,,Item Type,,,Voltage Rating,,,Amperage Rating,,,Dimensions,3-1/2,in,Mounting Type,,,Material,Bi-Metal,,Color,,,Sound Level,,,Additional Information,,,,,,,,,,,,,,,torx_drive,Torx,,bit_length,"3-1/2""",,drive_type,#15 Torx Drive,,,,,,,,,,,,,,,,,,,,,,,,,,,,,,,,,,,,,,,,,,,,,,,,,,,,,,,,,,,,,,,,,,,,,,,,,,,,,,,,,,,,,,,,,,,,,,,,,,,,,,,,1,EA,,,,,,,,,,,,,,,,,,,,,,,,,,,,,,,,,,,,,US,No,No
https://www.freudtools.com/product/DT202B,,,,,,DT202B,,,,DT202B,DT202B,"DT202B 2"" #20 Torx Drive Bit",-- Unbranded --,-- No Unilog Brand --,-- No DIB Brand --,Freud Inc (2435),Robert Bosch Tool Corporation,FREUD®,,DT202B,,,"FREUD®, Drill Bit, DT202B, Bi-Metal",DRILL BIT BI-METAL,"FREUD®, DT202B, Drill Bit, Bi-Metal","FREUD® Drill Bit, Bi-Metal","FREUD®, Drill Bit, Bi-Metal",,,,,,,,,,,,,,,,,,,,,,,,,,,Drill Bit,Series,,,Model,,,Item Type,,,Voltage Rating,,,Amperage Rating,,,Dimensions,,,Mounting Type,,,Material,Bi-Metal,,Color,,,Sound Level,,,Additional Information,,,,,,,,,,,,,,,drive_type,Torx,,bit_size,"2""",,bit_designation,#20,,,,,,,,,,,,,,,,,,,,,,,,,,,,,,,,,,,,,,,,,,,,,,,,,,,,,,,,,,,,,,,,,,,,,,,,,,,,,,,,,,,,,,,,,,,,,,,,,,,,,,,,1,EA,,,,,,,,,,,,,,,,,,,,,,,,,,,,,,,,,,,,,US,No,No
https://www.freudtools.com/product/DT2035B,,,,,,DT2035B,,,,DT2035B,DT2035B,"DT2035B 3-1/2"" #20 Torx Drive - Bit",-- Unbranded --,-- No Unilog Brand --,-- No DIB Brand --,Freud Inc (2435),Robert Bosch Tool Corporation,FREUD®,,DT2035B,,,"FREUD®, Drill Bit, DT2035B, Bi-Metal",DRILL BIT BI-METAL 3-1/2 IN,"FREUD®, DT2035B, Drill Bit, Bi-Metal","FREUD® Drill Bit, 3-1/2 in, Bi-Metal","FREUD®, Drill Bit, Bi-Metal",,,,,,,,,,,,,,,,,,,,,,,,,,,Drill Bit,Series,,,Model,,,Item Type,,,Voltage Rating,,,Amperage Rating,,,Dimensions,3-1/2,in,Mounting Type,,,Material,Bi-Metal,,Color,,,Sound Level,,,Additional Information,,,,,,,,,,,,,,,,,,,,,,,,,,,,,,,,,,,,,,,,,,,,,,,,,,,,,,,,,,,,,,,,,,,,,,,,,,,,,,,,,,,,,,,,,,,,,,,,,,,,,,,,,,,,,,,,,,,,,,,,,,,,,,1,EA,,,,,,,,,,,,,,,,,,,,,,,,,,,,,,,,,,,,,US,No,No
https://www.freudtools.com/product/DT206B,,,,,,DT206B,,,,DT206B,DT206B,"DT206B 6"" #20 Torx Drive Bit",-- Unbranded --,-- No Unilog Brand --,-- No DIB Brand --,Freud Inc (2435),Robert Bosch Tool Corporation,FREUD®,,DT206B,,,"FREUD®, Drill Bit, DT206B, Bi-Metal",DRILL BIT BI-METAL,"FREUD®, DT206B, Drill Bit, Bi-Metal","FREUD® Drill Bit, Bi-Metal","FREUD®, Drill Bit, Bi-Metal",,,,,,,,,,,,,,,,,,,,,,,,,,,Drill Bit,Series,,,Model,,,Item Type,,,Voltage Rating,,,Amperage Rating,,,Dimensions,,,Mounting Type,,,Material,Bi-Metal,,Color,,,Sound Level,,,Additional Information,,,,,,,,,,,,,,,drive_type,Torx,,bit_size,"6""",,bit_designation,#20,,,,,,,,,,,,,,,,,,,,,,,,,,,,,,,,,,,,,,,,,,,,,,,,,,,,,,,,,,,,,,,,,,,,,,,,,,,,,,,,,,,,,,,,,,,,,,,,,,,,,,,,1,EA,,,,,,,,,,,,,,,,,,,,,,,,,,,,,,,,,,,,,US,No,No
https://www.freudtools.com/product/DT252B,,,,,,DT252B,,,,DT252B,DT252B,"DT252B 2"" #25 Trox Drive Bit",-- Unbranded --,-- No Unilog Brand --,-- No DIB Brand --,Freud Inc (2435),Robert Bosch Tool Corporation,FREUD®,,DT252B,,,"FREUD®, Drill Bit, DT252B, Bi-Metal",DRILL BIT BI-METAL,"FREUD®, DT252B, Drill Bit, Bi-Metal","FREUD® Drill Bit, Bi-Metal","FREUD®, Drill Bit, Bi-Metal",,,,,,,,,,,,,,,,,,,,,,,,,,,Drill Bit,Series,,,Model,,,Item Type,,,Voltage Rating,,,Amperage Rating,,,Dimensions,,,Mounting Type,,,Material,Bi-Metal,,Color,,,Sound Level,,,Additional Information,,,,,,,,,,,,,,,drive_type,Trox,,bit_size,"2""",,bit_designation,#25,,,,,,,,,,,,,,,,,,,,,,,,,,,,,,,,,,,,,,,,,,,,,,,,,,,,,,,,,,,,,,,,,,,,,,,,,,,,,,,,,,,,,,,,,,,,,,,,,,,,,,,,1,EA,,,,,,,,,,,,,,,,,,,,,,,,,,,,,,,,,,,,,US,No,No
https://www.freudtools.com/product/DT2535B,,,,,,DT2535B,,,,DT2535B,DT2535B,"DT2535B 3-1/4"" #25 Torx Drive - Bit",-- Unbranded --,-- No Unilog Brand --,-- No DIB Brand --,Freud Inc (2435),Robert Bosch Tool Corporation,FREUD®,,DT2535B,,,"FREUD®, Drill Bit, DT2535B, Bi-Metal",DRILL BIT BI-METAL 3-1/4 IN,"FREUD®, DT2535B, Drill Bit, Bi-Metal","FREUD® Drill Bit, 3-1/4 in, Bi-Metal","FREUD®, Drill Bit, Bi-Metal",,,,,,,,,,,,,,,,,,,,,,,,,,,Drill Bit,Series,,,Model,,,Item Type,,,Voltage Rating,,,Amperage Rating,,,Dimensions,3-1/4,in,Mounting Type,,,Material,Bi-Metal,,Color,,,Sound Level,,,Additional Information,,,,,,,,,,,,,,,,,,,,,,,,,,,,,,,,,,,,,,,,,,,,,,,,,,,,,,,,,,,,,,,,,,,,,,,,,,,,,,,,,,,,,,,,,,,,,,,,,,,,,,,,,,,,,,,,,,,,,,,,,,,,,,1,EA,,,,,,,,,,,,,,,,,,,,,,,,,,,,,,,,,,,,,US,No,No
https://www.freudtools.com/product/DT256B,,,,,,DT256B,,,,DT256B,DT256B,"DT256B 6"" #25 Torx Drive Bit",-- Unbranded --,-- No Unilog Brand --,-- No DIB Brand --,Freud Inc (2435),Robert Bosch Tool Corporation,FREUD®,,DT256B,,,"FREUD®, Drill Bit, DT256B, Bi-Metal",DRILL BIT BI-METAL 6 IN,"FREUD®, DT256B, Drill Bit, Bi-Metal","FREUD® Drill Bit, 6 in, Bi-Metal","FREUD®, Drill Bit, Bi-Metal",,,,,,,,,,,,,,,,,,,,,,,,,,,Drill Bit,Series,,,Model,,,Item Type,,,Voltage Rating,,,Amperage Rating,,,Dimensions,6,in,Mounting Type,,,Material,Bi-Metal,,Color,,,Sound Level,,,Additional Information,,,,,,,,,,,,,,,drive_type,Torx,,bit_size,#25,,,,,,,,,,,,,,,,,,,,,,,,,,,,,,,,,,,,,,,,,,,,,,,,,,,,,,,,,,,,,,,,,,,,,,,,,,,,,,,,,,,,,,,,,,,,,,,,,,,,,,,,,,,1,EA,,,,,,,,,,,,,,,,,,,,,,,,,,,,,,,,,,,,,US,No,No
https://www.freudtools.com/product/DT302B,,,,,,DT302B,,,,DT302B,DT302B,"DT302B 2"" #30 Torx Drive Bit",-- Unbranded --,-- No Unilog Brand --,-- No DIB Brand --,Freud Inc (2435),Robert Bosch Tool Corporation,FREUD®,,DT302B,,,"FREUD®, Drill Bit, DT302B, Bi-Metal",DRILL BIT BI-METAL,"FREUD®, DT302B, Drill Bit, Bi-Metal","FREUD® Drill Bit, Bi-Metal","FREUD®, Drill Bit, Bi-Metal",,,,,,,,,,,,,,,,,,,,,,,,,,,Drill Bit,Series,,,Model,,,Item Type,,,Voltage Rating,,,Amperage Rating,,,Dimensions,,,Mounting Type,,,Material,Bi-Metal,,Color,,,Sound Level,,,Additional Information,,,,,,,,,,,,,,,drive_type,Torx,,bit_size,"2""",,grain_size,#30,,,,,,,,,,,,,,,,,,,,,,,,,,,,,,,,,,,,,,,,,,,,,,,,,,,,,,,,,,,,,,,,,,,,,,,,,,,,,,,,,,,,,,,,,,,,,,,,,,,,,,,,1,EA,,,,,,,,,,,,,,,,,,,,,,,,,,,,,,,,,,,,,US,No,No
https://www.freudtools.com/product/DT402B,,,,,,DT402B,,,,DT402B,DT402B,"DT402B 2"" #40 Torx Drive Bit",-- Unbranded --,-- No Unilog Brand --,-- No DIB Brand --,Freud Inc (2435),Robert Bosch Tool Corporation,FREUD®,,DT402B,,,"FREUD®, Drill Bit, DT402B, Bi-Metal",DRILL BIT BI-METAL,"FREUD®, DT402B, Drill Bit, Bi-Metal","FREUD® Drill Bit, Bi-Metal","FREUD®, Drill Bit, Bi-Metal",,,,,,,,,,,,,,,,,,,,,,,,,,,Drill Bit,Series,,,Model,,,Item Type,,,Voltage Rating,,,Amperage Rating,,,Dimensions,"2""",,Mounting Type,,,Material,Bi-Metal,,Color,,,Sound Level,,,Additional Information,,,,,,,,,,,,,,,drive_type,Torx,,bit_designation,#40,,,,,,,,,,,,,,,,,,,,,,,,,,,,,,,,,,,,,,,,,,,,,,,,,,,,,,,,,,,,,,,,,,,,,,,,,,,,,,,,,,,,,,,,,,,,,,,,,,,,,,,,,,,1,EA,,,,,,,,,,,,,,,,,,,,,,,,,,,,,,,,,,,,,US,No,No
https://www.freudtools.com/product/DDWSSB,,,,,,DDWSSB,,,,DDWSSB,DDWSSB,DDWSSB #2 Drywall Screw Setter,-- Unbranded --,-- No Unilog Brand --,-- No DIB Brand --,Freud Inc (2435),Robert Bosch Tool Corporation,FREUD®,,DDWSSB,,,"FREUD®, Drywall Screw Setter, DDWSSB",DRYWALL SCREW SETTER,"FREUD®, DDWSSB, Drywall Screw Setter",FREUD® Drywall Screw Setter,"FREUD®, Drywall Screw Setter",,,,,,,,,,,,,,,,,,,,,,,,,,,Drywall Screw Setter,Series,,,Model,,,Item Type,,,Voltage Rating,,,Amperage Rating,,,Dimensions,,,Mounting Type,,,Material,,,Color,,,Sound Level,,,Additional Information,,,,,,,,,,,,,,,,,,,,,,,,,,,,,,,,,,,,,,,,,,,,,,,,,,,,,,,,,,,,,,,,,,,,,,,,,,,,,,,,,,,,,,,,,,,,,,,,,,,,,,,,,,,,,,,,,,,,,,,,,,,,,,1,EA,,,,,,,,,,,,,,,,,,,,,,,,,,,,,,,,,,,,,US,No,No
https://www.makitatools.com/product/191V02-0,,,,,,191V02-0,,,,191V02-0,191V02-0,191V02-0 Makita #2 Phillips Bit 5pk,-- Unbranded --,-- No Unilog Brand --,-- No DIB Brand --,Makita Usa Inc (5142),Makita Corporation,MAKITA®,,191V02-0,,,"MAKITA®, Drill Bit, 191V02-0",DRILL BIT,"MAKITA®, 191V02-0, Drill Bit",MAKITA® Drill Bit,"MAKITA®, Drill Bit",,,,,,,,,,,,,,,,,,,,,,,,,,,Drill Bit,Series,,,Model,,,Item Type,,,Voltage Rating,,,Amperage Rating,,,Dimensions,,,Mounting Type,,,Material,,,Color,,,Sound Level,,,Additional Information,,,,,,,,,,,,,,,pack_quantity,5pk,,,,,,,,,,,,,,,,,,,,,,,,,,,,,,,,,,,,,,,,,,,,,,,,,,,,,,,,,,,,,,,,,,,,,,,,,,,,,,,,,,,,,,,,,,,,,,,,,,,,,,,,,,,,,,1,EA,,,,,,,,,,,,,,,,,,,,,,,,,,,,,,,,,,,,,US,No,No
https://www.makitatools.com/product/XTS02Z,,,,,,XTS02Z,,,,XTS02Z,XTS02Z,"XTS02Z Makita 18V 1/4"" Narrow Crown Stapler 18GA",-- Unbranded --,-- No Unilog Brand --,-- No DIB Brand --,Makita Usa Inc (5142),Makita Corporation,MAKITA®,,XTS02Z,,,"MAKITA®, Stapler, XTS02Z",STAPLER 18 V,"MAKITA®, XTS02Z, Stapler","MAKITA® Stapler, 18 V","MAKITA®, Stapler",,,,,,,,,,,,,,,,,,,,,,,,,,,Stapler,Series,,,Model,,,Item Type,,,Voltage Rating,18,V,Amperage Rating,,,Dimensions,,,Mounting Type,,,Material,,,Color,,,Sound Level,,,Additional Information,,,,,,,,,,,,,,,Manufacturer Part Number,XTS02Z,,Supplier / Manufacturer,MAKITA®,,Catalog Category,General Commercial,,,,,,,,,,,,,,,,,,,,,,,,,,,,,,,,,,,,,,,,,,,,,,,,,,,,,,,,,,,,,,,,,,,,,,,,,,,,,,,,,,,,,,,,,,,,,,,,,,,,,,,,1,EA,,,,,,,,,,,,,,,,,,,,,,,,,,,,,,,,,,,,,US,No,No
https://www.dewalt.com/product/DCF809D1,,,,,,DCF809D1,,,,DCF809D1,DCF809D1,"DCF809D1 Dewalt Atomic 20V 1/4"" Impact Driver Kit",-- Unbranded --,-- No Unilog Brand --,-- No DIB Brand --,Black & Decker/dewlt (2585),Stanley Black & Decker,DEWALT®,,DCF809D1,,,"DEWALT®, Drill Driver, DCF809D1",DRILL DRIVER 20 V,"DEWALT®, DCF809D1, Drill Driver","DEWALT® Drill Driver, 20 V","DEWALT®, Drill Driver",,,,,,,,,,,,,,,,,,,,,,,,,,,Drill Driver,Series,,,Model,,,Item Type,,,Voltage Rating,20,V,Amperage Rating,,,Dimensions,,,Mounting Type,,,Material,,,Color,,,Sound Level,,,Additional Information,,,,,,,,,,,,,,,,,,,,,,,,,,,,,,,,,,,,,,,,,,,,,,,,,,,,,,,,,,,,,,,,,,,,,,,,,,,,,,,,,,,,,,,,,,,,,,,,,,,,,,,,,,,,,,,,,,,,,,,,,,,,,,1,EA,,,,,,,,,,,,,,,,,,,,,,,,,,,,,,,,,,,,,US,No,No
https://www.milwaukeetool.com/product/2761-20,,,,,,2761-20,,,,2761-20,2761-20,"2761-20 Milw M18 1/4"" Hex Hydraulic Driver",-- Unbranded --,-- No Unilog Brand --,-- No DIB Brand --,Milwaukee Accessory (4031),Milwaukee Electric Tool Corporation,MILWAUKEE®,,2761-20,,,"MILWAUKEE®, Drill, 2761-20",DRILL 18,"MILWAUKEE®, 2761-20, Drill","MILWAUKEE® Drill, 18 V","MILWAUKEE®, Drill",,,,,,,,,,,,,,,,,,,,,,,,,,,Drill,Series,,,Model,,,Item Type,,,Voltage Rating,18,,Amperage Rating,,,Dimensions,,,Mounting Type,,,Material,,,Color,,,Sound Level,,,Additional Information,,,,,,,,,,,,,,,,,,,,,,,,,,,,,,,,,,,,,,,,,,,,,,,,,,,,,,,,,,,,,,,,,,,,,,,,,,,,,,,,,,,,,,,,,,,,,,,,,,,,,,,,,,,,,,,,,,,,,,,,,,,,,,1,EA,,,,,,,,,,,,,,,,,,,,,,,,,,,,,,,,,,,,,US,No,No
https://www.milwaukeetool.com/product/2761-22,,,,,,2761-22,,,,2761-22,2761-22,2761-22 Milw M18 Surge Kit,-- Unbranded --,-- No Unilog Brand --,-- No DIB Brand --,Milwaukee Accessory (4031),Milwaukee Electric Tool Corporation,MILWAUKEE®,,2761-22,,,"MILWAUKEE®, Drill Kit, 2761-22",DRILL KIT 18,"MILWAUKEE®, 2761-22, Drill Kit","MILWAUKEE® Drill Kit, 18 V","MILWAUKEE®, Drill Kit",,,,,,,,,,,,,,,,,,,,,,,,,,,Drill Kit,Series,,,Model,,,Item Type,,,Voltage Rating,18,,Amperage Rating,,,Dimensions,,,Mounting Type,,,Material,,,Color,,,Sound Level,,,Additional Information,,,,,,,,,,,,,,,,,,,,,,,,,,,,,,,,,,,,,,,,,,,,,,,,,,,,,,,,,,,,,,,,,,,,,,,,,,,,,,,,,,,,,,,,,,,,,,,,,,,,,,,,,,,,,,,,,,,,,,,,,,,,,,1,EA,,,,,,,,,,,,,,,,,,,,,,,,,,,,,,,,,,,,,US,No,No
https://www.milwaukeetool.com/product/3450-20,,,,,,3450-20,,,,3450-20,3450-20,3450-20 Milw M12 Impact Driver - Brushless Compact,-- Unbranded --,-- No Unilog Brand --,-- No DIB Brand --,Milwaukee Accessory (4031),Milwaukee Electric Tool Corporation,MILWAUKEE®,,3450-20,,,"MILWAUKEE®, Drill Driver, 3450-20",DRILL DRIVER 12 V,"MILWAUKEE®, 3450-20, Drill Driver","MILWAUKEE® Drill Driver, 12 V","MILWAUKEE®, Drill Driver",,,,,,,,,,,,,,,,,,,,,,,,,,,Drill Driver,Series,,,Model,,,Item Type,,,Voltage Rating,12,V,Amperage Rating,,,Dimensions,,,Mounting Type,,,Material,,,Color,,,Sound Level,,,Additional Information,,,,,,,,,,,,,,,,,,,,,,,,,,,,,,,,,,,,,,,,,,,,,,,,,,,,,,,,,,,,,,,,,,,,,,,,,,,,,,,,,,,,,,,,,,,,,,,,,,,,,,,,,,,,,,,,,,,,,,,,,,,,,,1,EA,,,,,,,,,,,,,,,,,,,,,,,,,,,,,,,,,,,,,US,No,No
https://www.kregtool.com/product/KPTDV025A,,,,,,KPTDV025A,,,,KPTDV025A,KPTDV025A,KPTDV025A Kreg 20V Ionic Compact Impact Driver,-- Unbranded --,-- No Unilog Brand --,-- No DIB Brand --,Kreg Tool Company (KRETO),Kreg Tool Company,KREG®,,KPTDV025A,,,"KREG®, Drill, KPTDV025A",DRILL 20 V,"KREG®, KPTDV025A, Drill","KREG® Drill, 20 V","KREG®, Drill",,,,,,,,,,,,,,,,,,,,,,,,,,,Drill,Series,,,Model,,,Item Type,,,Voltage Rating,20,V,Amperage Rating,,,Dimensions,,,Mounting Type,,,Material,,,Color,,,Sound Level,,,Additional Information,,,,,,,,,,,,,,,,,,,,,,,,,,,,,,,,,,,,,,,,,,,,,,,,,,,,,,,,,,,,,,,,,,,,,,,,,,,,,,,,,,,,,,,,,,,,,,,,,,,,,,,,,,,,,,,,,,,,,,,,,,,,,,1,EA,,,,,,,,,,,,,,,,,,,,,,,,,,,,,,,,,,,,,US,No,No
https://www.milwaukeetool.com/product/3048-20,,,,,,3048-20,,,,3048-20,3048-20,"3048-20 Milw M12 1/4"" Impact Wrench w/Friction Ring",-- Unbranded --,-- No Unilog Brand --,-- No DIB Brand --,Milwaukee Accessory (4031),Milwaukee Electric Tool Corporation,MILWAUKEE®,,3048-20,,,"MILWAUKEE®, Drill, 3048-20",DRILL 12,"MILWAUKEE®, 3048-20, Drill","MILWAUKEE® Drill, 12 V","MILWAUKEE®, Drill",,,,,,,,,,,,,,,,,,,,,,,,,,,Drill,Series,,,Model,,,Item Type,,,Voltage Rating,12,,Amperage Rating,,,Dimensions,,,Mounting Type,,,Material,,,Color,,,Sound Level,,,Additional Information,,,,,,,,,,,,,,,,,,,,,,,,,,,,,,,,,,,,,,,,,,,,,,,,,,,,,,,,,,,,,,,,,,,,,,,,,,,,,,,,,,,,,,,,,,,,,,,,,,,,,,,,,,,,,,,,,,,,,,,,,,,,,,1,EA,,,,,,,,,,,,,,,,,,,,,,,,,,,,,,,,,,,,,US,No,No
https://www.milwaukeetool.com/product/3049-20,,,,,,3049-20,,,,3049-20,3049-20,"3049-20 Milw M12 3/8"" Impact Wrench w/Friction Ring",-- Unbranded --,-- No Unilog Brand --,-- No DIB Brand --,Milwaukee Accessory (4031),Milwaukee Electric Tool Corporation,MILWAUKEE®,,3049-20,,,"MILWAUKEE®, Drill, 3049-20",DRILL 12,"MILWAUKEE®, 3049-20, Drill","MILWAUKEE® Drill, 12 V","MILWAUKEE®, Drill",,,,,,,,,,,,,,,,,,,,,,,,,,,Drill,Series,,,Model,,,Item Type,,,Voltage Rating,12,,Amperage Rating,,,Dimensions,,,Mounting Type,,,Material,,,Color,,,Sound Level,,,Additional Information,,,,,,,,,,,,,,,,,,,,,,,,,,,,,,,,,,,,,,,,,,,,,,,,,,,,,,,,,,,,,,,,,,,,,,,,,,,,,,,,,,,,,,,,,,,,,,,,,,,,,,,,,,,,,,,,,,,,,,,,,,,,,,1,EA,,,,,,,,,,,,,,,,,,,,,,,,,,,,,,,,,,,,,US,No,No
https://www.milwaukeetool.com/product/2563-20,,,,,,2563-20,,,,2563-20,2563-20,"2563-20 Milw M12 Stubby 1/2"" Impact Wrench",-- Unbranded --,-- No Unilog Brand --,-- No DIB Brand --,Milwaukee Accessory (4031),Milwaukee Electric Tool Corporation,MILWAUKEE®,,2563-20,,,"MILWAUKEE®, Impact Wrench, 2563-20",IMPACT WRENCH 12 V,"MILWAUKEE®, 2563-20, Impact Wrench","MILWAUKEE® Impact Wrench, 12 V","MILWAUKEE®, Impact Wrench",,,,,,,,,,,,,,,,,,,,,,,,,,,Impact Wrench,Series,,,Model,,,Item Type,,,Voltage Rating,12,V,Amperage Rating,,,Dimensions,,,Mounting Type,,,Material,,,Color,,,Sound Level,,,Additional Information,,,,,,,,,,,,,,,,,,,,,,,,,,,,,,,,,,,,,,,,,,,,,,,,,,,,,,,,,,,,,,,,,,,,,,,,,,,,,,,,,,,,,,,,,,,,,,,,,,,,,,,,,,,,,,,,,,,,,,,,,,,,,,1,EA,,,,,,,,,,,,,,,,,,,,,,,,,,,,,,,,,,,,,US,No,No
https://www.dewalt.com/product/DCF961B,,,,,,DCF961B,,,,DCF961B,DCF961B,"Dewalt DCF961B 20V 1/2"" Impact - Bare Tool",-- Unbranded --,-- No Unilog Brand --,-- No DIB Brand --,Black & Decker/dewlt (2585),Stanley Black & Decker,DEWALT®,,DCF961B,,,"DEWALT®, Drill, DCF961B",DRILL 20 V,"DEWALT®, DCF961B, Drill","DEWALT® Drill, 20 V","DEWALT®, Drill",,,,,,,,,,,,,,,,,,,,,,,,,,,Drill,Series,,,Model,,,Item Type,,,Voltage Rating,20,V,Amperage Rating,,,Dimensions,,,Mounting Type,,,Material,,,Color,,,Sound Level,,,Additional Information,,,,,,,,,,,,,,,,,,,,,,,,,,,,,,,,,,,,,,,,,,,,,,,,,,,,,,,,,,,,,,,,,,,,,,,,,,,,,,,,,,,,,,,,,,,,,,,,,,,,,,,,,,,,,,,,,,,,,,,,,,,,,,1,EA,,,,,,,,,,,,,,,,,,,,,,,,,,,,,,,,,,,,,US,No,No
https://www.dewalt.com/product/DCF964B,,,,,,DCF964B,,,,DCF964B,DCF964B,"DCF964B Dewalt 20V 3/4"" Impact - Wrench",-- Unbranded --,-- No Unilog Brand --,-- No DIB Brand --,Black & Decker/dewlt (2585),Stanley Black & Decker,DEWALT®,,DCF964B,,,"DEWALT®, Wrench, DCF964B",WRENCH 20 V,"DEWALT®, DCF964B, Wrench","DEWALT® Wrench, 20 V","DEWALT®, Wrench",,,,,,,,,,,,,,,,,,,,,,,,,,,Wrench,Series,,,Model,,,Item Type,,,Voltage Rating,20,V,Amperage Rating,,,Dimensions,,,Mounting Type,,,Material,,,Color,,,Sound Level,,,Additional Information,,,,,,,,,,,,,,,,,,,,,,,,,,,,,,,,,,,,,,,,,,,,,,,,,,,,,,,,,,,,,,,,,,,,,,,,,,,,,,,,,,,,,,,,,,,,,,,,,,,,,,,,,,,,,,,,,,,,,,,,,,,,,,1,EA,,,,,,,,,,,,,,,,,,,,,,,,,,,,,,,,,,,,,US,No,No
https://www.milwaukeetool.com/product/2563P-20,,,,,,2563P-20,,,,2563P-20,2563P-20,"2563P-20 Milw M12 1/2"" Stubby - Impact Wrench w/Pin Detent",-- Unbranded --,-- No Unilog Brand --,-- No DIB Brand --,Milwaukee Accessory (4031),Milwaukee Electric Tool Corporation,MILWAUKEE®,,2563P-20,,,"MILWAUKEE®, Impact Wrench, 2563P-20",IMPACT WRENCH 12 V,"MILWAUKEE®, 2563P-20, Impact Wrench","MILWAUKEE® Impact Wrench, 12 V","MILWAUKEE®, Impact Wrench",,,,,,,,,,,,,,,,,,,,,,,,,,,Impact Wrench,Series,,,Model,,,Item Type,,,Voltage Rating,12,V,Amperage Rating,,,Dimensions,,,Mounting Type,,,Material,,,Color,,,Sound Level,,,Additional Information,,,,,,,,,,,,,,,,,,,,,,,,,,,,,,,,,,,,,,,,,,,,,,,,,,,,,,,,,,,,,,,,,,,,,,,,,,,,,,,,,,,,,,,,,,,,,,,,,,,,,,,,,,,,,,,,,,,,,,,,,,,,,,1,EA,,,,,,,,,,,,,,,,,,,,,,,,,,,,,,,,,,,,,US,No,No
https://www.dewalt.com/product/DCF921P2,,,,,,DCF921P2,,,,DCF921P2,DCF921P2,DCF921P2 Dewalt 20V 1/2 Impact,-- Unbranded --,-- No Unilog Brand --,-- No DIB Brand --,Black & Decker/dewlt (2585),Stanley Black & Decker,DEWALT®,,DCF921P2,,,"DEWALT®, Drill, DCF921P2",DRILL 20 V,"DEWALT®, DCF921P2, Drill","DEWALT® Drill, 20 V","DEWALT®, Drill",,,,,,,,,,,,,,,,,,,,,,,,,,,Drill,Series,,,Model,,,Item Type,,,Voltage Rating,20,V,Amperage Rating,,,Dimensions,,,Mounting Type,,,Material,,,Color,,,Sound Level,,,Additional Information,,,,,,,,,,,,,,,,,,,,,,,,,,,,,,,,,,,,,,,,,,,,,,,,,,,,,,,,,,,,,,,,,,,,,,,,,,,,,,,,,,,,,,,,,,,,,,,,,,,,,,,,,,,,,,,,,,,,,,,,,,,,,,1,EA,,,,,,,,,,,,,,,,,,,,,,,,,,,,,,,,,,,,,US,No,No
https://www.makitatools.com/product/XLT03Z,,,,,,XLT03Z,,,,XLT03Z,XLT03Z,"XLT03Z Makita 3/8"" 18V Angle Impact",-- Unbranded --,-- No Unilog Brand --,-- No DIB Brand --,Makita Usa Inc (5142),Makita Corporation,MAKITA®,,XLT03Z,,,"MAKITA®, Angle Impact, XLT03Z",ANGLE IMPACT 18 V,"MAKITA®, XLT03Z, Angle Impact","MAKITA® Angle Impact, 18 V","MAKITA®, Angle Impact",,,,,,,,,,,,,,,,,,,,,,,,,,,Angle Impact,Series,,,Model,,,Item Type,,,Voltage Rating,18,V,Amperage Rating,,,Dimensions,,,Mounting Type,,,Material,,,Color,,,Sound Level,,,Additional Information,,,,,,,,,,,,,,,,,,,,,,,,,,,,,,,,,,,,,,,,,,,,,,,,,,,,,,,,,,,,,,,,,,,,,,,,,,,,,,,,,,,,,,,,,,,,,,,,,,,,,,,,,,,,,,,,,,,,,,,,,,,,,,1,EA,,,,,,,,,,,,,,,,,,,,,,,,,,,,,,,,,,,,,US,No,No
https://www.makitatools.com/product/XLT04Z,,,,,,XLT04Z,,,,XLT04Z,XLT04Z,"XLT04Z Makita 1/4"" 18V Angle Impact",-- Unbranded --,-- No Unilog Brand --,-- No DIB Brand --,Makita Usa Inc (5142),Makita Corporation,MAKITA®,,XLT04Z,,,"MAKITA®, Drill, XLT04Z",DRILL 18 V,"MAKITA®, XLT04Z, Drill","MAKITA® Drill, 18 V","MAKITA®, Drill",,,,,,,,,,,,,,,,,,,,,,,,,,,Drill,Series,,,Model,,,Item Type,,,Voltage Rating,18,V,Amperage Rating,,,Dimensions,,,Mounting Type,,,Material,,,Color,,,Sound Level,,,Additional Information,,,,,,,,,,,,,,,,,,,,,,,,,,,,,,,,,,,,,,,,,,,,,,,,,,,,,,,,,,,,,,,,,,,,,,,,,,,,,,,,,,,,,,,,,,,,,,,,,,,,,,,,,,,,,,,,,,,,,,,,,,,,,,1,EA,,,,,,,,,,,,,,,,,,,,,,,,,,,,,,,,,,,,,US,No,No
https://www.makitatools.com/product/XLT05Z,,,,,,XLT05Z,,,,XLT05Z,XLT05Z,"XLT05Z Makita 1/2"" 18V Angle Impact",-- Unbranded --,-- No Unilog Brand --,-- No DIB Brand --,Makita Usa Inc (5142),Makita Corporation,MAKITA®,,XLT05Z,,,"MAKITA®, Angle Impact, XLT05Z",ANGLE IMPACT 18 V,"MAKITA®, XLT05Z, Angle Impact","MAKITA® Angle Impact, 18 V","MAKITA®, Angle Impact",,,,,,,,,,,,,,,,,,,,,,,,,,,Angle Impact,Series,,,Model,,,Item Type,,,Voltage Rating,18,V,Amperage Rating,,,Dimensions,,,Mounting Type,,,Material,,,Color,,,Sound Level,,,Additional Information,,,,,,,,,,,,,,,,,,,,,,,,,,,,,,,,,,,,,,,,,,,,,,,,,,,,,,,,,,,,,,,,,,,,,,,,,,,,,,,,,,,,,,,,,,,,,,,,,,,,,,,,,,,,,,,,,,,,,,,,,,,,,,1,EA,,,,,,,,,,,,,,,,,,,,,,,,,,,,,,,,,,,,,US,No,No
https://www.dewalt.com/product/DCF510B,,,,,,DCF510B,,,,DCF510B,DCF510B,Dewalt DCF510B 20V Rachet - Interchangeable Anvil,-- Unbranded --,-- No Unilog Brand --,-- No DIB Brand --,Black & Decker/dewlt (2585),Stanley Black & Decker,DEWALT®,,DCF510B,,,"DEWALT®, Drill, DCF510B",DRILL 20 V,"DEWALT®, DCF510B, Drill","DEWALT® Drill, 20 V","DEWALT®, Drill",,,,,,,,,,,,,,,,,,,,,,,,,,,Drill,Series,,,Model,,,Item Type,,,Voltage Rating,20,V,Amperage Rating,,,Dimensions,,,Mounting Type,,,Material,,,Color,,,Sound Level,,,Additional Information,,,,,,,,,,,,,,,Manufacturer Part Number,DCF510B,,Supplier / Manufacturer,DEWALT®,,Catalog Category,General Commercial,,Interchangeable Anvil,True,,,,,,,,,,,,,,,,,,,,,,,,,,,,,,,,,,,,,,,,,,,,,,,,,,,,,,,,,,,,,,,,,,,,,,,,,,,,,,,,,,,,,,,,,,,,,,,,,,,,,1,EA,,,,,,,,,,,,,,,,,,,,,,,,,,,,,,,,,,,,,US,No,No
https://www.milwaukeetool.com/product/3052-20,,,,,,3052-20,,,,3052-20,3052-20,"3052-20 Milw M12 Fuel 1/4"" Rachet",-- Unbranded --,-- No Unilog Brand --,-- No DIB Brand --,Milwaukee Accessory (4031),Milwaukee Electric Tool Corporation,MILWAUKEE®,,3052-20,,,"MILWAUKEE®, Adapter, 3052-20",ADAPTER,"MILWAUKEE®, 3052-20, Adapter","MILWAUKEE® Adapter, 12 V","MILWAUKEE®, Adapter",,,,,,,,,,,,,,,,,,,,,,,,,,,Adapter,Series,,,Model,,,Connection Type,,,Connection Size,,,Pressure Rating,,,Material,,,Additional Information,,,,,,,,,,,,,,,,,,,,,,,,,,,Voltage Rating,12,V,,,,,,,,,,,,,,,,,,,,,,,,,,,,,,,,,,,,,,,,,,,,,,,,,,,,,,,,,,,,,,,,,,,,,,,,,,,,,,,,,,,,,,,,,,,,,,,,,,,,,,,,,,,,,1,EA,,,,,,,,,,,,,,,,,,,,,,,,,,,,,,,,,,,,,US,No,No
https://www.milwaukeetool.com/product/3054-20,,,,,,3054-20,,,,3054-20,3054-20,"3054-20 Milw M12 1/2"" Ratchet",-- Unbranded --,-- No Unilog Brand --,-- No DIB Brand --,Milwaukee Accessory (4031),Milwaukee Electric Tool Corporation,MILWAUKEE®,,3054-20,,,"MILWAUKEE®, Ratchet, 3054-20",RATCHET 12,"MILWAUKEE®, 3054-20, Ratchet","MILWAUKEE® Ratchet, 12 V","MILWAUKEE®, Ratchet",,,,,,,,,,,,,,,,,,,,,,,,,,,Ratchet,Series,,,Model,,,Item Type,,,Voltage Rating,12,,Amperage Rating,,,Dimensions,,,Mounting Type,,,Material,,,Color,,,Sound Level,,,Additional Information,,,,,,,,,,,,,,,,,,,,,,,,,,,,,,,,,,,,,,,,,,,,,,,,,,,,,,,,,,,,,,,,,,,,,,,,,,,,,,,,,,,,,,,,,,,,,,,,,,,,,,,,,,,,,,,,,,,,,,,,,,,,,,1,EA,,,,,,,,,,,,,,,,,,,,,,,,,,,,,,,,,,,,,US,No,No
https://www.dewalt.com/product/DCF513EB,,,,,,DCF513EB,,,,DCF513EB,DCF513EB,"DCF513EB Dewalt 3/8"" Open Head Rachet",-- Unbranded --,-- No Unilog Brand --,-- No DIB Brand --,Black & Decker/dewlt (2585),Stanley Black & Decker,DEWALT®,,DCF513EB,,,"DEWALT®, Adapter, DCF513EB",ADAPTER,"DEWALT®, DCF513EB, Adapter",DEWALT® Adapter,"DEWALT®, Adapter",,,,,,,,,,,,,,,,,,,,,,,,,,,Adapter,Series,,,Model,,,Connection Type,,,Connection Size,,,Pressure Rating,,,Material,,,Additional Information,,,,,,,,,,,,,,,,,,,,,,,,,,,,,,,,,,,,,,,,,,,,,,,,,,,,,,,,,,,,,,,,,,,,,,,,,,,,,,,,,,,,,,,,,,,,,,,,,,,,,,,,,,,,,,,,,,,,,,,,,,,,,,,,,,,,,,,,,,1,EA,,,,,,,,,,,,,,,,,,,,,,,,,,,,,,,,,,,,,US,No,No
https://www.makitatools.com/product/XVP01Z,,,,,,XVP01Z,,,,XVP01Z,XVP01Z,"XVP01Z Makita 18V 3"" Polisher/ 2"" Sander",-- Unbranded --,-- No Unilog Brand --,-- No DIB Brand --,Makita Usa Inc (5142),Makita Corporation,MAKITA®,,XVP01Z,,,"MAKITA®, Polisher, XVP01Z",POLISHER 18 V,"MAKITA®, XVP01Z, Polisher","MAKITA® Polisher, 18 V","MAKITA®, Polisher",,,,,,,,,,,,,,,,,,,,,,,,,,,Polisher,Series,,,Model,,,Item Type,,,Voltage Rating,18,V,Amperage Rating,,,Dimensions,,,Mounting Type,,,Material,,,Color,,,Sound Level,,,Additional Information,,,,,,,,,,,,,,,,,,,,,,,,,,,,,,,,,,,,,,,,,,,,,,,,,,,,,,,,,,,,,,,,,,,,,,,,,,,,,,,,,,,,,,,,,,,,,,,,,,,,,,,,,,,,,,,,,,,,,,,,,,,,,,1,EA,,,,,,,,,,,,,,,,,,,,,,,,,,,,,,,,,,,,,US,No,No
https://www.dewalt.com/product/DCM200B,,,,,,DCM200B,,,,DCM200B,DCM200B,DCM200B Dewalt 1/2in x 18in - Band File,-- Unbranded --,-- No Unilog Brand --,-- No DIB Brand --,Black & Decker/dewlt (2585),Stanley Black & Decker,DEWALT®,,DCM200B,,,"DEWALT®, Band File, DCM200B",BAND FILE 1/2 IN X 18 IN,"DEWALT®, DCM200B, Band File","DEWALT® Band File, 1/2 in x 18 in","DEWALT®, Band File",,,,,,,,,,,,,,,,,,,,,,,,,,,Band File,Series,,,Model,,,Item Type,,,Voltage Rating,,,Amperage Rating,,,Dimensions,1/2 in x 18 in,,Mounting Type,,,Material,,,Color,,,Sound Level,,,Additional Information,,,,,,,,,,,,,,,,,,,,,,,,,,,,,,,,,,,,,,,,,,,,,,,,,,,,,,,,,,,,,,,,,,,,,,,,,,,,,,,,,,,,,,,,,,,,,,,,,,,,,,,,,,,,,,,,,,,,,,,,,,,,,,1,EA,,,,,,,,,,,,,,,,,,,,,,,,,,,,,,,,,,,,,US,No,No
https://www.dewalt.com/product/DCG410B,,,,,,DCG410B,,,,DCG410B,DCG410B,"DCG410B Dewalt 20V 4-1/2""-5"" - Angle Grinder",-- Unbranded --,-- No Unilog Brand --,-- No DIB Brand --,Black & Decker/dewlt (2585),Stanley Black & Decker,DEWALT®,,DCG410B,,,"DEWALT®, Angle Grinder, DCG410B","ANGLE GRINDER 20 V 4-1/2""-5 IN","DEWALT®, DCG410B, Angle Grinder","DEWALT® Angle Grinder, 20 V, 4-1/2""-5 in","DEWALT®, Angle Grinder",,,,,,,,,,,,,,,,,,,,,,,,,,,Angle Grinder,Series,,,Model,,,Item Type,,,Voltage Rating,20,V,Amperage Rating,,,Dimensions,"4-1/2""-5 in",,Mounting Type,,,Material,,,Color,,,Sound Level,,,Additional Information,,,,,,,,,,,,,,,,,,,,,,,,,,,,,,,,,,,,,,,,,,,,,,,,,,,,,,,,,,,,,,,,,,,,,,,,,,,,,,,,,,,,,,,,,,,,,,,,,,,,,,,,,,,,,,,,,,,,,,,,,,,,,,1,EA,,,,,,,,,,,,,,,,,,,,,,,,,,,,,,,,,,,,,US,No,No
https://www.dewalt.com/product/DCG460B,,,,,,DCG460B,,,,DCG460B,DCG460B,"DCG460B Dewalt 60V Grinder - 7-9""",-- Unbranded --,-- No Unilog Brand --,-- No DIB Brand --,Black & Decker/dewlt (2585),Stanley Black & Decker,DEWALT®,,DCG460B,,,"DEWALT®, Grinder, DCG460B",GRINDER 60 V 7-9 IN,"DEWALT®, DCG460B, Grinder","DEWALT® Grinder, 60 V, 7-9 in","DEWALT®, Grinder",,,,,,,,,,,,,,,,,,,,,,,,,,,Grinder,Series,,,Model,,,Item Type,,,Voltage Rating,60,V,Amperage Rating,,,Dimensions,7-9,in,Mounting Type,,,Material,,,Color,,,Sound Level,,,Additional Information,,,,,,,,,,,,,,,,,,,,,,,,,,,,,,,,,,,,,,,,,,,,,,,,,,,,,,,,,,,,,,,,,,,,,,,,,,,,,,,,,,,,,,,,,,,,,,,,,,,,,,,,,,,,,,,,,,,,,,,,,,,,,,1,EA,,,,,,,,,,,,,,,,,,,,,,,,,,,,,,,,,,,,,US,No,No
https://www.dewalt.com/product/DCG402B,,,,,,DCG402B,,,,DCG402B,DCG402B,"DCG402B Dewalt 20V 4.5"" Angle Grinder",-- Unbranded --,-- No Unilog Brand --,-- No DIB Brand --,Black & Decker/dewlt (2585),Stanley Black & Decker,DEWALT®,,DCG402B,,,"DEWALT®, Angle Grinder, DCG402B",ANGLE GRINDER 20 V 4-1/2 IN,"DEWALT®, DCG402B, Angle Grinder","DEWALT® Angle Grinder, 20 V, 4-1/2 in","DEWALT®, Angle Grinder",,,,,,,,,,,,,,,,,,,,,,,,,,,Angle Grinder,Series,,,Model,,,Item Type,,,Voltage Rating,20,V,Amperage Rating,,,Dimensions,4-1/2,in,Mounting Type,,,Material,,,Color,,,Sound Level,,,Additional Information,,,,,,,,,,,,,,,,,,,,,,,,,,,,,,,,,,,,,,,,,,,,,,,,,,,,,,,,,,,,,,,,,,,,,,,,,,,,,,,,,,,,,,,,,,,,,,,,,,,,,,,,,,,,,,,,,,,,,,,,,,,,,,1,EA,,,,,,,,,,,,,,,,,,,,,,,,,,,,,,,,,,,,,US,No,No
https://www.milwaukeetool.com/product/3485-20,,,,,,3485-20,,,,3485-20,3485-20,"3485-20 Milw M12 1/4"" Right Angle Die Grinder",-- Unbranded --,-- No Unilog Brand --,-- No DIB Brand --,Milwaukee Accessory (4031),Milwaukee Electric Tool Corporation,MILWAUKEE®,,3485-20,,,"MILWAUKEE®, Die Grinder, 3485-20",DIE GRINDER,"MILWAUKEE®, 3485-20, Die Grinder",MILWAUKEE® Die Grinder,"MILWAUKEE®, Die Grinder",,,,,,,,,,,,,,,,,,,,,,,,,,,Die Grinder,Series,,,Model,,,Item Type,,,Voltage Rating,,,Amperage Rating,,,Dimensions,,,Mounting Type,,,Material,,,Color,,,Sound Level,,,Additional Information,,,,,,,,,,,,,,,Manufacturer,MILWAUKEE,,Catalog Category,General Commercial,,,,,,,,,,,,,,,,,,,,,,,,,,,,,,,,,,,,,,,,,,,,,,,,,,,,,,,,,,,,,,,,,,,,,,,,,,,,,,,,,,,,,,,,,,,,,,,,,,,,,,,,,,,1,EA,,,,,,,,,,,,,,,,,,,,,,,,,,,,,,,,,,,,,US,No,No
https://www.dewalt.com/product/DCG420B,,,,,,DCG420B,,,,DCG420B,DCG420B,DCG420B Dewalt 20V Die Grinder,-- Unbranded --,-- No Unilog Brand --,-- No DIB Brand --,Black & Decker/dewlt (2585),Stanley Black & Decker,DEWALT®,,DCG420B,,,"DEWALT®, Die Grinder, DCG420B",DIE GRINDER 20 V,"DEWALT®, DCG420B, Die Grinder","DEWALT® Die Grinder, 20 V","DEWALT®, Die Grinder",,,,,,,,,,,,,,,,,,,,,,,,,,,Die Grinder,Series,,,Model,,,Item Type,,,Voltage Rating,20,V,Amperage Rating,,,Dimensions,,,Mounting Type,,,Material,,,Color,,,Sound Level,,,Additional Information,,,,,,,,,,,,,,,,,,,,,,,,,,,,,,,,,,,,,,,,,,,,,,,,,,,,,,,,,,,,,,,,,,,,,,,,,,,,,,,,,,,,,,,,,,,,,,,,,,,,,,,,,,,,,,,,,,,,,,,,,,,,,,1,EA,,,,,,,,,,,,,,,,,,,,,,,,,,,,,,,,,,,,,US,No,No
https://www.dewalt.com/product/DCG422B,,,,,,DCG422B,,,,DCG422B,DCG422B,DCG422B Dewalt 20V Right Angle Die Grinder,-- Unbranded --,-- No Unilog Brand --,-- No DIB Brand --,Black & Decker/dewlt (2585),Stanley Black & Decker,DEWALT®,,DCG422B,,,"DEWALT®, Die Grinder, DCG422B",DIE GRINDER 20 V,"DEWALT®, DCG422B, Die Grinder","DEWALT® Die Grinder, 20 V","DEWALT®, Die Grinder",,,,,,,,,,,,,,,,,,,,,,,,,,,Die Grinder,Series,,,Model,,,Item Type,,,Voltage Rating,20,V,Amperage Rating,,,Dimensions,,,Mounting Type,,,Material,,,Color,,,Sound Level,,,Additional Information,,,,,,,,,,,,,,,,,,,,,,,,,,,,,,,,,,,,,,,,,,,,,,,,,,,,,,,,,,,,,,,,,,,,,,,,,,,,,,,,,,,,,,,,,,,,,,,,,,,,,,,,,,,,,,,,,,,,,,,,,,,,,,1,EA,,,,,,,,,,,,,,,,,,,,,,,,,,,,,,,,,,,,,US,No,No
,,,,,,924422,,,,924422,924422,924422 Mafell Carpentry - Planing Machine ZH 320 Ec 120V,-- Unbranded --,-- No Unilog Brand --,-- No DIB Brand --,-,-,-,,924422,,,"-, Planing Machine, 924422",PLANING MACHINE 120 V,"-, 924422, Planing Machine","- Planing Machine, 120 V","-, Planing Machine",,,,,,,,,,,,,,,,,,,,,,,,,,,Planing Machine,Series,,,Model,,,Item Type,,,Voltage Rating,120,V,Amperage Rating,,,Dimensions,,,Mounting Type,,,Material,,,Color,,,Sound Level,,,Additional Information,,,,,,,,,,,,,,,,,,,,,,,,,,,,,,,,,,,,,,,,,,,,,,,,,,,,,,,,,,,,,,,,,,,,,,,,,,,,,,,,,,,,,,,,,,,,,,,,,,,,,,,,,,,,,,,,,,,,,,,,,,,,,,1,EA,,,,,,,,,,,,,,,,,,,,,,,,,,,,,,,,,,,,,US,No,No
https://www.dewalt.com/product/DCW620B,,,,,,DCW620B,,,,DCW620B,DCW620B,DCW620B Dewalt 20V Plunge - Router,-- Unbranded --,-- No Unilog Brand --,-- No DIB Brand --,Black & Decker/dewlt (2585),Stanley Black & Decker,DEWALT®,,DCW620B,,,"DEWALT®, Router, DCW620B",ROUTER 20 V,"DEWALT®, DCW620B, Router","DEWALT® Router, 20 V","DEWALT®, Router",,,,,,,,,,,,,,,,,,,,,,,,,,,Router,Series,,,Model,,,Item Type,,,Voltage Rating,20,V,Amperage Rating,,,Dimensions,,,Mounting Type,,,Material,,,Color,,,Sound Level,,,Additional Information,,,,,,,,,,,,,,,,,,,,,,,,,,,,,,,,,,,,,,,,,,,,,,,,,,,,,,,,,,,,,,,,,,,,,,,,,,,,,,,,,,,,,,,,,,,,,,,,,,,,,,,,,,,,,,,,,,,,,,,,,,,,,,1,EA,,,,,,,,,,,,,,,,,,,,,,,,,,,,,,,,,,,,,US,No,No
https://www.milwaukeetool.com/product/2535-20,,,,,,2535-20,,,,2535-20,2535-20,"2535-20 Milw 3"" Orbit Sander - M12",-- Unbranded --,-- No Unilog Brand --,-- No DIB Brand --,Milwaukee Accessory (4031),Milwaukee Electric Tool Corporation,MILWAUKEE®,,2535-20,,,"MILWAUKEE®, Drill, 2535-20",DRILL M12,"MILWAUKEE®, 2535-20, Drill","MILWAUKEE® Drill, M12 V","MILWAUKEE®, Drill",,,,,,,,,,,,,,,,,,,,,,,,,,,Drill,Series,,,Model,,,Item Type,,,Voltage Rating,M12,,Amperage Rating,,,Dimensions,,,Mounting Type,,,Material,,,Color,,,Sound Level,,,Additional Information,,,,,,,,,,,,,,,,,,,,,,,,,,,,,,,,,,,,,,,,,,,,,,,,,,,,,,,,,,,,,,,,,,,,,,,,,,,,,,,,,,,,,,,,,,,,,,,,,,,,,,,,,,,,,,,,,,,,,,,,,,,,,,1,EA,,,,,,,,,,,,,,,,,,,,,,,,,,,,,,,,,,,,,US,No,No
https://www.milwaukeetool.com/product/2837-20,,,,,,2837-20,,,,2837-20,2837-20,"2837-20 Milw M18 5"" Sander - Orbital",-- Unbranded --,-- No Unilog Brand --,-- No DIB Brand --,Milwaukee Accessory (4031),Milwaukee Electric Tool Corporation,MILWAUKEE®,,2837-20,,,"MILWAUKEE®, Sander, 2837-20",SANDER 18 V,"MILWAUKEE®, 2837-20, Sander","MILWAUKEE® Sander, 18 V","MILWAUKEE®, Sander",,,,,,,,,,,,,,,,,,,,,,,,,,,Sander,Series,,,Model,,,Item Type,,,Voltage Rating,18,V,Amperage Rating,,,Dimensions,,,Mounting Type,,,Material,,,Color,,,Sound Level,,,Additional Information,,,,,,,,,,,,,,,,,,,,,,,,,,,,,,,,,,,,,,,,,,,,,,,,,,,,,,,,,,,,,,,,,,,,,,,,,,,,,,,,,,,,,,,,,,,,,,,,,,,,,,,,,,,,,,,,,,,,,,,,,,,,,,1,EA,,,,,,,,,,,,,,,,,,,,,,,,,,,,,,,,,,,,,US,No,No
https://www.festoolusa.com/product/577728,,,,,,577728,,,,577728,577728,577728 Festool Cordless Sander - ETSC 2 150 I-Plus,-- Unbranded --,-- No Unilog Brand --,-- No DIB Brand --,Festool USA (FESTO),Festool GmbH,FESTOOL®,,577728,,,"FESTOOL®, Sander, 577728",SANDER,"FESTOOL®, 577728, Sander",FESTOOL® Sander,"FESTOOL®, Sander",,,,,,,,,,,,,,,,,,,,,,,,,,,Sander,Series,,,Model,,,Item Type,,,Voltage Rating,,,Amperage Rating,,,Dimensions,,,Mounting Type,,,Material,,,Color,,,Sound Level,,,Additional Information,,,,,,,,,,,,,,,,,,,,,,,,,,,,,,,,,,,,,,,,,,,,,,,,,,,,,,,,,,,,,,,,,,,,,,,,,,,,,,,,,,,,,,,,,,,,,,,,,,,,,,,,,,,,,,,,,,,,,,,,,,,,,,1,EA,,,,,,,,,,,,,,,,,,,,,,,,,,,,,,,,,,,,,US,No,No
https://www.festoolusa.com/product/577738,,,,,,577738,,,,577738,577738,577738 Festool Cordless Sander - ETSC 2 125 I-Plus,-- Unbranded --,-- No Unilog Brand --,-- No DIB Brand --,Festool USA (FESTO),Festool GmbH,FESTOOL®,,577738,,,"FESTOOL®, Sander, 577738",SANDER,"FESTOOL®, 577738, Sander",FESTOOL® Sander,"FESTOOL®, Sander",,,,,,,,,,,,,,,,,,,,,,,,,,,Sander,Series,,,Model,,,Item Type,,,Voltage Rating,,,Amperage Rating,,,Dimensions,,,Mounting Type,,,Material,,,Color,,,Sound Level,,,Additional Information,,,,,,,,,,,,,,,,,,,,,,,,,,,,,,,,,,,,,,,,,,,,,,,,,,,,,,,,,,,,,,,,,,,,,,,,,,,,,,,,,,,,,,,,,,,,,,,,,,,,,,,,,,,,,,,,,,,,,,,,,,,,,,1,EA,,,,,,,,,,,,,,,,,,,,,,,,,,,,,,,,,,,,,US,No,No
https://www.kregtool.com/product/KPTRS500A,,,,,,KPTRS500A,,,,KPTRS500A,KPTRS500A,"KPTRS500A Kreg 20V Ionic 5"" Random Orbit Sander",-- Unbranded --,-- No Unilog Brand --,-- No DIB Brand --,Kreg Tool Company (KRETO),Kreg Tool Company,KREG®,,KPTRS500A,,,"KREG®, Sander, KPTRS500A",SANDER 20 V,"KREG®, KPTRS500A, Sander","KREG® Sander, 20 V","KREG®, Sander",,,,,,,,,,,,,,,,,,,,,,,,,,,Sander,Series,,,Model,,,Item Type,,,Voltage Rating,20,V,Amperage Rating,,,Dimensions,,,Mounting Type,,,Material,,,Color,,,Sound Level,,,Additional Information,,,,,,,,,,,,,,,,,,,,,,,,,,,,,,,,,,,,,,,,,,,,,,,,,,,,,,,,,,,,,,,,,,,,,,,,,,,,,,,,,,,,,,,,,,,,,,,,,,,,,,,,,,,,,,,,,,,,,,,,,,,,,,1,EA,,,,,,,,,,,,,,,,,,,,,,,,,,,,,,,,,,,,,US,No,No
https://www.mirka.com/product/24-35M-320,,,,,,24-35M-320,,,,24-35M-320,24-35M-320,"24-35M-320 Iridium Grip - 3.2"" x 5.2"" Grip",-- Unbranded --,-- No Unilog Brand --,-- No DIB Brand --,Mirka Abrasives Inc (MIRUS),Mirka Ltd.,MIRKA®,,24-35M-320,,,"MIRKA®, Grip, 24-35M-320",GRIP 3.2 IN X 5.2,"MIRKA®, 24-35M-320, Grip","MIRKA® Grip, 3.2 in x 5.2","MIRKA®, Grip",,,,,,,,,,,,,,,,,,,,,,,,,,,Grip,Series,,,Model,,,Item Type,,,Voltage Rating,,,Amperage Rating,,,Dimensions,3.2 in x 5.2,,Mounting Type,,,Material,,,Color,,,Sound Level,,,Additional Information,,,,,,,,,,,,,,,,,,,,,,,,,,,,,,,,,,,,,,,,,,,,,,,,,,,,,,,,,,,,,,,,,,,,,,,,,,,,,,,,,,,,,,,,,,,,,,,,,,,,,,,,,,,,,,,,,,,,,,,,,,,,,,1,EA,,,,,,,,,,,,,,,,,,,,,,,,,,,,,,,,,,,,,US,No,No
https://www.mirka.com/product/9A-129-120,,,,,,9A-129-120,Tools & Hardware,Abrasives,Cutting Discs,9A-129-120,9A-129-120,9A-129-120 Abranet 3x4 - 50 Sheets/Box,-- Unbranded --,-- No Unilog Brand --,-- No DIB Brand --,Mirka Abrasives Inc (MIRUS),Mirka Ltd.,MIRKA®,,9A-129-120,,Tools & Hardware>Abrasives>Cutting & Grinding Discs,"MIRKA®, Abrasive Disc, 9A-129-120, Aluminum Oxide",ABRASIVE DISC ALUM OXIDE,"MIRKA®, 9A-129-120, Abrasive Disc, Aluminum Oxide","MIRKA® Abrasive Disc, 9 A, Aluminum Oxide","MIRKA®, Abrasive Disc, Aluminum Oxide",,,,,,,,,,,,,,,,,,,,,,,,,,,Abrasive Disc,Item Type,,,Dimensions,,,Grit,,,Arbor Size,,,Abrasive Material,Aluminum Oxide,,Pack Quantity,,,Additional Information,,,,,,,,,,,,,,,,,,,,,,,,,,,box_quantity,50 Sheets,,Amperage,9,A,,,,,,,,,,,,,,,,,,,,,,,,,,,,,,,,,,,,,,,,,,,,,,,,,,,,,,,,,,,,,,,,,,,,,,,,,,,,,,,,,,,,,,,,,,,,,,,,,,,,,,,,,,1,EA,,,,,,,,,,,,,,,,,,,,,,,,,,,,,,,,,,,,,US,No,No
https://www.festoolusa.com/product/578800,,,,,,578800,Tools & Hardware,Abrasives,Cutting Discs,578800,578800,578800 Festool 80x133 M GR PRO/10,-- Unbranded --,-- No Unilog Brand --,-- No DIB Brand --,Festool USA (FESTO),Festool GmbH,FESTOOL®,,578800,,Tools & Hardware>Abrasives>Cutting & Grinding Discs,"FESTOOL®, Flap Disc, 578800, Aluminum",FLAP DISC 80X133 ALUM,"FESTOOL®, 578800, Flap Disc, Aluminum","FESTOOL® Flap Disc, 80x133, Aluminum","FESTOOL®, Flap Disc, Aluminum",,,,,,,,,,,,,,,,,,,,,,,,,,,Flap Disc,Item Type,,,Dimensions,80x133,,Grit,,,Arbor Size,,,Abrasive Material,Aluminum,,Pack Quantity,,,Additional Information,,,,,,,,,,,,,,,,,,,,,,,,,,,,,,,,,,,,,,,,,,,,,,,,,,,,,,,,,,,,,,,,,,,,,,,,,,,,,,,,,,,,,,,,,,,,,,,,,,,,,,,,,,,,,,,,,,,,,,,,,,,,,,,,,,,,,,,,,,1,EA,,,,,,,,,,,,,,,,,,,,,,,,,,,,,,,,,,,,,US,No,No
https://www.festoolusa.com/product/578801,,,,,,578801,Tools & Hardware,Abrasives,Cutting Discs,578801,578801,578801 Festool 80x133 F GR PRO/10,-- Unbranded --,-- No Unilog Brand --,-- No DIB Brand --,Festool USA (FESTO),Festool GmbH,FESTOOL®,,578801,,Tools & Hardware>Abrasives>Cutting & Grinding Discs,"FESTOOL®, Flap Disc, 578801, Aluminum",FLAP DISC 80X133 ALUM,"FESTOOL®, 578801, Flap Disc, Aluminum","FESTOOL® Flap Disc, 80x133, Aluminum","FESTOOL®, Flap Disc, Aluminum",,,,,,,,,,,,,,,,,,,,,,,,,,,Flap Disc,Item Type,,,Dimensions,80x133,,Grit,,,Arbor Size,,,Abrasive Material,Aluminum,,Pack Quantity,10,,Additional Information,,,,,,,,,,,,,,,,,,,,,,,,,,,GR,General Purpose,,PRO,Professional,,,,,,,,,,,,,,,,,,,,,,,,,,,,,,,,,,,,,,,,,,,,,,,,,,,,,,,,,,,,,,,,,,,,,,,,,,,,,,,,,,,,,,,,,,,,,,,,,,,,,,,,,,,1,EA,,,,,,,,,,,,,,,,,,,,,,,,,,,,,,,,,,,,,US,No,No
https://www.festoolusa.com/product/578802,,,,,,578802,Tools & Hardware,Abrasives,Cutting Discs,578802,578802,578802 Festool 80x133 S GR PRO/10,-- Unbranded --,-- No Unilog Brand --,-- No DIB Brand --,Festool USA (FESTO),Festool GmbH,FESTOOL®,,578802,,Tools & Hardware>Abrasives>Cutting & Grinding Discs,"FESTOOL®, Flap Disc, 578802, Stainless Steel",FLAP DISC 80X133 SST,"FESTOOL®, 578802, Flap Disc, Stainless Steel","FESTOOL® Flap Disc, 80x133, Stainless Steel","FESTOOL®, Flap Disc, Stainless Steel",,,,,,,,,,,,,,,,,,,,,,,,,,,Flap Disc,Item Type,,,Dimensions,80x133,,Grit,,,Arbor Size,,,Abrasive Material,Stainless Steel,,Pack Quantity,,,Additional Information,,,,,,,,,,,,,,,,,,,,,,,,,,,GR,General Purpose,,PRO,Professional,,pack,10,,,,,,,,,,,,,,,,,,,,,,,,,,,,,,,,,,,,,,,,,,,,,,,,,,,,,,,,,,,,,,,,,,,,,,,,,,,,,,,,,,,,,,,,,,,,,,,,,,,,,,,,1,EA,,,,,,,,,,,,,,,,,,,,,,,,,,,,,,,,,,,,,US,No,No
https://www.festoolusa.com/product/578808,,,,,,578808,,,,578808,578808,578808 Festool 3x4 M GR PRO/10,-- Unbranded --,-- No Unilog Brand --,-- No DIB Brand --,Festool USA (FESTO),Festool GmbH,FESTOOL®,,578808,,,"FESTOOL®, Grinding Wheel, 578808, Carbide",GRINDING WHEEL 3X4 CARBIDE,"FESTOOL®, 578808, Grinding Wheel, Carbide","FESTOOL® Grinding Wheel, 3x4, Carbide","FESTOOL®, Grinding Wheel, Carbide",,,,,,,,,,,,,,,,,,,,,,,,,,,Grinding Wheel,Item Type,,,Dimensions,3x4,,Grit,,,Arbor Size,,,Abrasive Material,Carbide,,Pack Quantity,,,Additional Information,,,,,,,,,,,,,,,,,,,,,,,,,,,,,,,,,,,,,,,,,,,,,,,,,,,,,,,,,,,,,,,,,,,,,,,,,,,,,,,,,,,,,,,,,,,,,,,,,,,,,,,,,,,,,,,,,,,,,,,,,,,,,,,,,,,,,,,,,,1,EA,,,,,,,,,,,,,,,,,,,,,,,,,,,,,,,,,,,,,US,No,No
https://www.festoolusa.com/product/578809,,,,,,578809,,,,578809,578809,578809 Festool 3x4 F GR PRO/10,-- Unbranded --,-- No Unilog Brand --,-- No DIB Brand --,Festool USA (FESTO),Festool GmbH,FESTOOL®,,578809,,,"FESTOOL®, Grinding Wheel, 578809, GR",GRINDING WHEEL 3X4 GR,"FESTOOL®, 578809, Grinding Wheel, GR","FESTOOL® Grinding Wheel, 3x4, GR","FESTOOL®, Grinding Wheel, GR",,,,,,,,,,,,,,,,,,,,,,,,,,,Grinding Wheel,Item Type,,,Dimensions,3x4,,Grit,,,Arbor Size,,,Abrasive Material,GR,,Pack Quantity,,,Additional Information,,,,,,,,,,,,,,,,,,,,,,,,,,,PRO/10,PRO/10,,,,,,,,,,,,,,,,,,,,,,,,,,,,,,,,,,,,,,,,,,,,,,,,,,,,,,,,,,,,,,,,,,,,,,,,,,,,,,,,,,,,,,,,,,,,,,,,,,,,,,,,,,,,,,1,EA,,,,,,,,,,,,,,,,,,,,,,,,,,,,,,,,,,,,,US,No,No
https://www.festoolusa.com/product/578810,,,,,,578810,,,,578810,578810,578810 Festool 3x4 S GR PRO/10,-- Unbranded --,-- No Unilog Brand --,-- No DIB Brand --,Festool USA (FESTO),Festool GmbH,FESTOOL®,,578810,,,"FESTOOL®, Grinding Wheel, 578810, Stainless Steel",GRINDING WHEEL 3X4 SST,"FESTOOL®, 578810, Grinding Wheel, Stainless Steel","FESTOOL® Grinding Wheel, 3x4, Stainless Steel","FESTOOL®, Grinding Wheel, Stainless Steel",,,,,,,,,,,,,,,,,,,,,,,,,,,Grinding Wheel,Item Type,,,Dimensions,3x4,,Grit,,,Arbor Size,,,Abrasive Material,Stainless Steel,,Pack Quantity,,,Additional Information,,,,,,,,,,,,,,,,,,,,,,,,,,,,,,,,,,,,,,,,,,,,,,,,,,,,,,,,,,,,,,,,,,,,,,,,,,,,,,,,,,,,,,,,,,,,,,,,,,,,,,,,,,,,,,,,,,,,,,,,,,,,,,,,,,,,,,,,,,1,EA,,,,,,,,,,,,,,,,,,,,,,,,,,,,,,,,,,,,,US,No,No
https://www.festoolusa.com/product/578811,,,,,,578811,,,,578811,578811,578811 Festool 3x4 GR PRO/10-Set,-- Unbranded --,-- No Unilog Brand --,-- No DIB Brand --,Festool USA (FESTO),Festool GmbH,FESTOOL®,,578811,,,"FESTOOL®, Grinding Wheel, 578811",GRINDING WHEEL,"FESTOOL®, 578811, Grinding Wheel",FESTOOL® Grinding Wheel,"FESTOOL®, Grinding Wheel",,,,,,,,,,,,,,,,,,,,,,,,,,,Grinding Wheel,Item Type,,,Dimensions,,,Grit,,,Arbor Size,,,Abrasive Material,,,Pack Quantity,,,Additional Information,,,,,,,,,,,,,,,,,,,,,,,,,,,set_size,10-Set,,product_line,GR PRO,,,,,,,,,,,,,,,,,,,,,,,,,,,,,,,,,,,,,,,,,,,,,,,,,,,,,,,,,,,,,,,,,,,,,,,,,,,,,,,,,,,,,,,,,,,,,,,,,,,,,,,,,,,1,EA,,,,,,,,,,,,,,,,,,,,,,,,,,,,,,,,,,,,,US,No,No
https://www.festoolusa.com/product/578192,,,,,,578192,Tools & Hardware,Abrasives,Cutting Discs,578192,578192,578192 Festool D 150 GR SYS - Systainer Abrasive Set,-- Unbranded --,-- No Unilog Brand --,-- No DIB Brand --,Festool USA (FESTO),Festool GmbH,FESTOOL®,,578192,,Tools & Hardware>Abrasives>Cutting & Grinding Discs,"FESTOOL®, Cut-Off Disc, 578192",CUT-OFF DISC,"FESTOOL®, 578192, Cut-Off Disc",FESTOOL® Cut-Off Disc,"FESTOOL®, Cut-Off Disc",,,,,,,,,,,,,,,,,,,,,,,,,,,Cut-Off Disc,Item Type,,,Dimensions,,,Grit,,,Arbor Size,,,Abrasive Material,,,Pack Quantity,,,Additional Information,,,,,,,,,,,,,,,,,,,,,,,,,,,supplier_manufacturer,FESTOOL®,,catalog_category,General Commercial,,,,,,,,,,,,,,,,,,,,,,,,,,,,,,,,,,,,,,,,,,,,,,,,,,,,,,,,,,,,,,,,,,,,,,,,,,,,,,,,,,,,,,,,,,,,,,,,,,,,,,,,,,,1,EA,,,,,,,,,,,,,,,,,,,,,,,,,,,,,,,,,,,,,US,No,No
https://www.festoolusa.com/product/578806,,,,,,578806,,,,578806,578806,578806 Festool Delta S GR PRO/10,-- Unbranded --,-- No Unilog Brand --,-- No DIB Brand --,Festool USA (FESTO),Festool GmbH,FESTOOL®,,578806,,,"FESTOOL®, Grinding Wheel, 578806",GRINDING WHEEL,"FESTOOL®, 578806, Grinding Wheel",FESTOOL® Grinding Wheel,"FESTOOL®, Grinding Wheel",,,,,,,,,,,,,,,,,,,,,,,,,,,Grinding Wheel,Item Type,,,Dimensions,,,Grit,,,Arbor Size,,,Abrasive Material,,,Pack Quantity,,,Additional Information,,,,,,,,,,,,,,,,,,,,,,,,,,,Manufacturer Part Number,578806,,Supplier / Manufacturer,FESTOOL®,,Catalog Category,General Commercial,,,,,,,,,,,,,,,,,,,,,,,,,,,,,,,,,,,,,,,,,,,,,,,,,,,,,,,,,,,,,,,,,,,,,,,,,,,,,,,,,,,,,,,,,,,,,,,,,,,,,,,,1,EA,,,,,,,,,,,,,,,,,,,,,,,,,,,,,,,,,,,,,US,No,No
https://www.diablotools.com/product/D0860X,,,,,,D0860X,Tools & Hardware,Power Tool Accessories,Saw Blades,D0860X,D0860X,"D0860X Diablo 8-1/4"" 60 Tooth - Fine Finish Saw Blade",-- Unbranded --,-- No Unilog Brand --,-- No DIB Brand --,Freud Inc (2435),Freud Tools / Robert Bosch Tool Corporation,DIABLO®,,D0860X,,Tools & Hardware>Power Tool Accessories>Saw Blades,"DIABLO®, Saw Blade, D0860X, Carbide",SAW BLADE 8-1/4 IN X 1/8 IN X 5/8 IN,"DIABLO®, D0860X, Saw Blade, Carbide","DIABLO® Saw Blade, 8-1/4 in x 1/8 in x 5/8 in, Carbide","DIABLO®, Saw Blade, Carbide",,,,,,,,,,,,,,,,,,,,,,,,,,,Saw Blade,Item Type,,,Dimensions,8-1/4 in x 1/8 in x 5/8 in,,Grit,,,Arbor Size,,,Abrasive Material,Carbide,,Pack Quantity,,,Additional Information,,,,,,,,,,,,,,,,,,,,,,,,,,,tooth_count,60,,finish,Fine Finish,,,,,,,,,,,,,,,,,,,,,,,,,,,,,,,,,,,,,,,,,,,,,,,,,,,,,,,,,,,,,,,,,,,,,,,,,,,,,,,,,,,,,,,,,,,,,,,,,,,,,,,,,,,1,EA,,,,,,,,,,,,,,,,,,,,,,,,,,,,,,,,,,,,,US,No,No
https://www.milwaukeetool.com/product/48-40-0740,,,,,,48-40-0740,Tools & Hardware,Power Tool Accessories,Saw Blades,48-40-0740,48-40-0740,48-40-0740 Milw 7-1/4in. 24T - Framing Circ Saw Blade,-- Unbranded --,-- No Unilog Brand --,-- No DIB Brand --,Milwaukee Accessory (4031),Milwaukee Electric Tool Corporation,MILWAUKEE®,,48-40-0740,,Tools & Hardware>Power Tool Accessories>Saw Blades,"MILWAUKEE®, Saw Blade, 48-40-0740, Carbide",SAW BLADE 7-1/4 IN CARBIDE,"MILWAUKEE®, 48-40-0740, Saw Blade, Carbide","MILWAUKEE® Saw Blade, 7-1/4 in, Carbide","MILWAUKEE®, Saw Blade, Carbide",,,,,,,,,,,,,,,,,,,,,,,,,,,Saw Blade,Item Type,,,Dimensions,7-1/4,in,Grit,,,Arbor Size,,,Abrasive Material,Carbide,,Pack Quantity,,,Additional Information,,,,,,,,,,,,,,,,,,,,,,,,,,,Teeth Count,24T,,Diameter,7-1/4,in,,,,,,,,,,,,,,,,,,,,,,,,,,,,,,,,,,,,,,,,,,,,,,,,,,,,,,,,,,,,,,,,,,,,,,,,,,,,,,,,,,,,,,,,,,,,,,,,,,,,,,,,,,1,EA,,,,,,,,,,,,,,,,,,,,,,,,,,,,,,,,,,,,,US,No,No
https://www.milwaukeetool.com/product/48-41-0740,,,,,,48-41-0740,Tools & Hardware,Power Tool Accessories,Saw Blades,48-41-0740,48-41-0740,48-41-0740 Milw7-1/4 24TFrming - Blade,-- Unbranded --,-- No Unilog Brand --,-- No DIB Brand --,Milwaukee Accessory (4031),Milwaukee Electric Tool Corporation,MILWAUKEE®,,48-41-0740,,Tools & Hardware>Power Tool Accessories>Saw Blades,"MILWAUKEE®, Saw Blade, 48-41-0740, Carbide",SAW BLADE 7-1/4 IN CARBIDE,"MILWAUKEE®, 48-41-0740, Saw Blade, Carbide","MILWAUKEE® Saw Blade, 7-1/4 in, Carbide","MILWAUKEE®, Saw Blade, Carbide",,,,,,,,,,,,,,,,,,,,,,,,,,,Saw Blade,Item Type,,,Dimensions,7-1/4,in,Grit,,,Arbor Size,,,Abrasive Material,Carbide,,Pack Quantity,,,Additional Information,,,,,,,,,,,,,,,,,,,,,,,,,,,,,,,,,,,,,,,,,,,,,,,,,,,,,,,,,,,,,,,,,,,,,,,,,,,,,,,,,,,,,,,,,,,,,,,,,,,,,,,,,,,,,,,,,,,,,,,,,,,,,,,,,,,,,,,,,,1,EA,,,,,,,,,,,,,,,,,,,,,,,,,,,,,,,,,,,,,US,No,No
https://www.makitatools.com/product/A-96095,,,,,,A-96095,Tools & Hardware,Power Tool Accessories,Saw Blades,A-96095,A-96095,"A-96095 Makita 5-7/8"" 32T Saw Blade",-- Unbranded --,-- No Unilog Brand --,-- No DIB Brand --,Makita Usa Inc (5142),Makita Corporation,MAKITA®,,A-96095,,Tools & Hardware>Power Tool Accessories>Saw Blades,"MAKITA®, Saw Blade, A-96095",SAW BLADE 5-7/8 IN,"MAKITA®, A-96095, Saw Blade","MAKITA® Saw Blade, 5-7/8 in","MAKITA®, Saw Blade",,,,,,,,,,,,,,,,,,,,,,,,,,,Saw Blade,Item Type,,,Dimensions,5-7/8,in,Grit,,,Arbor Size,,,Abrasive Material,,,Pack Quantity,,,Additional Information,,,,,,,,,,,,,,,,,,,,,,,,,,,T,32T,,,,,,,,,,,,,,,,,,,,,,,,,,,,,,,,,,,,,,,,,,,,,,,,,,,,,,,,,,,,,,,,,,,,,,,,,,,,,,,,,,,,,,,,,,,,,,,,,,,,,,,,,,,,,,1,EA,,,,,,,,,,,,,,,,,,,,,,,,,,,,,,,,,,,,,US,No,No
https://www.diablotools.com/product/D0760UX,,,,,,D0760UX,Tools & Hardware,Power Tool Accessories,Saw Blades,D0760UX,D0760UX,"D0760UX Diablo 7-1/4"" 60T Circ - Saw Blade",-- Unbranded --,-- No Unilog Brand --,-- No DIB Brand --,Freud Inc (2435),Freud Tools / Robert Bosch Tool Corporation,DIABLO®,,D0760UX,,Tools & Hardware>Power Tool Accessories>Saw Blades,"DIABLO®, Saw Blade, D0760UX, Carbide",SAW BLADE 7-1/4 IN X 1/8 IN X 5/8 IN,"DIABLO®, D0760UX, Saw Blade, Carbide","DIABLO® Saw Blade, 7-1/4 in x 1/8 in x 5/8 in, Carbide","DIABLO®, Saw Blade, Carbide",,,,,,,,,,,,,,,,,,,,,,,,,,,Saw Blade,Item Type,,,Dimensions,7-1/4 in x 1/8 in x 5/8 in,,Grit,,,Arbor Size,,,Abrasive Material,Carbide,,Pack Quantity,,,Additional Information,,,,,,,,,,,,,,,,,,,,,,,,,,,Teeth Count,60T,,Diameter,"7-1/4""",,,,,,,,,,,,,,,,,,,,,,,,,,,,,,,,,,,,,,,,,,,,,,,,,,,,,,,,,,,,,,,,,,,,,,,,,,,,,,,,,,,,,,,,,,,,,,,,,,,,,,,,,,,1,EA,,,,,,,,,,,,,,,,,,,,,,,,,,,,,,,,,,,,,US,No,No
,,,,,,230.312.08,,,,230.312.08,230.312.08,230.312.08 CMT Locked Dado Pro Set,-- Unbranded --,-- No Unilog Brand --,-- No DIB Brand --,CMT USA Inc (CMTUS),CMT USA Inc,CMT USA Inc,,230.312.08,,,"CMT USA Inc, Dado Set, 230.312.08",DADO SET,"CMT USA Inc, 230.312.08, Dado Set",CMT USA Inc Dado Set,"CMT USA Inc, Dado Set",,,,,,,,,,,,,,,,,,,,,,,,,,,Dado Set,Series,,,Model,,,Item Type,,,Voltage Rating,,,Amperage Rating,,,Dimensions,,,Mounting Type,,,Material,,,Color,,,Sound Level,,,Additional Information,,,,,,,,,,,,,,,,,,,,,,,,,,,,,,,,,,,,,,,,,,,,,,,,,,,,,,,,,,,,,,,,,,,,,,,,,,,,,,,,,,,,,,,,,,,,,,,,,,,,,,,,,,,,,,,,,,,,,,,,,,,,,,1,EA,,,,,,,,,,,,,,,,,,,,,,,,,,,,,,,,,,,,,US,No,No
https://www.diablotools.com/product/D0708LF,,,,,,D0708LF,Tools & Hardware,Power Tool Accessories,Saw Blades,D0708LF,D0708LF,"D0708LF Saw Blade 7-1/4""x8 - Laminate & Wood Flooring",-- Unbranded --,-- No Unilog Brand --,-- No DIB Brand --,Freud Inc (2435),Freud Tools / Robert Bosch Tool Corporation,DIABLO®,,D0708LF,,Tools & Hardware>Power Tool Accessories>Saw Blades,"DIABLO®, Saw Blade, D0708LF",SAW BLADE 7-1/4 INX8,"DIABLO®, D0708LF, Saw Blade","DIABLO® Saw Blade, 7-1/4 inx8","DIABLO®, Saw Blade",,,,,,,,,,,,,,,,,,,,,,,,,,,Saw Blade,Item Type,,,Dimensions,7-1/4 inx8,,Grit,,,Arbor Size,,,Abrasive Material,,,Pack Quantity,,,Additional Information,,,,,,,,,,,,,,,,,,,,,,,,,,,,,,,,,,,,,,,,,,,,,,,,,,,,,,,,,,,,,,,,,,,,,,,,,,,,,,,,,,,,,,,,,,,,,,,,,,,,,,,,,,,,,,,,,,,,,,,,,,,,,,,,,,,,,,,,,,1,EA,,,,,,,,,,,,,,,,,,,,,,,,,,,,,,,,,,,,,US,No,No
https://www.diablotools.com/product/D1012LF,,,,,,D1012LF,Tools & Hardware,Power Tool Accessories,Saw Blades,D1012LF,D1012LF,"D1012LF Saw Blade 10""x12Teeth - Laminate & Wood Flooring",-- Unbranded --,-- No Unilog Brand --,-- No DIB Brand --,Freud Inc (2435),Freud Tools / Robert Bosch Tool Corporation,DIABLO®,,D1012LF,,Tools & Hardware>Power Tool Accessories>Saw Blades,"DIABLO®, Saw Blade, D1012LF",SAW BLADE 10 IN,"DIABLO®, D1012LF, Saw Blade","DIABLO® Saw Blade, 10 in","DIABLO®, Saw Blade",,,,,,,,,,,,,,,,,,,,,,,,,,,Saw Blade,Item Type,,,Dimensions,10,in,Grit,,,Arbor Size,,,Abrasive Material,,,Pack Quantity,,,Additional Information,,,,,,,,,,,,,,,,,,,,,,,,,,,Manufacturer,DIABLO,,Catalog Category,Abrasives/Cutting Tools,,,,,,,,,,,,,,,,,,,,,,,,,,,,,,,,,,,,,,,,,,,,,,,,,,,,,,,,,,,,,,,,,,,,,,,,,,,,,,,,,,,,,,,,,,,,,,,,,,,,,,,,,,,1,EA,,,,,,,,,,,,,,,,,,,,,,,,,,,,,,,,,,,,,US,No,No
https://www.diablotools.com/product/D1216LF,,,,,,D1216LF,Tools & Hardware,Power Tool Accessories,Saw Blades,D1216LF,D1216LF,"D1216LF Saw Blade 12""x16Teeth - Laminate & Wood Flooring",-- Unbranded --,-- No Unilog Brand --,-- No DIB Brand --,Freud Inc (2435),Freud Tools / Robert Bosch Tool Corporation,DIABLO®,,D1216LF,,Tools & Hardware>Power Tool Accessories>Saw Blades,"DIABLO®, Saw Blade, D1216LF",SAW BLADE 12 IN,"DIABLO®, D1216LF, Saw Blade","DIABLO® Saw Blade, 12 in","DIABLO®, Saw Blade",,,,,,,,,,,,,,,,,,,,,,,,,,,Saw Blade,Item Type,,,Dimensions,12,in,Grit,,,Arbor Size,,,Abrasive Material,,,Pack Quantity,,,Additional Information,,,,,,,,,,,,,,,,,,,,,,,,,,,Manufacturer,DIABLO,,Catalog Category,Abrasives/Cutting Tools,,,,,,,,,,,,,,,,,,,,,,,,,,,,,,,,,,,,,,,,,,,,,,,,,,,,,,,,,,,,,,,,,,,,,,,,,,,,,,,,,,,,,,,,,,,,,,,,,,,,,,,,,,,1,EA,,,,,,,,,,,,,,,,,,,,,,,,,,,,,,,,,,,,,US,No,No
https://www.dewalt.com/product/DWA47421,,,,,,DWA47421,,,,DWA47421,DWA47421,"DWA47421 Dewalt 14"" Segmented - Rim Diamond Blade",-- Unbranded --,-- No Unilog Brand --,-- No DIB Brand --,Black & Decker/dewlt (2585),Stanley Black & Decker,DEWALT®,,DWA47421,,,"DEWALT®, Diamond Blade, DWA47421, Diamond",DIAMOND BLADE 14 IN DIAMOND,"DEWALT®, DWA47421, Diamond Blade, Diamond","DEWALT® Diamond Blade, 14 in, Diamond","DEWALT®, Diamond Blade, Diamond",,,,,,,,,,,,,,,,,,,,,,,,,,,Diamond Blade,Item Type,,,Dimensions,14,in,Grit,,,Arbor Size,,,Abrasive Material,Diamond,,Pack Quantity,,,Additional Information,,,,,,,,,,,,,,,,,,,,,,,,,,,category,Abrasives/Cutting Tools,,description,"14"" Segmented - Rim Diamond Blade",,,,,,,,,,,,,,,,,,,,,,,,,,,,,,,,,,,,,,,,,,,,,,,,,,,,,,,,,,,,,,,,,,,,,,,,,,,,,,,,,,,,,,,,,,,,,,,,,,,,,,,,,,,1,EA,,,,,,,,,,,,,,,,,,,,,,,,,,,,,,,,,,,,,US,No,No
https://www.dewalt.com/product/DWA4769,,,,,,DWA4769,Tools & Hardware,Power Tool Accessories,Saw Blades,DWA4769,DWA4769,"DWA4769 Dewalt Rim Glass Tile - Blade 10""",-- Unbranded --,-- No Unilog Brand --,-- No DIB Brand --,Black & Decker/dewlt (2585),Stanley Black & Decker,DEWALT®,,DWA4769,,Tools & Hardware>Power Tool Accessories>Saw Blades,"DEWALT®, Saw Blade, DWA4769, Carbide",SAW BLADE 10 IN CARBIDE,"DEWALT®, DWA4769, Saw Blade, Carbide","DEWALT® Saw Blade, 10 in, Carbide","DEWALT®, Saw Blade, Carbide",,,,,,,,,,,,,,,,,,,,,,,,,,,Saw Blade,Item Type,,,Dimensions,10,in,Grit,,,Arbor Size,,,Abrasive Material,Carbide,,Pack Quantity,,,Additional Information,,,,,,,,,,,,,,,,,,,,,,,,,,,,,,,,,,,,,,,,,,,,,,,,,,,,,,,,,,,,,,,,,,,,,,,,,,,,,,,,,,,,,,,,,,,,,,,,,,,,,,,,,,,,,,,,,,,,,,,,,,,,,,,,,,,,,,,,,,1,EA,,,,,,,,,,,,,,,,,,,,,,,,,,,,,,,,,,,,,US,No,No
https://www.milwaukeetool.com/product/49-93-9204,,,,,,49-93-9204,,,,49-93-9204,49-93-9204,"49-93-9204 Milw 4-1/2"" Diamond - Tile Blade",-- Unbranded --,-- No Unilog Brand --,-- No DIB Brand --,Milwaukee Accessory (4031),Milwaukee Electric Tool Corporation,MILWAUKEE®,,49-93-9204,,,"MILWAUKEE®, Tile Blade, 49-93-9204, Diamond",TILE BLADE 4-1/2 IN DIAMOND,"MILWAUKEE®, 49-93-9204, Tile Blade, Diamond","MILWAUKEE® Tile Blade, 4-1/2 in, Diamond","MILWAUKEE®, Tile Blade, Diamond",,,,,,,,,,,,,,,,,,,,,,,,,,,Tile Blade,Item Type,,,Dimensions,4-1/2,in,Grit,,,Arbor Size,,,Abrasive Material,Diamond,,Pack Quantity,,,Additional Information,,,,,,,,,,,,,,,,,,,,,,,,,,,,,,,,,,,,,,,,,,,,,,,,,,,,,,,,,,,,,,,,,,,,,,,,,,,,,,,,,,,,,,,,,,,,,,,,,,,,,,,,,,,,,,,,,,,,,,,,,,,,,,,,,,,,,,,,,,1,EA,,,,,,,,,,,,,,,,,,,,,,,,,,,,,,,,,,,,,US,No,No
https://www.milwaukeetool.com/product/49-93-9207,,,,,,49-93-9207,Tools & Hardware,Power Tool Accessories,Saw Blades,49-93-9207,49-93-9207,"49-93-9207 Milw 7"" Diamond - Tile Blade",-- Unbranded --,-- No Unilog Brand --,-- No DIB Brand --,Milwaukee Accessory (4031),Milwaukee Electric Tool Corporation,MILWAUKEE®,,49-93-9207,,Tools & Hardware>Power Tool Accessories>Saw Blades,"MILWAUKEE®, Saw Blade, 49-93-9207, Diamond",SAW BLADE 7 IN DIAMOND,"MILWAUKEE®, 49-93-9207, Saw Blade, Diamond","MILWAUKEE® Saw Blade, 7 in, Diamond","MILWAUKEE®, Saw Blade, Diamond",,,,,,,,,,,,,,,,,,,,,,,,,,,Saw Blade,Item Type,,,Dimensions,7,in,Grit,,,Arbor Size,,,Abrasive Material,Diamond,,Pack Quantity,,,Additional Information,,,,,,,,,,,,,,,,,,,,,,,,,,,Manufacturer,MILWAUKEE,,Catalog Category,Abrasives/Cutting Tools,,,,,,,,,,,,,,,,,,,,,,,,,,,,,,,,,,,,,,,,,,,,,,,,,,,,,,,,,,,,,,,,,,,,,,,,,,,,,,,,,,,,,,,,,,,,,,,,,,,,,,,,,,,1,EA,,,,,,,,,,,,,,,,,,,,,,,,,,,,,,,,,,,,,US,No,No
https://www.milwaukeetool.com/product/49-93-9210,,,,,,49-93-9210,Tools & Hardware,Power Tool Accessories,Saw Blades,49-93-9210,49-93-9210,"49-93-9210 Milw 10"" Diamond - Tile Blade",-- Unbranded --,-- No Unilog Brand --,-- No DIB Brand --,Milwaukee Accessory (4031),Milwaukee Electric Tool Corporation,MILWAUKEE®,,49-93-9210,,Tools & Hardware>Power Tool Accessories>Saw Blades,"MILWAUKEE®, Saw Blade, 49-93-9210, Diamond",SAW BLADE 10 IN DIAMOND,"MILWAUKEE®, 49-93-9210, Saw Blade, Diamond","MILWAUKEE® Saw Blade, 10 in, Diamond","MILWAUKEE®, Saw Blade, Diamond",,,,,,,,,,,,,,,,,,,,,,,,,,,Saw Blade,Item Type,,,Dimensions,10,in,Grit,,,Arbor Size,,,Abrasive Material,Diamond,,Pack Quantity,,,Additional Information,,,,,,,,,,,,,,,,,,,,,,,,,,,,,,,,,,,,,,,,,,,,,,,,,,,,,,,,,,,,,,,,,,,,,,,,,,,,,,,,,,,,,,,,,,,,,,,,,,,,,,,,,,,,,,,,,,,,,,,,,,,,,,,,,,,,,,,,,,1,EA,,,,,,,,,,,,,,,,,,,,,,,,,,,,,,,,,,,,,US,No,No
https://www.milwaukeetool.com/product/49-93-9202,,,,,,49-93-9202,Tools & Hardware,Power Tool Accessories,Saw Blades,49-93-9202,49-93-9202,"49-93-9202 Milw 4"" Diamond - Tile Blade",-- Unbranded --,-- No Unilog Brand --,-- No DIB Brand --,Milwaukee Accessory (4031),Milwaukee Electric Tool Corporation,MILWAUKEE®,,49-93-9202,,Tools & Hardware>Power Tool Accessories>Saw Blades,"MILWAUKEE®, Saw Blade, 49-93-9202, Diamond",SAW BLADE 4 IN DIAMOND,"MILWAUKEE®, 49-93-9202, Saw Blade, Diamond","MILWAUKEE® Saw Blade, 4 in, Diamond","MILWAUKEE®, Saw Blade, Diamond",,,,,,,,,,,,,,,,,,,,,,,,,,,Saw Blade,Item Type,,,Dimensions,4,in,Grit,,,Arbor Size,,,Abrasive Material,Diamond,,Pack Quantity,,,Additional Information,,,,,,,,,,,,,,,,,,,,,,,,,,,description,"4"" Diamond - Tile Blade",,,,,,,,,,,,,,,,,,,,,,,,,,,,,,,,,,,,,,,,,,,,,,,,,,,,,,,,,,,,,,,,,,,,,,,,,,,,,,,,,,,,,,,,,,,,,,,,,,,,,,,,,,,,,,1,EA,,,,,,,,,,,,,,,,,,,,,,,,,,,,,,,,,,,,,US,No,No
https://www.milwaukeetool.com/product/49-93-9205,,,,,,49-93-9205,Tools & Hardware,Power Tool Accessories,Saw Blades,49-93-9205,49-93-9205,"49-93-9205 Milw 5"" Diamond - Tile Blade",-- Unbranded --,-- No Unilog Brand --,-- No DIB Brand --,Milwaukee Accessory (4031),Milwaukee Electric Tool Corporation,MILWAUKEE®,,49-93-9205,,Tools & Hardware>Power Tool Accessories>Saw Blades,"MILWAUKEE®, Saw Blade, 49-93-9205, Diamond",SAW BLADE 5 IN DIAMOND,"MILWAUKEE®, 49-93-9205, Saw Blade, Diamond","MILWAUKEE® Saw Blade, 5 in, Diamond","MILWAUKEE®, Saw Blade, Diamond",,,,,,,,,,,,,,,,,,,,,,,,,,,Saw Blade,Item Type,,,Dimensions,5,in,Grit,,,Arbor Size,,,Abrasive Material,Diamond,,Pack Quantity,,,Additional Information,,,,,,,,,,,,,,,,,,,,,,,,,,,Manufacturer,MILWAUKEE,,Catalog Category,Abrasives/Cutting Tools,,,,,,,,,,,,,,,,,,,,,,,,,,,,,,,,,,,,,,,,,,,,,,,,,,,,,,,,,,,,,,,,,,,,,,,,,,,,,,,,,,,,,,,,,,,,,,,,,,,,,,,,,,,1,EA,,,,,,,,,,,,,,,,,,,,,,,,,,,,,,,,,,,,,US,No,No
https://www.milwaukeetool.com/product/49-22-4702,,,,,,49-22-4702,,,,49-22-4702,49-22-4702,49-22-4702 Milw 13pc Quik-Lock Hole Dozer Kit,-- Unbranded --,-- No Unilog Brand --,-- No DIB Brand --,Milwaukee Accessory (4031),Milwaukee Electric Tool Corporation,MILWAUKEE®,,49-22-4702,,,"MILWAUKEE®, Drill Bit, 49-22-4702",DRILL BIT,"MILWAUKEE®, 49-22-4702, Drill Bit",MILWAUKEE® Drill Bit,"MILWAUKEE®, Drill Bit",,,,,,,,,,,,,,,,,,,,,,,,,,,Drill Bit,Series,,,Model,,,Item Type,,,Voltage Rating,,,Amperage Rating,,,Dimensions,,,Mounting Type,,,Material,,,Color,,,Sound Level,,,Additional Information,,,,,,,,,,,,,,,Manufacturer Part Number,49-22-4702,,Supplier / Manufacturer,MILWAUKEE,,Catalog Category,General Commercial,,Item Description,13pc Quik-Lock Hole Dozer Kit,,,,,,,,,,,,,,,,,,,,,,,,,,,,,,,,,,,,,,,,,,,,,,,,,,,,,,,,,,,,,,,,,,,,,,,,,,,,,,,,,,,,,,,,,,,,,,,,,,,,,1,EA,,,,,,,,,,,,,,,,,,,,,,,,,,,,,,,,,,,,,US,No,No
https://www.diablotools.com/product/DJT155HHM,,,,,,DJT155HHM,Tools & Hardware,Power Tool Accessories,Saw Blades,DJT155HHM,DJT155HHM,"DJT155HHM Diablo 3-3/5"" 10 TPI - Jig Saw Blade",-- Unbranded --,-- No Unilog Brand --,-- No DIB Brand --,Freud Inc (2435),Freud Tools / Robert Bosch Tool Corporation,DIABLO®,,DJT155HHM,,Tools & Hardware>Power Tool Accessories>Saw Blades,"DIABLO®, Jig Saw Blade, DJT155HHM, Bi-Metal",JIG SAW BLADE BI-METAL,"DIABLO®, DJT155HHM, Jig Saw Blade, Bi-Metal","DIABLO® Jig Saw Blade, Bi-Metal","DIABLO®, Jig Saw Blade, Bi-Metal",,,,,,,,,,,,,,,,,,,,,,,,,,,Jig Saw Blade,Item Type,,,Dimensions,,,Grit,,,Arbor Size,,,Abrasive Material,Bi-Metal,,Pack Quantity,,,Additional Information,,,,,,,,,,,,,,,,,,,,,,,,,,,length,"3-3/5""",,tpi,10 TPI,,brand,DIABLO®,,,,,,,,,,,,,,,,,,,,,,,,,,,,,,,,,,,,,,,,,,,,,,,,,,,,,,,,,,,,,,,,,,,,,,,,,,,,,,,,,,,,,,,,,,,,,,,,,,,,,,,,1,EA,,,,,,,,,,,,,,,,,,,,,,,,,,,,,,,,,,,,,US,No,No
,,,,,,790.82,Tools & Hardware,Power Tool Accessories,Saw Blades,790.82,790.82,790.820 CMT Planer Blade 2pc,-- Unbranded --,-- No Unilog Brand --,-- No DIB Brand --,CMT USA Inc (CMTUS),CMT USA Inc,CMT USA Inc,,790.82,,Tools & Hardware>Power Tool Accessories>Saw Blades,"CMT USA Inc, Saw Blade, 790.82",SAW BLADE,"CMT USA Inc, 790.82, Saw Blade",CMT USA Inc Saw Blade,"CMT USA Inc, Saw Blade",,,,,,,,,,,,,,,,,,,,,,,,,,,Saw Blade,Item Type,,,Dimensions,,,Grit,,,Arbor Size,,,Abrasive Material,,,Pack Quantity,,,Additional Information,,,,,,,,,,,,,,,,,,,,,,,,,,,,,,,,,,,,,,,,,,,,,,,,,,,,,,,,,,,,,,,,,,,,,,,,,,,,,,,,,,,,,,,,,,,,,,,,,,,,,,,,,,,,,,,,,,,,,,,,,,,,,,,,,,,,,,,,,,1,EA,,,,,,,,,,,,,,,,,,,,,,,,,,,,,,,,,,,,,US,No,No
,,,,,,794.321,,,,794.321,794.321,794.321 HS Planer Knives 3pc,-- Unbranded --,-- No Unilog Brand --,-- No DIB Brand --,CMT USA Inc (CMTUS),CMT USA Inc,CMT USA Inc,,794.321,,,"CMT USA Inc, Planer Knives, 794.321",PLANER KNIVES,"CMT USA Inc, 794.321, Planer Knives",CMT USA Inc Planer Knives,"CMT USA Inc, Planer Knives",,,,,,,,,,,,,,,,,,,,,,,,,,,Planer Knives,Series,,,Model,,,Item Type,,,Voltage Rating,,,Amperage Rating,,,Dimensions,,,Mounting Type,,,Material,,,Color,,,Sound Level,,,Additional Information,,,,,,,,,,,,,,,,,,,,,,,,,,,,,,,,,,,,,,,,,,,,,,,,,,,,,,,,,,,,,,,,,,,,,,,,,,,,,,,,,,,,,,,,,,,,,,,,,,,,,,,,,,,,,,,,,,,,,,,,,,,,,,1,EA,,,,,,,,,,,,,,,,,,,,,,,,,,,,,,,,,,,,,US,No,No
https://www.milwaukeetool.com/product/49-22-5641,,,,,,49-22-5641,Tools & Hardware,Power Tool Accessories,Saw Blades,49-22-5641,49-22-5641,49-22-5641 Milw Packout 15pc - Sawzall Blade Kit,-- Unbranded --,-- No Unilog Brand --,-- No DIB Brand --,Milwaukee Accessory (4031),Milwaukee Electric Tool Corporation,MILWAUKEE®,,49-22-5641,,Tools & Hardware>Power Tool Accessories>Saw Blades,"MILWAUKEE®, Sawzall Blade Kit, 49-22-5641",SAWZALL BLADE KIT,"MILWAUKEE®, 49-22-5641, Sawzall Blade Kit",MILWAUKEE® Sawzall Blade Kit,"MILWAUKEE®, Sawzall Blade Kit",,,,,,,,,,,,,,,,,,,,,,,,,,,Sawzall Blade Kit,Item Type,,,Dimensions,,,Grit,,,Arbor Size,,,Abrasive Material,,,Pack Quantity,,,Additional Information,,,,,,,,,,,,,,,,,,,,,,,,,,,,,,,,,,,,,,,,,,,,,,,,,,,,,,,,,,,,,,,,,,,,,,,,,,,,,,,,,,,,,,,,,,,,,,,,,,,,,,,,,,,,,,,,,,,,,,,,,,,,,,,,,,,,,,,,,,1,EA,,,,,,,,,,,,,,,,,,,,,,,,,,,,,,,,,,,,,US,No,No
https://www.diablotools.com/product/D0604TSH,,,,,,D0604TSH,Tools & Hardware,Power Tool Accessories,Saw Blades,D0604TSH,D0604TSH,"D0604TSH Diablo 6-1/2"" 4-Tooth - Cement Track Saw Blade",-- Unbranded --,-- No Unilog Brand --,-- No DIB Brand --,Freud Inc (2435),Freud Tools / Robert Bosch Tool Corporation,DIABLO®,,D0604TSH,,Tools & Hardware>Power Tool Accessories>Saw Blades,"DIABLO®, Saw Blade, D0604TSH, Carbide",SAW BLADE 6-1/2 IN CARBIDE,"DIABLO®, D0604TSH, Saw Blade, Carbide","DIABLO® Saw Blade, 6-1/2 in, Carbide","DIABLO®, Saw Blade, Carbide",,,,,,,,,,,,,,,,,,,,,,,,,,,Saw Blade,Item Type,,,Dimensions,6-1/2,in,Grit,,,Arbor Size,,,Abrasive Material,Carbide,,Pack Quantity,,,Additional Information,,,,,,,,,,,,,,,,,,,,,,,,,,,tooth_count,4-Tooth,,blade_type,Cement Track Saw Blade,,,,,,,,,,,,,,,,,,,,,,,,,,,,,,,,,,,,,,,,,,,,,,,,,,,,,,,,,,,,,,,,,,,,,,,,,,,,,,,,,,,,,,,,,,,,,,,,,,,,,,,,,,,1,EA,,,,,,,,,,,,,,,,,,,,,,,,,,,,,,,,,,,,,US,No,No
https://www.diablotools.com/product/D0620TSR,,,,,,D0620TSR,Tools & Hardware,Power Tool Accessories,Saw Blades,D0620TSR,D0620TSR,"D0620TSR Diablo 6-1/2""20 Tooth - Framing Saw Blade",-- Unbranded --,-- No Unilog Brand --,-- No DIB Brand --,Freud Inc (2435),Freud Tools / Robert Bosch Tool Corporation,DIABLO®,,D0620TSR,,Tools & Hardware>Power Tool Accessories>Saw Blades,"DIABLO®, Saw Blade, D0620TSR",SAW BLADE 6-1/2 IN,"DIABLO®, D0620TSR, Saw Blade","DIABLO® Saw Blade, 6-1/2 in","DIABLO®, Saw Blade",,,,,,,,,,,,,,,,,,,,,,,,,,,Saw Blade,Item Type,,,Dimensions,6-1/2,in,Grit,,,Arbor Size,,,Abrasive Material,,,Pack Quantity,,,Additional Information,,,,,,,,,,,,,,,,,,,,,,,,,,,Manufacturer,DIABLO,,Catalog Category,Abrasives/Cutting Tools,,,,,,,,,,,,,,,,,,,,,,,,,,,,,,,,,,,,,,,,,,,,,,,,,,,,,,,,,,,,,,,,,,,,,,,,,,,,,,,,,,,,,,,,,,,,,,,,,,,,,,,,,,,1,EA,,,,,,,,,,,,,,,,,,,,,,,,,,,,,,,,,,,,,US,No,No
https://www.diablotools.com/product/D0648TSF,,,,,,D0648TSF,Tools & Hardware,Power Tool Accessories,Saw Blades,D0648TSF,D0648TSF,"D0648TSF Diablo 6-1/2""48 Tooth - Plywood Track Saw Blade",-- Unbranded --,-- No Unilog Brand --,-- No DIB Brand --,Freud Inc (2435),Freud Tools / Robert Bosch Tool Corporation,DIABLO®,,D0648TSF,,Tools & Hardware>Power Tool Accessories>Saw Blades,"DIABLO®, Saw Blade, D0648TSF",SAW BLADE 6-1/2 IN,"DIABLO®, D0648TSF, Saw Blade","DIABLO® Saw Blade, 6-1/2 in","DIABLO®, Saw Blade",,,,,,,,,,,,,,,,,,,,,,,,,,,Saw Blade,Item Type,,,Dimensions,6-1/2,in,Grit,,,Arbor Size,,,Abrasive Material,,,Pack Quantity,,,Additional Information,,,,,,,,,,,,,,,,,,,,,,,,,,,tooth_count,48,,material_type,Plywood,,blade_type,Track Saw Blade,,,,,,,,,,,,,,,,,,,,,,,,,,,,,,,,,,,,,,,,,,,,,,,,,,,,,,,,,,,,,,,,,,,,,,,,,,,,,,,,,,,,,,,,,,,,,,,,,,,,,,,,1,EA,,,,,,,,,,,,,,,,,,,,,,,,,,,,,,,,,,,,,US,No,No
https://www.diablotools.com/product/D0652TSL,,,,,,D0652TSL,Tools & Hardware,Power Tool Accessories,Saw Blades,D0652TSL,D0652TSL,"D0652TSL Diablo 6-1/2""52 Tooth - Laminate Track Saw Blade",-- Unbranded --,-- No Unilog Brand --,-- No DIB Brand --,Freud Inc (2435),Freud Tools / Robert Bosch Tool Corporation,DIABLO®,,D0652TSL,,Tools & Hardware>Power Tool Accessories>Saw Blades,"DIABLO®, Saw Blade, D0652TSL, Carbide",SAW BLADE 6-1/2 IN CARBIDE,"DIABLO®, D0652TSL, Saw Blade, Carbide","DIABLO® Saw Blade, 6-1/2 in, Carbide","DIABLO®, Saw Blade, Carbide",,,,,,,,,,,,,,,,,,,,,,,,,,,Saw Blade,Item Type,,,Dimensions,6-1/2,in,Grit,,,Arbor Size,,,Abrasive Material,Carbide,,Pack Quantity,,,Additional Information,,,,,,,,,,,,,,,,,,,,,,,,,,,Material,Carbide,,tooth_count,52,,application,Laminate,,,,,,,,,,,,,,,,,,,,,,,,,,,,,,,,,,,,,,,,,,,,,,,,,,,,,,,,,,,,,,,,,,,,,,,,,,,,,,,,,,,,,,,,,,,,,,,,,,,,,,,,1,EA,,,,,,,,,,,,,,,,,,,,,,,,,,,,,,,,,,,,,US,No,No
,,,,,,JT1-549,Tools & Hardware,Power Tool Accessories,Saw Blades,JT1-549,JT1-549,"JT1-549 JWBS18SFX 18"" Bandsaw - 1.75HP 1PH 115V",-- Unbranded --,-- No Unilog Brand --,-- No DIB Brand --,JPW Industries (JPWIN),JPW Industries,JPW Industries,,JT1-549,,Tools & Hardware>Power Tool Accessories>Saw Blades,"JPW Industries, Bandsaw, JT1-549",BANDSAW 115 V,"JPW Industries, JT1-549, Bandsaw","JPW Industries Bandsaw, 115 V","JPW Industries, Bandsaw",,,,,,,,,,,,,,,,,,,,,,,,,,,Bandsaw,Series,,,Model,,,Item Type,,,Voltage Rating,115,V,Amperage Rating,,,Dimensions,,,Mounting Type,,,Material,,,Color,,,Sound Level,,,Additional Information,,,,,,,,,,,,,,,HP,1.75,,Phase,1PH,,MPN,JT1-549,,Category,General Commercial,,,,,,,,,,,,,,,,,,,,,,,,,,,,,,,,,,,,,,,,,,,,,,,,,,,,,,,,,,,,,,,,,,,,,,,,,,,,,,,,,,,,,,,,,,,,,,,,,,,,,1,EA,,,,,,,,,,,,,,,,,,,,,,,,,,,,,,,,,,,,,US,No,No
,,,,,,JT1-1371,Tools & Hardware,Power Tool Accessories,Saw Blades,JT1-1371,JT1-1371,"JWBS14-SFX-BLK Jet 14"" Bandsaw - JT1-1371",-- Unbranded --,-- No Unilog Brand --,-- No DIB Brand --,JPW Industries (JPWIN),JPW Industries,JPW Industries,,JT1-1371,,Tools & Hardware>Power Tool Accessories>Saw Blades,"JPW Industries, Bandsaw, JT1-1371",BANDSAW,"JPW Industries, JT1-1371, Bandsaw",JPW Industries Bandsaw,"JPW Industries, Bandsaw",,,,,,,,,,,,,,,,,,,,,,,,,,,Bandsaw,Series,,,Model,,,Item Type,,,Voltage Rating,,,Amperage Rating,,,Dimensions,,,Mounting Type,,,Material,,,Color,,,Sound Level,,,Additional Information,,,,,,,,,,,,,,,Manufacturer Part Number,JT1-1371,,Supplier / Manufacturer,JPW Industries,,Catalog Category,General Commercial,,,,,,,,,,,,,,,,,,,,,,,,,,,,,,,,,,,,,,,,,,,,,,,,,,,,,,,,,,,,,,,,,,,,,,,,,,,,,,,,,,,,,,,,,,,,,,,,,,,,,,,,1,EA,,,,,,,,,,,,,,,,,,,,,,,,,,,,,,,,,,,,,US,No,No
,,,,,,JT9-714400K,Tools & Hardware,Power Tool Accessories,Saw Blades,JT9-714400K,JT9-714400K,"JWBS-14SFX 14"" Bandsaw JTP-714400K",-- Unbranded --,-- No Unilog Brand --,-- No DIB Brand --,JPW Industries (JPWIN),JPW Industries,JPW Industries,,JT9-714400K,,Tools & Hardware>Power Tool Accessories>Saw Blades,"JPW Industries, Bandsaw, JT9-714400K",BANDSAW,"JPW Industries, JT9-714400K, Bandsaw",JPW Industries Bandsaw,"JPW Industries, Bandsaw",,,,,,,,,,,,,,,,,,,,,,,,,,,Bandsaw,Series,,,Model,,,Item Type,,,Voltage Rating,,,Amperage Rating,,,Dimensions,,,Mounting Type,,,Material,,,Color,,,Sound Level,,,Additional Information,,,,,,,,,,,,,,,Manufacturer Part Number,JT9-714400K,,Catalog Category,General Commercial,,Original Description,"JWBS-14SFX 14"" Bandsaw JTP-714400K",,,,,,,,,,,,,,,,,,,,,,,,,,,,,,,,,,,,,,,,,,,,,,,,,,,,,,,,,,,,,,,,,,,,,,,,,,,,,,,,,,,,,,,,,,,,,,,,,,,,,,,,1,EA,,,,,,,,,,,,,,,,,,,,,,,,,,,,,,,,,,,,,US,No,No
https://www.milwaukeetool.com/product/2834-21HD,,,,,,2834-21HD,Tools & Hardware,Power Tool Accessories,Saw Blades,2834-21HD,2834-21HD,"2834-21HD Milw M18 7-1/4"" Circ - Saw Kit",-- Unbranded --,-- No Unilog Brand --,-- No DIB Brand --,Milwaukee Accessory (4031),Milwaukee Electric Tool Corporation,MILWAUKEE®,,2834-21HD,,Tools & Hardware>Power Tool Accessories>Saw Blades,"MILWAUKEE®, Circular Saw, 2834-21HD",CIRCULAR SAW M18 7-1/4 IN,"MILWAUKEE®, 2834-21HD, Circular Saw","MILWAUKEE® Circular Saw, M18 V, 7-1/4 in","MILWAUKEE®, Circular Saw",,,,,,,,,,,,,,,,,,,,,,,,,,,Circular Saw,Series,,,Model,,,Item Type,,,Voltage Rating,M18,,Amperage Rating,,,Dimensions,7-1/4,in,Mounting Type,,,Material,,,Color,,,Sound Level,,,Additional Information,,,,,,,,,,,,,,,,,,,,,,,,,,,,,,,,,,,,,,,,,,,,,,,,,,,,,,,,,,,,,,,,,,,,,,,,,,,,,,,,,,,,,,,,,,,,,,,,,,,,,,,,,,,,,,,,,,,,,,,,,,,,,,1,EA,,,,,,,,,,,,,,,,,,,,,,,,,,,,,,,,,,,,,US,No,No
https://www.dewalt.com/product/DCS383B,,,,,,DCS383B,Tools & Hardware,Abrasives,Cutting Discs,DCS383B,DCS383B,"DCS383B Dewalt 20V 7-1/4"" - Metal Cutting Circ Saw",-- Unbranded --,-- No Unilog Brand --,-- No DIB Brand --,Black & Decker/dewlt (2585),Stanley Black & Decker,DEWALT®,,DCS383B,,Tools & Hardware>Abrasives>Cutting & Grinding Discs,"DEWALT®, Cut-Off Disc, DCS383B",CUT-OFF DISC 7-1/4 IN,"DEWALT®, DCS383B, Cut-Off Disc","DEWALT® Cut-Off Disc, 20 V, 7-1/4 in","DEWALT®, Cut-Off Disc",,,,,,,,,,,,,,,,,,,,,,,,,,,Cut-Off Disc,Item Type,,,Dimensions,7-1/4,in,Grit,,,Arbor Size,,,Abrasive Material,,,Pack Quantity,,,Additional Information,,,,,,,,,,,,,,,,,,,,,,,,,,,Voltage Rating,20,V,Manufacturer Part Number (MPN),DCS383B,,Supplier / Manufacturer,DEWALT®,,Catalog Category,General Commercial,,,,,,,,,,,,,,,,,,,,,,,,,,,,,,,,,,,,,,,,,,,,,,,,,,,,,,,,,,,,,,,,,,,,,,,,,,,,,,,,,,,,,,,,,,,,,,,,,,,,,1,EA,,,,,,,,,,,,,,,,,,,,,,,,,,,,,,,,,,,,,US,No,No
https://www.dewalt.com/product/DCS590B,,,,,,DCS590B,Tools & Hardware,Power Tool Accessories,Saw Blades,DCS590B,DCS590B,"DCS590B Dewalt 20V Cordless - 7-1/4"" Circular Saw",-- Unbranded --,-- No Unilog Brand --,-- No DIB Brand --,Black & Decker/dewlt (2585),Stanley Black & Decker,DEWALT®,,DCS590B,,Tools & Hardware>Power Tool Accessories>Saw Blades,"DEWALT®, Circular Saw, DCS590B",CIRCULAR SAW 20 V 7-1/4 IN,"DEWALT®, DCS590B, Circular Saw","DEWALT® Circular Saw, 20 V, 7-1/4 in","DEWALT®, Circular Saw",,,,,,,,,,,,,,,,,,,,,,,,,,,Circular Saw,Series,,,Model,,,Item Type,,,Voltage Rating,20,V,Amperage Rating,,,Dimensions,7-1/4,in,Mounting Type,,,Material,,,Color,,,Sound Level,,,Additional Information,,,,,,,,,,,,,,,,,,,,,,,,,,,,,,,,,,,,,,,,,,,,,,,,,,,,,,,,,,,,,,,,,,,,,,,,,,,,,,,,,,,,,,,,,,,,,,,,,,,,,,,,,,,,,,,,,,,,,,,,,,,,,,1,EA,,,,,,,,,,,,,,,,,,,,,,,,,,,,,,,,,,,,,US,No,No
https://www.kregtool.com/product/KPTCS725A,,,,,,KPTCS725A,Tools & Hardware,Power Tool Accessories,Saw Blades,KPTCS725A,KPTCS725A,"KPTCS725A Kreg 20V Ionic 7-1/4"" Circ Saw",-- Unbranded --,-- No Unilog Brand --,-- No DIB Brand --,Kreg Tool Company (KRETO),Kreg Tool Company,KREG®,,KPTCS725A,,Tools & Hardware>Power Tool Accessories>Saw Blades,"KREG®, Circular Saw, KPTCS725A",CIRCULAR SAW 20 V 7-1/4 IN,"KREG®, KPTCS725A, Circular Saw","KREG® Circular Saw, 20 V, 7-1/4 in","KREG®, Circular Saw",,,,,,,,,,,,,,,,,,,,,,,,,,,Circular Saw,Series,,,Model,,,Item Type,,,Voltage Rating,20,V,Amperage Rating,,,Dimensions,7-1/4,in,Mounting Type,,,Material,,,Color,,,Sound Level,,,Additional Information,,,,,,,,,,,,,,,,,,,,,,,,,,,,,,,,,,,,,,,,,,,,,,,,,,,,,,,,,,,,,,,,,,,,,,,,,,,,,,,,,,,,,,,,,,,,,,,,,,,,,,,,,,,,,,,,,,,,,,,,,,,,,,1,EA,,,,,,,,,,,,,,,,,,,,,,,,,,,,,,,,,,,,,US,No,No
https://www.kregtool.com/product/KPTCS450A,,,,,,KPTCS450A,Tools & Hardware,Power Tool Accessories,Saw Blades,KPTCS450A,KPTCS450A,"KPTCS450A Kreg 20V Ionic 4-1/2"" Circ Saw",-- Unbranded --,-- No Unilog Brand --,-- No DIB Brand --,Kreg Tool Company (KRETO),Kreg Tool Company,KREG®,,KPTCS450A,,Tools & Hardware>Power Tool Accessories>Saw Blades,"KREG®, Circular Saw, KPTCS450A",CIRCULAR SAW 20 V 4-1/2 IN,"KREG®, KPTCS450A, Circular Saw","KREG® Circular Saw, 20 V, 4-1/2 in","KREG®, Circular Saw",,,,,,,,,,,,,,,,,,,,,,,,,,,Circular Saw,Series,,,Model,,,Item Type,,,Voltage Rating,20,V,Amperage Rating,,,Dimensions,4-1/2,in,Mounting Type,,,Material,,,Color,,,Sound Level,,,Additional Information,,,,,,,,,,,,,,,,,,,,,,,,,,,,,,,,,,,,,,,,,,,,,,,,,,,,,,,,,,,,,,,,,,,,,,,,,,,,,,,,,,,,,,,,,,,,,,,,,,,,,,,,,,,,,,,,,,,,,,,,,,,,,,1,EA,,,,,,,,,,,,,,,,,,,,,,,,,,,,,,,,,,,,,US,No,No
https://www.milwaukeetool.com/product/2545-20,,,,,,2545-20,,,,2545-20,2545-20,2545-20 Milw M12 Jig Saw,-- Unbranded --,-- No Unilog Brand --,-- No DIB Brand --,Milwaukee Accessory (4031),Milwaukee Electric Tool Corporation,MILWAUKEE®,,2545-20,,,"MILWAUKEE®, Drill Bit, 2545-20",DRILL BIT 12 V,"MILWAUKEE®, 2545-20, Drill Bit","MILWAUKEE® Drill Bit, 12 V","MILWAUKEE®, Drill Bit",,,,,,,,,,,,,,,,,,,,,,,,,,,Drill Bit,Series,,,Model,,,Item Type,,,Voltage Rating,12,V,Amperage Rating,,,Dimensions,,,Mounting Type,,,Material,,,Color,,,Sound Level,,,Additional Information,,,,,,,,,,,,,,,Manufacturer Part Number,2545-20,,Supplier / Manufacturer,MILWAUKEE,,Catalog Category,General Commercial,,,,,,,,,,,,,,,,,,,,,,,,,,,,,,,,,,,,,,,,,,,,,,,,,,,,,,,,,,,,,,,,,,,,,,,,,,,,,,,,,,,,,,,,,,,,,,,,,,,,,,,,1,EA,,,,,,,,,,,,,,,,,,,,,,,,,,,,,,,,,,,,,US,No,No
https://www.kregtool.com/product/KPTJS100A,,,,,,KPTJS100A,,,,KPTJS100A,KPTJS100A,KPTJS100A Kreg 20V Ionic Barrel Grip Jigsaw,-- Unbranded --,-- No Unilog Brand --,-- No DIB Brand --,Kreg Tool Company (KRETO),Kreg Tool Company,KREG®,,KPTJS100A,,,"KREG®, Drill Bit, KPTJS100A",DRILL BIT 20 V,"KREG®, KPTJS100A, Drill Bit","KREG® Drill Bit, 20 V","KREG®, Drill Bit",,,,,,,,,,,,,,,,,,,,,,,,,,,Drill Bit,Series,,,Model,,,Item Type,,,Voltage Rating,20,V,Amperage Rating,,,Dimensions,,,Mounting Type,,,Material,,,Color,,,Sound Level,,,Additional Information,,,,,,,,,,,,,,,,,,,,,,,,,,,,,,,,,,,,,,,,,,,,,,,,,,,,,,,,,,,,,,,,,,,,,,,,,,,,,,,,,,,,,,,,,,,,,,,,,,,,,,,,,,,,,,,,,,,,,,,,,,,,,,1,EA,,,,,,,,,,,,,,,,,,,,,,,,,,,,,,,,,,,,,US,No,No
https://www.dewalt.com/product/DCS714B,,,,,,DCS714B,Tools & Hardware,Power Tool Accessories,Saw Blades,DCS714B,DCS714B,"DCS714B Dewalt 20V Miter Saw - 10"" Double Bevel Fixed",-- Unbranded --,-- No Unilog Brand --,-- No DIB Brand --,Black & Decker/dewlt (2585),Stanley Black & Decker,DEWALT®,,DCS714B,,Tools & Hardware>Power Tool Accessories>Saw Blades,"DEWALT®, Miter Saw, DCS714B",MITER SAW 20 V 10 IN,"DEWALT®, DCS714B, Miter Saw","DEWALT® Miter Saw, 20 V, 10 in","DEWALT®, Miter Saw",,,,,,,,,,,,,,,,,,,,,,,,,,,Miter Saw,Series,,,Model,,,Item Type,,,Voltage Rating,20,V,Amperage Rating,,,Dimensions,10,in,Mounting Type,,,Material,,,Color,,,Sound Level,,,Additional Information,,,,,,,,,,,,,,,Manufacturer Part Number (MPN),DCS714B,,Supplier / Manufacturer,DEWALT®,,Catalog Category,General Commercial,,,,,,,,,,,,,,,,,,,,,,,,,,,,,,,,,,,,,,,,,,,,,,,,,,,,,,,,,,,,,,,,,,,,,,,,,,,,,,,,,,,,,,,,,,,,,,,,,,,,,,,,1,EA,,,,,,,,,,,,,,,,,,,,,,,,,,,,,,,,,,,,,US,No,No
https://www.dewalt.com/product/DCS785B,,,,,,DCS785B,Tools & Hardware,Power Tool Accessories,Saw Blades,DCS785B,DCS785B,"DCS785B Dewalt 20V Miter Saw - Kit 12"" Double Bevel Sliding",-- Unbranded --,-- No Unilog Brand --,-- No DIB Brand --,Black & Decker/dewlt (2585),Stanley Black & Decker,DEWALT®,,DCS785B,,Tools & Hardware>Power Tool Accessories>Saw Blades,"DEWALT®, Miter Saw, DCS785B",MITER SAW 20 V 12 IN,"DEWALT®, DCS785B, Miter Saw","DEWALT® Miter Saw, 20 V, 12 in","DEWALT®, Miter Saw",,,,,,,,,,,,,,,,,,,,,,,,,,,Miter Saw,Series,,,Model,,,Item Type,,,Voltage Rating,20,V,Amperage Rating,,,Dimensions,12,in,Mounting Type,,,Material,,,Color,,,Sound Level,,,Additional Information,,,,,,,,,,,,,,,Manufacturer Part Number (MPN),DCS785B,,Supplier / Manufacturer,DEWALT®,,Catalog Category,General Commercial,,,,,,,,,,,,,,,,,,,,,,,,,,,,,,,,,,,,,,,,,,,,,,,,,,,,,,,,,,,,,,,,,,,,,,,,,,,,,,,,,,,,,,,,,,,,,,,,,,,,,,,,1,EA,,,,,,,,,,,,,,,,,,,,,,,,,,,,,,,,,,,,,US,No,No
https://www.makitatools.com/product/GSL02M1,,,,,,GSL02M1,,,,GSL02M1,GSL02M1,"GSL02M1 Makita Miter Saw - 40V 8-1/2""",-- Unbranded --,-- No Unilog Brand --,-- No DIB Brand --,Makita Usa Inc (5142),Makita Corporation,MAKITA®,,GSL02M1,,,"MAKITA®, Drill Bit, GSL02M1",DRILL BIT 40 V 8-1/2 IN,"MAKITA®, GSL02M1, Drill Bit","MAKITA® Drill Bit, 40 V, 8-1/2 in","MAKITA®, Drill Bit",,,,,,,,,,,,,,,,,,,,,,,,,,,Drill Bit,Series,,,Model,,,Item Type,,,Voltage Rating,40,V,Amperage Rating,,,Dimensions,8-1/2,in,Mounting Type,,,Material,,,Color,,,Sound Level,,,Additional Information,,,,,,,,,,,,,,,Manufacturer Part Number,GSL02M1,,Supplier / Manufacturer,MAKITA®,,Catalog Category,General Commercial,,,,,,,,,,,,,,,,,,,,,,,,,,,,,,,,,,,,,,,,,,,,,,,,,,,,,,,,,,,,,,,,,,,,,,,,,,,,,,,,,,,,,,,,,,,,,,,,,,,,,,,,1,EA,,,,,,,,,,,,,,,,,,,,,,,,,,,,,,,,,,,,,US,No,No
https://www.dewalt.com/product/DW7029,,,,,,DW7029,Tools & Hardware,Power Tool Accessories,Saw Blades,DW7029,DW7029,DW7029 Dewalt Miter Saw - Stand Support/Stop,-- Unbranded --,-- No Unilog Brand --,-- No DIB Brand --,Black & Decker/dewlt (2585),Stanley Black & Decker,DEWALT®,,DW7029,,Tools & Hardware>Power Tool Accessories>Saw Blades,"DEWALT®, Miter Saw, DW7029",MITER SAW,"DEWALT®, DW7029, Miter Saw",DEWALT® Miter Saw,"DEWALT®, Miter Saw",,,,,,,,,,,,,,,,,,,,,,,,,,,Miter Saw,Series,,,Model,,,Item Type,,,Voltage Rating,,,Amperage Rating,,,Dimensions,,,Mounting Type,,,Material,,,Color,,,Sound Level,,,Additional Information,,,,,,,,,,,,,,,Manufacturer Part Number,DW7029,,Supplier / Manufacturer,DEWALT®,,Catalog Category,General Commercial,,,,,,,,,,,,,,,,,,,,,,,,,,,,,,,,,,,,,,,,,,,,,,,,,,,,,,,,,,,,,,,,,,,,,,,,,,,,,,,,,,,,,,,,,,,,,,,,,,,,,,,,1,EA,,,,,,,,,,,,,,,,,,,,,,,,,,,,,,,,,,,,,US,No,No
https://www.dewalt.com/product/DCS384B,,,,,,DCS384B,Tools & Hardware,Power Tool Accessories,Saw Blades,DCS384B,DCS384B,DCS384B Dewalt 20V Brushless - Cordless Recip Saw,-- Unbranded --,-- No Unilog Brand --,-- No DIB Brand --,Black & Decker/dewlt (2585),Stanley Black & Decker,DEWALT®,,DCS384B,,Tools & Hardware>Power Tool Accessories>Saw Blades,"DEWALT®, Reciprocating Saw, DCS384B",RECIPROCATING SAW 20 V,"DEWALT®, DCS384B, Reciprocating Saw","DEWALT® Reciprocating Saw, 20 V","DEWALT®, Reciprocating Saw",,,,,,,,,,,,,,,,,,,,,,,,,,,Reciprocating Saw,Series,,,Model,,,Item Type,,,Voltage Rating,20,V,Amperage Rating,,,Dimensions,,,Mounting Type,,,Material,,,Color,,,Sound Level,,,Additional Information,,,,,,,,,,,,,,,,,,,,,,,,,,,,,,,,,,,,,,,,,,,,,,,,,,,,,,,,,,,,,,,,,,,,,,,,,,,,,,,,,,,,,,,,,,,,,,,,,,,,,,,,,,,,,,,,,,,,,,,,,,,,,,1,EA,,,,,,,,,,,,,,,,,,,,,,,,,,,,,,,,,,,,,US,No,No
https://www.makitatools.com/product/XRJ08Z,,,,,,XRJ08Z,Tools & Hardware,Power Tool Accessories,Saw Blades,XRJ08Z,XRJ08Z,XRJ08Z Makita 18V Recip Saw - Bare Tool,-- Unbranded --,-- No Unilog Brand --,-- No DIB Brand --,Makita Usa Inc (5142),Makita Corporation,MAKITA®,,XRJ08Z,,Tools & Hardware>Power Tool Accessories>Saw Blades,"MAKITA®, Reciprocating Saw, XRJ08Z",RECIPROCATING SAW 18 V,"MAKITA®, XRJ08Z, Reciprocating Saw","MAKITA® Reciprocating Saw, 18 V","MAKITA®, Reciprocating Saw",,,,,,,,,,,,,,,,,,,,,,,,,,,Reciprocating Saw,Series,,,Model,,,Item Type,,,Voltage Rating,18,V,Amperage Rating,,,Dimensions,,,Mounting Type,,,Material,,,Color,,,Sound Level,,,Additional Information,,,,,,,,,,,,,,,,,,,,,,,,,,,,,,,,,,,,,,,,,,,,,,,,,,,,,,,,,,,,,,,,,,,,,,,,,,,,,,,,,,,,,,,,,,,,,,,,,,,,,,,,,,,,,,,,,,,,,,,,,,,,,,1,EA,,,,,,,,,,,,,,,,,,,,,,,,,,,,,,,,,,,,,US,No,No
,,,,,,G0771Z,Tools & Hardware,Power Tool Accessories,Saw Blades,G0771Z,G0771Z,"Grizzly G0771Z 30"" Table Saw",-- Unbranded --,-- No Unilog Brand --,-- No DIB Brand --,Woodstock Intl (3658),Woodstock Intl,Woodstock Intl,,G0771Z,,Tools & Hardware>Power Tool Accessories>Saw Blades,"Woodstock Intl, Table Saw, G0771Z",TABLE SAW,"Woodstock Intl, G0771Z, Table Saw",Woodstock Intl Table Saw,"Woodstock Intl, Table Saw",,,,,,,,,,,,,,,,,,,,,,,,,,,Table Saw,Series,,,Model,,,Item Type,,,Voltage Rating,,,Amperage Rating,,,Dimensions,,,Mounting Type,,,Material,,,Color,,,Sound Level,,,Additional Information,,,,,,,,,,,,,,,,,,,,,,,,,,,,,,,,,,,,,,,,,,,,,,,,,,,,,,,,,,,,,,,,,,,,,,,,,,,,,,,,,,,,,,,,,,,,,,,,,,,,,,,,,,,,,,,,,,,,,,,,,,,,,,1,EA,,,,,,,,,,,,,,,,,,,,,,,,,,,,,,,,,,,,,US,No,No
https://www.edgeeyewear.com/product/TS1017,,,,,,TS1017,Tools & Hardware,Power Tool Accessories,Saw Blades,TS1017,TS1017,TS1017 Table Saw Zero-Clearance Insert,-- Unbranded --,-- No Unilog Brand --,-- No DIB Brand --,Robt Bosch Tool Corp (6564),Edge Eyewear,EDGE SAFETY®,,TS1017,,Tools & Hardware>Power Tool Accessories>Saw Blades,"EDGE SAFETY®, Table Saw Zero-Clearance Insert, TS1017",TABLE SAW ZERO-CLEARANCE INSERT,"EDGE SAFETY®, TS1017, Table Saw Zero-Clearance Insert",EDGE SAFETY® Table Saw Zero-Clearance Insert,"EDGE SAFETY®, Table Saw Zero-Clearance Insert",,,,,,,,,,,,,,,,,,,,,,,,,,,Table Saw Zero-Clearance Insert,Series,,,Model,,,Item Type,,,Voltage Rating,,,Amperage Rating,,,Dimensions,,,Mounting Type,,,Material,,,Color,,,Sound Level,,,Additional Information,,,,,,,,,,,,,,,,,,,,,,,,,,,,,,,,,,,,,,,,,,,,,,,,,,,,,,,,,,,,,,,,,,,,,,,,,,,,,,,,,,,,,,,,,,,,,,,,,,,,,,,,,,,,,,,,,,,,,,,,,,,,,,1,EA,,,,,,,,,,,,,,,,,,,,,,,,,,,,,,,,,,,,,US,No,No
,,,,,,XT524,,,,XT524,XT524,"XT524 24"" XT XTENDER Fence",-- Unbranded --,-- No Unilog Brand --,-- No DIB Brand --,Bow Products (BOWPR),Bow Products,Bow Products,,XT524,,,"Bow Products, Fence, XT524",FENCE 24 IN,"Bow Products, XT524, Fence","Bow Products Fence, 24 in","Bow Products, Fence",,,,,,,,,,,,,,,,,,,,,,,,,,,Fence,Series,,,Model,,,Item Type,,,Voltage Rating,,,Amperage Rating,,,Dimensions,24,in,Mounting Type,,,Material,,,Color,,,Sound Level,,,Additional Information,,,,,,,,,,,,,,,,,,,,,,,,,,,,,,,,,,,,,,,,,,,,,,,,,,,,,,,,,,,,,,,,,,,,,,,,,,,,,,,,,,,,,,,,,,,,,,,,,,,,,,,,,,,,,,,,,,,,,,,,,,,,,,1,EA,,,,,,,,,,,,,,,,,,,,,,,,,,,,,,,,,,,,,US,No,No
,,,,,,XT536,,,,XT536,XT536,"XT536 36"" XT XTENDER Fence",-- Unbranded --,-- No Unilog Brand --,-- No DIB Brand --,Bow Products (BOWPR),Bow Products,Bow Products,,XT536,,,"Bow Products, Fence, XT536",FENCE 36 IN,"Bow Products, XT536, Fence","Bow Products Fence, 36 in","Bow Products, Fence",,,,,,,,,,,,,,,,,,,,,,,,,,,Fence,Series,,,Model,,,Item Type,,,Voltage Rating,,,Amperage Rating,,,Dimensions,36,in,Mounting Type,,,Material,,,Color,,,Sound Level,,,Additional Information,,,,,,,,,,,,,,,,,,,,,,,,,,,,,,,,,,,,,,,,,,,,,,,,,,,,,,,,,,,,,,,,,,,,,,,,,,,,,,,,,,,,,,,,,,,,,,,,,,,,,,,,,,,,,,,,,,,,,,,,,,,,,,1,EA,,,,,,,,,,,,,,,,,,,,,,,,,,,,,,,,,,,,,US,No,No
,,,,,,XT546,,,,XT546,XT546,"XT546 46"" XT XTENDER Fence",-- Unbranded --,-- No Unilog Brand --,-- No DIB Brand --,Bow Products (BOWPR),Bow Products,Bow Products,,XT546,,,"Bow Products, Fence, XT546",FENCE 46 IN,"Bow Products, XT546, Fence","Bow Products Fence, 46 in","Bow Products, Fence",,,,,,,,,,,,,,,,,,,,,,,,,,,Fence,Series,,,Model,,,Item Type,,,Voltage Rating,,,Amperage Rating,,,Dimensions,46,in,Mounting Type,,,Material,,,Color,,,Sound Level,,,Additional Information,,,,,,,,,,,,,,,,,,,,,,,,,,,,,,,,,,,,,,,,,,,,,,,,,,,,,,,,,,,,,,,,,,,,,,,,,,,,,,,,,,,,,,,,,,,,,,,,,,,,,,,,,,,,,,,,,,,,,,,,,,,,,,1,EA,,,,,,,,,,,,,,,,,,,,,,,,,,,,,,,,,,,,,US,No,No
,,,,,,XTP235,,,,XTP235,XTP235,"35"" XTP XTENDER PRO Fence - XTP235",-- Unbranded --,-- No Unilog Brand --,-- No DIB Brand --,Bow Products (BOWPR),Bow Products,Bow Products,,XTP235,,,"Bow Products, Fence, XTP235",FENCE 35 IN,"Bow Products, XTP235, Fence","Bow Products Fence, 35 in","Bow Products, Fence",,,,,,,,,,,,,,,,,,,,,,,,,,,Fence,Series,,,Model,,,Item Type,,,Voltage Rating,,,Amperage Rating,,,Dimensions,35,in,Mounting Type,,,Material,,,Color,,,Sound Level,,,Additional Information,,,,,,,,,,,,,,,Manufacturer Part Number (MPN),XTP235,,Supplier / Manufacturer,Bow Products,,Catalog Category,General Commercial,,,,,,,,,,,,,,,,,,,,,,,,,,,,,,,,,,,,,,,,,,,,,,,,,,,,,,,,,,,,,,,,,,,,,,,,,,,,,,,,,,,,,,,,,,,,,,,,,,,,,,,,1,EA,,,,,,,,,,,,,,,,,,,,,,,,,,,,,,,,,,,,,US,No,No
,,,,,,TGP2-FA,,,,TGP2-FA,TGP2-FA,TGP2-FA T-Glide Fence Professional,-- Unbranded --,-- No Unilog Brand --,-- No DIB Brand --,Saw Stop LLC (SAWST),Saw Stop LLC,Saw Stop LLC,,TGP2-FA,,,"Saw Stop LLC, Commercial Product, TGP2-FA",COMMERCIAL PRODUCT,"Saw Stop LLC, TGP2-FA, Commercial Product",Saw Stop LLC Commercial Product,"Saw Stop LLC, Commercial Product",,,,,,,,,,,,,,,,,,,,,,,,,,,"Saw Stop LLC, Commercial Product",Series,,,Model,,,Item Type,,,Voltage Rating,,,Amperage Rating,,,Dimensions,,,Mounting Type,,,Material,,,Color,,,Sound Level,,,Additional Information,,,,,,,,,,,,,,,,,,,,,,,,,,,,,,,,,,,,,,,,,,,,,,,,,,,,,,,,,,,,,,,,,,,,,,,,,,,,,,,,,,,,,,,,,,,,,,,,,,,,,,,,,,,,,,,,,,,,,,,,,,,,,,1,EA,,,,,,,,,,,,,,,,,,,,,,,,,,,,,,,,,,,,,US,No,No
,,,,,,ATGI-FA,,,,ATGI-FA,ATGI-FA,ATGI-FA T-Glide Advanced Fence Industrial,-- Unbranded --,-- No Unilog Brand --,-- No DIB Brand --,Saw Stop LLC (SAWST),Saw Stop LLC,Saw Stop LLC,,ATGI-FA,,,"Saw Stop LLC, Fence, ATGI-FA",FENCE,"Saw Stop LLC, ATGI-FA, Fence",Saw Stop LLC Fence,"Saw Stop LLC, Fence",,,,,,,,,,,,,,,,,,,,,,,,,,,Fence,Series,,,Model,,,Item Type,,,Voltage Rating,,,Amperage Rating,,,Dimensions,,,Mounting Type,,,Material,,,Color,,,Sound Level,,,Additional Information,,,,,,,,,,,,,,,Manufacturer Part Number,ATGI-FA,,Supplier / Manufacturer,Saw Stop LLC,,Catalog Category,General Commercial,,,,,,,,,,,,,,,,,,,,,,,,,,,,,,,,,,,,,,,,,,,,,,,,,,,,,,,,,,,,,,,,,,,,,,,,,,,,,,,,,,,,,,,,,,,,,,,,,,,,,,,,1,EA,,,,,,,,,,,,,,,,,,,,,,,,,,,,,,,,,,,,,US,No,No
,,,,,,ATGP-FA,,,,ATGP-FA,ATGP-FA,ATGP-FA T-Glide Advance Fence Professional,-- Unbranded --,-- No Unilog Brand --,-- No DIB Brand --,Saw Stop LLC (SAWST),Saw Stop LLC,Saw Stop LLC,,ATGP-FA,,,"Saw Stop LLC, Commercial Product, ATGP-FA",COMMERCIAL PRODUCT,"Saw Stop LLC, ATGP-FA, Commercial Product",Saw Stop LLC Commercial Product,"Saw Stop LLC, Commercial Product",,,,,,,,,,,,,,,,,,,,,,,,,,,"Saw Stop LLC, Commercial Product",Series,,,Model,,,Item Type,,,Voltage Rating,,,Amperage Rating,,,Dimensions,,,Mounting Type,,,Material,,,Color,,,Sound Level,,,Additional Information,,,,,,,,,,,,,,,,,,,,,,,,,,,,,,,,,,,,,,,,,,,,,,,,,,,,,,,,,,,,,,,,,,,,,,,,,,,,,,,,,,,,,,,,,,,,,,,,,,,,,,,,,,,,,,,,,,,,,,,,,,,,,,1,EA,,,,,,,,,,,,,,,,,,,,,,,,,,,,,,,,,,,,,US,No,No
,,,,,,TGI2-FA,,,,TGI2-FA,TGI2-FA,TGI2-FA T-Glide Fence Indudtrial,-- Unbranded --,-- No Unilog Brand --,-- No DIB Brand --,Saw Stop LLC (SAWST),Saw Stop LLC,Saw Stop LLC,,TGI2-FA,,,"Saw Stop LLC, Fence, TGI2-FA",FENCE,"Saw Stop LLC, TGI2-FA, Fence",Saw Stop LLC Fence,"Saw Stop LLC, Fence",,,,,,,,,,,,,,,,,,,,,,,,,,,Fence,Series,,,Model,,,Item Type,,,Voltage Rating,,,Amperage Rating,,,Dimensions,,,Mounting Type,,,Material,,,Color,,,Sound Level,,,Additional Information,,,,,,,,,,,,,,,,,,,,,,,,,,,,,,,,,,,,,,,,,,,,,,,,,,,,,,,,,,,,,,,,,,,,,,,,,,,,,,,,,,,,,,,,,,,,,,,,,,,,,,,,,,,,,,,,,,,,,,,,,,,,,,1,EA,,,,,,,,,,,,,,,,,,,,,,,,,,,,,,,,,,,,,US,No,No
,,,,,,TGI2-T36A,,,,TGI2-T36A,TGI2-T36A,"TGI2-T36A 36"" Table Assembly Industrial",-- Unbranded --,-- No Unilog Brand --,-- No DIB Brand --,Saw Stop LLC (SAWST),Saw Stop LLC,Saw Stop LLC,,TGI2-T36A,,,"Saw Stop LLC, Table Assembly, TGI2-T36A",TABLE ASSEMBLY 36 IN,"Saw Stop LLC, TGI2-T36A, Table Assembly","Saw Stop LLC Table Assembly, 36 in","Saw Stop LLC, Table Assembly",,,,,,,,,,,,,,,,,,,,,,,,,,,Table Assembly,Series,,,Model,,,Item Type,,,Voltage Rating,,,Amperage Rating,,,Dimensions,36,in,Mounting Type,,,Material,,,Color,,,Sound Level,,,Additional Information,,,,,,,,,,,,,,,Manufacturer Part Number,TGI2-T36A,,Supplier / Manufacturer,Saw Stop LLC,,Catalog Category,General Commercial,,,,,,,,,,,,,,,,,,,,,,,,,,,,,,,,,,,,,,,,,,,,,,,,,,,,,,,,,,,,,,,,,,,,,,,,,,,,,,,,,,,,,,,,,,,,,,,,,,,,,,,,1,EA,,,,,,,,,,,,,,,,,,,,,,,,,,,,,,,,,,,,,US,No,No
https://www.kregtool.com/product/KPTBPS100A,,,,,,KPTBPS100A,,,,KPTBPS100A,KPTBPS100A,"KPTBPS100A Kreg 20V Ionic 6-1/2"" Plunge-Cut Track Saw Kit",-- Unbranded --,-- No Unilog Brand --,-- No DIB Brand --,Kreg Tool Company (KRETO),Kreg Tool Company,KREG®,,KPTBPS100A,,,"KREG®, Drill, KPTBPS100A",DRILL 20 V 6-1/2 IN,"KREG®, KPTBPS100A, Drill","KREG® Drill, 20 V, 6-1/2 in","KREG®, Drill",,,,,,,,,,,,,,,,,,,,,,,,,,,Drill,Series,,,Model,,,Item Type,,,Voltage Rating,20,V,Amperage Rating,,,Dimensions,6-1/2,in,Mounting Type,,,Material,,,Color,,,Sound Level,,,Additional Information,,,,,,,,,,,,,,,description,"Ionic 6-1/2"" Plunge-Cut Track Saw Kit",,category,General Commercial,,,,,,,,,,,,,,,,,,,,,,,,,,,,,,,,,,,,,,,,,,,,,,,,,,,,,,,,,,,,,,,,,,,,,,,,,,,,,,,,,,,,,,,,,,,,,,,,,,,,,,,,,,,1,EA,,,,,,,,,,,,,,,,,,,,,,,,,,,,,,,,,,,,,US,No,No
https://www.diablotools.com/product/DCB606C,,,,,,DCB606C,,,,DCB606C,DCB606C,DCB606C Dewalt Flexvolt Starter Kit,-- Unbranded --,-- No Unilog Brand --,-- No DIB Brand --,Black & Decker/dewlt (2585),Freud Tools / Robert Bosch Tool Corporation,DIABLO®,,DCB606C,,,"DIABLO®, Drill Bit, DCB606C, Carbide",DRILL BIT CARBIDE 18 V,"DIABLO®, DCB606C, Drill Bit, Carbide","DIABLO® Drill Bit, 18 V, Carbide","DIABLO®, Drill Bit, Carbide",,,,,,,,,,,,,,,,,,,,,,,,,,,Drill Bit,Series,,,Model,,,Item Type,,,Voltage Rating,18,V,Amperage Rating,,,Dimensions,,,Mounting Type,,,Material,Carbide,,Color,,,Sound Level,,,Additional Information,,,,,,,,,,,,,,,,,,,,,,,,,,,,,,,,,,,,,,,,,,,,,,,,,,,,,,,,,,,,,,,,,,,,,,,,,,,,,,,,,,,,,,,,,,,,,,,,,,,,,,,,,,,,,,,,,,,,,,,,,,,,,,1,EA,,,,,,,,,,,,,,,,,,,,,,,,,,,,,,,,,,,,,US,No,No
https://www.makitatools.com/product/BL1850BDC1,,,,,,BL1850BDC1,,,,BL1850BDC1,BL1850BDC1,BL1850BDC1 Makita Starter Kit,-- Unbranded --,-- No Unilog Brand --,-- No DIB Brand --,Makita Usa Inc (5142),Makita Corporation,MAKITA®,,BL1850BDC1,,,"MAKITA®, Drill Bit, BL1850BDC1",DRILL BIT 18 V,"MAKITA®, BL1850BDC1, Drill Bit","MAKITA® Drill Bit, 18 V","MAKITA®, Drill Bit",,,,,,,,,,,,,,,,,,,,,,,,,,,Drill Bit,Series,,,Model,,,Item Type,,,Voltage Rating,18,V,Amperage Rating,,,Dimensions,,,Mounting Type,,,Material,,,Color,,,Sound Level,,,Additional Information,,,,,,,,,,,,,,,,,,,,,,,,,,,,,,,,,,,,,,,,,,,,,,,,,,,,,,,,,,,,,,,,,,,,,,,,,,,,,,,,,,,,,,,,,,,,,,,,,,,,,,,,,,,,,,,,,,,,,,,,,,,,,,1,EA,,,,,,,,,,,,,,,,,,,,,,,,,,,,,,,,,,,,,US,No,No
https://www.diablotools.com/product/DCB205C,,,,,,DCB205C,,,,DCB205C,DCB205C,DCB205C 20V Starter Kit,-- Unbranded --,-- No Unilog Brand --,-- No DIB Brand --,Black & Decker/dewlt (2585),Freud Tools / Robert Bosch Tool Corporation,DIABLO®,,DCB205C,,,"DIABLO®, Drill Bit, DCB205C",DRILL BIT 20 V,"DIABLO®, DCB205C, Drill Bit","DIABLO® Drill Bit, 20 V","DIABLO®, Drill Bit",,,,,,,,,,,,,,,,,,,,,,,,,,,Drill Bit,Series,,,Model,,,Item Type,,,Voltage Rating,20,V,Amperage Rating,,,Dimensions,,,Mounting Type,,,Material,,,Color,,,Sound Level,,,Additional Information,,,,,,,,,,,,,,,Manufacturer Part Number,DCB205C,,Supplier / Manufacturer,DIABLO,,Catalog Category,General Commercial,,,,,,,,,,,,,,,,,,,,,,,,,,,,,,,,,,,,,,,,,,,,,,,,,,,,,,,,,,,,,,,,,,,,,,,,,,,,,,,,,,,,,,,,,,,,,,,,,,,,,,,,1,EA,,,,,,,,,,,,,,,,,,,,,,,,,,,,,,,,,,,,,US,No,No
https://www.diablotools.com/product/DCB2108,,,,,,DCB2108,,,,DCB2108,DCB2108,DCB2108 Dewalt 20V 8Ah Battery - Max XR Powerpack,-- Unbranded --,-- No Unilog Brand --,-- No DIB Brand --,Black & Decker/dewlt (2585),Freud Tools / Robert Bosch Tool Corporation,DIABLO®,,DCB2108,,,"DIABLO®, Battery, DCB2108",BATTERY 20 V,"DIABLO®, DCB2108, Battery","DIABLO® Battery, 20 V","DIABLO®, Battery",,,,,,,,,,,,,,,,,,,,,,,,,,,Battery,Series,,,Model,,,Item Type,,,Voltage Rating,20,V,Amperage Rating,,,Dimensions,,,Mounting Type,,,Material,,,Color,,,Sound Level,,,Additional Information,,,,,,,,,,,,,,,MPN,DCB2108,,Category,General Commercial,,Supplier_Manufacturer,DIABLO®,,,,,,,,,,,,,,,,,,,,,,,,,,,,,,,,,,,,,,,,,,,,,,,,,,,,,,,,,,,,,,,,,,,,,,,,,,,,,,,,,,,,,,,,,,,,,,,,,,,,,,,,1,EA,,,,,,,,,,,,,,,,,,,,,,,,,,,,,,,,,,,,,US,No,No
https://www.diablotools.com/product/DCB2108-2,,,,,,DCB2108-2,,,,DCB2108-2,DCB2108-2,DCB2108-2 Dewalt 20V 8Ah 2pk - Battery Max XR Powerpack,-- Unbranded --,-- No Unilog Brand --,-- No DIB Brand --,Black & Decker/dewlt (2585),Freud Tools / Robert Bosch Tool Corporation,DIABLO®,,DCB2108-2,,,"DIABLO®, Battery, DCB2108-2",BATTERY 20 V,"DIABLO®, DCB2108-2, Battery","DIABLO® Battery, 20 V","DIABLO®, Battery",,,,,,,,,,,,,,,,,,,,,,,,,,,Battery,Series,,,Model,,,Item Type,,,Voltage Rating,20,V,Amperage Rating,,,Dimensions,,,Mounting Type,,,Material,,,Color,,,Sound Level,,,Additional Information,,,,,,,,,,,,,,,chemistry,Li-Ion,,capacity,8Ah,,pack_quantity,2pk,,product_line,XR Powerpack,,,,,,,,,,,,,,,,,,,,,,,,,,,,,,,,,,,,,,,,,,,,,,,,,,,,,,,,,,,,,,,,,,,,,,,,,,,,,,,,,,,,,,,,,,,,,,,,,,,,,1,EA,,,,,,,,,,,,,,,,,,,,,,,,,,,,,,,,,,,,,US,No,No
,,,,,,VB0212,,,,VB0212,VB0212,VB0212 Senco 18V 2.0 AH Lithium Battery,-- Unbranded --,-- No Unilog Brand --,-- No DIB Brand --,Senco Products Inc (4650),Senco Products Inc,Senco Products Inc,,VB0212,,,"Senco Products Inc, Light Bulb, VB0212, Lithium",LIGHT BULB LITHIUM 18 V,"Senco Products Inc, VB0212, Light Bulb, Lithium","Senco Products Inc Light Bulb, 18 V, Lithium","Senco Products Inc, Light Bulb, Lithium",,,,,,,,,,,,,,,,,,,,,,,,,,,Light Bulb,Series,,,Model,,,Item Type,,,Voltage Rating,18,V,Amperage Rating,,,Dimensions,,,Mounting Type,,,Material,Lithium,,Color,,,Sound Level,,,Additional Information,,,,,,,,,,,,,,,AH,2.0,,Category,General Commercial,,,,,,,,,,,,,,,,,,,,,,,,,,,,,,,,,,,,,,,,,,,,,,,,,,,,,,,,,,,,,,,,,,,,,,,,,,,,,,,,,,,,,,,,,,,,,,,,,,,,,,,,,,,1,EA,,,,,,,,,,,,,,,,,,,,,,,,,,,,,,,,,,,,,US,No,No
https://www.kregtool.com/product/BCB2A20A,,,,,,BCB2A20A,,,,BCB2A20A,BCB2A20A,BCB2A20A Kreg 20V Battery/Charger Starter Kit,-- Unbranded --,-- No Unilog Brand --,-- No DIB Brand --,Kreg Tool Company (KRETO),Kreg Tool Company,KREG®,,BCB2A20A,,,"KREG®, Battery, BCB2A20A",BATTERY 20 V,"KREG®, BCB2A20A, Battery","KREG® Battery, 20 V","KREG®, Battery",,,,,,,,,,,,,,,,,,,,,,,,,,,Battery,Series,,,Model,,,Item Type,,,Voltage Rating,20,V,Amperage Rating,,,Dimensions,,,Mounting Type,,,Material,,,Color,,,Sound Level,,,Additional Information,,,,,,,,,,,,,,,,,,,,,,,,,,,,,,,,,,,,,,,,,,,,,,,,,,,,,,,,,,,,,,,,,,,,,,,,,,,,,,,,,,,,,,,,,,,,,,,,,,,,,,,,,,,,,,,,,,,,,,,,,,,,,,1,EA,,,,,,,,,,,,,,,,,,,,,,,,,,,,,,,,,,,,,US,No,No
https://www.kregtool.com/product/BATT4A,,,,,,BATT4A,,,,BATT4A,BATT4A,BATT4A Kreg 20V 4ah Battery Pack,-- Unbranded --,-- No Unilog Brand --,-- No DIB Brand --,Kreg Tool Company (KRETO),Kreg Tool Company,KREG®,,BATT4A,,,"KREG®, Battery Pack, BATT4A",BATTERY PACK 20 V,"KREG®, BATT4A, Battery Pack","KREG® Battery Pack, 20 V","KREG®, Battery Pack",,,,,,,,,,,,,,,,,,,,,,,,,,,Battery Pack,Series,,,Model,,,Item Type,,,Voltage Rating,20,V,Amperage Rating,,,Dimensions,,,Mounting Type,,,Material,,,Color,,,Sound Level,,,Additional Information,,,,,,,,,,,,,,,,,,,,,,,,,,,,,,,,,,,,,,,,,,,,,,,,,,,,,,,,,,,,,,,,,,,,,,,,,,,,,,,,,,,,,,,,,,,,,,,,,,,,,,,,,,,,,,,,,,,,,,,,,,,,,,1,EA,,,,,,,,,,,,,,,,,,,,,,,,,,,,,,,,,,,,,US,No,No
https://www.kregtool.com/product/BATT2A,,,,,,BATT2A,,,,BATT2A,BATT2A,BATT2A Kreg 20V 2ah Battery Pack,-- Unbranded --,-- No Unilog Brand --,-- No DIB Brand --,Kreg Tool Company (KRETO),Kreg Tool Company,KREG®,,BATT2A,,,"KREG®, Battery Pack, BATT2A",BATTERY PACK 20 V,"KREG®, BATT2A, Battery Pack","KREG® Battery Pack, 20 V","KREG®, Battery Pack",,,,,,,,,,,,,,,,,,,,,,,,,,,Battery Pack,Series,,,Model,,,Item Type,,,Voltage Rating,20,V,Amperage Rating,,,Dimensions,,,Mounting Type,,,Material,,,Color,,,Sound Level,,,Additional Information,,,,,,,,,,,,,,,,,,,,,,,,,,,,,,,,,,,,,,,,,,,,,,,,,,,,,,,,,,,,,,,,,,,,,,,,,,,,,,,,,,,,,,,,,,,,,,,,,,,,,,,,,,,,,,,,,,,,,,,,,,,,,,1,EA,,,,,,,,,,,,,,,,,,,,,,,,,,,,,,,,,,,,,US,No,No
https://www.makitatools.com/product/BL1850BDC2X1,,,,,,BL1850BDC2X1,,,,BL1850BDC2X1,BL1850BDC2X1,BL1850BDC2X1 Makita Starter Kit,-- Unbranded --,-- No Unilog Brand --,-- No DIB Brand --,Makita Usa Inc (5142),Makita Corporation,MAKITA®,,BL1850BDC2X1,,,"MAKITA®, Drill Bit, BL1850BDC2X1",DRILL BIT 18 V,"MAKITA®, BL1850BDC2X1, Drill Bit","MAKITA® Drill Bit, 18 V","MAKITA®, Drill Bit",,,,,,,,,,,,,,,,,,,,,,,,,,,Drill Bit,Series,,,Model,,,Item Type,,,Voltage Rating,18,V,Amperage Rating,,,Dimensions,,,Mounting Type,,,Material,,,Color,,,Sound Level,,,Additional Information,,,,,,,,,,,,,,,,,,,,,,,,,,,,,,,,,,,,,,,,,,,,,,,,,,,,,,,,,,,,,,,,,,,,,,,,,,,,,,,,,,,,,,,,,,,,,,,,,,,,,,,,,,,,,,,,,,,,,,,,,,,,,,1,EA,,,,,,,,,,,,,,,,,,,,,,,,,,,,,,,,,,,,,US,No,No
https://www.milwaukeetool.com/product/48-11-2422,,,,,,48-11-2422,,,,48-11-2422,48-11-2422,48-11-2422 Milw M12 CP2.0 Battery Two Pack,-- Unbranded --,-- No Unilog Brand --,-- No DIB Brand --,Milwaukee Accessory (4031),Milwaukee Electric Tool Corporation,MILWAUKEE®,,48-11-2422,,,"MILWAUKEE®, Battery, 48-11-2422",BATTERY 12 V,"MILWAUKEE®, 48-11-2422, Battery","MILWAUKEE® Battery, 12 V","MILWAUKEE®, Battery",,,,,,,,,,,,,,,,,,,,,,,,,,,Battery,Series,,,Model,,,Item Type,,,Voltage Rating,12,V,Amperage Rating,,,Dimensions,,,Mounting Type,,,Material,,,Color,,,Sound Level,,,Additional Information,,,,,,,,,,,,,,,,,,,,,,,,,,,,,,,,,,,,,,,,,,,,,,,,,,,,,,,,,,,,,,,,,,,,,,,,,,,,,,,,,,,,,,,,,,,,,,,,,,,,,,,,,,,,,,,,,,,,,,,,,,,,,,1,EA,,,,,,,,,,,,,,,,,,,,,,,,,,,,,,,,,,,,,US,No,No
https://www.diablotools.com/product/DCB1104,,,,,,DCB1104,,,,DCB1104,DCB1104,DCB1104 Dewalt 12V/20V Charger - 4 Amp,-- Unbranded --,-- No Unilog Brand --,-- No DIB Brand --,Black & Decker/dewlt (2585),Freud Tools / Robert Bosch Tool Corporation,DIABLO®,,DCB1104,,,"DIABLO®, Light Bulb, DCB1104",LIGHT BULB 12 V,"DIABLO®, DCB1104, Light Bulb","DIABLO® Light Bulb, 12 V, 4 A","DIABLO®, Light Bulb",,,,,,,,,,,,,,,,,,,,,,,,,,,Light Bulb,Series,,,Model,,,Item Type,,,Voltage Rating,12,V,Amperage Rating,4,A,Dimensions,,,Mounting Type,,,Material,,,Color,,,Sound Level,,,Additional Information,,,,,,,,,,,,,,,Charger Amp,4 Amp,,Category,General Commercial,,,,,,,,,,,,,,,,,,,,,,,,,,,,,,,,,,,,,,,,,,,,,,,,,,,,,,,,,,,,,,,,,,,,,,,,,,,,,,,,,,,,,,,,,,,,,,,,,,,,,,,,,,,1,EA,,,,,,,,,,,,,,,,,,,,,,,,,,,,,,,,,,,,,US,No,No
https://www.milwaukeetool.com/product/48-59-1804,,,,,,48-59-1804,,,,48-59-1804,48-59-1804,48-59-1804 Milw M18 and M12 Rapid Charger,-- Unbranded --,-- No Unilog Brand --,-- No DIB Brand --,Milwaukee Accessory (4031),Milwaukee Electric Tool Corporation,MILWAUKEE®,,48-59-1804,,,"MILWAUKEE®, Charger, 48-59-1804",CHARGER 18 V AND 12 V,"MILWAUKEE®, 48-59-1804, Charger","MILWAUKEE® Charger, 18 V and 12 V","MILWAUKEE®, Charger",,,,,,,,,,,,,,,,,,,,,,,,,,,Charger,Series,,,Model,,,Item Type,,,Voltage Rating,18 V and 12 V,,Amperage Rating,,,Dimensions,,,Mounting Type,,,Material,,,Color,,,Sound Level,,,Additional Information,,,,,,,,,,,,,,,,,,,,,,,,,,,,,,,,,,,,,,,,,,,,,,,,,,,,,,,,,,,,,,,,,,,,,,,,,,,,,,,,,,,,,,,,,,,,,,,,,,,,,,,,,,,,,,,,,,,,,,,,,,,,,,1,EA,,,,,,,,,,,,,,,,,,,,,,,,,,,,,,,,,,,,,US,No,No
https://www.kregtool.com/product/CRGR401A,,,,,,CRGR401A,,,,CRGR401A,CRGR401A,CRGR401A Kreg 20V Fast Charger,-- Unbranded --,-- No Unilog Brand --,-- No DIB Brand --,Kreg Tool Company (KRETO),Kreg Tool Company,KREG®,,CRGR401A,,,"KREG®, Light Bulb, CRGR401A",LIGHT BULB 20 V,"KREG®, CRGR401A, Light Bulb","KREG® Light Bulb, 20 V","KREG®, Light Bulb",,,,,,,,,,,,,,,,,,,,,,,,,,,Light Bulb,Series,,,Model,,,Item Type,,,Voltage Rating,20,V,Amperage Rating,,,Dimensions,,,Mounting Type,,,Material,,,Color,,,Sound Level,,,Additional Information,,,,,,,,,,,,,,,,,,,,,,,,,,,,,,,,,,,,,,,,,,,,,,,,,,,,,,,,,,,,,,,,,,,,,,,,,,,,,,,,,,,,,,,,,,,,,,,,,,,,,,,,,,,,,,,,,,,,,,,,,,,,,,1,EA,,,,,,,,,,,,,,,,,,,,,,,,,,,,,,,,,,,,,US,No,No
https://www.milwaukeetool.com/product/48-59-1211,,,,,,48-59-1211,,,,48-59-1211,48-59-1211,48-59-1211 Milw Power Supply - Charger,-- Unbranded --,-- No Unilog Brand --,-- No DIB Brand --,Milwaukee Accessory (4031),Milwaukee Electric Tool Corporation,MILWAUKEE®,,48-59-1211,,,"MILWAUKEE®, Power Supply - Charger, 48-59-1211",POWER SUPPLY - CHARGER,"MILWAUKEE®, 48-59-1211, Power Supply - Charger",MILWAUKEE® Power Supply - Charger,"MILWAUKEE®, Power Supply - Charger",,,,,,,,,,,,,,,,,,,,,,,,,,,Power Supply - Charger,Series,,,Model,,,Item Type,,,Voltage Rating,,,Amperage Rating,,,Dimensions,,,Mounting Type,,,Material,,,Color,,,Sound Level,,,Additional Information,,,,,,,,,,,,,,,,,,,,,,,,,,,,,,,,,,,,,,,,,,,,,,,,,,,,,,,,,,,,,,,,,,,,,,,,,,,,,,,,,,,,,,,,,,,,,,,,,,,,,,,,,,,,,,,,,,,,,,,,,,,,,,1,EA,,,,,,,,,,,,,,,,,,,,,,,,,,,,,,,,,,,,,US,No,No
https://www.milwaukeetool.com/product/2847-20,,,,,,2847-20,,,,2847-20,2847-20,2847-20 Milw M18 Charger and Power Supply,-- Unbranded --,-- No Unilog Brand --,-- No DIB Brand --,Milwaukee Accessory (4031),Milwaukee Electric Tool Corporation,MILWAUKEE®,,2847-20,,,"MILWAUKEE®, Adapter, 2847-20",ADAPTER,"MILWAUKEE®, 2847-20, Adapter",MILWAUKEE® Adapter,"MILWAUKEE®, Adapter",,,,,,,,,,,,,,,,,,,,,,,,,,,Adapter,Series,,,Model,,,Connection Type,,,Connection Size,,,Pressure Rating,,,Material,,,Additional Information,,,,,,,,,,,,,,,,,,,,,,,,,,,,,,,,,,,,,,,,,,,,,,,,,,,,,,,,,,,,,,,,,,,,,,,,,,,,,,,,,,,,,,,,,,,,,,,,,,,,,,,,,,,,,,,,,,,,,,,,,,,,,,,,,,,,,,,,,,1,EA,,,,,,,,,,,,,,,,,,,,,,,,,,,,,,,,,,,,,US,No,No
https://www.dewalt.com/product/DWV9401,,,,,,DWV9401,Appliances,Large Appliances,Dishwashers,DWV9401,DWV9401,DWV9401 Dewalt Paper Bag - 5pk,-- Unbranded --,-- No Unilog Brand --,-- No DIB Brand --,Black & Decker/dewlt (2585),Stanley Black & Decker,DEWALT®,,DWV9401,,Appliances & Consumer Electronics>Kitchen Appliances>Built-In Dishwashers,"DEWALT®, Dishwasher, DWV9401",DISHWASHER,"DEWALT®, DWV9401, Dishwasher",DEWALT® Dishwasher,"DEWALT®, Dishwasher",,,,,,,,,,,,,,,,,,,,,,,,,,,Dishwasher,Series,,,Model,,,Number of Wash Cycles,,,Voltage Rating,,,Amperage Rating,,,Mounting Type,,,Plug Type,,,Size,,,Depth With Door Open,,,Minimum Height,,,Maximum Height,,,Sound Level,,,Material,,,Color,,,Additional Information,,,package_quantity,5pk,,product_name,DWV9401,,supplier,DEWALT,,,,,,,,,,,,,,,,,,,,,,,,,,,,,,,,,,,,,,,,,,,,,,,,,,,,,,,,,,,,,,,,,,,,,,,,,,,,,,,,,,,,,,,,,,,,,,,,,,,,,,,,1,EA,,,,,,,,,,,,,,,,,,,,,,,,,,,,,,,,,,,,,US,No,No
https://www.festoolusa.com/product/578512,,,,,,578512,,,,578512,578512,578512 Festool Dust Extractor-CT MIDI I HEPA,-- Unbranded --,-- No Unilog Brand --,-- No DIB Brand --,Festool USA (FESTO),Festool GmbH,FESTOOL®,,578512,,,"FESTOOL®, Dust Extractor, 578512",DUST EXTRACTOR,"FESTOOL®, 578512, Dust Extractor",FESTOOL® Dust Extractor,"FESTOOL®, Dust Extractor",,,,,,,,,,,,,,,,,,,,,,,,,,,Dust Extractor,Series,,,Model,,,Item Type,,,Voltage Rating,,,Amperage Rating,,,Dimensions,,,Mounting Type,,,Material,,,Color,,,Sound Level,,,Additional Information,,,,,,,,,,,,,,,,,,,,,,,,,,,,,,,,,,,,,,,,,,,,,,,,,,,,,,,,,,,,,,,,,,,,,,,,,,,,,,,,,,,,,,,,,,,,,,,,,,,,,,,,,,,,,,,,,,,,,,,,,,,,,,1,EA,,,,,,,,,,,,,,,,,,,,,,,,,,,,,,,,,,,,,US,No,No
https://www.festoolusa.com/product/577871,,,,,,577871,,,,577871,577871,577871 Festool Dust Extractor - CT 26,-- Unbranded --,-- No Unilog Brand --,-- No DIB Brand --,Festool USA (FESTO),Festool GmbH,FESTOOL®,,577871,,,"FESTOOL®, Dust Extractor, 577871",DUST EXTRACTOR,"FESTOOL®, 577871, Dust Extractor",FESTOOL® Dust Extractor,"FESTOOL®, Dust Extractor",,,,,,,,,,,,,,,,,,,,,,,,,,,Dust Extractor,Series,,,Model,,,Item Type,,,Voltage Rating,,,Amperage Rating,,,Dimensions,,,Mounting Type,,,Material,,,Color,,,Sound Level,,,Additional Information,,,,,,,,,,,,,,,,,,,,,,,,,,,,,,,,,,,,,,,,,,,,,,,,,,,,,,,,,,,,,,,,,,,,,,,,,,,,,,,,,,,,,,,,,,,,,,,,,,,,,,,,,,,,,,,,,,,,,,,,,,,,,,1,EA,,,,,,,,,,,,,,,,,,,,,,,,,,,,,,,,,,,,,US,No,No
https://www.festoolusa.com/product/577874,,,,,,577874,,,,577874,577874,577874 Festool Dust Extractor - CT 36,-- Unbranded --,-- No Unilog Brand --,-- No DIB Brand --,Festool USA (FESTO),Festool GmbH,FESTOOL®,,577874,,,"FESTOOL®, Dust Extractor, 577874",DUST EXTRACTOR,"FESTOOL®, 577874, Dust Extractor",FESTOOL® Dust Extractor,"FESTOOL®, Dust Extractor",,,,,,,,,,,,,,,,,,,,,,,,,,,Dust Extractor,Series,,,Model,,,Item Type,,,Voltage Rating,,,Amperage Rating,,,Dimensions,,,Mounting Type,,,Material,,,Color,,,Sound Level,,,Additional Information,,,,,,,,,,,,,,,,,,,,,,,,,,,,,,,,,,,,,,,,,,,,,,,,,,,,,,,,,,,,,,,,,,,,,,,,,,,,,,,,,,,,,,,,,,,,,,,,,,,,,,,,,,,,,,,,,,,,,,,,,,,,,,1,EA,,,,,,,,,,,,,,,,,,,,,,,,,,,,,,,,,,,,,US,No,No
https://www.festoolusa.com/product/577876,,,,,,577876,,,,577876,577876,577876 Festool Dust Extractor - CT 48,-- Unbranded --,-- No Unilog Brand --,-- No DIB Brand --,Festool USA (FESTO),Festool GmbH,FESTOOL®,,577876,,,"FESTOOL®, Dust Extractor, 577876",DUST EXTRACTOR,"FESTOOL®, 577876, Dust Extractor",FESTOOL® Dust Extractor,"FESTOOL®, Dust Extractor",,,,,,,,,,,,,,,,,,,,,,,,,,,Dust Extractor,Series,,,Model,,,Item Type,,,Voltage Rating,,,Amperage Rating,,,Dimensions,,,Mounting Type,,,Material,,,Color,,,Sound Level,,,Additional Information,,,,,,,,,,,,,,,,,,,,,,,,,,,,,,,,,,,,,,,,,,,,,,,,,,,,,,,,,,,,,,,,,,,,,,,,,,,,,,,,,,,,,,,,,,,,,,,,,,,,,,,,,,,,,,,,,,,,,,,,,,,,,,1,EA,,,,,,,,,,,,,,,,,,,,,,,,,,,,,,,,,,,,,US,No,No
https://www.festoolusa.com/product/578441,,,,,,578441,,,,578441,578441,578441 Festool Dust Extractor-CT 15 HEPA,-- Unbranded --,-- No Unilog Brand --,-- No DIB Brand --,Festool USA (FESTO),Festool GmbH,FESTOOL®,,578441,,,"FESTOOL®, Dust Extractor, 578441",DUST EXTRACTOR,"FESTOOL®, 578441, Dust Extractor",FESTOOL® Dust Extractor,"FESTOOL®, Dust Extractor",,,,,,,,,,,,,,,,,,,,,,,,,,,Dust Extractor,Series,,,Model,,,Item Type,,,Voltage Rating,,,Amperage Rating,,,Dimensions,,,Mounting Type,,,Material,,,Color,,,Sound Level,,,Additional Information,,,,,,,,,,,,,,,,,,,,,,,,,,,,,,,,,,,,,,,,,,,,,,,,,,,,,,,,,,,,,,,,,,,,,,,,,,,,,,,,,,,,,,,,,,,,,,,,,,,,,,,,,,,,,,,,,,,,,,,,,,,,,,1,EA,,,,,,,,,,,,,,,,,,,,,,,,,,,,,,,,,,,,,US,No,No
https://www.dewalt.com/product/DCK225D2,,,,,,DCK225D2,,,,DCK225D2,DCK225D2,DCK225D2 Dewalt Impact/Drill - Kit,-- Unbranded --,-- No Unilog Brand --,-- No DIB Brand --,Black & Decker/dewlt (2585),Stanley Black & Decker,DEWALT®,,DCK225D2,,,"DEWALT®, Drill, DCK225D2",DRILL,"DEWALT®, DCK225D2, Drill",DEWALT® Drill,"DEWALT®, Drill",,,,,,,,,,,,,,,,,,,,,,,,,,,Drill,Series,,,Model,,,Item Type,,,Voltage Rating,,,Amperage Rating,,,Dimensions,,,Mounting Type,,,Material,,,Color,,,Sound Level,,,Additional Information,,,,,,,,,,,,,,,,,,,,,,,,,,,,,,,,,,,,,,,,,,,,,,,,,,,,,,,,,,,,,,,,,,,,,,,,,,,,,,,,,,,,,,,,,,,,,,,,,,,,,,,,,,,,,,,,,,,,,,,,,,,,,,1,EA,,,,,,,,,,,,,,,,,,,,,,,,,,,,,,,,,,,,,US,No,No
https://www.dewalt.com/product/DCK2101QQ2,,,,,,DCK2101QQ2,,,,DCK2101QQ2,DCK2101QQ2,Dewalt DCK2101QQ2 20V 2Pc Kit,-- Unbranded --,-- No Unilog Brand --,-- No DIB Brand --,Black & Decker/dewlt (2585),Stanley Black & Decker,DEWALT®,,DCK2101QQ2,,,"DEWALT®, Drill, DCK2101QQ2",DRILL 20 V,"DEWALT®, DCK2101QQ2, Drill","DEWALT® Drill, 20 V","DEWALT®, Drill",,,,,,,,,,,,,,,,,,,,,,,,,,,Drill,Series,,,Model,,,Item Type,,,Voltage Rating,20,V,Amperage Rating,,,Dimensions,,,Mounting Type,,,Material,,,Color,,,Sound Level,,,Additional Information,,,,,,,,,,,,,,,,,,,,,,,,,,,,,,,,,,,,,,,,,,,,,,,,,,,,,,,,,,,,,,,,,,,,,,,,,,,,,,,,,,,,,,,,,,,,,,,,,,,,,,,,,,,,,,,,,,,,,,,,,,,,,,1,EA,,,,,,,,,,,,,,,,,,,,,,,,,,,,,,,,,,,,,US,No,No
https://www.boschtools.com/product/4000-2/32,,,,,,4000-2/32,,,,4000-2/32,4000-2/32,4000-2/32 DREMEL ROTARY TOOL,-- Unbranded --,-- No Unilog Brand --,-- No DIB Brand --,Robt Bosch Tool Corp (6564),Robert Bosch GmbH,BOSCH®,,4000-2/32,,,"BOSCH®, Rotary Tool, 4000-2/32",ROTARY TOOL,"BOSCH®, 4000-2/32, Rotary Tool",BOSCH® Rotary Tool,"BOSCH®, Rotary Tool",,,,,,,,,,,,,,,,,,,,,,,,,,,Rotary Tool,Series,,,Model,,,Item Type,,,Voltage Rating,,,Amperage Rating,,,Dimensions,,,Mounting Type,,,Material,,,Color,,,Sound Level,,,Additional Information,,,,,,,,,,,,,,,,,,,,,,,,,,,,,,,,,,,,,,,,,,,,,,,,,,,,,,,,,,,,,,,,,,,,,,,,,,,,,,,,,,,,,,,,,,,,,,,,,,,,,,,,,,,,,,,,,,,,,,,,,,,,,,1,EA,,,,,,,,,,,,,,,,,,,,,,,,,,,,,,,,,,,,,US,No,No
https://www.boschtools.com/product/3100-1/15,,,,,,3100-1/15,,,,3100-1/15,3100-1/15,3100-1/15 Dremel Rotary Tool - Kit 15pc,-- Unbranded --,-- No Unilog Brand --,-- No DIB Brand --,Robt Bosch Tool Corp (6564),Robert Bosch GmbH,BOSCH®,,3100-1/15,,,"BOSCH®, Drill Bit, 3100-1/15",DRILL BIT,"BOSCH®, 3100-1/15, Drill Bit",BOSCH® Drill Bit,"BOSCH®, Drill Bit",,,,,,,,,,,,,,,,,,,,,,,,,,,Drill Bit,Series,,,Model,,,Item Type,,,Voltage Rating,,,Amperage Rating,,,Dimensions,,,Mounting Type,,,Material,,,Color,,,Sound Level,,,Additional Information,,,,,,,,,,,,,,,Manufacturer,BOSCH,,Catalog Category,General Commercial,,Kit Quantity,15pc,,,,,,,,,,,,,,,,,,,,,,,,,,,,,,,,,,,,,,,,,,,,,,,,,,,,,,,,,,,,,,,,,,,,,,,,,,,,,,,,,,,,,,,,,,,,,,,,,,,,,,,,1,EA,,,,,,,,,,,,,,,,,,,,,,,,,,,,,,,,,,,,,US,No,No
https://www.makitatools.com/product/T-90043,,,,,,T-90043,,,,T-90043,T-90043,T-90043 Deep Medium Organizer,-- Unbranded --,-- No Unilog Brand --,-- No DIB Brand --,Makita Usa Inc (5142),Makita Corporation,MAKITA®,,T-90043,,,"MAKITA®, Commercial Product, T-90043",COMMERCIAL PRODUCT,"MAKITA®, T-90043, Commercial Product",MAKITA® Commercial Product,"MAKITA®, Commercial Product",,,,,,,,,,,,,,,,,,,,,,,,,,,"MAKITA®, Commercial Product",Series,,,Model,,,Item Type,,,Voltage Rating,,,Amperage Rating,,,Dimensions,,,Mounting Type,,,Material,,,Color,,,Sound Level,,,Additional Information,,,,,,,,,,,,,,,,,,,,,,,,,,,,,,,,,,,,,,,,,,,,,,,,,,,,,,,,,,,,,,,,,,,,,,,,,,,,,,,,,,,,,,,,,,,,,,,,,,,,,,,,,,,,,,,,,,,,,,,,,,,,,,1,EA,,,,,,,,,,,,,,,,,,,,,,,,,,,,,,,,,,,,,US,No,No
https://www.makitatools.com/product/T-90059,,,,,,T-90059,,,,T-90059,T-90059,T-90059 Low Profile Medium - Organizer,-- Unbranded --,-- No Unilog Brand --,-- No DIB Brand --,Makita Usa Inc (5142),Makita Corporation,MAKITA®,,T-90059,,,"MAKITA®, Organizer, T-90059",ORGANIZER,"MAKITA®, T-90059, Organizer",MAKITA® Organizer,"MAKITA®, Organizer",,,,,,,,,,,,,,,,,,,,,,,,,,,Organizer,Series,,,Model,,,Item Type,,,Voltage Rating,,,Amperage Rating,,,Dimensions,,,Mounting Type,,,Material,,,Color,,,Sound Level,,,Additional Information,,,,,,,,,,,,,,,,,,,,,,,,,,,,,,,,,,,,,,,,,,,,,,,,,,,,,,,,,,,,,,,,,,,,,,,,,,,,,,,,,,,,,,,,,,,,,,,,,,,,,,,,,,,,,,,,,,,,,,,,,,,,,,1,EA,,,,,,,,,,,,,,,,,,,,,,,,,,,,,,,,,,,,,US,No,No
https://www.makitatools.com/product/T-90065,,,,,,T-90065,,,,T-90065,T-90065,T-90065 Deep Compact Organizer,-- Unbranded --,-- No Unilog Brand --,-- No DIB Brand --,Makita Usa Inc (5142),Makita Corporation,MAKITA®,,T-90065,,,"MAKITA®, Deep Compact Organizer, T-90065",DEEP COMPACT ORGANIZER,"MAKITA®, T-90065, Deep Compact Organizer",MAKITA® Deep Compact Organizer,"MAKITA®, Deep Compact Organizer",,,,,,,,,,,,,,,,,,,,,,,,,,,Deep Compact Organizer,Series,,,Model,,,Item Type,,,Voltage Rating,,,Amperage Rating,,,Dimensions,,,Mounting Type,,,Material,,,Color,,,Sound Level,,,Additional Information,,,,,,,,,,,,,,,,,,,,,,,,,,,,,,,,,,,,,,,,,,,,,,,,,,,,,,,,,,,,,,,,,,,,,,,,,,,,,,,,,,,,,,,,,,,,,,,,,,,,,,,,,,,,,,,,,,,,,,,,,,,,,,1,EA,,,,,,,,,,,,,,,,,,,,,,,,,,,,,,,,,,,,,US,No,No
,,,,,,10047VS,,,,10047VS,10047VS,10047VS Oliver 3HP 230V 1PH Shaper 1-1/4 Spindle,-- Unbranded --,-- No Unilog Brand --,-- No DIB Brand --,Oliver Machinery Company (OLIMA),Oliver Machinery Company,Oliver Machinery Company,,10047VS,,,"Oliver Machinery Company, Shaper, 10047VS",SHAPER 230 V,"Oliver Machinery Company, 10047VS, Shaper","Oliver Machinery Company Shaper, 230 V","Oliver Machinery Company, Shaper",,,,,,,,,,,,,,,,,,,,,,,,,,,Shaper,Series,,,Model,,,Item Type,,,Voltage Rating,230,V,Amperage Rating,,,Dimensions,,,Mounting Type,,,Material,,,Color,,,Sound Level,,,Additional Information,,,,,,,,,,,,,,,Horsepower,3HP,,Phase,1PH,,Spindle Size,1-1/4 Spindle,,,,,,,,,,,,,,,,,,,,,,,,,,,,,,,,,,,,,,,,,,,,,,,,,,,,,,,,,,,,,,,,,,,,,,,,,,,,,,,,,,,,,,,,,,,,,,,,,,,,,,,,1,EA,,,,,,,,,,,,,,,,,,,,,,,,,,,,,,,,,,,,,US,No,No
,,,,,,MAG:2044-230-1,,,,MAG:2044-230-1,MAG:2044-230-1,2044-230-1 Stock Feeder 4-Roll - Steff,-- Unbranded --,-- No Unilog Brand --,-- No DIB Brand --,J&G Machinery (JGMAC),J&G Machinery,J&G Machinery,,MAG:2044-230-1,,,"J&G Machinery, Stock Feeder, MAG:2044-230-1",STOCK FEEDER,"J&G Machinery, MAG:2044-230-1, Stock Feeder",J&G Machinery Stock Feeder,"J&G Machinery, Stock Feeder",,,,,,,,,,,,,,,,,,,,,,,,,,,Stock Feeder,Series,,,Model,,,Item Type,,,Voltage Rating,,,Amperage Rating,,,Dimensions,,,Mounting Type,,,Material,,,Color,,,Sound Level,,,Additional Information,,,,,,,,,,,,,,,Stock Feeder Type,4-Roll,,Stock Feeder Model,2044-230-1,,,,,,,,,,,,,,,,,,,,,,,,,,,,,,,,,,,,,,,,,,,,,,,,,,,,,,,,,,,,,,,,,,,,,,,,,,,,,,,,,,,,,,,,,,,,,,,,,,,,,,,,,,,1,EA,,,,,,,,,,,,,,,,,,,,,,,,,,,,,,,,,,,,,US,No,No
,,,,,,XTP242,,,,XTP242,XTP242,"42"" XTP XTENDER PRO Fence - XTP242",-- Unbranded --,-- No Unilog Brand --,-- No DIB Brand --,Bow Products (BOWPR),Bow Products,Bow Products,,XTP242,,,"Bow Products, Commercial Product, XTP242",COMMERCIAL PRODUCT,"Bow Products, XTP242, Commercial Product",Bow Products Commercial Product,"Bow Products, Commercial Product",,,,,,,,,,,,,,,,,,,,,,,,,,,"42"" XTP XTENDER PRO Fence",Series,,,Model,,,Item Type,,,Voltage Rating,,,Amperage Rating,,,Dimensions,,,Mounting Type,,,Material,,,Color,,,Sound Level,,,Additional Information,,,,,,,,,,,,,,,Manufacturer Part Number (MPN),XTP242,,Supplier / Manufacturer,Bow Products,,Catalog Category,General Commercial,,,,,,,,,,,,,,,,,,,,,,,,,,,,,,,,,,,,,,,,,,,,,,,,,,,,,,,,,,,,,,,,,,,,,,,,,,,,,,,,,,,,,,,,,,,,,,,,,,,,,,,,1,EA,,,,,,,,,,,,,,,,,,,,,,,,,,,,,,,,,,,,,US,No,No
,,,,,,AAS-P,,,,AAS-P,AAS-P,AAS-P Align-A-Saw Plate Only,-- Unbranded --,-- No Unilog Brand --,-- No DIB Brand --,Woodpeckers Inc (WOODP),Woodpeckers Inc,Woodpeckers Inc,,AAS-P,,,"Woodpeckers Inc, Adapter, AAS-P",ADAPTER,"Woodpeckers Inc, AAS-P, Adapter",Woodpeckers Inc Adapter,"Woodpeckers Inc, Adapter",,,,,,,,,,,,,,,,,,,,,,,,,,,Adapter,Series,,,Model,,,Connection Type,,,Connection Size,,,Pressure Rating,,,Material,,,Additional Information,,,,,,,,,,,,,,,,,,,,,,,,,,,,,,,,,,,,,,,,,,,,,,,,,,,,,,,,,,,,,,,,,,,,,,,,,,,,,,,,,,,,,,,,,,,,,,,,,,,,,,,,,,,,,,,,,,,,,,,,,,,,,,,,,,,,,,,,,,1,EA,,,,,,,,,,,,,,,,,,,,,,,,,,,,,,,,,,,,,US,No,No
,,,,,,SSCMS,,,,SSCMS,SSCMS,SSCMS Stealthstop Miter Sled,-- Unbranded --,-- No Unilog Brand --,-- No DIB Brand --,Woodpeckers Inc (WOODP),Woodpeckers Inc,Woodpeckers Inc,,SSCMS,,,"Woodpeckers Inc, Adapter, SSCMS",ADAPTER,"Woodpeckers Inc, SSCMS, Adapter",Woodpeckers Inc Adapter,"Woodpeckers Inc, Adapter",,,,,,,,,,,,,,,,,,,,,,,,,,,Adapter,Series,,,Model,,,Connection Type,,,Connection Size,,,Pressure Rating,,,Material,,,Additional Information,,,,,,,,,,,,,,,,,,,,,,,,,,,Manufacturer Part Number,SSCMS,,Supplier / Manufacturer,Woodpeckers Inc,,Catalog Category,General Commercial,,,,,,,,,,,,,,,,,,,,,,,,,,,,,,,,,,,,,,,,,,,,,,,,,,,,,,,,,,,,,,,,,,,,,,,,,,,,,,,,,,,,,,,,,,,,,,,,,,,,,,,,1,EA,,,,,,,,,,,,,,,,,,,,,,,,,,,,,,,,,,,,,US,No,No
https://www.kichler.com/product/4225.201,,,,,,4225.201,,,,4225.201,4225.201,"4225.201 Oliver 6"" HH Jointer Paralleogram",-- Unbranded --,-- No Unilog Brand --,-- No DIB Brand --,Oliver Machinery Company (OLIMA),Kichler Lighting LLC,KICHLER®,,4225.201,,,"KICHLER®, Jointer, 4225.201",JOINTER 6 IN,"KICHLER®, 4225.201, Jointer","KICHLER® Jointer, 6 in","KICHLER®, Jointer",,,,,,,,,,,,,,,,,,,,,,,,,,,Jointer,Series,,,Model,,,Item Type,,,Voltage Rating,,,Amperage Rating,,,Dimensions,6,in,Mounting Type,,,Material,,,Color,,,Sound Level,,,Additional Information,,,,,,,,,,,,,,,Manufacturer,KICHLER,,Category,General Commercial,,,,,,,,,,,,,,,,,,,,,,,,,,,,,,,,,,,,,,,,,,,,,,,,,,,,,,,,,,,,,,,,,,,,,,,,,,,,,,,,,,,,,,,,,,,,,,,,,,,,,,,,,,,1,EA,,,,,,,,,,,,,,,,,,,,,,,,,,,,,,,,,,,,,US,No,No
,,,,,,KC-426C,,,,KC-426C,KC-426C,"KC-426C 12"" Portable Planer",-- Unbranded --,-- No Unilog Brand --,-- No DIB Brand --,King Canada Inc (KINCA),King Canada Inc,King Canada Inc,,KC-426C,,,"King Canada Inc, Planer, KC-426C",PLANER,"King Canada Inc, KC-426C, Planer",King Canada Inc Planer,"King Canada Inc, Planer",,,,,,,,,,,,,,,,,,,,,,,,,,,Planer,Series,,,Model,,,Item Type,,,Voltage Rating,,,Amperage Rating,,,Dimensions,,,Mounting Type,,,Material,,,Color,,,Sound Level,,,Additional Information,,,,,,,,,,,,,,,,,,,,,,,,,,,,,,,,,,,,,,,,,,,,,,,,,,,,,,,,,,,,,,,,,,,,,,,,,,,,,,,,,,,,,,,,,,,,,,,,,,,,,,,,,,,,,,,,,,,,,,,,,,,,,,1,EA,,,,,,,,,,,,,,,,,,,,,,,,,,,,,,,,,,,,,US,No,No
,,,,,,10045.201,,,,10045.201,10045.201,"10045.201 Oliver 13"" Benchtop Planer 2HP,115V 1Ph",-- Unbranded --,-- No Unilog Brand --,-- No DIB Brand --,Oliver Machinery Company (OLIMA),Oliver Machinery Company,Oliver Machinery Company,,10045.201,,,"Oliver Machinery Company, Planer, 10045.201",PLANER 115 V,"Oliver Machinery Company, 10045.201, Planer","Oliver Machinery Company Planer, 115 V","Oliver Machinery Company, Planer",,,,,,,,,,,,,,,,,,,,,,,,,,,Planer,Series,,,Model,,,Item Type,,,Voltage Rating,115,V,Amperage Rating,,,Dimensions,,,Mounting Type,,,Material,,,Color,,,Sound Level,,,Additional Information,,,,,,,,,,,,,,,description,"13"" Benchtop Planer",,hp,2HP,,phases,1Ph,,supplier_manufacturer,Oliver Machinery Company,,catalog_category,General Commercial,,,,,,,,,,,,,,,,,,,,,,,,,,,,,,,,,,,,,,,,,,,,,,,,,,,,,,,,,,,,,,,,,,,,,,,,,,,,,,,,,,,,,,,,,,,,,,,,,,1,EA,,,,,,,,,,,,,,,,,,,,,,,,,,,,,,,,,,,,,US,No,No
,,,,,,10014.201,,,,10014.201,10014.201,"10014.201 Oliver 15"" Planer 3HP 1Ph 220V",-- Unbranded --,-- No Unilog Brand --,-- No DIB Brand --,Oliver Machinery Company (OLIMA),Oliver Machinery Company,Oliver Machinery Company,,10014.201,,,"Oliver Machinery Company, Planer, 10014.201",PLANER 220 V,"Oliver Machinery Company, 10014.201, Planer","Oliver Machinery Company Planer, 220 V","Oliver Machinery Company, Planer",,,,,,,,,,,,,,,,,,,,,,,,,,,Planer,Series,,,Model,,,Item Type,,,Voltage Rating,220,V,Amperage Rating,,,Dimensions,,,Mounting Type,,,Material,,,Color,,,Sound Level,,,Additional Information,,,,,,,,,,,,,,,description,"10014.201 Oliver 15"" Planer 3HP 1Ph 220V",,manufacturer,Oliver Machinery Company,,category,General Commercial,,,,,,,,,,,,,,,,,,,,,,,,,,,,,,,,,,,,,,,,,,,,,,,,,,,,,,,,,,,,,,,,,,,,,,,,,,,,,,,,,,,,,,,,,,,,,,,,,,,,,,,,1,EA,,,,,,,,,,,,,,,,,,,,,,,,,,,,,,,,,,,,,US,No,No
,,,,,,4430.201,,,,4430.201,4430.201,"4430.201 Oliver 20"" Planer 5HP 1Ph 230V",-- Unbranded --,-- No Unilog Brand --,-- No DIB Brand --,Oliver Machinery Company (OLIMA),Oliver Machinery Company,Oliver Machinery Company,,4430.201,,,"Oliver Machinery Company, Planer, 4430.201",PLANER 230 V,"Oliver Machinery Company, 4430.201, Planer","Oliver Machinery Company Planer, 230 V","Oliver Machinery Company, Planer",,,,,,,,,,,,,,,,,,,,,,,,,,,Planer,Series,,,Model,,,Item Type,,,Voltage Rating,230,V,Amperage Rating,,,Dimensions,,,Mounting Type,,,Material,,,Color,,,Sound Level,,,Additional Information,,,,,,,,,,,,,,,HP,5,,Phase,1Ph,,Category,General Commercial,,,,,,,,,,,,,,,,,,,,,,,,,,,,,,,,,,,,,,,,,,,,,,,,,,,,,,,,,,,,,,,,,,,,,,,,,,,,,,,,,,,,,,,,,,,,,,,,,,,,,,,,1,EA,,,,,,,,,,,,,,,,,,,,,,,,,,,,,,,,,,,,,US,No,No
,,,,,,10055.201,,,,10055.201,10055.201,"10055.201 Oliver 15"" Benchtop Planer 2.5HP 1Ph 230V",-- Unbranded --,-- No Unilog Brand --,-- No DIB Brand --,Oliver Machinery Company (OLIMA),Oliver Machinery Company,Oliver Machinery Company,,10055.201,,,"Oliver Machinery Company, Planer, 10055.201",PLANER 230 V,"Oliver Machinery Company, 10055.201, Planer","Oliver Machinery Company Planer, 230 V","Oliver Machinery Company, Planer",,,,,,,,,,,,,,,,,,,,,,,,,,,Planer,Series,,,Model,,,Item Type,,,Voltage Rating,230,V,Amperage Rating,,,Dimensions,,,Mounting Type,,,Material,,,Color,,,Sound Level,,,Additional Information,,,,,,,,,,,,,,,HP,2.5,,Phase,1Ph,,Catalog Category,General Commercial,,,,,,,,,,,,,,,,,,,,,,,,,,,,,,,,,,,,,,,,,,,,,,,,,,,,,,,,,,,,,,,,,,,,,,,,,,,,,,,,,,,,,,,,,,,,,,,,,,,,,,,,1,EA,,,,,,,,,,,,,,,,,,,,,,,,,,,,,,,,,,,,,US,No,No
,,,,,,T27417,,,,T27417,T27417,T27417 Grizzly OscillatingEdge - Belt and Spindle Sander,-- Unbranded --,-- No Unilog Brand --,-- No DIB Brand --,Woodstock Intl (3658),Woodstock Intl,Woodstock Intl,,T27417,,,"Woodstock Intl, Belt and Spindle Sander, T27417",BELT AND SPINDLE SANDER,"Woodstock Intl, T27417, Belt and Spindle Sander",Woodstock Intl Belt and Spindle Sander,"Woodstock Intl, Belt and Spindle Sander",,,,,,,,,,,,,,,,,,,,,,,,,,,Belt and Spindle Sander,Item Type,,,Dimensions,,,Grit,,,Arbor Size,,,Abrasive Material,,,Pack Quantity,,,Additional Information,,,,,,,,,,,,,,,,,,,,,,,,,,,,,,,,,,,,,,,,,,,,,,,,,,,,,,,,,,,,,,,,,,,,,,,,,,,,,,,,,,,,,,,,,,,,,,,,,,,,,,,,,,,,,,,,,,,,,,,,,,,,,,,,,,,,,,,,,,1,EA,,,,,,,,,,,,,,,,,,,,,,,,,,,,,,,,,,,,,US,No,No
