MFR URL,Ref URL 1,Ref URL 2,Ref URL 3,Ref URL 4,Ref URL 5,PART_NUMBER,Dept,Class,Fine,SKU - MY_PART_NUMBER,Mfg_Part_Num,Part_Desc,E1_Brand,Unilog_Brand,DIB_Brand,Part_Manuf,MANUFACTURER_NAME,BRAND_NAME,TRADE_NAME,MANUFACTURER_PART_NUMBER,ALTERNATE_PART_NUMBER,Classpath,MOBILE_DESC,INVOICE_DESC,SHORT_DESC,LONG_DESC1,RETAIL_DESC,MARKETING_DESCRIPTION,ITEM_FEATURES_1,ITEM_FEATURES_2,ITEM_FEATURES_3,ITEM_FEATURES_4,ITEM_FEATURES_5,ITEM_FEATURES_6,ITEM_FEATURES_7,ITEM_FEATURES_8,ITEM_FEATURES_9,ITEM_FEATURES_10,ITEM_FEATURES_11,ITEM_FEATURES_12,ITEM_FEATURES_13,ITEM_FEATURES_14,ITEM_FEATURES_15,ITEM_FEATURES_16,ITEM_FEATURES_17,ITEM_FEATURES_18,ITEM_FEATURES_19,ITEM_FEATURES_20,With,Standard/Approvals,Prop 65,Application,Includes,Product Name,ATTRIBUTE_LABEL 1,ATTRIBUTE_VALUE 1,ATTRIBUTE_UOM 1,ATTRIBUTE_LABEL 2,ATTRIBUTE_VALUE 2,ATTRIBUTE_UOM 2,ATTRIBUTE_LABEL 3,ATTRIBUTE_VALUE 3,ATTRIBUTE_UOM 3,ATTRIBUTE_LABEL 4,ATTRIBUTE_VALUE 4,ATTRIBUTE_UOM 4,ATTRIBUTE_LABEL 5,ATTRIBUTE_VALUE 5,ATTRIBUTE_UOM 5,ATTRIBUTE_LABEL 6,ATTRIBUTE_VALUE 6,ATTRIBUTE_UOM 6,ATTRIBUTE_LABEL 7,ATTRIBUTE_VALUE 7,ATTRIBUTE_UOM 7,ATTRIBUTE_LABEL 8,ATTRIBUTE_VALUE 8,ATTRIBUTE_UOM 8,ATTRIBUTE_LABEL 9,ATTRIBUTE_VALUE 9,ATTRIBUTE_UOM 9,ATTRIBUTE_LABEL 10,ATTRIBUTE_VALUE 10,ATTRIBUTE_UOM 10,ATTRIBUTE_LABEL 11,ATTRIBUTE_VALUE 11,ATTRIBUTE_UOM 11,ATTRIBUTE_LABEL 12,ATTRIBUTE_VALUE 12,ATTRIBUTE_UOM 12,ATTRIBUTE_LABEL 13,ATTRIBUTE_VALUE 13,ATTRIBUTE_UOM 13,ATTRIBUTE_LABEL 14,ATTRIBUTE_VALUE 14,ATTRIBUTE_UOM 14,ATTRIBUTE_LABEL 15,ATTRIBUTE_VALUE 15,ATTRIBUTE_UOM 15,ATTRIBUTE_LABEL 16,ATTRIBUTE_VALUE 16,ATTRIBUTE_UOM 16,ATTRIBUTE_LABEL 17,ATTRIBUTE_VALUE 17,ATTRIBUTE_UOM 17,ATTRIBUTE_LABEL 18,ATTRIBUTE_VALUE 18,ATTRIBUTE_UOM 18,ATTRIBUTE_LABEL 19,ATTRIBUTE_VALUE 19,ATTRIBUTE_UOM 19,ATTRIBUTE_LABEL 20,ATTRIBUTE_VALUE 20,ATTRIBUTE_UOM 20,ATTRIBUTE_LABEL 21,ATTRIBUTE_VALUE 21,ATTRIBUTE_UOM 21,ATTRIBUTE_LABEL 22,ATTRIBUTE_VALUE 22,ATTRIBUTE_UOM 22,ATTRIBUTE_LABEL 23,ATTRIBUTE_VALUE 23,ATTRIBUTE_UOM 23,ATTRIBUTE_LABEL 24,ATTRIBUTE_VALUE 24,ATTRIBUTE_UOM 24,ATTRIBUTE_LABEL 25,ATTRIBUTE_VALUE 25,ATTRIBUTE_UOM 25,ATTRIBUTE_LABEL 26,ATTRIBUTE_VALUE 26,ATTRIBUTE_UOM 26,ATTRIBUTE_LABEL 27,ATTRIBUTE_VALUE 27,ATTRIBUTE_UOM 27,ATTRIBUTE_LABEL 28,ATTRIBUTE_VALUE 28,ATTRIBUTE_UOM 28,ATTRIBUTE_LABEL 29,ATTRIBUTE_VALUE 29,ATTRIBUTE_UOM 29,ATTRIBUTE_LABEL 30,ATTRIBUTE_VALUE 30,ATTRIBUTE_UOM 30,ATTRIBUTE_LABEL 31,ATTRIBUTE_VALUE 31,ATTRIBUTE_UOM 31,ATTRIBUTE_LABEL 32,ATTRIBUTE_VALUE 32,ATTRIBUTE_UOM 32,ATTRIBUTE_LABEL 33,ATTRIBUTE_VALUE 33,ATTRIBUTE_UOM 33,ATTRIBUTE_LABEL 34,ATTRIBUTE_VALUE 34,ATTRIBUTE_UOM 34,ATTRIBUTE_LABEL 35,ATTRIBUTE_VALUE 35,ATTRIBUTE_UOM 35,ATTRIBUTE_LABEL 36,ATTRIBUTE_VALUE 36,ATTRIBUTE_UOM 36,ATTRIBUTE_LABEL 37,ATTRIBUTE_VALUE 37,ATTRIBUTE_UOM 37,ATTRIBUTE_LABEL 38,ATTRIBUTE_VALUE 38,ATTRIBUTE_UOM 38,ATTRIBUTE_LABEL 39,ATTRIBUTE_VALUE 39,ATTRIBUTE_UOM 39,ATTRIBUTE_LABEL 40,ATTRIBUTE_VALUE 40,ATTRIBUTE_UOM 40,ATTRIBUTE_LABEL 41,ATTRIBUTE_VALUE 41,ATTRIBUTE_UOM 41,ATTRIBUTE_LABEL 42,ATTRIBUTE_VALUE 42,ATTRIBUTE_UOM 42,ATTRIBUTE_LABEL 43,ATTRIBUTE_VALUE 43,ATTRIBUTE_UOM 43,ATTRIBUTE_LABEL 44,ATTRIBUTE_VALUE 44,ATTRIBUTE_UOM 44,ATTRIBUTE_LABEL 45,ATTRIBUTE_VALUE 45,ATTRIBUTE_UOM 45,ATTRIBUTE_LABEL 46,ATTRIBUTE_VALUE 46,ATTRIBUTE_UOM 46,ATTRIBUTE_LABEL 47,ATTRIBUTE_VALUE 47,ATTRIBUTE_UOM 47,ATTRIBUTE_LABEL 48,ATTRIBUTE_VALUE 48,ATTRIBUTE_UOM 48,ATTRIBUTE_LABEL 49,ATTRIBUTE_VALUE 49,ATTRIBUTE_UOM 49,ATTRIBUTE_LABEL 50,ATTRIBUTE_VALUE 50,ATTRIBUTE_UOM 50,UPC,EAN,GTIN,UNSPSC,Warranty,List Price,Selling Qty,Selling UOM,Standard Packaging Information,LENGTH,LENGTH_UOM,HEIGHT,HEIGHT_UOM,WIDTH,WIDTH_UOM,WEIGHT,WEIGHT_UOM,VOLUME,VOLUME_UOM,Product Image,Alternate Image 1,Alternate Image 2,Alternate Image 3,Alternate Image 4,SDS,SDS_1,Warranty Information,Catalog,Specification Sheet,Instruction/Installation Manual,Service Manual,Owners/User Manual,Line Drawing,MTR,RoHS,Full Engineering Drawing,Energy Star Guide,Technical Bulletin,Submittal,Compatibility Chart,Size Chart,Product Label/Insert,Video Link,Video Link 1,Country Of Origin,Discontinued,Actual Image (Yes/No)
,,,,,,DCB518ASTS06G,,,,DCB518ASTS06G,DCB518ASTS06G,"DCB518ASTS06G Diablo 1/2""x18"" - Sanding Belt 6pc",FREUD®,FREUD®,FREUD®,FREUD,FREUD,FREUD®,FREUD®,DCB518ASTS06G,,,"FREUD®, Sanding Belt, DCB518ASTS06G, 1/2 inx18 - Commercial Grade Sanding Belt",SANDING BELT 1/2 INX18 6 PK,"FREUD®, DCB518ASTS06G, Sanding Belt, 1/2 inx18",The FREUD® DCB518ASTS06G is a commercial-grade sanding belt designed for professional and industrial applications. Engineered with measuring 1/2 inx18. Key Specifications include PackQuantity: 6 PK.,FREUD® DCB518ASTS06G Sanding Belt (1/2 inx18),The FREUD® DCB518ASTS06G is a commercial-grade sanding belt designed for professional and industrial applications. Engineered with measuring 1/2 inx18. Key Specifications include PackQuantity: 6 PK.,Precision dimensions: 1/2 inx18,,,,,,,,,,,,,,,,,,,,,,,,,FREUD® DCB518ASTS06G Sanding Belt (1/2 inx18),Dimensions,1/2 inx18,in,Item Type,Sanding Belt,,PackQuantity,6 PK,,,,,,,,,,,,,,,,,,,,,,,,,,,,,,,,,,,,,,,,,,,,,,,,,,,,,,,,,,,,,,,,,,,,,,,,,,,,,,,,,,,,,,,,,,,,,,,,,,,,,,,,,,,,,,,,,,,,,,,,,,,,,,,,,,,,,,,,,,,,,,,,,,,,,1,EA,,,,,,,,,,,,,,,,,,,,,,,,,,,,,,,,,,,,,US,No,Yes
,,,,,,3MABR-7100075678,,,,3MABR-7100075678,3MABR-7100075678,3M 775L Stikit Film P150 - Cubitron II 50 Disc/Box,Jam Industrial Supply LLC,Jam Industrial Supply LLC,Jam Industrial Supply LLC,Jam Industrial Supply LLC,Jam Industrial Supply LLC,Jam Industrial Supply LLC,Jam Industrial Supply LLC,3MABR-7100075678,,,"Jam Industrial Supply LLC, Abrasive Disc, 3MABR-7100075678, P150",ABRASIVE DISC P150 50 PK,"Jam Industrial Supply LLC, 3MABR-7100075678, Abrasive Disc",The Jam Industrial Supply LLC 3MABR-7100075678 is a commercial-grade abrasive disc designed for professional and industrial applications. Key Specifications include Grit: P150; PackQuantity: 50 PK.,Jam Industrial Supply LLC 3MABR-7100075678 Abrasive Disc,The Jam Industrial Supply LLC 3MABR-7100075678 is a commercial-grade abrasive disc designed for professional and industrial applications. Key Specifications include Grit: P150; PackQuantity: 50 PK.,,,,,,,,,,,,,,,,,,,,,,,,,,Jam Industrial Supply LLC 3MABR-7100075678 Abrasive Disc,Item Type,Abrasive Disc,,Grit,P150,,PackQuantity,50 PK,,,,,,,,,,,,,,,,,,,,,,,,,,,,,,,,,,,,,,,,,,,,,,,,,,,,,,,,,,,,,,,,,,,,,,,,,,,,,,,,,,,,,,,,,,,,,,,,,,,,,,,,,,,,,,,,,,,,,,,,,,,,,,,,,,,,,,,,,,,,,,,,,,,,,1,EA,,,,,,,,,,,,,,,,,,,,,,,,,,,,,,,,,,,,,US,No,Yes
,,,,,,3MABR-7100045865,,,,3MABR-7100045865,3MABR-7100045865,3M 775L Stikit Film P120 - Cubitron II 50 Disc/Box,Jam Industrial Supply LLC,Jam Industrial Supply LLC,Jam Industrial Supply LLC,Jam Industrial Supply LLC,Jam Industrial Supply LLC,Jam Industrial Supply LLC,Jam Industrial Supply LLC,3MABR-7100045865,,,"Jam Industrial Supply LLC, Abrasive Disc, 3MABR-7100045865, P120",ABRASIVE DISC P120 50 PK,"Jam Industrial Supply LLC, 3MABR-7100045865, Abrasive Disc",The Jam Industrial Supply LLC 3MABR-7100045865 is a commercial-grade abrasive disc designed for professional and industrial applications. Key Specifications include Grit: P120; PackQuantity: 50 PK.,Jam Industrial Supply LLC 3MABR-7100045865 Abrasive Disc,The Jam Industrial Supply LLC 3MABR-7100045865 is a commercial-grade abrasive disc designed for professional and industrial applications. Key Specifications include Grit: P120; PackQuantity: 50 PK.,,,,,,,,,,,,,,,,,,,,,,,,,,Jam Industrial Supply LLC 3MABR-7100045865 Abrasive Disc,Item Type,Abrasive Disc,,Grit,P120,,PackQuantity,50 PK,,,,,,,,,,,,,,,,,,,,,,,,,,,,,,,,,,,,,,,,,,,,,,,,,,,,,,,,,,,,,,,,,,,,,,,,,,,,,,,,,,,,,,,,,,,,,,,,,,,,,,,,,,,,,,,,,,,,,,,,,,,,,,,,,,,,,,,,,,,,,,,,,,,,,1,EA,,,,,,,,,,,,,,,,,,,,,,,,,,,,,,,,,,,,,US,No,Yes
,,,,,,3MABR-7100048736,,,,3MABR-7100048736,3MABR-7100048736,3M 775L Stikit Film P80 - Cubitron II 50 Disc/Box,Jam Industrial Supply LLC,Jam Industrial Supply LLC,Jam Industrial Supply LLC,Jam Industrial Supply LLC,Jam Industrial Supply LLC,Jam Industrial Supply LLC,Jam Industrial Supply LLC,3MABR-7100048736,,,"Jam Industrial Supply LLC, Abrasive Disc, 3MABR-7100048736, P80",ABRASIVE DISC P80 50 PK,"Jam Industrial Supply LLC, 3MABR-7100048736, Abrasive Disc",The Jam Industrial Supply LLC 3MABR-7100048736 is a commercial-grade abrasive disc designed for professional and industrial applications. Key Specifications include Grit: P80; PackQuantity: 50 PK.,Jam Industrial Supply LLC 3MABR-7100048736 Abrasive Disc,The Jam Industrial Supply LLC 3MABR-7100048736 is a commercial-grade abrasive disc designed for professional and industrial applications. Key Specifications include Grit: P80; PackQuantity: 50 PK.,,,,,,,,,,,,,,,,,,,,,,,,,,Jam Industrial Supply LLC 3MABR-7100048736 Abrasive Disc,Item Type,Abrasive Disc,,Grit,P80,,PackQuantity,50 PK,,,,,,,,,,,,,,,,,,,,,,,,,,,,,,,,,,,,,,,,,,,,,,,,,,,,,,,,,,,,,,,,,,,,,,,,,,,,,,,,,,,,,,,,,,,,,,,,,,,,,,,,,,,,,,,,,,,,,,,,,,,,,,,,,,,,,,,,,,,,,,,,,,,,,1,EA,,,,,,,,,,,,,,,,,,,,,,,,,,,,,,,,,,,,,US,No,Yes
,,,,,,3MABR-7100075690,,,,3MABR-7100075690,3MABR-7100075690,3M 775L Stikit Film P180 - Cubitron II 50 Disc/Box,Jam Industrial Supply LLC,Jam Industrial Supply LLC,Jam Industrial Supply LLC,Jam Industrial Supply LLC,Jam Industrial Supply LLC,Jam Industrial Supply LLC,Jam Industrial Supply LLC,3MABR-7100075690,,,"Jam Industrial Supply LLC, Abrasive Disc, 3MABR-7100075690, P180",ABRASIVE DISC P180 50 PK,"Jam Industrial Supply LLC, 3MABR-7100075690, Abrasive Disc",The Jam Industrial Supply LLC 3MABR-7100075690 is a commercial-grade abrasive disc designed for professional and industrial applications. Key Specifications include Grit: P180; PackQuantity: 50 PK.,Jam Industrial Supply LLC 3MABR-7100075690 Abrasive Disc,The Jam Industrial Supply LLC 3MABR-7100075690 is a commercial-grade abrasive disc designed for professional and industrial applications. Key Specifications include Grit: P180; PackQuantity: 50 PK.,,,,,,,,,,,,,,,,,,,,,,,,,,Jam Industrial Supply LLC 3MABR-7100075690 Abrasive Disc,Item Type,Abrasive Disc,,Grit,P180,,PackQuantity,50 PK,,,,,,,,,,,,,,,,,,,,,,,,,,,,,,,,,,,,,,,,,,,,,,,,,,,,,,,,,,,,,,,,,,,,,,,,,,,,,,,,,,,,,,,,,,,,,,,,,,,,,,,,,,,,,,,,,,,,,,,,,,,,,,,,,,,,,,,,,,,,,,,,,,,,,1,EA,,,,,,,,,,,,,,,,,,,,,,,,,,,,,,,,,,,,,US,No,Yes
,,,,,,3MABR-7100075692,,,,3MABR-7100075692,3MABR-7100075692,3M 775L Stikit Film P220 - Cubitron II 50 Disc/Box,Jam Industrial Supply LLC,Jam Industrial Supply LLC,Jam Industrial Supply LLC,Jam Industrial Supply LLC,Jam Industrial Supply LLC,Jam Industrial Supply LLC,Jam Industrial Supply LLC,3MABR-7100075692,,,"Jam Industrial Supply LLC, Abrasive Disc, 3MABR-7100075692, P220",ABRASIVE DISC P220 50 PK,"Jam Industrial Supply LLC, 3MABR-7100075692, Abrasive Disc",The Jam Industrial Supply LLC 3MABR-7100075692 is a commercial-grade abrasive disc designed for professional and industrial applications. Key Specifications include Grit: P220; PackQuantity: 50 PK.,Jam Industrial Supply LLC 3MABR-7100075692 Abrasive Disc,The Jam Industrial Supply LLC 3MABR-7100075692 is a commercial-grade abrasive disc designed for professional and industrial applications. Key Specifications include Grit: P220; PackQuantity: 50 PK.,,,,,,,,,,,,,,,,,,,,,,,,,,Jam Industrial Supply LLC 3MABR-7100075692 Abrasive Disc,Item Type,Abrasive Disc,,Grit,P220,,PackQuantity,50 PK,,,,,,,,,,,,,,,,,,,,,,,,,,,,,,,,,,,,,,,,,,,,,,,,,,,,,,,,,,,,,,,,,,,,,,,,,,,,,,,,,,,,,,,,,,,,,,,,,,,,,,,,,,,,,,,,,,,,,,,,,,,,,,,,,,,,,,,,,,,,,,,,,,,,,1,EA,,,,,,,,,,,,,,,,,,,,,,,,,,,,,,,,,,,,,US,No,Yes
,,,,,,3MABR-7100145365,,,,3MABR-7100145365,3MABR-7100145365,3M 775L Stikit Film P320 - Cubitron II 50 Disc/Box,Jam Industrial Supply LLC,Jam Industrial Supply LLC,Jam Industrial Supply LLC,Jam Industrial Supply LLC,Jam Industrial Supply LLC,Jam Industrial Supply LLC,Jam Industrial Supply LLC,3MABR-7100145365,,,"Jam Industrial Supply LLC, Abrasive Disc, 3MABR-7100145365, P320",ABRASIVE DISC P320 50 PK,"Jam Industrial Supply LLC, 3MABR-7100145365, Abrasive Disc",The Jam Industrial Supply LLC 3MABR-7100145365 is a commercial-grade abrasive disc designed for professional and industrial applications. Key Specifications include Grit: P320; PackQuantity: 50 PK.,Jam Industrial Supply LLC 3MABR-7100145365 Abrasive Disc,The Jam Industrial Supply LLC 3MABR-7100145365 is a commercial-grade abrasive disc designed for professional and industrial applications. Key Specifications include Grit: P320; PackQuantity: 50 PK.,,,,,,,,,,,,,,,,,,,,,,,,,,Jam Industrial Supply LLC 3MABR-7100145365 Abrasive Disc,Item Type,Abrasive Disc,,Grit,P320,,PackQuantity,50 PK,,,,,,,,,,,,,,,,,,,,,,,,,,,,,,,,,,,,,,,,,,,,,,,,,,,,,,,,,,,,,,,,,,,,,,,,,,,,,,,,,,,,,,,,,,,,,,,,,,,,,,,,,,,,,,,,,,,,,,,,,,,,,,,,,,,,,,,,,,,,,,,,,,,,,1,EA,,,,,,,,,,,,,,,,,,,,,,,,,,,,,,,,,,,,,US,No,Yes
,,,,,,5B-332-080,,,,5B-332-080,5B-332-080,"5B-332-080 HIOLIT 5"" P80",MIRKA®,MIRKA®,MIRKA®,MIRKA,MIRKA,MIRKA®,MIRKA®,5B-332-080,,,"MIRKA®, Abrasive Disc, 5B-332-080, P80 - Commercial Grade Abrasive Disc",ABRASIVE DISC P80,"MIRKA®, 5B-332-080, Abrasive Disc",The MIRKA® 5B-332-080 is a commercial-grade abrasive disc designed for professional and industrial applications. Key Specifications include Grit: P80.,MIRKA® 5B-332-080 Abrasive Disc,The MIRKA® 5B-332-080 is a commercial-grade abrasive disc designed for professional and industrial applications. Key Specifications include Grit: P80.,,,,,,,,,,,,,,,,,,,,,,,,,,MIRKA® 5B-332-080 Abrasive Disc,Item Type,Abrasive Disc,,Grit,P80,,,,,,,,,,,,,,,,,,,,,,,,,,,,,,,,,,,,,,,,,,,,,,,,,,,,,,,,,,,,,,,,,,,,,,,,,,,,,,,,,,,,,,,,,,,,,,,,,,,,,,,,,,,,,,,,,,,,,,,,,,,,,,,,,,,,,,,,,,,,,,,,,,,,,,,,1,EA,,,,,,,,,,,,,,,,,,,,,,,,,,,,,,,,,,,,,US,No,Yes
,,,,,,5B-332-120,,,,5B-332-120,5B-332-120,"5B-332-120 HIOLIT 5"" P120",MIRKA®,MIRKA®,MIRKA®,MIRKA,MIRKA,MIRKA®,MIRKA®,5B-332-120,,,"MIRKA®, Abrasive Disc, 5B-332-120, P120 - Commercial Grade Abrasive Disc",ABRASIVE DISC P120,"MIRKA®, 5B-332-120, Abrasive Disc",The MIRKA® 5B-332-120 is a commercial-grade abrasive disc designed for professional and industrial applications. Key Specifications include Grit: P120.,MIRKA® 5B-332-120 Abrasive Disc,The MIRKA® 5B-332-120 is a commercial-grade abrasive disc designed for professional and industrial applications. Key Specifications include Grit: P120.,,,,,,,,,,,,,,,,,,,,,,,,,,MIRKA® 5B-332-120 Abrasive Disc,Item Type,Abrasive Disc,,Grit,P120,,,,,,,,,,,,,,,,,,,,,,,,,,,,,,,,,,,,,,,,,,,,,,,,,,,,,,,,,,,,,,,,,,,,,,,,,,,,,,,,,,,,,,,,,,,,,,,,,,,,,,,,,,,,,,,,,,,,,,,,,,,,,,,,,,,,,,,,,,,,,,,,,,,,,,,,1,EA,,,,,,,,,,,,,,,,,,,,,,,,,,,,,,,,,,,,,US,No,Yes
,,,,,,9A-570-240,,,,9A-570-240,9A-570-240,9A-570-240 Abranet 2.75x30,MIRKA®,MIRKA®,MIRKA®,MIRKA,MIRKA,MIRKA®,MIRKA®,9A-570-240,,,"MIRKA®, Abrasive Disc, 9A-570-240, 2-3/4x30 - Commercial Grade Abrasive Disc",ABRASIVE DISC 2-3/4X30,"MIRKA®, 9A-570-240, Abrasive Disc, 2-3/4x30",The MIRKA® 9A-570-240 is a commercial-grade abrasive disc designed for professional and industrial applications. Engineered with measuring 2-3/4x30. Key Specifications include Amperage: 9 A.,MIRKA® 9A-570-240 Abrasive Disc (2-3/4x30),The MIRKA® 9A-570-240 is a commercial-grade abrasive disc designed for professional and industrial applications. Engineered with measuring 2-3/4x30. Key Specifications include Amperage: 9 A.,Precision dimensions: 2-3/4x30,,,,,,,,,,,,,,,,,,,,,,,,,MIRKA® 9A-570-240 Abrasive Disc (2-3/4x30),Dimensions,2-3/4x30,in,Item Type,Abrasive Disc,,Amperage,9,A,,,,,,,,,,,,,,,,,,,,,,,,,,,,,,,,,,,,,,,,,,,,,,,,,,,,,,,,,,,,,,,,,,,,,,,,,,,,,,,,,,,,,,,,,,,,,,,,,,,,,,,,,,,,,,,,,,,,,,,,,,,,,,,,,,,,,,,,,,,,,,,,,,,,1,EA,,,,,,,,,,,,,,,,,,,,,,,,,,,,,,,,,,,,,US,No,Yes
,,,,,,9A-570-320,,,,9A-570-320,9A-570-320,9A-570-320 Abranet 2.75x30,MIRKA®,MIRKA®,MIRKA®,MIRKA,MIRKA,MIRKA®,MIRKA®,9A-570-320,,,"MIRKA®, Abrasive Disc, 9A-570-320, 2-3/4x30 - Commercial Grade Abrasive Disc",ABRASIVE DISC 2-3/4X30,"MIRKA®, 9A-570-320, Abrasive Disc, 2-3/4x30",The MIRKA® 9A-570-320 is a commercial-grade abrasive disc designed for professional and industrial applications. Engineered with measuring 2-3/4x30. Key Specifications include Amperage: 9 A.,MIRKA® 9A-570-320 Abrasive Disc (2-3/4x30),The MIRKA® 9A-570-320 is a commercial-grade abrasive disc designed for professional and industrial applications. Engineered with measuring 2-3/4x30. Key Specifications include Amperage: 9 A.,Precision dimensions: 2-3/4x30,,,,,,,,,,,,,,,,,,,,,,,,,MIRKA® 9A-570-320 Abrasive Disc (2-3/4x30),Dimensions,2-3/4x30,in,Item Type,Abrasive Disc,,Amperage,9,A,,,,,,,,,,,,,,,,,,,,,,,,,,,,,,,,,,,,,,,,,,,,,,,,,,,,,,,,,,,,,,,,,,,,,,,,,,,,,,,,,,,,,,,,,,,,,,,,,,,,,,,,,,,,,,,,,,,,,,,,,,,,,,,,,,,,,,,,,,,,,,,,,,,,1,EA,,,,,,,,,,,,,,,,,,,,,,,,,,,,,,,,,,,,,US,No,Yes
,,,,,,DBD090094101F,,,,DBD090094101F,DBD090094101F,"DBD090094101F Diablo 9"" - Metal Cut-Off Disc",FREUD®,FREUD®,FREUD®,FREUD,FREUD,FREUD®,FREUD®,DBD090094101F,,,"FREUD®, Cut-Off Disc, DBD090094101F - Commercial Grade Cut-Off Disc",CUT-OFF DISC CS,"FREUD®, DBD090094101F, Cut-Off Disc",The FREUD® DBD090094101F is a commercial-grade cut-off disc designed for professional and industrial applications. Engineered with durable carbon steel construction.,FREUD® DBD090094101F Cut-Off Disc in Carbon Steel,The FREUD® DBD090094101F is a commercial-grade cut-off disc designed for professional and industrial applications. Engineered with durable carbon steel construction.,Constructed with high-grade Carbon Steel,,,,,,,,,,,,,,,,,,,,,,,,,FREUD® DBD090094101F Cut-Off Disc in Carbon Steel,Material,Carbon Steel,,Item Type,Cut-Off Disc,,,,,,,,,,,,,,,,,,,,,,,,,,,,,,,,,,,,,,,,,,,,,,,,,,,,,,,,,,,,,,,,,,,,,,,,,,,,,,,,,,,,,,,,,,,,,,,,,,,,,,,,,,,,,,,,,,,,,,,,,,,,,,,,,,,,,,,,,,,,,,,,,,,,,,,,1,EA,,,,,,,,,,,,,,,,,,,,,,,,,,,,,,,,,,,,,US,No,Yes
,,,,,,DBDS12125A01F,,,,DBDS12125A01F,DBDS12125A01F,"DBDS12125A01F Diablo 12"" - Steel Demon Metal Cut-Off Disc",FREUD®,FREUD®,FREUD®,FREUD,FREUD,FREUD®,FREUD®,DBDS12125A01F,,,"FREUD®, Cut-Off Disc, DBDS12125A01F - Commercial Grade Cut-Off Disc",CUT-OFF DISC CS,"FREUD®, DBDS12125A01F, Cut-Off Disc",The FREUD® DBDS12125A01F is a commercial-grade cut-off disc designed for professional and industrial applications. Engineered with durable carbon steel construction.,FREUD® DBDS12125A01F Cut-Off Disc in Carbon Steel,The FREUD® DBDS12125A01F is a commercial-grade cut-off disc designed for professional and industrial applications. Engineered with durable carbon steel construction.,Constructed with high-grade Carbon Steel,,,,,,,,,,,,,,,,,,,,,,,,,FREUD® DBDS12125A01F Cut-Off Disc in Carbon Steel,Material,Carbon Steel,,Item Type,Cut-Off Disc,,,,,,,,,,,,,,,,,,,,,,,,,,,,,,,,,,,,,,,,,,,,,,,,,,,,,,,,,,,,,,,,,,,,,,,,,,,,,,,,,,,,,,,,,,,,,,,,,,,,,,,,,,,,,,,,,,,,,,,,,,,,,,,,,,,,,,,,,,,,,,,,,,,,,,,,1,EA,,,,,,,,,,,,,,,,,,,,,,,,,,,,,,,,,,,,,US,No,Yes
,,,,,,DBDS12125G01F,,,,DBDS12125G01F,DBDS12125G01F,"DBDS12125G01F Diablo 12""x20mm - Speed Demon Metal Cut-Off Disc",FREUD®,FREUD®,FREUD®,FREUD,FREUD,FREUD®,FREUD®,DBDS12125G01F,,,"FREUD®, Cut-Off Disc, DBDS12125G01F, 12 inx20 mm - Commercial Grade Cut-Off Disc",CUT-OFF DISC 12 INX20 MM 20MM CS,"FREUD®, DBDS12125G01F, Cut-Off Disc, 12 inx20 mm","The FREUD® DBDS12125G01F is a commercial-grade cut-off disc designed for professional and industrial applications. Engineered with durable carbon steel construction, measuring 12 inx20 mm. Key Specifications include ArborSize: 20mm.",FREUD® DBDS12125G01F Cut-Off Disc in Carbon Steel (12 inx20 mm),"The FREUD® DBDS12125G01F is a commercial-grade cut-off disc designed for professional and industrial applications. Engineered with durable carbon steel construction, measuring 12 inx20 mm. Key Specifications include ArborSize: 20mm.",Constructed with high-grade Carbon Steel,Precision dimensions: 12 inx20 mm,,,,,,,,,,,,,,,,,,,,,,,,FREUD® DBDS12125G01F Cut-Off Disc in Carbon Steel (12 inx20 mm),Dimensions,12 inx20 mm,in,Material,Carbon Steel,,Item Type,Cut-Off Disc,,Arbor Size,20mm,in,,,,,,,,,,,,,,,,,,,,,,,,,,,,,,,,,,,,,,,,,,,,,,,,,,,,,,,,,,,,,,,,,,,,,,,,,,,,,,,,,,,,,,,,,,,,,,,,,,,,,,,,,,,,,,,,,,,,,,,,,,,,,,,,,,,,,,,,,,,,,,,,,1,EA,,,,,,,,,,,,,,,,,,,,,,,,,,,,,,,,,,,,,US,No,Yes
,,,,,,DBDS14125A01F,,,,DBDS14125A01F,DBDS14125A01F,"DBDS14125A01F Diablo 14""x1"" - Steel Demon Metal Cut-Off Disc",FREUD®,FREUD®,FREUD®,FREUD,FREUD,FREUD®,FREUD®,DBDS14125A01F,,,"FREUD®, Cut-Off Disc, DBDS14125A01F, 14 inx1 - Commercial Grade Cut-Off Disc",CUT-OFF DISC 14 INX1 CS,"FREUD®, DBDS14125A01F, Cut-Off Disc, 14 inx1","The FREUD® DBDS14125A01F is a commercial-grade cut-off disc designed for professional and industrial applications. Engineered with durable carbon steel construction, measuring 14 inx1.",FREUD® DBDS14125A01F Cut-Off Disc in Carbon Steel (14 inx1),"The FREUD® DBDS14125A01F is a commercial-grade cut-off disc designed for professional and industrial applications. Engineered with durable carbon steel construction, measuring 14 inx1.",Constructed with high-grade Carbon Steel,Precision dimensions: 14 inx1,,,,,,,,,,,,,,,,,,,,,,,,FREUD® DBDS14125A01F Cut-Off Disc in Carbon Steel (14 inx1),Dimensions,14 inx1,in,Material,Carbon Steel,,Item Type,Cut-Off Disc,,,,,,,,,,,,,,,,,,,,,,,,,,,,,,,,,,,,,,,,,,,,,,,,,,,,,,,,,,,,,,,,,,,,,,,,,,,,,,,,,,,,,,,,,,,,,,,,,,,,,,,,,,,,,,,,,,,,,,,,,,,,,,,,,,,,,,,,,,,,,,,,,,,,,1,EA,,,,,,,,,,,,,,,,,,,,,,,,,,,,,,,,,,,,,US,No,Yes
,,,,,,DBDS14125G01F,,,,DBDS14125G01F,DBDS14125G01F,"DBDS14125G01F Diablo 14""x20mm - Steel Demon Metal Cut-Off Disc",FREUD®,FREUD®,FREUD®,FREUD,FREUD,FREUD®,FREUD®,DBDS14125G01F,,,"FREUD®, Cut-Off Disc, DBDS14125G01F, 14 inx20 mm - Commercial Grade Cut-Off Disc",CUT-OFF DISC 14 INX20 MM 20MM CS,"FREUD®, DBDS14125G01F, Cut-Off Disc, 14 inx20 mm","The FREUD® DBDS14125G01F is a commercial-grade cut-off disc designed for professional and industrial applications. Engineered with durable carbon steel construction, measuring 14 inx20 mm. Key Specifications include ArborSize: 20mm.",FREUD® DBDS14125G01F Cut-Off Disc in Carbon Steel (14 inx20 mm),"The FREUD® DBDS14125G01F is a commercial-grade cut-off disc designed for professional and industrial applications. Engineered with durable carbon steel construction, measuring 14 inx20 mm. Key Specifications include ArborSize: 20mm.",Constructed with high-grade Carbon Steel,Precision dimensions: 14 inx20 mm,,,,,,,,,,,,,,,,,,,,,,,,FREUD® DBDS14125G01F Cut-Off Disc in Carbon Steel (14 inx20 mm),Dimensions,14 inx20 mm,in,Material,Carbon Steel,,Item Type,Cut-Off Disc,,Arbor Size,20mm,in,,,,,,,,,,,,,,,,,,,,,,,,,,,,,,,,,,,,,,,,,,,,,,,,,,,,,,,,,,,,,,,,,,,,,,,,,,,,,,,,,,,,,,,,,,,,,,,,,,,,,,,,,,,,,,,,,,,,,,,,,,,,,,,,,,,,,,,,,,,,,,,,,1,EA,,,,,,,,,,,,,,,,,,,,,,,,,,,,,,,,,,,,,US,No,Yes
,,,,,,49-94-0013,,,,49-94-0013,49-94-0013,"49-94-0013 Milw 5""x.045""x7/8"" Metal Cut Off Disc",MILWAUKEE®,MILWAUKEE®,MILWAUKEE®,MILWAUKEE,MILWAUKEE,MILWAUKEE®,MILWAUKEE®,49-94-0013,,,"MILWAUKEE®, Cut-Off Disc, 49-94-0013, 5 in - Commercial Grade Cut-Off Disc",CUT-OFF DISC 5 IN 7/8 IN CS,"MILWAUKEE®, 49-94-0013, Cut-Off Disc, 5 in","The MILWAUKEE® 49-94-0013 is a commercial-grade cut-off disc designed for professional and industrial applications. Engineered with durable carbon steel construction, measuring 5 in. Key Specifications include ArborSize: 7/8 in.",MILWAUKEE® 49-94-0013 Cut-Off Disc in Carbon Steel (5 in),"The MILWAUKEE® 49-94-0013 is a commercial-grade cut-off disc designed for professional and industrial applications. Engineered with durable carbon steel construction, measuring 5 in. Key Specifications include ArborSize: 7/8 in.",Constructed with high-grade Carbon Steel,Precision dimensions: 5 in,,,,,,,,,,,,,,,,,,,,,,,,MILWAUKEE® 49-94-0013 Cut-Off Disc in Carbon Steel (5 in),Dimensions,5,in,Material,Carbon Steel,,Item Type,Cut-Off Disc,,Arbor Size,7/8,in,,,,,,,,,,,,,,,,,,,,,,,,,,,,,,,,,,,,,,,,,,,,,,,,,,,,,,,,,,,,,,,,,,,,,,,,,,,,,,,,,,,,,,,,,,,,,,,,,,,,,,,,,,,,,,,,,,,,,,,,,,,,,,,,,,,,,,,,,,,,,,,,,1,EA,,,,,,,,,,,,,,,,,,,,,,,,,,,,,,,,,,,,,US,No,Yes
,,,,,,49-94-0029,,,,49-94-0029,49-94-0029,"49-94-0029 Milw 6-1/2""x1/8""x5/8"" DKO Metal Cut Off Disc",MILWAUKEE®,MILWAUKEE®,MILWAUKEE®,MILWAUKEE,MILWAUKEE,MILWAUKEE®,MILWAUKEE®,49-94-0029,,,"MILWAUKEE®, Cut-Off Disc, 49-94-0029, 1/2 inx1/8 inx5/8 - Commercial Grade Cut-O",CUT-OFF DISC 1/2 INX1/8 INX5/8 1/8 IN CS,"MILWAUKEE®, 49-94-0029, Cut-Off Disc, 1/2 inx1/8 inx5/8","The MILWAUKEE® 49-94-0029 is a commercial-grade cut-off disc designed for professional and industrial applications. Engineered with durable carbon steel construction, measuring 1/2 inx1/8 inx5/8. Key Specifications include ArborSize: 1/8 in.",MILWAUKEE® 49-94-0029 Cut-Off Disc in Carbon Steel (1/2 inx1/8 inx5/8),"The MILWAUKEE® 49-94-0029 is a commercial-grade cut-off disc designed for professional and industrial applications. Engineered with durable carbon steel construction, measuring 1/2 inx1/8 inx5/8. Key Specifications include ArborSize: 1/8 in.",Constructed with high-grade Carbon Steel,Precision dimensions: 1/2 inx1/8 inx5/8,,,,,,,,,,,,,,,,,,,,,,,,MILWAUKEE® 49-94-0029 Cut-Off Disc in Carbon Steel (1/2 inx1/8 inx5/8),Dimensions,1/2 inx1/8 inx5/8,in,Material,Carbon Steel,,Item Type,Cut-Off Disc,,Arbor Size,1/8,in,,,,,,,,,,,,,,,,,,,,,,,,,,,,,,,,,,,,,,,,,,,,,,,,,,,,,,,,,,,,,,,,,,,,,,,,,,,,,,,,,,,,,,,,,,,,,,,,,,,,,,,,,,,,,,,,,,,,,,,,,,,,,,,,,,,,,,,,,,,,,,,,,1,EA,,,,,,,,,,,,,,,,,,,,,,,,,,,,,,,,,,,,,US,No,Yes
,,,,,,49-94-0033,,,,49-94-0033,49-94-0033,"49-94-0033 Milw 7""x1/16""x7/8"" Metal Cut Off Disc",MILWAUKEE®,MILWAUKEE®,MILWAUKEE®,MILWAUKEE,MILWAUKEE,MILWAUKEE®,MILWAUKEE®,49-94-0033,,,"MILWAUKEE®, Cut-Off Disc, 49-94-0033, 7 inx1/16 inx7/8 - Commercial Grade Cut-Of",CUT-OFF DISC 7 INX1/16 INX7/8 1/16 IN CS,"MILWAUKEE®, 49-94-0033, Cut-Off Disc, 7 inx1/16 inx7/8","The MILWAUKEE® 49-94-0033 is a commercial-grade cut-off disc designed for professional and industrial applications. Engineered with durable carbon steel construction, measuring 7 inx1/16 inx7/8. Key Specifications include ArborSize: 1/16 in.",MILWAUKEE® 49-94-0033 Cut-Off Disc in Carbon Steel (7 inx1/16 inx7/8),"The MILWAUKEE® 49-94-0033 is a commercial-grade cut-off disc designed for professional and industrial applications. Engineered with durable carbon steel construction, measuring 7 inx1/16 inx7/8. Key Specifications include ArborSize: 1/16 in.",Constructed with high-grade Carbon Steel,Precision dimensions: 7 inx1/16 inx7/8,,,,,,,,,,,,,,,,,,,,,,,,MILWAUKEE® 49-94-0033 Cut-Off Disc in Carbon Steel (7 inx1/16 inx7/8),Dimensions,7 inx1/16 inx7/8,in,Material,Carbon Steel,,Item Type,Cut-Off Disc,,Arbor Size,1/16,in,,,,,,,,,,,,,,,,,,,,,,,,,,,,,,,,,,,,,,,,,,,,,,,,,,,,,,,,,,,,,,,,,,,,,,,,,,,,,,,,,,,,,,,,,,,,,,,,,,,,,,,,,,,,,,,,,,,,,,,,,,,,,,,,,,,,,,,,,,,,,,,,,1,EA,,,,,,,,,,,,,,,,,,,,,,,,,,,,,,,,,,,,,US,No,Yes
,,,,,,49-94-0001,,,,49-94-0001,49-94-0001,"49-94-0001 Milw 4""x.040""x5/8"" Metal Cut Off Disc",MILWAUKEE®,MILWAUKEE®,MILWAUKEE®,MILWAUKEE,MILWAUKEE,MILWAUKEE®,MILWAUKEE®,49-94-0001,,,"MILWAUKEE®, Cut-Off Disc, 49-94-0001, 4 in - Commercial Grade Cut-Off Disc",CUT-OFF DISC 4 IN 5/8 IN CS,"MILWAUKEE®, 49-94-0001, Cut-Off Disc, 4 in","The MILWAUKEE® 49-94-0001 is a commercial-grade cut-off disc designed for professional and industrial applications. Engineered with durable carbon steel construction, measuring 4 in. Key Specifications include ArborSize: 5/8 in.",MILWAUKEE® 49-94-0001 Cut-Off Disc in Carbon Steel (4 in),"The MILWAUKEE® 49-94-0001 is a commercial-grade cut-off disc designed for professional and industrial applications. Engineered with durable carbon steel construction, measuring 4 in. Key Specifications include ArborSize: 5/8 in.",Constructed with high-grade Carbon Steel,Precision dimensions: 4 in,,,,,,,,,,,,,,,,,,,,,,,,MILWAUKEE® 49-94-0001 Cut-Off Disc in Carbon Steel (4 in),Dimensions,4,in,Material,Carbon Steel,,Item Type,Cut-Off Disc,,Arbor Size,5/8,in,,,,,,,,,,,,,,,,,,,,,,,,,,,,,,,,,,,,,,,,,,,,,,,,,,,,,,,,,,,,,,,,,,,,,,,,,,,,,,,,,,,,,,,,,,,,,,,,,,,,,,,,,,,,,,,,,,,,,,,,,,,,,,,,,,,,,,,,,,,,,,,,,1,EA,,,,,,,,,,,,,,,,,,,,,,,,,,,,,,,,,,,,,US,No,Yes
,,,,,,49-94-0039,,,,49-94-0039,49-94-0039,"49-94-0039 Milw 7""x1/8""x5/8"" DKO Metal Cut Off Disc",MILWAUKEE®,MILWAUKEE®,MILWAUKEE®,MILWAUKEE,MILWAUKEE,MILWAUKEE®,MILWAUKEE®,49-94-0039,,,"MILWAUKEE®, Cut-Off Disc, 49-94-0039, 7 inx1/8 inx5/8 - Commercial Grade Cut-Off",CUT-OFF DISC 7 INX1/8 INX5/8 1/8 IN CS,"MILWAUKEE®, 49-94-0039, Cut-Off Disc, 7 inx1/8 inx5/8","The MILWAUKEE® 49-94-0039 is a commercial-grade cut-off disc designed for professional and industrial applications. Engineered with durable carbon steel construction, measuring 7 inx1/8 inx5/8. Key Specifications include ArborSize: 1/8 in.",MILWAUKEE® 49-94-0039 Cut-Off Disc in Carbon Steel (7 inx1/8 inx5/8),"The MILWAUKEE® 49-94-0039 is a commercial-grade cut-off disc designed for professional and industrial applications. Engineered with durable carbon steel construction, measuring 7 inx1/8 inx5/8. Key Specifications include ArborSize: 1/8 in.",Constructed with high-grade Carbon Steel,Precision dimensions: 7 inx1/8 inx5/8,,,,,,,,,,,,,,,,,,,,,,,,MILWAUKEE® 49-94-0039 Cut-Off Disc in Carbon Steel (7 inx1/8 inx5/8),Dimensions,7 inx1/8 inx5/8,in,Material,Carbon Steel,,Item Type,Cut-Off Disc,,Arbor Size,1/8,in,,,,,,,,,,,,,,,,,,,,,,,,,,,,,,,,,,,,,,,,,,,,,,,,,,,,,,,,,,,,,,,,,,,,,,,,,,,,,,,,,,,,,,,,,,,,,,,,,,,,,,,,,,,,,,,,,,,,,,,,,,,,,,,,,,,,,,,,,,,,,,,,,1,EA,,,,,,,,,,,,,,,,,,,,,,,,,,,,,,,,,,,,,US,No,Yes
,,,,,,49-94-0043,,,,49-94-0043,49-94-0043,"49-94-0043 Milw 9""x3/32""x7/8"" Metal Cut Off Disc",MILWAUKEE®,MILWAUKEE®,MILWAUKEE®,MILWAUKEE,MILWAUKEE,MILWAUKEE®,MILWAUKEE®,49-94-0043,,,"MILWAUKEE®, Cut-Off Disc, 49-94-0043, 9 inx3/32 inx7/8 - Commercial Grade Cut-Of",CUT-OFF DISC 9 INX3/32 INX7/8 3/32 IN CS,"MILWAUKEE®, 49-94-0043, Cut-Off Disc, 9 inx3/32 inx7/8","The MILWAUKEE® 49-94-0043 is a commercial-grade cut-off disc designed for professional and industrial applications. Engineered with durable carbon steel construction, measuring 9 inx3/32 inx7/8. Key Specifications include ArborSize: 3/32 in.",MILWAUKEE® 49-94-0043 Cut-Off Disc in Carbon Steel (9 inx3/32 inx7/8),"The MILWAUKEE® 49-94-0043 is a commercial-grade cut-off disc designed for professional and industrial applications. Engineered with durable carbon steel construction, measuring 9 inx3/32 inx7/8. Key Specifications include ArborSize: 3/32 in.",Constructed with high-grade Carbon Steel,Precision dimensions: 9 inx3/32 inx7/8,,,,,,,,,,,,,,,,,,,,,,,,MILWAUKEE® 49-94-0043 Cut-Off Disc in Carbon Steel (9 inx3/32 inx7/8),Dimensions,9 inx3/32 inx7/8,in,Material,Carbon Steel,,Item Type,Cut-Off Disc,,Arbor Size,3/32,in,,,,,,,,,,,,,,,,,,,,,,,,,,,,,,,,,,,,,,,,,,,,,,,,,,,,,,,,,,,,,,,,,,,,,,,,,,,,,,,,,,,,,,,,,,,,,,,,,,,,,,,,,,,,,,,,,,,,,,,,,,,,,,,,,,,,,,,,,,,,,,,,,1,EA,,,,,,,,,,,,,,,,,,,,,,,,,,,,,,,,,,,,,US,No,Yes
,,,,,,49-94-0048,,,,49-94-0048,49-94-0048,"49-94-0048 Milw 12""x7/64""x1"" Metal Cut Off Disc General Purpose",MILWAUKEE®,MILWAUKEE®,MILWAUKEE®,MILWAUKEE,MILWAUKEE,MILWAUKEE®,MILWAUKEE®,49-94-0048,,,"MILWAUKEE®, Cut-Off Disc, 49-94-0048, 12 inx7/64 inx1 - Commercial Grade Cut-Off",CUT-OFF DISC 12 INX7/64 INX1 7/64 IN CS,"MILWAUKEE®, 49-94-0048, Cut-Off Disc, 12 inx7/64 inx1","The MILWAUKEE® 49-94-0048 is a commercial-grade cut-off disc designed for professional and industrial applications. Engineered with durable carbon steel construction, measuring 12 inx7/64 inx1. Key Specifications include ArborSize: 7/64 in.",MILWAUKEE® 49-94-0048 Cut-Off Disc in Carbon Steel (12 inx7/64 inx1),"The MILWAUKEE® 49-94-0048 is a commercial-grade cut-off disc designed for professional and industrial applications. Engineered with durable carbon steel construction, measuring 12 inx7/64 inx1. Key Specifications include ArborSize: 7/64 in.",Constructed with high-grade Carbon Steel,Precision dimensions: 12 inx7/64 inx1,,,,,,,,,,,,,,,,,,,,,,,,MILWAUKEE® 49-94-0048 Cut-Off Disc in Carbon Steel (12 inx7/64 inx1),Dimensions,12 inx7/64 inx1,in,Material,Carbon Steel,,Item Type,Cut-Off Disc,,Arbor Size,7/64,in,,,,,,,,,,,,,,,,,,,,,,,,,,,,,,,,,,,,,,,,,,,,,,,,,,,,,,,,,,,,,,,,,,,,,,,,,,,,,,,,,,,,,,,,,,,,,,,,,,,,,,,,,,,,,,,,,,,,,,,,,,,,,,,,,,,,,,,,,,,,,,,,,1,EA,,,,,,,,,,,,,,,,,,,,,,,,,,,,,,,,,,,,,US,No,Yes
,,,,,,49-94-0053,,,,49-94-0053,49-94-0053,"49-94-0053 Milw 12""x1/8""x1"" Metal Cut Off Disc",MILWAUKEE®,MILWAUKEE®,MILWAUKEE®,MILWAUKEE,MILWAUKEE,MILWAUKEE®,MILWAUKEE®,49-94-0053,,,"MILWAUKEE®, Cut-Off Disc, 49-94-0053, 12 inx1/8 inx1 - Commercial Grade Cut-Off",CUT-OFF DISC 12 INX1/8 INX1 1/8 IN CS,"MILWAUKEE®, 49-94-0053, Cut-Off Disc, 12 inx1/8 inx1","The MILWAUKEE® 49-94-0053 is a commercial-grade cut-off disc designed for professional and industrial applications. Engineered with durable carbon steel construction, measuring 12 inx1/8 inx1. Key Specifications include ArborSize: 1/8 in.",MILWAUKEE® 49-94-0053 Cut-Off Disc in Carbon Steel (12 inx1/8 inx1),"The MILWAUKEE® 49-94-0053 is a commercial-grade cut-off disc designed for professional and industrial applications. Engineered with durable carbon steel construction, measuring 12 inx1/8 inx1. Key Specifications include ArborSize: 1/8 in.",Constructed with high-grade Carbon Steel,Precision dimensions: 12 inx1/8 inx1,,,,,,,,,,,,,,,,,,,,,,,,MILWAUKEE® 49-94-0053 Cut-Off Disc in Carbon Steel (12 inx1/8 inx1),Dimensions,12 inx1/8 inx1,in,Material,Carbon Steel,,Item Type,Cut-Off Disc,,Arbor Size,1/8,in,,,,,,,,,,,,,,,,,,,,,,,,,,,,,,,,,,,,,,,,,,,,,,,,,,,,,,,,,,,,,,,,,,,,,,,,,,,,,,,,,,,,,,,,,,,,,,,,,,,,,,,,,,,,,,,,,,,,,,,,,,,,,,,,,,,,,,,,,,,,,,,,,1,EA,,,,,,,,,,,,,,,,,,,,,,,,,,,,,,,,,,,,,US,No,Yes
,,,,,,49-94-0058,,,,49-94-0058,49-94-0058,"49-94-0058 Milw 12""x1/8""x20mm Metal Cut Off Disc",MILWAUKEE®,MILWAUKEE®,MILWAUKEE®,MILWAUKEE,MILWAUKEE,MILWAUKEE®,MILWAUKEE®,49-94-0058,,,"MILWAUKEE®, Cut-Off Disc, 49-94-0058, 12 inx1/8 inx20 mm - Commercial Grade Cut-",CUT OFF DISC 12 INX1/8 INX20 MM 1/8 IN,"MILWAUKEE®, 49-94-0058, Cut-Off Disc, 12 inx1/8 inx20 mm","The MILWAUKEE® 49-94-0058 is a commercial-grade cut-off disc designed for professional and industrial applications. Engineered with durable carbon steel construction, measuring 12 inx1/8 inx20 mm. Key Specifications include ArborSize: 1/8 in.",MILWAUKEE® 49-94-0058 Cut-Off Disc in Carbon Steel (12 inx1/8 inx20 mm),"The MILWAUKEE® 49-94-0058 is a commercial-grade cut-off disc designed for professional and industrial applications. Engineered with durable carbon steel construction, measuring 12 inx1/8 inx20 mm. Key Specifications include ArborSize: 1/8 in.",Constructed with high-grade Carbon Steel,Precision dimensions: 12 inx1/8 inx20 mm,,,,,,,,,,,,,,,,,,,,,,,,MILWAUKEE® 49-94-0058 Cut-Off Disc in Carbon Steel (12 inx1/8 inx20 mm),Dimensions,12 inx1/8 inx20 mm,in,Material,Carbon Steel,,Item Type,Cut-Off Disc,,Arbor Size,1/8,in,,,,,,,,,,,,,,,,,,,,,,,,,,,,,,,,,,,,,,,,,,,,,,,,,,,,,,,,,,,,,,,,,,,,,,,,,,,,,,,,,,,,,,,,,,,,,,,,,,,,,,,,,,,,,,,,,,,,,,,,,,,,,,,,,,,,,,,,,,,,,,,,,1,EA,,,,,,,,,,,,,,,,,,,,,,,,,,,,,,,,,,,,,US,No,Yes
,,,,,,49-94-0063,,,,49-94-0063,49-94-0063,"49-94-0063 Milw 14""x7/64""x1"" Metal Cut Off Disc General Purpose",MILWAUKEE®,MILWAUKEE®,MILWAUKEE®,MILWAUKEE,MILWAUKEE,MILWAUKEE®,MILWAUKEE®,49-94-0063,,,"MILWAUKEE®, Cut-Off Disc, 49-94-0063, 14 inx7/64 inx1 - Commercial Grade Cut-Off",CUT-OFF DISC 14 INX7/64 INX1 7/64 IN CS,"MILWAUKEE®, 49-94-0063, Cut-Off Disc, 14 inx7/64 inx1","The MILWAUKEE® 49-94-0063 is a commercial-grade cut-off disc designed for professional and industrial applications. Engineered with durable carbon steel construction, measuring 14 inx7/64 inx1. Key Specifications include ArborSize: 7/64 in.",MILWAUKEE® 49-94-0063 Cut-Off Disc in Carbon Steel (14 inx7/64 inx1),"The MILWAUKEE® 49-94-0063 is a commercial-grade cut-off disc designed for professional and industrial applications. Engineered with durable carbon steel construction, measuring 14 inx7/64 inx1. Key Specifications include ArborSize: 7/64 in.",Constructed with high-grade Carbon Steel,Precision dimensions: 14 inx7/64 inx1,,,,,,,,,,,,,,,,,,,,,,,,MILWAUKEE® 49-94-0063 Cut-Off Disc in Carbon Steel (14 inx7/64 inx1),Dimensions,14 inx7/64 inx1,in,Material,Carbon Steel,,Item Type,Cut-Off Disc,,Arbor Size,7/64,in,,,,,,,,,,,,,,,,,,,,,,,,,,,,,,,,,,,,,,,,,,,,,,,,,,,,,,,,,,,,,,,,,,,,,,,,,,,,,,,,,,,,,,,,,,,,,,,,,,,,,,,,,,,,,,,,,,,,,,,,,,,,,,,,,,,,,,,,,,,,,,,,,1,EA,,,,,,,,,,,,,,,,,,,,,,,,,,,,,,,,,,,,,US,No,Yes
,,,,,,49-94-0068,,,,49-94-0068,49-94-0068,"49-94-0068 Milw 14""x1/8""x20mm Metal Cut Off Disc",MILWAUKEE®,MILWAUKEE®,MILWAUKEE®,MILWAUKEE,MILWAUKEE,MILWAUKEE®,MILWAUKEE®,49-94-0068,,,"MILWAUKEE®, Cut-Off Disc, 49-94-0068, 14 inx1/8 inx20 mm - Commercial Grade Cut-",CUT OFF DISC 14 INX1/8 INX20 MM 1/8 IN,"MILWAUKEE®, 49-94-0068, Cut-Off Disc, 14 inx1/8 inx20 mm","The MILWAUKEE® 49-94-0068 is a commercial-grade cut-off disc designed for professional and industrial applications. Engineered with durable carbon steel construction, measuring 14 inx1/8 inx20 mm. Key Specifications include ArborSize: 1/8 in.",MILWAUKEE® 49-94-0068 Cut-Off Disc in Carbon Steel (14 inx1/8 inx20 mm),"The MILWAUKEE® 49-94-0068 is a commercial-grade cut-off disc designed for professional and industrial applications. Engineered with durable carbon steel construction, measuring 14 inx1/8 inx20 mm. Key Specifications include ArborSize: 1/8 in.",Constructed with high-grade Carbon Steel,Precision dimensions: 14 inx1/8 inx20 mm,,,,,,,,,,,,,,,,,,,,,,,,MILWAUKEE® 49-94-0068 Cut-Off Disc in Carbon Steel (14 inx1/8 inx20 mm),Dimensions,14 inx1/8 inx20 mm,in,Material,Carbon Steel,,Item Type,Cut-Off Disc,,Arbor Size,1/8,in,,,,,,,,,,,,,,,,,,,,,,,,,,,,,,,,,,,,,,,,,,,,,,,,,,,,,,,,,,,,,,,,,,,,,,,,,,,,,,,,,,,,,,,,,,,,,,,,,,,,,,,,,,,,,,,,,,,,,,,,,,,,,,,,,,,,,,,,,,,,,,,,,1,EA,,,,,,,,,,,,,,,,,,,,,,,,,,,,,,,,,,,,,US,No,Yes
,,,,,,49-94-0073,,,,49-94-0073,49-94-0073,"49-94-0073 Milw 14""x1/8""x1"" Metal Cut Off Disc",MILWAUKEE®,MILWAUKEE®,MILWAUKEE®,MILWAUKEE,MILWAUKEE,MILWAUKEE®,MILWAUKEE®,49-94-0073,,,"MILWAUKEE®, Cut-Off Disc, 49-94-0073, 14 inx1/8 inx1 - Commercial Grade Cut-Off",CUT-OFF DISC 14 INX1/8 INX1 1/8 IN CS,"MILWAUKEE®, 49-94-0073, Cut-Off Disc, 14 inx1/8 inx1","The MILWAUKEE® 49-94-0073 is a commercial-grade cut-off disc designed for professional and industrial applications. Engineered with durable carbon steel construction, measuring 14 inx1/8 inx1. Key Specifications include ArborSize: 1/8 in.",MILWAUKEE® 49-94-0073 Cut-Off Disc in Carbon Steel (14 inx1/8 inx1),"The MILWAUKEE® 49-94-0073 is a commercial-grade cut-off disc designed for professional and industrial applications. Engineered with durable carbon steel construction, measuring 14 inx1/8 inx1. Key Specifications include ArborSize: 1/8 in.",Constructed with high-grade Carbon Steel,Precision dimensions: 14 inx1/8 inx1,,,,,,,,,,,,,,,,,,,,,,,,MILWAUKEE® 49-94-0073 Cut-Off Disc in Carbon Steel (14 inx1/8 inx1),Dimensions,14 inx1/8 inx1,in,Material,Carbon Steel,,Item Type,Cut-Off Disc,,Arbor Size,1/8,in,,,,,,,,,,,,,,,,,,,,,,,,,,,,,,,,,,,,,,,,,,,,,,,,,,,,,,,,,,,,,,,,,,,,,,,,,,,,,,,,,,,,,,,,,,,,,,,,,,,,,,,,,,,,,,,,,,,,,,,,,,,,,,,,,,,,,,,,,,,,,,,,,1,EA,,,,,,,,,,,,,,,,,,,,,,,,,,,,,,,,,,,,,US,No,Yes
,,,,,,49-94-0101,,,,49-94-0101,49-94-0101,"49-94-0101 Milw 4-1/2""x.045""x7/8"" Perform+ Metal Cut Off Disc 10pc",MILWAUKEE®,MILWAUKEE®,MILWAUKEE®,MILWAUKEE,MILWAUKEE,MILWAUKEE®,MILWAUKEE®,49-94-0101,,,"MILWAUKEE®, Cut-Off Disc, 49-94-0101, 1/2 in - Commercial Grade Cut-Off Disc",CUT-OFF DISC 1/2 IN 7/8 IN CS 10 PK,"MILWAUKEE®, 49-94-0101, Cut-Off Disc, 1/2 in","The MILWAUKEE® 49-94-0101 is a commercial-grade cut-off disc designed for professional and industrial applications. Engineered with durable carbon steel construction, measuring 1/2 in. Key Specifications include ArborSize: 7/8 in; PackQuantity: 10 PK.",MILWAUKEE® 49-94-0101 Cut-Off Disc in Carbon Steel (1/2 in),"The MILWAUKEE® 49-94-0101 is a commercial-grade cut-off disc designed for professional and industrial applications. Engineered with durable carbon steel construction, measuring 1/2 in. Key Specifications include ArborSize: 7/8 in; PackQuantity: 10 PK.",Constructed with high-grade Carbon Steel,Precision dimensions: 1/2 in,,,,,,,,,,,,,,,,,,,,,,,,MILWAUKEE® 49-94-0101 Cut-Off Disc in Carbon Steel (1/2 in),Dimensions,1/2,in,Material,Carbon Steel,,Item Type,Cut-Off Disc,,Arbor Size,7/8,in,PackQuantity,10 PK,,,,,,,,,,,,,,,,,,,,,,,,,,,,,,,,,,,,,,,,,,,,,,,,,,,,,,,,,,,,,,,,,,,,,,,,,,,,,,,,,,,,,,,,,,,,,,,,,,,,,,,,,,,,,,,,,,,,,,,,,,,,,,,,,,,,,,,,,,,,,,,1,EA,,,,,,,,,,,,,,,,,,,,,,,,,,,,,,,,,,,,,US,No,Yes
,,,,,,49-94-0107,,,,49-94-0107,49-94-0107,"49-94-0107 Milw 4-1/2""x.045""x7/8"" Performance+ Metal Cut Off Disc",MILWAUKEE®,MILWAUKEE®,MILWAUKEE®,MILWAUKEE,MILWAUKEE,MILWAUKEE®,MILWAUKEE®,49-94-0107,,,"MILWAUKEE®, Cut-Off Disc, 49-94-0107, 1/2 in - Commercial Grade Cut-Off Disc",CUT-OFF DISC 1/2 IN 7/8 IN CS,"MILWAUKEE®, 49-94-0107, Cut-Off Disc, 1/2 in","The MILWAUKEE® 49-94-0107 is a commercial-grade cut-off disc designed for professional and industrial applications. Engineered with durable carbon steel construction, measuring 1/2 in. Key Specifications include ArborSize: 7/8 in.",MILWAUKEE® 49-94-0107 Cut-Off Disc in Carbon Steel (1/2 in),"The MILWAUKEE® 49-94-0107 is a commercial-grade cut-off disc designed for professional and industrial applications. Engineered with durable carbon steel construction, measuring 1/2 in. Key Specifications include ArborSize: 7/8 in.",Constructed with high-grade Carbon Steel,Precision dimensions: 1/2 in,,,,,,,,,,,,,,,,,,,,,,,,MILWAUKEE® 49-94-0107 Cut-Off Disc in Carbon Steel (1/2 in),Dimensions,1/2,in,Material,Carbon Steel,,Item Type,Cut-Off Disc,,Arbor Size,7/8,in,,,,,,,,,,,,,,,,,,,,,,,,,,,,,,,,,,,,,,,,,,,,,,,,,,,,,,,,,,,,,,,,,,,,,,,,,,,,,,,,,,,,,,,,,,,,,,,,,,,,,,,,,,,,,,,,,,,,,,,,,,,,,,,,,,,,,,,,,,,,,,,,,1,EA,,,,,,,,,,,,,,,,,,,,,,,,,,,,,,,,,,,,,US,No,Yes
,,,,,,49-94-0117,,,,49-94-0117,49-94-0117,"49-94-0117 Milw 5""x.045""x7/8"" Performance+ Metal Cut Off Disc",MILWAUKEE®,MILWAUKEE®,MILWAUKEE®,MILWAUKEE,MILWAUKEE,MILWAUKEE®,MILWAUKEE®,49-94-0117,,,"MILWAUKEE®, Cut-Off Disc, 49-94-0117, 5 in - Commercial Grade Cut-Off Disc",CUT-OFF DISC 5 IN 7/8 IN CS,"MILWAUKEE®, 49-94-0117, Cut-Off Disc, 5 in","The MILWAUKEE® 49-94-0117 is a commercial-grade cut-off disc designed for professional and industrial applications. Engineered with durable carbon steel construction, measuring 5 in. Key Specifications include ArborSize: 7/8 in.",MILWAUKEE® 49-94-0117 Cut-Off Disc in Carbon Steel (5 in),"The MILWAUKEE® 49-94-0117 is a commercial-grade cut-off disc designed for professional and industrial applications. Engineered with durable carbon steel construction, measuring 5 in. Key Specifications include ArborSize: 7/8 in.",Constructed with high-grade Carbon Steel,Precision dimensions: 5 in,,,,,,,,,,,,,,,,,,,,,,,,MILWAUKEE® 49-94-0117 Cut-Off Disc in Carbon Steel (5 in),Dimensions,5,in,Material,Carbon Steel,,Item Type,Cut-Off Disc,,Arbor Size,7/8,in,,,,,,,,,,,,,,,,,,,,,,,,,,,,,,,,,,,,,,,,,,,,,,,,,,,,,,,,,,,,,,,,,,,,,,,,,,,,,,,,,,,,,,,,,,,,,,,,,,,,,,,,,,,,,,,,,,,,,,,,,,,,,,,,,,,,,,,,,,,,,,,,,1,EA,,,,,,,,,,,,,,,,,,,,,,,,,,,,,,,,,,,,,US,No,Yes
,,,,,,49-94-0123,,,,49-94-0123,49-94-0123,"49-94-0123 Milw 6""x.045""x7/8"" Performance+ Metal Cut Off Disc",MILWAUKEE®,MILWAUKEE®,MILWAUKEE®,MILWAUKEE,MILWAUKEE,MILWAUKEE®,MILWAUKEE®,49-94-0123,,,"MILWAUKEE®, Cut-Off Disc, 49-94-0123, 6 in - Commercial Grade Cut-Off Disc",CUT-OFF DISC 6 IN 7/8 IN CS,"MILWAUKEE®, 49-94-0123, Cut-Off Disc, 6 in","The MILWAUKEE® 49-94-0123 is a commercial-grade cut-off disc designed for professional and industrial applications. Engineered with durable carbon steel construction, measuring 6 in. Key Specifications include ArborSize: 7/8 in.",MILWAUKEE® 49-94-0123 Cut-Off Disc in Carbon Steel (6 in),"The MILWAUKEE® 49-94-0123 is a commercial-grade cut-off disc designed for professional and industrial applications. Engineered with durable carbon steel construction, measuring 6 in. Key Specifications include ArborSize: 7/8 in.",Constructed with high-grade Carbon Steel,Precision dimensions: 6 in,,,,,,,,,,,,,,,,,,,,,,,,MILWAUKEE® 49-94-0123 Cut-Off Disc in Carbon Steel (6 in),Dimensions,6,in,Material,Carbon Steel,,Item Type,Cut-Off Disc,,Arbor Size,7/8,in,,,,,,,,,,,,,,,,,,,,,,,,,,,,,,,,,,,,,,,,,,,,,,,,,,,,,,,,,,,,,,,,,,,,,,,,,,,,,,,,,,,,,,,,,,,,,,,,,,,,,,,,,,,,,,,,,,,,,,,,,,,,,,,,,,,,,,,,,,,,,,,,,1,EA,,,,,,,,,,,,,,,,,,,,,,,,,,,,,,,,,,,,,US,No,Yes
,,,,,,49-94-0023,,,,49-94-0023,49-94-0023,"49-94-0023 Milw 6""x.045""x7/8"" Metal Cut Off Disc",MILWAUKEE®,MILWAUKEE®,MILWAUKEE®,MILWAUKEE,MILWAUKEE,MILWAUKEE®,MILWAUKEE®,49-94-0023,,,"MILWAUKEE®, Cut-Off Disc, 49-94-0023, 6 in - Commercial Grade Cut-Off Disc",CUT-OFF DISC 6 IN 7/8 IN CS,"MILWAUKEE®, 49-94-0023, Cut-Off Disc, 6 in","The MILWAUKEE® 49-94-0023 is a commercial-grade cut-off disc designed for professional and industrial applications. Engineered with durable carbon steel construction, measuring 6 in. Key Specifications include ArborSize: 7/8 in.",MILWAUKEE® 49-94-0023 Cut-Off Disc in Carbon Steel (6 in),"The MILWAUKEE® 49-94-0023 is a commercial-grade cut-off disc designed for professional and industrial applications. Engineered with durable carbon steel construction, measuring 6 in. Key Specifications include ArborSize: 7/8 in.",Constructed with high-grade Carbon Steel,Precision dimensions: 6 in,,,,,,,,,,,,,,,,,,,,,,,,MILWAUKEE® 49-94-0023 Cut-Off Disc in Carbon Steel (6 in),Dimensions,6,in,Material,Carbon Steel,,Item Type,Cut-Off Disc,,Arbor Size,7/8,in,,,,,,,,,,,,,,,,,,,,,,,,,,,,,,,,,,,,,,,,,,,,,,,,,,,,,,,,,,,,,,,,,,,,,,,,,,,,,,,,,,,,,,,,,,,,,,,,,,,,,,,,,,,,,,,,,,,,,,,,,,,,,,,,,,,,,,,,,,,,,,,,,1,EA,,,,,,,,,,,,,,,,,,,,,,,,,,,,,,,,,,,,,US,No,Yes
,,,,,,49-94-0121,,,,49-94-0121,49-94-0121,"49-94-0121 Milw 6""x.045""x7/8"" Performance+ Metal Cut Off Disc 10pc",MILWAUKEE®,MILWAUKEE®,MILWAUKEE®,MILWAUKEE,MILWAUKEE,MILWAUKEE®,MILWAUKEE®,49-94-0121,,,"MILWAUKEE®, Cut-Off Disc, 49-94-0121, 6 in - Commercial Grade Cut-Off Disc",CUT-OFF DISC 6 IN 7/8 IN CS 10 PK,"MILWAUKEE®, 49-94-0121, Cut-Off Disc, 6 in","The MILWAUKEE® 49-94-0121 is a commercial-grade cut-off disc designed for professional and industrial applications. Engineered with durable carbon steel construction, measuring 6 in. Key Specifications include ArborSize: 7/8 in; PackQuantity: 10 PK.",MILWAUKEE® 49-94-0121 Cut-Off Disc in Carbon Steel (6 in),"The MILWAUKEE® 49-94-0121 is a commercial-grade cut-off disc designed for professional and industrial applications. Engineered with durable carbon steel construction, measuring 6 in. Key Specifications include ArborSize: 7/8 in; PackQuantity: 10 PK.",Constructed with high-grade Carbon Steel,Precision dimensions: 6 in,,,,,,,,,,,,,,,,,,,,,,,,MILWAUKEE® 49-94-0121 Cut-Off Disc in Carbon Steel (6 in),Dimensions,6,in,Material,Carbon Steel,,Item Type,Cut-Off Disc,,Arbor Size,7/8,in,PackQuantity,10 PK,,,,,,,,,,,,,,,,,,,,,,,,,,,,,,,,,,,,,,,,,,,,,,,,,,,,,,,,,,,,,,,,,,,,,,,,,,,,,,,,,,,,,,,,,,,,,,,,,,,,,,,,,,,,,,,,,,,,,,,,,,,,,,,,,,,,,,,,,,,,,,,1,EA,,,,,,,,,,,,,,,,,,,,,,,,,,,,,,,,,,,,,US,No,Yes
,,,,,,49-94-0127,,,,49-94-0127,49-94-0127,"49-94-0127 Milw 6""x.045""x7/8"" Performance+Metal Cut Off Disc",MILWAUKEE®,MILWAUKEE®,MILWAUKEE®,MILWAUKEE,MILWAUKEE,MILWAUKEE®,MILWAUKEE®,49-94-0127,,,"MILWAUKEE®, Cut-Off Disc, 49-94-0127, 6 in - Commercial Grade Cut-Off Disc",CUT-OFF DISC 6 IN 7/8 IN CS,"MILWAUKEE®, 49-94-0127, Cut-Off Disc, 6 in","The MILWAUKEE® 49-94-0127 is a commercial-grade cut-off disc designed for professional and industrial applications. Engineered with durable carbon steel construction, measuring 6 in. Key Specifications include ArborSize: 7/8 in.",MILWAUKEE® 49-94-0127 Cut-Off Disc in Carbon Steel (6 in),"The MILWAUKEE® 49-94-0127 is a commercial-grade cut-off disc designed for professional and industrial applications. Engineered with durable carbon steel construction, measuring 6 in. Key Specifications include ArborSize: 7/8 in.",Constructed with high-grade Carbon Steel,Precision dimensions: 6 in,,,,,,,,,,,,,,,,,,,,,,,,MILWAUKEE® 49-94-0127 Cut-Off Disc in Carbon Steel (6 in),Dimensions,6,in,Material,Carbon Steel,,Item Type,Cut-Off Disc,,Arbor Size,7/8,in,,,,,,,,,,,,,,,,,,,,,,,,,,,,,,,,,,,,,,,,,,,,,,,,,,,,,,,,,,,,,,,,,,,,,,,,,,,,,,,,,,,,,,,,,,,,,,,,,,,,,,,,,,,,,,,,,,,,,,,,,,,,,,,,,,,,,,,,,,,,,,,,,1,EA,,,,,,,,,,,,,,,,,,,,,,,,,,,,,,,,,,,,,US,No,Yes
,,,,,,49-94-0137,,,,49-94-0137,49-94-0137,"49-94-0137 Milw 7""x3/32""x7/8"" Performance+ Metal Cut Off Disc",MILWAUKEE®,MILWAUKEE®,MILWAUKEE®,MILWAUKEE,MILWAUKEE,MILWAUKEE®,MILWAUKEE®,49-94-0137,,,"MILWAUKEE®, Cut-Off Disc, 49-94-0137, 7 inx3/32 inx7/8 - Commercial Grade Cut-Of",CUT-OFF DISC 7 INX3/32 INX7/8 3/32 IN CS,"MILWAUKEE®, 49-94-0137, Cut-Off Disc, 7 inx3/32 inx7/8","The MILWAUKEE® 49-94-0137 is a commercial-grade cut-off disc designed for professional and industrial applications. Engineered with durable carbon steel construction, measuring 7 inx3/32 inx7/8. Key Specifications include ArborSize: 3/32 in.",MILWAUKEE® 49-94-0137 Cut-Off Disc in Carbon Steel (7 inx3/32 inx7/8),"The MILWAUKEE® 49-94-0137 is a commercial-grade cut-off disc designed for professional and industrial applications. Engineered with durable carbon steel construction, measuring 7 inx3/32 inx7/8. Key Specifications include ArborSize: 3/32 in.",Constructed with high-grade Carbon Steel,Precision dimensions: 7 inx3/32 inx7/8,,,,,,,,,,,,,,,,,,,,,,,,MILWAUKEE® 49-94-0137 Cut-Off Disc in Carbon Steel (7 inx3/32 inx7/8),Dimensions,7 inx3/32 inx7/8,in,Material,Carbon Steel,,Item Type,Cut-Off Disc,,Arbor Size,3/32,in,,,,,,,,,,,,,,,,,,,,,,,,,,,,,,,,,,,,,,,,,,,,,,,,,,,,,,,,,,,,,,,,,,,,,,,,,,,,,,,,,,,,,,,,,,,,,,,,,,,,,,,,,,,,,,,,,,,,,,,,,,,,,,,,,,,,,,,,,,,,,,,,,1,EA,,,,,,,,,,,,,,,,,,,,,,,,,,,,,,,,,,,,,US,No,Yes
,,,,,,49-94-0160,,,,49-94-0160,49-94-0160,"49-94-0160 Milw 14""x7/64""x1"" Performance+ Metal Cut Off Disc",MILWAUKEE®,MILWAUKEE®,MILWAUKEE®,MILWAUKEE,MILWAUKEE,MILWAUKEE®,MILWAUKEE®,49-94-0160,,,"MILWAUKEE®, Cut-Off Disc, 49-94-0160, 14 inx7/64 inx1 - Commercial Grade Cut-Off",CUT-OFF DISC 14 INX7/64 INX1 7/64 IN CS,"MILWAUKEE®, 49-94-0160, Cut-Off Disc, 14 inx7/64 inx1","The MILWAUKEE® 49-94-0160 is a commercial-grade cut-off disc designed for professional and industrial applications. Engineered with durable carbon steel construction, measuring 14 inx7/64 inx1. Key Specifications include ArborSize: 7/64 in.",MILWAUKEE® 49-94-0160 Cut-Off Disc in Carbon Steel (14 inx7/64 inx1),"The MILWAUKEE® 49-94-0160 is a commercial-grade cut-off disc designed for professional and industrial applications. Engineered with durable carbon steel construction, measuring 14 inx7/64 inx1. Key Specifications include ArborSize: 7/64 in.",Constructed with high-grade Carbon Steel,Precision dimensions: 14 inx7/64 inx1,,,,,,,,,,,,,,,,,,,,,,,,MILWAUKEE® 49-94-0160 Cut-Off Disc in Carbon Steel (14 inx7/64 inx1),Dimensions,14 inx7/64 inx1,in,Material,Carbon Steel,,Item Type,Cut-Off Disc,,Arbor Size,7/64,in,,,,,,,,,,,,,,,,,,,,,,,,,,,,,,,,,,,,,,,,,,,,,,,,,,,,,,,,,,,,,,,,,,,,,,,,,,,,,,,,,,,,,,,,,,,,,,,,,,,,,,,,,,,,,,,,,,,,,,,,,,,,,,,,,,,,,,,,,,,,,,,,,1,EA,,,,,,,,,,,,,,,,,,,,,,,,,,,,,,,,,,,,,US,No,Yes
,,,,,,49-94-0223,,,,49-94-0223,49-94-0223,"49-94-0223 Milw 6""x.045""x7/8"" Ceramic+ Metal Cut Off Disc",MILWAUKEE®,MILWAUKEE®,MILWAUKEE®,MILWAUKEE,MILWAUKEE,MILWAUKEE®,MILWAUKEE®,49-94-0223,,,"MILWAUKEE®, Cut-Off Disc, 49-94-0223, 6 in - Commercial Grade Cut-Off Disc",CUT-OFF DISC 6 IN 7/8 IN CS,"MILWAUKEE®, 49-94-0223, Cut-Off Disc, 6 in","The MILWAUKEE® 49-94-0223 is a commercial-grade cut-off disc designed for professional and industrial applications. Engineered with durable carbon steel construction, measuring 6 in. Key Specifications include ArborSize: 7/8 in.",MILWAUKEE® 49-94-0223 Cut-Off Disc in Carbon Steel (6 in),"The MILWAUKEE® 49-94-0223 is a commercial-grade cut-off disc designed for professional and industrial applications. Engineered with durable carbon steel construction, measuring 6 in. Key Specifications include ArborSize: 7/8 in.",Constructed with high-grade Carbon Steel,Precision dimensions: 6 in,,,,,,,,,,,,,,,,,,,,,,,,MILWAUKEE® 49-94-0223 Cut-Off Disc in Carbon Steel (6 in),Dimensions,6,in,Material,Carbon Steel,,Item Type,Cut-Off Disc,,Arbor Size,7/8,in,,,,,,,,,,,,,,,,,,,,,,,,,,,,,,,,,,,,,,,,,,,,,,,,,,,,,,,,,,,,,,,,,,,,,,,,,,,,,,,,,,,,,,,,,,,,,,,,,,,,,,,,,,,,,,,,,,,,,,,,,,,,,,,,,,,,,,,,,,,,,,,,,1,EA,,,,,,,,,,,,,,,,,,,,,,,,,,,,,,,,,,,,,US,No,Yes
,,,,,,49-94-0445,,,,49-94-0445,49-94-0445,"49-94-0445 Milw 10""x3/32""x5/8"" Performance+ Metal Cut Off Disc",MILWAUKEE®,MILWAUKEE®,MILWAUKEE®,MILWAUKEE,MILWAUKEE,MILWAUKEE®,MILWAUKEE®,49-94-0445,,,"MILWAUKEE®, Cut-Off Disc, 49-94-0445, 10 inx3/32 inx5/8 - Commercial Grade Cut-O",CUT OFF DISC 10 INX3/32 INX5/8 3/32 IN,"MILWAUKEE®, 49-94-0445, Cut-Off Disc, 10 inx3/32 inx5/8","The MILWAUKEE® 49-94-0445 is a commercial-grade cut-off disc designed for professional and industrial applications. Engineered with durable carbon steel construction, measuring 10 inx3/32 inx5/8. Key Specifications include ArborSize: 3/32 in.",MILWAUKEE® 49-94-0445 Cut-Off Disc in Carbon Steel (10 inx3/32 inx5/8),"The MILWAUKEE® 49-94-0445 is a commercial-grade cut-off disc designed for professional and industrial applications. Engineered with durable carbon steel construction, measuring 10 inx3/32 inx5/8. Key Specifications include ArborSize: 3/32 in.",Constructed with high-grade Carbon Steel,Precision dimensions: 10 inx3/32 inx5/8,,,,,,,,,,,,,,,,,,,,,,,,MILWAUKEE® 49-94-0445 Cut-Off Disc in Carbon Steel (10 inx3/32 inx5/8),Dimensions,10 inx3/32 inx5/8,in,Material,Carbon Steel,,Item Type,Cut-Off Disc,,Arbor Size,3/32,in,,,,,,,,,,,,,,,,,,,,,,,,,,,,,,,,,,,,,,,,,,,,,,,,,,,,,,,,,,,,,,,,,,,,,,,,,,,,,,,,,,,,,,,,,,,,,,,,,,,,,,,,,,,,,,,,,,,,,,,,,,,,,,,,,,,,,,,,,,,,,,,,,1,EA,,,,,,,,,,,,,,,,,,,,,,,,,,,,,,,,,,,,,US,No,Yes
,,,,,,49-94-0803,,,,49-94-0803,49-94-0803,"49-94-0803 Milw 4-1/2""x1/8""x7/8"" Dual Metal Cut and Grind Disc",MILWAUKEE®,MILWAUKEE®,MILWAUKEE®,MILWAUKEE,MILWAUKEE,MILWAUKEE®,MILWAUKEE®,49-94-0803,,,"MILWAUKEE®, Commercial Product, 49-94-0803, 1/2 inx1/8 inx7/8",COMMERCIAL PRODUCT CS 1/2 INX1/8 INX7/8,"MILWAUKEE®, 49-94-0803, Commercial Product, 1/2 inx1/8 inx7/8","The MILWAUKEE® 49-94-0803 is a commercial-grade commercial product designed for professional and industrial applications. Engineered with durable carbon steel construction, measuring 1/2 inx1/8 inx7/8. Key Specifications include ArborSize: 1/8 in.",MILWAUKEE® 49-94-0803 Commercial Product in Carbon Steel (1/2 inx1/8 inx7/8),"The MILWAUKEE® 49-94-0803 is a commercial-grade commercial product designed for professional and industrial applications. Engineered with durable carbon steel construction, measuring 1/2 inx1/8 inx7/8. Key Specifications include ArborSize: 1/8 in.",Constructed with high-grade Carbon Steel,Precision dimensions: 1/2 inx1/8 inx7/8,,,,,,,,,,,,,,,,,,,,,,,,MILWAUKEE® 49-94-0803 Commercial Product in Carbon Steel (1/2 inx1/8 inx7/8),Dimensions,1/2 inx1/8 inx7/8,in,Material,Carbon Steel,,Arbor Size,1/8,in,,,,,,,,,,,,,,,,,,,,,,,,,,,,,,,,,,,,,,,,,,,,,,,,,,,,,,,,,,,,,,,,,,,,,,,,,,,,,,,,,,,,,,,,,,,,,,,,,,,,,,,,,,,,,,,,,,,,,,,,,,,,,,,,,,,,,,,,,,,,,,,,,,,,1,EA,,,,,,,,,,,,,,,,,,,,,,,,,,,,,,,,,,,,,US,No,Yes
,,,,,,49-94-0903,,,,49-94-0903,49-94-0903,"49-94-0903 Milw 4-1/2""x1/8""x7/8""Perform+Dual Metal Cut and Grind Disc",MILWAUKEE®,MILWAUKEE®,MILWAUKEE®,MILWAUKEE,MILWAUKEE,MILWAUKEE®,MILWAUKEE®,49-94-0903,,,"MILWAUKEE®, Commercial Product, 49-94-0903, 1/2 inx1/8 inx7/8 in",COMM PRODUCT CS 1/2 INX1/8 INX7/8 IN,"MILWAUKEE®, 49-94-0903, Commercial Product, 1/2 inx1/8 inx7/8 in","The MILWAUKEE® 49-94-0903 is a commercial-grade commercial product designed for professional and industrial applications. Engineered with durable carbon steel construction, measuring 1/2 inx1/8 inx7/8 in. Key Specifications include ArborSize: 1/8 in.",MILWAUKEE® 49-94-0903 Commercial Product in Carbon Steel (1/2 inx1/8 inx7/8 in),"The MILWAUKEE® 49-94-0903 is a commercial-grade commercial product designed for professional and industrial applications. Engineered with durable carbon steel construction, measuring 1/2 inx1/8 inx7/8 in. Key Specifications include ArborSize: 1/8 in.",Constructed with high-grade Carbon Steel,Precision dimensions: 1/2 inx1/8 inx7/8 in,,,,,,,,,,,,,,,,,,,,,,,,MILWAUKEE® 49-94-0903 Commercial Product in Carbon Steel (1/2 inx1/8 inx7/8 in),Dimensions,1/2 inx1/8 inx7/8,in,Material,Carbon Steel,,Arbor Size,1/8,in,,,,,,,,,,,,,,,,,,,,,,,,,,,,,,,,,,,,,,,,,,,,,,,,,,,,,,,,,,,,,,,,,,,,,,,,,,,,,,,,,,,,,,,,,,,,,,,,,,,,,,,,,,,,,,,,,,,,,,,,,,,,,,,,,,,,,,,,,,,,,,,,,,,,1,EA,,,,,,,,,,,,,,,,,,,,,,,,,,,,,,,,,,,,,US,No,Yes
,,,,,,49-94-0907,,,,49-94-0907,49-94-0907,"49-94-0907 Milw 4-1/2""x1/8""x5/8-11""Perform+Dual Metal Cut n Grind Disc",MILWAUKEE®,MILWAUKEE®,MILWAUKEE®,MILWAUKEE,MILWAUKEE,MILWAUKEE®,MILWAUKEE®,49-94-0907,,,"MILWAUKEE®, Commercial Product, 49-94-0907, 1/2 inx1/8 inx5/8",COMMERCIAL PRODUCT CS 1/2 INX1/8 INX5/8,"MILWAUKEE®, 49-94-0907, Commercial Product, 1/2 inx1/8 inx5/8","The MILWAUKEE® 49-94-0907 is a commercial-grade commercial product designed for professional and industrial applications. Engineered with durable carbon steel construction, measuring 1/2 inx1/8 inx5/8. Key Specifications include ArborSize: 1/8 in.",MILWAUKEE® 49-94-0907 Commercial Product in Carbon Steel (1/2 inx1/8 inx5/8),"The MILWAUKEE® 49-94-0907 is a commercial-grade commercial product designed for professional and industrial applications. Engineered with durable carbon steel construction, measuring 1/2 inx1/8 inx5/8. Key Specifications include ArborSize: 1/8 in.",Constructed with high-grade Carbon Steel,Precision dimensions: 1/2 inx1/8 inx5/8,,,,,,,,,,,,,,,,,,,,,,,,MILWAUKEE® 49-94-0907 Commercial Product in Carbon Steel (1/2 inx1/8 inx5/8),Dimensions,1/2 inx1/8 inx5/8,in,Material,Carbon Steel,,Arbor Size,1/8,in,,,,,,,,,,,,,,,,,,,,,,,,,,,,,,,,,,,,,,,,,,,,,,,,,,,,,,,,,,,,,,,,,,,,,,,,,,,,,,,,,,,,,,,,,,,,,,,,,,,,,,,,,,,,,,,,,,,,,,,,,,,,,,,,,,,,,,,,,,,,,,,,,,,,1,EA,,,,,,,,,,,,,,,,,,,,,,,,,,,,,,,,,,,,,US,No,Yes
,,,,,,49-94-0923,,,,49-94-0923,49-94-0923,"49-94-0923 Milw 6""x1/8""x7/8"" Perform+Dual Metal Cut and Grind Disc",MILWAUKEE®,MILWAUKEE®,MILWAUKEE®,MILWAUKEE,MILWAUKEE,MILWAUKEE®,MILWAUKEE®,49-94-0923,,,"MILWAUKEE®, Commercial Product, 49-94-0923, 6 inx1/8 inx7/8 - Commercial Grade C",COMMERCIAL PRODUCT CS 6 INX1/8 INX7/8,"MILWAUKEE®, 49-94-0923, Commercial Product, 6 inx1/8 inx7/8","The MILWAUKEE® 49-94-0923 is a commercial-grade commercial product designed for professional and industrial applications. Engineered with durable carbon steel construction, measuring 6 inx1/8 inx7/8. Key Specifications include ArborSize: 1/8 in.",MILWAUKEE® 49-94-0923 Commercial Product in Carbon Steel (6 inx1/8 inx7/8),"The MILWAUKEE® 49-94-0923 is a commercial-grade commercial product designed for professional and industrial applications. Engineered with durable carbon steel construction, measuring 6 inx1/8 inx7/8. Key Specifications include ArborSize: 1/8 in.",Constructed with high-grade Carbon Steel,Precision dimensions: 6 inx1/8 inx7/8,,,,,,,,,,,,,,,,,,,,,,,,MILWAUKEE® 49-94-0923 Commercial Product in Carbon Steel (6 inx1/8 inx7/8),Dimensions,6 inx1/8 inx7/8,in,Material,Carbon Steel,,Arbor Size,1/8,in,,,,,,,,,,,,,,,,,,,,,,,,,,,,,,,,,,,,,,,,,,,,,,,,,,,,,,,,,,,,,,,,,,,,,,,,,,,,,,,,,,,,,,,,,,,,,,,,,,,,,,,,,,,,,,,,,,,,,,,,,,,,,,,,,,,,,,,,,,,,,,,,,,,,1,EA,,,,,,,,,,,,,,,,,,,,,,,,,,,,,,,,,,,,,US,No,Yes
,,,,,,49-94-1900,,,,49-94-1900,49-94-1900,"49-94-1900 Milw 4""x1/8""x5/8"" Masonry Cut Off Disc",MILWAUKEE®,MILWAUKEE®,MILWAUKEE®,MILWAUKEE,MILWAUKEE,MILWAUKEE®,MILWAUKEE®,49-94-1900,,,"MILWAUKEE®, Cut-Off Disc, 49-94-1900, 4 inx1/8 inx5/8 - Commercial Grade Cut-Off",CUT-OFF DISC 4 INX1/8 INX5/8 1/8 IN,"MILWAUKEE®, 49-94-1900, Cut-Off Disc, 4 inx1/8 inx5/8",The MILWAUKEE® 49-94-1900 is a commercial-grade cut-off disc designed for professional and industrial applications. Engineered with measuring 4 inx1/8 inx5/8. Key Specifications include ArborSize: 1/8 in.,MILWAUKEE® 49-94-1900 Cut-Off Disc (4 inx1/8 inx5/8),The MILWAUKEE® 49-94-1900 is a commercial-grade cut-off disc designed for professional and industrial applications. Engineered with measuring 4 inx1/8 inx5/8. Key Specifications include ArborSize: 1/8 in.,Precision dimensions: 4 inx1/8 inx5/8,,,,,,,,,,,,,,,,,,,,,,,,,MILWAUKEE® 49-94-1900 Cut-Off Disc (4 inx1/8 inx5/8),Dimensions,4 inx1/8 inx5/8,in,Item Type,Cut-Off Disc,,Arbor Size,1/8,in,,,,,,,,,,,,,,,,,,,,,,,,,,,,,,,,,,,,,,,,,,,,,,,,,,,,,,,,,,,,,,,,,,,,,,,,,,,,,,,,,,,,,,,,,,,,,,,,,,,,,,,,,,,,,,,,,,,,,,,,,,,,,,,,,,,,,,,,,,,,,,,,,,,,1,EA,,,,,,,,,,,,,,,,,,,,,,,,,,,,,,,,,,,,,US,No,Yes
,,,,,,49-94-1905,,,,49-94-1905,49-94-1905,"49-94-1905 Milw 4-1/2""x1/8""x7/8"" Masonry Cut Off Disc",MILWAUKEE®,MILWAUKEE®,MILWAUKEE®,MILWAUKEE,MILWAUKEE,MILWAUKEE®,MILWAUKEE®,49-94-1905,,,"MILWAUKEE®, Cut-Off Disc, 49-94-1905, 1/2 inx1/8 inx7/8 - Commercial Grade Cut-O",CUT-OFF DISC 1/2 INX1/8 INX7/8 1/8 IN,"MILWAUKEE®, 49-94-1905, Cut-Off Disc, 1/2 inx1/8 inx7/8",The MILWAUKEE® 49-94-1905 is a commercial-grade cut-off disc designed for professional and industrial applications. Engineered with measuring 1/2 inx1/8 inx7/8. Key Specifications include ArborSize: 1/8 in.,MILWAUKEE® 49-94-1905 Cut-Off Disc (1/2 inx1/8 inx7/8),The MILWAUKEE® 49-94-1905 is a commercial-grade cut-off disc designed for professional and industrial applications. Engineered with measuring 1/2 inx1/8 inx7/8. Key Specifications include ArborSize: 1/8 in.,Precision dimensions: 1/2 inx1/8 inx7/8,,,,,,,,,,,,,,,,,,,,,,,,,MILWAUKEE® 49-94-1905 Cut-Off Disc (1/2 inx1/8 inx7/8),Dimensions,1/2 inx1/8 inx7/8,in,Item Type,Cut-Off Disc,,Arbor Size,1/8,in,,,,,,,,,,,,,,,,,,,,,,,,,,,,,,,,,,,,,,,,,,,,,,,,,,,,,,,,,,,,,,,,,,,,,,,,,,,,,,,,,,,,,,,,,,,,,,,,,,,,,,,,,,,,,,,,,,,,,,,,,,,,,,,,,,,,,,,,,,,,,,,,,,,,1,EA,,,,,,,,,,,,,,,,,,,,,,,,,,,,,,,,,,,,,US,No,Yes
,,,,,,49-94-1915,,,,49-94-1915,49-94-1915,"49-94-1915 Milw 6-1/2""x1/8""x5/8"" DKO Masonry Cut Off Disc",MILWAUKEE®,MILWAUKEE®,MILWAUKEE®,MILWAUKEE,MILWAUKEE,MILWAUKEE®,MILWAUKEE®,49-94-1915,,,"MILWAUKEE®, Cut-Off Disc, 49-94-1915, 1/2 inx1/8 inx5/8 - Commercial Grade Cut-O",CUT-OFF DISC 1/2 INX1/8 INX5/8 1/8 IN,"MILWAUKEE®, 49-94-1915, Cut-Off Disc, 1/2 inx1/8 inx5/8",The MILWAUKEE® 49-94-1915 is a commercial-grade cut-off disc designed for professional and industrial applications. Engineered with measuring 1/2 inx1/8 inx5/8. Key Specifications include ArborSize: 1/8 in.,MILWAUKEE® 49-94-1915 Cut-Off Disc (1/2 inx1/8 inx5/8),The MILWAUKEE® 49-94-1915 is a commercial-grade cut-off disc designed for professional and industrial applications. Engineered with measuring 1/2 inx1/8 inx5/8. Key Specifications include ArborSize: 1/8 in.,Precision dimensions: 1/2 inx1/8 inx5/8,,,,,,,,,,,,,,,,,,,,,,,,,MILWAUKEE® 49-94-1915 Cut-Off Disc (1/2 inx1/8 inx5/8),Dimensions,1/2 inx1/8 inx5/8,in,Item Type,Cut-Off Disc,,Arbor Size,1/8,in,,,,,,,,,,,,,,,,,,,,,,,,,,,,,,,,,,,,,,,,,,,,,,,,,,,,,,,,,,,,,,,,,,,,,,,,,,,,,,,,,,,,,,,,,,,,,,,,,,,,,,,,,,,,,,,,,,,,,,,,,,,,,,,,,,,,,,,,,,,,,,,,,,,,1,EA,,,,,,,,,,,,,,,,,,,,,,,,,,,,,,,,,,,,,US,No,Yes
,,,,,,49-94-1920,,,,49-94-1920,49-94-1920,"49-94-1920 Milw 7""x1/8""x5/8"" DKO Masonry Cut Off Disc",MILWAUKEE®,MILWAUKEE®,MILWAUKEE®,MILWAUKEE,MILWAUKEE,MILWAUKEE®,MILWAUKEE®,49-94-1920,,,"MILWAUKEE®, Cut-Off Disc, 49-94-1920, 7 inx1/8 inx5/8 - Commercial Grade Cut-Off",CUT-OFF DISC 7 INX1/8 INX5/8 1/8 IN,"MILWAUKEE®, 49-94-1920, Cut-Off Disc, 7 inx1/8 inx5/8",The MILWAUKEE® 49-94-1920 is a commercial-grade cut-off disc designed for professional and industrial applications. Engineered with measuring 7 inx1/8 inx5/8. Key Specifications include ArborSize: 1/8 in.,MILWAUKEE® 49-94-1920 Cut-Off Disc (7 inx1/8 inx5/8),The MILWAUKEE® 49-94-1920 is a commercial-grade cut-off disc designed for professional and industrial applications. Engineered with measuring 7 inx1/8 inx5/8. Key Specifications include ArborSize: 1/8 in.,Precision dimensions: 7 inx1/8 inx5/8,,,,,,,,,,,,,,,,,,,,,,,,,MILWAUKEE® 49-94-1920 Cut-Off Disc (7 inx1/8 inx5/8),Dimensions,7 inx1/8 inx5/8,in,Item Type,Cut-Off Disc,,Arbor Size,1/8,in,,,,,,,,,,,,,,,,,,,,,,,,,,,,,,,,,,,,,,,,,,,,,,,,,,,,,,,,,,,,,,,,,,,,,,,,,,,,,,,,,,,,,,,,,,,,,,,,,,,,,,,,,,,,,,,,,,,,,,,,,,,,,,,,,,,,,,,,,,,,,,,,,,,,1,EA,,,,,,,,,,,,,,,,,,,,,,,,,,,,,,,,,,,,,US,No,Yes
,,,,,,49-94-1925,,,,49-94-1925,49-94-1925,"49-94-1925 Milw 10""x1/8""x5/8"" Masonry Cut Off Disc",MILWAUKEE®,MILWAUKEE®,MILWAUKEE®,MILWAUKEE,MILWAUKEE,MILWAUKEE®,MILWAUKEE®,49-94-1925,,,"MILWAUKEE®, Cut-Off Disc, 49-94-1925, 10 inx1/8 inx5/8 - Commercial Grade Cut-Of",CUT-OFF DISC 10 INX1/8 INX5/8 1/8 IN,"MILWAUKEE®, 49-94-1925, Cut-Off Disc, 10 inx1/8 inx5/8",The MILWAUKEE® 49-94-1925 is a commercial-grade cut-off disc designed for professional and industrial applications. Engineered with measuring 10 inx1/8 inx5/8. Key Specifications include ArborSize: 1/8 in.,MILWAUKEE® 49-94-1925 Cut-Off Disc (10 inx1/8 inx5/8),The MILWAUKEE® 49-94-1925 is a commercial-grade cut-off disc designed for professional and industrial applications. Engineered with measuring 10 inx1/8 inx5/8. Key Specifications include ArborSize: 1/8 in.,Precision dimensions: 10 inx1/8 inx5/8,,,,,,,,,,,,,,,,,,,,,,,,,MILWAUKEE® 49-94-1925 Cut-Off Disc (10 inx1/8 inx5/8),Dimensions,10 inx1/8 inx5/8,in,Item Type,Cut-Off Disc,,Arbor Size,1/8,in,,,,,,,,,,,,,,,,,,,,,,,,,,,,,,,,,,,,,,,,,,,,,,,,,,,,,,,,,,,,,,,,,,,,,,,,,,,,,,,,,,,,,,,,,,,,,,,,,,,,,,,,,,,,,,,,,,,,,,,,,,,,,,,,,,,,,,,,,,,,,,,,,,,,1,EA,,,,,,,,,,,,,,,,,,,,,,,,,,,,,,,,,,,,,US,No,Yes
,,,,,,49-94-1935,,,,49-94-1935,49-94-1935,"49-94-1935 Milw 12""x1/8""x1"" Masonry Cut Off Disc",MILWAUKEE®,MILWAUKEE®,MILWAUKEE®,MILWAUKEE,MILWAUKEE,MILWAUKEE®,MILWAUKEE®,49-94-1935,,,"MILWAUKEE®, Cut-Off Disc, 49-94-1935, 12 inx1/8 inx1 - Commercial Grade Cut-Off",CUT-OFF DISC 12 INX1/8 INX1 1/8 IN,"MILWAUKEE®, 49-94-1935, Cut-Off Disc, 12 inx1/8 inx1",The MILWAUKEE® 49-94-1935 is a commercial-grade cut-off disc designed for professional and industrial applications. Engineered with measuring 12 inx1/8 inx1. Key Specifications include ArborSize: 1/8 in.,MILWAUKEE® 49-94-1935 Cut-Off Disc (12 inx1/8 inx1),The MILWAUKEE® 49-94-1935 is a commercial-grade cut-off disc designed for professional and industrial applications. Engineered with measuring 12 inx1/8 inx1. Key Specifications include ArborSize: 1/8 in.,Precision dimensions: 12 inx1/8 inx1,,,,,,,,,,,,,,,,,,,,,,,,,MILWAUKEE® 49-94-1935 Cut-Off Disc (12 inx1/8 inx1),Dimensions,12 inx1/8 inx1,in,Item Type,Cut-Off Disc,,Arbor Size,1/8,in,,,,,,,,,,,,,,,,,,,,,,,,,,,,,,,,,,,,,,,,,,,,,,,,,,,,,,,,,,,,,,,,,,,,,,,,,,,,,,,,,,,,,,,,,,,,,,,,,,,,,,,,,,,,,,,,,,,,,,,,,,,,,,,,,,,,,,,,,,,,,,,,,,,,1,EA,,,,,,,,,,,,,,,,,,,,,,,,,,,,,,,,,,,,,US,No,Yes
,,,,,,49-94-1940,,,,49-94-1940,49-94-1940,"49-94-1940 Milw 14""x1/8""x1"" Masonry Cut Off Disc",MILWAUKEE®,MILWAUKEE®,MILWAUKEE®,MILWAUKEE,MILWAUKEE,MILWAUKEE®,MILWAUKEE®,49-94-1940,,,"MILWAUKEE®, Cut-Off Disc, 49-94-1940, 14 inx1/8 inx1 - Commercial Grade Cut-Off",CUT-OFF DISC 14 INX1/8 INX1 1/8 IN,"MILWAUKEE®, 49-94-1940, Cut-Off Disc, 14 inx1/8 inx1",The MILWAUKEE® 49-94-1940 is a commercial-grade cut-off disc designed for professional and industrial applications. Engineered with measuring 14 inx1/8 inx1. Key Specifications include ArborSize: 1/8 in.,MILWAUKEE® 49-94-1940 Cut-Off Disc (14 inx1/8 inx1),The MILWAUKEE® 49-94-1940 is a commercial-grade cut-off disc designed for professional and industrial applications. Engineered with measuring 14 inx1/8 inx1. Key Specifications include ArborSize: 1/8 in.,Precision dimensions: 14 inx1/8 inx1,,,,,,,,,,,,,,,,,,,,,,,,,MILWAUKEE® 49-94-1940 Cut-Off Disc (14 inx1/8 inx1),Dimensions,14 inx1/8 inx1,in,Item Type,Cut-Off Disc,,Arbor Size,1/8,in,,,,,,,,,,,,,,,,,,,,,,,,,,,,,,,,,,,,,,,,,,,,,,,,,,,,,,,,,,,,,,,,,,,,,,,,,,,,,,,,,,,,,,,,,,,,,,,,,,,,,,,,,,,,,,,,,,,,,,,,,,,,,,,,,,,,,,,,,,,,,,,,,,,,1,EA,,,,,,,,,,,,,,,,,,,,,,,,,,,,,,,,,,,,,US,No,Yes
,,,,,,49-94-0501,,,,49-94-0501,49-94-0501,"49-94-0501 Milw 4""x1/4""x5/8"" Metal Grinding Wheel",MILWAUKEE®,MILWAUKEE®,MILWAUKEE®,MILWAUKEE,MILWAUKEE,MILWAUKEE®,MILWAUKEE®,49-94-0501,,,"MILWAUKEE®, Grinding Wheel, 49-94-0501, 4 inx1/4 inx5/8 - Commercial Grade Grind",GRINDING WHEEL 4 INX1/4 INX5/8 1/4 IN CS,"MILWAUKEE®, 49-94-0501, Grinding Wheel, 4 inx1/4 inx5/8","The MILWAUKEE® 49-94-0501 is a commercial-grade grinding wheel designed for professional and industrial applications. Engineered with durable carbon steel construction, measuring 4 inx1/4 inx5/8. Key Specifications include ArborSize: 1/4 in.",MILWAUKEE® 49-94-0501 Grinding Wheel in Carbon Steel (4 inx1/4 inx5/8),"The MILWAUKEE® 49-94-0501 is a commercial-grade grinding wheel designed for professional and industrial applications. Engineered with durable carbon steel construction, measuring 4 inx1/4 inx5/8. Key Specifications include ArborSize: 1/4 in.",Constructed with high-grade Carbon Steel,Precision dimensions: 4 inx1/4 inx5/8,,,,,,,,,,,,,,,,,,,,,,,,MILWAUKEE® 49-94-0501 Grinding Wheel in Carbon Steel (4 inx1/4 inx5/8),Dimensions,4 inx1/4 inx5/8,in,Material,Carbon Steel,,Item Type,Grinding Wheel,,Arbor Size,1/4,in,,,,,,,,,,,,,,,,,,,,,,,,,,,,,,,,,,,,,,,,,,,,,,,,,,,,,,,,,,,,,,,,,,,,,,,,,,,,,,,,,,,,,,,,,,,,,,,,,,,,,,,,,,,,,,,,,,,,,,,,,,,,,,,,,,,,,,,,,,,,,,,,,1,EA,,,,,,,,,,,,,,,,,,,,,,,,,,,,,,,,,,,,,US,No,Yes
,,,,,,49-94-0503,,,,49-94-0503,49-94-0503,"49-94-0503 Milw 4-1/2""x1/4""x7/8"" Metal Grinding Wheel",MILWAUKEE®,MILWAUKEE®,MILWAUKEE®,MILWAUKEE,MILWAUKEE,MILWAUKEE®,MILWAUKEE®,49-94-0503,,,"MILWAUKEE®, Grinding Wheel, 49-94-0503, 1/2 inx1/4 inx7/8 - Commercial Grade Gri",GRINDING WHEEL 1/2 INX1/4 INX7/8 1/4 IN,"MILWAUKEE®, 49-94-0503, Grinding Wheel, 1/2 inx1/4 inx7/8","The MILWAUKEE® 49-94-0503 is a commercial-grade grinding wheel designed for professional and industrial applications. Engineered with durable carbon steel construction, measuring 1/2 inx1/4 inx7/8. Key Specifications include ArborSize: 1/4 in.",MILWAUKEE® 49-94-0503 Grinding Wheel in Carbon Steel (1/2 inx1/4 inx7/8),"The MILWAUKEE® 49-94-0503 is a commercial-grade grinding wheel designed for professional and industrial applications. Engineered with durable carbon steel construction, measuring 1/2 inx1/4 inx7/8. Key Specifications include ArborSize: 1/4 in.",Constructed with high-grade Carbon Steel,Precision dimensions: 1/2 inx1/4 inx7/8,,,,,,,,,,,,,,,,,,,,,,,,MILWAUKEE® 49-94-0503 Grinding Wheel in Carbon Steel (1/2 inx1/4 inx7/8),Dimensions,1/2 inx1/4 inx7/8,in,Material,Carbon Steel,,Item Type,Grinding Wheel,,Arbor Size,1/4,in,,,,,,,,,,,,,,,,,,,,,,,,,,,,,,,,,,,,,,,,,,,,,,,,,,,,,,,,,,,,,,,,,,,,,,,,,,,,,,,,,,,,,,,,,,,,,,,,,,,,,,,,,,,,,,,,,,,,,,,,,,,,,,,,,,,,,,,,,,,,,,,,,1,EA,,,,,,,,,,,,,,,,,,,,,,,,,,,,,,,,,,,,,US,No,Yes
,,,,,,49-94-0523,,,,49-94-0523,49-94-0523,"49-94-0523 Milw 6""x1/4""x7/8"" Metal Grinding Wheel",MILWAUKEE®,MILWAUKEE®,MILWAUKEE®,MILWAUKEE,MILWAUKEE,MILWAUKEE®,MILWAUKEE®,49-94-0523,,,"MILWAUKEE®, Grinding Wheel, 49-94-0523, 6 inx1/4 inx7/8 - Commercial Grade Grind",GRINDING WHEEL 6 INX1/4 INX7/8 1/4 IN CS,"MILWAUKEE®, 49-94-0523, Grinding Wheel, 6 inx1/4 inx7/8","The MILWAUKEE® 49-94-0523 is a commercial-grade grinding wheel designed for professional and industrial applications. Engineered with durable carbon steel construction, measuring 6 inx1/4 inx7/8. Key Specifications include ArborSize: 1/4 in.",MILWAUKEE® 49-94-0523 Grinding Wheel in Carbon Steel (6 inx1/4 inx7/8),"The MILWAUKEE® 49-94-0523 is a commercial-grade grinding wheel designed for professional and industrial applications. Engineered with durable carbon steel construction, measuring 6 inx1/4 inx7/8. Key Specifications include ArborSize: 1/4 in.",Constructed with high-grade Carbon Steel,Precision dimensions: 6 inx1/4 inx7/8,,,,,,,,,,,,,,,,,,,,,,,,MILWAUKEE® 49-94-0523 Grinding Wheel in Carbon Steel (6 inx1/4 inx7/8),Dimensions,6 inx1/4 inx7/8,in,Material,Carbon Steel,,Item Type,Grinding Wheel,,Arbor Size,1/4,in,,,,,,,,,,,,,,,,,,,,,,,,,,,,,,,,,,,,,,,,,,,,,,,,,,,,,,,,,,,,,,,,,,,,,,,,,,,,,,,,,,,,,,,,,,,,,,,,,,,,,,,,,,,,,,,,,,,,,,,,,,,,,,,,,,,,,,,,,,,,,,,,,1,EA,,,,,,,,,,,,,,,,,,,,,,,,,,,,,,,,,,,,,US,No,Yes
,,,,,,49-94-1955,,,,49-94-1955,49-94-1955,"49-94-1955 Milw 4-1/2""x1/4""x7/8"" Masonry Grinding Wheel",MILWAUKEE®,MILWAUKEE®,MILWAUKEE®,MILWAUKEE,MILWAUKEE,MILWAUKEE®,MILWAUKEE®,49-94-1955,,,"MILWAUKEE®, Grinding Wheel, 49-94-1955, 1/2 inx1/4 inx7/8 - Commercial Grade Gri",GRINDING WHEEL 1/2 INX1/4 INX7/8 1/4 IN,"MILWAUKEE®, 49-94-1955, Grinding Wheel, 1/2 inx1/4 inx7/8",The MILWAUKEE® 49-94-1955 is a commercial-grade grinding wheel designed for professional and industrial applications. Engineered with measuring 1/2 inx1/4 inx7/8. Key Specifications include ArborSize: 1/4 in.,MILWAUKEE® 49-94-1955 Grinding Wheel (1/2 inx1/4 inx7/8),The MILWAUKEE® 49-94-1955 is a commercial-grade grinding wheel designed for professional and industrial applications. Engineered with measuring 1/2 inx1/4 inx7/8. Key Specifications include ArborSize: 1/4 in.,Precision dimensions: 1/2 inx1/4 inx7/8,,,,,,,,,,,,,,,,,,,,,,,,,MILWAUKEE® 49-94-1955 Grinding Wheel (1/2 inx1/4 inx7/8),Dimensions,1/2 inx1/4 inx7/8,in,Item Type,Grinding Wheel,,Arbor Size,1/4,in,,,,,,,,,,,,,,,,,,,,,,,,,,,,,,,,,,,,,,,,,,,,,,,,,,,,,,,,,,,,,,,,,,,,,,,,,,,,,,,,,,,,,,,,,,,,,,,,,,,,,,,,,,,,,,,,,,,,,,,,,,,,,,,,,,,,,,,,,,,,,,,,,,,,1,EA,,,,,,,,,,,,,,,,,,,,,,,,,,,,,,,,,,,,,US,No,Yes
,,,,,,49-94-1965,,,,49-94-1965,49-94-1965,"49-94-1965 Milw 7""x1/4""x7/8"" Masonry Grinding Wheel",MILWAUKEE®,MILWAUKEE®,MILWAUKEE®,MILWAUKEE,MILWAUKEE,MILWAUKEE®,MILWAUKEE®,49-94-1965,,,"MILWAUKEE®, Grinding Wheel, 49-94-1965, 7 inx1/4 inx7/8 - Commercial Grade Grind",GRINDING WHEEL 7 INX1/4 INX7/8 1/4 IN,"MILWAUKEE®, 49-94-1965, Grinding Wheel, 7 inx1/4 inx7/8",The MILWAUKEE® 49-94-1965 is a commercial-grade grinding wheel designed for professional and industrial applications. Engineered with measuring 7 inx1/4 inx7/8. Key Specifications include ArborSize: 1/4 in.,MILWAUKEE® 49-94-1965 Grinding Wheel (7 inx1/4 inx7/8),The MILWAUKEE® 49-94-1965 is a commercial-grade grinding wheel designed for professional and industrial applications. Engineered with measuring 7 inx1/4 inx7/8. Key Specifications include ArborSize: 1/4 in.,Precision dimensions: 7 inx1/4 inx7/8,,,,,,,,,,,,,,,,,,,,,,,,,MILWAUKEE® 49-94-1965 Grinding Wheel (7 inx1/4 inx7/8),Dimensions,7 inx1/4 inx7/8,in,Item Type,Grinding Wheel,,Arbor Size,1/4,in,,,,,,,,,,,,,,,,,,,,,,,,,,,,,,,,,,,,,,,,,,,,,,,,,,,,,,,,,,,,,,,,,,,,,,,,,,,,,,,,,,,,,,,,,,,,,,,,,,,,,,,,,,,,,,,,,,,,,,,,,,,,,,,,,,,,,,,,,,,,,,,,,,,,1,EA,,,,,,,,,,,,,,,,,,,,,,,,,,,,,,,,,,,,,US,No,Yes
,,,,,,49-94-0513,,,,49-94-0513,49-94-0513,"49-94-0513 Milw 5""x1/4""x7/8"" Metal Grinding Wheel",MILWAUKEE®,MILWAUKEE®,MILWAUKEE®,MILWAUKEE,MILWAUKEE,MILWAUKEE®,MILWAUKEE®,49-94-0513,,,"MILWAUKEE®, Grinding Wheel, 49-94-0513, 5 inx1/4 inx7/8 - Commercial Grade Grind",GRINDING WHEEL 5 INX1/4 INX7/8 1/4 IN CS,"MILWAUKEE®, 49-94-0513, Grinding Wheel, 5 inx1/4 inx7/8","The MILWAUKEE® 49-94-0513 is a commercial-grade grinding wheel designed for professional and industrial applications. Engineered with durable carbon steel construction, measuring 5 inx1/4 inx7/8. Key Specifications include ArborSize: 1/4 in.",MILWAUKEE® 49-94-0513 Grinding Wheel in Carbon Steel (5 inx1/4 inx7/8),"The MILWAUKEE® 49-94-0513 is a commercial-grade grinding wheel designed for professional and industrial applications. Engineered with durable carbon steel construction, measuring 5 inx1/4 inx7/8. Key Specifications include ArborSize: 1/4 in.",Constructed with high-grade Carbon Steel,Precision dimensions: 5 inx1/4 inx7/8,,,,,,,,,,,,,,,,,,,,,,,,MILWAUKEE® 49-94-0513 Grinding Wheel in Carbon Steel (5 inx1/4 inx7/8),Dimensions,5 inx1/4 inx7/8,in,Material,Carbon Steel,,Item Type,Grinding Wheel,,Arbor Size,1/4,in,,,,,,,,,,,,,,,,,,,,,,,,,,,,,,,,,,,,,,,,,,,,,,,,,,,,,,,,,,,,,,,,,,,,,,,,,,,,,,,,,,,,,,,,,,,,,,,,,,,,,,,,,,,,,,,,,,,,,,,,,,,,,,,,,,,,,,,,,,,,,,,,,1,EA,,,,,,,,,,,,,,,,,,,,,,,,,,,,,,,,,,,,,US,No,Yes
,,,,,,49-94-0533,,,,49-94-0533,49-94-0533,"49-94-0533 Milw 7""x1/4""x7/8"" Metal Grinding Wheel",MILWAUKEE®,MILWAUKEE®,MILWAUKEE®,MILWAUKEE,MILWAUKEE,MILWAUKEE®,MILWAUKEE®,49-94-0533,,,"MILWAUKEE®, Grinding Wheel, 49-94-0533, 7 inx1/4 inx7/8 - Commercial Grade Grind",GRINDING WHEEL 7 INX1/4 INX7/8 1/4 IN CS,"MILWAUKEE®, 49-94-0533, Grinding Wheel, 7 inx1/4 inx7/8","The MILWAUKEE® 49-94-0533 is a commercial-grade grinding wheel designed for professional and industrial applications. Engineered with durable carbon steel construction, measuring 7 inx1/4 inx7/8. Key Specifications include ArborSize: 1/4 in.",MILWAUKEE® 49-94-0533 Grinding Wheel in Carbon Steel (7 inx1/4 inx7/8),"The MILWAUKEE® 49-94-0533 is a commercial-grade grinding wheel designed for professional and industrial applications. Engineered with durable carbon steel construction, measuring 7 inx1/4 inx7/8. Key Specifications include ArborSize: 1/4 in.",Constructed with high-grade Carbon Steel,Precision dimensions: 7 inx1/4 inx7/8,,,,,,,,,,,,,,,,,,,,,,,,MILWAUKEE® 49-94-0533 Grinding Wheel in Carbon Steel (7 inx1/4 inx7/8),Dimensions,7 inx1/4 inx7/8,in,Material,Carbon Steel,,Item Type,Grinding Wheel,,Arbor Size,1/4,in,,,,,,,,,,,,,,,,,,,,,,,,,,,,,,,,,,,,,,,,,,,,,,,,,,,,,,,,,,,,,,,,,,,,,,,,,,,,,,,,,,,,,,,,,,,,,,,,,,,,,,,,,,,,,,,,,,,,,,,,,,,,,,,,,,,,,,,,,,,,,,,,,1,EA,,,,,,,,,,,,,,,,,,,,,,,,,,,,,,,,,,,,,US,No,Yes
,,,,,,DFBLBLOMFN01G,,,,DFBLBLOMFN01G,DFBLBLOMFN01G,DFBLBLOMFN01G Diablo 220 Grit - Flat Edge Sanding Sponge,FREUD®,FREUD®,FREUD®,FREUD,FREUD,FREUD®,FREUD®,DFBLBLOMFN01G,,,"FREUD®, Commercial Product, DFBLBLOMFN01G - Commercial Grade Commercial Product",COMMERCIAL PRODUCT,"FREUD®, DFBLBLOMFN01G, Commercial Product",The FREUD® DFBLBLOMFN01G is a commercial-grade commercial product designed for professional and industrial applications. Key Specifications include Grit: P220.,FREUD® DFBLBLOMFN01G Commercial Product,The FREUD® DFBLBLOMFN01G is a commercial-grade commercial product designed for professional and industrial applications. Key Specifications include Grit: P220.,,,,,,,,,,,,,,,,,,,,,,,,,,FREUD® DFBLBLOMFN01G Commercial Product,Grit,P220,,,,,,,,,,,,,,,,,,,,,,,,,,,,,,,,,,,,,,,,,,,,,,,,,,,,,,,,,,,,,,,,,,,,,,,,,,,,,,,,,,,,,,,,,,,,,,,,,,,,,,,,,,,,,,,,,,,,,,,,,,,,,,,,,,,,,,,,,,,,,,,,,,,,,,,,,,,1,EA,,,,,,,,,,,,,,,,,,,,,,,,,,,,,,,,,,,,,US,No,Yes
,,,,,,1700-1PK-BB40,,,,1700-1PK-BB40,1700-1PK-BB40,3/4x60' Vinyl Elect Tape,3 M Co,3 M Co,3 M Co,3 M Co,3 M Co,3 M Co,3 M Co,1700-1PK-BB40,,,"3 M Co, Commercial Product, 1700-1PK-BB40, 3/4x60 - Commercial Grade Commercial",COMMERCIAL PRODUCT 3/4X60,"3 M Co, 1700-1PK-BB40, Commercial Product, 3/4x60",The 3 M Co 1700-1PK-BB40 is a commercial-grade commercial product designed for professional and industrial applications. Engineered with measuring 3/4x60.,3 M Co 1700-1PK-BB40 Commercial Product (3/4x60),The 3 M Co 1700-1PK-BB40 is a commercial-grade commercial product designed for professional and industrial applications. Engineered with measuring 3/4x60.,Precision dimensions: 3/4x60,,,,,,,,,,,,,,,,,,,,,,,,,3 M Co 1700-1PK-BB40 Commercial Product (3/4x60),Dimensions,3/4x60,in,,,,,,,,,,,,,,,,,,,,,,,,,,,,,,,,,,,,,,,,,,,,,,,,,,,,,,,,,,,,,,,,,,,,,,,,,,,,,,,,,,,,,,,,,,,,,,,,,,,,,,,,,,,,,,,,,,,,,,,,,,,,,,,,,,,,,,,,,,,,,,,,,,,,,,,,,,1,EA,,,,,,,,,,,,,,,,,,,,,,,,,,,,,,,,,,,,,US,No,Yes
,,,,,,ASH-40-40-04,,,,ASH-40-40-04,ASH-40-40-04,1.5x1.5x13' Legacy Emseal Tape,Emseal Joint Systems Ltd,Emseal Joint Systems Ltd,Emseal Joint Systems Ltd,Emseal Joint Systems Ltd,Emseal Joint Systems Ltd,Emseal Joint Systems Ltd,Emseal Joint Systems Ltd,ASH-40-40-04,,,"Emseal Joint Systems Ltd, Commercial Product, ASH-40-40-04, 1-1/2x1-1/2x13",COMMERCIAL PRODUCT 1-1/2X1-1/2X13,"Emseal Joint Systems Ltd, ASH-40-40-04, Commercial Product, 1-1/2x1-1/2x13",The Emseal Joint Systems Ltd ASH-40-40-04 is a commercial-grade commercial product designed for professional and industrial applications. Engineered with measuring 1-1/2x1-1/2x13.,Emseal Joint Systems Ltd ASH-40-40-04 Commercial Product (1-1/2x1-1/2x13),The Emseal Joint Systems Ltd ASH-40-40-04 is a commercial-grade commercial product designed for professional and industrial applications. Engineered with measuring 1-1/2x1-1/2x13.,Precision dimensions: 1-1/2x1-1/2x13,,,,,,,,,,,,,,,,,,,,,,,,,Emseal Joint Systems Ltd ASH-40-40-04 Commercial Product (1-1/2x1-1/2x13),Dimensions,1-1/2x1-1/2x13,in,,,,,,,,,,,,,,,,,,,,,,,,,,,,,,,,,,,,,,,,,,,,,,,,,,,,,,,,,,,,,,,,,,,,,,,,,,,,,,,,,,,,,,,,,,,,,,,,,,,,,,,,,,,,,,,,,,,,,,,,,,,,,,,,,,,,,,,,,,,,,,,,,,,,,,,,,,1,EA,,,,,,,,,,,,,,,,,,,,,,,,,,,,,,,,,,,,,US,No,Yes
,,,,,,KDFM404KPS,,,,KDFM404KPS,KDFM404KPS,KDFM404KPS Dishwasher SS,Appliance Dealers Cooperative,Appliance Dealers Cooperative,Appliance Dealers Cooperative,Appliance Dealers Cooperative,Appliance Dealers Cooperative,Appliance Dealers Cooperative,Appliance Dealers Cooperative,KDFM404KPS,,,"Appliance Dealers Cooperative, Dishwasher, KDFM404KPS - Commercial Grade Dishwas",DISHWASHER SST,"Appliance Dealers Cooperative, KDFM404KPS, Dishwasher",The Appliance Dealers Cooperative KDFM404KPS is a commercial-grade dishwasher designed for professional and industrial applications. Engineered with durable stainless steel construction.,Appliance Dealers Cooperative KDFM404KPS Dishwasher in Stainless Steel,The Appliance Dealers Cooperative KDFM404KPS is a commercial-grade dishwasher designed for professional and industrial applications. Engineered with durable stainless steel construction.,Constructed with high-grade Stainless Steel,,,,,,,,,,,,,,,,,,,,,,,,,Appliance Dealers Cooperative KDFM404KPS Dishwasher in Stainless Steel,Material,Stainless Steel,,Item Type,Dishwasher,,,,,,,,,,,,,,,,,,,,,,,,,,,,,,,,,,,,,,,,,,,,,,,,,,,,,,,,,,,,,,,,,,,,,,,,,,,,,,,,,,,,,,,,,,,,,,,,,,,,,,,,,,,,,,,,,,,,,,,,,,,,,,,,,,,,,,,,,,,,,,,,,,,,,,,,1,EA,,,,,,,,,,,,,,,,,,,,,,,,,,,,,,,,,,,,,US,No,Yes
,,,,,,PDSH4816AF,,,,PDSH4816AF,PDSH4816AF,PDSH4816AF Dishwasher SS - Display Only,Appliance Dealers Cooperative,Appliance Dealers Cooperative,Appliance Dealers Cooperative,Appliance Dealers Cooperative,Appliance Dealers Cooperative,Appliance Dealers Cooperative,Appliance Dealers Cooperative,PDSH4816AF,,,"Appliance Dealers Cooperative, Dishwasher, PDSH4816AF - Commercial Grade Dishwas",DISHWASHER SST,"Appliance Dealers Cooperative, PDSH4816AF, Dishwasher",The Appliance Dealers Cooperative PDSH4816AF is a commercial-grade dishwasher designed for professional and industrial applications. Engineered with durable stainless steel construction.,Appliance Dealers Cooperative PDSH4816AF Dishwasher in Stainless Steel,The Appliance Dealers Cooperative PDSH4816AF is a commercial-grade dishwasher designed for professional and industrial applications. Engineered with durable stainless steel construction.,Constructed with high-grade Stainless Steel,,,,,,,,,,,,,,,,,,,,,,,,,Appliance Dealers Cooperative PDSH4816AF Dishwasher in Stainless Steel,Material,Stainless Steel,,Item Type,Dishwasher,,,,,,,,,,,,,,,,,,,,,,,,,,,,,,,,,,,,,,,,,,,,,,,,,,,,,,,,,,,,,,,,,,,,,,,,,,,,,,,,,,,,,,,,,,,,,,,,,,,,,,,,,,,,,,,,,,,,,,,,,,,,,,,,,,,,,,,,,,,,,,,,,,,,,,,,1,EA,,,,,,,,,,,,,,,,,,,,,,,,,,,,,,,,,,,,,US,No,Yes
,,,,,,PDT715SYVFS,,,,PDT715SYVFS,PDT715SYVFS,PDT715SYVFS Ge Dishwasher SS,Appliance Dealers Cooperative,Appliance Dealers Cooperative,Appliance Dealers Cooperative,Appliance Dealers Cooperative,Appliance Dealers Cooperative,Appliance Dealers Cooperative,Appliance Dealers Cooperative,PDT715SYVFS,,,"Appliance Dealers Cooperative, Dishwasher, PDT715SYVFS - Commercial Grade Dishwa",DISHWASHER SST,"Appliance Dealers Cooperative, PDT715SYVFS, Dishwasher",The Appliance Dealers Cooperative PDT715SYVFS is a commercial-grade dishwasher designed for professional and industrial applications. Engineered with durable stainless steel construction.,Appliance Dealers Cooperative PDT715SYVFS Dishwasher in Stainless Steel,The Appliance Dealers Cooperative PDT715SYVFS is a commercial-grade dishwasher designed for professional and industrial applications. Engineered with durable stainless steel construction.,Constructed with high-grade Stainless Steel,,,,,,,,,,,,,,,,,,,,,,,,,Appliance Dealers Cooperative PDT715SYVFS Dishwasher in Stainless Steel,Material,Stainless Steel,,Item Type,Dishwasher,,,,,,,,,,,,,,,,,,,,,,,,,,,,,,,,,,,,,,,,,,,,,,,,,,,,,,,,,,,,,,,,,,,,,,,,,,,,,,,,,,,,,,,,,,,,,,,,,,,,,,,,,,,,,,,,,,,,,,,,,,,,,,,,,,,,,,,,,,,,,,,,,,,,,,,,1,EA,,,,,,,,,,,,,,,,,,,,,,,,,,,,,,,,,,,,,US,No,Yes
,,,,,,LDPH5554D,,,,LDPH5554D,LDPH5554D,LDPH5554D LG Dishwasher BSS,Appliance Dealers Cooperative,Appliance Dealers Cooperative,Appliance Dealers Cooperative,Appliance Dealers Cooperative,Appliance Dealers Cooperative,Appliance Dealers Cooperative,Appliance Dealers Cooperative,LDPH5554D,,,"Appliance Dealers Cooperative, Dishwasher, LDPH5554D - Commercial Grade Dishwash",DISHWASHER,"Appliance Dealers Cooperative, LDPH5554D, Dishwasher",The Appliance Dealers Cooperative LDPH5554D is a commercial-grade dishwasher designed for professional and industrial applications.,Appliance Dealers Cooperative LDPH5554D Dishwasher,The Appliance Dealers Cooperative LDPH5554D is a commercial-grade dishwasher designed for professional and industrial applications.,,,,,,,,,,,,,,,,,,,,,,,,,,Appliance Dealers Cooperative LDPH5554D Dishwasher,Item Type,Dishwasher,,,,,,,,,,,,,,,,,,,,,,,,,,,,,,,,,,,,,,,,,,,,,,,,,,,,,,,,,,,,,,,,,,,,,,,,,,,,,,,,,,,,,,,,,,,,,,,,,,,,,,,,,,,,,,,,,,,,,,,,,,,,,,,,,,,,,,,,,,,,,,,,,,,,,,,,,,,1,EA,,,,,,,,,,,,,,,,,,,,,,,,,,,,,,,,,,,,,US,No,Yes
,,,,,,WDTS7024RZ,,,,WDTS7024RZ,WDTS7024RZ,WDTS7024RZ Dishwasher SS - Display Only,Appliance Dealers Cooperative,Appliance Dealers Cooperative,Appliance Dealers Cooperative,Appliance Dealers Cooperative,Appliance Dealers Cooperative,Appliance Dealers Cooperative,Appliance Dealers Cooperative,WDTS7024RZ,,,"Appliance Dealers Cooperative, Dishwasher, WDTS7024RZ - Commercial Grade Dishwas",DISHWASHER SST,"Appliance Dealers Cooperative, WDTS7024RZ, Dishwasher",The Appliance Dealers Cooperative WDTS7024RZ is a commercial-grade dishwasher designed for professional and industrial applications. Engineered with durable stainless steel construction.,Appliance Dealers Cooperative WDTS7024RZ Dishwasher in Stainless Steel,The Appliance Dealers Cooperative WDTS7024RZ is a commercial-grade dishwasher designed for professional and industrial applications. Engineered with durable stainless steel construction.,Constructed with high-grade Stainless Steel,,,,,,,,,,,,,,,,,,,,,,,,,Appliance Dealers Cooperative WDTS7024RZ Dishwasher in Stainless Steel,Material,Stainless Steel,,Item Type,Dishwasher,,,,,,,,,,,,,,,,,,,,,,,,,,,,,,,,,,,,,,,,,,,,,,,,,,,,,,,,,,,,,,,,,,,,,,,,,,,,,,,,,,,,,,,,,,,,,,,,,,,,,,,,,,,,,,,,,,,,,,,,,,,,,,,,,,,,,,,,,,,,,,,,,,,,,,,,1,EA,,,,,,,,,,,,,,,,,,,,,,,,,,,,,,,,,,,,,US,No,Yes
,,,,,,PDD415PYYFS,,,,PDD415PYYFS,PDD415PYYFS,PDD415PYYFS GE Dishwasher SS,Appliance Dealers Cooperative,Appliance Dealers Cooperative,Appliance Dealers Cooperative,Appliance Dealers Cooperative,Appliance Dealers Cooperative,Appliance Dealers Cooperative,Appliance Dealers Cooperative,PDD415PYYFS,,,"Appliance Dealers Cooperative, Dishwasher, PDD415PYYFS - Commercial Grade Dishwa",DISHWASHER SST,"Appliance Dealers Cooperative, PDD415PYYFS, Dishwasher",The Appliance Dealers Cooperative PDD415PYYFS is a commercial-grade dishwasher designed for professional and industrial applications. Engineered with durable stainless steel construction.,Appliance Dealers Cooperative PDD415PYYFS Dishwasher in Stainless Steel,The Appliance Dealers Cooperative PDD415PYYFS is a commercial-grade dishwasher designed for professional and industrial applications. Engineered with durable stainless steel construction.,Constructed with high-grade Stainless Steel,,,,,,,,,,,,,,,,,,,,,,,,,Appliance Dealers Cooperative PDD415PYYFS Dishwasher in Stainless Steel,Material,Stainless Steel,,Item Type,Dishwasher,,,,,,,,,,,,,,,,,,,,,,,,,,,,,,,,,,,,,,,,,,,,,,,,,,,,,,,,,,,,,,,,,,,,,,,,,,,,,,,,,,,,,,,,,,,,,,,,,,,,,,,,,,,,,,,,,,,,,,,,,,,,,,,,,,,,,,,,,,,,,,,,,,,,,,,,1,EA,,,,,,,,,,,,,,,,,,,,,,,,,,,,,,,,,,,,,US,No,Yes
,,,,,,KDTS424SBE,,,,KDTS424SBE,KDTS424SBE,KDTS424SBE Kitchen Aid Dishwasher Bk,Appliance Dealers Cooperative,Appliance Dealers Cooperative,Appliance Dealers Cooperative,Appliance Dealers Cooperative,Appliance Dealers Cooperative,Appliance Dealers Cooperative,Appliance Dealers Cooperative,KDTS424SBE,,,"Appliance Dealers Cooperative, Dishwasher, KDTS424SBE - Commercial Grade Dishwas",DISHWASHER,"Appliance Dealers Cooperative, KDTS424SBE, Dishwasher",The Appliance Dealers Cooperative KDTS424SBE is a commercial-grade dishwasher designed for professional and industrial applications.,Appliance Dealers Cooperative KDTS424SBE Dishwasher,The Appliance Dealers Cooperative KDTS424SBE is a commercial-grade dishwasher designed for professional and industrial applications.,,,,,,,,,,,,,,,,,,,,,,,,,,Appliance Dealers Cooperative KDTS424SBE Dishwasher,Item Type,Dishwasher,,,,,,,,,,,,,,,,,,,,,,,,,,,,,,,,,,,,,,,,,,,,,,,,,,,,,,,,,,,,,,,,,,,,,,,,,,,,,,,,,,,,,,,,,,,,,,,,,,,,,,,,,,,,,,,,,,,,,,,,,,,,,,,,,,,,,,,,,,,,,,,,,,,,,,,,,,,1,EA,,,,,,,,,,,,,,,,,,,,,,,,,,,,,,,,,,,,,US,No,Yes
,,,,,,KDTS324SPS,,,,KDTS324SPS,KDTS324SPS,KDTS324SPS Kitchen Aid Dishwasher SS,Appliance Dealers Cooperative,Appliance Dealers Cooperative,Appliance Dealers Cooperative,Appliance Dealers Cooperative,Appliance Dealers Cooperative,Appliance Dealers Cooperative,Appliance Dealers Cooperative,KDTS324SPS,,,"Appliance Dealers Cooperative, Dishwasher, KDTS324SPS - Commercial Grade Dishwas",DISHWASHER SST,"Appliance Dealers Cooperative, KDTS324SPS, Dishwasher",The Appliance Dealers Cooperative KDTS324SPS is a commercial-grade dishwasher designed for professional and industrial applications. Engineered with durable stainless steel construction.,Appliance Dealers Cooperative KDTS324SPS Dishwasher in Stainless Steel,The Appliance Dealers Cooperative KDTS324SPS is a commercial-grade dishwasher designed for professional and industrial applications. Engineered with durable stainless steel construction.,Constructed with high-grade Stainless Steel,,,,,,,,,,,,,,,,,,,,,,,,,Appliance Dealers Cooperative KDTS324SPS Dishwasher in Stainless Steel,Material,Stainless Steel,,Item Type,Dishwasher,,,,,,,,,,,,,,,,,,,,,,,,,,,,,,,,,,,,,,,,,,,,,,,,,,,,,,,,,,,,,,,,,,,,,,,,,,,,,,,,,,,,,,,,,,,,,,,,,,,,,,,,,,,,,,,,,,,,,,,,,,,,,,,,,,,,,,,,,,,,,,,,,,,,,,,,1,EA,,,,,,,,,,,,,,,,,,,,,,,,,,,,,,,,,,,,,US,No,Yes
,,,,,,KDPS624SJP,,,,KDPS624SJP,KDPS624SJP,KDPS624SJP Dishwasher Juniper - Display Only,Appliance Dealers Cooperative,Appliance Dealers Cooperative,Appliance Dealers Cooperative,Appliance Dealers Cooperative,Appliance Dealers Cooperative,Appliance Dealers Cooperative,Appliance Dealers Cooperative,KDPS624SJP,,,"Appliance Dealers Cooperative, Dishwasher, KDPS624SJP - Commercial Grade Dishwas",DISHWASHER,"Appliance Dealers Cooperative, KDPS624SJP, Dishwasher",The Appliance Dealers Cooperative KDPS624SJP is a commercial-grade dishwasher designed for professional and industrial applications.,Appliance Dealers Cooperative KDPS624SJP Dishwasher,The Appliance Dealers Cooperative KDPS624SJP is a commercial-grade dishwasher designed for professional and industrial applications.,,,,,,,,,,,,,,,,,,,,,,,,,,Appliance Dealers Cooperative KDPS624SJP Dishwasher,Item Type,Dishwasher,,,,,,,,,,,,,,,,,,,,,,,,,,,,,,,,,,,,,,,,,,,,,,,,,,,,,,,,,,,,,,,,,,,,,,,,,,,,,,,,,,,,,,,,,,,,,,,,,,,,,,,,,,,,,,,,,,,,,,,,,,,,,,,,,,,,,,,,,,,,,,,,,,,,,,,,,,,1,EA,,,,,,,,,,,,,,,,,,,,,,,,,,,,,,,,,,,,,US,No,Yes
,,,,,,KDTS624SBE,,,,KDTS624SBE,KDTS624SBE,KDTS624SBE Dishwasher BO Display Only,Appliance Dealers Cooperative,Appliance Dealers Cooperative,Appliance Dealers Cooperative,Appliance Dealers Cooperative,Appliance Dealers Cooperative,Appliance Dealers Cooperative,Appliance Dealers Cooperative,KDTS624SBE,,,"Appliance Dealers Cooperative, Dishwasher, KDTS624SBE - Commercial Grade Dishwas",DISHWASHER,"Appliance Dealers Cooperative, KDTS624SBE, Dishwasher",The Appliance Dealers Cooperative KDTS624SBE is a commercial-grade dishwasher designed for professional and industrial applications.,Appliance Dealers Cooperative KDTS624SBE Dishwasher,The Appliance Dealers Cooperative KDTS624SBE is a commercial-grade dishwasher designed for professional and industrial applications.,,,,,,,,,,,,,,,,,,,,,,,,,,Appliance Dealers Cooperative KDTS624SBE Dishwasher,Item Type,Dishwasher,,,,,,,,,,,,,,,,,,,,,,,,,,,,,,,,,,,,,,,,,,,,,,,,,,,,,,,,,,,,,,,,,,,,,,,,,,,,,,,,,,,,,,,,,,,,,,,,,,,,,,,,,,,,,,,,,,,,,,,,,,,,,,,,,,,,,,,,,,,,,,,,,,,,,,,,,,,1,EA,,,,,,,,,,,,,,,,,,,,,,,,,,,,,,,,,,,,,US,No,Yes
,,,,,,D519127,,,,D519127,D519127,D519127 Heater Kit,V & V Appliance Parts Inc,V & V Appliance Parts Inc,V & V Appliance Parts Inc,V & V Appliance Parts Inc,V & V Appliance Parts Inc,V & V Appliance Parts Inc,V & V Appliance Parts Inc,D519127,,,"V & V Appliance Parts Inc, Commercial Product, D519127 - Commercial Grade Commer",COMMERCIAL PRODUCT,"V & V Appliance Parts Inc, D519127, Commercial Product",The V & V Appliance Parts Inc D519127 is a commercial-grade commercial product designed for professional and industrial applications.,V & V Appliance Parts Inc D519127 Commercial Product,The V & V Appliance Parts Inc D519127 is a commercial-grade commercial product designed for professional and industrial applications.,,,,,,,,,,,,,,,,,,,,,,,,,,V & V Appliance Parts Inc D519127 Commercial Product,,,,,,,,,,,,,,,,,,,,,,,,,,,,,,,,,,,,,,,,,,,,,,,,,,,,,,,,,,,,,,,,,,,,,,,,,,,,,,,,,,,,,,,,,,,,,,,,,,,,,,,,,,,,,,,,,,,,,,,,,,,,,,,,,,,,,,,,,,,,,,,,,,,,,,,,,,,,,1,EA,,,,,,,,,,,,,,,,,,,,,,,,,,,,,,,,,,,,,US,No,Yes
,,,,,,DF7004WE,,,,DF7004WE,DF7004WE,DF7004WE Speed Queen Elect Dryer Wh,Appliance Dealers Cooperative,Appliance Dealers Cooperative,Appliance Dealers Cooperative,Appliance Dealers Cooperative,Appliance Dealers Cooperative,Appliance Dealers Cooperative,Appliance Dealers Cooperative,DF7004WE,,,"Appliance Dealers Cooperative, Dryer, DF7004WE - Commercial Grade Dryer",DRYER,"Appliance Dealers Cooperative, DF7004WE, Dryer",The Appliance Dealers Cooperative DF7004WE is a commercial-grade dryer designed for professional and industrial applications.,Appliance Dealers Cooperative DF7004WE Dryer,The Appliance Dealers Cooperative DF7004WE is a commercial-grade dryer designed for professional and industrial applications.,,,,,,,,,,,,,,,,,,,,,,,,,,Appliance Dealers Cooperative DF7004WE Dryer,Item Type,Dryer,,,,,,,,,,,,,,,,,,,,,,,,,,,,,,,,,,,,,,,,,,,,,,,,,,,,,,,,,,,,,,,,,,,,,,,,,,,,,,,,,,,,,,,,,,,,,,,,,,,,,,,,,,,,,,,,,,,,,,,,,,,,,,,,,,,,,,,,,,,,,,,,,,,,,,,,,,,1,EA,,,,,,,,,,,,,,,,,,,,,,,,,,,,,,,,,,,,,US,No,Yes
,,,,,,DR7004BE,,,,DR7004BE,DR7004BE,DR7004BE SQ Elect Dryer Bk,Appliance Dealers Cooperative,Appliance Dealers Cooperative,Appliance Dealers Cooperative,Appliance Dealers Cooperative,Appliance Dealers Cooperative,Appliance Dealers Cooperative,Appliance Dealers Cooperative,DR7004BE,,,"Appliance Dealers Cooperative, Dryer, DR7004BE - Commercial Grade Dryer",DRYER,"Appliance Dealers Cooperative, DR7004BE, Dryer",The Appliance Dealers Cooperative DR7004BE is a commercial-grade dryer designed for professional and industrial applications.,Appliance Dealers Cooperative DR7004BE Dryer,The Appliance Dealers Cooperative DR7004BE is a commercial-grade dryer designed for professional and industrial applications.,,,,,,,,,,,,,,,,,,,,,,,,,,Appliance Dealers Cooperative DR7004BE Dryer,Item Type,Dryer,,,,,,,,,,,,,,,,,,,,,,,,,,,,,,,,,,,,,,,,,,,,,,,,,,,,,,,,,,,,,,,,,,,,,,,,,,,,,,,,,,,,,,,,,,,,,,,,,,,,,,,,,,,,,,,,,,,,,,,,,,,,,,,,,,,,,,,,,,,,,,,,,,,,,,,,,,,1,EA,,,,,,,,,,,,,,,,,,,,,,,,,,,,,,,,,,,,,US,No,Yes
,,,,,,DV2000WE,,,,DV2000WE,DV2000WE,DV2000WE SQ Elect Dryer Wh,Appliance Dealers Cooperative,Appliance Dealers Cooperative,Appliance Dealers Cooperative,Appliance Dealers Cooperative,Appliance Dealers Cooperative,Appliance Dealers Cooperative,Appliance Dealers Cooperative,DV2000WE,,,"Appliance Dealers Cooperative, Dryer, DV2000WE - Commercial Grade Dryer",DRYER,"Appliance Dealers Cooperative, DV2000WE, Dryer",The Appliance Dealers Cooperative DV2000WE is a commercial-grade dryer designed for professional and industrial applications.,Appliance Dealers Cooperative DV2000WE Dryer,The Appliance Dealers Cooperative DV2000WE is a commercial-grade dryer designed for professional and industrial applications.,,,,,,,,,,,,,,,,,,,,,,,,,,Appliance Dealers Cooperative DV2000WE Dryer,Item Type,Dryer,,,,,,,,,,,,,,,,,,,,,,,,,,,,,,,,,,,,,,,,,,,,,,,,,,,,,,,,,,,,,,,,,,,,,,,,,,,,,,,,,,,,,,,,,,,,,,,,,,,,,,,,,,,,,,,,,,,,,,,,,,,,,,,,,,,,,,,,,,,,,,,,,,,,,,,,,,,1,EA,,,,,,,,,,,,,,,,,,,,,,,,,,,,,,,,,,,,,US,No,Yes
,,,,,,DC5004WE,,,,DC5004WE,DC5004WE,DC5004WE SQ Elect Dryer Wh,Appliance Dealers Cooperative,Appliance Dealers Cooperative,Appliance Dealers Cooperative,Appliance Dealers Cooperative,Appliance Dealers Cooperative,Appliance Dealers Cooperative,Appliance Dealers Cooperative,DC5004WE,,,"Appliance Dealers Cooperative, Dryer, DC5004WE - Commercial Grade Dryer",DRYER,"Appliance Dealers Cooperative, DC5004WE, Dryer",The Appliance Dealers Cooperative DC5004WE is a commercial-grade dryer designed for professional and industrial applications.,Appliance Dealers Cooperative DC5004WE Dryer,The Appliance Dealers Cooperative DC5004WE is a commercial-grade dryer designed for professional and industrial applications.,,,,,,,,,,,,,,,,,,,,,,,,,,Appliance Dealers Cooperative DC5004WE Dryer,Item Type,Dryer,,,,,,,,,,,,,,,,,,,,,,,,,,,,,,,,,,,,,,,,,,,,,,,,,,,,,,,,,,,,,,,,,,,,,,,,,,,,,,,,,,,,,,,,,,,,,,,,,,,,,,,,,,,,,,,,,,,,,,,,,,,,,,,,,,,,,,,,,,,,,,,,,,,,,,,,,,,1,EA,,,,,,,,,,,,,,,,,,,,,,,,,,,,,,,,,,,,,US,No,Yes
,,,,,,DC5004BE,,,,DC5004BE,DC5004BE,DC5004BE SQ Elect Dryer Bk,Appliance Dealers Cooperative,Appliance Dealers Cooperative,Appliance Dealers Cooperative,Appliance Dealers Cooperative,Appliance Dealers Cooperative,Appliance Dealers Cooperative,Appliance Dealers Cooperative,DC5004BE,,,"Appliance Dealers Cooperative, Dryer, DC5004BE - Commercial Grade Dryer",DRYER,"Appliance Dealers Cooperative, DC5004BE, Dryer",The Appliance Dealers Cooperative DC5004BE is a commercial-grade dryer designed for professional and industrial applications.,Appliance Dealers Cooperative DC5004BE Dryer,The Appliance Dealers Cooperative DC5004BE is a commercial-grade dryer designed for professional and industrial applications.,,,,,,,,,,,,,,,,,,,,,,,,,,Appliance Dealers Cooperative DC5004BE Dryer,Item Type,Dryer,,,,,,,,,,,,,,,,,,,,,,,,,,,,,,,,,,,,,,,,,,,,,,,,,,,,,,,,,,,,,,,,,,,,,,,,,,,,,,,,,,,,,,,,,,,,,,,,,,,,,,,,,,,,,,,,,,,,,,,,,,,,,,,,,,,,,,,,,,,,,,,,,,,,,,,,,,,1,EA,,,,,,,,,,,,,,,,,,,,,,,,,,,,,,,,,,,,,US,No,Yes
,,,,,,WKE100HWA,,,,WKE100HWA,WKE100HWA,WKE100HWA LG Laundry Center Wh - Display,Appliance Dealers Cooperative,Appliance Dealers Cooperative,Appliance Dealers Cooperative,Appliance Dealers Cooperative,Appliance Dealers Cooperative,Appliance Dealers Cooperative,Appliance Dealers Cooperative,WKE100HWA,,,"Appliance Dealers Cooperative, Commercial Product, WKE100HWA",COMMERCIAL PRODUCT,"Appliance Dealers Cooperative, WKE100HWA, Commercial Product",The Appliance Dealers Cooperative WKE100HWA is a commercial-grade commercial product designed for professional and industrial applications.,Appliance Dealers Cooperative WKE100HWA Commercial Product,The Appliance Dealers Cooperative WKE100HWA is a commercial-grade commercial product designed for professional and industrial applications.,,,,,,,,,,,,,,,,,,,,,,,,,,Appliance Dealers Cooperative WKE100HWA Commercial Product,,,,,,,,,,,,,,,,,,,,,,,,,,,,,,,,,,,,,,,,,,,,,,,,,,,,,,,,,,,,,,,,,,,,,,,,,,,,,,,,,,,,,,,,,,,,,,,,,,,,,,,,,,,,,,,,,,,,,,,,,,,,,,,,,,,,,,,,,,,,,,,,,,,,,,,,,,,,,1,EA,,,,,,,,,,,,,,,,,,,,,,,,,,,,,,,,,,,,,US,No,Yes
,,,,,,FF7011WN,,,,FF7011WN,FF7011WN,FF7011WN Speed Queen Washer Wh,Appliance Dealers Cooperative,Appliance Dealers Cooperative,Appliance Dealers Cooperative,Appliance Dealers Cooperative,Appliance Dealers Cooperative,Appliance Dealers Cooperative,Appliance Dealers Cooperative,FF7011WN,,,"Appliance Dealers Cooperative, Washing Machine, FF7011WN - Commercial Grade Wash",WASHING MACHINE,"Appliance Dealers Cooperative, FF7011WN, Washing Machine",The Appliance Dealers Cooperative FF7011WN is a commercial-grade washing machine designed for professional and industrial applications.,Appliance Dealers Cooperative FF7011WN Washing Machine,The Appliance Dealers Cooperative FF7011WN is a commercial-grade washing machine designed for professional and industrial applications.,,,,,,,,,,,,,,,,,,,,,,,,,,Appliance Dealers Cooperative FF7011WN Washing Machine,Item Type,Washing Machine,,,,,,,,,,,,,,,,,,,,,,,,,,,,,,,,,,,,,,,,,,,,,,,,,,,,,,,,,,,,,,,,,,,,,,,,,,,,,,,,,,,,,,,,,,,,,,,,,,,,,,,,,,,,,,,,,,,,,,,,,,,,,,,,,,,,,,,,,,,,,,,,,,,,,,,,,,,1,EA,,,,,,,,,,,,,,,,,,,,,,,,,,,,,,,,,,,,,US,No,Yes
,,,,,,PTD70GBPTDG,,,,PTD70GBPTDG,PTD70GBPTDG,PTD70GBPTDG GE Gas Dryer DG,Appliance Dealers Cooperative,Appliance Dealers Cooperative,Appliance Dealers Cooperative,Appliance Dealers Cooperative,Appliance Dealers Cooperative,Appliance Dealers Cooperative,Appliance Dealers Cooperative,PTD70GBPTDG,,,"Appliance Dealers Cooperative, Dryer, PTD70GBPTDG - Commercial Grade Dryer",DRYER,"Appliance Dealers Cooperative, PTD70GBPTDG, Dryer",The Appliance Dealers Cooperative PTD70GBPTDG is a commercial-grade dryer designed for professional and industrial applications.,Appliance Dealers Cooperative PTD70GBPTDG Dryer,The Appliance Dealers Cooperative PTD70GBPTDG is a commercial-grade dryer designed for professional and industrial applications.,,,,,,,,,,,,,,,,,,,,,,,,,,Appliance Dealers Cooperative PTD70GBPTDG Dryer,Item Type,Dryer,,,,,,,,,,,,,,,,,,,,,,,,,,,,,,,,,,,,,,,,,,,,,,,,,,,,,,,,,,,,,,,,,,,,,,,,,,,,,,,,,,,,,,,,,,,,,,,,,,,,,,,,,,,,,,,,,,,,,,,,,,,,,,,,,,,,,,,,,,,,,,,,,,,,,,,,,,,1,EA,,,,,,,,,,,,,,,,,,,,,,,,,,,,,,,,,,,,,US,No,Yes
,,,,,,PTD70GBSTWS,,,,PTD70GBSTWS,PTD70GBSTWS,PTD70GBSTWS GE Gas Dryer Wh,Appliance Dealers Cooperative,Appliance Dealers Cooperative,Appliance Dealers Cooperative,Appliance Dealers Cooperative,Appliance Dealers Cooperative,Appliance Dealers Cooperative,Appliance Dealers Cooperative,PTD70GBSTWS,,,"Appliance Dealers Cooperative, Dryer, PTD70GBSTWS - Commercial Grade Dryer",DRYER,"Appliance Dealers Cooperative, PTD70GBSTWS, Dryer",The Appliance Dealers Cooperative PTD70GBSTWS is a commercial-grade dryer designed for professional and industrial applications.,Appliance Dealers Cooperative PTD70GBSTWS Dryer,The Appliance Dealers Cooperative PTD70GBSTWS is a commercial-grade dryer designed for professional and industrial applications.,,,,,,,,,,,,,,,,,,,,,,,,,,Appliance Dealers Cooperative PTD70GBSTWS Dryer,Item Type,Dryer,,,,,,,,,,,,,,,,,,,,,,,,,,,,,,,,,,,,,,,,,,,,,,,,,,,,,,,,,,,,,,,,,,,,,,,,,,,,,,,,,,,,,,,,,,,,,,,,,,,,,,,,,,,,,,,,,,,,,,,,,,,,,,,,,,,,,,,,,,,,,,,,,,,,,,,,,,,1,EA,,,,,,,,,,,,,,,,,,,,,,,,,,,,,,,,,,,,,US,No,Yes
,,,,,,DR5004WG,,,,DR5004WG,DR5004WG,DR5004WG SQ Gas Dryer Wh,Appliance Dealers Cooperative,Appliance Dealers Cooperative,Appliance Dealers Cooperative,Appliance Dealers Cooperative,Appliance Dealers Cooperative,Appliance Dealers Cooperative,Appliance Dealers Cooperative,DR5004WG,,,"Appliance Dealers Cooperative, Dryer, DR5004WG - Commercial Grade Dryer",DRYER,"Appliance Dealers Cooperative, DR5004WG, Dryer",The Appliance Dealers Cooperative DR5004WG is a commercial-grade dryer designed for professional and industrial applications.,Appliance Dealers Cooperative DR5004WG Dryer,The Appliance Dealers Cooperative DR5004WG is a commercial-grade dryer designed for professional and industrial applications.,,,,,,,,,,,,,,,,,,,,,,,,,,Appliance Dealers Cooperative DR5004WG Dryer,Item Type,Dryer,,,,,,,,,,,,,,,,,,,,,,,,,,,,,,,,,,,,,,,,,,,,,,,,,,,,,,,,,,,,,,,,,,,,,,,,,,,,,,,,,,,,,,,,,,,,,,,,,,,,,,,,,,,,,,,,,,,,,,,,,,,,,,,,,,,,,,,,,,,,,,,,,,,,,,,,,,,1,EA,,,,,,,,,,,,,,,,,,,,,,,,,,,,,,,,,,,,,US,No,Yes
,,,,,,DR7004BG,,,,DR7004BG,DR7004BG,DR7004BG SQ Gas Dryer Bk,Appliance Dealers Cooperative,Appliance Dealers Cooperative,Appliance Dealers Cooperative,Appliance Dealers Cooperative,Appliance Dealers Cooperative,Appliance Dealers Cooperative,Appliance Dealers Cooperative,DR7004BG,,,"Appliance Dealers Cooperative, Dryer, DR7004BG - Commercial Grade Dryer",DRYER,"Appliance Dealers Cooperative, DR7004BG, Dryer",The Appliance Dealers Cooperative DR7004BG is a commercial-grade dryer designed for professional and industrial applications.,Appliance Dealers Cooperative DR7004BG Dryer,The Appliance Dealers Cooperative DR7004BG is a commercial-grade dryer designed for professional and industrial applications.,,,,,,,,,,,,,,,,,,,,,,,,,,Appliance Dealers Cooperative DR7004BG Dryer,Item Type,Dryer,,,,,,,,,,,,,,,,,,,,,,,,,,,,,,,,,,,,,,,,,,,,,,,,,,,,,,,,,,,,,,,,,,,,,,,,,,,,,,,,,,,,,,,,,,,,,,,,,,,,,,,,,,,,,,,,,,,,,,,,,,,,,,,,,,,,,,,,,,,,,,,,,,,,,,,,,,,1,EA,,,,,,,,,,,,,,,,,,,,,,,,,,,,,,,,,,,,,US,No,Yes
,,,,,,DR7004WG,,,,DR7004WG,DR7004WG,DR7004WG SQ Gas Dryer Wh,Appliance Dealers Cooperative,Appliance Dealers Cooperative,Appliance Dealers Cooperative,Appliance Dealers Cooperative,Appliance Dealers Cooperative,Appliance Dealers Cooperative,Appliance Dealers Cooperative,DR7004WG,,,"Appliance Dealers Cooperative, Dryer, DR7004WG - Commercial Grade Dryer",DRYER,"Appliance Dealers Cooperative, DR7004WG, Dryer",The Appliance Dealers Cooperative DR7004WG is a commercial-grade dryer designed for professional and industrial applications.,Appliance Dealers Cooperative DR7004WG Dryer,The Appliance Dealers Cooperative DR7004WG is a commercial-grade dryer designed for professional and industrial applications.,,,,,,,,,,,,,,,,,,,,,,,,,,Appliance Dealers Cooperative DR7004WG Dryer,Item Type,Dryer,,,,,,,,,,,,,,,,,,,,,,,,,,,,,,,,,,,,,,,,,,,,,,,,,,,,,,,,,,,,,,,,,,,,,,,,,,,,,,,,,,,,,,,,,,,,,,,,,,,,,,,,,,,,,,,,,,,,,,,,,,,,,,,,,,,,,,,,,,,,,,,,,,,,,,,,,,,1,EA,,,,,,,,,,,,,,,,,,,,,,,,,,,,,,,,,,,,,US,No,Yes
,,,,,,DV2000WG,,,,DV2000WG,DV2000WG,DV2000WG SQ Gas Dryer Wh,Appliance Dealers Cooperative,Appliance Dealers Cooperative,Appliance Dealers Cooperative,Appliance Dealers Cooperative,Appliance Dealers Cooperative,Appliance Dealers Cooperative,Appliance Dealers Cooperative,DV2000WG,,,"Appliance Dealers Cooperative, Dryer, DV2000WG - Commercial Grade Dryer",DRYER,"Appliance Dealers Cooperative, DV2000WG, Dryer",The Appliance Dealers Cooperative DV2000WG is a commercial-grade dryer designed for professional and industrial applications.,Appliance Dealers Cooperative DV2000WG Dryer,The Appliance Dealers Cooperative DV2000WG is a commercial-grade dryer designed for professional and industrial applications.,,,,,,,,,,,,,,,,,,,,,,,,,,Appliance Dealers Cooperative DV2000WG Dryer,Item Type,Dryer,,,,,,,,,,,,,,,,,,,,,,,,,,,,,,,,,,,,,,,,,,,,,,,,,,,,,,,,,,,,,,,,,,,,,,,,,,,,,,,,,,,,,,,,,,,,,,,,,,,,,,,,,,,,,,,,,,,,,,,,,,,,,,,,,,,,,,,,,,,,,,,,,,,,,,,,,,,1,EA,,,,,,,,,,,,,,,,,,,,,,,,,,,,,,,,,,,,,US,No,Yes
,,,,,,DC5004WG,,,,DC5004WG,DC5004WG,DC5004WG SQ Gas Dryer Wh,Appliance Dealers Cooperative,Appliance Dealers Cooperative,Appliance Dealers Cooperative,Appliance Dealers Cooperative,Appliance Dealers Cooperative,Appliance Dealers Cooperative,Appliance Dealers Cooperative,DC5004WG,,,"Appliance Dealers Cooperative, Dryer, DC5004WG - Commercial Grade Dryer",DRYER,"Appliance Dealers Cooperative, DC5004WG, Dryer",The Appliance Dealers Cooperative DC5004WG is a commercial-grade dryer designed for professional and industrial applications.,Appliance Dealers Cooperative DC5004WG Dryer,The Appliance Dealers Cooperative DC5004WG is a commercial-grade dryer designed for professional and industrial applications.,,,,,,,,,,,,,,,,,,,,,,,,,,Appliance Dealers Cooperative DC5004WG Dryer,Item Type,Dryer,,,,,,,,,,,,,,,,,,,,,,,,,,,,,,,,,,,,,,,,,,,,,,,,,,,,,,,,,,,,,,,,,,,,,,,,,,,,,,,,,,,,,,,,,,,,,,,,,,,,,,,,,,,,,,,,,,,,,,,,,,,,,,,,,,,,,,,,,,,,,,,,,,,,,,,,,,,1,EA,,,,,,,,,,,,,,,,,,,,,,,,,,,,,,,,,,,,,US,No,Yes
,,,,,,DC5004BG,,,,DC5004BG,DC5004BG,DC5004BG SQ Gas Dryer Bk,Appliance Dealers Cooperative,Appliance Dealers Cooperative,Appliance Dealers Cooperative,Appliance Dealers Cooperative,Appliance Dealers Cooperative,Appliance Dealers Cooperative,Appliance Dealers Cooperative,DC5004BG,,,"Appliance Dealers Cooperative, Dryer, DC5004BG - Commercial Grade Dryer",DRYER,"Appliance Dealers Cooperative, DC5004BG, Dryer",The Appliance Dealers Cooperative DC5004BG is a commercial-grade dryer designed for professional and industrial applications.,Appliance Dealers Cooperative DC5004BG Dryer,The Appliance Dealers Cooperative DC5004BG is a commercial-grade dryer designed for professional and industrial applications.,,,,,,,,,,,,,,,,,,,,,,,,,,Appliance Dealers Cooperative DC5004BG Dryer,Item Type,Dryer,,,,,,,,,,,,,,,,,,,,,,,,,,,,,,,,,,,,,,,,,,,,,,,,,,,,,,,,,,,,,,,,,,,,,,,,,,,,,,,,,,,,,,,,,,,,,,,,,,,,,,,,,,,,,,,,,,,,,,,,,,,,,,,,,,,,,,,,,,,,,,,,,,,,,,,,,,,1,EA,,,,,,,,,,,,,,,,,,,,,,,,,,,,,,,,,,,,,US,No,Yes
,,,,,,PTW705BSTWS,,,,PTW705BSTWS,PTW705BSTWS,PTW705BSTWS GE Washer Wh,Appliance Dealers Cooperative,Appliance Dealers Cooperative,Appliance Dealers Cooperative,Appliance Dealers Cooperative,Appliance Dealers Cooperative,Appliance Dealers Cooperative,Appliance Dealers Cooperative,PTW705BSTWS,,,"Appliance Dealers Cooperative, Washing Machine, PTW705BSTWS - Commercial Grade W",WASHING MACHINE,"Appliance Dealers Cooperative, PTW705BSTWS, Washing Machine",The Appliance Dealers Cooperative PTW705BSTWS is a commercial-grade washing machine designed for professional and industrial applications.,Appliance Dealers Cooperative PTW705BSTWS Washing Machine,The Appliance Dealers Cooperative PTW705BSTWS is a commercial-grade washing machine designed for professional and industrial applications.,,,,,,,,,,,,,,,,,,,,,,,,,,Appliance Dealers Cooperative PTW705BSTWS Washing Machine,Item Type,Washing Machine,,,,,,,,,,,,,,,,,,,,,,,,,,,,,,,,,,,,,,,,,,,,,,,,,,,,,,,,,,,,,,,,,,,,,,,,,,,,,,,,,,,,,,,,,,,,,,,,,,,,,,,,,,,,,,,,,,,,,,,,,,,,,,,,,,,,,,,,,,,,,,,,,,,,,,,,,,,1,EA,,,,,,,,,,,,,,,,,,,,,,,,,,,,,,,,,,,,,US,No,Yes
,,,,,,MVWP586GW,,,,MVWP586GW,MVWP586GW,MVWP586GW Washer Wh - Display,Appliance Dealers Cooperative,Appliance Dealers Cooperative,Appliance Dealers Cooperative,Appliance Dealers Cooperative,Appliance Dealers Cooperative,Appliance Dealers Cooperative,Appliance Dealers Cooperative,MVWP586GW,,,"Appliance Dealers Cooperative, Washing Machine, MVWP586GW - Commercial Grade Was",WASHING MACHINE,"Appliance Dealers Cooperative, MVWP586GW, Washing Machine",The Appliance Dealers Cooperative MVWP586GW is a commercial-grade washing machine designed for professional and industrial applications.,Appliance Dealers Cooperative MVWP586GW Washing Machine,The Appliance Dealers Cooperative MVWP586GW is a commercial-grade washing machine designed for professional and industrial applications.,,,,,,,,,,,,,,,,,,,,,,,,,,Appliance Dealers Cooperative MVWP586GW Washing Machine,Item Type,Washing Machine,,,,,,,,,,,,,,,,,,,,,,,,,,,,,,,,,,,,,,,,,,,,,,,,,,,,,,,,,,,,,,,,,,,,,,,,,,,,,,,,,,,,,,,,,,,,,,,,,,,,,,,,,,,,,,,,,,,,,,,,,,,,,,,,,,,,,,,,,,,,,,,,,,,,,,,,,,,1,EA,,,,,,,,,,,,,,,,,,,,,,,,,,,,,,,,,,,,,US,No,Yes
,,,,,,TV2000WN,,,,TV2000WN,TV2000WN,TV2000WN SQ Elect Washer,Appliance Dealers Cooperative,Appliance Dealers Cooperative,Appliance Dealers Cooperative,Appliance Dealers Cooperative,Appliance Dealers Cooperative,Appliance Dealers Cooperative,Appliance Dealers Cooperative,TV2000WN,,,"Appliance Dealers Cooperative, Washing Machine, TV2000WN - Commercial Grade Wash",WASHING MACHINE,"Appliance Dealers Cooperative, TV2000WN, Washing Machine",The Appliance Dealers Cooperative TV2000WN is a commercial-grade washing machine designed for professional and industrial applications.,Appliance Dealers Cooperative TV2000WN Washing Machine,The Appliance Dealers Cooperative TV2000WN is a commercial-grade washing machine designed for professional and industrial applications.,,,,,,,,,,,,,,,,,,,,,,,,,,Appliance Dealers Cooperative TV2000WN Washing Machine,Item Type,Washing Machine,,,,,,,,,,,,,,,,,,,,,,,,,,,,,,,,,,,,,,,,,,,,,,,,,,,,,,,,,,,,,,,,,,,,,,,,,,,,,,,,,,,,,,,,,,,,,,,,,,,,,,,,,,,,,,,,,,,,,,,,,,,,,,,,,,,,,,,,,,,,,,,,,,,,,,,,,,,1,EA,,,,,,,,,,,,,,,,,,,,,,,,,,,,,,,,,,,,,US,No,Yes
,,,,,,TC5003BN,,,,TC5003BN,TC5003BN,TC5003BN SQ Washer Bk,Appliance Dealers Cooperative,Appliance Dealers Cooperative,Appliance Dealers Cooperative,Appliance Dealers Cooperative,Appliance Dealers Cooperative,Appliance Dealers Cooperative,Appliance Dealers Cooperative,TC5003BN,,,"Appliance Dealers Cooperative, Washing Machine, TC5003BN - Commercial Grade Wash",WASHING MACHINE,"Appliance Dealers Cooperative, TC5003BN, Washing Machine",The Appliance Dealers Cooperative TC5003BN is a commercial-grade washing machine designed for professional and industrial applications.,Appliance Dealers Cooperative TC5003BN Washing Machine,The Appliance Dealers Cooperative TC5003BN is a commercial-grade washing machine designed for professional and industrial applications.,,,,,,,,,,,,,,,,,,,,,,,,,,Appliance Dealers Cooperative TC5003BN Washing Machine,Item Type,Washing Machine,,,,,,,,,,,,,,,,,,,,,,,,,,,,,,,,,,,,,,,,,,,,,,,,,,,,,,,,,,,,,,,,,,,,,,,,,,,,,,,,,,,,,,,,,,,,,,,,,,,,,,,,,,,,,,,,,,,,,,,,,,,,,,,,,,,,,,,,,,,,,,,,,,,,,,,,,,,1,EA,,,,,,,,,,,,,,,,,,,,,,,,,,,,,,,,,,,,,US,No,Yes
,,,,,,TR7006WN,,,,TR7006WN,TR7006WN,TR7006WN Speed Queen Washer Wh,Appliance Dealers Cooperative,Appliance Dealers Cooperative,Appliance Dealers Cooperative,Appliance Dealers Cooperative,Appliance Dealers Cooperative,Appliance Dealers Cooperative,Appliance Dealers Cooperative,TR7006WN,,,"Appliance Dealers Cooperative, Washing Machine, TR7006WN - Commercial Grade Wash",WASHING MACHINE,"Appliance Dealers Cooperative, TR7006WN, Washing Machine",The Appliance Dealers Cooperative TR7006WN is a commercial-grade washing machine designed for professional and industrial applications.,Appliance Dealers Cooperative TR7006WN Washing Machine,The Appliance Dealers Cooperative TR7006WN is a commercial-grade washing machine designed for professional and industrial applications.,,,,,,,,,,,,,,,,,,,,,,,,,,Appliance Dealers Cooperative TR7006WN Washing Machine,Item Type,Washing Machine,,,,,,,,,,,,,,,,,,,,,,,,,,,,,,,,,,,,,,,,,,,,,,,,,,,,,,,,,,,,,,,,,,,,,,,,,,,,,,,,,,,,,,,,,,,,,,,,,,,,,,,,,,,,,,,,,,,,,,,,,,,,,,,,,,,,,,,,,,,,,,,,,,,,,,,,,,,1,EA,,,,,,,,,,,,,,,,,,,,,,,,,,,,,,,,,,,,,US,No,Yes
,,,,,,TR7006BN,,,,TR7006BN,TR7006BN,TR7006BN Speed Queen Washer Bk,Appliance Dealers Cooperative,Appliance Dealers Cooperative,Appliance Dealers Cooperative,Appliance Dealers Cooperative,Appliance Dealers Cooperative,Appliance Dealers Cooperative,Appliance Dealers Cooperative,TR7006BN,,,"Appliance Dealers Cooperative, Washing Machine, TR7006BN - Commercial Grade Wash",WASHING MACHINE,"Appliance Dealers Cooperative, TR7006BN, Washing Machine",The Appliance Dealers Cooperative TR7006BN is a commercial-grade washing machine designed for professional and industrial applications.,Appliance Dealers Cooperative TR7006BN Washing Machine,The Appliance Dealers Cooperative TR7006BN is a commercial-grade washing machine designed for professional and industrial applications.,,,,,,,,,,,,,,,,,,,,,,,,,,Appliance Dealers Cooperative TR7006BN Washing Machine,Item Type,Washing Machine,,,,,,,,,,,,,,,,,,,,,,,,,,,,,,,,,,,,,,,,,,,,,,,,,,,,,,,,,,,,,,,,,,,,,,,,,,,,,,,,,,,,,,,,,,,,,,,,,,,,,,,,,,,,,,,,,,,,,,,,,,,,,,,,,,,,,,,,,,,,,,,,,,,,,,,,,,,1,EA,,,,,,,,,,,,,,,,,,,,,,,,,,,,,,,,,,,,,US,No,Yes
,,,,,,TR5006WN,,,,TR5006WN,TR5006WN,TR5006WN Speed Queen Washer Wh,Appliance Dealers Cooperative,Appliance Dealers Cooperative,Appliance Dealers Cooperative,Appliance Dealers Cooperative,Appliance Dealers Cooperative,Appliance Dealers Cooperative,Appliance Dealers Cooperative,TR5006WN,,,"Appliance Dealers Cooperative, Washing Machine, TR5006WN - Commercial Grade Wash",WASHING MACHINE,"Appliance Dealers Cooperative, TR5006WN, Washing Machine",The Appliance Dealers Cooperative TR5006WN is a commercial-grade washing machine designed for professional and industrial applications.,Appliance Dealers Cooperative TR5006WN Washing Machine,The Appliance Dealers Cooperative TR5006WN is a commercial-grade washing machine designed for professional and industrial applications.,,,,,,,,,,,,,,,,,,,,,,,,,,Appliance Dealers Cooperative TR5006WN Washing Machine,Item Type,Washing Machine,,,,,,,,,,,,,,,,,,,,,,,,,,,,,,,,,,,,,,,,,,,,,,,,,,,,,,,,,,,,,,,,,,,,,,,,,,,,,,,,,,,,,,,,,,,,,,,,,,,,,,,,,,,,,,,,,,,,,,,,,,,,,,,,,,,,,,,,,,,,,,,,,,,,,,,,,,,1,EA,,,,,,,,,,,,,,,,,,,,,,,,,,,,,,,,,,,,,US,No,Yes
,,,,,,05134545001,,,,05134545001,05134545001,9516 Kneeling Pad& Bttl Opener,KLEIN TOOLS®,KLEIN TOOLS®,KLEIN TOOLS®,KLEIN TOOLS,KLEIN TOOLS,KLEIN TOOLS®,KLEIN TOOLS®,05134545001,,,"KLEIN TOOLS®, Commercial Product, 05134545001 - Commercial Grade Commercial Prod",COMMERCIAL PRODUCT,"KLEIN TOOLS®, 05134545001, Commercial Product",The KLEIN TOOLS® 05134545001 is a commercial-grade commercial product designed for professional and industrial applications.,KLEIN TOOLS® 05134545001 Commercial Product,The KLEIN TOOLS® 05134545001 is a commercial-grade commercial product designed for professional and industrial applications.,,,,,,,,,,,,,,,,,,,,,,,,,,KLEIN TOOLS® 05134545001 Commercial Product,,,,,,,,,,,,,,,,,,,,,,,,,,,,,,,,,,,,,,,,,,,,,,,,,,,,,,,,,,,,,,,,,,,,,,,,,,,,,,,,,,,,,,,,,,,,,,,,,,,,,,,,,,,,,,,,,,,,,,,,,,,,,,,,,,,,,,,,,,,,,,,,,,,,,,,,,,,,,1,EA,,,,,,,,,,,,,,,,,,,,,,,,,,,,,,,,,,,,,US,No,Yes
,,,,,,LNL65301,,,,LNL65301,LNL65301,LNL65301 Digital Tire Pressure - Inflator Gauge,-,-,-,-,-,-,-,LNL65301,,,"-, Commercial Product, LNL65301 - Commercial Grade Commercial Product",COMMERCIAL PRODUCT,"-, LNL65301, Commercial Product",The - LNL65301 is a commercial-grade commercial product designed for professional and industrial applications.,- LNL65301 Commercial Product,The - LNL65301 is a commercial-grade commercial product designed for professional and industrial applications.,,,,,,,,,,,,,,,,,,,,,,,,,,- LNL65301 Commercial Product,,,,,,,,,,,,,,,,,,,,,,,,,,,,,,,,,,,,,,,,,,,,,,,,,,,,,,,,,,,,,,,,,,,,,,,,,,,,,,,,,,,,,,,,,,,,,,,,,,,,,,,,,,,,,,,,,,,,,,,,,,,,,,,,,,,,,,,,,,,,,,,,,,,,,,,,,,,,,1,EA,,,,,,,,,,,,,,,,,,,,,,,,,,,,,,,,,,,,,US,No,Yes
,,,,,,25-A,,,,25-A,25-A,Charcoal Black 25-A Mortar - Type N,Rees Cast Stone Company,Rees Cast Stone Company,Rees Cast Stone Company,Rees Cast Stone Company,Rees Cast Stone Company,Rees Cast Stone Company,Rees Cast Stone Company,25-A,,,"Rees Cast Stone Company, Commercial Product, 25-A - Commercial Grade Commercial",COMMERCIAL PRODUCT,"Rees Cast Stone Company, 25-A, Commercial Product",The Rees Cast Stone Company 25-A is a commercial-grade commercial product designed for professional and industrial applications.,Rees Cast Stone Company 25-A Commercial Product,The Rees Cast Stone Company 25-A is a commercial-grade commercial product designed for professional and industrial applications.,,,,,,,,,,,,,,,,,,,,,,,,,,Rees Cast Stone Company 25-A Commercial Product,,,,,,,,,,,,,,,,,,,,,,,,,,,,,,,,,,,,,,,,,,,,,,,,,,,,,,,,,,,,,,,,,,,,,,,,,,,,,,,,,,,,,,,,,,,,,,,,,,,,,,,,,,,,,,,,,,,,,,,,,,,,,,,,,,,,,,,,,,,,,,,,,,,,,,,,,,,,,1,EA,,,,,,,,,,,,,,,,,,,,,,,,,,,,,,,,,,,,,US,No,Yes
,,,,,,38-E,,,,38-E,38-E,Dark Chocolate 38-E Mortar - Type N,Rees Cast Stone Company,Rees Cast Stone Company,Rees Cast Stone Company,Rees Cast Stone Company,Rees Cast Stone Company,Rees Cast Stone Company,Rees Cast Stone Company,38-E,,,"Rees Cast Stone Company, Commercial Product, 38-E - Commercial Grade Commercial",COMMERCIAL PRODUCT,"Rees Cast Stone Company, 38-E, Commercial Product",The Rees Cast Stone Company 38-E is a commercial-grade commercial product designed for professional and industrial applications.,Rees Cast Stone Company 38-E Commercial Product,The Rees Cast Stone Company 38-E is a commercial-grade commercial product designed for professional and industrial applications.,,,,,,,,,,,,,,,,,,,,,,,,,,Rees Cast Stone Company 38-E Commercial Product,,,,,,,,,,,,,,,,,,,,,,,,,,,,,,,,,,,,,,,,,,,,,,,,,,,,,,,,,,,,,,,,,,,,,,,,,,,,,,,,,,,,,,,,,,,,,,,,,,,,,,,,,,,,,,,,,,,,,,,,,,,,,,,,,,,,,,,,,,,,,,,,,,,,,,,,,,,,,1,EA,,,,,,,,,,,,,,,,,,,,,,,,,,,,,,,,,,,,,US,No,Yes
,,,,,,59-J,,,,59-J,59-J,Light Buff 59-J Mortar - Type N,Rees Cast Stone Company,Rees Cast Stone Company,Rees Cast Stone Company,Rees Cast Stone Company,Rees Cast Stone Company,Rees Cast Stone Company,Rees Cast Stone Company,59-J,,,"Rees Cast Stone Company, Commercial Product, 59-J - Commercial Grade Commercial",COMMERCIAL PRODUCT,"Rees Cast Stone Company, 59-J, Commercial Product",The Rees Cast Stone Company 59-J is a commercial-grade commercial product designed for professional and industrial applications.,Rees Cast Stone Company 59-J Commercial Product,The Rees Cast Stone Company 59-J is a commercial-grade commercial product designed for professional and industrial applications.,,,,,,,,,,,,,,,,,,,,,,,,,,Rees Cast Stone Company 59-J Commercial Product,,,,,,,,,,,,,,,,,,,,,,,,,,,,,,,,,,,,,,,,,,,,,,,,,,,,,,,,,,,,,,,,,,,,,,,,,,,,,,,,,,,,,,,,,,,,,,,,,,,,,,,,,,,,,,,,,,,,,,,,,,,,,,,,,,,,,,,,,,,,,,,,,,,,,,,,,,,,,1,EA,,,,,,,,,,,,,,,,,,,,,,,,,,,,,,,,,,,,,US,No,Yes
,,,,,,44-A,,,,44-A,44-A,Light Chocolate 44-A Mortar - Type N,Rees Cast Stone Company,Rees Cast Stone Company,Rees Cast Stone Company,Rees Cast Stone Company,Rees Cast Stone Company,Rees Cast Stone Company,Rees Cast Stone Company,44-A,,,"Rees Cast Stone Company, Commercial Product, 44-A - Commercial Grade Commercial",COMMERCIAL PRODUCT,"Rees Cast Stone Company, 44-A, Commercial Product",The Rees Cast Stone Company 44-A is a commercial-grade commercial product designed for professional and industrial applications.,Rees Cast Stone Company 44-A Commercial Product,The Rees Cast Stone Company 44-A is a commercial-grade commercial product designed for professional and industrial applications.,,,,,,,,,,,,,,,,,,,,,,,,,,Rees Cast Stone Company 44-A Commercial Product,,,,,,,,,,,,,,,,,,,,,,,,,,,,,,,,,,,,,,,,,,,,,,,,,,,,,,,,,,,,,,,,,,,,,,,,,,,,,,,,,,,,,,,,,,,,,,,,,,,,,,,,,,,,,,,,,,,,,,,,,,,,,,,,,,,,,,,,,,,,,,,,,,,,,,,,,,,,,1,EA,,,,,,,,,,,,,,,,,,,,,,,,,,,,,,,,,,,,,US,No,Yes
,,,,,,543302126,,,,543302126,543302126,6' Wh Select T-Rail Kit Horiz - w/Sq Composite Balusters,U S Lumber,U S Lumber,U S Lumber,U S Lumber,U S Lumber,U S Lumber,U S Lumber,543302126,,,"U S Lumber, Commercial Product, 543302126 - Commercial Grade Commercial Product",COMMERCIAL PRODUCT,"U S Lumber, 543302126, Commercial Product",The U S Lumber 543302126 is a commercial-grade commercial product designed for professional and industrial applications.,U S Lumber 543302126 Commercial Product,The U S Lumber 543302126 is a commercial-grade commercial product designed for professional and industrial applications.,,,,,,,,,,,,,,,,,,,,,,,,,,U S Lumber 543302126 Commercial Product,,,,,,,,,,,,,,,,,,,,,,,,,,,,,,,,,,,,,,,,,,,,,,,,,,,,,,,,,,,,,,,,,,,,,,,,,,,,,,,,,,,,,,,,,,,,,,,,,,,,,,,,,,,,,,,,,,,,,,,,,,,,,,,,,,,,,,,,,,,,,,,,,,,,,,,,,,,,,1,EA,,,,,,,,,,,,,,,,,,,,,,,,,,,,,,,,,,,,,US,No,Yes
,,,,,,543302146,,,,543302146,543302146,8' Wh Select T-Rail Kit Horiz - w/Sq Composite Balusters,U S Lumber,U S Lumber,U S Lumber,U S Lumber,U S Lumber,U S Lumber,U S Lumber,543302146,,,"U S Lumber, Commercial Product, 543302146 - Commercial Grade Commercial Product",COMMERCIAL PRODUCT,"U S Lumber, 543302146, Commercial Product",The U S Lumber 543302146 is a commercial-grade commercial product designed for professional and industrial applications.,U S Lumber 543302146 Commercial Product,The U S Lumber 543302146 is a commercial-grade commercial product designed for professional and industrial applications.,,,,,,,,,,,,,,,,,,,,,,,,,,U S Lumber 543302146 Commercial Product,,,,,,,,,,,,,,,,,,,,,,,,,,,,,,,,,,,,,,,,,,,,,,,,,,,,,,,,,,,,,,,,,,,,,,,,,,,,,,,,,,,,,,,,,,,,,,,,,,,,,,,,,,,,,,,,,,,,,,,,,,,,,,,,,,,,,,,,,,,,,,,,,,,,,,,,,,,,,1,EA,,,,,,,,,,,,,,,,,,,,,,,,,,,,,,,,,,,,,US,No,Yes
,,,,,,73019603,,,,73019603,73019603,Finyline Wh 6' Fl Rail Kit Sq,-,-,-,-,-,-,-,73019603,,,"-, Commercial Product, 73019603 - Commercial Grade Commercial Product",COMMERCIAL PRODUCT,"-, 73019603, Commercial Product",The - 73019603 is a commercial-grade commercial product designed for professional and industrial applications.,- 73019603 Commercial Product,The - 73019603 is a commercial-grade commercial product designed for professional and industrial applications.,,,,,,,,,,,,,,,,,,,,,,,,,,- 73019603 Commercial Product,,,,,,,,,,,,,,,,,,,,,,,,,,,,,,,,,,,,,,,,,,,,,,,,,,,,,,,,,,,,,,,,,,,,,,,,,,,,,,,,,,,,,,,,,,,,,,,,,,,,,,,,,,,,,,,,,,,,,,,,,,,,,,,,,,,,,,,,,,,,,,,,,,,,,,,,,,,,,1,EA,,,,,,,,,,,,,,,,,,,,,,,,,,,,,,,,,,,,,US,No,Yes
,,,,,,73019652,,,,73019652,73019652,Finyline Wh 8' Fl Rail Kit Sq,-,-,-,-,-,-,-,73019652,,,"-, Commercial Product, 73019652 - Commercial Grade Commercial Product",COMMERCIAL PRODUCT,"-, 73019652, Commercial Product",The - 73019652 is a commercial-grade commercial product designed for professional and industrial applications.,- 73019652 Commercial Product,The - 73019652 is a commercial-grade commercial product designed for professional and industrial applications.,,,,,,,,,,,,,,,,,,,,,,,,,,- 73019652 Commercial Product,,,,,,,,,,,,,,,,,,,,,,,,,,,,,,,,,,,,,,,,,,,,,,,,,,,,,,,,,,,,,,,,,,,,,,,,,,,,,,,,,,,,,,,,,,,,,,,,,,,,,,,,,,,,,,,,,,,,,,,,,,,,,,,,,,,,,,,,,,,,,,,,,,,,,,,,,,,,,1,EA,,,,,,,,,,,,,,,,,,,,,,,,,,,,,,,,,,,,,US,No,Yes
,,,,,,73019517,,,,73019517,73019517,Finyline Wh 10' Fl Rail Kit Sq,-,-,-,-,-,-,-,73019517,,,"-, Commercial Product, 73019517 - Commercial Grade Commercial Product",COMMERCIAL PRODUCT,"-, 73019517, Commercial Product",The - 73019517 is a commercial-grade commercial product designed for professional and industrial applications.,- 73019517 Commercial Product,The - 73019517 is a commercial-grade commercial product designed for professional and industrial applications.,,,,,,,,,,,,,,,,,,,,,,,,,,- 73019517 Commercial Product,,,,,,,,,,,,,,,,,,,,,,,,,,,,,,,,,,,,,,,,,,,,,,,,,,,,,,,,,,,,,,,,,,,,,,,,,,,,,,,,,,,,,,,,,,,,,,,,,,,,,,,,,,,,,,,,,,,,,,,,,,,,,,,,,,,,,,,,,,,,,,,,,,,,,,,,,,,,,1,EA,,,,,,,,,,,,,,,,,,,,,,,,,,,,,,,,,,,,,US,No,Yes
,,,,,,73019602,,,,73019602,73019602,Finyline Wh 6' Fl Rail Kit Rd - w/Black Alum Balusters,-,-,-,-,-,-,-,73019602,,,"-, Commercial Product, 73019602 - Commercial Grade Commercial Product",COMMERCIAL PRODUCT ALUM,"-, 73019602, Commercial Product",The - 73019602 is a commercial-grade commercial product designed for professional and industrial applications. Engineered with durable aluminum construction.,- 73019602 Commercial Product in Aluminum,The - 73019602 is a commercial-grade commercial product designed for professional and industrial applications. Engineered with durable aluminum construction.,Constructed with high-grade Aluminum,,,,,,,,,,,,,,,,,,,,,,,,,- 73019602 Commercial Product in Aluminum,Material,Aluminum,,,,,,,,,,,,,,,,,,,,,,,,,,,,,,,,,,,,,,,,,,,,,,,,,,,,,,,,,,,,,,,,,,,,,,,,,,,,,,,,,,,,,,,,,,,,,,,,,,,,,,,,,,,,,,,,,,,,,,,,,,,,,,,,,,,,,,,,,,,,,,,,,,,,,,,,,,,1,EA,,,,,,,,,,,,,,,,,,,,,,,,,,,,,,,,,,,,,US,No,Yes
,,,,,,73019651,,,,73019651,73019651,Finyline Wh 8' Fl Rail Kit Rd - w/Black Alum Balusters,-,-,-,-,-,-,-,73019651,,,"-, Commercial Product, 73019651 - Commercial Grade Commercial Product",COMMERCIAL PRODUCT ALUM,"-, 73019651, Commercial Product",The - 73019651 is a commercial-grade commercial product designed for professional and industrial applications. Engineered with durable aluminum construction.,- 73019651 Commercial Product in Aluminum,The - 73019651 is a commercial-grade commercial product designed for professional and industrial applications. Engineered with durable aluminum construction.,Constructed with high-grade Aluminum,,,,,,,,,,,,,,,,,,,,,,,,,- 73019651 Commercial Product in Aluminum,Material,Aluminum,,,,,,,,,,,,,,,,,,,,,,,,,,,,,,,,,,,,,,,,,,,,,,,,,,,,,,,,,,,,,,,,,,,,,,,,,,,,,,,,,,,,,,,,,,,,,,,,,,,,,,,,,,,,,,,,,,,,,,,,,,,,,,,,,,,,,,,,,,,,,,,,,,,,,,,,,,,1,EA,,,,,,,,,,,,,,,,,,,,,,,,,,,,,,,,,,,,,US,No,Yes
,,,,,,73019516,,,,73019516,73019516,Finyline Wh 10' Fl Rail Kit Rd - w/Black Alum Balusters,-,-,-,-,-,-,-,73019516,,,"-, Commercial Product, 73019516 - Commercial Grade Commercial Product",COMMERCIAL PRODUCT ALUM,"-, 73019516, Commercial Product",The - 73019516 is a commercial-grade commercial product designed for professional and industrial applications. Engineered with durable aluminum construction.,- 73019516 Commercial Product in Aluminum,The - 73019516 is a commercial-grade commercial product designed for professional and industrial applications. Engineered with durable aluminum construction.,Constructed with high-grade Aluminum,,,,,,,,,,,,,,,,,,,,,,,,,- 73019516 Commercial Product in Aluminum,Material,Aluminum,,,,,,,,,,,,,,,,,,,,,,,,,,,,,,,,,,,,,,,,,,,,,,,,,,,,,,,,,,,,,,,,,,,,,,,,,,,,,,,,,,,,,,,,,,,,,,,,,,,,,,,,,,,,,,,,,,,,,,,,,,,,,,,,,,,,,,,,,,,,,,,,,,,,,,,,,,,1,EA,,,,,,,,,,,,,,,,,,,,,,,,,,,,,,,,,,,,,US,No,Yes
,,,,,,543300256,,,,543300256,543300256,6' Black Select Classic Horiz - Rail w/Rnd Black Alum Baluster,BOISE CASCADE®,BOISE CASCADE®,BOISE CASCADE®,BOISE CASCADE,BOISE CASCADE,BOISE CASCADE®,BOISE CASCADE®,543300256,,,"BOISE CASCADE®, Commercial Product, 543300256 - Commercial Grade Commercial Prod",COMMERCIAL PRODUCT ALUM,"BOISE CASCADE®, 543300256, Commercial Product",The BOISE CASCADE® 543300256 is a commercial-grade commercial product designed for professional and industrial applications. Engineered with durable aluminum construction.,BOISE CASCADE® 543300256 Commercial Product in Aluminum,The BOISE CASCADE® 543300256 is a commercial-grade commercial product designed for professional and industrial applications. Engineered with durable aluminum construction.,Constructed with high-grade Aluminum,,,,,,,,,,,,,,,,,,,,,,,,,BOISE CASCADE® 543300256 Commercial Product in Aluminum,Material,Aluminum,,,,,,,,,,,,,,,,,,,,,,,,,,,,,,,,,,,,,,,,,,,,,,,,,,,,,,,,,,,,,,,,,,,,,,,,,,,,,,,,,,,,,,,,,,,,,,,,,,,,,,,,,,,,,,,,,,,,,,,,,,,,,,,,,,,,,,,,,,,,,,,,,,,,,,,,,,,1,EA,,,,,,,,,,,,,,,,,,,,,,,,,,,,,,,,,,,,,US,No,Yes
,,,,,,543300276,,,,543300276,543300276,8' Black Select Classic Horiz - Rail w/Rnd Black Alum Baluster,BOISE CASCADE®,BOISE CASCADE®,BOISE CASCADE®,BOISE CASCADE,BOISE CASCADE,BOISE CASCADE®,BOISE CASCADE®,543300276,,,"BOISE CASCADE®, Commercial Product, 543300276 - Commercial Grade Commercial Prod",COMMERCIAL PRODUCT ALUM,"BOISE CASCADE®, 543300276, Commercial Product",The BOISE CASCADE® 543300276 is a commercial-grade commercial product designed for professional and industrial applications. Engineered with durable aluminum construction.,BOISE CASCADE® 543300276 Commercial Product in Aluminum,The BOISE CASCADE® 543300276 is a commercial-grade commercial product designed for professional and industrial applications. Engineered with durable aluminum construction.,Constructed with high-grade Aluminum,,,,,,,,,,,,,,,,,,,,,,,,,BOISE CASCADE® 543300276 Commercial Product in Aluminum,Material,Aluminum,,,,,,,,,,,,,,,,,,,,,,,,,,,,,,,,,,,,,,,,,,,,,,,,,,,,,,,,,,,,,,,,,,,,,,,,,,,,,,,,,,,,,,,,,,,,,,,,,,,,,,,,,,,,,,,,,,,,,,,,,,,,,,,,,,,,,,,,,,,,,,,,,,,,,,,,,,,1,EA,,,,,,,,,,,,,,,,,,,,,,,,,,,,,,,,,,,,,US,No,Yes
,,,,,,73045028,,,,73045028,73045028,Custom Finyline Wh Gate Sq Bal,-,-,-,-,-,-,-,73045028,,,"-, Commercial Product, 73045028 - Commercial Grade Commercial Product",COMMERCIAL PRODUCT,"-, 73045028, Commercial Product",The - 73045028 is a commercial-grade commercial product designed for professional and industrial applications.,- 73045028 Commercial Product,The - 73045028 is a commercial-grade commercial product designed for professional and industrial applications.,,,,,,,,,,,,,,,,,,,,,,,,,,- 73045028 Commercial Product,,,,,,,,,,,,,,,,,,,,,,,,,,,,,,,,,,,,,,,,,,,,,,,,,,,,,,,,,,,,,,,,,,,,,,,,,,,,,,,,,,,,,,,,,,,,,,,,,,,,,,,,,,,,,,,,,,,,,,,,,,,,,,,,,,,,,,,,,,,,,,,,,,,,,,,,,,,,,1,EA,,,,,,,,,,,,,,,,,,,,,,,,,,,,,,,,,,,,,US,No,Yes
,,,,,,73045031,,,,73045031,73045031,Custom Finyline Wh Gate Rd - w/Black Alum Balusters,-,-,-,-,-,-,-,73045031,,,"-, Commercial Product, 73045031 - Commercial Grade Commercial Product",COMMERCIAL PRODUCT ALUM,"-, 73045031, Commercial Product",The - 73045031 is a commercial-grade commercial product designed for professional and industrial applications. Engineered with durable aluminum construction.,- 73045031 Commercial Product in Aluminum,The - 73045031 is a commercial-grade commercial product designed for professional and industrial applications. Engineered with durable aluminum construction.,Constructed with high-grade Aluminum,,,,,,,,,,,,,,,,,,,,,,,,,- 73045031 Commercial Product in Aluminum,Material,Aluminum,,,,,,,,,,,,,,,,,,,,,,,,,,,,,,,,,,,,,,,,,,,,,,,,,,,,,,,,,,,,,,,,,,,,,,,,,,,,,,,,,,,,,,,,,,,,,,,,,,,,,,,,,,,,,,,,,,,,,,,,,,,,,,,,,,,,,,,,,,,,,,,,,,,,,,,,,,,1,EA,,,,,,,,,,,,,,,,,,,,,,,,,,,,,,,,,,,,,US,No,Yes
,,,,,,543340126,,,,543340126,543340126,"6'x36"" Select Alm w/Sq Bal Hor - Assembled Black Rail Panel",BOISE CASCADE®,BOISE CASCADE®,BOISE CASCADE®,BOISE CASCADE,BOISE CASCADE,BOISE CASCADE®,BOISE CASCADE®,543340126,,,"BOISE CASCADE®, Commercial Product, 543340126, 6 ftx36 - Commercial Grade Commer",COMMERCIAL PRODUCT 6 FTX36,"BOISE CASCADE®, 543340126, Commercial Product, 6 ftx36",The BOISE CASCADE® 543340126 is a commercial-grade commercial product designed for professional and industrial applications. Engineered with measuring 6 ftx36. Key Specifications include ArborSize: 36 in.,BOISE CASCADE® 543340126 Commercial Product (6 ftx36),The BOISE CASCADE® 543340126 is a commercial-grade commercial product designed for professional and industrial applications. Engineered with measuring 6 ftx36. Key Specifications include ArborSize: 36 in.,Precision dimensions: 6 ftx36,,,,,,,,,,,,,,,,,,,,,,,,,BOISE CASCADE® 543340126 Commercial Product (6 ftx36),Dimensions,6 ftx36,in,Arbor Size,36,in,,,,,,,,,,,,,,,,,,,,,,,,,,,,,,,,,,,,,,,,,,,,,,,,,,,,,,,,,,,,,,,,,,,,,,,,,,,,,,,,,,,,,,,,,,,,,,,,,,,,,,,,,,,,,,,,,,,,,,,,,,,,,,,,,,,,,,,,,,,,,,,,,,,,,,,1,EA,,,,,,,,,,,,,,,,,,,,,,,,,,,,,,,,,,,,,US,No,Yes
,,,,,,543340127,,,,543340127,543340127,"6'x36"" Select Alm w/Sq Bal Str - Assembled Black Rail Panel",BOISE CASCADE®,BOISE CASCADE®,BOISE CASCADE®,BOISE CASCADE,BOISE CASCADE,BOISE CASCADE®,BOISE CASCADE®,543340127,,,"BOISE CASCADE®, Commercial Product, 543340127, 6 ftx36 - Commercial Grade Commer",COMMERCIAL PRODUCT 6 FTX36,"BOISE CASCADE®, 543340127, Commercial Product, 6 ftx36",The BOISE CASCADE® 543340127 is a commercial-grade commercial product designed for professional and industrial applications. Engineered with measuring 6 ftx36. Key Specifications include ArborSize: 36 in.,BOISE CASCADE® 543340127 Commercial Product (6 ftx36),The BOISE CASCADE® 543340127 is a commercial-grade commercial product designed for professional and industrial applications. Engineered with measuring 6 ftx36. Key Specifications include ArborSize: 36 in.,Precision dimensions: 6 ftx36,,,,,,,,,,,,,,,,,,,,,,,,,BOISE CASCADE® 543340127 Commercial Product (6 ftx36),Dimensions,6 ftx36,in,Arbor Size,36,in,,,,,,,,,,,,,,,,,,,,,,,,,,,,,,,,,,,,,,,,,,,,,,,,,,,,,,,,,,,,,,,,,,,,,,,,,,,,,,,,,,,,,,,,,,,,,,,,,,,,,,,,,,,,,,,,,,,,,,,,,,,,,,,,,,,,,,,,,,,,,,,,,,,,,,,1,EA,,,,,,,,,,,,,,,,,,,,,,,,,,,,,,,,,,,,,US,No,Yes
,,,,,,543340146,,,,543340146,543340146,"8'x36"" Select Alm w/Sq Bal Hor - Assembled Black Rail Panel",BOISE CASCADE®,BOISE CASCADE®,BOISE CASCADE®,BOISE CASCADE,BOISE CASCADE,BOISE CASCADE®,BOISE CASCADE®,543340146,,,"BOISE CASCADE®, Commercial Product, 543340146, 8 ftx36 - Commercial Grade Commer",COMMERCIAL PRODUCT 8 FTX36,"BOISE CASCADE®, 543340146, Commercial Product, 8 ftx36",The BOISE CASCADE® 543340146 is a commercial-grade commercial product designed for professional and industrial applications. Engineered with measuring 8 ftx36. Key Specifications include ArborSize: 36 in.,BOISE CASCADE® 543340146 Commercial Product (8 ftx36),The BOISE CASCADE® 543340146 is a commercial-grade commercial product designed for professional and industrial applications. Engineered with measuring 8 ftx36. Key Specifications include ArborSize: 36 in.,Precision dimensions: 8 ftx36,,,,,,,,,,,,,,,,,,,,,,,,,BOISE CASCADE® 543340146 Commercial Product (8 ftx36),Dimensions,8 ftx36,in,Arbor Size,36,in,,,,,,,,,,,,,,,,,,,,,,,,,,,,,,,,,,,,,,,,,,,,,,,,,,,,,,,,,,,,,,,,,,,,,,,,,,,,,,,,,,,,,,,,,,,,,,,,,,,,,,,,,,,,,,,,,,,,,,,,,,,,,,,,,,,,,,,,,,,,,,,,,,,,,,,1,EA,,,,,,,,,,,,,,,,,,,,,,,,,,,,,,,,,,,,,US,No,Yes
,,,,,,543340147,,,,543340147,543340147,"8'x36"" Select Alm w/Sq Bal Str - Assembled Black Rail Panel",BOISE CASCADE®,BOISE CASCADE®,BOISE CASCADE®,BOISE CASCADE,BOISE CASCADE,BOISE CASCADE®,BOISE CASCADE®,543340147,,,"BOISE CASCADE®, Commercial Product, 543340147, 8 ftx36 - Commercial Grade Commer",COMMERCIAL PRODUCT 8 FTX36,"BOISE CASCADE®, 543340147, Commercial Product, 8 ftx36",The BOISE CASCADE® 543340147 is a commercial-grade commercial product designed for professional and industrial applications. Engineered with measuring 8 ftx36. Key Specifications include ArborSize: 36 in.,BOISE CASCADE® 543340147 Commercial Product (8 ftx36),The BOISE CASCADE® 543340147 is a commercial-grade commercial product designed for professional and industrial applications. Engineered with measuring 8 ftx36. Key Specifications include ArborSize: 36 in.,Precision dimensions: 8 ftx36,,,,,,,,,,,,,,,,,,,,,,,,,BOISE CASCADE® 543340147 Commercial Product (8 ftx36),Dimensions,8 ftx36,in,Arbor Size,36,in,,,,,,,,,,,,,,,,,,,,,,,,,,,,,,,,,,,,,,,,,,,,,,,,,,,,,,,,,,,,,,,,,,,,,,,,,,,,,,,,,,,,,,,,,,,,,,,,,,,,,,,,,,,,,,,,,,,,,,,,,,,,,,,,,,,,,,,,,,,,,,,,,,,,,,,1,EA,,,,,,,,,,,,,,,,,,,,,,,,,,,,,,,,,,,,,US,No,Yes
,,,,,,ADB15516CS,,,,ADB15516CS,ADB15516CS,1x6-16' Coastline Sq Edge - Vintage Azek PVC Decking,PARKSITE®,PARKSITE®,PARKSITE®,PARKSITE,PARKSITE,PARKSITE®,PARKSITE®,ADB15516CS,,,"PARKSITE®, Commercial Product, ADB15516CS, 1x6-16 - Commercial Grade Commercial",COMMERCIAL PRODUCT 1X6-16,"PARKSITE®, ADB15516CS, Commercial Product, 1x6-16",The PARKSITE® ADB15516CS is a commercial-grade commercial product designed for professional and industrial applications. Engineered with measuring 1x6-16.,PARKSITE® ADB15516CS Commercial Product (1x6-16),The PARKSITE® ADB15516CS is a commercial-grade commercial product designed for professional and industrial applications. Engineered with measuring 1x6-16.,Precision dimensions: 1x6-16,,,,,,,,,,,,,,,,,,,,,,,,,PARKSITE® ADB15516CS Commercial Product (1x6-16),Dimensions,1x6-16,in,,,,,,,,,,,,,,,,,,,,,,,,,,,,,,,,,,,,,,,,,,,,,,,,,,,,,,,,,,,,,,,,,,,,,,,,,,,,,,,,,,,,,,,,,,,,,,,,,,,,,,,,,,,,,,,,,,,,,,,,,,,,,,,,,,,,,,,,,,,,,,,,,,,,,,,,,,1,EA,,,,,,,,,,,,,,,,,,,,,,,,,,,,,,,,,,,,,US,No,Yes
,,,,,,ADB15520CS,,,,ADB15520CS,ADB15520CS,1x6-20' Coastline Sq Edge - Vintage Azek PVC Decking,PARKSITE®,PARKSITE®,PARKSITE®,PARKSITE,PARKSITE,PARKSITE®,PARKSITE®,ADB15520CS,,,"PARKSITE®, Commercial Product, ADB15520CS, 1x6-20 - Commercial Grade Commercial",COMMERCIAL PRODUCT 1X6-20,"PARKSITE®, ADB15520CS, Commercial Product, 1x6-20",The PARKSITE® ADB15520CS is a commercial-grade commercial product designed for professional and industrial applications. Engineered with measuring 1x6-20.,PARKSITE® ADB15520CS Commercial Product (1x6-20),The PARKSITE® ADB15520CS is a commercial-grade commercial product designed for professional and industrial applications. Engineered with measuring 1x6-20.,Precision dimensions: 1x6-20,,,,,,,,,,,,,,,,,,,,,,,,,PARKSITE® ADB15520CS Commercial Product (1x6-20),Dimensions,1x6-20,in,,,,,,,,,,,,,,,,,,,,,,,,,,,,,,,,,,,,,,,,,,,,,,,,,,,,,,,,,,,,,,,,,,,,,,,,,,,,,,,,,,,,,,,,,,,,,,,,,,,,,,,,,,,,,,,,,,,,,,,,,,,,,,,,,,,,,,,,,,,,,,,,,,,,,,,,,,1,EA,,,,,,,,,,,,,,,,,,,,,,,,,,,,,,,,,,,,,US,No,Yes
,,,,,,ADB15516EW,,,,ADB15516EW,ADB15516EW,1x6-16' English Walnut Sq Edge - Vintage Azek PVC Decking,PARKSITE®,PARKSITE®,PARKSITE®,PARKSITE,PARKSITE,PARKSITE®,PARKSITE®,ADB15516EW,,,"PARKSITE®, Commercial Product, ADB15516EW, 1x6-16 - Commercial Grade Commercial",COMMERCIAL PRODUCT 1X6-16,"PARKSITE®, ADB15516EW, Commercial Product, 1x6-16",The PARKSITE® ADB15516EW is a commercial-grade commercial product designed for professional and industrial applications. Engineered with measuring 1x6-16.,PARKSITE® ADB15516EW Commercial Product (1x6-16),The PARKSITE® ADB15516EW is a commercial-grade commercial product designed for professional and industrial applications. Engineered with measuring 1x6-16.,Precision dimensions: 1x6-16,,,,,,,,,,,,,,,,,,,,,,,,,PARKSITE® ADB15516EW Commercial Product (1x6-16),Dimensions,1x6-16,in,,,,,,,,,,,,,,,,,,,,,,,,,,,,,,,,,,,,,,,,,,,,,,,,,,,,,,,,,,,,,,,,,,,,,,,,,,,,,,,,,,,,,,,,,,,,,,,,,,,,,,,,,,,,,,,,,,,,,,,,,,,,,,,,,,,,,,,,,,,,,,,,,,,,,,,,,,1,EA,,,,,,,,,,,,,,,,,,,,,,,,,,,,,,,,,,,,,US,No,Yes
,,,,,,ADB15520EW,,,,ADB15520EW,ADB15520EW,1x6-20' English Walnut Sq Edge - Vintage Azek PVC Decking,PARKSITE®,PARKSITE®,PARKSITE®,PARKSITE,PARKSITE,PARKSITE®,PARKSITE®,ADB15520EW,,,"PARKSITE®, Commercial Product, ADB15520EW, 1x6-20 - Commercial Grade Commercial",COMMERCIAL PRODUCT 1X6-20,"PARKSITE®, ADB15520EW, Commercial Product, 1x6-20",The PARKSITE® ADB15520EW is a commercial-grade commercial product designed for professional and industrial applications. Engineered with measuring 1x6-20.,PARKSITE® ADB15520EW Commercial Product (1x6-20),The PARKSITE® ADB15520EW is a commercial-grade commercial product designed for professional and industrial applications. Engineered with measuring 1x6-20.,Precision dimensions: 1x6-20,,,,,,,,,,,,,,,,,,,,,,,,,PARKSITE® ADB15520EW Commercial Product (1x6-20),Dimensions,1x6-20,in,,,,,,,,,,,,,,,,,,,,,,,,,,,,,,,,,,,,,,,,,,,,,,,,,,,,,,,,,,,,,,,,,,,,,,,,,,,,,,,,,,,,,,,,,,,,,,,,,,,,,,,,,,,,,,,,,,,,,,,,,,,,,,,,,,,,,,,,,,,,,,,,,,,,,,,,,,1,EA,,,,,,,,,,,,,,,,,,,,,,,,,,,,,,,,,,,,,US,No,Yes
,,,,,,ADB15516MH,,,,ADB15516MH,ADB15516MH,1x6-16' Mahogany Sq Edge - Vintage Azek PVC Decking,PARKSITE®,PARKSITE®,PARKSITE®,PARKSITE,PARKSITE,PARKSITE®,PARKSITE®,ADB15516MH,,,"PARKSITE®, Commercial Product, ADB15516MH, 1x6-16 - Commercial Grade Commercial",COMMERCIAL PRODUCT 1X6-16,"PARKSITE®, ADB15516MH, Commercial Product, 1x6-16",The PARKSITE® ADB15516MH is a commercial-grade commercial product designed for professional and industrial applications. Engineered with measuring 1x6-16.,PARKSITE® ADB15516MH Commercial Product (1x6-16),The PARKSITE® ADB15516MH is a commercial-grade commercial product designed for professional and industrial applications. Engineered with measuring 1x6-16.,Precision dimensions: 1x6-16,,,,,,,,,,,,,,,,,,,,,,,,,PARKSITE® ADB15516MH Commercial Product (1x6-16),Dimensions,1x6-16,in,,,,,,,,,,,,,,,,,,,,,,,,,,,,,,,,,,,,,,,,,,,,,,,,,,,,,,,,,,,,,,,,,,,,,,,,,,,,,,,,,,,,,,,,,,,,,,,,,,,,,,,,,,,,,,,,,,,,,,,,,,,,,,,,,,,,,,,,,,,,,,,,,,,,,,,,,,1,EA,,,,,,,,,,,,,,,,,,,,,,,,,,,,,,,,,,,,,US,No,Yes
,,,,,,ADB15520MH,,,,ADB15520MH,ADB15520MH,1x6-20' Mahogany Sq Edge - Vintage Azek PVC Decking,PARKSITE®,PARKSITE®,PARKSITE®,PARKSITE,PARKSITE,PARKSITE®,PARKSITE®,ADB15520MH,,,"PARKSITE®, Commercial Product, ADB15520MH, 1x6-20 - Commercial Grade Commercial",COMMERCIAL PRODUCT 1X6-20,"PARKSITE®, ADB15520MH, Commercial Product, 1x6-20",The PARKSITE® ADB15520MH is a commercial-grade commercial product designed for professional and industrial applications. Engineered with measuring 1x6-20.,PARKSITE® ADB15520MH Commercial Product (1x6-20),The PARKSITE® ADB15520MH is a commercial-grade commercial product designed for professional and industrial applications. Engineered with measuring 1x6-20.,Precision dimensions: 1x6-20,,,,,,,,,,,,,,,,,,,,,,,,,PARKSITE® ADB15520MH Commercial Product (1x6-20),Dimensions,1x6-20,in,,,,,,,,,,,,,,,,,,,,,,,,,,,,,,,,,,,,,,,,,,,,,,,,,,,,,,,,,,,,,,,,,,,,,,,,,,,,,,,,,,,,,,,,,,,,,,,,,,,,,,,,,,,,,,,,,,,,,,,,,,,,,,,,,,,,,,,,,,,,,,,,,,,,,,,,,,1,EA,,,,,,,,,,,,,,,,,,,,,,,,,,,,,,,,,,,,,US,No,Yes
,,,,,,ADB15516WT,,,,ADB15516WT,ADB15516WT,1x6-16' Weathered Teak Sq Edge - Vintage Azek PVC Decking,PARKSITE®,PARKSITE®,PARKSITE®,PARKSITE,PARKSITE,PARKSITE®,PARKSITE®,ADB15516WT,,,"PARKSITE®, Commercial Product, ADB15516WT, 1x6-16 - Commercial Grade Commercial",COMMERCIAL PRODUCT 1X6-16,"PARKSITE®, ADB15516WT, Commercial Product, 1x6-16",The PARKSITE® ADB15516WT is a commercial-grade commercial product designed for professional and industrial applications. Engineered with measuring 1x6-16.,PARKSITE® ADB15516WT Commercial Product (1x6-16),The PARKSITE® ADB15516WT is a commercial-grade commercial product designed for professional and industrial applications. Engineered with measuring 1x6-16.,Precision dimensions: 1x6-16,,,,,,,,,,,,,,,,,,,,,,,,,PARKSITE® ADB15516WT Commercial Product (1x6-16),Dimensions,1x6-16,in,,,,,,,,,,,,,,,,,,,,,,,,,,,,,,,,,,,,,,,,,,,,,,,,,,,,,,,,,,,,,,,,,,,,,,,,,,,,,,,,,,,,,,,,,,,,,,,,,,,,,,,,,,,,,,,,,,,,,,,,,,,,,,,,,,,,,,,,,,,,,,,,,,,,,,,,,,1,EA,,,,,,,,,,,,,,,,,,,,,,,,,,,,,,,,,,,,,US,No,Yes
,,,,,,ADB15520WT,,,,ADB15520WT,ADB15520WT,1x6-20' Weathered Teak Sq Edge - Vintage Azek PVC Decking,PARKSITE®,PARKSITE®,PARKSITE®,PARKSITE,PARKSITE,PARKSITE®,PARKSITE®,ADB15520WT,,,"PARKSITE®, Commercial Product, ADB15520WT, 1x6-20 - Commercial Grade Commercial",COMMERCIAL PRODUCT 1X6-20,"PARKSITE®, ADB15520WT, Commercial Product, 1x6-20",The PARKSITE® ADB15520WT is a commercial-grade commercial product designed for professional and industrial applications. Engineered with measuring 1x6-20.,PARKSITE® ADB15520WT Commercial Product (1x6-20),The PARKSITE® ADB15520WT is a commercial-grade commercial product designed for professional and industrial applications. Engineered with measuring 1x6-20.,Precision dimensions: 1x6-20,,,,,,,,,,,,,,,,,,,,,,,,,PARKSITE® ADB15520WT Commercial Product (1x6-20),Dimensions,1x6-20,in,,,,,,,,,,,,,,,,,,,,,,,,,,,,,,,,,,,,,,,,,,,,,,,,,,,,,,,,,,,,,,,,,,,,,,,,,,,,,,,,,,,,,,,,,,,,,,,,,,,,,,,,,,,,,,,,,,,,,,,,,,,,,,,,,,,,,,,,,,,,,,,,,,,,,,,,,,1,EA,,,,,,,,,,,,,,,,,,,,,,,,,,,,,,,,,,,,,US,No,Yes
,,,,,,AGB15512CS,,,,AGB15512CS,AGB15512CS,1x6-12' Coastline Grooved - Vintage Azek PVC Decking,PARKSITE®,PARKSITE®,PARKSITE®,PARKSITE,PARKSITE,PARKSITE®,PARKSITE®,AGB15512CS,,,"PARKSITE®, Commercial Product, AGB15512CS, 1x6-12 - Commercial Grade Commercial",COMMERCIAL PRODUCT 1X6-12,"PARKSITE®, AGB15512CS, Commercial Product, 1x6-12",The PARKSITE® AGB15512CS is a commercial-grade commercial product designed for professional and industrial applications. Engineered with measuring 1x6-12.,PARKSITE® AGB15512CS Commercial Product (1x6-12),The PARKSITE® AGB15512CS is a commercial-grade commercial product designed for professional and industrial applications. Engineered with measuring 1x6-12.,Precision dimensions: 1x6-12,,,,,,,,,,,,,,,,,,,,,,,,,PARKSITE® AGB15512CS Commercial Product (1x6-12),Dimensions,1x6-12,in,,,,,,,,,,,,,,,,,,,,,,,,,,,,,,,,,,,,,,,,,,,,,,,,,,,,,,,,,,,,,,,,,,,,,,,,,,,,,,,,,,,,,,,,,,,,,,,,,,,,,,,,,,,,,,,,,,,,,,,,,,,,,,,,,,,,,,,,,,,,,,,,,,,,,,,,,,1,EA,,,,,,,,,,,,,,,,,,,,,,,,,,,,,,,,,,,,,US,No,Yes
,,,,,,AGB15516CS,,,,AGB15516CS,AGB15516CS,1x6-16' Coastline Grooved - Vintage Azek PVC Decking,PARKSITE®,PARKSITE®,PARKSITE®,PARKSITE,PARKSITE,PARKSITE®,PARKSITE®,AGB15516CS,,,"PARKSITE®, Commercial Product, AGB15516CS, 1x6-16 - Commercial Grade Commercial",COMMERCIAL PRODUCT 1X6-16,"PARKSITE®, AGB15516CS, Commercial Product, 1x6-16",The PARKSITE® AGB15516CS is a commercial-grade commercial product designed for professional and industrial applications. Engineered with measuring 1x6-16.,PARKSITE® AGB15516CS Commercial Product (1x6-16),The PARKSITE® AGB15516CS is a commercial-grade commercial product designed for professional and industrial applications. Engineered with measuring 1x6-16.,Precision dimensions: 1x6-16,,,,,,,,,,,,,,,,,,,,,,,,,PARKSITE® AGB15516CS Commercial Product (1x6-16),Dimensions,1x6-16,in,,,,,,,,,,,,,,,,,,,,,,,,,,,,,,,,,,,,,,,,,,,,,,,,,,,,,,,,,,,,,,,,,,,,,,,,,,,,,,,,,,,,,,,,,,,,,,,,,,,,,,,,,,,,,,,,,,,,,,,,,,,,,,,,,,,,,,,,,,,,,,,,,,,,,,,,,,1,EA,,,,,,,,,,,,,,,,,,,,,,,,,,,,,,,,,,,,,US,No,Yes
,,,,,,AGB15520CS,,,,AGB15520CS,AGB15520CS,1x6-20' Coastline Grooved - Vintage Azek PVC Decking,PARKSITE®,PARKSITE®,PARKSITE®,PARKSITE,PARKSITE,PARKSITE®,PARKSITE®,AGB15520CS,,,"PARKSITE®, Connector, AGB15520CS - Commercial Grade Connector",CONNECTOR PVC,"PARKSITE®, AGB15520CS, Connector",The PARKSITE® AGB15520CS is a commercial-grade connector designed for professional and industrial applications. Engineered with durable pvc construction. Key Specifications include description: 1x6-20' Coastline Grooved - Vintage Azek PVC Decking.,PARKSITE® AGB15520CS Connector in PVC,The PARKSITE® AGB15520CS is a commercial-grade connector designed for professional and industrial applications. Engineered with durable pvc construction. Key Specifications include description: 1x6-20' Coastline Grooved - Vintage Azek PVC Decking.,Constructed with high-grade PVC,,,,,,,,,,,,,,,,,,,,,,,,,PARKSITE® AGB15520CS Connector in PVC,Material,PVC,,Item Type,Connector,,description,1x6-20' Coastline Grooved - Vintage Azek PVC Decking,,,,,,,,,,,,,,,,,,,,,,,,,,,,,,,,,,,,,,,,,,,,,,,,,,,,,,,,,,,,,,,,,,,,,,,,,,,,,,,,,,,,,,,,,,,,,,,,,,,,,,,,,,,,,,,,,,,,,,,,,,,,,,,,,,,,,,,,,,,,,,,,,,,,,1,EA,,,,,,,,,,,,,,,,,,,,,,,,,,,,,,,,,,,,,US,No,Yes
,,,,,,AGB15512EW,,,,AGB15512EW,AGB15512EW,1x6-12' English Walnut Grooved - Vintage Azek PVC Decking,PARKSITE®,PARKSITE®,PARKSITE®,PARKSITE,PARKSITE,PARKSITE®,PARKSITE®,AGB15512EW,,,"PARKSITE®, Commercial Product, AGB15512EW, 1x6-12 - Commercial Grade Commercial",COMMERCIAL PRODUCT 1X6-12,"PARKSITE®, AGB15512EW, Commercial Product, 1x6-12",The PARKSITE® AGB15512EW is a commercial-grade commercial product designed for professional and industrial applications. Engineered with measuring 1x6-12.,PARKSITE® AGB15512EW Commercial Product (1x6-12),The PARKSITE® AGB15512EW is a commercial-grade commercial product designed for professional and industrial applications. Engineered with measuring 1x6-12.,Precision dimensions: 1x6-12,,,,,,,,,,,,,,,,,,,,,,,,,PARKSITE® AGB15512EW Commercial Product (1x6-12),Dimensions,1x6-12,in,,,,,,,,,,,,,,,,,,,,,,,,,,,,,,,,,,,,,,,,,,,,,,,,,,,,,,,,,,,,,,,,,,,,,,,,,,,,,,,,,,,,,,,,,,,,,,,,,,,,,,,,,,,,,,,,,,,,,,,,,,,,,,,,,,,,,,,,,,,,,,,,,,,,,,,,,,1,EA,,,,,,,,,,,,,,,,,,,,,,,,,,,,,,,,,,,,,US,No,Yes
,,,,,,AGB15516EW,,,,AGB15516EW,AGB15516EW,1x6-16' English Walnut Grooved - Vintage Azek PVC Decking,PARKSITE®,PARKSITE®,PARKSITE®,PARKSITE,PARKSITE,PARKSITE®,PARKSITE®,AGB15516EW,,,"PARKSITE®, Commercial Product, AGB15516EW, 1x6-16 - Commercial Grade Commercial",COMMERCIAL PRODUCT 1X6-16,"PARKSITE®, AGB15516EW, Commercial Product, 1x6-16",The PARKSITE® AGB15516EW is a commercial-grade commercial product designed for professional and industrial applications. Engineered with measuring 1x6-16.,PARKSITE® AGB15516EW Commercial Product (1x6-16),The PARKSITE® AGB15516EW is a commercial-grade commercial product designed for professional and industrial applications. Engineered with measuring 1x6-16.,Precision dimensions: 1x6-16,,,,,,,,,,,,,,,,,,,,,,,,,PARKSITE® AGB15516EW Commercial Product (1x6-16),Dimensions,1x6-16,in,,,,,,,,,,,,,,,,,,,,,,,,,,,,,,,,,,,,,,,,,,,,,,,,,,,,,,,,,,,,,,,,,,,,,,,,,,,,,,,,,,,,,,,,,,,,,,,,,,,,,,,,,,,,,,,,,,,,,,,,,,,,,,,,,,,,,,,,,,,,,,,,,,,,,,,,,,1,EA,,,,,,,,,,,,,,,,,,,,,,,,,,,,,,,,,,,,,US,No,Yes
,,,,,,AGB15520EW,,,,AGB15520EW,AGB15520EW,1x6-20' English Walnut Grooved - Vintage Azek PVC Decking,PARKSITE®,PARKSITE®,PARKSITE®,PARKSITE,PARKSITE,PARKSITE®,PARKSITE®,AGB15520EW,,,"PARKSITE®, Commercial Product, AGB15520EW, 1x6-20 - Commercial Grade Commercial",COMMERCIAL PRODUCT 1X6-20,"PARKSITE®, AGB15520EW, Commercial Product, 1x6-20",The PARKSITE® AGB15520EW is a commercial-grade commercial product designed for professional and industrial applications. Engineered with measuring 1x6-20.,PARKSITE® AGB15520EW Commercial Product (1x6-20),The PARKSITE® AGB15520EW is a commercial-grade commercial product designed for professional and industrial applications. Engineered with measuring 1x6-20.,Precision dimensions: 1x6-20,,,,,,,,,,,,,,,,,,,,,,,,,PARKSITE® AGB15520EW Commercial Product (1x6-20),Dimensions,1x6-20,in,,,,,,,,,,,,,,,,,,,,,,,,,,,,,,,,,,,,,,,,,,,,,,,,,,,,,,,,,,,,,,,,,,,,,,,,,,,,,,,,,,,,,,,,,,,,,,,,,,,,,,,,,,,,,,,,,,,,,,,,,,,,,,,,,,,,,,,,,,,,,,,,,,,,,,,,,,1,EA,,,,,,,,,,,,,,,,,,,,,,,,,,,,,,,,,,,,,US,No,Yes
,,,,,,AGB15512MH,,,,AGB15512MH,AGB15512MH,1x6-12' Mahogany Grooved - Vintage Azek PVC Decking,PARKSITE®,PARKSITE®,PARKSITE®,PARKSITE,PARKSITE,PARKSITE®,PARKSITE®,AGB15512MH,,,"PARKSITE®, Commercial Product, AGB15512MH, 1x6-12 - Commercial Grade Commercial",COMMERCIAL PRODUCT 1X6-12,"PARKSITE®, AGB15512MH, Commercial Product, 1x6-12",The PARKSITE® AGB15512MH is a commercial-grade commercial product designed for professional and industrial applications. Engineered with measuring 1x6-12.,PARKSITE® AGB15512MH Commercial Product (1x6-12),The PARKSITE® AGB15512MH is a commercial-grade commercial product designed for professional and industrial applications. Engineered with measuring 1x6-12.,Precision dimensions: 1x6-12,,,,,,,,,,,,,,,,,,,,,,,,,PARKSITE® AGB15512MH Commercial Product (1x6-12),Dimensions,1x6-12,in,,,,,,,,,,,,,,,,,,,,,,,,,,,,,,,,,,,,,,,,,,,,,,,,,,,,,,,,,,,,,,,,,,,,,,,,,,,,,,,,,,,,,,,,,,,,,,,,,,,,,,,,,,,,,,,,,,,,,,,,,,,,,,,,,,,,,,,,,,,,,,,,,,,,,,,,,,1,EA,,,,,,,,,,,,,,,,,,,,,,,,,,,,,,,,,,,,,US,No,Yes
,,,,,,AGB15516MH,,,,AGB15516MH,AGB15516MH,1x6-16' Mahogany Grooved - Vintage Azek PVC Decking,PARKSITE®,PARKSITE®,PARKSITE®,PARKSITE,PARKSITE,PARKSITE®,PARKSITE®,AGB15516MH,,,"PARKSITE®, Commercial Product, AGB15516MH, 1x6-16 - Commercial Grade Commercial",COMMERCIAL PRODUCT 1X6-16,"PARKSITE®, AGB15516MH, Commercial Product, 1x6-16",The PARKSITE® AGB15516MH is a commercial-grade commercial product designed for professional and industrial applications. Engineered with measuring 1x6-16.,PARKSITE® AGB15516MH Commercial Product (1x6-16),The PARKSITE® AGB15516MH is a commercial-grade commercial product designed for professional and industrial applications. Engineered with measuring 1x6-16.,Precision dimensions: 1x6-16,,,,,,,,,,,,,,,,,,,,,,,,,PARKSITE® AGB15516MH Commercial Product (1x6-16),Dimensions,1x6-16,in,,,,,,,,,,,,,,,,,,,,,,,,,,,,,,,,,,,,,,,,,,,,,,,,,,,,,,,,,,,,,,,,,,,,,,,,,,,,,,,,,,,,,,,,,,,,,,,,,,,,,,,,,,,,,,,,,,,,,,,,,,,,,,,,,,,,,,,,,,,,,,,,,,,,,,,,,,1,EA,,,,,,,,,,,,,,,,,,,,,,,,,,,,,,,,,,,,,US,No,Yes
,,,,,,AGB15520MH,,,,AGB15520MH,AGB15520MH,1x6-20' Mahogany Grooved - Vintage Azek PVC Decking,PARKSITE®,PARKSITE®,PARKSITE®,PARKSITE,PARKSITE,PARKSITE®,PARKSITE®,AGB15520MH,,,"PARKSITE®, Commercial Product, AGB15520MH, 1x6-20 - Commercial Grade Commercial",COMMERCIAL PRODUCT 1X6-20,"PARKSITE®, AGB15520MH, Commercial Product, 1x6-20",The PARKSITE® AGB15520MH is a commercial-grade commercial product designed for professional and industrial applications. Engineered with measuring 1x6-20.,PARKSITE® AGB15520MH Commercial Product (1x6-20),The PARKSITE® AGB15520MH is a commercial-grade commercial product designed for professional and industrial applications. Engineered with measuring 1x6-20.,Precision dimensions: 1x6-20,,,,,,,,,,,,,,,,,,,,,,,,,PARKSITE® AGB15520MH Commercial Product (1x6-20),Dimensions,1x6-20,in,,,,,,,,,,,,,,,,,,,,,,,,,,,,,,,,,,,,,,,,,,,,,,,,,,,,,,,,,,,,,,,,,,,,,,,,,,,,,,,,,,,,,,,,,,,,,,,,,,,,,,,,,,,,,,,,,,,,,,,,,,,,,,,,,,,,,,,,,,,,,,,,,,,,,,,,,,1,EA,,,,,,,,,,,,,,,,,,,,,,,,,,,,,,,,,,,,,US,No,Yes
,,,,,,AGB15512WT,,,,AGB15512WT,AGB15512WT,1x6-12' Weathered Teak Grooved - Vintage Azek PVC Decking,PARKSITE®,PARKSITE®,PARKSITE®,PARKSITE,PARKSITE,PARKSITE®,PARKSITE®,AGB15512WT,,,"PARKSITE®, Commercial Product, AGB15512WT, 1x6-12 - Commercial Grade Commercial",COMMERCIAL PRODUCT 1X6-12,"PARKSITE®, AGB15512WT, Commercial Product, 1x6-12",The PARKSITE® AGB15512WT is a commercial-grade commercial product designed for professional and industrial applications. Engineered with measuring 1x6-12.,PARKSITE® AGB15512WT Commercial Product (1x6-12),The PARKSITE® AGB15512WT is a commercial-grade commercial product designed for professional and industrial applications. Engineered with measuring 1x6-12.,Precision dimensions: 1x6-12,,,,,,,,,,,,,,,,,,,,,,,,,PARKSITE® AGB15512WT Commercial Product (1x6-12),Dimensions,1x6-12,in,,,,,,,,,,,,,,,,,,,,,,,,,,,,,,,,,,,,,,,,,,,,,,,,,,,,,,,,,,,,,,,,,,,,,,,,,,,,,,,,,,,,,,,,,,,,,,,,,,,,,,,,,,,,,,,,,,,,,,,,,,,,,,,,,,,,,,,,,,,,,,,,,,,,,,,,,,1,EA,,,,,,,,,,,,,,,,,,,,,,,,,,,,,,,,,,,,,US,No,Yes
,,,,,,AGB15516WT,,,,AGB15516WT,AGB15516WT,1x6-16' Weathered Teak Grooved - Vintage Azek PVC Decking,PARKSITE®,PARKSITE®,PARKSITE®,PARKSITE,PARKSITE,PARKSITE®,PARKSITE®,AGB15516WT,,,"PARKSITE®, Commercial Product, AGB15516WT, 1x6-16 - Commercial Grade Commercial",COMMERCIAL PRODUCT 1X6-16,"PARKSITE®, AGB15516WT, Commercial Product, 1x6-16",The PARKSITE® AGB15516WT is a commercial-grade commercial product designed for professional and industrial applications. Engineered with measuring 1x6-16.,PARKSITE® AGB15516WT Commercial Product (1x6-16),The PARKSITE® AGB15516WT is a commercial-grade commercial product designed for professional and industrial applications. Engineered with measuring 1x6-16.,Precision dimensions: 1x6-16,,,,,,,,,,,,,,,,,,,,,,,,,PARKSITE® AGB15516WT Commercial Product (1x6-16),Dimensions,1x6-16,in,,,,,,,,,,,,,,,,,,,,,,,,,,,,,,,,,,,,,,,,,,,,,,,,,,,,,,,,,,,,,,,,,,,,,,,,,,,,,,,,,,,,,,,,,,,,,,,,,,,,,,,,,,,,,,,,,,,,,,,,,,,,,,,,,,,,,,,,,,,,,,,,,,,,,,,,,,1,EA,,,,,,,,,,,,,,,,,,,,,,,,,,,,,,,,,,,,,US,No,Yes
,,,,,,AGB15520WT,,,,AGB15520WT,AGB15520WT,1x6-20' Weathered Teak Grooved - Vintage Azek PVC Decking,PARKSITE®,PARKSITE®,PARKSITE®,PARKSITE,PARKSITE,PARKSITE®,PARKSITE®,AGB15520WT,,,"PARKSITE®, Commercial Product, AGB15520WT, 1x6-20 - Commercial Grade Commercial",COMMERCIAL PRODUCT 1X6-20,"PARKSITE®, AGB15520WT, Commercial Product, 1x6-20",The PARKSITE® AGB15520WT is a commercial-grade commercial product designed for professional and industrial applications. Engineered with measuring 1x6-20.,PARKSITE® AGB15520WT Commercial Product (1x6-20),The PARKSITE® AGB15520WT is a commercial-grade commercial product designed for professional and industrial applications. Engineered with measuring 1x6-20.,Precision dimensions: 1x6-20,,,,,,,,,,,,,,,,,,,,,,,,,PARKSITE® AGB15520WT Commercial Product (1x6-20),Dimensions,1x6-20,in,,,,,,,,,,,,,,,,,,,,,,,,,,,,,,,,,,,,,,,,,,,,,,,,,,,,,,,,,,,,,,,,,,,,,,,,,,,,,,,,,,,,,,,,,,,,,,,,,,,,,,,,,,,,,,,,,,,,,,,,,,,,,,,,,,,,,,,,,,,,,,,,,,,,,,,,,,1,EA,,,,,,,,,,,,,,,,,,,,,,,,,,,,,,,,,,,,,US,No,Yes
,,,,,,ADB15516AW,,,,ADB15516AW,ADB15516AW,1x6-16' American Walnut Sq Edg - Landmark Azek PVC Decking,PARKSITE®,PARKSITE®,PARKSITE®,PARKSITE,PARKSITE,PARKSITE®,PARKSITE®,ADB15516AW,,,"PARKSITE®, Commercial Product, ADB15516AW, 1x6-16 - Commercial Grade Commercial",COMMERCIAL PRODUCT 1X6-16,"PARKSITE®, ADB15516AW, Commercial Product, 1x6-16",The PARKSITE® ADB15516AW is a commercial-grade commercial product designed for professional and industrial applications. Engineered with measuring 1x6-16.,PARKSITE® ADB15516AW Commercial Product (1x6-16),The PARKSITE® ADB15516AW is a commercial-grade commercial product designed for professional and industrial applications. Engineered with measuring 1x6-16.,Precision dimensions: 1x6-16,,,,,,,,,,,,,,,,,,,,,,,,,PARKSITE® ADB15516AW Commercial Product (1x6-16),Dimensions,1x6-16,in,,,,,,,,,,,,,,,,,,,,,,,,,,,,,,,,,,,,,,,,,,,,,,,,,,,,,,,,,,,,,,,,,,,,,,,,,,,,,,,,,,,,,,,,,,,,,,,,,,,,,,,,,,,,,,,,,,,,,,,,,,,,,,,,,,,,,,,,,,,,,,,,,,,,,,,,,,1,EA,,,,,,,,,,,,,,,,,,,,,,,,,,,,,,,,,,,,,US,No,Yes
,,,,,,ADB15520AW,,,,ADB15520AW,ADB15520AW,1x6-20' American Walnut Sq Edg - Landmark Azek PVC Decking,PARKSITE®,PARKSITE®,PARKSITE®,PARKSITE,PARKSITE,PARKSITE®,PARKSITE®,ADB15520AW,,,"PARKSITE®, Commercial Product, ADB15520AW, 1x6-20 - Commercial Grade Commercial",COMMERCIAL PRODUCT 1X6-20,"PARKSITE®, ADB15520AW, Commercial Product, 1x6-20",The PARKSITE® ADB15520AW is a commercial-grade commercial product designed for professional and industrial applications. Engineered with measuring 1x6-20.,PARKSITE® ADB15520AW Commercial Product (1x6-20),The PARKSITE® ADB15520AW is a commercial-grade commercial product designed for professional and industrial applications. Engineered with measuring 1x6-20.,Precision dimensions: 1x6-20,,,,,,,,,,,,,,,,,,,,,,,,,PARKSITE® ADB15520AW Commercial Product (1x6-20),Dimensions,1x6-20,in,,,,,,,,,,,,,,,,,,,,,,,,,,,,,,,,,,,,,,,,,,,,,,,,,,,,,,,,,,,,,,,,,,,,,,,,,,,,,,,,,,,,,,,,,,,,,,,,,,,,,,,,,,,,,,,,,,,,,,,,,,,,,,,,,,,,,,,,,,,,,,,,,,,,,,,,,,1,EA,,,,,,,,,,,,,,,,,,,,,,,,,,,,,,,,,,,,,US,No,Yes
,,,,,,ADB15516CG,,,,ADB15516CG,ADB15516CG,1x6-16' Castle Gate Sq Edge - Landmark Azek PVC Decking,PARKSITE®,PARKSITE®,PARKSITE®,PARKSITE,PARKSITE,PARKSITE®,PARKSITE®,ADB15516CG,,,"PARKSITE®, Commercial Product, ADB15516CG, 1x6-16 - Commercial Grade Commercial",COMMERCIAL PRODUCT 1X6-16,"PARKSITE®, ADB15516CG, Commercial Product, 1x6-16",The PARKSITE® ADB15516CG is a commercial-grade commercial product designed for professional and industrial applications. Engineered with measuring 1x6-16.,PARKSITE® ADB15516CG Commercial Product (1x6-16),The PARKSITE® ADB15516CG is a commercial-grade commercial product designed for professional and industrial applications. Engineered with measuring 1x6-16.,Precision dimensions: 1x6-16,,,,,,,,,,,,,,,,,,,,,,,,,PARKSITE® ADB15516CG Commercial Product (1x6-16),Dimensions,1x6-16,in,,,,,,,,,,,,,,,,,,,,,,,,,,,,,,,,,,,,,,,,,,,,,,,,,,,,,,,,,,,,,,,,,,,,,,,,,,,,,,,,,,,,,,,,,,,,,,,,,,,,,,,,,,,,,,,,,,,,,,,,,,,,,,,,,,,,,,,,,,,,,,,,,,,,,,,,,,1,EA,,,,,,,,,,,,,,,,,,,,,,,,,,,,,,,,,,,,,US,No,Yes
,,,,,,ADB15520CG,,,,ADB15520CG,ADB15520CG,1x6-20' Castle Gate Sq Edge - Landmark Azek PVC Decking,PARKSITE®,PARKSITE®,PARKSITE®,PARKSITE,PARKSITE,PARKSITE®,PARKSITE®,ADB15520CG,,,"PARKSITE®, Commercial Product, ADB15520CG, 1x6-20 - Commercial Grade Commercial",COMMERCIAL PRODUCT 1X6-20,"PARKSITE®, ADB15520CG, Commercial Product, 1x6-20",The PARKSITE® ADB15520CG is a commercial-grade commercial product designed for professional and industrial applications. Engineered with measuring 1x6-20.,PARKSITE® ADB15520CG Commercial Product (1x6-20),The PARKSITE® ADB15520CG is a commercial-grade commercial product designed for professional and industrial applications. Engineered with measuring 1x6-20.,Precision dimensions: 1x6-20,,,,,,,,,,,,,,,,,,,,,,,,,PARKSITE® ADB15520CG Commercial Product (1x6-20),Dimensions,1x6-20,in,,,,,,,,,,,,,,,,,,,,,,,,,,,,,,,,,,,,,,,,,,,,,,,,,,,,,,,,,,,,,,,,,,,,,,,,,,,,,,,,,,,,,,,,,,,,,,,,,,,,,,,,,,,,,,,,,,,,,,,,,,,,,,,,,,,,,,,,,,,,,,,,,,,,,,,,,,1,EA,,,,,,,,,,,,,,,,,,,,,,,,,,,,,,,,,,,,,US,No,Yes
,,,,,,ADB15516FW,,,,ADB15516FW,ADB15516FW,1x6-16' French White Oak Sq Ed - Landmark Azek PVC Decking,PARKSITE®,PARKSITE®,PARKSITE®,PARKSITE,PARKSITE,PARKSITE®,PARKSITE®,ADB15516FW,,,"PARKSITE®, Commercial Product, ADB15516FW, 1x6-16 - Commercial Grade Commercial",COMMERCIAL PRODUCT 1X6-16,"PARKSITE®, ADB15516FW, Commercial Product, 1x6-16",The PARKSITE® ADB15516FW is a commercial-grade commercial product designed for professional and industrial applications. Engineered with measuring 1x6-16.,PARKSITE® ADB15516FW Commercial Product (1x6-16),The PARKSITE® ADB15516FW is a commercial-grade commercial product designed for professional and industrial applications. Engineered with measuring 1x6-16.,Precision dimensions: 1x6-16,,,,,,,,,,,,,,,,,,,,,,,,,PARKSITE® ADB15516FW Commercial Product (1x6-16),Dimensions,1x6-16,in,,,,,,,,,,,,,,,,,,,,,,,,,,,,,,,,,,,,,,,,,,,,,,,,,,,,,,,,,,,,,,,,,,,,,,,,,,,,,,,,,,,,,,,,,,,,,,,,,,,,,,,,,,,,,,,,,,,,,,,,,,,,,,,,,,,,,,,,,,,,,,,,,,,,,,,,,,1,EA,,,,,,,,,,,,,,,,,,,,,,,,,,,,,,,,,,,,,US,No,Yes
,,,,,,ADB15520FW,,,,ADB15520FW,ADB15520FW,1x6-20' French White Oak Sq Ed - Landmark Azek PVC Decking,PARKSITE®,PARKSITE®,PARKSITE®,PARKSITE,PARKSITE,PARKSITE®,PARKSITE®,ADB15520FW,,,"PARKSITE®, Commercial Product, ADB15520FW, 1x6-20 - Commercial Grade Commercial",COMMERCIAL PRODUCT 1X6-20,"PARKSITE®, ADB15520FW, Commercial Product, 1x6-20",The PARKSITE® ADB15520FW is a commercial-grade commercial product designed for professional and industrial applications. Engineered with measuring 1x6-20.,PARKSITE® ADB15520FW Commercial Product (1x6-20),The PARKSITE® ADB15520FW is a commercial-grade commercial product designed for professional and industrial applications. Engineered with measuring 1x6-20.,Precision dimensions: 1x6-20,,,,,,,,,,,,,,,,,,,,,,,,,PARKSITE® ADB15520FW Commercial Product (1x6-20),Dimensions,1x6-20,in,,,,,,,,,,,,,,,,,,,,,,,,,,,,,,,,,,,,,,,,,,,,,,,,,,,,,,,,,,,,,,,,,,,,,,,,,,,,,,,,,,,,,,,,,,,,,,,,,,,,,,,,,,,,,,,,,,,,,,,,,,,,,,,,,,,,,,,,,,,,,,,,,,,,,,,,,,1,EA,,,,,,,,,,,,,,,,,,,,,,,,,,,,,,,,,,,,,US,No,Yes
,,,,,,AGB15512AW,,,,AGB15512AW,AGB15512AW,1x6-12' American Walnut Groove - Landmark Azek PVC Decking,PARKSITE®,PARKSITE®,PARKSITE®,PARKSITE,PARKSITE,PARKSITE®,PARKSITE®,AGB15512AW,,,"PARKSITE®, Commercial Product, AGB15512AW, 1x6-12 - Commercial Grade Commercial",COMMERCIAL PRODUCT 1X6-12,"PARKSITE®, AGB15512AW, Commercial Product, 1x6-12",The PARKSITE® AGB15512AW is a commercial-grade commercial product designed for professional and industrial applications. Engineered with measuring 1x6-12.,PARKSITE® AGB15512AW Commercial Product (1x6-12),The PARKSITE® AGB15512AW is a commercial-grade commercial product designed for professional and industrial applications. Engineered with measuring 1x6-12.,Precision dimensions: 1x6-12,,,,,,,,,,,,,,,,,,,,,,,,,PARKSITE® AGB15512AW Commercial Product (1x6-12),Dimensions,1x6-12,in,,,,,,,,,,,,,,,,,,,,,,,,,,,,,,,,,,,,,,,,,,,,,,,,,,,,,,,,,,,,,,,,,,,,,,,,,,,,,,,,,,,,,,,,,,,,,,,,,,,,,,,,,,,,,,,,,,,,,,,,,,,,,,,,,,,,,,,,,,,,,,,,,,,,,,,,,,1,EA,,,,,,,,,,,,,,,,,,,,,,,,,,,,,,,,,,,,,US,No,Yes
,,,,,,AGB15516AW,,,,AGB15516AW,AGB15516AW,1x6-16' American Walnut Groove - Landmark Azek PVC Decking,PARKSITE®,PARKSITE®,PARKSITE®,PARKSITE,PARKSITE,PARKSITE®,PARKSITE®,AGB15516AW,,,"PARKSITE®, Commercial Product, AGB15516AW, 1x6-16 - Commercial Grade Commercial",COMMERCIAL PRODUCT 1X6-16,"PARKSITE®, AGB15516AW, Commercial Product, 1x6-16",The PARKSITE® AGB15516AW is a commercial-grade commercial product designed for professional and industrial applications. Engineered with measuring 1x6-16.,PARKSITE® AGB15516AW Commercial Product (1x6-16),The PARKSITE® AGB15516AW is a commercial-grade commercial product designed for professional and industrial applications. Engineered with measuring 1x6-16.,Precision dimensions: 1x6-16,,,,,,,,,,,,,,,,,,,,,,,,,PARKSITE® AGB15516AW Commercial Product (1x6-16),Dimensions,1x6-16,in,,,,,,,,,,,,,,,,,,,,,,,,,,,,,,,,,,,,,,,,,,,,,,,,,,,,,,,,,,,,,,,,,,,,,,,,,,,,,,,,,,,,,,,,,,,,,,,,,,,,,,,,,,,,,,,,,,,,,,,,,,,,,,,,,,,,,,,,,,,,,,,,,,,,,,,,,,1,EA,,,,,,,,,,,,,,,,,,,,,,,,,,,,,,,,,,,,,US,No,Yes
,,,,,,AGB15520AW,,,,AGB15520AW,AGB15520AW,1x6-20' American Walnut Groove - Landmark Azek PVC Decking,PARKSITE®,PARKSITE®,PARKSITE®,PARKSITE,PARKSITE,PARKSITE®,PARKSITE®,AGB15520AW,,,"PARKSITE®, Commercial Product, AGB15520AW, 1x6-20 - Commercial Grade Commercial",COMMERCIAL PRODUCT 1X6-20,"PARKSITE®, AGB15520AW, Commercial Product, 1x6-20",The PARKSITE® AGB15520AW is a commercial-grade commercial product designed for professional and industrial applications. Engineered with measuring 1x6-20.,PARKSITE® AGB15520AW Commercial Product (1x6-20),The PARKSITE® AGB15520AW is a commercial-grade commercial product designed for professional and industrial applications. Engineered with measuring 1x6-20.,Precision dimensions: 1x6-20,,,,,,,,,,,,,,,,,,,,,,,,,PARKSITE® AGB15520AW Commercial Product (1x6-20),Dimensions,1x6-20,in,,,,,,,,,,,,,,,,,,,,,,,,,,,,,,,,,,,,,,,,,,,,,,,,,,,,,,,,,,,,,,,,,,,,,,,,,,,,,,,,,,,,,,,,,,,,,,,,,,,,,,,,,,,,,,,,,,,,,,,,,,,,,,,,,,,,,,,,,,,,,,,,,,,,,,,,,,1,EA,,,,,,,,,,,,,,,,,,,,,,,,,,,,,,,,,,,,,US,No,Yes
,,,,,,AGB15512CG,,,,AGB15512CG,AGB15512CG,1x6-12' Castle Gate Grooved - Landmark Azek PVC Decking,PARKSITE®,PARKSITE®,PARKSITE®,PARKSITE,PARKSITE,PARKSITE®,PARKSITE®,AGB15512CG,,,"PARKSITE®, Commercial Product, AGB15512CG, 1x6-12 - Commercial Grade Commercial",COMMERCIAL PRODUCT 1X6-12,"PARKSITE®, AGB15512CG, Commercial Product, 1x6-12",The PARKSITE® AGB15512CG is a commercial-grade commercial product designed for professional and industrial applications. Engineered with measuring 1x6-12.,PARKSITE® AGB15512CG Commercial Product (1x6-12),The PARKSITE® AGB15512CG is a commercial-grade commercial product designed for professional and industrial applications. Engineered with measuring 1x6-12.,Precision dimensions: 1x6-12,,,,,,,,,,,,,,,,,,,,,,,,,PARKSITE® AGB15512CG Commercial Product (1x6-12),Dimensions,1x6-12,in,,,,,,,,,,,,,,,,,,,,,,,,,,,,,,,,,,,,,,,,,,,,,,,,,,,,,,,,,,,,,,,,,,,,,,,,,,,,,,,,,,,,,,,,,,,,,,,,,,,,,,,,,,,,,,,,,,,,,,,,,,,,,,,,,,,,,,,,,,,,,,,,,,,,,,,,,,1,EA,,,,,,,,,,,,,,,,,,,,,,,,,,,,,,,,,,,,,US,No,Yes
,,,,,,AGB15516CG,,,,AGB15516CG,AGB15516CG,1x6-16' Castle Gate Grooved - Landmark Azek PVC Decking,PARKSITE®,PARKSITE®,PARKSITE®,PARKSITE,PARKSITE,PARKSITE®,PARKSITE®,AGB15516CG,,,"PARKSITE®, Commercial Product, AGB15516CG, 1x6-16 - Commercial Grade Commercial",COMMERCIAL PRODUCT 1X6-16,"PARKSITE®, AGB15516CG, Commercial Product, 1x6-16",The PARKSITE® AGB15516CG is a commercial-grade commercial product designed for professional and industrial applications. Engineered with measuring 1x6-16.,PARKSITE® AGB15516CG Commercial Product (1x6-16),The PARKSITE® AGB15516CG is a commercial-grade commercial product designed for professional and industrial applications. Engineered with measuring 1x6-16.,Precision dimensions: 1x6-16,,,,,,,,,,,,,,,,,,,,,,,,,PARKSITE® AGB15516CG Commercial Product (1x6-16),Dimensions,1x6-16,in,,,,,,,,,,,,,,,,,,,,,,,,,,,,,,,,,,,,,,,,,,,,,,,,,,,,,,,,,,,,,,,,,,,,,,,,,,,,,,,,,,,,,,,,,,,,,,,,,,,,,,,,,,,,,,,,,,,,,,,,,,,,,,,,,,,,,,,,,,,,,,,,,,,,,,,,,,1,EA,,,,,,,,,,,,,,,,,,,,,,,,,,,,,,,,,,,,,US,No,Yes
,,,,,,AGB15520CG,,,,AGB15520CG,AGB15520CG,1x6-20' Castle Gate Grooved - Landmark Azek PVC Decking,PARKSITE®,PARKSITE®,PARKSITE®,PARKSITE,PARKSITE,PARKSITE®,PARKSITE®,AGB15520CG,,,"PARKSITE®, Commercial Product, AGB15520CG, 1x6-20 - Commercial Grade Commercial",COMMERCIAL PRODUCT 1X6-20,"PARKSITE®, AGB15520CG, Commercial Product, 1x6-20",The PARKSITE® AGB15520CG is a commercial-grade commercial product designed for professional and industrial applications. Engineered with measuring 1x6-20.,PARKSITE® AGB15520CG Commercial Product (1x6-20),The PARKSITE® AGB15520CG is a commercial-grade commercial product designed for professional and industrial applications. Engineered with measuring 1x6-20.,Precision dimensions: 1x6-20,,,,,,,,,,,,,,,,,,,,,,,,,PARKSITE® AGB15520CG Commercial Product (1x6-20),Dimensions,1x6-20,in,,,,,,,,,,,,,,,,,,,,,,,,,,,,,,,,,,,,,,,,,,,,,,,,,,,,,,,,,,,,,,,,,,,,,,,,,,,,,,,,,,,,,,,,,,,,,,,,,,,,,,,,,,,,,,,,,,,,,,,,,,,,,,,,,,,,,,,,,,,,,,,,,,,,,,,,,,1,EA,,,,,,,,,,,,,,,,,,,,,,,,,,,,,,,,,,,,,US,No,Yes
,,,,,,AGB15512FW,,,,AGB15512FW,AGB15512FW,1x6-12' French White Oak Groov - Landmark Azek PVC Decking,PARKSITE®,PARKSITE®,PARKSITE®,PARKSITE,PARKSITE,PARKSITE®,PARKSITE®,AGB15512FW,,,"PARKSITE®, Commercial Product, AGB15512FW, 1x6-12 - Commercial Grade Commercial",COMMERCIAL PRODUCT 1X6-12,"PARKSITE®, AGB15512FW, Commercial Product, 1x6-12",The PARKSITE® AGB15512FW is a commercial-grade commercial product designed for professional and industrial applications. Engineered with measuring 1x6-12.,PARKSITE® AGB15512FW Commercial Product (1x6-12),The PARKSITE® AGB15512FW is a commercial-grade commercial product designed for professional and industrial applications. Engineered with measuring 1x6-12.,Precision dimensions: 1x6-12,,,,,,,,,,,,,,,,,,,,,,,,,PARKSITE® AGB15512FW Commercial Product (1x6-12),Dimensions,1x6-12,in,,,,,,,,,,,,,,,,,,,,,,,,,,,,,,,,,,,,,,,,,,,,,,,,,,,,,,,,,,,,,,,,,,,,,,,,,,,,,,,,,,,,,,,,,,,,,,,,,,,,,,,,,,,,,,,,,,,,,,,,,,,,,,,,,,,,,,,,,,,,,,,,,,,,,,,,,,1,EA,,,,,,,,,,,,,,,,,,,,,,,,,,,,,,,,,,,,,US,No,Yes
,,,,,,AGB15516FW,,,,AGB15516FW,AGB15516FW,1x6-16' French White Oak Groov - Landmark Azek PVC Decking,PARKSITE®,PARKSITE®,PARKSITE®,PARKSITE,PARKSITE,PARKSITE®,PARKSITE®,AGB15516FW,,,"PARKSITE®, Commercial Product, AGB15516FW, 1x6-16 - Commercial Grade Commercial",COMMERCIAL PRODUCT 1X6-16,"PARKSITE®, AGB15516FW, Commercial Product, 1x6-16",The PARKSITE® AGB15516FW is a commercial-grade commercial product designed for professional and industrial applications. Engineered with measuring 1x6-16.,PARKSITE® AGB15516FW Commercial Product (1x6-16),The PARKSITE® AGB15516FW is a commercial-grade commercial product designed for professional and industrial applications. Engineered with measuring 1x6-16.,Precision dimensions: 1x6-16,,,,,,,,,,,,,,,,,,,,,,,,,PARKSITE® AGB15516FW Commercial Product (1x6-16),Dimensions,1x6-16,in,,,,,,,,,,,,,,,,,,,,,,,,,,,,,,,,,,,,,,,,,,,,,,,,,,,,,,,,,,,,,,,,,,,,,,,,,,,,,,,,,,,,,,,,,,,,,,,,,,,,,,,,,,,,,,,,,,,,,,,,,,,,,,,,,,,,,,,,,,,,,,,,,,,,,,,,,,1,EA,,,,,,,,,,,,,,,,,,,,,,,,,,,,,,,,,,,,,US,No,Yes
,,,,,,AGB15520FW,,,,AGB15520FW,AGB15520FW,1x6-20' French White Oak Groov - Landmark Azek PVC Decking,PARKSITE®,PARKSITE®,PARKSITE®,PARKSITE,PARKSITE,PARKSITE®,PARKSITE®,AGB15520FW,,,"PARKSITE®, Commercial Product, AGB15520FW, 1x6-20 - Commercial Grade Commercial",COMMERCIAL PRODUCT 1X6-20,"PARKSITE®, AGB15520FW, Commercial Product, 1x6-20",The PARKSITE® AGB15520FW is a commercial-grade commercial product designed for professional and industrial applications. Engineered with measuring 1x6-20.,PARKSITE® AGB15520FW Commercial Product (1x6-20),The PARKSITE® AGB15520FW is a commercial-grade commercial product designed for professional and industrial applications. Engineered with measuring 1x6-20.,Precision dimensions: 1x6-20,,,,,,,,,,,,,,,,,,,,,,,,,PARKSITE® AGB15520FW Commercial Product (1x6-20),Dimensions,1x6-20,in,,,,,,,,,,,,,,,,,,,,,,,,,,,,,,,,,,,,,,,,,,,,,,,,,,,,,,,,,,,,,,,,,,,,,,,,,,,,,,,,,,,,,,,,,,,,,,,,,,,,,,,,,,,,,,,,,,,,,,,,,,,,,,,,,,,,,,,,,,,,,,,,,,,,,,,,,,1,EA,,,,,,,,,,,,,,,,,,,,,,,,,,,,,,,,,,,,,US,No,Yes
,,,,,,ADCB15516BS,,,,ADCB15516BS,ADCB15516BS,1x6-16' Brownstone Sq Edge - Harvest Azek PVC Decking,PARKSITE®,PARKSITE®,PARKSITE®,PARKSITE,PARKSITE,PARKSITE®,PARKSITE®,ADCB15516BS,,,"PARKSITE®, Commercial Product, ADCB15516BS, 1x6-16 - Commercial Grade Commercial",COMMERCIAL PRODUCT 1X6-16,"PARKSITE®, ADCB15516BS, Commercial Product, 1x6-16",The PARKSITE® ADCB15516BS is a commercial-grade commercial product designed for professional and industrial applications. Engineered with measuring 1x6-16.,PARKSITE® ADCB15516BS Commercial Product (1x6-16),The PARKSITE® ADCB15516BS is a commercial-grade commercial product designed for professional and industrial applications. Engineered with measuring 1x6-16.,Precision dimensions: 1x6-16,,,,,,,,,,,,,,,,,,,,,,,,,PARKSITE® ADCB15516BS Commercial Product (1x6-16),Dimensions,1x6-16,in,,,,,,,,,,,,,,,,,,,,,,,,,,,,,,,,,,,,,,,,,,,,,,,,,,,,,,,,,,,,,,,,,,,,,,,,,,,,,,,,,,,,,,,,,,,,,,,,,,,,,,,,,,,,,,,,,,,,,,,,,,,,,,,,,,,,,,,,,,,,,,,,,,,,,,,,,,1,EA,,,,,,,,,,,,,,,,,,,,,,,,,,,,,,,,,,,,,US,No,Yes
,,,,,,ADCB15520BS,,,,ADCB15520BS,ADCB15520BS,1x6-20' Brownstone Sq Edge - Harvest Azek PVC Decking,PARKSITE®,PARKSITE®,PARKSITE®,PARKSITE,PARKSITE,PARKSITE®,PARKSITE®,ADCB15520BS,,,"PARKSITE®, Commercial Product, ADCB15520BS, 1x6-20 - Commercial Grade Commercial",COMMERCIAL PRODUCT 1X6-20,"PARKSITE®, ADCB15520BS, Commercial Product, 1x6-20",The PARKSITE® ADCB15520BS is a commercial-grade commercial product designed for professional and industrial applications. Engineered with measuring 1x6-20.,PARKSITE® ADCB15520BS Commercial Product (1x6-20),The PARKSITE® ADCB15520BS is a commercial-grade commercial product designed for professional and industrial applications. Engineered with measuring 1x6-20.,Precision dimensions: 1x6-20,,,,,,,,,,,,,,,,,,,,,,,,,PARKSITE® ADCB15520BS Commercial Product (1x6-20),Dimensions,1x6-20,in,,,,,,,,,,,,,,,,,,,,,,,,,,,,,,,,,,,,,,,,,,,,,,,,,,,,,,,,,,,,,,,,,,,,,,,,,,,,,,,,,,,,,,,,,,,,,,,,,,,,,,,,,,,,,,,,,,,,,,,,,,,,,,,,,,,,,,,,,,,,,,,,,,,,,,,,,,1,EA,,,,,,,,,,,,,,,,,,,,,,,,,,,,,,,,,,,,,US,No,Yes
,,,,,,ADCB15516SG,,,,ADCB15516SG,ADCB15516SG,1x6-16' Slate Gray Sq Edge - Harvest Azek PVC Decking,PARKSITE®,PARKSITE®,PARKSITE®,PARKSITE,PARKSITE,PARKSITE®,PARKSITE®,ADCB15516SG,,,"PARKSITE®, Commercial Product, ADCB15516SG, 1x6-16 - Commercial Grade Commercial",COMMERCIAL PRODUCT 1X6-16,"PARKSITE®, ADCB15516SG, Commercial Product, 1x6-16",The PARKSITE® ADCB15516SG is a commercial-grade commercial product designed for professional and industrial applications. Engineered with measuring 1x6-16.,PARKSITE® ADCB15516SG Commercial Product (1x6-16),The PARKSITE® ADCB15516SG is a commercial-grade commercial product designed for professional and industrial applications. Engineered with measuring 1x6-16.,Precision dimensions: 1x6-16,,,,,,,,,,,,,,,,,,,,,,,,,PARKSITE® ADCB15516SG Commercial Product (1x6-16),Dimensions,1x6-16,in,,,,,,,,,,,,,,,,,,,,,,,,,,,,,,,,,,,,,,,,,,,,,,,,,,,,,,,,,,,,,,,,,,,,,,,,,,,,,,,,,,,,,,,,,,,,,,,,,,,,,,,,,,,,,,,,,,,,,,,,,,,,,,,,,,,,,,,,,,,,,,,,,,,,,,,,,,1,EA,,,,,,,,,,,,,,,,,,,,,,,,,,,,,,,,,,,,,US,No,Yes
,,,,,,ADCB15520SG,,,,ADCB15520SG,ADCB15520SG,1x6-20' Slate Gray Sq Edge - Harvest Azek PVC Decking,PARKSITE®,PARKSITE®,PARKSITE®,PARKSITE,PARKSITE,PARKSITE®,PARKSITE®,ADCB15520SG,,,"PARKSITE®, Commercial Product, ADCB15520SG, 1x6-20 - Commercial Grade Commercial",COMMERCIAL PRODUCT 1X6-20,"PARKSITE®, ADCB15520SG, Commercial Product, 1x6-20",The PARKSITE® ADCB15520SG is a commercial-grade commercial product designed for professional and industrial applications. Engineered with measuring 1x6-20.,PARKSITE® ADCB15520SG Commercial Product (1x6-20),The PARKSITE® ADCB15520SG is a commercial-grade commercial product designed for professional and industrial applications. Engineered with measuring 1x6-20.,Precision dimensions: 1x6-20,,,,,,,,,,,,,,,,,,,,,,,,,PARKSITE® ADCB15520SG Commercial Product (1x6-20),Dimensions,1x6-20,in,,,,,,,,,,,,,,,,,,,,,,,,,,,,,,,,,,,,,,,,,,,,,,,,,,,,,,,,,,,,,,,,,,,,,,,,,,,,,,,,,,,,,,,,,,,,,,,,,,,,,,,,,,,,,,,,,,,,,,,,,,,,,,,,,,,,,,,,,,,,,,,,,,,,,,,,,,1,EA,,,,,,,,,,,,,,,,,,,,,,,,,,,,,,,,,,,,,US,No,Yes
,,,,,,AGB15512BS,,,,AGB15512BS,AGB15512BS,1x6-12' Brownstone Grooved - Harvest Azek PVC Decking,PARKSITE®,PARKSITE®,PARKSITE®,PARKSITE,PARKSITE,PARKSITE®,PARKSITE®,AGB15512BS,,,"PARKSITE®, Commercial Product, AGB15512BS, 1x6-12 - Commercial Grade Commercial",COMMERCIAL PRODUCT 1X6-12,"PARKSITE®, AGB15512BS, Commercial Product, 1x6-12",The PARKSITE® AGB15512BS is a commercial-grade commercial product designed for professional and industrial applications. Engineered with measuring 1x6-12.,PARKSITE® AGB15512BS Commercial Product (1x6-12),The PARKSITE® AGB15512BS is a commercial-grade commercial product designed for professional and industrial applications. Engineered with measuring 1x6-12.,Precision dimensions: 1x6-12,,,,,,,,,,,,,,,,,,,,,,,,,PARKSITE® AGB15512BS Commercial Product (1x6-12),Dimensions,1x6-12,in,,,,,,,,,,,,,,,,,,,,,,,,,,,,,,,,,,,,,,,,,,,,,,,,,,,,,,,,,,,,,,,,,,,,,,,,,,,,,,,,,,,,,,,,,,,,,,,,,,,,,,,,,,,,,,,,,,,,,,,,,,,,,,,,,,,,,,,,,,,,,,,,,,,,,,,,,,1,EA,,,,,,,,,,,,,,,,,,,,,,,,,,,,,,,,,,,,,US,No,Yes
,,,,,,AGB15516BS,,,,AGB15516BS,AGB15516BS,1x6-16' Brownstone Grooved - Harvest Azek PVC Decking,PARKSITE®,PARKSITE®,PARKSITE®,PARKSITE,PARKSITE,PARKSITE®,PARKSITE®,AGB15516BS,,,"PARKSITE®, Commercial Product, AGB15516BS, 1x6-16 - Commercial Grade Commercial",COMMERCIAL PRODUCT 1X6-16,"PARKSITE®, AGB15516BS, Commercial Product, 1x6-16",The PARKSITE® AGB15516BS is a commercial-grade commercial product designed for professional and industrial applications. Engineered with measuring 1x6-16.,PARKSITE® AGB15516BS Commercial Product (1x6-16),The PARKSITE® AGB15516BS is a commercial-grade commercial product designed for professional and industrial applications. Engineered with measuring 1x6-16.,Precision dimensions: 1x6-16,,,,,,,,,,,,,,,,,,,,,,,,,PARKSITE® AGB15516BS Commercial Product (1x6-16),Dimensions,1x6-16,in,,,,,,,,,,,,,,,,,,,,,,,,,,,,,,,,,,,,,,,,,,,,,,,,,,,,,,,,,,,,,,,,,,,,,,,,,,,,,,,,,,,,,,,,,,,,,,,,,,,,,,,,,,,,,,,,,,,,,,,,,,,,,,,,,,,,,,,,,,,,,,,,,,,,,,,,,,1,EA,,,,,,,,,,,,,,,,,,,,,,,,,,,,,,,,,,,,,US,No,Yes
,,,,,,AGB15520BS,,,,AGB15520BS,AGB15520BS,1x6-20' Brownstone Grooved - Harvest Azek PVC Decking,PARKSITE®,PARKSITE®,PARKSITE®,PARKSITE,PARKSITE,PARKSITE®,PARKSITE®,AGB15520BS,,,"PARKSITE®, Commercial Product, AGB15520BS, 1x6-20 - Commercial Grade Commercial",COMMERCIAL PRODUCT 1X6-20,"PARKSITE®, AGB15520BS, Commercial Product, 1x6-20",The PARKSITE® AGB15520BS is a commercial-grade commercial product designed for professional and industrial applications. Engineered with measuring 1x6-20.,PARKSITE® AGB15520BS Commercial Product (1x6-20),The PARKSITE® AGB15520BS is a commercial-grade commercial product designed for professional and industrial applications. Engineered with measuring 1x6-20.,Precision dimensions: 1x6-20,,,,,,,,,,,,,,,,,,,,,,,,,PARKSITE® AGB15520BS Commercial Product (1x6-20),Dimensions,1x6-20,in,,,,,,,,,,,,,,,,,,,,,,,,,,,,,,,,,,,,,,,,,,,,,,,,,,,,,,,,,,,,,,,,,,,,,,,,,,,,,,,,,,,,,,,,,,,,,,,,,,,,,,,,,,,,,,,,,,,,,,,,,,,,,,,,,,,,,,,,,,,,,,,,,,,,,,,,,,1,EA,,,,,,,,,,,,,,,,,,,,,,,,,,,,,,,,,,,,,US,No,Yes
,,,,,,AGB15512SG,,,,AGB15512SG,AGB15512SG,1x6-12' Slate Gray Grooved - Harvest Azek PVC Decking,PARKSITE®,PARKSITE®,PARKSITE®,PARKSITE,PARKSITE,PARKSITE®,PARKSITE®,AGB15512SG,,,"PARKSITE®, Commercial Product, AGB15512SG, 1x6-12 - Commercial Grade Commercial",COMMERCIAL PRODUCT 1X6-12,"PARKSITE®, AGB15512SG, Commercial Product, 1x6-12",The PARKSITE® AGB15512SG is a commercial-grade commercial product designed for professional and industrial applications. Engineered with measuring 1x6-12.,PARKSITE® AGB15512SG Commercial Product (1x6-12),The PARKSITE® AGB15512SG is a commercial-grade commercial product designed for professional and industrial applications. Engineered with measuring 1x6-12.,Precision dimensions: 1x6-12,,,,,,,,,,,,,,,,,,,,,,,,,PARKSITE® AGB15512SG Commercial Product (1x6-12),Dimensions,1x6-12,in,,,,,,,,,,,,,,,,,,,,,,,,,,,,,,,,,,,,,,,,,,,,,,,,,,,,,,,,,,,,,,,,,,,,,,,,,,,,,,,,,,,,,,,,,,,,,,,,,,,,,,,,,,,,,,,,,,,,,,,,,,,,,,,,,,,,,,,,,,,,,,,,,,,,,,,,,,1,EA,,,,,,,,,,,,,,,,,,,,,,,,,,,,,,,,,,,,,US,No,Yes
,,,,,,AGB15516SG,,,,AGB15516SG,AGB15516SG,1x6-16' Slate Gray Grooved - Harvest Azek PVC Decking,PARKSITE®,PARKSITE®,PARKSITE®,PARKSITE,PARKSITE,PARKSITE®,PARKSITE®,AGB15516SG,,,"PARKSITE®, Commercial Product, AGB15516SG, 1x6-16 - Commercial Grade Commercial",COMMERCIAL PRODUCT 1X6-16,"PARKSITE®, AGB15516SG, Commercial Product, 1x6-16",The PARKSITE® AGB15516SG is a commercial-grade commercial product designed for professional and industrial applications. Engineered with measuring 1x6-16.,PARKSITE® AGB15516SG Commercial Product (1x6-16),The PARKSITE® AGB15516SG is a commercial-grade commercial product designed for professional and industrial applications. Engineered with measuring 1x6-16.,Precision dimensions: 1x6-16,,,,,,,,,,,,,,,,,,,,,,,,,PARKSITE® AGB15516SG Commercial Product (1x6-16),Dimensions,1x6-16,in,,,,,,,,,,,,,,,,,,,,,,,,,,,,,,,,,,,,,,,,,,,,,,,,,,,,,,,,,,,,,,,,,,,,,,,,,,,,,,,,,,,,,,,,,,,,,,,,,,,,,,,,,,,,,,,,,,,,,,,,,,,,,,,,,,,,,,,,,,,,,,,,,,,,,,,,,,1,EA,,,,,,,,,,,,,,,,,,,,,,,,,,,,,,,,,,,,,US,No,Yes
,,,,,,AGB15520SG,,,,AGB15520SG,AGB15520SG,1x6-20' Slate Gray Grooved - Harvest Azek PVC Decking,PARKSITE®,PARKSITE®,PARKSITE®,PARKSITE,PARKSITE,PARKSITE®,PARKSITE®,AGB15520SG,,,"PARKSITE®, Commercial Product, AGB15520SG, 1x6-20 - Commercial Grade Commercial",COMMERCIAL PRODUCT 1X6-20,"PARKSITE®, AGB15520SG, Commercial Product, 1x6-20",The PARKSITE® AGB15520SG is a commercial-grade commercial product designed for professional and industrial applications. Engineered with measuring 1x6-20.,PARKSITE® AGB15520SG Commercial Product (1x6-20),The PARKSITE® AGB15520SG is a commercial-grade commercial product designed for professional and industrial applications. Engineered with measuring 1x6-20.,Precision dimensions: 1x6-20,,,,,,,,,,,,,,,,,,,,,,,,,PARKSITE® AGB15520SG Commercial Product (1x6-20),Dimensions,1x6-20,in,,,,,,,,,,,,,,,,,,,,,,,,,,,,,,,,,,,,,,,,,,,,,,,,,,,,,,,,,,,,,,,,,,,,,,,,,,,,,,,,,,,,,,,,,,,,,,,,,,,,,,,,,,,,,,,,,,,,,,,,,,,,,,,,,,,,,,,,,,,,,,,,,,,,,,,,,,1,EA,,,,,,,,,,,,,,,,,,,,,,,,,,,,,,,,,,,,,US,No,Yes
,,,,,,543140016,,,,543140016,543140016,1nx6-16' Biscayne Sq Edge - Trex Transcend Lineage Decking,U S Lumber,U S Lumber,U S Lumber,U S Lumber,U S Lumber,U S Lumber,U S Lumber,543140016,,,"U S Lumber, Commercial Product, 543140016 - Commercial Grade Commercial Product",COMMERCIAL PRODUCT,"U S Lumber, 543140016, Commercial Product",The U S Lumber 543140016 is a commercial-grade commercial product designed for professional and industrial applications.,U S Lumber 543140016 Commercial Product,The U S Lumber 543140016 is a commercial-grade commercial product designed for professional and industrial applications.,,,,,,,,,,,,,,,,,,,,,,,,,,U S Lumber 543140016 Commercial Product,,,,,,,,,,,,,,,,,,,,,,,,,,,,,,,,,,,,,,,,,,,,,,,,,,,,,,,,,,,,,,,,,,,,,,,,,,,,,,,,,,,,,,,,,,,,,,,,,,,,,,,,,,,,,,,,,,,,,,,,,,,,,,,,,,,,,,,,,,,,,,,,,,,,,,,,,,,,,1,EA,,,,,,,,,,,,,,,,,,,,,,,,,,,,,,,,,,,,,US,No,Yes
,,,,,,543140020,,,,543140020,543140020,1nx6-20' Biscayne Sq Edge - Trex Transcend Lineage Decking,U S Lumber,U S Lumber,U S Lumber,U S Lumber,U S Lumber,U S Lumber,U S Lumber,543140020,,,"U S Lumber, Commercial Product, 543140020 - Commercial Grade Commercial Product",COMMERCIAL PRODUCT,"U S Lumber, 543140020, Commercial Product",The U S Lumber 543140020 is a commercial-grade commercial product designed for professional and industrial applications.,U S Lumber 543140020 Commercial Product,The U S Lumber 543140020 is a commercial-grade commercial product designed for professional and industrial applications.,,,,,,,,,,,,,,,,,,,,,,,,,,U S Lumber 543140020 Commercial Product,,,,,,,,,,,,,,,,,,,,,,,,,,,,,,,,,,,,,,,,,,,,,,,,,,,,,,,,,,,,,,,,,,,,,,,,,,,,,,,,,,,,,,,,,,,,,,,,,,,,,,,,,,,,,,,,,,,,,,,,,,,,,,,,,,,,,,,,,,,,,,,,,,,,,,,,,,,,,1,EA,,,,,,,,,,,,,,,,,,,,,,,,,,,,,,,,,,,,,US,No,Yes
,,,,,,543142016,,,,543142016,543142016,1nx6-16' Carmel Sq Edge - Trex Transcend Lineage Decking,U S Lumber,U S Lumber,U S Lumber,U S Lumber,U S Lumber,U S Lumber,U S Lumber,543142016,,,"U S Lumber, Commercial Product, 543142016 - Commercial Grade Commercial Product",COMMERCIAL PRODUCT,"U S Lumber, 543142016, Commercial Product",The U S Lumber 543142016 is a commercial-grade commercial product designed for professional and industrial applications.,U S Lumber 543142016 Commercial Product,The U S Lumber 543142016 is a commercial-grade commercial product designed for professional and industrial applications.,,,,,,,,,,,,,,,,,,,,,,,,,,U S Lumber 543142016 Commercial Product,,,,,,,,,,,,,,,,,,,,,,,,,,,,,,,,,,,,,,,,,,,,,,,,,,,,,,,,,,,,,,,,,,,,,,,,,,,,,,,,,,,,,,,,,,,,,,,,,,,,,,,,,,,,,,,,,,,,,,,,,,,,,,,,,,,,,,,,,,,,,,,,,,,,,,,,,,,,,1,EA,,,,,,,,,,,,,,,,,,,,,,,,,,,,,,,,,,,,,US,No,Yes
,,,,,,543142020,,,,543142020,543142020,1nx6-20' Carmel Sq Edge - Trex Transcend Lineage Decking,U S Lumber,U S Lumber,U S Lumber,U S Lumber,U S Lumber,U S Lumber,U S Lumber,543142020,,,"U S Lumber, Commercial Product, 543142020 - Commercial Grade Commercial Product",COMMERCIAL PRODUCT,"U S Lumber, 543142020, Commercial Product",The U S Lumber 543142020 is a commercial-grade commercial product designed for professional and industrial applications.,U S Lumber 543142020 Commercial Product,The U S Lumber 543142020 is a commercial-grade commercial product designed for professional and industrial applications.,,,,,,,,,,,,,,,,,,,,,,,,,,U S Lumber 543142020 Commercial Product,,,,,,,,,,,,,,,,,,,,,,,,,,,,,,,,,,,,,,,,,,,,,,,,,,,,,,,,,,,,,,,,,,,,,,,,,,,,,,,,,,,,,,,,,,,,,,,,,,,,,,,,,,,,,,,,,,,,,,,,,,,,,,,,,,,,,,,,,,,,,,,,,,,,,,,,,,,,,1,EA,,,,,,,,,,,,,,,,,,,,,,,,,,,,,,,,,,,,,US,No,Yes
,,,,,,543144016,,,,543144016,543144016,1nx6-16' Island Mist Sq Edge - Trex Transcend Lineage Decking,U S Lumber,U S Lumber,U S Lumber,U S Lumber,U S Lumber,U S Lumber,U S Lumber,543144016,,,"U S Lumber, Commercial Product, 543144016 - Commercial Grade Commercial Product",COMMERCIAL PRODUCT,"U S Lumber, 543144016, Commercial Product",The U S Lumber 543144016 is a commercial-grade commercial product designed for professional and industrial applications.,U S Lumber 543144016 Commercial Product,The U S Lumber 543144016 is a commercial-grade commercial product designed for professional and industrial applications.,,,,,,,,,,,,,,,,,,,,,,,,,,U S Lumber 543144016 Commercial Product,,,,,,,,,,,,,,,,,,,,,,,,,,,,,,,,,,,,,,,,,,,,,,,,,,,,,,,,,,,,,,,,,,,,,,,,,,,,,,,,,,,,,,,,,,,,,,,,,,,,,,,,,,,,,,,,,,,,,,,,,,,,,,,,,,,,,,,,,,,,,,,,,,,,,,,,,,,,,1,EA,,,,,,,,,,,,,,,,,,,,,,,,,,,,,,,,,,,,,US,No,Yes
,,,,,,543144020,,,,543144020,543144020,1nx6-20' Island Mist Sq Edge - Trex Transcend Lineage Decking,U S Lumber,U S Lumber,U S Lumber,U S Lumber,U S Lumber,U S Lumber,U S Lumber,543144020,,,"U S Lumber, Commercial Product, 543144020 - Commercial Grade Commercial Product",COMMERCIAL PRODUCT,"U S Lumber, 543144020, Commercial Product",The U S Lumber 543144020 is a commercial-grade commercial product designed for professional and industrial applications.,U S Lumber 543144020 Commercial Product,The U S Lumber 543144020 is a commercial-grade commercial product designed for professional and industrial applications.,,,,,,,,,,,,,,,,,,,,,,,,,,U S Lumber 543144020 Commercial Product,,,,,,,,,,,,,,,,,,,,,,,,,,,,,,,,,,,,,,,,,,,,,,,,,,,,,,,,,,,,,,,,,,,,,,,,,,,,,,,,,,,,,,,,,,,,,,,,,,,,,,,,,,,,,,,,,,,,,,,,,,,,,,,,,,,,,,,,,,,,,,,,,,,,,,,,,,,,,1,EA,,,,,,,,,,,,,,,,,,,,,,,,,,,,,,,,,,,,,US,No,Yes
,,,,,,543143016,,,,543143016,543143016,1nx6-16' Jasper Sq Edge - Trex Transcend Lineage Decking,U S Lumber,U S Lumber,U S Lumber,U S Lumber,U S Lumber,U S Lumber,U S Lumber,543143016,,,"U S Lumber, Commercial Product, 543143016 - Commercial Grade Commercial Product",COMMERCIAL PRODUCT,"U S Lumber, 543143016, Commercial Product",The U S Lumber 543143016 is a commercial-grade commercial product designed for professional and industrial applications.,U S Lumber 543143016 Commercial Product,The U S Lumber 543143016 is a commercial-grade commercial product designed for professional and industrial applications.,,,,,,,,,,,,,,,,,,,,,,,,,,U S Lumber 543143016 Commercial Product,,,,,,,,,,,,,,,,,,,,,,,,,,,,,,,,,,,,,,,,,,,,,,,,,,,,,,,,,,,,,,,,,,,,,,,,,,,,,,,,,,,,,,,,,,,,,,,,,,,,,,,,,,,,,,,,,,,,,,,,,,,,,,,,,,,,,,,,,,,,,,,,,,,,,,,,,,,,,1,EA,,,,,,,,,,,,,,,,,,,,,,,,,,,,,,,,,,,,,US,No,Yes
,,,,,,543143020,,,,543143020,543143020,1nx6-20' Jasper Sq Edge - Trex Transcend Lineage Decking,U S Lumber,U S Lumber,U S Lumber,U S Lumber,U S Lumber,U S Lumber,U S Lumber,543143020,,,"U S Lumber, Commercial Product, 543143020 - Commercial Grade Commercial Product",COMMERCIAL PRODUCT,"U S Lumber, 543143020, Commercial Product",The U S Lumber 543143020 is a commercial-grade commercial product designed for professional and industrial applications.,U S Lumber 543143020 Commercial Product,The U S Lumber 543143020 is a commercial-grade commercial product designed for professional and industrial applications.,,,,,,,,,,,,,,,,,,,,,,,,,,U S Lumber 543143020 Commercial Product,,,,,,,,,,,,,,,,,,,,,,,,,,,,,,,,,,,,,,,,,,,,,,,,,,,,,,,,,,,,,,,,,,,,,,,,,,,,,,,,,,,,,,,,,,,,,,,,,,,,,,,,,,,,,,,,,,,,,,,,,,,,,,,,,,,,,,,,,,,,,,,,,,,,,,,,,,,,,1,EA,,,,,,,,,,,,,,,,,,,,,,,,,,,,,,,,,,,,,US,No,Yes
,,,,,,543141016,,,,543141016,543141016,1nx6-16' Rainier Sq Edge - Trex Transcend Lineage Decking,U S Lumber,U S Lumber,U S Lumber,U S Lumber,U S Lumber,U S Lumber,U S Lumber,543141016,,,"U S Lumber, Commercial Product, 543141016 - Commercial Grade Commercial Product",COMMERCIAL PRODUCT,"U S Lumber, 543141016, Commercial Product",The U S Lumber 543141016 is a commercial-grade commercial product designed for professional and industrial applications.,U S Lumber 543141016 Commercial Product,The U S Lumber 543141016 is a commercial-grade commercial product designed for professional and industrial applications.,,,,,,,,,,,,,,,,,,,,,,,,,,U S Lumber 543141016 Commercial Product,,,,,,,,,,,,,,,,,,,,,,,,,,,,,,,,,,,,,,,,,,,,,,,,,,,,,,,,,,,,,,,,,,,,,,,,,,,,,,,,,,,,,,,,,,,,,,,,,,,,,,,,,,,,,,,,,,,,,,,,,,,,,,,,,,,,,,,,,,,,,,,,,,,,,,,,,,,,,1,EA,,,,,,,,,,,,,,,,,,,,,,,,,,,,,,,,,,,,,US,No,Yes
,,,,,,543141020,,,,543141020,543141020,1nx6-20' Rainier Sq Edge - Trex Transcend Lineage Decking,U S Lumber,U S Lumber,U S Lumber,U S Lumber,U S Lumber,U S Lumber,U S Lumber,543141020,,,"U S Lumber, Commercial Product, 543141020 - Commercial Grade Commercial Product",COMMERCIAL PRODUCT,"U S Lumber, 543141020, Commercial Product",The U S Lumber 543141020 is a commercial-grade commercial product designed for professional and industrial applications.,U S Lumber 543141020 Commercial Product,The U S Lumber 543141020 is a commercial-grade commercial product designed for professional and industrial applications.,,,,,,,,,,,,,,,,,,,,,,,,,,U S Lumber 543141020 Commercial Product,,,,,,,,,,,,,,,,,,,,,,,,,,,,,,,,,,,,,,,,,,,,,,,,,,,,,,,,,,,,,,,,,,,,,,,,,,,,,,,,,,,,,,,,,,,,,,,,,,,,,,,,,,,,,,,,,,,,,,,,,,,,,,,,,,,,,,,,,,,,,,,,,,,,,,,,,,,,,1,EA,,,,,,,,,,,,,,,,,,,,,,,,,,,,,,,,,,,,,US,No,Yes
,,,,,,543140412,,,,543140412,543140412,1nx6-12' Biscayne Grooved - Trex Transcend Lineage Decking,U S Lumber,U S Lumber,U S Lumber,U S Lumber,U S Lumber,U S Lumber,U S Lumber,543140412,,,"U S Lumber, Commercial Product, 543140412 - Commercial Grade Commercial Product",COMMERCIAL PRODUCT,"U S Lumber, 543140412, Commercial Product",The U S Lumber 543140412 is a commercial-grade commercial product designed for professional and industrial applications.,U S Lumber 543140412 Commercial Product,The U S Lumber 543140412 is a commercial-grade commercial product designed for professional and industrial applications.,,,,,,,,,,,,,,,,,,,,,,,,,,U S Lumber 543140412 Commercial Product,,,,,,,,,,,,,,,,,,,,,,,,,,,,,,,,,,,,,,,,,,,,,,,,,,,,,,,,,,,,,,,,,,,,,,,,,,,,,,,,,,,,,,,,,,,,,,,,,,,,,,,,,,,,,,,,,,,,,,,,,,,,,,,,,,,,,,,,,,,,,,,,,,,,,,,,,,,,,1,EA,,,,,,,,,,,,,,,,,,,,,,,,,,,,,,,,,,,,,US,No,Yes
,,,,,,543140416,,,,543140416,543140416,1nx6-16' Biscayne Grooved - Trex Transcend Lineage Decking,U S Lumber,U S Lumber,U S Lumber,U S Lumber,U S Lumber,U S Lumber,U S Lumber,543140416,,,"U S Lumber, Commercial Product, 543140416 - Commercial Grade Commercial Product",COMMERCIAL PRODUCT,"U S Lumber, 543140416, Commercial Product",The U S Lumber 543140416 is a commercial-grade commercial product designed for professional and industrial applications.,U S Lumber 543140416 Commercial Product,The U S Lumber 543140416 is a commercial-grade commercial product designed for professional and industrial applications.,,,,,,,,,,,,,,,,,,,,,,,,,,U S Lumber 543140416 Commercial Product,,,,,,,,,,,,,,,,,,,,,,,,,,,,,,,,,,,,,,,,,,,,,,,,,,,,,,,,,,,,,,,,,,,,,,,,,,,,,,,,,,,,,,,,,,,,,,,,,,,,,,,,,,,,,,,,,,,,,,,,,,,,,,,,,,,,,,,,,,,,,,,,,,,,,,,,,,,,,1,EA,,,,,,,,,,,,,,,,,,,,,,,,,,,,,,,,,,,,,US,No,Yes
,,,,,,543140420,,,,543140420,543140420,1nx6-20' Biscayne Grooved - Trex Transcend Lineage Decking,U S Lumber,U S Lumber,U S Lumber,U S Lumber,U S Lumber,U S Lumber,U S Lumber,543140420,,,"U S Lumber, Commercial Product, 543140420 - Commercial Grade Commercial Product",COMMERCIAL PRODUCT,"U S Lumber, 543140420, Commercial Product",The U S Lumber 543140420 is a commercial-grade commercial product designed for professional and industrial applications.,U S Lumber 543140420 Commercial Product,The U S Lumber 543140420 is a commercial-grade commercial product designed for professional and industrial applications.,,,,,,,,,,,,,,,,,,,,,,,,,,U S Lumber 543140420 Commercial Product,,,,,,,,,,,,,,,,,,,,,,,,,,,,,,,,,,,,,,,,,,,,,,,,,,,,,,,,,,,,,,,,,,,,,,,,,,,,,,,,,,,,,,,,,,,,,,,,,,,,,,,,,,,,,,,,,,,,,,,,,,,,,,,,,,,,,,,,,,,,,,,,,,,,,,,,,,,,,1,EA,,,,,,,,,,,,,,,,,,,,,,,,,,,,,,,,,,,,,US,No,Yes
,,,,,,543142412,,,,543142412,543142412,1nx6-12' Carmel Grooved - Trex Transcend Lineage Decking,U S Lumber,U S Lumber,U S Lumber,U S Lumber,U S Lumber,U S Lumber,U S Lumber,543142412,,,"U S Lumber, Commercial Product, 543142412 - Commercial Grade Commercial Product",COMMERCIAL PRODUCT,"U S Lumber, 543142412, Commercial Product",The U S Lumber 543142412 is a commercial-grade commercial product designed for professional and industrial applications.,U S Lumber 543142412 Commercial Product,The U S Lumber 543142412 is a commercial-grade commercial product designed for professional and industrial applications.,,,,,,,,,,,,,,,,,,,,,,,,,,U S Lumber 543142412 Commercial Product,,,,,,,,,,,,,,,,,,,,,,,,,,,,,,,,,,,,,,,,,,,,,,,,,,,,,,,,,,,,,,,,,,,,,,,,,,,,,,,,,,,,,,,,,,,,,,,,,,,,,,,,,,,,,,,,,,,,,,,,,,,,,,,,,,,,,,,,,,,,,,,,,,,,,,,,,,,,,1,EA,,,,,,,,,,,,,,,,,,,,,,,,,,,,,,,,,,,,,US,No,Yes
,,,,,,543142416,,,,543142416,543142416,1nx6-16' Carmel Grooved - Trex Transcend Lineage Decking,U S Lumber,U S Lumber,U S Lumber,U S Lumber,U S Lumber,U S Lumber,U S Lumber,543142416,,,"U S Lumber, Commercial Product, 543142416 - Commercial Grade Commercial Product",COMMERCIAL PRODUCT,"U S Lumber, 543142416, Commercial Product",The U S Lumber 543142416 is a commercial-grade commercial product designed for professional and industrial applications.,U S Lumber 543142416 Commercial Product,The U S Lumber 543142416 is a commercial-grade commercial product designed for professional and industrial applications.,,,,,,,,,,,,,,,,,,,,,,,,,,U S Lumber 543142416 Commercial Product,,,,,,,,,,,,,,,,,,,,,,,,,,,,,,,,,,,,,,,,,,,,,,,,,,,,,,,,,,,,,,,,,,,,,,,,,,,,,,,,,,,,,,,,,,,,,,,,,,,,,,,,,,,,,,,,,,,,,,,,,,,,,,,,,,,,,,,,,,,,,,,,,,,,,,,,,,,,,1,EA,,,,,,,,,,,,,,,,,,,,,,,,,,,,,,,,,,,,,US,No,Yes
,,,,,,543142420,,,,543142420,543142420,1nx6-20' Carmel Grooved - Trex Transcend Lineage Decking,U S Lumber,U S Lumber,U S Lumber,U S Lumber,U S Lumber,U S Lumber,U S Lumber,543142420,,,"U S Lumber, Commercial Product, 543142420 - Commercial Grade Commercial Product",COMMERCIAL PRODUCT,"U S Lumber, 543142420, Commercial Product",The U S Lumber 543142420 is a commercial-grade commercial product designed for professional and industrial applications.,U S Lumber 543142420 Commercial Product,The U S Lumber 543142420 is a commercial-grade commercial product designed for professional and industrial applications.,,,,,,,,,,,,,,,,,,,,,,,,,,U S Lumber 543142420 Commercial Product,,,,,,,,,,,,,,,,,,,,,,,,,,,,,,,,,,,,,,,,,,,,,,,,,,,,,,,,,,,,,,,,,,,,,,,,,,,,,,,,,,,,,,,,,,,,,,,,,,,,,,,,,,,,,,,,,,,,,,,,,,,,,,,,,,,,,,,,,,,,,,,,,,,,,,,,,,,,,1,EA,,,,,,,,,,,,,,,,,,,,,,,,,,,,,,,,,,,,,US,No,Yes
,,,,,,543144412,,,,543144412,543144412,1nx6-12' Island Mist Grooved - Trex Transcend Lineage Decking,U S Lumber,U S Lumber,U S Lumber,U S Lumber,U S Lumber,U S Lumber,U S Lumber,543144412,,,"U S Lumber, Commercial Product, 543144412 - Commercial Grade Commercial Product",COMMERCIAL PRODUCT,"U S Lumber, 543144412, Commercial Product",The U S Lumber 543144412 is a commercial-grade commercial product designed for professional and industrial applications.,U S Lumber 543144412 Commercial Product,The U S Lumber 543144412 is a commercial-grade commercial product designed for professional and industrial applications.,,,,,,,,,,,,,,,,,,,,,,,,,,U S Lumber 543144412 Commercial Product,,,,,,,,,,,,,,,,,,,,,,,,,,,,,,,,,,,,,,,,,,,,,,,,,,,,,,,,,,,,,,,,,,,,,,,,,,,,,,,,,,,,,,,,,,,,,,,,,,,,,,,,,,,,,,,,,,,,,,,,,,,,,,,,,,,,,,,,,,,,,,,,,,,,,,,,,,,,,1,EA,,,,,,,,,,,,,,,,,,,,,,,,,,,,,,,,,,,,,US,No,Yes
,,,,,,543144416,,,,543144416,543144416,1nx6-16' Island Mist Grooved - Trex Transcend Lineage Decking,U S Lumber,U S Lumber,U S Lumber,U S Lumber,U S Lumber,U S Lumber,U S Lumber,543144416,,,"U S Lumber, Commercial Product, 543144416 - Commercial Grade Commercial Product",COMMERCIAL PRODUCT,"U S Lumber, 543144416, Commercial Product",The U S Lumber 543144416 is a commercial-grade commercial product designed for professional and industrial applications.,U S Lumber 543144416 Commercial Product,The U S Lumber 543144416 is a commercial-grade commercial product designed for professional and industrial applications.,,,,,,,,,,,,,,,,,,,,,,,,,,U S Lumber 543144416 Commercial Product,,,,,,,,,,,,,,,,,,,,,,,,,,,,,,,,,,,,,,,,,,,,,,,,,,,,,,,,,,,,,,,,,,,,,,,,,,,,,,,,,,,,,,,,,,,,,,,,,,,,,,,,,,,,,,,,,,,,,,,,,,,,,,,,,,,,,,,,,,,,,,,,,,,,,,,,,,,,,1,EA,,,,,,,,,,,,,,,,,,,,,,,,,,,,,,,,,,,,,US,No,Yes
,,,,,,543144420,,,,543144420,543144420,1nx6-20' Island Mist Grooved - Trex Transcend Lineage Decking,U S Lumber,U S Lumber,U S Lumber,U S Lumber,U S Lumber,U S Lumber,U S Lumber,543144420,,,"U S Lumber, Commercial Product, 543144420 - Commercial Grade Commercial Product",COMMERCIAL PRODUCT,"U S Lumber, 543144420, Commercial Product",The U S Lumber 543144420 is a commercial-grade commercial product designed for professional and industrial applications.,U S Lumber 543144420 Commercial Product,The U S Lumber 543144420 is a commercial-grade commercial product designed for professional and industrial applications.,,,,,,,,,,,,,,,,,,,,,,,,,,U S Lumber 543144420 Commercial Product,,,,,,,,,,,,,,,,,,,,,,,,,,,,,,,,,,,,,,,,,,,,,,,,,,,,,,,,,,,,,,,,,,,,,,,,,,,,,,,,,,,,,,,,,,,,,,,,,,,,,,,,,,,,,,,,,,,,,,,,,,,,,,,,,,,,,,,,,,,,,,,,,,,,,,,,,,,,,1,EA,,,,,,,,,,,,,,,,,,,,,,,,,,,,,,,,,,,,,US,No,Yes
,,,,,,543143412,,,,543143412,543143412,1nx6-12' Jasper Grooved - Trex Transcend Lineage Decking,U S Lumber,U S Lumber,U S Lumber,U S Lumber,U S Lumber,U S Lumber,U S Lumber,543143412,,,"U S Lumber, Commercial Product, 543143412 - Commercial Grade Commercial Product",COMMERCIAL PRODUCT,"U S Lumber, 543143412, Commercial Product",The U S Lumber 543143412 is a commercial-grade commercial product designed for professional and industrial applications.,U S Lumber 543143412 Commercial Product,The U S Lumber 543143412 is a commercial-grade commercial product designed for professional and industrial applications.,,,,,,,,,,,,,,,,,,,,,,,,,,U S Lumber 543143412 Commercial Product,,,,,,,,,,,,,,,,,,,,,,,,,,,,,,,,,,,,,,,,,,,,,,,,,,,,,,,,,,,,,,,,,,,,,,,,,,,,,,,,,,,,,,,,,,,,,,,,,,,,,,,,,,,,,,,,,,,,,,,,,,,,,,,,,,,,,,,,,,,,,,,,,,,,,,,,,,,,,1,EA,,,,,,,,,,,,,,,,,,,,,,,,,,,,,,,,,,,,,US,No,Yes
,,,,,,543143416,,,,543143416,543143416,1nx6-16' Jasper Grooved - Trex Transcend Lineage Decking,U S Lumber,U S Lumber,U S Lumber,U S Lumber,U S Lumber,U S Lumber,U S Lumber,543143416,,,"U S Lumber, Commercial Product, 543143416 - Commercial Grade Commercial Product",COMMERCIAL PRODUCT,"U S Lumber, 543143416, Commercial Product",The U S Lumber 543143416 is a commercial-grade commercial product designed for professional and industrial applications.,U S Lumber 543143416 Commercial Product,The U S Lumber 543143416 is a commercial-grade commercial product designed for professional and industrial applications.,,,,,,,,,,,,,,,,,,,,,,,,,,U S Lumber 543143416 Commercial Product,,,,,,,,,,,,,,,,,,,,,,,,,,,,,,,,,,,,,,,,,,,,,,,,,,,,,,,,,,,,,,,,,,,,,,,,,,,,,,,,,,,,,,,,,,,,,,,,,,,,,,,,,,,,,,,,,,,,,,,,,,,,,,,,,,,,,,,,,,,,,,,,,,,,,,,,,,,,,1,EA,,,,,,,,,,,,,,,,,,,,,,,,,,,,,,,,,,,,,US,No,Yes
,,,,,,543143420,,,,543143420,543143420,1nx6-20' Jasper Grooved - Trex Transcend Lineage Decking,U S Lumber,U S Lumber,U S Lumber,U S Lumber,U S Lumber,U S Lumber,U S Lumber,543143420,,,"U S Lumber, Commercial Product, 543143420 - Commercial Grade Commercial Product",COMMERCIAL PRODUCT,"U S Lumber, 543143420, Commercial Product",The U S Lumber 543143420 is a commercial-grade commercial product designed for professional and industrial applications.,U S Lumber 543143420 Commercial Product,The U S Lumber 543143420 is a commercial-grade commercial product designed for professional and industrial applications.,,,,,,,,,,,,,,,,,,,,,,,,,,U S Lumber 543143420 Commercial Product,,,,,,,,,,,,,,,,,,,,,,,,,,,,,,,,,,,,,,,,,,,,,,,,,,,,,,,,,,,,,,,,,,,,,,,,,,,,,,,,,,,,,,,,,,,,,,,,,,,,,,,,,,,,,,,,,,,,,,,,,,,,,,,,,,,,,,,,,,,,,,,,,,,,,,,,,,,,,1,EA,,,,,,,,,,,,,,,,,,,,,,,,,,,,,,,,,,,,,US,No,Yes
,,,,,,543141412,,,,543141412,543141412,1nx6-12' Rainier Grooved - Trex Transcend Lineage Decking,U S Lumber,U S Lumber,U S Lumber,U S Lumber,U S Lumber,U S Lumber,U S Lumber,543141412,,,"U S Lumber, Commercial Product, 543141412 - Commercial Grade Commercial Product",COMMERCIAL PRODUCT,"U S Lumber, 543141412, Commercial Product",The U S Lumber 543141412 is a commercial-grade commercial product designed for professional and industrial applications.,U S Lumber 543141412 Commercial Product,The U S Lumber 543141412 is a commercial-grade commercial product designed for professional and industrial applications.,,,,,,,,,,,,,,,,,,,,,,,,,,U S Lumber 543141412 Commercial Product,,,,,,,,,,,,,,,,,,,,,,,,,,,,,,,,,,,,,,,,,,,,,,,,,,,,,,,,,,,,,,,,,,,,,,,,,,,,,,,,,,,,,,,,,,,,,,,,,,,,,,,,,,,,,,,,,,,,,,,,,,,,,,,,,,,,,,,,,,,,,,,,,,,,,,,,,,,,,1,EA,,,,,,,,,,,,,,,,,,,,,,,,,,,,,,,,,,,,,US,No,Yes
,,,,,,543141416,,,,543141416,543141416,1nx6-16' Rainier Grooved - Trex Transcend Lineage Decking,U S Lumber,U S Lumber,U S Lumber,U S Lumber,U S Lumber,U S Lumber,U S Lumber,543141416,,,"U S Lumber, Commercial Product, 543141416 - Commercial Grade Commercial Product",COMMERCIAL PRODUCT,"U S Lumber, 543141416, Commercial Product",The U S Lumber 543141416 is a commercial-grade commercial product designed for professional and industrial applications.,U S Lumber 543141416 Commercial Product,The U S Lumber 543141416 is a commercial-grade commercial product designed for professional and industrial applications.,,,,,,,,,,,,,,,,,,,,,,,,,,U S Lumber 543141416 Commercial Product,,,,,,,,,,,,,,,,,,,,,,,,,,,,,,,,,,,,,,,,,,,,,,,,,,,,,,,,,,,,,,,,,,,,,,,,,,,,,,,,,,,,,,,,,,,,,,,,,,,,,,,,,,,,,,,,,,,,,,,,,,,,,,,,,,,,,,,,,,,,,,,,,,,,,,,,,,,,,1,EA,,,,,,,,,,,,,,,,,,,,,,,,,,,,,,,,,,,,,US,No,Yes
,,,,,,543141420,,,,543141420,543141420,1nx6-20' Rainier Grooved - Trex Transcend Lineage Decking,U S Lumber,U S Lumber,U S Lumber,U S Lumber,U S Lumber,U S Lumber,U S Lumber,543141420,,,"U S Lumber, Commercial Product, 543141420 - Commercial Grade Commercial Product",COMMERCIAL PRODUCT,"U S Lumber, 543141420, Commercial Product",The U S Lumber 543141420 is a commercial-grade commercial product designed for professional and industrial applications.,U S Lumber 543141420 Commercial Product,The U S Lumber 543141420 is a commercial-grade commercial product designed for professional and industrial applications.,,,,,,,,,,,,,,,,,,,,,,,,,,U S Lumber 543141420 Commercial Product,,,,,,,,,,,,,,,,,,,,,,,,,,,,,,,,,,,,,,,,,,,,,,,,,,,,,,,,,,,,,,,,,,,,,,,,,,,,,,,,,,,,,,,,,,,,,,,,,,,,,,,,,,,,,,,,,,,,,,,,,,,,,,,,,,,,,,,,,,,,,,,,,,,,,,,,,,,,,1,EA,,,,,,,,,,,,,,,,,,,,,,,,,,,,,,,,,,,,,US,No,Yes
,,,,,,1513703,,,,1513703,1513703,1nx6-16' Hatteras Sq Edge - Trex Transcend Lineage Decking,BOISE CASCADE®,BOISE CASCADE®,BOISE CASCADE®,BOISE CASCADE,BOISE CASCADE,BOISE CASCADE®,BOISE CASCADE®,1513703,,,"BOISE CASCADE®, Commercial Product, 1513703 - Commercial Grade Commercial Produc",COMMERCIAL PRODUCT,"BOISE CASCADE®, 1513703, Commercial Product",The BOISE CASCADE® 1513703 is a commercial-grade commercial product designed for professional and industrial applications.,BOISE CASCADE® 1513703 Commercial Product,The BOISE CASCADE® 1513703 is a commercial-grade commercial product designed for professional and industrial applications.,,,,,,,,,,,,,,,,,,,,,,,,,,BOISE CASCADE® 1513703 Commercial Product,,,,,,,,,,,,,,,,,,,,,,,,,,,,,,,,,,,,,,,,,,,,,,,,,,,,,,,,,,,,,,,,,,,,,,,,,,,,,,,,,,,,,,,,,,,,,,,,,,,,,,,,,,,,,,,,,,,,,,,,,,,,,,,,,,,,,,,,,,,,,,,,,,,,,,,,,,,,,1,EA,,,,,,,,,,,,,,,,,,,,,,,,,,,,,,,,,,,,,US,No,Yes
,,,,,,1513704,,,,1513704,1513704,1nx6-20' Hatteras Sq Edge - Trex Transcend Lineage Decking,BOISE CASCADE®,BOISE CASCADE®,BOISE CASCADE®,BOISE CASCADE,BOISE CASCADE,BOISE CASCADE®,BOISE CASCADE®,1513704,,,"BOISE CASCADE®, Commercial Product, 1513704 - Commercial Grade Commercial Produc",COMMERCIAL PRODUCT,"BOISE CASCADE®, 1513704, Commercial Product",The BOISE CASCADE® 1513704 is a commercial-grade commercial product designed for professional and industrial applications.,BOISE CASCADE® 1513704 Commercial Product,The BOISE CASCADE® 1513704 is a commercial-grade commercial product designed for professional and industrial applications.,,,,,,,,,,,,,,,,,,,,,,,,,,BOISE CASCADE® 1513704 Commercial Product,,,,,,,,,,,,,,,,,,,,,,,,,,,,,,,,,,,,,,,,,,,,,,,,,,,,,,,,,,,,,,,,,,,,,,,,,,,,,,,,,,,,,,,,,,,,,,,,,,,,,,,,,,,,,,,,,,,,,,,,,,,,,,,,,,,,,,,,,,,,,,,,,,,,,,,,,,,,,1,EA,,,,,,,,,,,,,,,,,,,,,,,,,,,,,,,,,,,,,US,No,Yes
,,,,,,1513705,,,,1513705,1513705,1nx6-12' Hatteras Grooved - Trex Transcend Lineage Decking,BOISE CASCADE®,BOISE CASCADE®,BOISE CASCADE®,BOISE CASCADE,BOISE CASCADE,BOISE CASCADE®,BOISE CASCADE®,1513705,,,"BOISE CASCADE®, Commercial Product, 1513705 - Commercial Grade Commercial Produc",COMMERCIAL PRODUCT,"BOISE CASCADE®, 1513705, Commercial Product",The BOISE CASCADE® 1513705 is a commercial-grade commercial product designed for professional and industrial applications.,BOISE CASCADE® 1513705 Commercial Product,The BOISE CASCADE® 1513705 is a commercial-grade commercial product designed for professional and industrial applications.,,,,,,,,,,,,,,,,,,,,,,,,,,BOISE CASCADE® 1513705 Commercial Product,,,,,,,,,,,,,,,,,,,,,,,,,,,,,,,,,,,,,,,,,,,,,,,,,,,,,,,,,,,,,,,,,,,,,,,,,,,,,,,,,,,,,,,,,,,,,,,,,,,,,,,,,,,,,,,,,,,,,,,,,,,,,,,,,,,,,,,,,,,,,,,,,,,,,,,,,,,,,1,EA,,,,,,,,,,,,,,,,,,,,,,,,,,,,,,,,,,,,,US,No,Yes
,,,,,,1513706,,,,1513706,1513706,1nx6-16' Hatteras Grooved - Trex Transcend Lineage Decking,BOISE CASCADE®,BOISE CASCADE®,BOISE CASCADE®,BOISE CASCADE,BOISE CASCADE,BOISE CASCADE®,BOISE CASCADE®,1513706,,,"BOISE CASCADE®, Commercial Product, 1513706 - Commercial Grade Commercial Produc",COMMERCIAL PRODUCT,"BOISE CASCADE®, 1513706, Commercial Product",The BOISE CASCADE® 1513706 is a commercial-grade commercial product designed for professional and industrial applications.,BOISE CASCADE® 1513706 Commercial Product,The BOISE CASCADE® 1513706 is a commercial-grade commercial product designed for professional and industrial applications.,,,,,,,,,,,,,,,,,,,,,,,,,,BOISE CASCADE® 1513706 Commercial Product,,,,,,,,,,,,,,,,,,,,,,,,,,,,,,,,,,,,,,,,,,,,,,,,,,,,,,,,,,,,,,,,,,,,,,,,,,,,,,,,,,,,,,,,,,,,,,,,,,,,,,,,,,,,,,,,,,,,,,,,,,,,,,,,,,,,,,,,,,,,,,,,,,,,,,,,,,,,,1,EA,,,,,,,,,,,,,,,,,,,,,,,,,,,,,,,,,,,,,US,No,Yes
,,,,,,1513707,,,,1513707,1513707,1nx6-20' Hatteras Grooved - Trex Transcend Lineage Decking,BOISE CASCADE®,BOISE CASCADE®,BOISE CASCADE®,BOISE CASCADE,BOISE CASCADE,BOISE CASCADE®,BOISE CASCADE®,1513707,,,"BOISE CASCADE®, Commercial Product, 1513707 - Commercial Grade Commercial Produc",COMMERCIAL PRODUCT,"BOISE CASCADE®, 1513707, Commercial Product",The BOISE CASCADE® 1513707 is a commercial-grade commercial product designed for professional and industrial applications.,BOISE CASCADE® 1513707 Commercial Product,The BOISE CASCADE® 1513707 is a commercial-grade commercial product designed for professional and industrial applications.,,,,,,,,,,,,,,,,,,,,,,,,,,BOISE CASCADE® 1513707 Commercial Product,,,,,,,,,,,,,,,,,,,,,,,,,,,,,,,,,,,,,,,,,,,,,,,,,,,,,,,,,,,,,,,,,,,,,,,,,,,,,,,,,,,,,,,,,,,,,,,,,,,,,,,,,,,,,,,,,,,,,,,,,,,,,,,,,,,,,,,,,,,,,,,,,,,,,,,,,,,,,1,EA,,,,,,,,,,,,,,,,,,,,,,,,,,,,,,,,,,,,,US,No,Yes
,,,,,,1513708,,,,1513708,1513708,1nx6-16' Salt Flat Sq Edge - Trex Transcend Lineage Decking,BOISE CASCADE®,BOISE CASCADE®,BOISE CASCADE®,BOISE CASCADE,BOISE CASCADE,BOISE CASCADE®,BOISE CASCADE®,1513708,,,"BOISE CASCADE®, Commercial Product, 1513708 - Commercial Grade Commercial Produc",COMMERCIAL PRODUCT,"BOISE CASCADE®, 1513708, Commercial Product",The BOISE CASCADE® 1513708 is a commercial-grade commercial product designed for professional and industrial applications.,BOISE CASCADE® 1513708 Commercial Product,The BOISE CASCADE® 1513708 is a commercial-grade commercial product designed for professional and industrial applications.,,,,,,,,,,,,,,,,,,,,,,,,,,BOISE CASCADE® 1513708 Commercial Product,,,,,,,,,,,,,,,,,,,,,,,,,,,,,,,,,,,,,,,,,,,,,,,,,,,,,,,,,,,,,,,,,,,,,,,,,,,,,,,,,,,,,,,,,,,,,,,,,,,,,,,,,,,,,,,,,,,,,,,,,,,,,,,,,,,,,,,,,,,,,,,,,,,,,,,,,,,,,1,EA,,,,,,,,,,,,,,,,,,,,,,,,,,,,,,,,,,,,,US,No,Yes
,,,,,,1513709,,,,1513709,1513709,1nx6-20' Salt Flat Sq Edge - Trex Transcend Lineage Decking,BOISE CASCADE®,BOISE CASCADE®,BOISE CASCADE®,BOISE CASCADE,BOISE CASCADE,BOISE CASCADE®,BOISE CASCADE®,1513709,,,"BOISE CASCADE®, Commercial Product, 1513709 - Commercial Grade Commercial Produc",COMMERCIAL PRODUCT,"BOISE CASCADE®, 1513709, Commercial Product",The BOISE CASCADE® 1513709 is a commercial-grade commercial product designed for professional and industrial applications.,BOISE CASCADE® 1513709 Commercial Product,The BOISE CASCADE® 1513709 is a commercial-grade commercial product designed for professional and industrial applications.,,,,,,,,,,,,,,,,,,,,,,,,,,BOISE CASCADE® 1513709 Commercial Product,,,,,,,,,,,,,,,,,,,,,,,,,,,,,,,,,,,,,,,,,,,,,,,,,,,,,,,,,,,,,,,,,,,,,,,,,,,,,,,,,,,,,,,,,,,,,,,,,,,,,,,,,,,,,,,,,,,,,,,,,,,,,,,,,,,,,,,,,,,,,,,,,,,,,,,,,,,,,1,EA,,,,,,,,,,,,,,,,,,,,,,,,,,,,,,,,,,,,,US,No,Yes
,,,,,,1513710,,,,1513710,1513710,1nx6-12' Salt Flat Grooved - Trex Transcend Lineage Decking,BOISE CASCADE®,BOISE CASCADE®,BOISE CASCADE®,BOISE CASCADE,BOISE CASCADE,BOISE CASCADE®,BOISE CASCADE®,1513710,,,"BOISE CASCADE®, Commercial Product, 1513710 - Commercial Grade Commercial Produc",COMMERCIAL PRODUCT,"BOISE CASCADE®, 1513710, Commercial Product",The BOISE CASCADE® 1513710 is a commercial-grade commercial product designed for professional and industrial applications.,BOISE CASCADE® 1513710 Commercial Product,The BOISE CASCADE® 1513710 is a commercial-grade commercial product designed for professional and industrial applications.,,,,,,,,,,,,,,,,,,,,,,,,,,BOISE CASCADE® 1513710 Commercial Product,,,,,,,,,,,,,,,,,,,,,,,,,,,,,,,,,,,,,,,,,,,,,,,,,,,,,,,,,,,,,,,,,,,,,,,,,,,,,,,,,,,,,,,,,,,,,,,,,,,,,,,,,,,,,,,,,,,,,,,,,,,,,,,,,,,,,,,,,,,,,,,,,,,,,,,,,,,,,1,EA,,,,,,,,,,,,,,,,,,,,,,,,,,,,,,,,,,,,,US,No,Yes
,,,,,,1513711,,,,1513711,1513711,1nx6-16' Salt Flat Grooved - Trex Transcend Lineage Decking,BOISE CASCADE®,BOISE CASCADE®,BOISE CASCADE®,BOISE CASCADE,BOISE CASCADE,BOISE CASCADE®,BOISE CASCADE®,1513711,,,"BOISE CASCADE®, Commercial Product, 1513711 - Commercial Grade Commercial Produc",COMMERCIAL PRODUCT,"BOISE CASCADE®, 1513711, Commercial Product",The BOISE CASCADE® 1513711 is a commercial-grade commercial product designed for professional and industrial applications.,BOISE CASCADE® 1513711 Commercial Product,The BOISE CASCADE® 1513711 is a commercial-grade commercial product designed for professional and industrial applications.,,,,,,,,,,,,,,,,,,,,,,,,,,BOISE CASCADE® 1513711 Commercial Product,,,,,,,,,,,,,,,,,,,,,,,,,,,,,,,,,,,,,,,,,,,,,,,,,,,,,,,,,,,,,,,,,,,,,,,,,,,,,,,,,,,,,,,,,,,,,,,,,,,,,,,,,,,,,,,,,,,,,,,,,,,,,,,,,,,,,,,,,,,,,,,,,,,,,,,,,,,,,1,EA,,,,,,,,,,,,,,,,,,,,,,,,,,,,,,,,,,,,,US,No,Yes
,,,,,,1513712,,,,1513712,1513712,1nx6-20' Salt Flat Grooved - Trex Transcend Lineage Decking,BOISE CASCADE®,BOISE CASCADE®,BOISE CASCADE®,BOISE CASCADE,BOISE CASCADE,BOISE CASCADE®,BOISE CASCADE®,1513712,,,"BOISE CASCADE®, Commercial Product, 1513712 - Commercial Grade Commercial Produc",COMMERCIAL PRODUCT,"BOISE CASCADE®, 1513712, Commercial Product",The BOISE CASCADE® 1513712 is a commercial-grade commercial product designed for professional and industrial applications.,BOISE CASCADE® 1513712 Commercial Product,The BOISE CASCADE® 1513712 is a commercial-grade commercial product designed for professional and industrial applications.,,,,,,,,,,,,,,,,,,,,,,,,,,BOISE CASCADE® 1513712 Commercial Product,,,,,,,,,,,,,,,,,,,,,,,,,,,,,,,,,,,,,,,,,,,,,,,,,,,,,,,,,,,,,,,,,,,,,,,,,,,,,,,,,,,,,,,,,,,,,,,,,,,,,,,,,,,,,,,,,,,,,,,,,,,,,,,,,,,,,,,,,,,,,,,,,,,,,,,,,,,,,1,EA,,,,,,,,,,,,,,,,,,,,,,,,,,,,,,,,,,,,,US,No,Yes
,,,,,,1513717,,,,1513717,1513717,1nx6-16' Honey Grove Sq Edge - Trex Enhance Naturals Decking,BOISE CASCADE®,BOISE CASCADE®,BOISE CASCADE®,BOISE CASCADE,BOISE CASCADE,BOISE CASCADE®,BOISE CASCADE®,1513717,,,"BOISE CASCADE®, Commercial Product, 1513717 - Commercial Grade Commercial Produc",COMMERCIAL PRODUCT,"BOISE CASCADE®, 1513717, Commercial Product",The BOISE CASCADE® 1513717 is a commercial-grade commercial product designed for professional and industrial applications.,BOISE CASCADE® 1513717 Commercial Product,The BOISE CASCADE® 1513717 is a commercial-grade commercial product designed for professional and industrial applications.,,,,,,,,,,,,,,,,,,,,,,,,,,BOISE CASCADE® 1513717 Commercial Product,,,,,,,,,,,,,,,,,,,,,,,,,,,,,,,,,,,,,,,,,,,,,,,,,,,,,,,,,,,,,,,,,,,,,,,,,,,,,,,,,,,,,,,,,,,,,,,,,,,,,,,,,,,,,,,,,,,,,,,,,,,,,,,,,,,,,,,,,,,,,,,,,,,,,,,,,,,,,1,EA,,,,,,,,,,,,,,,,,,,,,,,,,,,,,,,,,,,,,US,No,Yes
,,,,,,1513718,,,,1513718,1513718,1nx6-20' Honey Grove Sq Edge - Trex Enhance Naturals Decking,BOISE CASCADE®,BOISE CASCADE®,BOISE CASCADE®,BOISE CASCADE,BOISE CASCADE,BOISE CASCADE®,BOISE CASCADE®,1513718,,,"BOISE CASCADE®, Commercial Product, 1513718 - Commercial Grade Commercial Produc",COMMERCIAL PRODUCT,"BOISE CASCADE®, 1513718, Commercial Product",The BOISE CASCADE® 1513718 is a commercial-grade commercial product designed for professional and industrial applications.,BOISE CASCADE® 1513718 Commercial Product,The BOISE CASCADE® 1513718 is a commercial-grade commercial product designed for professional and industrial applications.,,,,,,,,,,,,,,,,,,,,,,,,,,BOISE CASCADE® 1513718 Commercial Product,,,,,,,,,,,,,,,,,,,,,,,,,,,,,,,,,,,,,,,,,,,,,,,,,,,,,,,,,,,,,,,,,,,,,,,,,,,,,,,,,,,,,,,,,,,,,,,,,,,,,,,,,,,,,,,,,,,,,,,,,,,,,,,,,,,,,,,,,,,,,,,,,,,,,,,,,,,,,1,EA,,,,,,,,,,,,,,,,,,,,,,,,,,,,,,,,,,,,,US,No,Yes
,,,,,,1513719,,,,1513719,1513719,1nx6-12' Honey Grove Grooved - Trex Enhance Naturals Decking,BOISE CASCADE®,BOISE CASCADE®,BOISE CASCADE®,BOISE CASCADE,BOISE CASCADE,BOISE CASCADE®,BOISE CASCADE®,1513719,,,"BOISE CASCADE®, Commercial Product, 1513719 - Commercial Grade Commercial Produc",COMMERCIAL PRODUCT,"BOISE CASCADE®, 1513719, Commercial Product",The BOISE CASCADE® 1513719 is a commercial-grade commercial product designed for professional and industrial applications.,BOISE CASCADE® 1513719 Commercial Product,The BOISE CASCADE® 1513719 is a commercial-grade commercial product designed for professional and industrial applications.,,,,,,,,,,,,,,,,,,,,,,,,,,BOISE CASCADE® 1513719 Commercial Product,,,,,,,,,,,,,,,,,,,,,,,,,,,,,,,,,,,,,,,,,,,,,,,,,,,,,,,,,,,,,,,,,,,,,,,,,,,,,,,,,,,,,,,,,,,,,,,,,,,,,,,,,,,,,,,,,,,,,,,,,,,,,,,,,,,,,,,,,,,,,,,,,,,,,,,,,,,,,1,EA,,,,,,,,,,,,,,,,,,,,,,,,,,,,,,,,,,,,,US,No,Yes
,,,,,,1513720,,,,1513720,1513720,1nx6-16' Honey Grove Grooved - Trex Enhance Naturals Decking,BOISE CASCADE®,BOISE CASCADE®,BOISE CASCADE®,BOISE CASCADE,BOISE CASCADE,BOISE CASCADE®,BOISE CASCADE®,1513720,,,"BOISE CASCADE®, Commercial Product, 1513720 - Commercial Grade Commercial Produc",COMMERCIAL PRODUCT,"BOISE CASCADE®, 1513720, Commercial Product",The BOISE CASCADE® 1513720 is a commercial-grade commercial product designed for professional and industrial applications.,BOISE CASCADE® 1513720 Commercial Product,The BOISE CASCADE® 1513720 is a commercial-grade commercial product designed for professional and industrial applications.,,,,,,,,,,,,,,,,,,,,,,,,,,BOISE CASCADE® 1513720 Commercial Product,,,,,,,,,,,,,,,,,,,,,,,,,,,,,,,,,,,,,,,,,,,,,,,,,,,,,,,,,,,,,,,,,,,,,,,,,,,,,,,,,,,,,,,,,,,,,,,,,,,,,,,,,,,,,,,,,,,,,,,,,,,,,,,,,,,,,,,,,,,,,,,,,,,,,,,,,,,,,1,EA,,,,,,,,,,,,,,,,,,,,,,,,,,,,,,,,,,,,,US,No,Yes
,,,,,,1513721,,,,1513721,1513721,1nx6-20' Honey Grove Grooved - Trex Enhance Naturals Decking,BOISE CASCADE®,BOISE CASCADE®,BOISE CASCADE®,BOISE CASCADE,BOISE CASCADE,BOISE CASCADE®,BOISE CASCADE®,1513721,,,"BOISE CASCADE®, Commercial Product, 1513721 - Commercial Grade Commercial Produc",COMMERCIAL PRODUCT,"BOISE CASCADE®, 1513721, Commercial Product",The BOISE CASCADE® 1513721 is a commercial-grade commercial product designed for professional and industrial applications.,BOISE CASCADE® 1513721 Commercial Product,The BOISE CASCADE® 1513721 is a commercial-grade commercial product designed for professional and industrial applications.,,,,,,,,,,,,,,,,,,,,,,,,,,BOISE CASCADE® 1513721 Commercial Product,,,,,,,,,,,,,,,,,,,,,,,,,,,,,,,,,,,,,,,,,,,,,,,,,,,,,,,,,,,,,,,,,,,,,,,,,,,,,,,,,,,,,,,,,,,,,,,,,,,,,,,,,,,,,,,,,,,,,,,,,,,,,,,,,,,,,,,,,,,,,,,,,,,,,,,,,,,,,1,EA,,,,,,,,,,,,,,,,,,,,,,,,,,,,,,,,,,,,,US,No,Yes
,,,,,,1513724,,,,1513724,1513724,1nx6-16' Tide Pool Sq Edge - Trex Enhance Basics Decking,BOISE CASCADE®,BOISE CASCADE®,BOISE CASCADE®,BOISE CASCADE,BOISE CASCADE,BOISE CASCADE®,BOISE CASCADE®,1513724,,,"BOISE CASCADE®, Commercial Product, 1513724 - Commercial Grade Commercial Produc",COMMERCIAL PRODUCT,"BOISE CASCADE®, 1513724, Commercial Product",The BOISE CASCADE® 1513724 is a commercial-grade commercial product designed for professional and industrial applications.,BOISE CASCADE® 1513724 Commercial Product,The BOISE CASCADE® 1513724 is a commercial-grade commercial product designed for professional and industrial applications.,,,,,,,,,,,,,,,,,,,,,,,,,,BOISE CASCADE® 1513724 Commercial Product,,,,,,,,,,,,,,,,,,,,,,,,,,,,,,,,,,,,,,,,,,,,,,,,,,,,,,,,,,,,,,,,,,,,,,,,,,,,,,,,,,,,,,,,,,,,,,,,,,,,,,,,,,,,,,,,,,,,,,,,,,,,,,,,,,,,,,,,,,,,,,,,,,,,,,,,,,,,,1,EA,,,,,,,,,,,,,,,,,,,,,,,,,,,,,,,,,,,,,US,No,Yes
,,,,,,1513725,,,,1513725,1513725,1nx6-20' Tide Pool Sq Edge - Trex Enhance Basics Decking,BOISE CASCADE®,BOISE CASCADE®,BOISE CASCADE®,BOISE CASCADE,BOISE CASCADE,BOISE CASCADE®,BOISE CASCADE®,1513725,,,"BOISE CASCADE®, Commercial Product, 1513725 - Commercial Grade Commercial Produc",COMMERCIAL PRODUCT,"BOISE CASCADE®, 1513725, Commercial Product",The BOISE CASCADE® 1513725 is a commercial-grade commercial product designed for professional and industrial applications.,BOISE CASCADE® 1513725 Commercial Product,The BOISE CASCADE® 1513725 is a commercial-grade commercial product designed for professional and industrial applications.,,,,,,,,,,,,,,,,,,,,,,,,,,BOISE CASCADE® 1513725 Commercial Product,,,,,,,,,,,,,,,,,,,,,,,,,,,,,,,,,,,,,,,,,,,,,,,,,,,,,,,,,,,,,,,,,,,,,,,,,,,,,,,,,,,,,,,,,,,,,,,,,,,,,,,,,,,,,,,,,,,,,,,,,,,,,,,,,,,,,,,,,,,,,,,,,,,,,,,,,,,,,1,EA,,,,,,,,,,,,,,,,,,,,,,,,,,,,,,,,,,,,,US,No,Yes
,,,,,,1513726,,,,1513726,1513726,1nx6-12' Tide Pool Grooved - Trex Enhance Basics Decking,BOISE CASCADE®,BOISE CASCADE®,BOISE CASCADE®,BOISE CASCADE,BOISE CASCADE,BOISE CASCADE®,BOISE CASCADE®,1513726,,,"BOISE CASCADE®, Commercial Product, 1513726 - Commercial Grade Commercial Produc",COMMERCIAL PRODUCT,"BOISE CASCADE®, 1513726, Commercial Product",The BOISE CASCADE® 1513726 is a commercial-grade commercial product designed for professional and industrial applications.,BOISE CASCADE® 1513726 Commercial Product,The BOISE CASCADE® 1513726 is a commercial-grade commercial product designed for professional and industrial applications.,,,,,,,,,,,,,,,,,,,,,,,,,,BOISE CASCADE® 1513726 Commercial Product,,,,,,,,,,,,,,,,,,,,,,,,,,,,,,,,,,,,,,,,,,,,,,,,,,,,,,,,,,,,,,,,,,,,,,,,,,,,,,,,,,,,,,,,,,,,,,,,,,,,,,,,,,,,,,,,,,,,,,,,,,,,,,,,,,,,,,,,,,,,,,,,,,,,,,,,,,,,,1,EA,,,,,,,,,,,,,,,,,,,,,,,,,,,,,,,,,,,,,US,No,Yes
,,,,,,1513727,,,,1513727,1513727,1nx6-16' Tide Pool Grooved - Trex Enhance Basics Decking,BOISE CASCADE®,BOISE CASCADE®,BOISE CASCADE®,BOISE CASCADE,BOISE CASCADE,BOISE CASCADE®,BOISE CASCADE®,1513727,,,"BOISE CASCADE®, Commercial Product, 1513727 - Commercial Grade Commercial Produc",COMMERCIAL PRODUCT,"BOISE CASCADE®, 1513727, Commercial Product",The BOISE CASCADE® 1513727 is a commercial-grade commercial product designed for professional and industrial applications.,BOISE CASCADE® 1513727 Commercial Product,The BOISE CASCADE® 1513727 is a commercial-grade commercial product designed for professional and industrial applications.,,,,,,,,,,,,,,,,,,,,,,,,,,BOISE CASCADE® 1513727 Commercial Product,,,,,,,,,,,,,,,,,,,,,,,,,,,,,,,,,,,,,,,,,,,,,,,,,,,,,,,,,,,,,,,,,,,,,,,,,,,,,,,,,,,,,,,,,,,,,,,,,,,,,,,,,,,,,,,,,,,,,,,,,,,,,,,,,,,,,,,,,,,,,,,,,,,,,,,,,,,,,1,EA,,,,,,,,,,,,,,,,,,,,,,,,,,,,,,,,,,,,,US,No,Yes
,,,,,,1513728,,,,1513728,1513728,1nx6-20' Tide Pool Grooved - Trex Enhance Basics Decking,BOISE CASCADE®,BOISE CASCADE®,BOISE CASCADE®,BOISE CASCADE,BOISE CASCADE,BOISE CASCADE®,BOISE CASCADE®,1513728,,,"BOISE CASCADE®, Commercial Product, 1513728 - Commercial Grade Commercial Produc",COMMERCIAL PRODUCT,"BOISE CASCADE®, 1513728, Commercial Product",The BOISE CASCADE® 1513728 is a commercial-grade commercial product designed for professional and industrial applications.,BOISE CASCADE® 1513728 Commercial Product,The BOISE CASCADE® 1513728 is a commercial-grade commercial product designed for professional and industrial applications.,,,,,,,,,,,,,,,,,,,,,,,,,,BOISE CASCADE® 1513728 Commercial Product,,,,,,,,,,,,,,,,,,,,,,,,,,,,,,,,,,,,,,,,,,,,,,,,,,,,,,,,,,,,,,,,,,,,,,,,,,,,,,,,,,,,,,,,,,,,,,,,,,,,,,,,,,,,,,,,,,,,,,,,,,,,,,,,,,,,,,,,,,,,,,,,,,,,,,,,,,,,,1,EA,,,,,,,,,,,,,,,,,,,,,,,,,,,,,,,,,,,,,US,No,Yes
,,,,,,543076016,,,,543076016,543076016,1nx6-16' Cinnamon Cove Sq Edge - Trex Enhance Naturals Decking,BOISE CASCADE®,BOISE CASCADE®,BOISE CASCADE®,BOISE CASCADE,BOISE CASCADE,BOISE CASCADE®,BOISE CASCADE®,543076016,,,"BOISE CASCADE®, Commercial Product, 543076016 - Commercial Grade Commercial Prod",COMMERCIAL PRODUCT,"BOISE CASCADE®, 543076016, Commercial Product",The BOISE CASCADE® 543076016 is a commercial-grade commercial product designed for professional and industrial applications.,BOISE CASCADE® 543076016 Commercial Product,The BOISE CASCADE® 543076016 is a commercial-grade commercial product designed for professional and industrial applications.,,,,,,,,,,,,,,,,,,,,,,,,,,BOISE CASCADE® 543076016 Commercial Product,,,,,,,,,,,,,,,,,,,,,,,,,,,,,,,,,,,,,,,,,,,,,,,,,,,,,,,,,,,,,,,,,,,,,,,,,,,,,,,,,,,,,,,,,,,,,,,,,,,,,,,,,,,,,,,,,,,,,,,,,,,,,,,,,,,,,,,,,,,,,,,,,,,,,,,,,,,,,1,EA,,,,,,,,,,,,,,,,,,,,,,,,,,,,,,,,,,,,,US,No,Yes
,,,,,,543076020,,,,543076020,543076020,1nx6-20' Cinnamon Cove Sq Edge - Trex Enhance Naturals Decking,BOISE CASCADE®,BOISE CASCADE®,BOISE CASCADE®,BOISE CASCADE,BOISE CASCADE,BOISE CASCADE®,BOISE CASCADE®,543076020,,,"BOISE CASCADE®, Commercial Product, 543076020 - Commercial Grade Commercial Prod",COMMERCIAL PRODUCT,"BOISE CASCADE®, 543076020, Commercial Product",The BOISE CASCADE® 543076020 is a commercial-grade commercial product designed for professional and industrial applications.,BOISE CASCADE® 543076020 Commercial Product,The BOISE CASCADE® 543076020 is a commercial-grade commercial product designed for professional and industrial applications.,,,,,,,,,,,,,,,,,,,,,,,,,,BOISE CASCADE® 543076020 Commercial Product,,,,,,,,,,,,,,,,,,,,,,,,,,,,,,,,,,,,,,,,,,,,,,,,,,,,,,,,,,,,,,,,,,,,,,,,,,,,,,,,,,,,,,,,,,,,,,,,,,,,,,,,,,,,,,,,,,,,,,,,,,,,,,,,,,,,,,,,,,,,,,,,,,,,,,,,,,,,,1,EA,,,,,,,,,,,,,,,,,,,,,,,,,,,,,,,,,,,,,US,No,Yes
,,,,,,543076412,,,,543076412,543076412,1nx6-12' Cinnamon Cove Grooved - Trex Enhance Naturals Decking,BOISE CASCADE®,BOISE CASCADE®,BOISE CASCADE®,BOISE CASCADE,BOISE CASCADE,BOISE CASCADE®,BOISE CASCADE®,543076412,,,"BOISE CASCADE®, Commercial Product, 543076412 - Commercial Grade Commercial Prod",COMMERCIAL PRODUCT,"BOISE CASCADE®, 543076412, Commercial Product",The BOISE CASCADE® 543076412 is a commercial-grade commercial product designed for professional and industrial applications.,BOISE CASCADE® 543076412 Commercial Product,The BOISE CASCADE® 543076412 is a commercial-grade commercial product designed for professional and industrial applications.,,,,,,,,,,,,,,,,,,,,,,,,,,BOISE CASCADE® 543076412 Commercial Product,,,,,,,,,,,,,,,,,,,,,,,,,,,,,,,,,,,,,,,,,,,,,,,,,,,,,,,,,,,,,,,,,,,,,,,,,,,,,,,,,,,,,,,,,,,,,,,,,,,,,,,,,,,,,,,,,,,,,,,,,,,,,,,,,,,,,,,,,,,,,,,,,,,,,,,,,,,,,1,EA,,,,,,,,,,,,,,,,,,,,,,,,,,,,,,,,,,,,,US,No,Yes
,,,,,,543076416,,,,543076416,543076416,1nx6-16' Cinnamon Cove Grooved - Trex Enhance Naturals Decking,BOISE CASCADE®,BOISE CASCADE®,BOISE CASCADE®,BOISE CASCADE,BOISE CASCADE,BOISE CASCADE®,BOISE CASCADE®,543076416,,,"BOISE CASCADE®, Commercial Product, 543076416 - Commercial Grade Commercial Prod",COMMERCIAL PRODUCT,"BOISE CASCADE®, 543076416, Commercial Product",The BOISE CASCADE® 543076416 is a commercial-grade commercial product designed for professional and industrial applications.,BOISE CASCADE® 543076416 Commercial Product,The BOISE CASCADE® 543076416 is a commercial-grade commercial product designed for professional and industrial applications.,,,,,,,,,,,,,,,,,,,,,,,,,,BOISE CASCADE® 543076416 Commercial Product,,,,,,,,,,,,,,,,,,,,,,,,,,,,,,,,,,,,,,,,,,,,,,,,,,,,,,,,,,,,,,,,,,,,,,,,,,,,,,,,,,,,,,,,,,,,,,,,,,,,,,,,,,,,,,,,,,,,,,,,,,,,,,,,,,,,,,,,,,,,,,,,,,,,,,,,,,,,,1,EA,,,,,,,,,,,,,,,,,,,,,,,,,,,,,,,,,,,,,US,No,Yes
,,,,,,543076420,,,,543076420,543076420,1nx6-20' Cinnamon Cove Grooved - Trex Enhance Naturals Decking,BOISE CASCADE®,BOISE CASCADE®,BOISE CASCADE®,BOISE CASCADE,BOISE CASCADE,BOISE CASCADE®,BOISE CASCADE®,543076420,,,"BOISE CASCADE®, Commercial Product, 543076420 - Commercial Grade Commercial Prod",COMMERCIAL PRODUCT,"BOISE CASCADE®, 543076420, Commercial Product",The BOISE CASCADE® 543076420 is a commercial-grade commercial product designed for professional and industrial applications.,BOISE CASCADE® 543076420 Commercial Product,The BOISE CASCADE® 543076420 is a commercial-grade commercial product designed for professional and industrial applications.,,,,,,,,,,,,,,,,,,,,,,,,,,BOISE CASCADE® 543076420 Commercial Product,,,,,,,,,,,,,,,,,,,,,,,,,,,,,,,,,,,,,,,,,,,,,,,,,,,,,,,,,,,,,,,,,,,,,,,,,,,,,,,,,,,,,,,,,,,,,,,,,,,,,,,,,,,,,,,,,,,,,,,,,,,,,,,,,,,,,,,,,,,,,,,,,,,,,,,,,,,,,1,EA,,,,,,,,,,,,,,,,,,,,,,,,,,,,,,,,,,,,,US,No,Yes
,,,,,,1516870,,,,1516870,1516870,1nx6-16' Golden Hour Sq Edge - Trex Enhance Naturals Decking,BOISE CASCADE®,BOISE CASCADE®,BOISE CASCADE®,BOISE CASCADE,BOISE CASCADE,BOISE CASCADE®,BOISE CASCADE®,1516870,,,"BOISE CASCADE®, Commercial Product, 1516870 - Commercial Grade Commercial Produc",COMMERCIAL PRODUCT,"BOISE CASCADE®, 1516870, Commercial Product",The BOISE CASCADE® 1516870 is a commercial-grade commercial product designed for professional and industrial applications.,BOISE CASCADE® 1516870 Commercial Product,The BOISE CASCADE® 1516870 is a commercial-grade commercial product designed for professional and industrial applications.,,,,,,,,,,,,,,,,,,,,,,,,,,BOISE CASCADE® 1516870 Commercial Product,,,,,,,,,,,,,,,,,,,,,,,,,,,,,,,,,,,,,,,,,,,,,,,,,,,,,,,,,,,,,,,,,,,,,,,,,,,,,,,,,,,,,,,,,,,,,,,,,,,,,,,,,,,,,,,,,,,,,,,,,,,,,,,,,,,,,,,,,,,,,,,,,,,,,,,,,,,,,1,EA,,,,,,,,,,,,,,,,,,,,,,,,,,,,,,,,,,,,,US,No,Yes
,,,,,,1516871,,,,1516871,1516871,1nx6-20' Golden Hour Sq Edge - Trex Enhance Naturals Decking,BOISE CASCADE®,BOISE CASCADE®,BOISE CASCADE®,BOISE CASCADE,BOISE CASCADE,BOISE CASCADE®,BOISE CASCADE®,1516871,,,"BOISE CASCADE®, Commercial Product, 1516871 - Commercial Grade Commercial Produc",COMMERCIAL PRODUCT,"BOISE CASCADE®, 1516871, Commercial Product",The BOISE CASCADE® 1516871 is a commercial-grade commercial product designed for professional and industrial applications.,BOISE CASCADE® 1516871 Commercial Product,The BOISE CASCADE® 1516871 is a commercial-grade commercial product designed for professional and industrial applications.,,,,,,,,,,,,,,,,,,,,,,,,,,BOISE CASCADE® 1516871 Commercial Product,,,,,,,,,,,,,,,,,,,,,,,,,,,,,,,,,,,,,,,,,,,,,,,,,,,,,,,,,,,,,,,,,,,,,,,,,,,,,,,,,,,,,,,,,,,,,,,,,,,,,,,,,,,,,,,,,,,,,,,,,,,,,,,,,,,,,,,,,,,,,,,,,,,,,,,,,,,,,1,EA,,,,,,,,,,,,,,,,,,,,,,,,,,,,,,,,,,,,,US,No,Yes
,,,,,,1516872,,,,1516872,1516872,1nx6-12' Golden Hour Grooved - Trex Enhance Naturals Decking,BOISE CASCADE®,BOISE CASCADE®,BOISE CASCADE®,BOISE CASCADE,BOISE CASCADE,BOISE CASCADE®,BOISE CASCADE®,1516872,,,"BOISE CASCADE®, Commercial Product, 1516872 - Commercial Grade Commercial Produc",COMMERCIAL PRODUCT,"BOISE CASCADE®, 1516872, Commercial Product",The BOISE CASCADE® 1516872 is a commercial-grade commercial product designed for professional and industrial applications.,BOISE CASCADE® 1516872 Commercial Product,The BOISE CASCADE® 1516872 is a commercial-grade commercial product designed for professional and industrial applications.,,,,,,,,,,,,,,,,,,,,,,,,,,BOISE CASCADE® 1516872 Commercial Product,,,,,,,,,,,,,,,,,,,,,,,,,,,,,,,,,,,,,,,,,,,,,,,,,,,,,,,,,,,,,,,,,,,,,,,,,,,,,,,,,,,,,,,,,,,,,,,,,,,,,,,,,,,,,,,,,,,,,,,,,,,,,,,,,,,,,,,,,,,,,,,,,,,,,,,,,,,,,1,EA,,,,,,,,,,,,,,,,,,,,,,,,,,,,,,,,,,,,,US,No,Yes
,,,,,,1516873,,,,1516873,1516873,1nx6-16' Golden Hour Grooved - Trex Enhance Naturals Decking,BOISE CASCADE®,BOISE CASCADE®,BOISE CASCADE®,BOISE CASCADE,BOISE CASCADE,BOISE CASCADE®,BOISE CASCADE®,1516873,,,"BOISE CASCADE®, Commercial Product, 1516873 - Commercial Grade Commercial Produc",COMMERCIAL PRODUCT,"BOISE CASCADE®, 1516873, Commercial Product",The BOISE CASCADE® 1516873 is a commercial-grade commercial product designed for professional and industrial applications.,BOISE CASCADE® 1516873 Commercial Product,The BOISE CASCADE® 1516873 is a commercial-grade commercial product designed for professional and industrial applications.,,,,,,,,,,,,,,,,,,,,,,,,,,BOISE CASCADE® 1516873 Commercial Product,,,,,,,,,,,,,,,,,,,,,,,,,,,,,,,,,,,,,,,,,,,,,,,,,,,,,,,,,,,,,,,,,,,,,,,,,,,,,,,,,,,,,,,,,,,,,,,,,,,,,,,,,,,,,,,,,,,,,,,,,,,,,,,,,,,,,,,,,,,,,,,,,,,,,,,,,,,,,1,EA,,,,,,,,,,,,,,,,,,,,,,,,,,,,,,,,,,,,,US,No,Yes
,,,,,,1516874,,,,1516874,1516874,1nx6-20' Golden Hour Grooved - Trex Enhance Naturals Decking,BOISE CASCADE®,BOISE CASCADE®,BOISE CASCADE®,BOISE CASCADE,BOISE CASCADE,BOISE CASCADE®,BOISE CASCADE®,1516874,,,"BOISE CASCADE®, Commercial Product, 1516874 - Commercial Grade Commercial Produc",COMMERCIAL PRODUCT,"BOISE CASCADE®, 1516874, Commercial Product",The BOISE CASCADE® 1516874 is a commercial-grade commercial product designed for professional and industrial applications.,BOISE CASCADE® 1516874 Commercial Product,The BOISE CASCADE® 1516874 is a commercial-grade commercial product designed for professional and industrial applications.,,,,,,,,,,,,,,,,,,,,,,,,,,BOISE CASCADE® 1516874 Commercial Product,,,,,,,,,,,,,,,,,,,,,,,,,,,,,,,,,,,,,,,,,,,,,,,,,,,,,,,,,,,,,,,,,,,,,,,,,,,,,,,,,,,,,,,,,,,,,,,,,,,,,,,,,,,,,,,,,,,,,,,,,,,,,,,,,,,,,,,,,,,,,,,,,,,,,,,,,,,,,1,EA,,,,,,,,,,,,,,,,,,,,,,,,,,,,,,,,,,,,,US,No,Yes
,,,,,,1516879,,,,1516879,1516879,1nx6-16' Pebble Beach Sq Edge - Trex Enhance Basics Decking,BOISE CASCADE®,BOISE CASCADE®,BOISE CASCADE®,BOISE CASCADE,BOISE CASCADE,BOISE CASCADE®,BOISE CASCADE®,1516879,,,"BOISE CASCADE®, Commercial Product, 1516879 - Commercial Grade Commercial Produc",COMMERCIAL PRODUCT,"BOISE CASCADE®, 1516879, Commercial Product",The BOISE CASCADE® 1516879 is a commercial-grade commercial product designed for professional and industrial applications.,BOISE CASCADE® 1516879 Commercial Product,The BOISE CASCADE® 1516879 is a commercial-grade commercial product designed for professional and industrial applications.,,,,,,,,,,,,,,,,,,,,,,,,,,BOISE CASCADE® 1516879 Commercial Product,,,,,,,,,,,,,,,,,,,,,,,,,,,,,,,,,,,,,,,,,,,,,,,,,,,,,,,,,,,,,,,,,,,,,,,,,,,,,,,,,,,,,,,,,,,,,,,,,,,,,,,,,,,,,,,,,,,,,,,,,,,,,,,,,,,,,,,,,,,,,,,,,,,,,,,,,,,,,1,EA,,,,,,,,,,,,,,,,,,,,,,,,,,,,,,,,,,,,,US,No,Yes
,,,,,,1516880,,,,1516880,1516880,1nx6-20' Pebble Beach Sq Edge - Trex Enhance Basics Decking,BOISE CASCADE®,BOISE CASCADE®,BOISE CASCADE®,BOISE CASCADE,BOISE CASCADE,BOISE CASCADE®,BOISE CASCADE®,1516880,,,"BOISE CASCADE®, Commercial Product, 1516880 - Commercial Grade Commercial Produc",COMMERCIAL PRODUCT,"BOISE CASCADE®, 1516880, Commercial Product",The BOISE CASCADE® 1516880 is a commercial-grade commercial product designed for professional and industrial applications.,BOISE CASCADE® 1516880 Commercial Product,The BOISE CASCADE® 1516880 is a commercial-grade commercial product designed for professional and industrial applications.,,,,,,,,,,,,,,,,,,,,,,,,,,BOISE CASCADE® 1516880 Commercial Product,,,,,,,,,,,,,,,,,,,,,,,,,,,,,,,,,,,,,,,,,,,,,,,,,,,,,,,,,,,,,,,,,,,,,,,,,,,,,,,,,,,,,,,,,,,,,,,,,,,,,,,,,,,,,,,,,,,,,,,,,,,,,,,,,,,,,,,,,,,,,,,,,,,,,,,,,,,,,1,EA,,,,,,,,,,,,,,,,,,,,,,,,,,,,,,,,,,,,,US,No,Yes
,,,,,,1516881,,,,1516881,1516881,1nx6-12' Pebble Beach Grooved - Trex Enhance Basics Decking,BOISE CASCADE®,BOISE CASCADE®,BOISE CASCADE®,BOISE CASCADE,BOISE CASCADE,BOISE CASCADE®,BOISE CASCADE®,1516881,,,"BOISE CASCADE®, Commercial Product, 1516881 - Commercial Grade Commercial Produc",COMMERCIAL PRODUCT,"BOISE CASCADE®, 1516881, Commercial Product",The BOISE CASCADE® 1516881 is a commercial-grade commercial product designed for professional and industrial applications.,BOISE CASCADE® 1516881 Commercial Product,The BOISE CASCADE® 1516881 is a commercial-grade commercial product designed for professional and industrial applications.,,,,,,,,,,,,,,,,,,,,,,,,,,BOISE CASCADE® 1516881 Commercial Product,,,,,,,,,,,,,,,,,,,,,,,,,,,,,,,,,,,,,,,,,,,,,,,,,,,,,,,,,,,,,,,,,,,,,,,,,,,,,,,,,,,,,,,,,,,,,,,,,,,,,,,,,,,,,,,,,,,,,,,,,,,,,,,,,,,,,,,,,,,,,,,,,,,,,,,,,,,,,1,EA,,,,,,,,,,,,,,,,,,,,,,,,,,,,,,,,,,,,,US,No,Yes
,,,,,,1516882,,,,1516882,1516882,1nx6-16' Pebble Beach Grooved - Trex Enhance Basics Decking,BOISE CASCADE®,BOISE CASCADE®,BOISE CASCADE®,BOISE CASCADE,BOISE CASCADE,BOISE CASCADE®,BOISE CASCADE®,1516882,,,"BOISE CASCADE®, Commercial Product, 1516882 - Commercial Grade Commercial Produc",COMMERCIAL PRODUCT,"BOISE CASCADE®, 1516882, Commercial Product",The BOISE CASCADE® 1516882 is a commercial-grade commercial product designed for professional and industrial applications.,BOISE CASCADE® 1516882 Commercial Product,The BOISE CASCADE® 1516882 is a commercial-grade commercial product designed for professional and industrial applications.,,,,,,,,,,,,,,,,,,,,,,,,,,BOISE CASCADE® 1516882 Commercial Product,,,,,,,,,,,,,,,,,,,,,,,,,,,,,,,,,,,,,,,,,,,,,,,,,,,,,,,,,,,,,,,,,,,,,,,,,,,,,,,,,,,,,,,,,,,,,,,,,,,,,,,,,,,,,,,,,,,,,,,,,,,,,,,,,,,,,,,,,,,,,,,,,,,,,,,,,,,,,1,EA,,,,,,,,,,,,,,,,,,,,,,,,,,,,,,,,,,,,,US,No,Yes
,,,,,,1516883,,,,1516883,1516883,1nx6-20' Pebble Beach Grooved - Trex Enhance Basics Decking,BOISE CASCADE®,BOISE CASCADE®,BOISE CASCADE®,BOISE CASCADE,BOISE CASCADE,BOISE CASCADE®,BOISE CASCADE®,1516883,,,"BOISE CASCADE®, Commercial Product, 1516883 - Commercial Grade Commercial Produc",COMMERCIAL PRODUCT,"BOISE CASCADE®, 1516883, Commercial Product",The BOISE CASCADE® 1516883 is a commercial-grade commercial product designed for professional and industrial applications.,BOISE CASCADE® 1516883 Commercial Product,The BOISE CASCADE® 1516883 is a commercial-grade commercial product designed for professional and industrial applications.,,,,,,,,,,,,,,,,,,,,,,,,,,BOISE CASCADE® 1516883 Commercial Product,,,,,,,,,,,,,,,,,,,,,,,,,,,,,,,,,,,,,,,,,,,,,,,,,,,,,,,,,,,,,,,,,,,,,,,,,,,,,,,,,,,,,,,,,,,,,,,,,,,,,,,,,,,,,,,,,,,,,,,,,,,,,,,,,,,,,,,,,,,,,,,,,,,,,,,,,,,,,1,EA,,,,,,,,,,,,,,,,,,,,,,,,,,,,,,,,,,,,,US,No,Yes
,,,,,,543005016,,,,543005016,543005016,7/8nx6-16' Malted Barley Sq Edge - Trex Select 2.0 Decking,BOISE CASCADE®,BOISE CASCADE®,BOISE CASCADE®,BOISE CASCADE,BOISE CASCADE,BOISE CASCADE®,BOISE CASCADE®,543005016,,,"BOISE CASCADE®, Commercial Product, 543005016 - Commercial Grade Commercial Prod",COMMERCIAL PRODUCT,"BOISE CASCADE®, 543005016, Commercial Product",The BOISE CASCADE® 543005016 is a commercial-grade commercial product designed for professional and industrial applications.,BOISE CASCADE® 543005016 Commercial Product,The BOISE CASCADE® 543005016 is a commercial-grade commercial product designed for professional and industrial applications.,,,,,,,,,,,,,,,,,,,,,,,,,,BOISE CASCADE® 543005016 Commercial Product,,,,,,,,,,,,,,,,,,,,,,,,,,,,,,,,,,,,,,,,,,,,,,,,,,,,,,,,,,,,,,,,,,,,,,,,,,,,,,,,,,,,,,,,,,,,,,,,,,,,,,,,,,,,,,,,,,,,,,,,,,,,,,,,,,,,,,,,,,,,,,,,,,,,,,,,,,,,,1,EA,,,,,,,,,,,,,,,,,,,,,,,,,,,,,,,,,,,,,US,No,Yes
,,,,,,543005020,,,,543005020,543005020,7/8nx6-20' Malted Barley Sq Edge - Trex Select 2.0 Decking,BOISE CASCADE®,BOISE CASCADE®,BOISE CASCADE®,BOISE CASCADE,BOISE CASCADE,BOISE CASCADE®,BOISE CASCADE®,543005020,,,"BOISE CASCADE®, Commercial Product, 543005020 - Commercial Grade Commercial Prod",COMMERCIAL PRODUCT,"BOISE CASCADE®, 543005020, Commercial Product",The BOISE CASCADE® 543005020 is a commercial-grade commercial product designed for professional and industrial applications.,BOISE CASCADE® 543005020 Commercial Product,The BOISE CASCADE® 543005020 is a commercial-grade commercial product designed for professional and industrial applications.,,,,,,,,,,,,,,,,,,,,,,,,,,BOISE CASCADE® 543005020 Commercial Product,,,,,,,,,,,,,,,,,,,,,,,,,,,,,,,,,,,,,,,,,,,,,,,,,,,,,,,,,,,,,,,,,,,,,,,,,,,,,,,,,,,,,,,,,,,,,,,,,,,,,,,,,,,,,,,,,,,,,,,,,,,,,,,,,,,,,,,,,,,,,,,,,,,,,,,,,,,,,1,EA,,,,,,,,,,,,,,,,,,,,,,,,,,,,,,,,,,,,,US,No,Yes
,,,,,,543005412,,,,543005412,543005412,7/8nx6-12' Malted Barley Grooved - Trex Select 2.0 Decking,BOISE CASCADE®,BOISE CASCADE®,BOISE CASCADE®,BOISE CASCADE,BOISE CASCADE,BOISE CASCADE®,BOISE CASCADE®,543005412,,,"BOISE CASCADE®, Commercial Product, 543005412 - Commercial Grade Commercial Prod",COMMERCIAL PRODUCT,"BOISE CASCADE®, 543005412, Commercial Product",The BOISE CASCADE® 543005412 is a commercial-grade commercial product designed for professional and industrial applications.,BOISE CASCADE® 543005412 Commercial Product,The BOISE CASCADE® 543005412 is a commercial-grade commercial product designed for professional and industrial applications.,,,,,,,,,,,,,,,,,,,,,,,,,,BOISE CASCADE® 543005412 Commercial Product,,,,,,,,,,,,,,,,,,,,,,,,,,,,,,,,,,,,,,,,,,,,,,,,,,,,,,,,,,,,,,,,,,,,,,,,,,,,,,,,,,,,,,,,,,,,,,,,,,,,,,,,,,,,,,,,,,,,,,,,,,,,,,,,,,,,,,,,,,,,,,,,,,,,,,,,,,,,,1,EA,,,,,,,,,,,,,,,,,,,,,,,,,,,,,,,,,,,,,US,No,Yes
,,,,,,543005416,,,,543005416,543005416,7/8nx6-16' Malted Barley Grooved - Trex Select 2.0 Decking,BOISE CASCADE®,BOISE CASCADE®,BOISE CASCADE®,BOISE CASCADE,BOISE CASCADE,BOISE CASCADE®,BOISE CASCADE®,543005416,,,"BOISE CASCADE®, Commercial Product, 543005416 - Commercial Grade Commercial Prod",COMMERCIAL PRODUCT,"BOISE CASCADE®, 543005416, Commercial Product",The BOISE CASCADE® 543005416 is a commercial-grade commercial product designed for professional and industrial applications.,BOISE CASCADE® 543005416 Commercial Product,The BOISE CASCADE® 543005416 is a commercial-grade commercial product designed for professional and industrial applications.,,,,,,,,,,,,,,,,,,,,,,,,,,BOISE CASCADE® 543005416 Commercial Product,,,,,,,,,,,,,,,,,,,,,,,,,,,,,,,,,,,,,,,,,,,,,,,,,,,,,,,,,,,,,,,,,,,,,,,,,,,,,,,,,,,,,,,,,,,,,,,,,,,,,,,,,,,,,,,,,,,,,,,,,,,,,,,,,,,,,,,,,,,,,,,,,,,,,,,,,,,,,1,EA,,,,,,,,,,,,,,,,,,,,,,,,,,,,,,,,,,,,,US,No,Yes
,,,,,,543005420,,,,543005420,543005420,7/8nx6-20' Malted Barley Grooved - Trex Select 2.0 Decking,BOISE CASCADE®,BOISE CASCADE®,BOISE CASCADE®,BOISE CASCADE,BOISE CASCADE,BOISE CASCADE®,BOISE CASCADE®,543005420,,,"BOISE CASCADE®, Commercial Product, 543005420 - Commercial Grade Commercial Prod",COMMERCIAL PRODUCT,"BOISE CASCADE®, 543005420, Commercial Product",The BOISE CASCADE® 543005420 is a commercial-grade commercial product designed for professional and industrial applications.,BOISE CASCADE® 543005420 Commercial Product,The BOISE CASCADE® 543005420 is a commercial-grade commercial product designed for professional and industrial applications.,,,,,,,,,,,,,,,,,,,,,,,,,,BOISE CASCADE® 543005420 Commercial Product,,,,,,,,,,,,,,,,,,,,,,,,,,,,,,,,,,,,,,,,,,,,,,,,,,,,,,,,,,,,,,,,,,,,,,,,,,,,,,,,,,,,,,,,,,,,,,,,,,,,,,,,,,,,,,,,,,,,,,,,,,,,,,,,,,,,,,,,,,,,,,,,,,,,,,,,,,,,,1,EA,,,,,,,,,,,,,,,,,,,,,,,,,,,,,,,,,,,,,US,No,Yes
,,,,,,1516891,,,,1516891,1516891,7/8nx6-16' Millstone Sq Edge - Trex Select 2.0 Decking,BOISE CASCADE®,BOISE CASCADE®,BOISE CASCADE®,BOISE CASCADE,BOISE CASCADE,BOISE CASCADE®,BOISE CASCADE®,1516891,,,"BOISE CASCADE®, Commercial Product, 1516891 - Commercial Grade Commercial Produc",COMMERCIAL PRODUCT,"BOISE CASCADE®, 1516891, Commercial Product",The BOISE CASCADE® 1516891 is a commercial-grade commercial product designed for professional and industrial applications.,BOISE CASCADE® 1516891 Commercial Product,The BOISE CASCADE® 1516891 is a commercial-grade commercial product designed for professional and industrial applications.,,,,,,,,,,,,,,,,,,,,,,,,,,BOISE CASCADE® 1516891 Commercial Product,,,,,,,,,,,,,,,,,,,,,,,,,,,,,,,,,,,,,,,,,,,,,,,,,,,,,,,,,,,,,,,,,,,,,,,,,,,,,,,,,,,,,,,,,,,,,,,,,,,,,,,,,,,,,,,,,,,,,,,,,,,,,,,,,,,,,,,,,,,,,,,,,,,,,,,,,,,,,1,EA,,,,,,,,,,,,,,,,,,,,,,,,,,,,,,,,,,,,,US,No,Yes
,,,,,,1516892,,,,1516892,1516892,7/8nx6-20' Millstone Sq Edge -Trex Select 2.0 Decking,BOISE CASCADE®,BOISE CASCADE®,BOISE CASCADE®,BOISE CASCADE,BOISE CASCADE,BOISE CASCADE®,BOISE CASCADE®,1516892,,,"BOISE CASCADE®, Commercial Product, 1516892 - Commercial Grade Commercial Produc",COMMERCIAL PRODUCT,"BOISE CASCADE®, 1516892, Commercial Product",The BOISE CASCADE® 1516892 is a commercial-grade commercial product designed for professional and industrial applications.,BOISE CASCADE® 1516892 Commercial Product,The BOISE CASCADE® 1516892 is a commercial-grade commercial product designed for professional and industrial applications.,,,,,,,,,,,,,,,,,,,,,,,,,,BOISE CASCADE® 1516892 Commercial Product,,,,,,,,,,,,,,,,,,,,,,,,,,,,,,,,,,,,,,,,,,,,,,,,,,,,,,,,,,,,,,,,,,,,,,,,,,,,,,,,,,,,,,,,,,,,,,,,,,,,,,,,,,,,,,,,,,,,,,,,,,,,,,,,,,,,,,,,,,,,,,,,,,,,,,,,,,,,,1,EA,,,,,,,,,,,,,,,,,,,,,,,,,,,,,,,,,,,,,US,No,Yes
,,,,,,1516893,,,,1516893,1516893,7/8nx6-12' Millstone Grooved - Trex Select 2.0 Decking,BOISE CASCADE®,BOISE CASCADE®,BOISE CASCADE®,BOISE CASCADE,BOISE CASCADE,BOISE CASCADE®,BOISE CASCADE®,1516893,,,"BOISE CASCADE®, Commercial Product, 1516893 - Commercial Grade Commercial Produc",COMMERCIAL PRODUCT,"BOISE CASCADE®, 1516893, Commercial Product",The BOISE CASCADE® 1516893 is a commercial-grade commercial product designed for professional and industrial applications.,BOISE CASCADE® 1516893 Commercial Product,The BOISE CASCADE® 1516893 is a commercial-grade commercial product designed for professional and industrial applications.,,,,,,,,,,,,,,,,,,,,,,,,,,BOISE CASCADE® 1516893 Commercial Product,,,,,,,,,,,,,,,,,,,,,,,,,,,,,,,,,,,,,,,,,,,,,,,,,,,,,,,,,,,,,,,,,,,,,,,,,,,,,,,,,,,,,,,,,,,,,,,,,,,,,,,,,,,,,,,,,,,,,,,,,,,,,,,,,,,,,,,,,,,,,,,,,,,,,,,,,,,,,1,EA,,,,,,,,,,,,,,,,,,,,,,,,,,,,,,,,,,,,,US,No,Yes
,,,,,,1516894,,,,1516894,1516894,7/8nx6-16' Millstone Grooved - Trex Select 2.0 Decking,BOISE CASCADE®,BOISE CASCADE®,BOISE CASCADE®,BOISE CASCADE,BOISE CASCADE,BOISE CASCADE®,BOISE CASCADE®,1516894,,,"BOISE CASCADE®, Commercial Product, 1516894 - Commercial Grade Commercial Produc",COMMERCIAL PRODUCT,"BOISE CASCADE®, 1516894, Commercial Product",The BOISE CASCADE® 1516894 is a commercial-grade commercial product designed for professional and industrial applications.,BOISE CASCADE® 1516894 Commercial Product,The BOISE CASCADE® 1516894 is a commercial-grade commercial product designed for professional and industrial applications.,,,,,,,,,,,,,,,,,,,,,,,,,,BOISE CASCADE® 1516894 Commercial Product,,,,,,,,,,,,,,,,,,,,,,,,,,,,,,,,,,,,,,,,,,,,,,,,,,,,,,,,,,,,,,,,,,,,,,,,,,,,,,,,,,,,,,,,,,,,,,,,,,,,,,,,,,,,,,,,,,,,,,,,,,,,,,,,,,,,,,,,,,,,,,,,,,,,,,,,,,,,,1,EA,,,,,,,,,,,,,,,,,,,,,,,,,,,,,,,,,,,,,US,No,Yes
,,,,,,1516895,,,,1516895,1516895,7/8nx6-20' Millstone Grooved - Trex Select 2.0 Decking,BOISE CASCADE®,BOISE CASCADE®,BOISE CASCADE®,BOISE CASCADE,BOISE CASCADE,BOISE CASCADE®,BOISE CASCADE®,1516895,,,"BOISE CASCADE®, Commercial Product, 1516895 - Commercial Grade Commercial Produc",COMMERCIAL PRODUCT,"BOISE CASCADE®, 1516895, Commercial Product",The BOISE CASCADE® 1516895 is a commercial-grade commercial product designed for professional and industrial applications.,BOISE CASCADE® 1516895 Commercial Product,The BOISE CASCADE® 1516895 is a commercial-grade commercial product designed for professional and industrial applications.,,,,,,,,,,,,,,,,,,,,,,,,,,BOISE CASCADE® 1516895 Commercial Product,,,,,,,,,,,,,,,,,,,,,,,,,,,,,,,,,,,,,,,,,,,,,,,,,,,,,,,,,,,,,,,,,,,,,,,,,,,,,,,,,,,,,,,,,,,,,,,,,,,,,,,,,,,,,,,,,,,,,,,,,,,,,,,,,,,,,,,,,,,,,,,,,,,,,,,,,,,,,1,EA,,,,,,,,,,,,,,,,,,,,,,,,,,,,,,,,,,,,,US,No,Yes
,,,,,,543007016,,,,543007016,543007016,7/8nx6-16' Whiskey Barrel Sq Edge - Trex Select 2.0 Decking,BOISE CASCADE®,BOISE CASCADE®,BOISE CASCADE®,BOISE CASCADE,BOISE CASCADE,BOISE CASCADE®,BOISE CASCADE®,543007016,,,"BOISE CASCADE®, Commercial Product, 543007016 - Commercial Grade Commercial Prod",COMMERCIAL PRODUCT,"BOISE CASCADE®, 543007016, Commercial Product",The BOISE CASCADE® 543007016 is a commercial-grade commercial product designed for professional and industrial applications.,BOISE CASCADE® 543007016 Commercial Product,The BOISE CASCADE® 543007016 is a commercial-grade commercial product designed for professional and industrial applications.,,,,,,,,,,,,,,,,,,,,,,,,,,BOISE CASCADE® 543007016 Commercial Product,,,,,,,,,,,,,,,,,,,,,,,,,,,,,,,,,,,,,,,,,,,,,,,,,,,,,,,,,,,,,,,,,,,,,,,,,,,,,,,,,,,,,,,,,,,,,,,,,,,,,,,,,,,,,,,,,,,,,,,,,,,,,,,,,,,,,,,,,,,,,,,,,,,,,,,,,,,,,1,EA,,,,,,,,,,,,,,,,,,,,,,,,,,,,,,,,,,,,,US,No,Yes
,,,,,,543007020,,,,543007020,543007020,7/8nx6-20' Whiskey Barrel Sq Edge - Trex Select 2.0 Decking,BOISE CASCADE®,BOISE CASCADE®,BOISE CASCADE®,BOISE CASCADE,BOISE CASCADE,BOISE CASCADE®,BOISE CASCADE®,543007020,,,"BOISE CASCADE®, Commercial Product, 543007020 - Commercial Grade Commercial Prod",COMMERCIAL PRODUCT,"BOISE CASCADE®, 543007020, Commercial Product",The BOISE CASCADE® 543007020 is a commercial-grade commercial product designed for professional and industrial applications.,BOISE CASCADE® 543007020 Commercial Product,The BOISE CASCADE® 543007020 is a commercial-grade commercial product designed for professional and industrial applications.,,,,,,,,,,,,,,,,,,,,,,,,,,BOISE CASCADE® 543007020 Commercial Product,,,,,,,,,,,,,,,,,,,,,,,,,,,,,,,,,,,,,,,,,,,,,,,,,,,,,,,,,,,,,,,,,,,,,,,,,,,,,,,,,,,,,,,,,,,,,,,,,,,,,,,,,,,,,,,,,,,,,,,,,,,,,,,,,,,,,,,,,,,,,,,,,,,,,,,,,,,,,1,EA,,,,,,,,,,,,,,,,,,,,,,,,,,,,,,,,,,,,,US,No,Yes
,,,,,,543007412,,,,543007412,543007412,7/8nx6-12' Whiskey Barrel Grooved - Trex Select 2.0 Decking,BOISE CASCADE®,BOISE CASCADE®,BOISE CASCADE®,BOISE CASCADE,BOISE CASCADE,BOISE CASCADE®,BOISE CASCADE®,543007412,,,"BOISE CASCADE®, Commercial Product, 543007412 - Commercial Grade Commercial Prod",COMMERCIAL PRODUCT,"BOISE CASCADE®, 543007412, Commercial Product",The BOISE CASCADE® 543007412 is a commercial-grade commercial product designed for professional and industrial applications.,BOISE CASCADE® 543007412 Commercial Product,The BOISE CASCADE® 543007412 is a commercial-grade commercial product designed for professional and industrial applications.,,,,,,,,,,,,,,,,,,,,,,,,,,BOISE CASCADE® 543007412 Commercial Product,,,,,,,,,,,,,,,,,,,,,,,,,,,,,,,,,,,,,,,,,,,,,,,,,,,,,,,,,,,,,,,,,,,,,,,,,,,,,,,,,,,,,,,,,,,,,,,,,,,,,,,,,,,,,,,,,,,,,,,,,,,,,,,,,,,,,,,,,,,,,,,,,,,,,,,,,,,,,1,EA,,,,,,,,,,,,,,,,,,,,,,,,,,,,,,,,,,,,,US,No,Yes
,,,,,,543007416,,,,543007416,543007416,7/8nx6-16' Whiskey Barrel Grooved - Trex Select 2.0 Decking,BOISE CASCADE®,BOISE CASCADE®,BOISE CASCADE®,BOISE CASCADE,BOISE CASCADE,BOISE CASCADE®,BOISE CASCADE®,543007416,,,"BOISE CASCADE®, Commercial Product, 543007416 - Commercial Grade Commercial Prod",COMMERCIAL PRODUCT,"BOISE CASCADE®, 543007416, Commercial Product",The BOISE CASCADE® 543007416 is a commercial-grade commercial product designed for professional and industrial applications.,BOISE CASCADE® 543007416 Commercial Product,The BOISE CASCADE® 543007416 is a commercial-grade commercial product designed for professional and industrial applications.,,,,,,,,,,,,,,,,,,,,,,,,,,BOISE CASCADE® 543007416 Commercial Product,,,,,,,,,,,,,,,,,,,,,,,,,,,,,,,,,,,,,,,,,,,,,,,,,,,,,,,,,,,,,,,,,,,,,,,,,,,,,,,,,,,,,,,,,,,,,,,,,,,,,,,,,,,,,,,,,,,,,,,,,,,,,,,,,,,,,,,,,,,,,,,,,,,,,,,,,,,,,1,EA,,,,,,,,,,,,,,,,,,,,,,,,,,,,,,,,,,,,,US,No,Yes
,,,,,,543007420,,,,543007420,543007420,7/8nx6-20' Whiskey Barrel Grooved - Trex Select 2.0 Decking,BOISE CASCADE®,BOISE CASCADE®,BOISE CASCADE®,BOISE CASCADE,BOISE CASCADE,BOISE CASCADE®,BOISE CASCADE®,543007420,,,"BOISE CASCADE®, Commercial Product, 543007420 - Commercial Grade Commercial Prod",COMMERCIAL PRODUCT,"BOISE CASCADE®, 543007420, Commercial Product",The BOISE CASCADE® 543007420 is a commercial-grade commercial product designed for professional and industrial applications.,BOISE CASCADE® 543007420 Commercial Product,The BOISE CASCADE® 543007420 is a commercial-grade commercial product designed for professional and industrial applications.,,,,,,,,,,,,,,,,,,,,,,,,,,BOISE CASCADE® 543007420 Commercial Product,,,,,,,,,,,,,,,,,,,,,,,,,,,,,,,,,,,,,,,,,,,,,,,,,,,,,,,,,,,,,,,,,,,,,,,,,,,,,,,,,,,,,,,,,,,,,,,,,,,,,,,,,,,,,,,,,,,,,,,,,,,,,,,,,,,,,,,,,,,,,,,,,,,,,,,,,,,,,1,EA,,,,,,,,,,,,,,,,,,,,,,,,,,,,,,,,,,,,,US,No,Yes
,,,,,,ADR5117512CS,,,,ADR5117512CS,ADR5117512CS,1x12-12' Coastline - Vintage Azek PVC Fascia,PARKSITE®,PARKSITE®,PARKSITE®,PARKSITE,PARKSITE,PARKSITE®,PARKSITE®,ADR5117512CS,,,"PARKSITE®, Commercial Product, ADR5117512CS, 1x12-12 - Commercial Grade Commerci",COMMERCIAL PRODUCT 1X12-12,"PARKSITE®, ADR5117512CS, Commercial Product, 1x12-12",The PARKSITE® ADR5117512CS is a commercial-grade commercial product designed for professional and industrial applications. Engineered with measuring 1x12-12.,PARKSITE® ADR5117512CS Commercial Product (1x12-12),The PARKSITE® ADR5117512CS is a commercial-grade commercial product designed for professional and industrial applications. Engineered with measuring 1x12-12.,Precision dimensions: 1x12-12,,,,,,,,,,,,,,,,,,,,,,,,,PARKSITE® ADR5117512CS Commercial Product (1x12-12),Dimensions,1x12-12,in,,,,,,,,,,,,,,,,,,,,,,,,,,,,,,,,,,,,,,,,,,,,,,,,,,,,,,,,,,,,,,,,,,,,,,,,,,,,,,,,,,,,,,,,,,,,,,,,,,,,,,,,,,,,,,,,,,,,,,,,,,,,,,,,,,,,,,,,,,,,,,,,,,,,,,,,,,1,EA,,,,,,,,,,,,,,,,,,,,,,,,,,,,,,,,,,,,,US,No,Yes
,,,,,,ADR5117512MH,,,,ADR5117512MH,ADR5117512MH,1x12-12' Mahogany - Vintage Azek PVC Fascia,PARKSITE®,PARKSITE®,PARKSITE®,PARKSITE,PARKSITE,PARKSITE®,PARKSITE®,ADR5117512MH,,,"PARKSITE®, Commercial Product, ADR5117512MH, 1x12-12 - Commercial Grade Commerci",COMMERCIAL PRODUCT 1X12-12,"PARKSITE®, ADR5117512MH, Commercial Product, 1x12-12",The PARKSITE® ADR5117512MH is a commercial-grade commercial product designed for professional and industrial applications. Engineered with measuring 1x12-12.,PARKSITE® ADR5117512MH Commercial Product (1x12-12),The PARKSITE® ADR5117512MH is a commercial-grade commercial product designed for professional and industrial applications. Engineered with measuring 1x12-12.,Precision dimensions: 1x12-12,,,,,,,,,,,,,,,,,,,,,,,,,PARKSITE® ADR5117512MH Commercial Product (1x12-12),Dimensions,1x12-12,in,,,,,,,,,,,,,,,,,,,,,,,,,,,,,,,,,,,,,,,,,,,,,,,,,,,,,,,,,,,,,,,,,,,,,,,,,,,,,,,,,,,,,,,,,,,,,,,,,,,,,,,,,,,,,,,,,,,,,,,,,,,,,,,,,,,,,,,,,,,,,,,,,,,,,,,,,,1,EA,,,,,,,,,,,,,,,,,,,,,,,,,,,,,,,,,,,,,US,No,Yes
,,,,,,ADR5117512WT,,,,ADR5117512WT,ADR5117512WT,1x12-12' Weathered Teak - Vintage Azek PVC Fascia,PARKSITE®,PARKSITE®,PARKSITE®,PARKSITE,PARKSITE,PARKSITE®,PARKSITE®,ADR5117512WT,,,"PARKSITE®, Commercial Product, ADR5117512WT, 1x12-12 - Commercial Grade Commerci",COMMERCIAL PRODUCT 1X12-12,"PARKSITE®, ADR5117512WT, Commercial Product, 1x12-12",The PARKSITE® ADR5117512WT is a commercial-grade commercial product designed for professional and industrial applications. Engineered with measuring 1x12-12.,PARKSITE® ADR5117512WT Commercial Product (1x12-12),The PARKSITE® ADR5117512WT is a commercial-grade commercial product designed for professional and industrial applications. Engineered with measuring 1x12-12.,Precision dimensions: 1x12-12,,,,,,,,,,,,,,,,,,,,,,,,,PARKSITE® ADR5117512WT Commercial Product (1x12-12),Dimensions,1x12-12,in,,,,,,,,,,,,,,,,,,,,,,,,,,,,,,,,,,,,,,,,,,,,,,,,,,,,,,,,,,,,,,,,,,,,,,,,,,,,,,,,,,,,,,,,,,,,,,,,,,,,,,,,,,,,,,,,,,,,,,,,,,,,,,,,,,,,,,,,,,,,,,,,,,,,,,,,,,1,EA,,,,,,,,,,,,,,,,,,,,,,,,,,,,,,,,,,,,,US,No,Yes
,,,,,,ADR5117512AW,,,,ADR5117512AW,ADR5117512AW,1x12-12' American Walnut - Landmark Azek PVC Fascia,PARKSITE®,PARKSITE®,PARKSITE®,PARKSITE,PARKSITE,PARKSITE®,PARKSITE®,ADR5117512AW,,,"PARKSITE®, Commercial Product, ADR5117512AW, 1x12-12 - Commercial Grade Commerci",COMMERCIAL PRODUCT 1X12-12,"PARKSITE®, ADR5117512AW, Commercial Product, 1x12-12",The PARKSITE® ADR5117512AW is a commercial-grade commercial product designed for professional and industrial applications. Engineered with measuring 1x12-12.,PARKSITE® ADR5117512AW Commercial Product (1x12-12),The PARKSITE® ADR5117512AW is a commercial-grade commercial product designed for professional and industrial applications. Engineered with measuring 1x12-12.,Precision dimensions: 1x12-12,,,,,,,,,,,,,,,,,,,,,,,,,PARKSITE® ADR5117512AW Commercial Product (1x12-12),Dimensions,1x12-12,in,,,,,,,,,,,,,,,,,,,,,,,,,,,,,,,,,,,,,,,,,,,,,,,,,,,,,,,,,,,,,,,,,,,,,,,,,,,,,,,,,,,,,,,,,,,,,,,,,,,,,,,,,,,,,,,,,,,,,,,,,,,,,,,,,,,,,,,,,,,,,,,,,,,,,,,,,,1,EA,,,,,,,,,,,,,,,,,,,,,,,,,,,,,,,,,,,,,US,No,Yes
,,,,,,ADR5117512CG,,,,ADR5117512CG,ADR5117512CG,1x12-12' Castle Gate - Landmark Azek PVC Fascia,PARKSITE®,PARKSITE®,PARKSITE®,PARKSITE,PARKSITE,PARKSITE®,PARKSITE®,ADR5117512CG,,,"PARKSITE®, Commercial Product, ADR5117512CG, 1x12-12 - Commercial Grade Commerci",COMMERCIAL PRODUCT 1X12-12,"PARKSITE®, ADR5117512CG, Commercial Product, 1x12-12",The PARKSITE® ADR5117512CG is a commercial-grade commercial product designed for professional and industrial applications. Engineered with measuring 1x12-12.,PARKSITE® ADR5117512CG Commercial Product (1x12-12),The PARKSITE® ADR5117512CG is a commercial-grade commercial product designed for professional and industrial applications. Engineered with measuring 1x12-12.,Precision dimensions: 1x12-12,,,,,,,,,,,,,,,,,,,,,,,,,PARKSITE® ADR5117512CG Commercial Product (1x12-12),Dimensions,1x12-12,in,,,,,,,,,,,,,,,,,,,,,,,,,,,,,,,,,,,,,,,,,,,,,,,,,,,,,,,,,,,,,,,,,,,,,,,,,,,,,,,,,,,,,,,,,,,,,,,,,,,,,,,,,,,,,,,,,,,,,,,,,,,,,,,,,,,,,,,,,,,,,,,,,,,,,,,,,,1,EA,,,,,,,,,,,,,,,,,,,,,,,,,,,,,,,,,,,,,US,No,Yes
,,,,,,ADR5117512FW,,,,ADR5117512FW,ADR5117512FW,1x12-12' French White Oak - Landmark Azek PVC Fascia,PARKSITE®,PARKSITE®,PARKSITE®,PARKSITE,PARKSITE,PARKSITE®,PARKSITE®,ADR5117512FW,,,"PARKSITE®, Commercial Product, ADR5117512FW, 1x12-12 - Commercial Grade Commerci",COMMERCIAL PRODUCT 1X12-12,"PARKSITE®, ADR5117512FW, Commercial Product, 1x12-12",The PARKSITE® ADR5117512FW is a commercial-grade commercial product designed for professional and industrial applications. Engineered with measuring 1x12-12.,PARKSITE® ADR5117512FW Commercial Product (1x12-12),The PARKSITE® ADR5117512FW is a commercial-grade commercial product designed for professional and industrial applications. Engineered with measuring 1x12-12.,Precision dimensions: 1x12-12,,,,,,,,,,,,,,,,,,,,,,,,,PARKSITE® ADR5117512FW Commercial Product (1x12-12),Dimensions,1x12-12,in,,,,,,,,,,,,,,,,,,,,,,,,,,,,,,,,,,,,,,,,,,,,,,,,,,,,,,,,,,,,,,,,,,,,,,,,,,,,,,,,,,,,,,,,,,,,,,,,,,,,,,,,,,,,,,,,,,,,,,,,,,,,,,,,,,,,,,,,,,,,,,,,,,,,,,,,,,1,EA,,,,,,,,,,,,,,,,,,,,,,,,,,,,,,,,,,,,,US,No,Yes
,,,,,,1508395,,,,1508395,1508395,1x8-12' Brownstone - Harvest Azek PVC Fascia,PARKSITE®,PARKSITE®,PARKSITE®,PARKSITE,PARKSITE,PARKSITE®,PARKSITE®,1508395,,,"PARKSITE®, Commercial Product, 1508395, 1x8-12 - Commercial Grade Commercial Pro",COMMERCIAL PRODUCT 1X8-12,"PARKSITE®, 1508395, Commercial Product, 1x8-12",The PARKSITE® 1508395 is a commercial-grade commercial product designed for professional and industrial applications. Engineered with measuring 1x8-12.,PARKSITE® 1508395 Commercial Product (1x8-12),The PARKSITE® 1508395 is a commercial-grade commercial product designed for professional and industrial applications. Engineered with measuring 1x8-12.,Precision dimensions: 1x8-12,,,,,,,,,,,,,,,,,,,,,,,,,PARKSITE® 1508395 Commercial Product (1x8-12),Dimensions,1x8-12,in,,,,,,,,,,,,,,,,,,,,,,,,,,,,,,,,,,,,,,,,,,,,,,,,,,,,,,,,,,,,,,,,,,,,,,,,,,,,,,,,,,,,,,,,,,,,,,,,,,,,,,,,,,,,,,,,,,,,,,,,,,,,,,,,,,,,,,,,,,,,,,,,,,,,,,,,,,1,EA,,,,,,,,,,,,,,,,,,,,,,,,,,,,,,,,,,,,,US,No,Yes
,,,,,,1508396,,,,1508396,1508396,1x8-12' Slate Gray - Harvest Azek PVC Fascia,PARKSITE®,PARKSITE®,PARKSITE®,PARKSITE,PARKSITE,PARKSITE®,PARKSITE®,1508396,,,"PARKSITE®, Commercial Product, 1508396, 1x8-12 - Commercial Grade Commercial Pro",COMMERCIAL PRODUCT 1X8-12,"PARKSITE®, 1508396, Commercial Product, 1x8-12",The PARKSITE® 1508396 is a commercial-grade commercial product designed for professional and industrial applications. Engineered with measuring 1x8-12.,PARKSITE® 1508396 Commercial Product (1x8-12),The PARKSITE® 1508396 is a commercial-grade commercial product designed for professional and industrial applications. Engineered with measuring 1x8-12.,Precision dimensions: 1x8-12,,,,,,,,,,,,,,,,,,,,,,,,,PARKSITE® 1508396 Commercial Product (1x8-12),Dimensions,1x8-12,in,,,,,,,,,,,,,,,,,,,,,,,,,,,,,,,,,,,,,,,,,,,,,,,,,,,,,,,,,,,,,,,,,,,,,,,,,,,,,,,,,,,,,,,,,,,,,,,,,,,,,,,,,,,,,,,,,,,,,,,,,,,,,,,,,,,,,,,,,,,,,,,,,,,,,,,,,,1,EA,,,,,,,,,,,,,,,,,,,,,,,,,,,,,,,,,,,,,US,No,Yes
,,,,,,ADCR5117512BS,,,,ADCR5117512BS,ADCR5117512BS,1x12-12' Brownstone - Harvest Azek PVC Fascia,PARKSITE®,PARKSITE®,PARKSITE®,PARKSITE,PARKSITE,PARKSITE®,PARKSITE®,ADCR5117512BS,,,"PARKSITE®, Commercial Product, ADCR5117512BS, 1x12-12 - Commercial Grade Commerc",COMMERCIAL PRODUCT 1X12-12,"PARKSITE®, ADCR5117512BS, Commercial Product, 1x12-12",The PARKSITE® ADCR5117512BS is a commercial-grade commercial product designed for professional and industrial applications. Engineered with measuring 1x12-12.,PARKSITE® ADCR5117512BS Commercial Product (1x12-12),The PARKSITE® ADCR5117512BS is a commercial-grade commercial product designed for professional and industrial applications. Engineered with measuring 1x12-12.,Precision dimensions: 1x12-12,,,,,,,,,,,,,,,,,,,,,,,,,PARKSITE® ADCR5117512BS Commercial Product (1x12-12),Dimensions,1x12-12,in,,,,,,,,,,,,,,,,,,,,,,,,,,,,,,,,,,,,,,,,,,,,,,,,,,,,,,,,,,,,,,,,,,,,,,,,,,,,,,,,,,,,,,,,,,,,,,,,,,,,,,,,,,,,,,,,,,,,,,,,,,,,,,,,,,,,,,,,,,,,,,,,,,,,,,,,,,1,EA,,,,,,,,,,,,,,,,,,,,,,,,,,,,,,,,,,,,,US,No,Yes
,,,,,,ADCR5117512SG,,,,ADCR5117512SG,ADCR5117512SG,1x12-12' Slate Gray - Harvest Azek PVC Fascia,PARKSITE®,PARKSITE®,PARKSITE®,PARKSITE,PARKSITE,PARKSITE®,PARKSITE®,ADCR5117512SG,,,"PARKSITE®, Commercial Product, ADCR5117512SG, 1x12-12 - Commercial Grade Commerc",COMMERCIAL PRODUCT 1X12-12,"PARKSITE®, ADCR5117512SG, Commercial Product, 1x12-12",The PARKSITE® ADCR5117512SG is a commercial-grade commercial product designed for professional and industrial applications. Engineered with measuring 1x12-12.,PARKSITE® ADCR5117512SG Commercial Product (1x12-12),The PARKSITE® ADCR5117512SG is a commercial-grade commercial product designed for professional and industrial applications. Engineered with measuring 1x12-12.,Precision dimensions: 1x12-12,,,,,,,,,,,,,,,,,,,,,,,,,PARKSITE® ADCR5117512SG Commercial Product (1x12-12),Dimensions,1x12-12,in,,,,,,,,,,,,,,,,,,,,,,,,,,,,,,,,,,,,,,,,,,,,,,,,,,,,,,,,,,,,,,,,,,,,,,,,,,,,,,,,,,,,,,,,,,,,,,,,,,,,,,,,,,,,,,,,,,,,,,,,,,,,,,,,,,,,,,,,,,,,,,,,,,,,,,,,,,1,EA,,,,,,,,,,,,,,,,,,,,,,,,,,,,,,,,,,,,,US,No,Yes
,,,,,,543140908,,,,543140908,543140908,1x8-12' Biscayne - Trex Lineage,U S Lumber,U S Lumber,U S Lumber,U S Lumber,U S Lumber,U S Lumber,U S Lumber,543140908,,,"U S Lumber, Commercial Product, 543140908, 1x8-12 - Commercial Grade Commercial",COMMERCIAL PRODUCT 1X8-12,"U S Lumber, 543140908, Commercial Product, 1x8-12",The U S Lumber 543140908 is a commercial-grade commercial product designed for professional and industrial applications. Engineered with measuring 1x8-12.,U S Lumber 543140908 Commercial Product (1x8-12),The U S Lumber 543140908 is a commercial-grade commercial product designed for professional and industrial applications. Engineered with measuring 1x8-12.,Precision dimensions: 1x8-12,,,,,,,,,,,,,,,,,,,,,,,,,U S Lumber 543140908 Commercial Product (1x8-12),Dimensions,1x8-12,in,,,,,,,,,,,,,,,,,,,,,,,,,,,,,,,,,,,,,,,,,,,,,,,,,,,,,,,,,,,,,,,,,,,,,,,,,,,,,,,,,,,,,,,,,,,,,,,,,,,,,,,,,,,,,,,,,,,,,,,,,,,,,,,,,,,,,,,,,,,,,,,,,,,,,,,,,,1,EA,,,,,,,,,,,,,,,,,,,,,,,,,,,,,,,,,,,,,US,No,Yes
,,,,,,543142908,,,,543142908,543142908,1x8-12' Carmel - Trex Lineage,U S Lumber,U S Lumber,U S Lumber,U S Lumber,U S Lumber,U S Lumber,U S Lumber,543142908,,,"U S Lumber, Commercial Product, 543142908, 1x8-12 - Commercial Grade Commercial",COMMERCIAL PRODUCT 1X8-12,"U S Lumber, 543142908, Commercial Product, 1x8-12",The U S Lumber 543142908 is a commercial-grade commercial product designed for professional and industrial applications. Engineered with measuring 1x8-12.,U S Lumber 543142908 Commercial Product (1x8-12),The U S Lumber 543142908 is a commercial-grade commercial product designed for professional and industrial applications. Engineered with measuring 1x8-12.,Precision dimensions: 1x8-12,,,,,,,,,,,,,,,,,,,,,,,,,U S Lumber 543142908 Commercial Product (1x8-12),Dimensions,1x8-12,in,,,,,,,,,,,,,,,,,,,,,,,,,,,,,,,,,,,,,,,,,,,,,,,,,,,,,,,,,,,,,,,,,,,,,,,,,,,,,,,,,,,,,,,,,,,,,,,,,,,,,,,,,,,,,,,,,,,,,,,,,,,,,,,,,,,,,,,,,,,,,,,,,,,,,,,,,,1,EA,,,,,,,,,,,,,,,,,,,,,,,,,,,,,,,,,,,,,US,No,Yes
,,,,,,543143908,,,,543143908,543143908,1x8-12' Jasper - Trex Lineage,U S Lumber,U S Lumber,U S Lumber,U S Lumber,U S Lumber,U S Lumber,U S Lumber,543143908,,,"U S Lumber, Commercial Product, 543143908, 1x8-12 - Commercial Grade Commercial",COMMERCIAL PRODUCT 1X8-12,"U S Lumber, 543143908, Commercial Product, 1x8-12",The U S Lumber 543143908 is a commercial-grade commercial product designed for professional and industrial applications. Engineered with measuring 1x8-12.,U S Lumber 543143908 Commercial Product (1x8-12),The U S Lumber 543143908 is a commercial-grade commercial product designed for professional and industrial applications. Engineered with measuring 1x8-12.,Precision dimensions: 1x8-12,,,,,,,,,,,,,,,,,,,,,,,,,U S Lumber 543143908 Commercial Product (1x8-12),Dimensions,1x8-12,in,,,,,,,,,,,,,,,,,,,,,,,,,,,,,,,,,,,,,,,,,,,,,,,,,,,,,,,,,,,,,,,,,,,,,,,,,,,,,,,,,,,,,,,,,,,,,,,,,,,,,,,,,,,,,,,,,,,,,,,,,,,,,,,,,,,,,,,,,,,,,,,,,,,,,,,,,,1,EA,,,,,,,,,,,,,,,,,,,,,,,,,,,,,,,,,,,,,US,No,Yes
,,,,,,543140912,,,,543140912,543140912,1x12-12' Biscayne - Trex Lineage,U S Lumber,U S Lumber,U S Lumber,U S Lumber,U S Lumber,U S Lumber,U S Lumber,543140912,,,"U S Lumber, Commercial Product, 543140912, 1x12-12 - Commercial Grade Commercial",COMMERCIAL PRODUCT 1X12-12,"U S Lumber, 543140912, Commercial Product, 1x12-12",The U S Lumber 543140912 is a commercial-grade commercial product designed for professional and industrial applications. Engineered with measuring 1x12-12.,U S Lumber 543140912 Commercial Product (1x12-12),The U S Lumber 543140912 is a commercial-grade commercial product designed for professional and industrial applications. Engineered with measuring 1x12-12.,Precision dimensions: 1x12-12,,,,,,,,,,,,,,,,,,,,,,,,,U S Lumber 543140912 Commercial Product (1x12-12),Dimensions,1x12-12,in,,,,,,,,,,,,,,,,,,,,,,,,,,,,,,,,,,,,,,,,,,,,,,,,,,,,,,,,,,,,,,,,,,,,,,,,,,,,,,,,,,,,,,,,,,,,,,,,,,,,,,,,,,,,,,,,,,,,,,,,,,,,,,,,,,,,,,,,,,,,,,,,,,,,,,,,,,1,EA,,,,,,,,,,,,,,,,,,,,,,,,,,,,,,,,,,,,,US,No,Yes
,,,,,,543142912,,,,543142912,543142912,1x12-12' Carmel - Trex Lineage,U S Lumber,U S Lumber,U S Lumber,U S Lumber,U S Lumber,U S Lumber,U S Lumber,543142912,,,"U S Lumber, Commercial Product, 543142912, 1x12-12 - Commercial Grade Commercial",COMMERCIAL PRODUCT 1X12-12,"U S Lumber, 543142912, Commercial Product, 1x12-12",The U S Lumber 543142912 is a commercial-grade commercial product designed for professional and industrial applications. Engineered with measuring 1x12-12.,U S Lumber 543142912 Commercial Product (1x12-12),The U S Lumber 543142912 is a commercial-grade commercial product designed for professional and industrial applications. Engineered with measuring 1x12-12.,Precision dimensions: 1x12-12,,,,,,,,,,,,,,,,,,,,,,,,,U S Lumber 543142912 Commercial Product (1x12-12),Dimensions,1x12-12,in,,,,,,,,,,,,,,,,,,,,,,,,,,,,,,,,,,,,,,,,,,,,,,,,,,,,,,,,,,,,,,,,,,,,,,,,,,,,,,,,,,,,,,,,,,,,,,,,,,,,,,,,,,,,,,,,,,,,,,,,,,,,,,,,,,,,,,,,,,,,,,,,,,,,,,,,,,1,EA,,,,,,,,,,,,,,,,,,,,,,,,,,,,,,,,,,,,,US,No,Yes
,,,,,,543143912,,,,543143912,543143912,1x12-12' Jasper - Trex Lineage,U S Lumber,U S Lumber,U S Lumber,U S Lumber,U S Lumber,U S Lumber,U S Lumber,543143912,,,"U S Lumber, Commercial Product, 543143912, 1x12-12 - Commercial Grade Commercial",COMMERCIAL PRODUCT 1X12-12,"U S Lumber, 543143912, Commercial Product, 1x12-12",The U S Lumber 543143912 is a commercial-grade commercial product designed for professional and industrial applications. Engineered with measuring 1x12-12.,U S Lumber 543143912 Commercial Product (1x12-12),The U S Lumber 543143912 is a commercial-grade commercial product designed for professional and industrial applications. Engineered with measuring 1x12-12.,Precision dimensions: 1x12-12,,,,,,,,,,,,,,,,,,,,,,,,,U S Lumber 543143912 Commercial Product (1x12-12),Dimensions,1x12-12,in,,,,,,,,,,,,,,,,,,,,,,,,,,,,,,,,,,,,,,,,,,,,,,,,,,,,,,,,,,,,,,,,,,,,,,,,,,,,,,,,,,,,,,,,,,,,,,,,,,,,,,,,,,,,,,,,,,,,,,,,,,,,,,,,,,,,,,,,,,,,,,,,,,,,,,,,,,1,EA,,,,,,,,,,,,,,,,,,,,,,,,,,,,,,,,,,,,,US,No,Yes
,,,,,,1513715,,,,1513715,1513715,1x12-12' Hatteras - Trex Lineage,BOISE CASCADE®,BOISE CASCADE®,BOISE CASCADE®,BOISE CASCADE,BOISE CASCADE,BOISE CASCADE®,BOISE CASCADE®,1513715,,,"BOISE CASCADE®, Commercial Product, 1513715, 1x12-12 - Commercial Grade Commerci",COMMERCIAL PRODUCT 1X12-12,"BOISE CASCADE®, 1513715, Commercial Product, 1x12-12",The BOISE CASCADE® 1513715 is a commercial-grade commercial product designed for professional and industrial applications. Engineered with measuring 1x12-12.,BOISE CASCADE® 1513715 Commercial Product (1x12-12),The BOISE CASCADE® 1513715 is a commercial-grade commercial product designed for professional and industrial applications. Engineered with measuring 1x12-12.,Precision dimensions: 1x12-12,,,,,,,,,,,,,,,,,,,,,,,,,BOISE CASCADE® 1513715 Commercial Product (1x12-12),Dimensions,1x12-12,in,,,,,,,,,,,,,,,,,,,,,,,,,,,,,,,,,,,,,,,,,,,,,,,,,,,,,,,,,,,,,,,,,,,,,,,,,,,,,,,,,,,,,,,,,,,,,,,,,,,,,,,,,,,,,,,,,,,,,,,,,,,,,,,,,,,,,,,,,,,,,,,,,,,,,,,,,,1,EA,,,,,,,,,,,,,,,,,,,,,,,,,,,,,,,,,,,,,US,No,Yes
,,,,,,1513716,,,,1513716,1513716,1x12-12' Salt Flat - Trex Lineage,BOISE CASCADE®,BOISE CASCADE®,BOISE CASCADE®,BOISE CASCADE,BOISE CASCADE,BOISE CASCADE®,BOISE CASCADE®,1513716,,,"BOISE CASCADE®, Commercial Product, 1513716, 1x12-12 - Commercial Grade Commerci",COMMERCIAL PRODUCT 1X12-12,"BOISE CASCADE®, 1513716, Commercial Product, 1x12-12",The BOISE CASCADE® 1513716 is a commercial-grade commercial product designed for professional and industrial applications. Engineered with measuring 1x12-12.,BOISE CASCADE® 1513716 Commercial Product (1x12-12),The BOISE CASCADE® 1513716 is a commercial-grade commercial product designed for professional and industrial applications. Engineered with measuring 1x12-12.,Precision dimensions: 1x12-12,,,,,,,,,,,,,,,,,,,,,,,,,BOISE CASCADE® 1513716 Commercial Product (1x12-12),Dimensions,1x12-12,in,,,,,,,,,,,,,,,,,,,,,,,,,,,,,,,,,,,,,,,,,,,,,,,,,,,,,,,,,,,,,,,,,,,,,,,,,,,,,,,,,,,,,,,,,,,,,,,,,,,,,,,,,,,,,,,,,,,,,,,,,,,,,,,,,,,,,,,,,,,,,,,,,,,,,,,,,,1,EA,,,,,,,,,,,,,,,,,,,,,,,,,,,,,,,,,,,,,US,No,Yes
,,,,,,1513722,,,,1513722,1513722,1x8-12' Honey Grove - Trex Enhance Naturals Fascia,BOISE CASCADE®,BOISE CASCADE®,BOISE CASCADE®,BOISE CASCADE,BOISE CASCADE,BOISE CASCADE®,BOISE CASCADE®,1513722,,,"BOISE CASCADE®, Commercial Product, 1513722, 1x8-12 - Commercial Grade Commercia",COMMERCIAL PRODUCT 1X8-12,"BOISE CASCADE®, 1513722, Commercial Product, 1x8-12",The BOISE CASCADE® 1513722 is a commercial-grade commercial product designed for professional and industrial applications. Engineered with measuring 1x8-12.,BOISE CASCADE® 1513722 Commercial Product (1x8-12),The BOISE CASCADE® 1513722 is a commercial-grade commercial product designed for professional and industrial applications. Engineered with measuring 1x8-12.,Precision dimensions: 1x8-12,,,,,,,,,,,,,,,,,,,,,,,,,BOISE CASCADE® 1513722 Commercial Product (1x8-12),Dimensions,1x8-12,in,,,,,,,,,,,,,,,,,,,,,,,,,,,,,,,,,,,,,,,,,,,,,,,,,,,,,,,,,,,,,,,,,,,,,,,,,,,,,,,,,,,,,,,,,,,,,,,,,,,,,,,,,,,,,,,,,,,,,,,,,,,,,,,,,,,,,,,,,,,,,,,,,,,,,,,,,,1,EA,,,,,,,,,,,,,,,,,,,,,,,,,,,,,,,,,,,,,US,No,Yes
,,,,,,1513723,,,,1513723,1513723,1x12-12' Honey Grove - Trex Enhance Naturals Fascia,BOISE CASCADE®,BOISE CASCADE®,BOISE CASCADE®,BOISE CASCADE,BOISE CASCADE,BOISE CASCADE®,BOISE CASCADE®,1513723,,,"BOISE CASCADE®, Commercial Product, 1513723, 1x12-12 - Commercial Grade Commerci",COMMERCIAL PRODUCT 1X12-12,"BOISE CASCADE®, 1513723, Commercial Product, 1x12-12",The BOISE CASCADE® 1513723 is a commercial-grade commercial product designed for professional and industrial applications. Engineered with measuring 1x12-12.,BOISE CASCADE® 1513723 Commercial Product (1x12-12),The BOISE CASCADE® 1513723 is a commercial-grade commercial product designed for professional and industrial applications. Engineered with measuring 1x12-12.,Precision dimensions: 1x12-12,,,,,,,,,,,,,,,,,,,,,,,,,BOISE CASCADE® 1513723 Commercial Product (1x12-12),Dimensions,1x12-12,in,,,,,,,,,,,,,,,,,,,,,,,,,,,,,,,,,,,,,,,,,,,,,,,,,,,,,,,,,,,,,,,,,,,,,,,,,,,,,,,,,,,,,,,,,,,,,,,,,,,,,,,,,,,,,,,,,,,,,,,,,,,,,,,,,,,,,,,,,,,,,,,,,,,,,,,,,,1,EA,,,,,,,,,,,,,,,,,,,,,,,,,,,,,,,,,,,,,US,No,Yes
,,,,,,1513729,,,,1513729,1513729,1x8-12' Tide Pool - Trex Enhance Basics Fascia,BOISE CASCADE®,BOISE CASCADE®,BOISE CASCADE®,BOISE CASCADE,BOISE CASCADE,BOISE CASCADE®,BOISE CASCADE®,1513729,,,"BOISE CASCADE®, Commercial Product, 1513729, 1x8-12 - Commercial Grade Commercia",COMMERCIAL PRODUCT 1X8-12,"BOISE CASCADE®, 1513729, Commercial Product, 1x8-12",The BOISE CASCADE® 1513729 is a commercial-grade commercial product designed for professional and industrial applications. Engineered with measuring 1x8-12.,BOISE CASCADE® 1513729 Commercial Product (1x8-12),The BOISE CASCADE® 1513729 is a commercial-grade commercial product designed for professional and industrial applications. Engineered with measuring 1x8-12.,Precision dimensions: 1x8-12,,,,,,,,,,,,,,,,,,,,,,,,,BOISE CASCADE® 1513729 Commercial Product (1x8-12),Dimensions,1x8-12,in,,,,,,,,,,,,,,,,,,,,,,,,,,,,,,,,,,,,,,,,,,,,,,,,,,,,,,,,,,,,,,,,,,,,,,,,,,,,,,,,,,,,,,,,,,,,,,,,,,,,,,,,,,,,,,,,,,,,,,,,,,,,,,,,,,,,,,,,,,,,,,,,,,,,,,,,,,1,EA,,,,,,,,,,,,,,,,,,,,,,,,,,,,,,,,,,,,,US,No,Yes
,,,,,,1513730,,,,1513730,1513730,1x12-12' Tide Pool - Trex Enhance Basics Fascia,BOISE CASCADE®,BOISE CASCADE®,BOISE CASCADE®,BOISE CASCADE,BOISE CASCADE,BOISE CASCADE®,BOISE CASCADE®,1513730,,,"BOISE CASCADE®, Commercial Product, 1513730, 1x12-12 - Commercial Grade Commerci",COMMERCIAL PRODUCT 1X12-12,"BOISE CASCADE®, 1513730, Commercial Product, 1x12-12",The BOISE CASCADE® 1513730 is a commercial-grade commercial product designed for professional and industrial applications. Engineered with measuring 1x12-12.,BOISE CASCADE® 1513730 Commercial Product (1x12-12),The BOISE CASCADE® 1513730 is a commercial-grade commercial product designed for professional and industrial applications. Engineered with measuring 1x12-12.,Precision dimensions: 1x12-12,,,,,,,,,,,,,,,,,,,,,,,,,BOISE CASCADE® 1513730 Commercial Product (1x12-12),Dimensions,1x12-12,in,,,,,,,,,,,,,,,,,,,,,,,,,,,,,,,,,,,,,,,,,,,,,,,,,,,,,,,,,,,,,,,,,,,,,,,,,,,,,,,,,,,,,,,,,,,,,,,,,,,,,,,,,,,,,,,,,,,,,,,,,,,,,,,,,,,,,,,,,,,,,,,,,,,,,,,,,,1,EA,,,,,,,,,,,,,,,,,,,,,,,,,,,,,,,,,,,,,US,No,Yes
,,,,,,543076916,,,,543076916,543076916,1x8-12' Cinnamon Cove - Trex Enhance Naturals Fascia,BOISE CASCADE®,BOISE CASCADE®,BOISE CASCADE®,BOISE CASCADE,BOISE CASCADE,BOISE CASCADE®,BOISE CASCADE®,543076916,,,"BOISE CASCADE®, Commercial Product, 543076916, 1x8-12 - Commercial Grade Commerc",COMMERCIAL PRODUCT 1X8-12,"BOISE CASCADE®, 543076916, Commercial Product, 1x8-12",The BOISE CASCADE® 543076916 is a commercial-grade commercial product designed for professional and industrial applications. Engineered with measuring 1x8-12.,BOISE CASCADE® 543076916 Commercial Product (1x8-12),The BOISE CASCADE® 543076916 is a commercial-grade commercial product designed for professional and industrial applications. Engineered with measuring 1x8-12.,Precision dimensions: 1x8-12,,,,,,,,,,,,,,,,,,,,,,,,,BOISE CASCADE® 543076916 Commercial Product (1x8-12),Dimensions,1x8-12,in,,,,,,,,,,,,,,,,,,,,,,,,,,,,,,,,,,,,,,,,,,,,,,,,,,,,,,,,,,,,,,,,,,,,,,,,,,,,,,,,,,,,,,,,,,,,,,,,,,,,,,,,,,,,,,,,,,,,,,,,,,,,,,,,,,,,,,,,,,,,,,,,,,,,,,,,,,1,EA,,,,,,,,,,,,,,,,,,,,,,,,,,,,,,,,,,,,,US,No,Yes
,,,,,,1516876,,,,1516876,1516876,1x8-12' Golden Hour - Trex Enhance Naturals Fascia,BOISE CASCADE®,BOISE CASCADE®,BOISE CASCADE®,BOISE CASCADE,BOISE CASCADE,BOISE CASCADE®,BOISE CASCADE®,1516876,,,"BOISE CASCADE®, Commercial Product, 1516876, 1x8-12 - Commercial Grade Commercia",COMMERCIAL PRODUCT 1X8-12,"BOISE CASCADE®, 1516876, Commercial Product, 1x8-12",The BOISE CASCADE® 1516876 is a commercial-grade commercial product designed for professional and industrial applications. Engineered with measuring 1x8-12.,BOISE CASCADE® 1516876 Commercial Product (1x8-12),The BOISE CASCADE® 1516876 is a commercial-grade commercial product designed for professional and industrial applications. Engineered with measuring 1x8-12.,Precision dimensions: 1x8-12,,,,,,,,,,,,,,,,,,,,,,,,,BOISE CASCADE® 1516876 Commercial Product (1x8-12),Dimensions,1x8-12,in,,,,,,,,,,,,,,,,,,,,,,,,,,,,,,,,,,,,,,,,,,,,,,,,,,,,,,,,,,,,,,,,,,,,,,,,,,,,,,,,,,,,,,,,,,,,,,,,,,,,,,,,,,,,,,,,,,,,,,,,,,,,,,,,,,,,,,,,,,,,,,,,,,,,,,,,,,1,EA,,,,,,,,,,,,,,,,,,,,,,,,,,,,,,,,,,,,,US,No,Yes
,,,,,,543076936,,,,543076936,543076936,1x12-12' Cinnamon Cove - Trex Enhance Naturals Fascia,BOISE CASCADE®,BOISE CASCADE®,BOISE CASCADE®,BOISE CASCADE,BOISE CASCADE,BOISE CASCADE®,BOISE CASCADE®,543076936,,,"BOISE CASCADE®, Commercial Product, 543076936, 1x12-12 - Commercial Grade Commer",COMMERCIAL PRODUCT 1X12-12,"BOISE CASCADE®, 543076936, Commercial Product, 1x12-12",The BOISE CASCADE® 543076936 is a commercial-grade commercial product designed for professional and industrial applications. Engineered with measuring 1x12-12.,BOISE CASCADE® 543076936 Commercial Product (1x12-12),The BOISE CASCADE® 543076936 is a commercial-grade commercial product designed for professional and industrial applications. Engineered with measuring 1x12-12.,Precision dimensions: 1x12-12,,,,,,,,,,,,,,,,,,,,,,,,,BOISE CASCADE® 543076936 Commercial Product (1x12-12),Dimensions,1x12-12,in,,,,,,,,,,,,,,,,,,,,,,,,,,,,,,,,,,,,,,,,,,,,,,,,,,,,,,,,,,,,,,,,,,,,,,,,,,,,,,,,,,,,,,,,,,,,,,,,,,,,,,,,,,,,,,,,,,,,,,,,,,,,,,,,,,,,,,,,,,,,,,,,,,,,,,,,,,1,EA,,,,,,,,,,,,,,,,,,,,,,,,,,,,,,,,,,,,,US,No,Yes
,,,,,,1516878,,,,1516878,1516878,1x12-12' Golden Hour - Trex Enhance Naturals Fascia,BOISE CASCADE®,BOISE CASCADE®,BOISE CASCADE®,BOISE CASCADE,BOISE CASCADE,BOISE CASCADE®,BOISE CASCADE®,1516878,,,"BOISE CASCADE®, Commercial Product, 1516878, 1x12-12 - Commercial Grade Commerci",COMMERCIAL PRODUCT 1X12-12,"BOISE CASCADE®, 1516878, Commercial Product, 1x12-12",The BOISE CASCADE® 1516878 is a commercial-grade commercial product designed for professional and industrial applications. Engineered with measuring 1x12-12.,BOISE CASCADE® 1516878 Commercial Product (1x12-12),The BOISE CASCADE® 1516878 is a commercial-grade commercial product designed for professional and industrial applications. Engineered with measuring 1x12-12.,Precision dimensions: 1x12-12,,,,,,,,,,,,,,,,,,,,,,,,,BOISE CASCADE® 1516878 Commercial Product (1x12-12),Dimensions,1x12-12,in,,,,,,,,,,,,,,,,,,,,,,,,,,,,,,,,,,,,,,,,,,,,,,,,,,,,,,,,,,,,,,,,,,,,,,,,,,,,,,,,,,,,,,,,,,,,,,,,,,,,,,,,,,,,,,,,,,,,,,,,,,,,,,,,,,,,,,,,,,,,,,,,,,,,,,,,,,1,EA,,,,,,,,,,,,,,,,,,,,,,,,,,,,,,,,,,,,,US,No,Yes
,,,,,,1516884,,,,1516884,1516884,1x8-12' Pebble Beach - Trex Enhance Basics Fascia,BOISE CASCADE®,BOISE CASCADE®,BOISE CASCADE®,BOISE CASCADE,BOISE CASCADE,BOISE CASCADE®,BOISE CASCADE®,1516884,,,"BOISE CASCADE®, Commercial Product, 1516884, 1x8-12 - Commercial Grade Commercia",COMMERCIAL PRODUCT 1X8-12,"BOISE CASCADE®, 1516884, Commercial Product, 1x8-12",The BOISE CASCADE® 1516884 is a commercial-grade commercial product designed for professional and industrial applications. Engineered with measuring 1x8-12.,BOISE CASCADE® 1516884 Commercial Product (1x8-12),The BOISE CASCADE® 1516884 is a commercial-grade commercial product designed for professional and industrial applications. Engineered with measuring 1x8-12.,Precision dimensions: 1x8-12,,,,,,,,,,,,,,,,,,,,,,,,,BOISE CASCADE® 1516884 Commercial Product (1x8-12),Dimensions,1x8-12,in,,,,,,,,,,,,,,,,,,,,,,,,,,,,,,,,,,,,,,,,,,,,,,,,,,,,,,,,,,,,,,,,,,,,,,,,,,,,,,,,,,,,,,,,,,,,,,,,,,,,,,,,,,,,,,,,,,,,,,,,,,,,,,,,,,,,,,,,,,,,,,,,,,,,,,,,,,1,EA,,,,,,,,,,,,,,,,,,,,,,,,,,,,,,,,,,,,,US,No,Yes
,,,,,,1516885,,,,1516885,1516885,1x12-12' Pebble Beach - Trex Enhance Basics Fascia,BOISE CASCADE®,BOISE CASCADE®,BOISE CASCADE®,BOISE CASCADE,BOISE CASCADE,BOISE CASCADE®,BOISE CASCADE®,1516885,,,"BOISE CASCADE®, Commercial Product, 1516885, 1x12-12 - Commercial Grade Commerci",COMMERCIAL PRODUCT 1X12-12,"BOISE CASCADE®, 1516885, Commercial Product, 1x12-12",The BOISE CASCADE® 1516885 is a commercial-grade commercial product designed for professional and industrial applications. Engineered with measuring 1x12-12.,BOISE CASCADE® 1516885 Commercial Product (1x12-12),The BOISE CASCADE® 1516885 is a commercial-grade commercial product designed for professional and industrial applications. Engineered with measuring 1x12-12.,Precision dimensions: 1x12-12,,,,,,,,,,,,,,,,,,,,,,,,,BOISE CASCADE® 1516885 Commercial Product (1x12-12),Dimensions,1x12-12,in,,,,,,,,,,,,,,,,,,,,,,,,,,,,,,,,,,,,,,,,,,,,,,,,,,,,,,,,,,,,,,,,,,,,,,,,,,,,,,,,,,,,,,,,,,,,,,,,,,,,,,,,,,,,,,,,,,,,,,,,,,,,,,,,,,,,,,,,,,,,,,,,,,,,,,,,,,1,EA,,,,,,,,,,,,,,,,,,,,,,,,,,,,,,,,,,,,,US,No,Yes
,,,,,,543005916,,,,543005916,543005916,1x8-12' Malted Barley - Trex Select 2.0 Fascia,BOISE CASCADE®,BOISE CASCADE®,BOISE CASCADE®,BOISE CASCADE,BOISE CASCADE,BOISE CASCADE®,BOISE CASCADE®,543005916,,,"BOISE CASCADE®, Commercial Product, 543005916, 1x8-12 - Commercial Grade Commerc",COMMERCIAL PRODUCT 1X8-12,"BOISE CASCADE®, 543005916, Commercial Product, 1x8-12",The BOISE CASCADE® 543005916 is a commercial-grade commercial product designed for professional and industrial applications. Engineered with measuring 1x8-12.,BOISE CASCADE® 543005916 Commercial Product (1x8-12),The BOISE CASCADE® 543005916 is a commercial-grade commercial product designed for professional and industrial applications. Engineered with measuring 1x8-12.,Precision dimensions: 1x8-12,,,,,,,,,,,,,,,,,,,,,,,,,BOISE CASCADE® 543005916 Commercial Product (1x8-12),Dimensions,1x8-12,in,,,,,,,,,,,,,,,,,,,,,,,,,,,,,,,,,,,,,,,,,,,,,,,,,,,,,,,,,,,,,,,,,,,,,,,,,,,,,,,,,,,,,,,,,,,,,,,,,,,,,,,,,,,,,,,,,,,,,,,,,,,,,,,,,,,,,,,,,,,,,,,,,,,,,,,,,,1,EA,,,,,,,,,,,,,,,,,,,,,,,,,,,,,,,,,,,,,US,No,Yes
,,,,,,1516902,,,,1516902,1516902,1x8-12' Millstone - Trex Select 2.0 Fascia,BOISE CASCADE®,BOISE CASCADE®,BOISE CASCADE®,BOISE CASCADE,BOISE CASCADE,BOISE CASCADE®,BOISE CASCADE®,1516902,,,"BOISE CASCADE®, Commercial Product, 1516902, 1x8-12 - Commercial Grade Commercia",COMMERCIAL PRODUCT 1X8-12,"BOISE CASCADE®, 1516902, Commercial Product, 1x8-12",The BOISE CASCADE® 1516902 is a commercial-grade commercial product designed for professional and industrial applications. Engineered with measuring 1x8-12.,BOISE CASCADE® 1516902 Commercial Product (1x8-12),The BOISE CASCADE® 1516902 is a commercial-grade commercial product designed for professional and industrial applications. Engineered with measuring 1x8-12.,Precision dimensions: 1x8-12,,,,,,,,,,,,,,,,,,,,,,,,,BOISE CASCADE® 1516902 Commercial Product (1x8-12),Dimensions,1x8-12,in,,,,,,,,,,,,,,,,,,,,,,,,,,,,,,,,,,,,,,,,,,,,,,,,,,,,,,,,,,,,,,,,,,,,,,,,,,,,,,,,,,,,,,,,,,,,,,,,,,,,,,,,,,,,,,,,,,,,,,,,,,,,,,,,,,,,,,,,,,,,,,,,,,,,,,,,,,1,EA,,,,,,,,,,,,,,,,,,,,,,,,,,,,,,,,,,,,,US,No,Yes
,,,,,,543007916,,,,543007916,543007916,1x8-12' Whiskey Barrel - Trex Select 2.0 Fascia,BOISE CASCADE®,BOISE CASCADE®,BOISE CASCADE®,BOISE CASCADE,BOISE CASCADE,BOISE CASCADE®,BOISE CASCADE®,543007916,,,"BOISE CASCADE®, Commercial Product, 543007916, 1x8-12 - Commercial Grade Commerc",COMMERCIAL PRODUCT 1X8-12,"BOISE CASCADE®, 543007916, Commercial Product, 1x8-12",The BOISE CASCADE® 543007916 is a commercial-grade commercial product designed for professional and industrial applications. Engineered with measuring 1x8-12.,BOISE CASCADE® 543007916 Commercial Product (1x8-12),The BOISE CASCADE® 543007916 is a commercial-grade commercial product designed for professional and industrial applications. Engineered with measuring 1x8-12.,Precision dimensions: 1x8-12,,,,,,,,,,,,,,,,,,,,,,,,,BOISE CASCADE® 543007916 Commercial Product (1x8-12),Dimensions,1x8-12,in,,,,,,,,,,,,,,,,,,,,,,,,,,,,,,,,,,,,,,,,,,,,,,,,,,,,,,,,,,,,,,,,,,,,,,,,,,,,,,,,,,,,,,,,,,,,,,,,,,,,,,,,,,,,,,,,,,,,,,,,,,,,,,,,,,,,,,,,,,,,,,,,,,,,,,,,,,1,EA,,,,,,,,,,,,,,,,,,,,,,,,,,,,,,,,,,,,,US,No,Yes
,,,,,,543005936,,,,543005936,543005936,1x12-12' Malted Barley - Trex Select 2.0 Fascia,BOISE CASCADE®,BOISE CASCADE®,BOISE CASCADE®,BOISE CASCADE,BOISE CASCADE,BOISE CASCADE®,BOISE CASCADE®,543005936,,,"BOISE CASCADE®, Commercial Product, 543005936, 1x12-12 - Commercial Grade Commer",COMMERCIAL PRODUCT 1X12-12,"BOISE CASCADE®, 543005936, Commercial Product, 1x12-12",The BOISE CASCADE® 543005936 is a commercial-grade commercial product designed for professional and industrial applications. Engineered with measuring 1x12-12.,BOISE CASCADE® 543005936 Commercial Product (1x12-12),The BOISE CASCADE® 543005936 is a commercial-grade commercial product designed for professional and industrial applications. Engineered with measuring 1x12-12.,Precision dimensions: 1x12-12,,,,,,,,,,,,,,,,,,,,,,,,,BOISE CASCADE® 543005936 Commercial Product (1x12-12),Dimensions,1x12-12,in,,,,,,,,,,,,,,,,,,,,,,,,,,,,,,,,,,,,,,,,,,,,,,,,,,,,,,,,,,,,,,,,,,,,,,,,,,,,,,,,,,,,,,,,,,,,,,,,,,,,,,,,,,,,,,,,,,,,,,,,,,,,,,,,,,,,,,,,,,,,,,,,,,,,,,,,,,1,EA,,,,,,,,,,,,,,,,,,,,,,,,,,,,,,,,,,,,,US,No,Yes
,,,,,,1516905,,,,1516905,1516905,1x12-12' Millstone - Trex Select 2.0 Fascia,BOISE CASCADE®,BOISE CASCADE®,BOISE CASCADE®,BOISE CASCADE,BOISE CASCADE,BOISE CASCADE®,BOISE CASCADE®,1516905,,,"BOISE CASCADE®, Commercial Product, 1516905, 1x12-12 - Commercial Grade Commerci",COMMERCIAL PRODUCT 1X12-12,"BOISE CASCADE®, 1516905, Commercial Product, 1x12-12",The BOISE CASCADE® 1516905 is a commercial-grade commercial product designed for professional and industrial applications. Engineered with measuring 1x12-12.,BOISE CASCADE® 1516905 Commercial Product (1x12-12),The BOISE CASCADE® 1516905 is a commercial-grade commercial product designed for professional and industrial applications. Engineered with measuring 1x12-12.,Precision dimensions: 1x12-12,,,,,,,,,,,,,,,,,,,,,,,,,BOISE CASCADE® 1516905 Commercial Product (1x12-12),Dimensions,1x12-12,in,,,,,,,,,,,,,,,,,,,,,,,,,,,,,,,,,,,,,,,,,,,,,,,,,,,,,,,,,,,,,,,,,,,,,,,,,,,,,,,,,,,,,,,,,,,,,,,,,,,,,,,,,,,,,,,,,,,,,,,,,,,,,,,,,,,,,,,,,,,,,,,,,,,,,,,,,,1,EA,,,,,,,,,,,,,,,,,,,,,,,,,,,,,,,,,,,,,US,No,Yes
,,,,,,543007936,,,,543007936,543007936,1x12-12' Whiskey Barrel - Trex Select 2.0 Fascia,BOISE CASCADE®,BOISE CASCADE®,BOISE CASCADE®,BOISE CASCADE,BOISE CASCADE,BOISE CASCADE®,BOISE CASCADE®,543007936,,,"BOISE CASCADE®, Commercial Product, 543007936, 1x12-12 - Commercial Grade Commer",COMMERCIAL PRODUCT 1X12-12,"BOISE CASCADE®, 543007936, Commercial Product, 1x12-12",The BOISE CASCADE® 543007936 is a commercial-grade commercial product designed for professional and industrial applications. Engineered with measuring 1x12-12.,BOISE CASCADE® 543007936 Commercial Product (1x12-12),The BOISE CASCADE® 543007936 is a commercial-grade commercial product designed for professional and industrial applications. Engineered with measuring 1x12-12.,Precision dimensions: 1x12-12,,,,,,,,,,,,,,,,,,,,,,,,,BOISE CASCADE® 543007936 Commercial Product (1x12-12),Dimensions,1x12-12,in,,,,,,,,,,,,,,,,,,,,,,,,,,,,,,,,,,,,,,,,,,,,,,,,,,,,,,,,,,,,,,,,,,,,,,,,,,,,,,,,,,,,,,,,,,,,,,,,,,,,,,,,,,,,,,,,,,,,,,,,,,,,,,,,,,,,,,,,,,,,,,,,,,,,,,,,,,1,EA,,,,,,,,,,,,,,,,,,,,,,,,,,,,,,,,,,,,,US,No,Yes
,,,,,,543144908,,,,543144908,543144908,1x8-12' Island Mist - Trex Lineage,U S Lumber,U S Lumber,U S Lumber,U S Lumber,U S Lumber,U S Lumber,U S Lumber,543144908,,,"U S Lumber, Commercial Product, 543144908, 1x8-12 - Commercial Grade Commercial",COMMERCIAL PRODUCT 1X8-12,"U S Lumber, 543144908, Commercial Product, 1x8-12",The U S Lumber 543144908 is a commercial-grade commercial product designed for professional and industrial applications. Engineered with measuring 1x8-12.,U S Lumber 543144908 Commercial Product (1x8-12),The U S Lumber 543144908 is a commercial-grade commercial product designed for professional and industrial applications. Engineered with measuring 1x8-12.,Precision dimensions: 1x8-12,,,,,,,,,,,,,,,,,,,,,,,,,U S Lumber 543144908 Commercial Product (1x8-12),Dimensions,1x8-12,in,,,,,,,,,,,,,,,,,,,,,,,,,,,,,,,,,,,,,,,,,,,,,,,,,,,,,,,,,,,,,,,,,,,,,,,,,,,,,,,,,,,,,,,,,,,,,,,,,,,,,,,,,,,,,,,,,,,,,,,,,,,,,,,,,,,,,,,,,,,,,,,,,,,,,,,,,,1,EA,,,,,,,,,,,,,,,,,,,,,,,,,,,,,,,,,,,,,US,No,Yes
,,,,,,543141908,,,,543141908,543141908,1x8-12' Rainier - Trex Lineage,U S Lumber,U S Lumber,U S Lumber,U S Lumber,U S Lumber,U S Lumber,U S Lumber,543141908,,,"U S Lumber, Commercial Product, 543141908, 1x8-12 - Commercial Grade Commercial",COMMERCIAL PRODUCT 1X8-12,"U S Lumber, 543141908, Commercial Product, 1x8-12",The U S Lumber 543141908 is a commercial-grade commercial product designed for professional and industrial applications. Engineered with measuring 1x8-12.,U S Lumber 543141908 Commercial Product (1x8-12),The U S Lumber 543141908 is a commercial-grade commercial product designed for professional and industrial applications. Engineered with measuring 1x8-12.,Precision dimensions: 1x8-12,,,,,,,,,,,,,,,,,,,,,,,,,U S Lumber 543141908 Commercial Product (1x8-12),Dimensions,1x8-12,in,,,,,,,,,,,,,,,,,,,,,,,,,,,,,,,,,,,,,,,,,,,,,,,,,,,,,,,,,,,,,,,,,,,,,,,,,,,,,,,,,,,,,,,,,,,,,,,,,,,,,,,,,,,,,,,,,,,,,,,,,,,,,,,,,,,,,,,,,,,,,,,,,,,,,,,,,,1,EA,,,,,,,,,,,,,,,,,,,,,,,,,,,,,,,,,,,,,US,No,Yes
,,,,,,543144912,,,,543144912,543144912,1x12-12' Island Mist - Trex Lineage,U S Lumber,U S Lumber,U S Lumber,U S Lumber,U S Lumber,U S Lumber,U S Lumber,543144912,,,"U S Lumber, Commercial Product, 543144912, 1x12-12 - Commercial Grade Commercial",COMMERCIAL PRODUCT 1X12-12,"U S Lumber, 543144912, Commercial Product, 1x12-12",The U S Lumber 543144912 is a commercial-grade commercial product designed for professional and industrial applications. Engineered with measuring 1x12-12.,U S Lumber 543144912 Commercial Product (1x12-12),The U S Lumber 543144912 is a commercial-grade commercial product designed for professional and industrial applications. Engineered with measuring 1x12-12.,Precision dimensions: 1x12-12,,,,,,,,,,,,,,,,,,,,,,,,,U S Lumber 543144912 Commercial Product (1x12-12),Dimensions,1x12-12,in,,,,,,,,,,,,,,,,,,,,,,,,,,,,,,,,,,,,,,,,,,,,,,,,,,,,,,,,,,,,,,,,,,,,,,,,,,,,,,,,,,,,,,,,,,,,,,,,,,,,,,,,,,,,,,,,,,,,,,,,,,,,,,,,,,,,,,,,,,,,,,,,,,,,,,,,,,1,EA,,,,,,,,,,,,,,,,,,,,,,,,,,,,,,,,,,,,,US,No,Yes
,,,,,,543141912,,,,543141912,543141912,1x12-12' Rainier - Trex Lineage,U S Lumber,U S Lumber,U S Lumber,U S Lumber,U S Lumber,U S Lumber,U S Lumber,543141912,,,"U S Lumber, Commercial Product, 543141912, 1x12-12 - Commercial Grade Commercial",COMMERCIAL PRODUCT 1X12-12,"U S Lumber, 543141912, Commercial Product, 1x12-12",The U S Lumber 543141912 is a commercial-grade commercial product designed for professional and industrial applications. Engineered with measuring 1x12-12.,U S Lumber 543141912 Commercial Product (1x12-12),The U S Lumber 543141912 is a commercial-grade commercial product designed for professional and industrial applications. Engineered with measuring 1x12-12.,Precision dimensions: 1x12-12,,,,,,,,,,,,,,,,,,,,,,,,,U S Lumber 543141912 Commercial Product (1x12-12),Dimensions,1x12-12,in,,,,,,,,,,,,,,,,,,,,,,,,,,,,,,,,,,,,,,,,,,,,,,,,,,,,,,,,,,,,,,,,,,,,,,,,,,,,,,,,,,,,,,,,,,,,,,,,,,,,,,,,,,,,,,,,,,,,,,,,,,,,,,,,,,,,,,,,,,,,,,,,,,,,,,,,,,1,EA,,,,,,,,,,,,,,,,,,,,,,,,,,,,,,,,,,,,,US,No,Yes
,,,,,,1513713,,,,1513713,1513713,1x8-12' Hatteras - Trex Lineage,BOISE CASCADE®,BOISE CASCADE®,BOISE CASCADE®,BOISE CASCADE,BOISE CASCADE,BOISE CASCADE®,BOISE CASCADE®,1513713,,,"BOISE CASCADE®, Commercial Product, 1513713, 1x8-12 - Commercial Grade Commercia",COMMERCIAL PRODUCT 1X8-12,"BOISE CASCADE®, 1513713, Commercial Product, 1x8-12",The BOISE CASCADE® 1513713 is a commercial-grade commercial product designed for professional and industrial applications. Engineered with measuring 1x8-12.,BOISE CASCADE® 1513713 Commercial Product (1x8-12),The BOISE CASCADE® 1513713 is a commercial-grade commercial product designed for professional and industrial applications. Engineered with measuring 1x8-12.,Precision dimensions: 1x8-12,,,,,,,,,,,,,,,,,,,,,,,,,BOISE CASCADE® 1513713 Commercial Product (1x8-12),Dimensions,1x8-12,in,,,,,,,,,,,,,,,,,,,,,,,,,,,,,,,,,,,,,,,,,,,,,,,,,,,,,,,,,,,,,,,,,,,,,,,,,,,,,,,,,,,,,,,,,,,,,,,,,,,,,,,,,,,,,,,,,,,,,,,,,,,,,,,,,,,,,,,,,,,,,,,,,,,,,,,,,,1,EA,,,,,,,,,,,,,,,,,,,,,,,,,,,,,,,,,,,,,US,No,Yes
,,,,,,1513714,,,,1513714,1513714,1x8-12' Salt Flat - Trex Lineage,BOISE CASCADE®,BOISE CASCADE®,BOISE CASCADE®,BOISE CASCADE,BOISE CASCADE,BOISE CASCADE®,BOISE CASCADE®,1513714,,,"BOISE CASCADE®, Commercial Product, 1513714, 1x8-12 - Commercial Grade Commercia",COMMERCIAL PRODUCT 1X8-12,"BOISE CASCADE®, 1513714, Commercial Product, 1x8-12",The BOISE CASCADE® 1513714 is a commercial-grade commercial product designed for professional and industrial applications. Engineered with measuring 1x8-12.,BOISE CASCADE® 1513714 Commercial Product (1x8-12),The BOISE CASCADE® 1513714 is a commercial-grade commercial product designed for professional and industrial applications. Engineered with measuring 1x8-12.,Precision dimensions: 1x8-12,,,,,,,,,,,,,,,,,,,,,,,,,BOISE CASCADE® 1513714 Commercial Product (1x8-12),Dimensions,1x8-12,in,,,,,,,,,,,,,,,,,,,,,,,,,,,,,,,,,,,,,,,,,,,,,,,,,,,,,,,,,,,,,,,,,,,,,,,,,,,,,,,,,,,,,,,,,,,,,,,,,,,,,,,,,,,,,,,,,,,,,,,,,,,,,,,,,,,,,,,,,,,,,,,,,,,,,,,,,,1,EA,,,,,,,,,,,,,,,,,,,,,,,,,,,,,,,,,,,,,US,No,Yes
,,,,,,73012503,,,,73012503,73012503,4x4 Wh Heritage Post Trim RDI,-,-,-,-,-,-,-,73012503,,,"-, Commercial Product, 73012503, 4x4 - Commercial Grade Commercial Product",COMMERCIAL PRODUCT 4X4,"-, 73012503, Commercial Product, 4x4",The - 73012503 is a commercial-grade commercial product designed for professional and industrial applications. Engineered with measuring 4x4. Key Specifications include ArborSize: 4.,- 73012503 Commercial Product (4x4),The - 73012503 is a commercial-grade commercial product designed for professional and industrial applications. Engineered with measuring 4x4. Key Specifications include ArborSize: 4.,Precision dimensions: 4x4,,,,,,,,,,,,,,,,,,,,,,,,,- 73012503 Commercial Product (4x4),Dimensions,4x4,in,Arbor Size,4,in,,,,,,,,,,,,,,,,,,,,,,,,,,,,,,,,,,,,,,,,,,,,,,,,,,,,,,,,,,,,,,,,,,,,,,,,,,,,,,,,,,,,,,,,,,,,,,,,,,,,,,,,,,,,,,,,,,,,,,,,,,,,,,,,,,,,,,,,,,,,,,,,,,,,,,,1,EA,,,,,,,,,,,,,,,,,,,,,,,,,,,,,,,,,,,,,US,No,Yes
,,,,,,73018131,,,,73018131,73018131,6x6 Wh Elite Post Trim 4pc RDI,-,-,-,-,-,-,-,73018131,,,"-, Commercial Product, 73018131, 6x6 - Commercial Grade Commercial Product",COMMERCIAL PRODUCT 6X6,"-, 73018131, Commercial Product, 6x6",The - 73018131 is a commercial-grade commercial product designed for professional and industrial applications. Engineered with measuring 6x6. Key Specifications include ArborSize: 6; PackQuantity: 4 PK.,- 73018131 Commercial Product (6x6),The - 73018131 is a commercial-grade commercial product designed for professional and industrial applications. Engineered with measuring 6x6. Key Specifications include ArborSize: 6; PackQuantity: 4 PK.,Precision dimensions: 6x6,,,,,,,,,,,,,,,,,,,,,,,,,- 73018131 Commercial Product (6x6),Dimensions,6x6,in,Arbor Size,6,in,PackQuantity,4 PK,,,,,,,,,,,,,,,,,,,,,,,,,,,,,,,,,,,,,,,,,,,,,,,,,,,,,,,,,,,,,,,,,,,,,,,,,,,,,,,,,,,,,,,,,,,,,,,,,,,,,,,,,,,,,,,,,,,,,,,,,,,,,,,,,,,,,,,,,,,,,,,,,,,,,1,EA,,,,,,,,,,,,,,,,,,,,,,,,,,,,,,,,,,,,,US,No,Yes
,,,,,,73018091,,,,73018091,73018091,4x4 Wh Elite Post Trim RDI,-,-,-,-,-,-,-,73018091,,,"-, Commercial Product, 73018091, 4x4 - Commercial Grade Commercial Product",COMMERCIAL PRODUCT 4X4,"-, 73018091, Commercial Product, 4x4",The - 73018091 is a commercial-grade commercial product designed for professional and industrial applications. Engineered with measuring 4x4. Key Specifications include ArborSize: 4.,- 73018091 Commercial Product (4x4),The - 73018091 is a commercial-grade commercial product designed for professional and industrial applications. Engineered with measuring 4x4. Key Specifications include ArborSize: 4.,Precision dimensions: 4x4,,,,,,,,,,,,,,,,,,,,,,,,,- 73018091 Commercial Product (4x4),Dimensions,4x4,in,Arbor Size,4,in,,,,,,,,,,,,,,,,,,,,,,,,,,,,,,,,,,,,,,,,,,,,,,,,,,,,,,,,,,,,,,,,,,,,,,,,,,,,,,,,,,,,,,,,,,,,,,,,,,,,,,,,,,,,,,,,,,,,,,,,,,,,,,,,,,,,,,,,,,,,,,,,,,,,,,,1,EA,,,,,,,,,,,,,,,,,,,,,,,,,,,,,,,,,,,,,US,No,Yes
,,,,,,73018066,,,,73018066,73018066,Clay 6x6 Elite Post Trim RDI - 4pc,-,-,-,-,-,-,-,73018066,,,"-, Commercial Product, 73018066, 6x6 - Commercial Grade Commercial Product",COMMERCIAL PRODUCT 6X6,"-, 73018066, Commercial Product, 6x6",The - 73018066 is a commercial-grade commercial product designed for professional and industrial applications. Engineered with measuring 6x6. Key Specifications include ArborSize: 6; PackQuantity: 4 PK.,- 73018066 Commercial Product (6x6),The - 73018066 is a commercial-grade commercial product designed for professional and industrial applications. Engineered with measuring 6x6. Key Specifications include ArborSize: 6; PackQuantity: 4 PK.,Precision dimensions: 6x6,,,,,,,,,,,,,,,,,,,,,,,,,- 73018066 Commercial Product (6x6),Dimensions,6x6,in,Arbor Size,6,in,PackQuantity,4 PK,,,,,,,,,,,,,,,,,,,,,,,,,,,,,,,,,,,,,,,,,,,,,,,,,,,,,,,,,,,,,,,,,,,,,,,,,,,,,,,,,,,,,,,,,,,,,,,,,,,,,,,,,,,,,,,,,,,,,,,,,,,,,,,,,,,,,,,,,,,,,,,,,,,,,1,EA,,,,,,,,,,,,,,,,,,,,,,,,,,,,,,,,,,,,,US,No,Yes
,,,,,,73018076,,,,73018076,73018076,4x4 Wh Flat Post Cap RDI,-,-,-,-,-,-,-,73018076,,,"-, Commercial Product, 73018076, 4x4 - Commercial Grade Commercial Product",COMMERCIAL PRODUCT 4X4,"-, 73018076, Commercial Product, 4x4",The - 73018076 is a commercial-grade commercial product designed for professional and industrial applications. Engineered with measuring 4x4. Key Specifications include ArborSize: 4.,- 73018076 Commercial Product (4x4),The - 73018076 is a commercial-grade commercial product designed for professional and industrial applications. Engineered with measuring 4x4. Key Specifications include ArborSize: 4.,Precision dimensions: 4x4,,,,,,,,,,,,,,,,,,,,,,,,,- 73018076 Commercial Product (4x4),Dimensions,4x4,in,Arbor Size,4,in,,,,,,,,,,,,,,,,,,,,,,,,,,,,,,,,,,,,,,,,,,,,,,,,,,,,,,,,,,,,,,,,,,,,,,,,,,,,,,,,,,,,,,,,,,,,,,,,,,,,,,,,,,,,,,,,,,,,,,,,,,,,,,,,,,,,,,,,,,,,,,,,,,,,,,,1,EA,,,,,,,,,,,,,,,,,,,,,,,,,,,,,,,,,,,,,US,No,Yes
,,,,,,61109087,,,,61109087,61109087,Wh 4x4-39 Blank Post RDI,-,-,-,-,-,-,-,61109087,,,"-, Commercial Product, 61109087, 4x4-39 - Commercial Grade Commercial Product",COMMERCIAL PRODUCT 4X4-39,"-, 61109087, Commercial Product, 4x4-39",The - 61109087 is a commercial-grade commercial product designed for professional and industrial applications. Engineered with measuring 4x4-39.,- 61109087 Commercial Product (4x4-39),The - 61109087 is a commercial-grade commercial product designed for professional and industrial applications. Engineered with measuring 4x4-39.,Precision dimensions: 4x4-39,,,,,,,,,,,,,,,,,,,,,,,,,- 61109087 Commercial Product (4x4-39),Dimensions,4x4-39,in,,,,,,,,,,,,,,,,,,,,,,,,,,,,,,,,,,,,,,,,,,,,,,,,,,,,,,,,,,,,,,,,,,,,,,,,,,,,,,,,,,,,,,,,,,,,,,,,,,,,,,,,,,,,,,,,,,,,,,,,,,,,,,,,,,,,,,,,,,,,,,,,,,,,,,,,,,1,EA,,,,,,,,,,,,,,,,,,,,,,,,,,,,,,,,,,,,,US,No,Yes
,,,,,,73018731,,,,73018731,73018731,Wh 6x6-108 Post Sleeve RDI,-,-,-,-,-,-,-,73018731,,,"-, Commercial Product, 73018731, 6x6-108 - Commercial Grade Commercial Product",COMMERCIAL PRODUCT 6X6-108,"-, 73018731, Commercial Product, 6x6-108",The - 73018731 is a commercial-grade commercial product designed for professional and industrial applications. Engineered with measuring 6x6-108.,- 73018731 Commercial Product (6x6-108),The - 73018731 is a commercial-grade commercial product designed for professional and industrial applications. Engineered with measuring 6x6-108.,Precision dimensions: 6x6-108,,,,,,,,,,,,,,,,,,,,,,,,,- 73018731 Commercial Product (6x6-108),Dimensions,6x6-108,in,,,,,,,,,,,,,,,,,,,,,,,,,,,,,,,,,,,,,,,,,,,,,,,,,,,,,,,,,,,,,,,,,,,,,,,,,,,,,,,,,,,,,,,,,,,,,,,,,,,,,,,,,,,,,,,,,,,,,,,,,,,,,,,,,,,,,,,,,,,,,,,,,,,,,,,,,,1,EA,,,,,,,,,,,,,,,,,,,,,,,,,,,,,,,,,,,,,US,No,Yes
,,,,,,61109090,,,,61109090,61109090,Wh 4x4-108 Post Sleeve RDI,-,-,-,-,-,-,-,61109090,,,"-, Commercial Product, 61109090, 4x4-108 - Commercial Grade Commercial Product",COMMERCIAL PRODUCT 4X4-108,"-, 61109090, Commercial Product, 4x4-108",The - 61109090 is a commercial-grade commercial product designed for professional and industrial applications. Engineered with measuring 4x4-108.,- 61109090 Commercial Product (4x4-108),The - 61109090 is a commercial-grade commercial product designed for professional and industrial applications. Engineered with measuring 4x4-108.,Precision dimensions: 4x4-108,,,,,,,,,,,,,,,,,,,,,,,,,- 61109090 Commercial Product (4x4-108),Dimensions,4x4-108,in,,,,,,,,,,,,,,,,,,,,,,,,,,,,,,,,,,,,,,,,,,,,,,,,,,,,,,,,,,,,,,,,,,,,,,,,,,,,,,,,,,,,,,,,,,,,,,,,,,,,,,,,,,,,,,,,,,,,,,,,,,,,,,,,,,,,,,,,,,,,,,,,,,,,,,,,,,1,EA,,,,,,,,,,,,,,,,,,,,,,,,,,,,,,,,,,,,,US,No,Yes
,,,,,,73053603,,,,73053603,73053603,Clay 4x4-108 Post Sleeve RDI,-,-,-,-,-,-,-,73053603,,,"-, Commercial Product, 73053603, 4x4-108 - Commercial Grade Commercial Product",COMMERCIAL PRODUCT 4X4-108,"-, 73053603, Commercial Product, 4x4-108",The - 73053603 is a commercial-grade commercial product designed for professional and industrial applications. Engineered with measuring 4x4-108.,- 73053603 Commercial Product (4x4-108),The - 73053603 is a commercial-grade commercial product designed for professional and industrial applications. Engineered with measuring 4x4-108.,Precision dimensions: 4x4-108,,,,,,,,,,,,,,,,,,,,,,,,,- 73053603 Commercial Product (4x4-108),Dimensions,4x4-108,in,,,,,,,,,,,,,,,,,,,,,,,,,,,,,,,,,,,,,,,,,,,,,,,,,,,,,,,,,,,,,,,,,,,,,,,,,,,,,,,,,,,,,,,,,,,,,,,,,,,,,,,,,,,,,,,,,,,,,,,,,,,,,,,,,,,,,,,,,,,,,,,,,,,,,,,,,,1,EA,,,,,,,,,,,,,,,,,,,,,,,,,,,,,,,,,,,,,US,No,Yes
,,,,,,73053608,,,,73053608,73053608,Clay 6x6-108 Post Sleeve RDI,-,-,-,-,-,-,-,73053608,,,"-, Commercial Product, 73053608, 6x6-108 - Commercial Grade Commercial Product",COMMERCIAL PRODUCT 6X6-108,"-, 73053608, Commercial Product, 6x6-108",The - 73053608 is a commercial-grade commercial product designed for professional and industrial applications. Engineered with measuring 6x6-108.,- 73053608 Commercial Product (6x6-108),The - 73053608 is a commercial-grade commercial product designed for professional and industrial applications. Engineered with measuring 6x6-108.,Precision dimensions: 6x6-108,,,,,,,,,,,,,,,,,,,,,,,,,- 73053608 Commercial Product (6x6-108),Dimensions,6x6-108,in,,,,,,,,,,,,,,,,,,,,,,,,,,,,,,,,,,,,,,,,,,,,,,,,,,,,,,,,,,,,,,,,,,,,,,,,,,,,,,,,,,,,,,,,,,,,,,,,,,,,,,,,,,,,,,,,,,,,,,,,,,,,,,,,,,,,,,,,,,,,,,,,,,,,,,,,,,1,EA,,,,,,,,,,,,,,,,,,,,,,,,,,,,,,,,,,,,,US,No,Yes
,,,,,,543340896,,,,543340896,543340896,"4x4-37"" Black Alum Post Sleeve Select Alum Railing - w/Cap & Skirt",BOISE CASCADE®,BOISE CASCADE®,BOISE CASCADE®,BOISE CASCADE,BOISE CASCADE,BOISE CASCADE®,BOISE CASCADE®,543340896,,,"BOISE CASCADE®, Commercial Product, 543340896, 4x4-37 - Commercial Grade Commerc",COMMERCIAL PRODUCT ALUM 4X4-37,"BOISE CASCADE®, 543340896, Commercial Product, 4x4-37","The BOISE CASCADE® 543340896 is a commercial-grade commercial product designed for professional and industrial applications. Engineered with durable aluminum construction, measuring 4x4-37.",BOISE CASCADE® 543340896 Commercial Product in Aluminum (4x4-37),"The BOISE CASCADE® 543340896 is a commercial-grade commercial product designed for professional and industrial applications. Engineered with durable aluminum construction, measuring 4x4-37.",Constructed with high-grade Aluminum,Precision dimensions: 4x4-37,,,,,,,,,,,,,,,,,,,,,,,,BOISE CASCADE® 543340896 Commercial Product in Aluminum (4x4-37),Dimensions,4x4-37,in,Material,Aluminum,,,,,,,,,,,,,,,,,,,,,,,,,,,,,,,,,,,,,,,,,,,,,,,,,,,,,,,,,,,,,,,,,,,,,,,,,,,,,,,,,,,,,,,,,,,,,,,,,,,,,,,,,,,,,,,,,,,,,,,,,,,,,,,,,,,,,,,,,,,,,,,,,,,,,,,,1,EA,,,,,,,,,,,,,,,,,,,,,,,,,,,,,,,,,,,,,US,No,Yes
,,,,,,543340898,,,,543340898,543340898,"4x4-43"" Black Alum Post Sleeve Select Alum Railing w/Cap & Skirt",BOISE CASCADE®,BOISE CASCADE®,BOISE CASCADE®,BOISE CASCADE,BOISE CASCADE,BOISE CASCADE®,BOISE CASCADE®,543340898,,,"BOISE CASCADE®, Commercial Product, 543340898, 4x4-43 - Commercial Grade Commerc",COMMERCIAL PRODUCT ALUM 4X4-43,"BOISE CASCADE®, 543340898, Commercial Product, 4x4-43","The BOISE CASCADE® 543340898 is a commercial-grade commercial product designed for professional and industrial applications. Engineered with durable aluminum construction, measuring 4x4-43.",BOISE CASCADE® 543340898 Commercial Product in Aluminum (4x4-43),"The BOISE CASCADE® 543340898 is a commercial-grade commercial product designed for professional and industrial applications. Engineered with durable aluminum construction, measuring 4x4-43.",Constructed with high-grade Aluminum,Precision dimensions: 4x4-43,,,,,,,,,,,,,,,,,,,,,,,,BOISE CASCADE® 543340898 Commercial Product in Aluminum (4x4-43),Dimensions,4x4-43,in,Material,Aluminum,,,,,,,,,,,,,,,,,,,,,,,,,,,,,,,,,,,,,,,,,,,,,,,,,,,,,,,,,,,,,,,,,,,,,,,,,,,,,,,,,,,,,,,,,,,,,,,,,,,,,,,,,,,,,,,,,,,,,,,,,,,,,,,,,,,,,,,,,,,,,,,,,,,,,,,,1,EA,,,,,,,,,,,,,,,,,,,,,,,,,,,,,,,,,,,,,US,No,Yes
,,,,,,73272TBK,,,,73272TBK,73272TBK,6x6-10' Black Alum Deco - Support Post,Palmer Donavin Mfg Company,Palmer Donavin Mfg Company,Palmer Donavin Mfg Company,Palmer Donavin Mfg Company,Palmer Donavin Mfg Company,Palmer Donavin Mfg Company,Palmer Donavin Mfg Company,73272TBK,,,"Palmer Donavin Mfg Company, Commercial Product, 73272TBK, 6x6-10",COMMERCIAL PRODUCT ALUM 6X6-10,"Palmer Donavin Mfg Company, 73272TBK, Commercial Product, 6x6-10","The Palmer Donavin Mfg Company 73272TBK is a commercial-grade commercial product designed for professional and industrial applications. Engineered with durable aluminum construction, measuring 6x6-10.",Palmer Donavin Mfg Company 73272TBK Commercial Product in Aluminum (6x6-10),"The Palmer Donavin Mfg Company 73272TBK is a commercial-grade commercial product designed for professional and industrial applications. Engineered with durable aluminum construction, measuring 6x6-10.",Constructed with high-grade Aluminum,Precision dimensions: 6x6-10,,,,,,,,,,,,,,,,,,,,,,,,Palmer Donavin Mfg Company 73272TBK Commercial Product in Aluminum (6x6-10),Dimensions,6x6-10,in,Material,Aluminum,,,,,,,,,,,,,,,,,,,,,,,,,,,,,,,,,,,,,,,,,,,,,,,,,,,,,,,,,,,,,,,,,,,,,,,,,,,,,,,,,,,,,,,,,,,,,,,,,,,,,,,,,,,,,,,,,,,,,,,,,,,,,,,,,,,,,,,,,,,,,,,,,,,,,,,,1,EA,,,,,,,,,,,,,,,,,,,,,,,,,,,,,,,,,,,,,US,No,Yes
,,,,,,543302127,,,,543302127,543302127,6' Wh Select T-Rail Kit Stair - w/Sq Composite Balusters,U S Lumber,U S Lumber,U S Lumber,U S Lumber,U S Lumber,U S Lumber,U S Lumber,543302127,,,"U S Lumber, Commercial Product, 543302127 - Commercial Grade Commercial Product",COMMERCIAL PRODUCT,"U S Lumber, 543302127, Commercial Product",The U S Lumber 543302127 is a commercial-grade commercial product designed for professional and industrial applications.,U S Lumber 543302127 Commercial Product,The U S Lumber 543302127 is a commercial-grade commercial product designed for professional and industrial applications.,,,,,,,,,,,,,,,,,,,,,,,,,,U S Lumber 543302127 Commercial Product,,,,,,,,,,,,,,,,,,,,,,,,,,,,,,,,,,,,,,,,,,,,,,,,,,,,,,,,,,,,,,,,,,,,,,,,,,,,,,,,,,,,,,,,,,,,,,,,,,,,,,,,,,,,,,,,,,,,,,,,,,,,,,,,,,,,,,,,,,,,,,,,,,,,,,,,,,,,,1,EA,,,,,,,,,,,,,,,,,,,,,,,,,,,,,,,,,,,,,US,No,Yes
,,,,,,543302147,,,,543302147,543302147,8' Wh Select T-Rail Kit Stair - w/Sq Composite Balusters,U S Lumber,U S Lumber,U S Lumber,U S Lumber,U S Lumber,U S Lumber,U S Lumber,543302147,,,"U S Lumber, Commercial Product, 543302147 - Commercial Grade Commercial Product",COMMERCIAL PRODUCT,"U S Lumber, 543302147, Commercial Product",The U S Lumber 543302147 is a commercial-grade commercial product designed for professional and industrial applications.,U S Lumber 543302147 Commercial Product,The U S Lumber 543302147 is a commercial-grade commercial product designed for professional and industrial applications.,,,,,,,,,,,,,,,,,,,,,,,,,,U S Lumber 543302147 Commercial Product,,,,,,,,,,,,,,,,,,,,,,,,,,,,,,,,,,,,,,,,,,,,,,,,,,,,,,,,,,,,,,,,,,,,,,,,,,,,,,,,,,,,,,,,,,,,,,,,,,,,,,,,,,,,,,,,,,,,,,,,,,,,,,,,,,,,,,,,,,,,,,,,,,,,,,,,,,,,,1,EA,,,,,,,,,,,,,,,,,,,,,,,,,,,,,,,,,,,,,US,No,Yes
,,,,,,73019599,,,,73019599,73019599,Finyline Wh 6' Str Rail Kit Sq,-,-,-,-,-,-,-,73019599,,,"-, Commercial Product, 73019599 - Commercial Grade Commercial Product",COMMERCIAL PRODUCT,"-, 73019599, Commercial Product",The - 73019599 is a commercial-grade commercial product designed for professional and industrial applications.,- 73019599 Commercial Product,The - 73019599 is a commercial-grade commercial product designed for professional and industrial applications.,,,,,,,,,,,,,,,,,,,,,,,,,,- 73019599 Commercial Product,,,,,,,,,,,,,,,,,,,,,,,,,,,,,,,,,,,,,,,,,,,,,,,,,,,,,,,,,,,,,,,,,,,,,,,,,,,,,,,,,,,,,,,,,,,,,,,,,,,,,,,,,,,,,,,,,,,,,,,,,,,,,,,,,,,,,,,,,,,,,,,,,,,,,,,,,,,,,1,EA,,,,,,,,,,,,,,,,,,,,,,,,,,,,,,,,,,,,,US,No,Yes
,,,,,,73019648,,,,73019648,73019648,Finyline Wh 8' Str Rail Kit Sq,-,-,-,-,-,-,-,73019648,,,"-, Commercial Product, 73019648 - Commercial Grade Commercial Product",COMMERCIAL PRODUCT,"-, 73019648, Commercial Product",The - 73019648 is a commercial-grade commercial product designed for professional and industrial applications.,- 73019648 Commercial Product,The - 73019648 is a commercial-grade commercial product designed for professional and industrial applications.,,,,,,,,,,,,,,,,,,,,,,,,,,- 73019648 Commercial Product,,,,,,,,,,,,,,,,,,,,,,,,,,,,,,,,,,,,,,,,,,,,,,,,,,,,,,,,,,,,,,,,,,,,,,,,,,,,,,,,,,,,,,,,,,,,,,,,,,,,,,,,,,,,,,,,,,,,,,,,,,,,,,,,,,,,,,,,,,,,,,,,,,,,,,,,,,,,,1,EA,,,,,,,,,,,,,,,,,,,,,,,,,,,,,,,,,,,,,US,No,Yes
,,,,,,73019598,,,,73019598,73019598,Finyline Wh 6' Str Rail Kit Rd - w/Black Alum Balusters,-,-,-,-,-,-,-,73019598,,,"-, Commercial Product, 73019598 - Commercial Grade Commercial Product",COMMERCIAL PRODUCT ALUM,"-, 73019598, Commercial Product",The - 73019598 is a commercial-grade commercial product designed for professional and industrial applications. Engineered with durable aluminum construction.,- 73019598 Commercial Product in Aluminum,The - 73019598 is a commercial-grade commercial product designed for professional and industrial applications. Engineered with durable aluminum construction.,Constructed with high-grade Aluminum,,,,,,,,,,,,,,,,,,,,,,,,,- 73019598 Commercial Product in Aluminum,Material,Aluminum,,,,,,,,,,,,,,,,,,,,,,,,,,,,,,,,,,,,,,,,,,,,,,,,,,,,,,,,,,,,,,,,,,,,,,,,,,,,,,,,,,,,,,,,,,,,,,,,,,,,,,,,,,,,,,,,,,,,,,,,,,,,,,,,,,,,,,,,,,,,,,,,,,,,,,,,,,,1,EA,,,,,,,,,,,,,,,,,,,,,,,,,,,,,,,,,,,,,US,No,Yes
,,,,,,73019647,,,,73019647,73019647,Finyline Wh 8' Str Rail Kit Rd - w/Black Alum Balusters,-,-,-,-,-,-,-,73019647,,,"-, Commercial Product, 73019647 - Commercial Grade Commercial Product",COMMERCIAL PRODUCT ALUM,"-, 73019647, Commercial Product",The - 73019647 is a commercial-grade commercial product designed for professional and industrial applications. Engineered with durable aluminum construction.,- 73019647 Commercial Product in Aluminum,The - 73019647 is a commercial-grade commercial product designed for professional and industrial applications. Engineered with durable aluminum construction.,Constructed with high-grade Aluminum,,,,,,,,,,,,,,,,,,,,,,,,,- 73019647 Commercial Product in Aluminum,Material,Aluminum,,,,,,,,,,,,,,,,,,,,,,,,,,,,,,,,,,,,,,,,,,,,,,,,,,,,,,,,,,,,,,,,,,,,,,,,,,,,,,,,,,,,,,,,,,,,,,,,,,,,,,,,,,,,,,,,,,,,,,,,,,,,,,,,,,,,,,,,,,,,,,,,,,,,,,,,,,,1,EA,,,,,,,,,,,,,,,,,,,,,,,,,,,,,,,,,,,,,US,No,Yes
,,,,,,543300257,,,,543300257,543300257,6' Black Select Classic Stair - Rail w/Rnd Black Alum Baluster,BOISE CASCADE®,BOISE CASCADE®,BOISE CASCADE®,BOISE CASCADE,BOISE CASCADE,BOISE CASCADE®,BOISE CASCADE®,543300257,,,"BOISE CASCADE®, Commercial Product, 543300257 - Commercial Grade Commercial Prod",COMMERCIAL PRODUCT ALUM,"BOISE CASCADE®, 543300257, Commercial Product",The BOISE CASCADE® 543300257 is a commercial-grade commercial product designed for professional and industrial applications. Engineered with durable aluminum construction.,BOISE CASCADE® 543300257 Commercial Product in Aluminum,The BOISE CASCADE® 543300257 is a commercial-grade commercial product designed for professional and industrial applications. Engineered with durable aluminum construction.,Constructed with high-grade Aluminum,,,,,,,,,,,,,,,,,,,,,,,,,BOISE CASCADE® 543300257 Commercial Product in Aluminum,Material,Aluminum,,,,,,,,,,,,,,,,,,,,,,,,,,,,,,,,,,,,,,,,,,,,,,,,,,,,,,,,,,,,,,,,,,,,,,,,,,,,,,,,,,,,,,,,,,,,,,,,,,,,,,,,,,,,,,,,,,,,,,,,,,,,,,,,,,,,,,,,,,,,,,,,,,,,,,,,,,,1,EA,,,,,,,,,,,,,,,,,,,,,,,,,,,,,,,,,,,,,US,No,Yes
,,,,,,543300277,,,,543300277,543300277,8' Black Select Classic Stair - Rail w/Rnd Black Alum Baluster,BOISE CASCADE®,BOISE CASCADE®,BOISE CASCADE®,BOISE CASCADE,BOISE CASCADE,BOISE CASCADE®,BOISE CASCADE®,543300277,,,"BOISE CASCADE®, Commercial Product, 543300277 - Commercial Grade Commercial Prod",COMMERCIAL PRODUCT ALUM,"BOISE CASCADE®, 543300277, Commercial Product",The BOISE CASCADE® 543300277 is a commercial-grade commercial product designed for professional and industrial applications. Engineered with durable aluminum construction.,BOISE CASCADE® 543300277 Commercial Product in Aluminum,The BOISE CASCADE® 543300277 is a commercial-grade commercial product designed for professional and industrial applications. Engineered with durable aluminum construction.,Constructed with high-grade Aluminum,,,,,,,,,,,,,,,,,,,,,,,,,BOISE CASCADE® 543300277 Commercial Product in Aluminum,Material,Aluminum,,,,,,,,,,,,,,,,,,,,,,,,,,,,,,,,,,,,,,,,,,,,,,,,,,,,,,,,,,,,,,,,,,,,,,,,,,,,,,,,,,,,,,,,,,,,,,,,,,,,,,,,,,,,,,,,,,,,,,,,,,,,,,,,,,,,,,,,,,,,,,,,,,,,,,,,,,,1,EA,,,,,,,,,,,,,,,,,,,,,,,,,,,,,,,,,,,,,US,No,Yes
,,,,,,SPB-44BPL,,,,SPB-44BPL,SPB-44BPL,"Patriot 4""x4""x37""/43"" Adjustable Self Leveling Support Post",-,-,-,-,-,-,-,SPB-44BPL,,,"-, Commercial Product, SPB-44BPL, 4 inx4 inx37 - Commercial Grade Commercial Pro",COMMERCIAL PRODUCT 4 INX4 INX37,"-, SPB-44BPL, Commercial Product, 4 inx4 inx37",The - SPB-44BPL is a commercial-grade commercial product designed for professional and industrial applications. Engineered with measuring 4 inx4 inx37. Key Specifications include ArborSize: 4 in.,- SPB-44BPL Commercial Product (4 inx4 inx37),The - SPB-44BPL is a commercial-grade commercial product designed for professional and industrial applications. Engineered with measuring 4 inx4 inx37. Key Specifications include ArborSize: 4 in.,Precision dimensions: 4 inx4 inx37,,,,,,,,,,,,,,,,,,,,,,,,,- SPB-44BPL Commercial Product (4 inx4 inx37),Dimensions,4 inx4 inx37,in,Arbor Size,4,in,,,,,,,,,,,,,,,,,,,,,,,,,,,,,,,,,,,,,,,,,,,,,,,,,,,,,,,,,,,,,,,,,,,,,,,,,,,,,,,,,,,,,,,,,,,,,,,,,,,,,,,,,,,,,,,,,,,,,,,,,,,,,,,,,,,,,,,,,,,,,,,,,,,,,,,1,EA,,,,,,,,,,,,,,,,,,,,,,,,,,,,,,,,,,,,,US,No,Yes
,,,,,,925219,,,,925219,925219,"2""x50' Deck Joist Tape - Protecto Wrap",Palmer Donavin Mfg Company,Palmer Donavin Mfg Company,Palmer Donavin Mfg Company,Palmer Donavin Mfg Company,Palmer Donavin Mfg Company,Palmer Donavin Mfg Company,Palmer Donavin Mfg Company,925219,,,"Palmer Donavin Mfg Company, Commercial Product, 925219, 2 inx50",COMMERCIAL PRODUCT 2 INX50,"Palmer Donavin Mfg Company, 925219, Commercial Product, 2 inx50",The Palmer Donavin Mfg Company 925219 is a commercial-grade commercial product designed for professional and industrial applications. Engineered with measuring 2 inx50.,Palmer Donavin Mfg Company 925219 Commercial Product (2 inx50),The Palmer Donavin Mfg Company 925219 is a commercial-grade commercial product designed for professional and industrial applications. Engineered with measuring 2 inx50.,Precision dimensions: 2 inx50,,,,,,,,,,,,,,,,,,,,,,,,,Palmer Donavin Mfg Company 925219 Commercial Product (2 inx50),Dimensions,2 inx50,in,,,,,,,,,,,,,,,,,,,,,,,,,,,,,,,,,,,,,,,,,,,,,,,,,,,,,,,,,,,,,,,,,,,,,,,,,,,,,,,,,,,,,,,,,,,,,,,,,,,,,,,,,,,,,,,,,,,,,,,,,,,,,,,,,,,,,,,,,,,,,,,,,,,,,,,,,,1,EA,,,,,,,,,,,,,,,,,,,,,,,,,,,,,,,,,,,,,US,No,Yes
,,,,,,27233,,,,27233,27233,24x48 WH Attic Access Door,A J Manufacturing Inc,A J Manufacturing Inc,A J Manufacturing Inc,A J Manufacturing Inc,A J Manufacturing Inc,A J Manufacturing Inc,A J Manufacturing Inc,27233,,,"A J Manufacturing Inc, Commercial Product, 27233, 24x48 - Commercial Grade Comme",COMMERCIAL PRODUCT 24X48,"A J Manufacturing Inc, 27233, Commercial Product, 24x48",The A J Manufacturing Inc 27233 is a commercial-grade commercial product designed for professional and industrial applications. Engineered with measuring 24x48. Key Specifications include ArborSize: 48.,A J Manufacturing Inc 27233 Commercial Product (24x48),The A J Manufacturing Inc 27233 is a commercial-grade commercial product designed for professional and industrial applications. Engineered with measuring 24x48. Key Specifications include ArborSize: 48.,Precision dimensions: 24x48,,,,,,,,,,,,,,,,,,,,,,,,,A J Manufacturing Inc 27233 Commercial Product (24x48),Dimensions,24x48,in,Arbor Size,48,in,,,,,,,,,,,,,,,,,,,,,,,,,,,,,,,,,,,,,,,,,,,,,,,,,,,,,,,,,,,,,,,,,,,,,,,,,,,,,,,,,,,,,,,,,,,,,,,,,,,,,,,,,,,,,,,,,,,,,,,,,,,,,,,,,,,,,,,,,,,,,,,,,,,,,,,1,EA,,,,,,,,,,,,,,,,,,,,,,,,,,,,,,,,,,,,,US,No,Yes
,,,,,,1517602,,,,1517602,1517602,6068R Gliding Patio Dr 4500 United Blk Ext/WH Int LowE Arg w/J,United Window & Door Manufacturing,United Window & Door Manufacturing,United Window & Door Manufacturing,United Window & Door Manufacturing,United Window & Door Manufacturing,United Window & Door Manufacturing,United Window & Door Manufacturing,1517602,,,"United Window & Door Manufacturing, Commercial Product, 1517602",COMMERCIAL PRODUCT,"United Window & Door Manufacturing, 1517602, Commercial Product",The United Window & Door Manufacturing 1517602 is a commercial-grade commercial product designed for professional and industrial applications.,United Window & Door Manufacturing 1517602 Commercial Product,The United Window & Door Manufacturing 1517602 is a commercial-grade commercial product designed for professional and industrial applications.,,,,,,,,,,,,,,,,,,,,,,,,,,United Window & Door Manufacturing 1517602 Commercial Product,,,,,,,,,,,,,,,,,,,,,,,,,,,,,,,,,,,,,,,,,,,,,,,,,,,,,,,,,,,,,,,,,,,,,,,,,,,,,,,,,,,,,,,,,,,,,,,,,,,,,,,,,,,,,,,,,,,,,,,,,,,,,,,,,,,,,,,,,,,,,,,,,,,,,,,,,,,,,1,EA,,,,,,,,,,,,,,,,,,,,,,,,,,,,,,,,,,,,,US,No,Yes
,,,,,,1517603,,,,1517603,1517603,6068L Gliding Patio Dr 4500 United Blk Ext/WH Int LowE Arg w/J,United Window & Door Manufacturing,United Window & Door Manufacturing,United Window & Door Manufacturing,United Window & Door Manufacturing,United Window & Door Manufacturing,United Window & Door Manufacturing,United Window & Door Manufacturing,1517603,,,"United Window & Door Manufacturing, Commercial Product, 1517603",COMMERCIAL PRODUCT,"United Window & Door Manufacturing, 1517603, Commercial Product",The United Window & Door Manufacturing 1517603 is a commercial-grade commercial product designed for professional and industrial applications.,United Window & Door Manufacturing 1517603 Commercial Product,The United Window & Door Manufacturing 1517603 is a commercial-grade commercial product designed for professional and industrial applications.,,,,,,,,,,,,,,,,,,,,,,,,,,United Window & Door Manufacturing 1517603 Commercial Product,,,,,,,,,,,,,,,,,,,,,,,,,,,,,,,,,,,,,,,,,,,,,,,,,,,,,,,,,,,,,,,,,,,,,,,,,,,,,,,,,,,,,,,,,,,,,,,,,,,,,,,,,,,,,,,,,,,,,,,,,,,,,,,,,,,,,,,,,,,,,,,,,,,,,,,,,,,,,1,EA,,,,,,,,,,,,,,,,,,,,,,,,,,,,,,,,,,,,,US,No,Yes
,,,,,,1517604,,,,1517604,1517604,6068L Gliding Patio Dr 4500 United White LowE Arg w/J,United Window & Door Manufacturing,United Window & Door Manufacturing,United Window & Door Manufacturing,United Window & Door Manufacturing,United Window & Door Manufacturing,United Window & Door Manufacturing,United Window & Door Manufacturing,1517604,,,"United Window & Door Manufacturing, Commercial Product, 1517604",COMMERCIAL PRODUCT,"United Window & Door Manufacturing, 1517604, Commercial Product",The United Window & Door Manufacturing 1517604 is a commercial-grade commercial product designed for professional and industrial applications.,United Window & Door Manufacturing 1517604 Commercial Product,The United Window & Door Manufacturing 1517604 is a commercial-grade commercial product designed for professional and industrial applications.,,,,,,,,,,,,,,,,,,,,,,,,,,United Window & Door Manufacturing 1517604 Commercial Product,,,,,,,,,,,,,,,,,,,,,,,,,,,,,,,,,,,,,,,,,,,,,,,,,,,,,,,,,,,,,,,,,,,,,,,,,,,,,,,,,,,,,,,,,,,,,,,,,,,,,,,,,,,,,,,,,,,,,,,,,,,,,,,,,,,,,,,,,,,,,,,,,,,,,,,,,,,,,1,EA,,,,,,,,,,,,,,,,,,,,,,,,,,,,,,,,,,,,,US,No,Yes
,,,,,,1517605,,,,1517605,1517605,6068R Gliding Patio Dr 4500 United White LowE Arg w/J,United Window & Door Manufacturing,United Window & Door Manufacturing,United Window & Door Manufacturing,United Window & Door Manufacturing,United Window & Door Manufacturing,United Window & Door Manufacturing,United Window & Door Manufacturing,1517605,,,"United Window & Door Manufacturing, Commercial Product, 1517605",COMMERCIAL PRODUCT,"United Window & Door Manufacturing, 1517605, Commercial Product",The United Window & Door Manufacturing 1517605 is a commercial-grade commercial product designed for professional and industrial applications.,United Window & Door Manufacturing 1517605 Commercial Product,The United Window & Door Manufacturing 1517605 is a commercial-grade commercial product designed for professional and industrial applications.,,,,,,,,,,,,,,,,,,,,,,,,,,United Window & Door Manufacturing 1517605 Commercial Product,,,,,,,,,,,,,,,,,,,,,,,,,,,,,,,,,,,,,,,,,,,,,,,,,,,,,,,,,,,,,,,,,,,,,,,,,,,,,,,,,,,,,,,,,,,,,,,,,,,,,,,,,,,,,,,,,,,,,,,,,,,,,,,,,,,,,,,,,,,,,,,,,,,,,,,,,,,,,1,EA,,,,,,,,,,,,,,,,,,,,,,,,,,,,,,,,,,,,,US,No,Yes
,,,,,,FS C01 2004S,,,,FS C01 2004S,FS C01 2004S,"FS C01 Velux Fxd Skylt Gry/Wh - w/Solar Shade RO 21""x26-7/8""",Velux America Inc,Velux America Inc,Velux America Inc,Velux America Inc,Velux America Inc,Velux America Inc,Velux America Inc,FS C01 2004S,,,"Velux America Inc, Commercial Product, FS C01 2004S, 21 inx26-7",COMMERCIAL PRODUCT 21 INX26-7,"Velux America Inc, FS C01 2004S, Commercial Product, 21 inx26-7",The Velux America Inc FS C01 2004S is a commercial-grade commercial product designed for professional and industrial applications. Engineered with measuring 21 inx26-7.,Velux America Inc FS C01 2004S Commercial Product (21 inx26-7),The Velux America Inc FS C01 2004S is a commercial-grade commercial product designed for professional and industrial applications. Engineered with measuring 21 inx26-7.,Precision dimensions: 21 inx26-7,,,,,,,,,,,,,,,,,,,,,,,,,Velux America Inc FS C01 2004S Commercial Product (21 inx26-7),Dimensions,21 inx26-7,in,,,,,,,,,,,,,,,,,,,,,,,,,,,,,,,,,,,,,,,,,,,,,,,,,,,,,,,,,,,,,,,,,,,,,,,,,,,,,,,,,,,,,,,,,,,,,,,,,,,,,,,,,,,,,,,,,,,,,,,,,,,,,,,,,,,,,,,,,,,,,,,,,,,,,,,,,,1,EA,,,,,,,,,,,,,,,,,,,,,,,,,,,,,,,,,,,,,US,No,Yes
,,,,,,FS C04 2004S,,,,FS C04 2004S,FS C04 2004S,"FS C04 Velux Fxd Skylt Gry/Wh - w/Solar Shade RO 21""x37-7/8""",Velux America Inc,Velux America Inc,Velux America Inc,Velux America Inc,Velux America Inc,Velux America Inc,Velux America Inc,FS C04 2004S,,,"Velux America Inc, Commercial Product, FS C04 2004S, 21 inx37-7",COMMERCIAL PRODUCT 21 INX37-7,"Velux America Inc, FS C04 2004S, Commercial Product, 21 inx37-7",The Velux America Inc FS C04 2004S is a commercial-grade commercial product designed for professional and industrial applications. Engineered with measuring 21 inx37-7.,Velux America Inc FS C04 2004S Commercial Product (21 inx37-7),The Velux America Inc FS C04 2004S is a commercial-grade commercial product designed for professional and industrial applications. Engineered with measuring 21 inx37-7.,Precision dimensions: 21 inx37-7,,,,,,,,,,,,,,,,,,,,,,,,,Velux America Inc FS C04 2004S Commercial Product (21 inx37-7),Dimensions,21 inx37-7,in,,,,,,,,,,,,,,,,,,,,,,,,,,,,,,,,,,,,,,,,,,,,,,,,,,,,,,,,,,,,,,,,,,,,,,,,,,,,,,,,,,,,,,,,,,,,,,,,,,,,,,,,,,,,,,,,,,,,,,,,,,,,,,,,,,,,,,,,,,,,,,,,,,,,,,,,,,1,EA,,,,,,,,,,,,,,,,,,,,,,,,,,,,,,,,,,,,,US,No,Yes
,,,,,,FS C06 2004S,,,,FS C06 2004S,FS C06 2004S,"FS C06 Velux Fxd Skylt Gry/Wh - w/Solar Shade RO 21""x45-7/8""",Velux America Inc,Velux America Inc,Velux America Inc,Velux America Inc,Velux America Inc,Velux America Inc,Velux America Inc,FS C06 2004S,,,"Velux America Inc, Commercial Product, FS C06 2004S, 21 inx45-7",COMMERCIAL PRODUCT 21 INX45-7,"Velux America Inc, FS C06 2004S, Commercial Product, 21 inx45-7",The Velux America Inc FS C06 2004S is a commercial-grade commercial product designed for professional and industrial applications. Engineered with measuring 21 inx45-7.,Velux America Inc FS C06 2004S Commercial Product (21 inx45-7),The Velux America Inc FS C06 2004S is a commercial-grade commercial product designed for professional and industrial applications. Engineered with measuring 21 inx45-7.,Precision dimensions: 21 inx45-7,,,,,,,,,,,,,,,,,,,,,,,,,Velux America Inc FS C06 2004S Commercial Product (21 inx45-7),Dimensions,21 inx45-7,in,,,,,,,,,,,,,,,,,,,,,,,,,,,,,,,,,,,,,,,,,,,,,,,,,,,,,,,,,,,,,,,,,,,,,,,,,,,,,,,,,,,,,,,,,,,,,,,,,,,,,,,,,,,,,,,,,,,,,,,,,,,,,,,,,,,,,,,,,,,,,,,,,,,,,,,,,,1,EA,,,,,,,,,,,,,,,,,,,,,,,,,,,,,,,,,,,,,US,No,Yes
,,,,,,1501831,,,,1501831,1501831,31.5x14.75 Bsmt ecoLitePlus WH - Hopper DLA w/Screen,ProVia,ProVia,ProVia,ProVia,ProVia,ProVia,ProVia,1501831,,,"ProVia, Commercial Product, 1501831, 31-1/2x14-3/4 - Commercial Grade Commercial",COMMERCIAL PRODUCT 31-1/2X14-3/4,"ProVia, 1501831, Commercial Product, 31-1/2x14-3/4",The ProVia 1501831 is a commercial-grade commercial product designed for professional and industrial applications. Engineered with measuring 31-1/2x14-3/4. Key Specifications include ArborSize: 14.75.,ProVia 1501831 Commercial Product (31-1/2x14-3/4),The ProVia 1501831 is a commercial-grade commercial product designed for professional and industrial applications. Engineered with measuring 31-1/2x14-3/4. Key Specifications include ArborSize: 14.75.,Precision dimensions: 31-1/2x14-3/4,,,,,,,,,,,,,,,,,,,,,,,,,ProVia 1501831 Commercial Product (31-1/2x14-3/4),Dimensions,31-1/2x14-3/4,in,Arbor Size,14.75,in,,,,,,,,,,,,,,,,,,,,,,,,,,,,,,,,,,,,,,,,,,,,,,,,,,,,,,,,,,,,,,,,,,,,,,,,,,,,,,,,,,,,,,,,,,,,,,,,,,,,,,,,,,,,,,,,,,,,,,,,,,,,,,,,,,,,,,,,,,,,,,,,,,,,,,,1,EA,,,,,,,,,,,,,,,,,,,,,,,,,,,,,,,,,,,,,US,No,Yes
,,,,,,1501832,,,,1501832,1501832,31.5x22.75 Bsmt ecoLitePlus WH - Hopper DLA w/Screen,ProVia,ProVia,ProVia,ProVia,ProVia,ProVia,ProVia,1501832,,,"ProVia, Commercial Product, 1501832, 31-1/2x22-3/4 - Commercial Grade Commercial",COMMERCIAL PRODUCT 31-1/2X22-3/4,"ProVia, 1501832, Commercial Product, 31-1/2x22-3/4",The ProVia 1501832 is a commercial-grade commercial product designed for professional and industrial applications. Engineered with measuring 31-1/2x22-3/4. Key Specifications include ArborSize: 22.75.,ProVia 1501832 Commercial Product (31-1/2x22-3/4),The ProVia 1501832 is a commercial-grade commercial product designed for professional and industrial applications. Engineered with measuring 31-1/2x22-3/4. Key Specifications include ArborSize: 22.75.,Precision dimensions: 31-1/2x22-3/4,,,,,,,,,,,,,,,,,,,,,,,,,ProVia 1501832 Commercial Product (31-1/2x22-3/4),Dimensions,31-1/2x22-3/4,in,Arbor Size,22.75,in,,,,,,,,,,,,,,,,,,,,,,,,,,,,,,,,,,,,,,,,,,,,,,,,,,,,,,,,,,,,,,,,,,,,,,,,,,,,,,,,,,,,,,,,,,,,,,,,,,,,,,,,,,,,,,,,,,,,,,,,,,,,,,,,,,,,,,,,,,,,,,,,,,,,,,,1,EA,,,,,,,,,,,,,,,,,,,,,,,,,,,,,,,,,,,,,US,No,Yes
,,,,,,1515974,,,,1515974,1515974,3030 Slider 3900 United Black WH Int LowE-2 w/Half Scrn w/J,-,-,-,-,-,-,-,1515974,,,"-, Commercial Product, 1515974 - Commercial Grade Commercial Product",COMMERCIAL PRODUCT,"-, 1515974, Commercial Product",The - 1515974 is a commercial-grade commercial product designed for professional and industrial applications.,- 1515974 Commercial Product,The - 1515974 is a commercial-grade commercial product designed for professional and industrial applications.,,,,,,,,,,,,,,,,,,,,,,,,,,- 1515974 Commercial Product,,,,,,,,,,,,,,,,,,,,,,,,,,,,,,,,,,,,,,,,,,,,,,,,,,,,,,,,,,,,,,,,,,,,,,,,,,,,,,,,,,,,,,,,,,,,,,,,,,,,,,,,,,,,,,,,,,,,,,,,,,,,,,,,,,,,,,,,,,,,,,,,,,,,,,,,,,,,,1,EA,,,,,,,,,,,,,,,,,,,,,,,,,,,,,,,,,,,,,US,No,Yes
,,,,,,640383,,,,640383,640383,"1/2"" 54""x10 Drywall Easi-Lite",Certainteed Gypsum,Certainteed Gypsum,Certainteed Gypsum,Certainteed Gypsum,Certainteed Gypsum,Certainteed Gypsum,Certainteed Gypsum,640383,,,"Certainteed Gypsum, Commercial Product, 640383, 54 inx10 - Commercial Grade Comm",COMMERCIAL PRODUCT 54 INX10,"Certainteed Gypsum, 640383, Commercial Product, 54 inx10",The Certainteed Gypsum 640383 is a commercial-grade commercial product designed for professional and industrial applications. Engineered with measuring 54 inx10. Key Specifications include ArborSize: 10.,Certainteed Gypsum 640383 Commercial Product (54 inx10),The Certainteed Gypsum 640383 is a commercial-grade commercial product designed for professional and industrial applications. Engineered with measuring 54 inx10. Key Specifications include ArborSize: 10.,Precision dimensions: 54 inx10,,,,,,,,,,,,,,,,,,,,,,,,,Certainteed Gypsum 640383 Commercial Product (54 inx10),Dimensions,54 inx10,in,Arbor Size,10,in,,,,,,,,,,,,,,,,,,,,,,,,,,,,,,,,,,,,,,,,,,,,,,,,,,,,,,,,,,,,,,,,,,,,,,,,,,,,,,,,,,,,,,,,,,,,,,,,,,,,,,,,,,,,,,,,,,,,,,,,,,,,,,,,,,,,,,,,,,,,,,,,,,,,,,,1,EA,,,,,,,,,,,,,,,,,,,,,,,,,,,,,,,,,,,,,US,No,Yes
,,,,,,653258,,,,653258,653258,"5/8"" 4x9 Drywall Firelite",Certainteed Gypsum,Certainteed Gypsum,Certainteed Gypsum,Certainteed Gypsum,Certainteed Gypsum,Certainteed Gypsum,Certainteed Gypsum,653258,,,"Certainteed Gypsum, Commercial Product, 653258, 4x9 - Commercial Grade Commercia",COMMERCIAL PRODUCT 4X9,"Certainteed Gypsum, 653258, Commercial Product, 4x9",The Certainteed Gypsum 653258 is a commercial-grade commercial product designed for professional and industrial applications. Engineered with measuring 4x9. Key Specifications include ArborSize: 9.,Certainteed Gypsum 653258 Commercial Product (4x9),The Certainteed Gypsum 653258 is a commercial-grade commercial product designed for professional and industrial applications. Engineered with measuring 4x9. Key Specifications include ArborSize: 9.,Precision dimensions: 4x9,,,,,,,,,,,,,,,,,,,,,,,,,Certainteed Gypsum 653258 Commercial Product (4x9),Dimensions,4x9,in,Arbor Size,9,in,,,,,,,,,,,,,,,,,,,,,,,,,,,,,,,,,,,,,,,,,,,,,,,,,,,,,,,,,,,,,,,,,,,,,,,,,,,,,,,,,,,,,,,,,,,,,,,,,,,,,,,,,,,,,,,,,,,,,,,,,,,,,,,,,,,,,,,,,,,,,,,,,,,,,,,1,EA,,,,,,,,,,,,,,,,,,,,,,,,,,,,,,,,,,,,,US,No,Yes
,,,,,,413S-DBA-36,,,,413S-DBA-36,413S-DBA-36,"413S 36"" Alum Threshold DBZ",Hager Hinge Co,Hager Hinge Co,Hager Hinge Co,Hager Hinge Co,Hager Hinge Co,Hager Hinge Co,Hager Hinge Co,413S-DBA-36,,,"Hager Hinge Co, Commercial Product, 413S-DBA-36 - Commercial Grade Commercial Pr",COMMERCIAL PRODUCT ALUM,"Hager Hinge Co, 413S-DBA-36, Commercial Product",The Hager Hinge Co 413S-DBA-36 is a commercial-grade commercial product designed for professional and industrial applications. Engineered with durable aluminum construction.,Hager Hinge Co 413S-DBA-36 Commercial Product in Aluminum,The Hager Hinge Co 413S-DBA-36 is a commercial-grade commercial product designed for professional and industrial applications. Engineered with durable aluminum construction.,Constructed with high-grade Aluminum,,,,,,,,,,,,,,,,,,,,,,,,,Hager Hinge Co 413S-DBA-36 Commercial Product in Aluminum,Material,Aluminum,,,,,,,,,,,,,,,,,,,,,,,,,,,,,,,,,,,,,,,,,,,,,,,,,,,,,,,,,,,,,,,,,,,,,,,,,,,,,,,,,,,,,,,,,,,,,,,,,,,,,,,,,,,,,,,,,,,,,,,,,,,,,,,,,,,,,,,,,,,,,,,,,,,,,,,,,,,1,EA,,,,,,,,,,,,,,,,,,,,,,,,,,,,,,,,,,,,,US,No,Yes
,,,,,,413S-DBA-72,,,,413S-DBA-72,413S-DBA-72,"413S 72"" Alum Threshold DBZ",Hager Hinge Co,Hager Hinge Co,Hager Hinge Co,Hager Hinge Co,Hager Hinge Co,Hager Hinge Co,Hager Hinge Co,413S-DBA-72,,,"Hager Hinge Co, Commercial Product, 413S-DBA-72 - Commercial Grade Commercial Pr",COMMERCIAL PRODUCT ALUM,"Hager Hinge Co, 413S-DBA-72, Commercial Product",The Hager Hinge Co 413S-DBA-72 is a commercial-grade commercial product designed for professional and industrial applications. Engineered with durable aluminum construction.,Hager Hinge Co 413S-DBA-72 Commercial Product in Aluminum,The Hager Hinge Co 413S-DBA-72 is a commercial-grade commercial product designed for professional and industrial applications. Engineered with durable aluminum construction.,Constructed with high-grade Aluminum,,,,,,,,,,,,,,,,,,,,,,,,,Hager Hinge Co 413S-DBA-72 Commercial Product in Aluminum,Material,Aluminum,,,,,,,,,,,,,,,,,,,,,,,,,,,,,,,,,,,,,,,,,,,,,,,,,,,,,,,,,,,,,,,,,,,,,,,,,,,,,,,,,,,,,,,,,,,,,,,,,,,,,,,,,,,,,,,,,,,,,,,,,,,,,,,,,,,,,,,,,,,,,,,,,,,,,,,,,,,1,EA,,,,,,,,,,,,,,,,,,,,,,,,,,,,,,,,,,,,,US,No,Yes
,,,,,,1511506,,,,1511506,1511506,4'x65' Zip Rainscreen,Huber Eng Wood LLC,Huber Eng Wood LLC,Huber Eng Wood LLC,Huber Eng Wood LLC,Huber Eng Wood LLC,Huber Eng Wood LLC,Huber Eng Wood LLC,1511506,,,"Huber Eng Wood LLC, Commercial Product, 1511506, 4 ftx65 - Commercial Grade Comm",COMMERCIAL PRODUCT 4 FTX65,"Huber Eng Wood LLC, 1511506, Commercial Product, 4 ftx65",The Huber Eng Wood LLC 1511506 is a commercial-grade commercial product designed for professional and industrial applications. Engineered with measuring 4 ftx65.,Huber Eng Wood LLC 1511506 Commercial Product (4 ftx65),The Huber Eng Wood LLC 1511506 is a commercial-grade commercial product designed for professional and industrial applications. Engineered with measuring 4 ftx65.,Precision dimensions: 4 ftx65,,,,,,,,,,,,,,,,,,,,,,,,,Huber Eng Wood LLC 1511506 Commercial Product (4 ftx65),Dimensions,4 ftx65,in,,,,,,,,,,,,,,,,,,,,,,,,,,,,,,,,,,,,,,,,,,,,,,,,,,,,,,,,,,,,,,,,,,,,,,,,,,,,,,,,,,,,,,,,,,,,,,,,,,,,,,,,,,,,,,,,,,,,,,,,,,,,,,,,,,,,,,,,,,,,,,,,,,,,,,,,,,1,EA,,,,,,,,,,,,,,,,,,,,,,,,,,,,,,,,,,,,,US,No,Yes
,,,,,,1513577,,,,1513577,1513577,1x8-12' Doug Fir STK Smooth 1S2E,Westwood Lumber Sales,Westwood Lumber Sales,Westwood Lumber Sales,Westwood Lumber Sales,Westwood Lumber Sales,Westwood Lumber Sales,Westwood Lumber Sales,1513577,,,"Westwood Lumber Sales, Commercial Product, 1513577, 1x8-12 - Commercial Grade Co",COMMERCIAL PRODUCT 1X8-12,"Westwood Lumber Sales, 1513577, Commercial Product, 1x8-12",The Westwood Lumber Sales 1513577 is a commercial-grade commercial product designed for professional and industrial applications. Engineered with measuring 1x8-12.,Westwood Lumber Sales 1513577 Commercial Product (1x8-12),The Westwood Lumber Sales 1513577 is a commercial-grade commercial product designed for professional and industrial applications. Engineered with measuring 1x8-12.,Precision dimensions: 1x8-12,,,,,,,,,,,,,,,,,,,,,,,,,Westwood Lumber Sales 1513577 Commercial Product (1x8-12),Dimensions,1x8-12,in,,,,,,,,,,,,,,,,,,,,,,,,,,,,,,,,,,,,,,,,,,,,,,,,,,,,,,,,,,,,,,,,,,,,,,,,,,,,,,,,,,,,,,,,,,,,,,,,,,,,,,,,,,,,,,,,,,,,,,,,,,,,,,,,,,,,,,,,,,,,,,,,,,,,,,,,,,1,EA,,,,,,,,,,,,,,,,,,,,,,,,,,,,,,,,,,,,,US,No,Yes
,,,,,,1513578,,,,1513578,1513578,1x8-16' Doug Fir STK Smooth 1S2E,Westwood Lumber Sales,Westwood Lumber Sales,Westwood Lumber Sales,Westwood Lumber Sales,Westwood Lumber Sales,Westwood Lumber Sales,Westwood Lumber Sales,1513578,,,"Westwood Lumber Sales, Commercial Product, 1513578, 1x8-16 - Commercial Grade Co",COMMERCIAL PRODUCT 1X8-16,"Westwood Lumber Sales, 1513578, Commercial Product, 1x8-16",The Westwood Lumber Sales 1513578 is a commercial-grade commercial product designed for professional and industrial applications. Engineered with measuring 1x8-16.,Westwood Lumber Sales 1513578 Commercial Product (1x8-16),The Westwood Lumber Sales 1513578 is a commercial-grade commercial product designed for professional and industrial applications. Engineered with measuring 1x8-16.,Precision dimensions: 1x8-16,,,,,,,,,,,,,,,,,,,,,,,,,Westwood Lumber Sales 1513578 Commercial Product (1x8-16),Dimensions,1x8-16,in,,,,,,,,,,,,,,,,,,,,,,,,,,,,,,,,,,,,,,,,,,,,,,,,,,,,,,,,,,,,,,,,,,,,,,,,,,,,,,,,,,,,,,,,,,,,,,,,,,,,,,,,,,,,,,,,,,,,,,,,,,,,,,,,,,,,,,,,,,,,,,,,,,,,,,,,,,1,EA,,,,,,,,,,,,,,,,,,,,,,,,,,,,,,,,,,,,,US,No,Yes
,,,,,,1513579,,,,1513579,1513579,1x12-12 'Doug Fir STK Smooth 1S2E,Westwood Lumber Sales,Westwood Lumber Sales,Westwood Lumber Sales,Westwood Lumber Sales,Westwood Lumber Sales,Westwood Lumber Sales,Westwood Lumber Sales,1513579,,,"Westwood Lumber Sales, Commercial Product, 1513579, 12 ft - Commercial Grade Com",COMMERCIAL PRODUCT 12 FT,"Westwood Lumber Sales, 1513579, Commercial Product, 12 ft",The Westwood Lumber Sales 1513579 is a commercial-grade commercial product designed for professional and industrial applications. Engineered with measuring 12 ft.,Westwood Lumber Sales 1513579 Commercial Product (12 ft),The Westwood Lumber Sales 1513579 is a commercial-grade commercial product designed for professional and industrial applications. Engineered with measuring 12 ft.,Precision dimensions: 12 ft,,,,,,,,,,,,,,,,,,,,,,,,,Westwood Lumber Sales 1513579 Commercial Product (12 ft),Dimensions,12 ft,in,,,,,,,,,,,,,,,,,,,,,,,,,,,,,,,,,,,,,,,,,,,,,,,,,,,,,,,,,,,,,,,,,,,,,,,,,,,,,,,,,,,,,,,,,,,,,,,,,,,,,,,,,,,,,,,,,,,,,,,,,,,,,,,,,,,,,,,,,,,,,,,,,,,,,,,,,,1,EA,,,,,,,,,,,,,,,,,,,,,,,,,,,,,,,,,,,,,US,No,Yes
,,,,,,1513580,,,,1513580,1513580,1x12-16' Doug Fir STK Smooth 1S2E,Westwood Lumber Sales,Westwood Lumber Sales,Westwood Lumber Sales,Westwood Lumber Sales,Westwood Lumber Sales,Westwood Lumber Sales,Westwood Lumber Sales,1513580,,,"Westwood Lumber Sales, Commercial Product, 1513580, 1x12-16 - Commercial Grade C",COMMERCIAL PRODUCT 1X12-16,"Westwood Lumber Sales, 1513580, Commercial Product, 1x12-16",The Westwood Lumber Sales 1513580 is a commercial-grade commercial product designed for professional and industrial applications. Engineered with measuring 1x12-16.,Westwood Lumber Sales 1513580 Commercial Product (1x12-16),The Westwood Lumber Sales 1513580 is a commercial-grade commercial product designed for professional and industrial applications. Engineered with measuring 1x12-16.,Precision dimensions: 1x12-16,,,,,,,,,,,,,,,,,,,,,,,,,Westwood Lumber Sales 1513580 Commercial Product (1x12-16),Dimensions,1x12-16,in,,,,,,,,,,,,,,,,,,,,,,,,,,,,,,,,,,,,,,,,,,,,,,,,,,,,,,,,,,,,,,,,,,,,,,,,,,,,,,,,,,,,,,,,,,,,,,,,,,,,,,,,,,,,,,,,,,,,,,,,,,,,,,,,,,,,,,,,,,,,,,,,,,,,,,,,,,1,EA,,,,,,,,,,,,,,,,,,,,,,,,,,,,,,,,,,,,,US,No,Yes
,,,,,,1501767,,,,1501767,1501767,"3/4"" 4x8T&G Huber Blue PlusOSB - Sub Floor",-,-,-,-,-,-,-,1501767,,,"-, Commercial Product, 1501767 - Commercial Grade Commercial Product",COMMERCIAL PRODUCT,"-, 1501767, Commercial Product",The - 1501767 is a commercial-grade commercial product designed for professional and industrial applications.,- 1501767 Commercial Product,The - 1501767 is a commercial-grade commercial product designed for professional and industrial applications.,,,,,,,,,,,,,,,,,,,,,,,,,,- 1501767 Commercial Product,,,,,,,,,,,,,,,,,,,,,,,,,,,,,,,,,,,,,,,,,,,,,,,,,,,,,,,,,,,,,,,,,,,,,,,,,,,,,,,,,,,,,,,,,,,,,,,,,,,,,,,,,,,,,,,,,,,,,,,,,,,,,,,,,,,,,,,,,,,,,,,,,,,,,,,,,,,,,1,EA,,,,,,,,,,,,,,,,,,,,,,,,,,,,,,,,,,,,,US,No,Yes
,,,,,,PP-8BL,,,,PP-8BL,PP-8BL,8' Premier Rib XL Black,Premier Metals,Premier Metals,Premier Metals,Premier Metals,Premier Metals,Premier Metals,Premier Metals,PP-8BL,,,"Premier Metals, Commercial Product, PP-8BL - Commercial Grade Commercial Product",COMMERCIAL PRODUCT,"Premier Metals, PP-8BL, Commercial Product",The Premier Metals PP-8BL is a commercial-grade commercial product designed for professional and industrial applications.,Premier Metals PP-8BL Commercial Product,The Premier Metals PP-8BL is a commercial-grade commercial product designed for professional and industrial applications.,,,,,,,,,,,,,,,,,,,,,,,,,,Premier Metals PP-8BL Commercial Product,,,,,,,,,,,,,,,,,,,,,,,,,,,,,,,,,,,,,,,,,,,,,,,,,,,,,,,,,,,,,,,,,,,,,,,,,,,,,,,,,,,,,,,,,,,,,,,,,,,,,,,,,,,,,,,,,,,,,,,,,,,,,,,,,,,,,,,,,,,,,,,,,,,,,,,,,,,,,1,EA,,,,,,,,,,,,,,,,,,,,,,,,,,,,,,,,,,,,,US,No,Yes
,,,,,,PP-10BL,,,,PP-10BL,PP-10BL,10' Premier Rib XL Black,Premier Metals,Premier Metals,Premier Metals,Premier Metals,Premier Metals,Premier Metals,Premier Metals,PP-10BL,,,"Premier Metals, Commercial Product, PP-10BL - Commercial Grade Commercial Produc",COMMERCIAL PRODUCT,"Premier Metals, PP-10BL, Commercial Product",The Premier Metals PP-10BL is a commercial-grade commercial product designed for professional and industrial applications.,Premier Metals PP-10BL Commercial Product,The Premier Metals PP-10BL is a commercial-grade commercial product designed for professional and industrial applications.,,,,,,,,,,,,,,,,,,,,,,,,,,Premier Metals PP-10BL Commercial Product,,,,,,,,,,,,,,,,,,,,,,,,,,,,,,,,,,,,,,,,,,,,,,,,,,,,,,,,,,,,,,,,,,,,,,,,,,,,,,,,,,,,,,,,,,,,,,,,,,,,,,,,,,,,,,,,,,,,,,,,,,,,,,,,,,,,,,,,,,,,,,,,,,,,,,,,,,,,,1,EA,,,,,,,,,,,,,,,,,,,,,,,,,,,,,,,,,,,,,US,No,Yes
,,,,,,PP-12BL,,,,PP-12BL,PP-12BL,12' Premier Rib XL Black,Premier Metals,Premier Metals,Premier Metals,Premier Metals,Premier Metals,Premier Metals,Premier Metals,PP-12BL,,,"Premier Metals, Commercial Product, PP-12BL - Commercial Grade Commercial Produc",COMMERCIAL PRODUCT,"Premier Metals, PP-12BL, Commercial Product",The Premier Metals PP-12BL is a commercial-grade commercial product designed for professional and industrial applications.,Premier Metals PP-12BL Commercial Product,The Premier Metals PP-12BL is a commercial-grade commercial product designed for professional and industrial applications.,,,,,,,,,,,,,,,,,,,,,,,,,,Premier Metals PP-12BL Commercial Product,,,,,,,,,,,,,,,,,,,,,,,,,,,,,,,,,,,,,,,,,,,,,,,,,,,,,,,,,,,,,,,,,,,,,,,,,,,,,,,,,,,,,,,,,,,,,,,,,,,,,,,,,,,,,,,,,,,,,,,,,,,,,,,,,,,,,,,,,,,,,,,,,,,,,,,,,,,,,1,EA,,,,,,,,,,,,,,,,,,,,,,,,,,,,,,,,,,,,,US,No,Yes
,,,,,,PP-8CH,,,,PP-8CH,PP-8CH,8' Premier Rib XL Charcoal,Premier Metals,Premier Metals,Premier Metals,Premier Metals,Premier Metals,Premier Metals,Premier Metals,PP-8CH,,,"Premier Metals, Commercial Product, PP-8CH - Commercial Grade Commercial Product",COMMERCIAL PRODUCT,"Premier Metals, PP-8CH, Commercial Product",The Premier Metals PP-8CH is a commercial-grade commercial product designed for professional and industrial applications.,Premier Metals PP-8CH Commercial Product,The Premier Metals PP-8CH is a commercial-grade commercial product designed for professional and industrial applications.,,,,,,,,,,,,,,,,,,,,,,,,,,Premier Metals PP-8CH Commercial Product,,,,,,,,,,,,,,,,,,,,,,,,,,,,,,,,,,,,,,,,,,,,,,,,,,,,,,,,,,,,,,,,,,,,,,,,,,,,,,,,,,,,,,,,,,,,,,,,,,,,,,,,,,,,,,,,,,,,,,,,,,,,,,,,,,,,,,,,,,,,,,,,,,,,,,,,,,,,,1,EA,,,,,,,,,,,,,,,,,,,,,,,,,,,,,,,,,,,,,US,No,Yes
,,,,,,PP-10CH,,,,PP-10CH,PP-10CH,10' Premier Rib XL Charcoal,Premier Metals,Premier Metals,Premier Metals,Premier Metals,Premier Metals,Premier Metals,Premier Metals,PP-10CH,,,"Premier Metals, Commercial Product, PP-10CH - Commercial Grade Commercial Produc",COMMERCIAL PRODUCT,"Premier Metals, PP-10CH, Commercial Product",The Premier Metals PP-10CH is a commercial-grade commercial product designed for professional and industrial applications.,Premier Metals PP-10CH Commercial Product,The Premier Metals PP-10CH is a commercial-grade commercial product designed for professional and industrial applications.,,,,,,,,,,,,,,,,,,,,,,,,,,Premier Metals PP-10CH Commercial Product,,,,,,,,,,,,,,,,,,,,,,,,,,,,,,,,,,,,,,,,,,,,,,,,,,,,,,,,,,,,,,,,,,,,,,,,,,,,,,,,,,,,,,,,,,,,,,,,,,,,,,,,,,,,,,,,,,,,,,,,,,,,,,,,,,,,,,,,,,,,,,,,,,,,,,,,,,,,,1,EA,,,,,,,,,,,,,,,,,,,,,,,,,,,,,,,,,,,,,US,No,Yes
,,,,,,PP-12CH,,,,PP-12CH,PP-12CH,12' Premier Rib XL Charcoal,Premier Metals,Premier Metals,Premier Metals,Premier Metals,Premier Metals,Premier Metals,Premier Metals,PP-12CH,,,"Premier Metals, Commercial Product, PP-12CH - Commercial Grade Commercial Produc",COMMERCIAL PRODUCT,"Premier Metals, PP-12CH, Commercial Product",The Premier Metals PP-12CH is a commercial-grade commercial product designed for professional and industrial applications.,Premier Metals PP-12CH Commercial Product,The Premier Metals PP-12CH is a commercial-grade commercial product designed for professional and industrial applications.,,,,,,,,,,,,,,,,,,,,,,,,,,Premier Metals PP-12CH Commercial Product,,,,,,,,,,,,,,,,,,,,,,,,,,,,,,,,,,,,,,,,,,,,,,,,,,,,,,,,,,,,,,,,,,,,,,,,,,,,,,,,,,,,,,,,,,,,,,,,,,,,,,,,,,,,,,,,,,,,,,,,,,,,,,,,,,,,,,,,,,,,,,,,,,,,,,,,,,,,,1,EA,,,,,,,,,,,,,,,,,,,,,,,,,,,,,,,,,,,,,US,No,Yes
,,,,,,PP-8WH,,,,PP-8WH,PP-8WH,8' Premier Rib XL White,Premier Metals,Premier Metals,Premier Metals,Premier Metals,Premier Metals,Premier Metals,Premier Metals,PP-8WH,,,"Premier Metals, Commercial Product, PP-8WH - Commercial Grade Commercial Product",COMMERCIAL PRODUCT,"Premier Metals, PP-8WH, Commercial Product",The Premier Metals PP-8WH is a commercial-grade commercial product designed for professional and industrial applications.,Premier Metals PP-8WH Commercial Product,The Premier Metals PP-8WH is a commercial-grade commercial product designed for professional and industrial applications.,,,,,,,,,,,,,,,,,,,,,,,,,,Premier Metals PP-8WH Commercial Product,,,,,,,,,,,,,,,,,,,,,,,,,,,,,,,,,,,,,,,,,,,,,,,,,,,,,,,,,,,,,,,,,,,,,,,,,,,,,,,,,,,,,,,,,,,,,,,,,,,,,,,,,,,,,,,,,,,,,,,,,,,,,,,,,,,,,,,,,,,,,,,,,,,,,,,,,,,,,1,EA,,,,,,,,,,,,,,,,,,,,,,,,,,,,,,,,,,,,,US,No,Yes
,,,,,,PP-10WH,,,,PP-10WH,PP-10WH,10' Premier Rib XL White,Premier Metals,Premier Metals,Premier Metals,Premier Metals,Premier Metals,Premier Metals,Premier Metals,PP-10WH,,,"Premier Metals, Commercial Product, PP-10WH - Commercial Grade Commercial Produc",COMMERCIAL PRODUCT,"Premier Metals, PP-10WH, Commercial Product",The Premier Metals PP-10WH is a commercial-grade commercial product designed for professional and industrial applications.,Premier Metals PP-10WH Commercial Product,The Premier Metals PP-10WH is a commercial-grade commercial product designed for professional and industrial applications.,,,,,,,,,,,,,,,,,,,,,,,,,,Premier Metals PP-10WH Commercial Product,,,,,,,,,,,,,,,,,,,,,,,,,,,,,,,,,,,,,,,,,,,,,,,,,,,,,,,,,,,,,,,,,,,,,,,,,,,,,,,,,,,,,,,,,,,,,,,,,,,,,,,,,,,,,,,,,,,,,,,,,,,,,,,,,,,,,,,,,,,,,,,,,,,,,,,,,,,,,1,EA,,,,,,,,,,,,,,,,,,,,,,,,,,,,,,,,,,,,,US,No,Yes
,,,,,,1504345,,,,1504345,1504345,OC Duration TruDef Wburg Gray,Palmer Donavin Mfg Company,Palmer Donavin Mfg Company,Palmer Donavin Mfg Company,Palmer Donavin Mfg Company,Palmer Donavin Mfg Company,Palmer Donavin Mfg Company,Palmer Donavin Mfg Company,1504345,,,"Palmer Donavin Mfg Company, Commercial Product, 1504345 - Commercial Grade Comme",COMMERCIAL PRODUCT,"Palmer Donavin Mfg Company, 1504345, Commercial Product",The Palmer Donavin Mfg Company 1504345 is a commercial-grade commercial product designed for professional and industrial applications.,Palmer Donavin Mfg Company 1504345 Commercial Product,The Palmer Donavin Mfg Company 1504345 is a commercial-grade commercial product designed for professional and industrial applications.,,,,,,,,,,,,,,,,,,,,,,,,,,Palmer Donavin Mfg Company 1504345 Commercial Product,,,,,,,,,,,,,,,,,,,,,,,,,,,,,,,,,,,,,,,,,,,,,,,,,,,,,,,,,,,,,,,,,,,,,,,,,,,,,,,,,,,,,,,,,,,,,,,,,,,,,,,,,,,,,,,,,,,,,,,,,,,,,,,,,,,,,,,,,,,,,,,,,,,,,,,,,,,,,1,EA,,,,,,,,,,,,,,,,,,,,,,,,,,,,,,,,,,,,,US,No,Yes
,,,,,,2733,,,,2733,2733,3'x65' Henry Eaveguard - Ice Guard,Palmer Donavin Mfg Company,Palmer Donavin Mfg Company,Palmer Donavin Mfg Company,Palmer Donavin Mfg Company,Palmer Donavin Mfg Company,Palmer Donavin Mfg Company,Palmer Donavin Mfg Company,2733,,,"Palmer Donavin Mfg Company, Commercial Product, 2733, 3 ftx65",COMMERCIAL PRODUCT 3 FTX65,"Palmer Donavin Mfg Company, 2733, Commercial Product, 3 ftx65",The Palmer Donavin Mfg Company 2733 is a commercial-grade commercial product designed for professional and industrial applications. Engineered with measuring 3 ftx65.,Palmer Donavin Mfg Company 2733 Commercial Product (3 ftx65),The Palmer Donavin Mfg Company 2733 is a commercial-grade commercial product designed for professional and industrial applications. Engineered with measuring 3 ftx65.,Precision dimensions: 3 ftx65,,,,,,,,,,,,,,,,,,,,,,,,,Palmer Donavin Mfg Company 2733 Commercial Product (3 ftx65),Dimensions,3 ftx65,in,,,,,,,,,,,,,,,,,,,,,,,,,,,,,,,,,,,,,,,,,,,,,,,,,,,,,,,,,,,,,,,,,,,,,,,,,,,,,,,,,,,,,,,,,,,,,,,,,,,,,,,,,,,,,,,,,,,,,,,,,,,,,,,,,,,,,,,,,,,,,,,,,,,,,,,,,,1,EA,,,,,,,,,,,,,,,,,,,,,,,,,,,,,,,,,,,,,US,No,Yes
,,,,,,7547,,,,7547,7547,Ice Guard OC Weathr Lk Mat 2sq,-,-,-,-,-,-,-,7547,,,"-, Commercial Product, 7547 - Commercial Grade Commercial Product",COMMERCIAL PRODUCT,"-, 7547, Commercial Product",The - 7547 is a commercial-grade commercial product designed for professional and industrial applications.,- 7547 Commercial Product,The - 7547 is a commercial-grade commercial product designed for professional and industrial applications.,,,,,,,,,,,,,,,,,,,,,,,,,,- 7547 Commercial Product,,,,,,,,,,,,,,,,,,,,,,,,,,,,,,,,,,,,,,,,,,,,,,,,,,,,,,,,,,,,,,,,,,,,,,,,,,,,,,,,,,,,,,,,,,,,,,,,,,,,,,,,,,,,,,,,,,,,,,,,,,,,,,,,,,,,,,,,,,,,,,,,,,,,,,,,,,,,,1,EA,,,,,,,,,,,,,,,,,,,,,,,,,,,,,,,,,,,,,US,No,Yes
,,,,,,8912220,,,,8912220,8912220,"7-1/4""x12' Hardie Sdg Smooth - Primed HardiePlank",BOISE CASCADE®,BOISE CASCADE®,BOISE CASCADE®,BOISE CASCADE,BOISE CASCADE,BOISE CASCADE®,BOISE CASCADE®,8912220,,,"BOISE CASCADE®, Commercial Product, 8912220, 1/4 inx12 - Commercial Grade Commer",COMMERCIAL PRODUCT 1/4 INX12,"BOISE CASCADE®, 8912220, Commercial Product, 1/4 inx12",The BOISE CASCADE® 8912220 is a commercial-grade commercial product designed for professional and industrial applications. Engineered with measuring 1/4 inx12.,BOISE CASCADE® 8912220 Commercial Product (1/4 inx12),The BOISE CASCADE® 8912220 is a commercial-grade commercial product designed for professional and industrial applications. Engineered with measuring 1/4 inx12.,Precision dimensions: 1/4 inx12,,,,,,,,,,,,,,,,,,,,,,,,,BOISE CASCADE® 8912220 Commercial Product (1/4 inx12),Dimensions,1/4 inx12,in,,,,,,,,,,,,,,,,,,,,,,,,,,,,,,,,,,,,,,,,,,,,,,,,,,,,,,,,,,,,,,,,,,,,,,,,,,,,,,,,,,,,,,,,,,,,,,,,,,,,,,,,,,,,,,,,,,,,,,,,,,,,,,,,,,,,,,,,,,,,,,,,,,,,,,,,,,1,EA,,,,,,,,,,,,,,,,,,,,,,,,,,,,,,,,,,,,,US,No,Yes
,,,,,,8904015,,,,8904015,8904015,4'x10' HardiePanel Smooth - Primed,BOISE CASCADE®,BOISE CASCADE®,BOISE CASCADE®,BOISE CASCADE,BOISE CASCADE,BOISE CASCADE®,BOISE CASCADE®,8904015,,,"BOISE CASCADE®, Commercial Product, 8904015, 4 ftx10 - Commercial Grade Commerci",COMMERCIAL PRODUCT 4 FTX10,"BOISE CASCADE®, 8904015, Commercial Product, 4 ftx10",The BOISE CASCADE® 8904015 is a commercial-grade commercial product designed for professional and industrial applications. Engineered with measuring 4 ftx10.,BOISE CASCADE® 8904015 Commercial Product (4 ftx10),The BOISE CASCADE® 8904015 is a commercial-grade commercial product designed for professional and industrial applications. Engineered with measuring 4 ftx10.,Precision dimensions: 4 ftx10,,,,,,,,,,,,,,,,,,,,,,,,,BOISE CASCADE® 8904015 Commercial Product (4 ftx10),Dimensions,4 ftx10,in,,,,,,,,,,,,,,,,,,,,,,,,,,,,,,,,,,,,,,,,,,,,,,,,,,,,,,,,,,,,,,,,,,,,,,,,,,,,,,,,,,,,,,,,,,,,,,,,,,,,,,,,,,,,,,,,,,,,,,,,,,,,,,,,,,,,,,,,,,,,,,,,,,,,,,,,,,1,EA,,,,,,,,,,,,,,,,,,,,,,,,,,,,,,,,,,,,,US,No,Yes
,,,,,,25796,,,,25796,25796,"6""x16' Smart Lap Sdg Cedar",U S Lumber,U S Lumber,U S Lumber,U S Lumber,U S Lumber,U S Lumber,U S Lumber,25796,,,"U S Lumber, Commercial Product, 25796, 6 inx16 - Commercial Grade Commercial Pro",COMMERCIAL PRODUCT 6 INX16,"U S Lumber, 25796, Commercial Product, 6 inx16",The U S Lumber 25796 is a commercial-grade commercial product designed for professional and industrial applications. Engineered with measuring 6 inx16.,U S Lumber 25796 Commercial Product (6 inx16),The U S Lumber 25796 is a commercial-grade commercial product designed for professional and industrial applications. Engineered with measuring 6 inx16.,Precision dimensions: 6 inx16,,,,,,,,,,,,,,,,,,,,,,,,,U S Lumber 25796 Commercial Product (6 inx16),Dimensions,6 inx16,in,,,,,,,,,,,,,,,,,,,,,,,,,,,,,,,,,,,,,,,,,,,,,,,,,,,,,,,,,,,,,,,,,,,,,,,,,,,,,,,,,,,,,,,,,,,,,,,,,,,,,,,,,,,,,,,,,,,,,,,,,,,,,,,,,,,,,,,,,,,,,,,,,,,,,,,,,,1,EA,,,,,,,,,,,,,,,,,,,,,,,,,,,,,,,,,,,,,US,No,Yes
,,,,,,40503,,,,40503,40503,"3/8"" 16""x16' Smart Pan Cedar - No-Groove Sq Edge B&B",U S Lumber,U S Lumber,U S Lumber,U S Lumber,U S Lumber,U S Lumber,U S Lumber,40503,,,"U S Lumber, Commercial Product, 40503, 16 inx16 - Commercial Grade Commercial Pr",COMMERCIAL PRODUCT 16 INX16,"U S Lumber, 40503, Commercial Product, 16 inx16",The U S Lumber 40503 is a commercial-grade commercial product designed for professional and industrial applications. Engineered with measuring 16 inx16.,U S Lumber 40503 Commercial Product (16 inx16),The U S Lumber 40503 is a commercial-grade commercial product designed for professional and industrial applications. Engineered with measuring 16 inx16.,Precision dimensions: 16 inx16,,,,,,,,,,,,,,,,,,,,,,,,,U S Lumber 40503 Commercial Product (16 inx16),Dimensions,16 inx16,in,,,,,,,,,,,,,,,,,,,,,,,,,,,,,,,,,,,,,,,,,,,,,,,,,,,,,,,,,,,,,,,,,,,,,,,,,,,,,,,,,,,,,,,,,,,,,,,,,,,,,,,,,,,,,,,,,,,,,,,,,,,,,,,,,,,,,,,,,,,,,,,,,,,,,,,,,,1,EA,,,,,,,,,,,,,,,,,,,,,,,,,,,,,,,,,,,,,US,No,Yes
,,,,,,25825,,,,25825,25825,"3/8"" 4x10 Smart Pan Cedar - No-Groove w/Shiplap Edges",U S Lumber,U S Lumber,U S Lumber,U S Lumber,U S Lumber,U S Lumber,U S Lumber,25825,,,"U S Lumber, Commercial Product, 25825, 4x10 - Commercial Grade Commercial Produc",COMMERCIAL PRODUCT 4X10,"U S Lumber, 25825, Commercial Product, 4x10",The U S Lumber 25825 is a commercial-grade commercial product designed for professional and industrial applications. Engineered with measuring 4x10. Key Specifications include ArborSize: 10.,U S Lumber 25825 Commercial Product (4x10),The U S Lumber 25825 is a commercial-grade commercial product designed for professional and industrial applications. Engineered with measuring 4x10. Key Specifications include ArborSize: 10.,Precision dimensions: 4x10,,,,,,,,,,,,,,,,,,,,,,,,,U S Lumber 25825 Commercial Product (4x10),Dimensions,4x10,in,Arbor Size,10,in,,,,,,,,,,,,,,,,,,,,,,,,,,,,,,,,,,,,,,,,,,,,,,,,,,,,,,,,,,,,,,,,,,,,,,,,,,,,,,,,,,,,,,,,,,,,,,,,,,,,,,,,,,,,,,,,,,,,,,,,,,,,,,,,,,,,,,,,,,,,,,,,,,,,,,,1,EA,,,,,,,,,,,,,,,,,,,,,,,,,,,,,,,,,,,,,US,No,Yes
,,,,,,25822,,,,25822,25822,"3/8"" 12""x16' Smart Vented Soff - Cedar Soffit",U S Lumber,U S Lumber,U S Lumber,U S Lumber,U S Lumber,U S Lumber,U S Lumber,25822,,,"U S Lumber, Commercial Product, 25822, 12 inx16 - Commercial Grade Commercial Pr",COMMERCIAL PRODUCT 12 INX16,"U S Lumber, 25822, Commercial Product, 12 inx16",The U S Lumber 25822 is a commercial-grade commercial product designed for professional and industrial applications. Engineered with measuring 12 inx16.,U S Lumber 25822 Commercial Product (12 inx16),The U S Lumber 25822 is a commercial-grade commercial product designed for professional and industrial applications. Engineered with measuring 12 inx16.,Precision dimensions: 12 inx16,,,,,,,,,,,,,,,,,,,,,,,,,U S Lumber 25822 Commercial Product (12 inx16),Dimensions,12 inx16,in,,,,,,,,,,,,,,,,,,,,,,,,,,,,,,,,,,,,,,,,,,,,,,,,,,,,,,,,,,,,,,,,,,,,,,,,,,,,,,,,,,,,,,,,,,,,,,,,,,,,,,,,,,,,,,,,,,,,,,,,,,,,,,,,,,,,,,,,,,,,,,,,,,,,,,,,,,1,EA,,,,,,,,,,,,,,,,,,,,,,,,,,,,,,,,,,,,,US,No,Yes
,,,,,,543650101,,,,543650101,543650101,Black Alum ADA Wall Mount Trex,BOISE CASCADE®,BOISE CASCADE®,BOISE CASCADE®,BOISE CASCADE,BOISE CASCADE,BOISE CASCADE®,BOISE CASCADE®,543650101,,,"BOISE CASCADE®, Commercial Product, 543650101 - Commercial Grade Commercial Prod",COMMERCIAL PRODUCT WALL MOUNT ALUM,"BOISE CASCADE®, 543650101, Commercial Product",The BOISE CASCADE® 543650101 is a commercial-grade commercial product designed for professional and industrial applications. Engineered with durable aluminum construction.,BOISE CASCADE® 543650101 Commercial Product in Aluminum,The BOISE CASCADE® 543650101 is a commercial-grade commercial product designed for professional and industrial applications. Engineered with durable aluminum construction.,Constructed with high-grade Aluminum,,,,,,,,,,,,,,,,,,,,,,,,,BOISE CASCADE® 543650101 Commercial Product in Aluminum,Mounting,Wall Mount,,Material,Aluminum,,,,,,,,,,,,,,,,,,,,,,,,,,,,,,,,,,,,,,,,,,,,,,,,,,,,,,,,,,,,,,,,,,,,,,,,,,,,,,,,,,,,,,,,,,,,,,,,,,,,,,,,,,,,,,,,,,,,,,,,,,,,,,,,,,,,,,,,,,,,,,,,,,,,,,,,1,EA,,,,,,,,,,,,,,,,,,,,,,,,,,,,,,,,,,,,,US,No,Yes
,,,,,,543650010,,,,543650010,543650010,Black Alum ADA Int End Cap - Trex,BOISE CASCADE®,BOISE CASCADE®,BOISE CASCADE®,BOISE CASCADE,BOISE CASCADE,BOISE CASCADE®,BOISE CASCADE®,543650010,,,"BOISE CASCADE®, Commercial Product, 543650010 - Commercial Grade Commercial Prod",COMMERCIAL PRODUCT ALUM,"BOISE CASCADE®, 543650010, Commercial Product",The BOISE CASCADE® 543650010 is a commercial-grade commercial product designed for professional and industrial applications. Engineered with durable aluminum construction.,BOISE CASCADE® 543650010 Commercial Product in Aluminum,The BOISE CASCADE® 543650010 is a commercial-grade commercial product designed for professional and industrial applications. Engineered with durable aluminum construction.,Constructed with high-grade Aluminum,,,,,,,,,,,,,,,,,,,,,,,,,BOISE CASCADE® 543650010 Commercial Product in Aluminum,Material,Aluminum,,,,,,,,,,,,,,,,,,,,,,,,,,,,,,,,,,,,,,,,,,,,,,,,,,,,,,,,,,,,,,,,,,,,,,,,,,,,,,,,,,,,,,,,,,,,,,,,,,,,,,,,,,,,,,,,,,,,,,,,,,,,,,,,,,,,,,,,,,,,,,,,,,,,,,,,,,,1,EA,,,,,,,,,,,,,,,,,,,,,,,,,,,,,,,,,,,,,US,No,Yes
,,,,,,543650048,,,,543650048,543650048,8' Black Alum ADA Rail Trex,BOISE CASCADE®,BOISE CASCADE®,BOISE CASCADE®,BOISE CASCADE,BOISE CASCADE,BOISE CASCADE®,BOISE CASCADE®,543650048,,,"BOISE CASCADE®, Commercial Product, 543650048 - Commercial Grade Commercial Prod",COMMERCIAL PRODUCT ALUM,"BOISE CASCADE®, 543650048, Commercial Product",The BOISE CASCADE® 543650048 is a commercial-grade commercial product designed for professional and industrial applications. Engineered with durable aluminum construction.,BOISE CASCADE® 543650048 Commercial Product in Aluminum,The BOISE CASCADE® 543650048 is a commercial-grade commercial product designed for professional and industrial applications. Engineered with durable aluminum construction.,Constructed with high-grade Aluminum,,,,,,,,,,,,,,,,,,,,,,,,,BOISE CASCADE® 543650048 Commercial Product in Aluminum,Material,Aluminum,,,,,,,,,,,,,,,,,,,,,,,,,,,,,,,,,,,,,,,,,,,,,,,,,,,,,,,,,,,,,,,,,,,,,,,,,,,,,,,,,,,,,,,,,,,,,,,,,,,,,,,,,,,,,,,,,,,,,,,,,,,,,,,,,,,,,,,,,,,,,,,,,,,,,,,,,,,1,EA,,,,,,,,,,,,,,,,,,,,,,,,,,,,,,,,,,,,,US,No,Yes
,,,,,,1506969,,,,1506969,1506969,"1-1/2"" 4x8 Huber Zip R6.6 - Insulated R-Sheathing",-,-,-,-,-,-,-,1506969,,,"-, Commercial Product, 1506969, 4x8 - Commercial Grade Commercial Product",COMMERCIAL PRODUCT 4X8,"-, 1506969, Commercial Product, 4x8",The - 1506969 is a commercial-grade commercial product designed for professional and industrial applications. Engineered with measuring 4x8. Key Specifications include ArborSize: 8.,- 1506969 Commercial Product (4x8),The - 1506969 is a commercial-grade commercial product designed for professional and industrial applications. Engineered with measuring 4x8. Key Specifications include ArborSize: 8.,Precision dimensions: 4x8,,,,,,,,,,,,,,,,,,,,,,,,,- 1506969 Commercial Product (4x8),Dimensions,4x8,in,Arbor Size,8,in,,,,,,,,,,,,,,,,,,,,,,,,,,,,,,,,,,,,,,,,,,,,,,,,,,,,,,,,,,,,,,,,,,,,,,,,,,,,,,,,,,,,,,,,,,,,,,,,,,,,,,,,,,,,,,,,,,,,,,,,,,,,,,,,,,,,,,,,,,,,,,,,,,,,,,,1,EA,,,,,,,,,,,,,,,,,,,,,,,,,,,,,,,,,,,,,US,No,Yes
,,,,,,1514681,,,,1514681,1514681,"1"" 4x8 Huber Zip R3.6 - Insulated R-Sheathing",-,-,-,-,-,-,-,1514681,,,"-, Commercial Product, 1514681, 4x8 - Commercial Grade Commercial Product",COMMERCIAL PRODUCT 4X8,"-, 1514681, Commercial Product, 4x8",The - 1514681 is a commercial-grade commercial product designed for professional and industrial applications. Engineered with measuring 4x8. Key Specifications include ArborSize: 8.,- 1514681 Commercial Product (4x8),The - 1514681 is a commercial-grade commercial product designed for professional and industrial applications. Engineered with measuring 4x8. Key Specifications include ArborSize: 8.,Precision dimensions: 4x8,,,,,,,,,,,,,,,,,,,,,,,,,- 1514681 Commercial Product (4x8),Dimensions,4x8,in,Arbor Size,8,in,,,,,,,,,,,,,,,,,,,,,,,,,,,,,,,,,,,,,,,,,,,,,,,,,,,,,,,,,,,,,,,,,,,,,,,,,,,,,,,,,,,,,,,,,,,,,,,,,,,,,,,,,,,,,,,,,,,,,,,,,,,,,,,,,,,,,,,,,,,,,,,,,,,,,,,1,EA,,,,,,,,,,,,,,,,,,,,,,,,,,,,,,,,,,,,,US,No,Yes
,,,,,,1514726,,,,1514726,1514726,"2"" 4x8 Huber Zip R9.6 - Insulated R-Sheathing",-,-,-,-,-,-,-,1514726,,,"-, Commercial Product, 1514726, 4x8 - Commercial Grade Commercial Product",COMMERCIAL PRODUCT 4X8,"-, 1514726, Commercial Product, 4x8",The - 1514726 is a commercial-grade commercial product designed for professional and industrial applications. Engineered with measuring 4x8. Key Specifications include ArborSize: 8.,- 1514726 Commercial Product (4x8),The - 1514726 is a commercial-grade commercial product designed for professional and industrial applications. Engineered with measuring 4x8. Key Specifications include ArborSize: 8.,Precision dimensions: 4x8,,,,,,,,,,,,,,,,,,,,,,,,,- 1514726 Commercial Product (4x8),Dimensions,4x8,in,Arbor Size,8,in,,,,,,,,,,,,,,,,,,,,,,,,,,,,,,,,,,,,,,,,,,,,,,,,,,,,,,,,,,,,,,,,,,,,,,,,,,,,,,,,,,,,,,,,,,,,,,,,,,,,,,,,,,,,,,,,,,,,,,,,,,,,,,,,,,,,,,,,,,,,,,,,,,,,,,,1,EA,,,,,,,,,,,,,,,,,,,,,,,,,,,,,,,,,,,,,US,No,Yes
,,,,,,1728ABL,,,,1728ABL,1728ABL,2x2 Black Fine Fissured 1728BL,Palmer Donavin Mfg Company,Palmer Donavin Mfg Company,Palmer Donavin Mfg Company,Palmer Donavin Mfg Company,Palmer Donavin Mfg Company,Palmer Donavin Mfg Company,Palmer Donavin Mfg Company,1728ABL,,,"Palmer Donavin Mfg Company, Commercial Product, 1728ABL, 2x2",COMMERCIAL PRODUCT 2X2,"Palmer Donavin Mfg Company, 1728ABL, Commercial Product, 2x2",The Palmer Donavin Mfg Company 1728ABL is a commercial-grade commercial product designed for professional and industrial applications. Engineered with measuring 2x2. Key Specifications include ArborSize: 2.,Palmer Donavin Mfg Company 1728ABL Commercial Product (2x2),The Palmer Donavin Mfg Company 1728ABL is a commercial-grade commercial product designed for professional and industrial applications. Engineered with measuring 2x2. Key Specifications include ArborSize: 2.,Precision dimensions: 2x2,,,,,,,,,,,,,,,,,,,,,,,,,Palmer Donavin Mfg Company 1728ABL Commercial Product (2x2),Dimensions,2x2,in,Arbor Size,2,in,,,,,,,,,,,,,,,,,,,,,,,,,,,,,,,,,,,,,,,,,,,,,,,,,,,,,,,,,,,,,,,,,,,,,,,,,,,,,,,,,,,,,,,,,,,,,,,,,,,,,,,,,,,,,,,,,,,,,,,,,,,,,,,,,,,,,,,,,,,,,,,,,,,,,,,1,EA,,,,,,,,,,,,,,,,,,,,,,,,,,,,,,,,,,,,,US,No,Yes
,,,,,,402-R,,,,402-R,402-R,402R 12V12AH 8D Battery,MillerTech Energy Solutions,MillerTech Energy Solutions,MillerTech Energy Solutions,MillerTech Energy Solutions,MillerTech Energy Solutions,MillerTech Energy Solutions,MillerTech Energy Solutions,402-R,,,"MillerTech Energy Solutions, Commercial Product, 402-R - Commercial Grade Commer",COMMERCIAL PRODUCT,"MillerTech Energy Solutions, 402-R, Commercial Product",The MillerTech Energy Solutions 402-R is a commercial-grade commercial product designed for professional and industrial applications.,MillerTech Energy Solutions 402-R Commercial Product,The MillerTech Energy Solutions 402-R is a commercial-grade commercial product designed for professional and industrial applications.,,,,,,,,,,,,,,,,,,,,,,,,,,MillerTech Energy Solutions 402-R Commercial Product,,,,,,,,,,,,,,,,,,,,,,,,,,,,,,,,,,,,,,,,,,,,,,,,,,,,,,,,,,,,,,,,,,,,,,,,,,,,,,,,,,,,,,,,,,,,,,,,,,,,,,,,,,,,,,,,,,,,,,,,,,,,,,,,,,,,,,,,,,,,,,,,,,,,,,,,,,,,,1,EA,,,,,,,,,,,,,,,,,,,,,,,,,,,,,,,,,,,,,US,No,Yes
,,,,,,SL1672,,,,SL1672,SL1672,SL1672 Jumpstart & Pwr Supply,-,-,-,-,-,-,-,SL1672,,,"-, Commercial Product, SL1672 - Commercial Grade Commercial Product",COMMERCIAL PRODUCT,"-, SL1672, Commercial Product",The - SL1672 is a commercial-grade commercial product designed for professional and industrial applications.,- SL1672 Commercial Product,The - SL1672 is a commercial-grade commercial product designed for professional and industrial applications.,,,,,,,,,,,,,,,,,,,,,,,,,,- SL1672 Commercial Product,,,,,,,,,,,,,,,,,,,,,,,,,,,,,,,,,,,,,,,,,,,,,,,,,,,,,,,,,,,,,,,,,,,,,,,,,,,,,,,,,,,,,,,,,,,,,,,,,,,,,,,,,,,,,,,,,,,,,,,,,,,,,,,,,,,,,,,,,,,,,,,,,,,,,,,,,,,,,1,EA,,,,,,,,,,,,,,,,,,,,,,,,,,,,,,,,,,,,,US,No,Yes
,,,,,,BM-DW20-YLW-6,,,,BM-DW20-YLW-6,BM-DW20-YLW-6,BM-DW20-YLW-6 Dewalt - Battery Mounts 6pk,Metalmark Industrial Inc,Metalmark Industrial Inc,Metalmark Industrial Inc,Metalmark Industrial Inc,Metalmark Industrial Inc,Metalmark Industrial Inc,Metalmark Industrial Inc,BM-DW20-YLW-6,,,"Metalmark Industrial Inc, Commercial Product, BM-DW20-YLW-6 - Commercial Grade C",COMMERCIAL PRODUCT,"Metalmark Industrial Inc, BM-DW20-YLW-6, Commercial Product",The Metalmark Industrial Inc BM-DW20-YLW-6 is a commercial-grade commercial product designed for professional and industrial applications. Key Specifications include PackQuantity: 6 PK.,Metalmark Industrial Inc BM-DW20-YLW-6 Commercial Product,The Metalmark Industrial Inc BM-DW20-YLW-6 is a commercial-grade commercial product designed for professional and industrial applications. Key Specifications include PackQuantity: 6 PK.,,,,,,,,,,,,,,,,,,,,,,,,,,Metalmark Industrial Inc BM-DW20-YLW-6 Commercial Product,PackQuantity,6 PK,,,,,,,,,,,,,,,,,,,,,,,,,,,,,,,,,,,,,,,,,,,,,,,,,,,,,,,,,,,,,,,,,,,,,,,,,,,,,,,,,,,,,,,,,,,,,,,,,,,,,,,,,,,,,,,,,,,,,,,,,,,,,,,,,,,,,,,,,,,,,,,,,,,,,,,,,,,1,EA,,,,,,,,,,,,,,,,,,,,,,,,,,,,,,,,,,,,,US,No,Yes
,,,,,,BHA1-UPC,,,,BHA1-UPC,BHA1-UPC,16-24 Adjust Hanger,SOUTHWIRE®,SOUTHWIRE®,SOUTHWIRE®,SOUTHWIRE,SOUTHWIRE,SOUTHWIRE®,SOUTHWIRE®,BHA1-UPC,,,"SOUTHWIRE®, Commercial Product, BHA1-UPC - Commercial Grade Commercial Product",COMMERCIAL PRODUCT,"SOUTHWIRE®, BHA1-UPC, Commercial Product",The SOUTHWIRE® BHA1-UPC is a commercial-grade commercial product designed for professional and industrial applications.,SOUTHWIRE® BHA1-UPC Commercial Product,The SOUTHWIRE® BHA1-UPC is a commercial-grade commercial product designed for professional and industrial applications.,,,,,,,,,,,,,,,,,,,,,,,,,,SOUTHWIRE® BHA1-UPC Commercial Product,,,,,,,,,,,,,,,,,,,,,,,,,,,,,,,,,,,,,,,,,,,,,,,,,,,,,,,,,,,,,,,,,,,,,,,,,,,,,,,,,,,,,,,,,,,,,,,,,,,,,,,,,,,,,,,,,,,,,,,,,,,,,,,,,,,,,,,,,,,,,,,,,,,,,,,,,,,,,1,EA,,,,,,,,,,,,,,,,,,,,,,,,,,,,,,,,,,,,,US,No,Yes
,,,,,,G1941-UPC,,,,G1941-UPC,G1941-UPC,"G1941UPC 4"" Sq Cover Sw/Outlet",SOUTHWIRE®,SOUTHWIRE®,SOUTHWIRE®,SOUTHWIRE,SOUTHWIRE,SOUTHWIRE®,SOUTHWIRE®,G1941-UPC,,,"SOUTHWIRE®, Commercial Product, G1941-UPC - Commercial Grade Commercial Product",COMMERCIAL PRODUCT,"SOUTHWIRE®, G1941-UPC, Commercial Product",The SOUTHWIRE® G1941-UPC is a commercial-grade commercial product designed for professional and industrial applications.,SOUTHWIRE® G1941-UPC Commercial Product,The SOUTHWIRE® G1941-UPC is a commercial-grade commercial product designed for professional and industrial applications.,,,,,,,,,,,,,,,,,,,,,,,,,,SOUTHWIRE® G1941-UPC Commercial Product,,,,,,,,,,,,,,,,,,,,,,,,,,,,,,,,,,,,,,,,,,,,,,,,,,,,,,,,,,,,,,,,,,,,,,,,,,,,,,,,,,,,,,,,,,,,,,,,,,,,,,,,,,,,,,,,,,,,,,,,,,,,,,,,,,,,,,,,,,,,,,,,,,,,,,,,,,,,,1,EA,,,,,,,,,,,,,,,,,,,,,,,,,,,,,,,,,,,,,US,No,Yes
,,,,,,G1950-UPC,,,,G1950-UPC,G1950-UPC,4x4 2G GFI Box Cover,SOUTHWIRE®,SOUTHWIRE®,SOUTHWIRE®,SOUTHWIRE,SOUTHWIRE,SOUTHWIRE®,SOUTHWIRE®,G1950-UPC,,,"SOUTHWIRE®, Commercial Product, G1950-UPC, 4x4 - Commercial Grade Commercial Pro",COMMERCIAL PRODUCT 4X4,"SOUTHWIRE®, G1950-UPC, Commercial Product, 4x4",The SOUTHWIRE® G1950-UPC is a commercial-grade commercial product designed for professional and industrial applications. Engineered with measuring 4x4. Key Specifications include ArborSize: 4.,SOUTHWIRE® G1950-UPC Commercial Product (4x4),The SOUTHWIRE® G1950-UPC is a commercial-grade commercial product designed for professional and industrial applications. Engineered with measuring 4x4. Key Specifications include ArborSize: 4.,Precision dimensions: 4x4,,,,,,,,,,,,,,,,,,,,,,,,,SOUTHWIRE® G1950-UPC Commercial Product (4x4),Dimensions,4x4,in,Arbor Size,4,in,,,,,,,,,,,,,,,,,,,,,,,,,,,,,,,,,,,,,,,,,,,,,,,,,,,,,,,,,,,,,,,,,,,,,,,,,,,,,,,,,,,,,,,,,,,,,,,,,,,,,,,,,,,,,,,,,,,,,,,,,,,,,,,,,,,,,,,,,,,,,,,,,,,,,,,1,EA,,,,,,,,,,,,,,,,,,,,,,,,,,,,,,,,,,,,,US,No,Yes
,,,,,,A410RCAR,,,,A410RCAR,A410RCAR,4x4 1G PVC Box Cover,Thomas & Betts,Thomas & Betts,Thomas & Betts,Thomas & Betts,Thomas & Betts,Thomas & Betts,Thomas & Betts,A410RCAR,,,"Thomas & Betts, Commercial Product, A410RCAR, 4x4 - Commercial Grade Commercial",COMMERCIAL PRODUCT 4X4,"Thomas & Betts, A410RCAR, Commercial Product, 4x4",The Thomas & Betts A410RCAR is a commercial-grade commercial product designed for professional and industrial applications. Engineered with measuring 4x4. Key Specifications include ArborSize: 4.,Thomas & Betts A410RCAR Commercial Product (4x4),The Thomas & Betts A410RCAR is a commercial-grade commercial product designed for professional and industrial applications. Engineered with measuring 4x4. Key Specifications include ArborSize: 4.,Precision dimensions: 4x4,,,,,,,,,,,,,,,,,,,,,,,,,Thomas & Betts A410RCAR Commercial Product (4x4),Dimensions,4x4,in,Arbor Size,4,in,,,,,,,,,,,,,,,,,,,,,,,,,,,,,,,,,,,,,,,,,,,,,,,,,,,,,,,,,,,,,,,,,,,,,,,,,,,,,,,,,,,,,,,,,,,,,,,,,,,,,,,,,,,,,,,,,,,,,,,,,,,,,,,,,,,,,,,,,,,,,,,,,,,,,,,1,EA,,,,,,,,,,,,,,,,,,,,,,,,,,,,,,,,,,,,,US,No,Yes
,,,,,,G1951-UPC,,,,G1951-UPC,G1951-UPC,4x4 2G GFCI Duplex Box Cover,SOUTHWIRE®,SOUTHWIRE®,SOUTHWIRE®,SOUTHWIRE,SOUTHWIRE,SOUTHWIRE®,SOUTHWIRE®,G1951-UPC,,,"SOUTHWIRE®, Commercial Product, G1951-UPC, 4x4 - Commercial Grade Commercial Pro",COMMERCIAL PRODUCT 4X4,"SOUTHWIRE®, G1951-UPC, Commercial Product, 4x4",The SOUTHWIRE® G1951-UPC is a commercial-grade commercial product designed for professional and industrial applications. Engineered with measuring 4x4. Key Specifications include ArborSize: 4.,SOUTHWIRE® G1951-UPC Commercial Product (4x4),The SOUTHWIRE® G1951-UPC is a commercial-grade commercial product designed for professional and industrial applications. Engineered with measuring 4x4. Key Specifications include ArborSize: 4.,Precision dimensions: 4x4,,,,,,,,,,,,,,,,,,,,,,,,,SOUTHWIRE® G1951-UPC Commercial Product (4x4),Dimensions,4x4,in,Arbor Size,4,in,,,,,,,,,,,,,,,,,,,,,,,,,,,,,,,,,,,,,,,,,,,,,,,,,,,,,,,,,,,,,,,,,,,,,,,,,,,,,,,,,,,,,,,,,,,,,,,,,,,,,,,,,,,,,,,,,,,,,,,,,,,,,,,,,,,,,,,,,,,,,,,,,,,,,,,1,EA,,,,,,,,,,,,,,,,,,,,,,,,,,,,,,,,,,,,,US,No,Yes
,,,,,,52C3-5/8-UPC,,,,52C3-5/8-UPC,52C3-5/8-UPC,4x4 1G Box Cover,SOUTHWIRE®,SOUTHWIRE®,SOUTHWIRE®,SOUTHWIRE,SOUTHWIRE,SOUTHWIRE®,SOUTHWIRE®,52C3-5/8-UPC,,,"SOUTHWIRE®, Commercial Product, 52C3-5/8-UPC, 4x4 - Commercial Grade Commercial",COMMERCIAL PRODUCT 4X4,"SOUTHWIRE®, 52C3-5/8-UPC, Commercial Product, 4x4",The SOUTHWIRE® 52C3-5/8-UPC is a commercial-grade commercial product designed for professional and industrial applications. Engineered with measuring 4x4. Key Specifications include ArborSize: 4.,SOUTHWIRE® 52C3-5/8-UPC Commercial Product (4x4),The SOUTHWIRE® 52C3-5/8-UPC is a commercial-grade commercial product designed for professional and industrial applications. Engineered with measuring 4x4. Key Specifications include ArborSize: 4.,Precision dimensions: 4x4,,,,,,,,,,,,,,,,,,,,,,,,,SOUTHWIRE® 52C3-5/8-UPC Commercial Product (4x4),Dimensions,4x4,in,Arbor Size,4,in,,,,,,,,,,,,,,,,,,,,,,,,,,,,,,,,,,,,,,,,,,,,,,,,,,,,,,,,,,,,,,,,,,,,,,,,,,,,,,,,,,,,,,,,,,,,,,,,,,,,,,,,,,,,,,,,,,,,,,,,,,,,,,,,,,,,,,,,,,,,,,,,,,,,,,,1,EA,,,,,,,,,,,,,,,,,,,,,,,,,,,,,,,,,,,,,US,No,Yes
,,,,,,52C14-5/8-UPC,,,,52C14-5/8-UPC,52C14-5/8-UPC,4x4 1G Box Cover,SOUTHWIRE®,SOUTHWIRE®,SOUTHWIRE®,SOUTHWIRE,SOUTHWIRE,SOUTHWIRE®,SOUTHWIRE®,52C14-5/8-UPC,,,"SOUTHWIRE®, Commercial Product, 52C14-5/8-UPC, 4x4 - Commercial Grade Commercial",COMMERCIAL PRODUCT 4X4,"SOUTHWIRE®, 52C14-5/8-UPC, Commercial Product, 4x4",The SOUTHWIRE® 52C14-5/8-UPC is a commercial-grade commercial product designed for professional and industrial applications. Engineered with measuring 4x4. Key Specifications include ArborSize: 4.,SOUTHWIRE® 52C14-5/8-UPC Commercial Product (4x4),The SOUTHWIRE® 52C14-5/8-UPC is a commercial-grade commercial product designed for professional and industrial applications. Engineered with measuring 4x4. Key Specifications include ArborSize: 4.,Precision dimensions: 4x4,,,,,,,,,,,,,,,,,,,,,,,,,SOUTHWIRE® 52C14-5/8-UPC Commercial Product (4x4),Dimensions,4x4,in,Arbor Size,4,in,,,,,,,,,,,,,,,,,,,,,,,,,,,,,,,,,,,,,,,,,,,,,,,,,,,,,,,,,,,,,,,,,,,,,,,,,,,,,,,,,,,,,,,,,,,,,,,,,,,,,,,,,,,,,,,,,,,,,,,,,,,,,,,,,,,,,,,,,,,,,,,,,,,,,,,1,EA,,,,,,,,,,,,,,,,,,,,,,,,,,,,,,,,,,,,,US,No,Yes
,,,,,,52C3-UPC,,,,52C3-UPC,52C3-UPC,4x4 1G Box Cover,SOUTHWIRE®,SOUTHWIRE®,SOUTHWIRE®,SOUTHWIRE,SOUTHWIRE,SOUTHWIRE®,SOUTHWIRE®,52C3-UPC,,,"SOUTHWIRE®, Commercial Product, 52C3-UPC, 4x4 - Commercial Grade Commercial Prod",COMMERCIAL PRODUCT 4X4,"SOUTHWIRE®, 52C3-UPC, Commercial Product, 4x4",The SOUTHWIRE® 52C3-UPC is a commercial-grade commercial product designed for professional and industrial applications. Engineered with measuring 4x4. Key Specifications include ArborSize: 4.,SOUTHWIRE® 52C3-UPC Commercial Product (4x4),The SOUTHWIRE® 52C3-UPC is a commercial-grade commercial product designed for professional and industrial applications. Engineered with measuring 4x4. Key Specifications include ArborSize: 4.,Precision dimensions: 4x4,,,,,,,,,,,,,,,,,,,,,,,,,SOUTHWIRE® 52C3-UPC Commercial Product (4x4),Dimensions,4x4,in,Arbor Size,4,in,,,,,,,,,,,,,,,,,,,,,,,,,,,,,,,,,,,,,,,,,,,,,,,,,,,,,,,,,,,,,,,,,,,,,,,,,,,,,,,,,,,,,,,,,,,,,,,,,,,,,,,,,,,,,,,,,,,,,,,,,,,,,,,,,,,,,,,,,,,,,,,,,,,,,,,1,EA,,,,,,,,,,,,,,,,,,,,,,,,,,,,,,,,,,,,,US,No,Yes
,,,,,,54151-F-UPC,,,,54151-F-UPC,54151-F-UPC,4x4x1-1/2 Oct Box w/Bracket,SOUTHWIRE®,SOUTHWIRE®,SOUTHWIRE®,SOUTHWIRE,SOUTHWIRE,SOUTHWIRE®,SOUTHWIRE®,54151-F-UPC,,,"SOUTHWIRE®, Commercial Product, 54151-F-UPC, 4x4x1-1 - Commercial Grade Commerci",COMMERCIAL PRODUCT 4X4X1-1,"SOUTHWIRE®, 54151-F-UPC, Commercial Product, 4x4x1-1",The SOUTHWIRE® 54151-F-UPC is a commercial-grade commercial product designed for professional and industrial applications. Engineered with measuring 4x4x1-1.,SOUTHWIRE® 54151-F-UPC Commercial Product (4x4x1-1),The SOUTHWIRE® 54151-F-UPC is a commercial-grade commercial product designed for professional and industrial applications. Engineered with measuring 4x4x1-1.,Precision dimensions: 4x4x1-1,,,,,,,,,,,,,,,,,,,,,,,,,SOUTHWIRE® 54151-F-UPC Commercial Product (4x4x1-1),Dimensions,4x4x1-1,in,,,,,,,,,,,,,,,,,,,,,,,,,,,,,,,,,,,,,,,,,,,,,,,,,,,,,,,,,,,,,,,,,,,,,,,,,,,,,,,,,,,,,,,,,,,,,,,,,,,,,,,,,,,,,,,,,,,,,,,,,,,,,,,,,,,,,,,,,,,,,,,,,,,,,,,,,,1,EA,,,,,,,,,,,,,,,,,,,,,,,,,,,,,,,,,,,,,US,No,Yes
,,,,,,54151-HUR-UPC,,,,54151-HUR-UPC,54151-HUR-UPC,4x4x1-1/2 Oct Box w/Hanger,SOUTHWIRE®,SOUTHWIRE®,SOUTHWIRE®,SOUTHWIRE,SOUTHWIRE,SOUTHWIRE®,SOUTHWIRE®,54151-HUR-UPC,,,"SOUTHWIRE®, Commercial Product, 54151-HUR-UPC, 4x4x1-1 - Commercial Grade Commer",COMMERCIAL PRODUCT 4X4X1-1,"SOUTHWIRE®, 54151-HUR-UPC, Commercial Product, 4x4x1-1",The SOUTHWIRE® 54151-HUR-UPC is a commercial-grade commercial product designed for professional and industrial applications. Engineered with measuring 4x4x1-1.,SOUTHWIRE® 54151-HUR-UPC Commercial Product (4x4x1-1),The SOUTHWIRE® 54151-HUR-UPC is a commercial-grade commercial product designed for professional and industrial applications. Engineered with measuring 4x4x1-1.,Precision dimensions: 4x4x1-1,,,,,,,,,,,,,,,,,,,,,,,,,SOUTHWIRE® 54151-HUR-UPC Commercial Product (4x4x1-1),Dimensions,4x4x1-1,in,,,,,,,,,,,,,,,,,,,,,,,,,,,,,,,,,,,,,,,,,,,,,,,,,,,,,,,,,,,,,,,,,,,,,,,,,,,,,,,,,,,,,,,,,,,,,,,,,,,,,,,,,,,,,,,,,,,,,,,,,,,,,,,,,,,,,,,,,,,,,,,,,,,,,,,,,,1,EA,,,,,,,,,,,,,,,,,,,,,,,,,,,,,,,,,,,,,US,No,Yes
,,,,,,54151-JR-UPC,,,,54151-JR-UPC,54151-JR-UPC,4x4x1-1/2 Oct Box w/Brakcet,SOUTHWIRE®,SOUTHWIRE®,SOUTHWIRE®,SOUTHWIRE,SOUTHWIRE,SOUTHWIRE®,SOUTHWIRE®,54151-JR-UPC,,,"SOUTHWIRE®, Commercial Product, 54151-JR-UPC, 4x4x1-1 - Commercial Grade Commerc",COMMERCIAL PRODUCT 4X4X1-1,"SOUTHWIRE®, 54151-JR-UPC, Commercial Product, 4x4x1-1",The SOUTHWIRE® 54151-JR-UPC is a commercial-grade commercial product designed for professional and industrial applications. Engineered with measuring 4x4x1-1.,SOUTHWIRE® 54151-JR-UPC Commercial Product (4x4x1-1),The SOUTHWIRE® 54151-JR-UPC is a commercial-grade commercial product designed for professional and industrial applications. Engineered with measuring 4x4x1-1.,Precision dimensions: 4x4x1-1,,,,,,,,,,,,,,,,,,,,,,,,,SOUTHWIRE® 54151-JR-UPC Commercial Product (4x4x1-1),Dimensions,4x4x1-1,in,,,,,,,,,,,,,,,,,,,,,,,,,,,,,,,,,,,,,,,,,,,,,,,,,,,,,,,,,,,,,,,,,,,,,,,,,,,,,,,,,,,,,,,,,,,,,,,,,,,,,,,,,,,,,,,,,,,,,,,,,,,,,,,,,,,,,,,,,,,,,,,,,,,,,,,,,,1,EA,,,,,,,,,,,,,,,,,,,,,,,,,,,,,,,,,,,,,US,No,Yes
,,,,,,54171-R-UPC,,,,54171-R-UPC,54171-R-UPC,4x4x2 Oct Box,SOUTHWIRE®,SOUTHWIRE®,SOUTHWIRE®,SOUTHWIRE,SOUTHWIRE,SOUTHWIRE®,SOUTHWIRE®,54171-R-UPC,,,"SOUTHWIRE®, Commercial Product, 54171-R-UPC, 4x4x2 - Commercial Grade Commercial",COMMERCIAL PRODUCT 4X4X2,"SOUTHWIRE®, 54171-R-UPC, Commercial Product, 4x4x2",The SOUTHWIRE® 54171-R-UPC is a commercial-grade commercial product designed for professional and industrial applications. Engineered with measuring 4x4x2. Key Specifications include ArborSize: 2.,SOUTHWIRE® 54171-R-UPC Commercial Product (4x4x2),The SOUTHWIRE® 54171-R-UPC is a commercial-grade commercial product designed for professional and industrial applications. Engineered with measuring 4x4x2. Key Specifications include ArborSize: 2.,Precision dimensions: 4x4x2,,,,,,,,,,,,,,,,,,,,,,,,,SOUTHWIRE® 54171-R-UPC Commercial Product (4x4x2),Dimensions,4x4x2,in,Arbor Size,2,in,,,,,,,,,,,,,,,,,,,,,,,,,,,,,,,,,,,,,,,,,,,,,,,,,,,,,,,,,,,,,,,,,,,,,,,,,,,,,,,,,,,,,,,,,,,,,,,,,,,,,,,,,,,,,,,,,,,,,,,,,,,,,,,,,,,,,,,,,,,,,,,,,,,,,,,1,EA,,,,,,,,,,,,,,,,,,,,,,,,,,,,,,,,,,,,,US,No,Yes
,,,,,,52151-S-UPC,,,,52151-S-UPC,52151-S-UPC,4x4x1-1/2 Square Box,SOUTHWIRE®,SOUTHWIRE®,SOUTHWIRE®,SOUTHWIRE,SOUTHWIRE,SOUTHWIRE®,SOUTHWIRE®,52151-S-UPC,,,"SOUTHWIRE®, Commercial Product, 52151-S-UPC, 4x4x1-1 - Commercial Grade Commerci",COMMERCIAL PRODUCT 4X4X1-1,"SOUTHWIRE®, 52151-S-UPC, Commercial Product, 4x4x1-1",The SOUTHWIRE® 52151-S-UPC is a commercial-grade commercial product designed for professional and industrial applications. Engineered with measuring 4x4x1-1.,SOUTHWIRE® 52151-S-UPC Commercial Product (4x4x1-1),The SOUTHWIRE® 52151-S-UPC is a commercial-grade commercial product designed for professional and industrial applications. Engineered with measuring 4x4x1-1.,Precision dimensions: 4x4x1-1,,,,,,,,,,,,,,,,,,,,,,,,,SOUTHWIRE® 52151-S-UPC Commercial Product (4x4x1-1),Dimensions,4x4x1-1,in,,,,,,,,,,,,,,,,,,,,,,,,,,,,,,,,,,,,,,,,,,,,,,,,,,,,,,,,,,,,,,,,,,,,,,,,,,,,,,,,,,,,,,,,,,,,,,,,,,,,,,,,,,,,,,,,,,,,,,,,,,,,,,,,,,,,,,,,,,,,,,,,,,,,,,,,,,1,EA,,,,,,,,,,,,,,,,,,,,,,,,,,,,,,,,,,,,,US,No,Yes
,,,,,,72171-3/4-1W-UPC,,,,72171-3/4-1W-UPC,72171-3/4-1W-UPC,4-1/2x4-1/2x2 2G Box,SOUTHWIRE®,SOUTHWIRE®,SOUTHWIRE®,SOUTHWIRE,SOUTHWIRE,SOUTHWIRE®,SOUTHWIRE®,72171-3/4-1W-UPC,,,"SOUTHWIRE®, Commercial Product, 72171-3/4-1W-UPC, 1/2x4-1 - Commercial Grade Com",COMMERCIAL PRODUCT 1/2X4-1,"SOUTHWIRE®, 72171-3/4-1W-UPC, Commercial Product, 1/2x4-1",The SOUTHWIRE® 72171-3/4-1W-UPC is a commercial-grade commercial product designed for professional and industrial applications. Engineered with measuring 1/2x4-1.,SOUTHWIRE® 72171-3/4-1W-UPC Commercial Product (1/2x4-1),The SOUTHWIRE® 72171-3/4-1W-UPC is a commercial-grade commercial product designed for professional and industrial applications. Engineered with measuring 1/2x4-1.,Precision dimensions: 1/2x4-1,,,,,,,,,,,,,,,,,,,,,,,,,SOUTHWIRE® 72171-3/4-1W-UPC Commercial Product (1/2x4-1),Dimensions,1/2x4-1,in,,,,,,,,,,,,,,,,,,,,,,,,,,,,,,,,,,,,,,,,,,,,,,,,,,,,,,,,,,,,,,,,,,,,,,,,,,,,,,,,,,,,,,,,,,,,,,,,,,,,,,,,,,,,,,,,,,,,,,,,,,,,,,,,,,,,,,,,,,,,,,,,,,,,,,,,,,1,EA,,,,,,,,,,,,,,,,,,,,,,,,,,,,,,,,,,,,,US,No,Yes
,,,,,,5522-5EV,,,,5522-5EV,5522-5EV,5522-5EV 2 Port Decor Plate,Cooper Wiring Devices,Cooper Wiring Devices,Cooper Wiring Devices,Cooper Wiring Devices,Cooper Wiring Devices,Cooper Wiring Devices,Cooper Wiring Devices,5522-5EV,,,"Cooper Wiring Devices, Commercial Product, 5522-5EV - Commercial Grade Commercia",COMMERCIAL PRODUCT,"Cooper Wiring Devices, 5522-5EV, Commercial Product",The Cooper Wiring Devices 5522-5EV is a commercial-grade commercial product designed for professional and industrial applications.,Cooper Wiring Devices 5522-5EV Commercial Product,The Cooper Wiring Devices 5522-5EV is a commercial-grade commercial product designed for professional and industrial applications.,,,,,,,,,,,,,,,,,,,,,,,,,,Cooper Wiring Devices 5522-5EV Commercial Product,,,,,,,,,,,,,,,,,,,,,,,,,,,,,,,,,,,,,,,,,,,,,,,,,,,,,,,,,,,,,,,,,,,,,,,,,,,,,,,,,,,,,,,,,,,,,,,,,,,,,,,,,,,,,,,,,,,,,,,,,,,,,,,,,,,,,,,,,,,,,,,,,,,,,,,,,,,,,1,EA,,,,,,,,,,,,,,,,,,,,,,,,,,,,,,,,,,,,,US,No,Yes
,,,,,,AYCL-153PH-LA,,,,AYCL-153PH-LA,AYCL-153PH-LA,AYCL-153PH-LA Lutron Dimmer LA,Fenton Bros Electric Inc,Fenton Bros Electric Inc,Fenton Bros Electric Inc,Fenton Bros Electric Inc,Fenton Bros Electric Inc,Fenton Bros Electric Inc,Fenton Bros Electric Inc,AYCL-153PH-LA,,,"Fenton Bros Electric Inc, Commercial Product, AYCL-153PH-LA - Commercial Grade C",COMMERCIAL PRODUCT,"Fenton Bros Electric Inc, AYCL-153PH-LA, Commercial Product",The Fenton Bros Electric Inc AYCL-153PH-LA is a commercial-grade commercial product designed for professional and industrial applications.,Fenton Bros Electric Inc AYCL-153PH-LA Commercial Product,The Fenton Bros Electric Inc AYCL-153PH-LA is a commercial-grade commercial product designed for professional and industrial applications.,,,,,,,,,,,,,,,,,,,,,,,,,,Fenton Bros Electric Inc AYCL-153PH-LA Commercial Product,,,,,,,,,,,,,,,,,,,,,,,,,,,,,,,,,,,,,,,,,,,,,,,,,,,,,,,,,,,,,,,,,,,,,,,,,,,,,,,,,,,,,,,,,,,,,,,,,,,,,,,,,,,,,,,,,,,,,,,,,,,,,,,,,,,,,,,,,,,,,,,,,,,,,,,,,,,,,1,EA,,,,,,,,,,,,,,,,,,,,,,,,,,,,,,,,,,,,,US,No,Yes
,,,,,,AYCL-153PH-WH,,,,AYCL-153PH-WH,AYCL-153PH-WH,AYCL-153PH-WH Lutron Dimmer Wh,Fenton Bros Electric Inc,Fenton Bros Electric Inc,Fenton Bros Electric Inc,Fenton Bros Electric Inc,Fenton Bros Electric Inc,Fenton Bros Electric Inc,Fenton Bros Electric Inc,AYCL-153PH-WH,,,"Fenton Bros Electric Inc, Commercial Product, AYCL-153PH-WH - Commercial Grade C",COMMERCIAL PRODUCT,"Fenton Bros Electric Inc, AYCL-153PH-WH, Commercial Product",The Fenton Bros Electric Inc AYCL-153PH-WH is a commercial-grade commercial product designed for professional and industrial applications.,Fenton Bros Electric Inc AYCL-153PH-WH Commercial Product,The Fenton Bros Electric Inc AYCL-153PH-WH is a commercial-grade commercial product designed for professional and industrial applications.,,,,,,,,,,,,,,,,,,,,,,,,,,Fenton Bros Electric Inc AYCL-153PH-WH Commercial Product,,,,,,,,,,,,,,,,,,,,,,,,,,,,,,,,,,,,,,,,,,,,,,,,,,,,,,,,,,,,,,,,,,,,,,,,,,,,,,,,,,,,,,,,,,,,,,,,,,,,,,,,,,,,,,,,,,,,,,,,,,,,,,,,,,,,,,,,,,,,,,,,,,,,,,,,,,,,,1,EA,,,,,,,,,,,,,,,,,,,,,,,,,,,,,,,,,,,,,US,No,Yes
,,,,,,D23LP-R02-1RW,,,,D23LP-R02-1RW,D23LP-R02-1RW,D23LPR021RW Plug In Dimmer Wh,LEVITON®,LEVITON®,LEVITON®,LEVITON,LEVITON,LEVITON®,LEVITON®,D23LP-R02-1RW,,,"LEVITON®, Commercial Product, D23LP-R02-1RW - Commercial Grade Commercial Produc",COMMERCIAL PRODUCT,"LEVITON®, D23LP-R02-1RW, Commercial Product",The LEVITON® D23LP-R02-1RW is a commercial-grade commercial product designed for professional and industrial applications.,LEVITON® D23LP-R02-1RW Commercial Product,The LEVITON® D23LP-R02-1RW is a commercial-grade commercial product designed for professional and industrial applications.,,,,,,,,,,,,,,,,,,,,,,,,,,LEVITON® D23LP-R02-1RW Commercial Product,,,,,,,,,,,,,,,,,,,,,,,,,,,,,,,,,,,,,,,,,,,,,,,,,,,,,,,,,,,,,,,,,,,,,,,,,,,,,,,,,,,,,,,,,,,,,,,,,,,,,,,,,,,,,,,,,,,,,,,,,,,,,,,,,,,,,,,,,,,,,,,,,,,,,,,,,,,,,1,EA,,,,,,,,,,,,,,,,,,,,,,,,,,,,,,,,,,,,,US,No,Yes
,,,,,,TNOCD002,,,,TNOCD002,TNOCD002,TNOCD002 125V Outdooor Timer,Prime Wire & Cable,Prime Wire & Cable,Prime Wire & Cable,Prime Wire & Cable,Prime Wire & Cable,Prime Wire & Cable,Prime Wire & Cable,TNOCD002,,,"Prime Wire & Cable, Commercial Product, TNOCD002, 125 V - Commercial Grade Comme",COMMERCIAL PRODUCT 125 V,"Prime Wire & Cable, TNOCD002, Commercial Product, 125 V",The Prime Wire & Cable TNOCD002 is a commercial-grade commercial product designed for professional and industrial applications. Engineered with rated for 125 V.,Prime Wire & Cable TNOCD002 Commercial Product,The Prime Wire & Cable TNOCD002 is a commercial-grade commercial product designed for professional and industrial applications. Engineered with rated for 125 V.,Operates at standard 125 V,,,,,,,,,,,,,,,,,,,,,,,,,Prime Wire & Cable TNOCD002 Commercial Product,Voltage,125,V,,,,,,,,,,,,,,,,,,,,,,,,,,,,,,,,,,,,,,,,,,,,,,,,,,,,,,,,,,,,,,,,,,,,,,,,,,,,,,,,,,,,,,,,,,,,,,,,,,,,,,,,,,,,,,,,,,,,,,,,,,,,,,,,,,,,,,,,,,,,,,,,,,,,,,,,,,1,EA,,,,,,,,,,,,,,,,,,,,,,,,,,,,,,,,,,,,,US,No,Yes
,,,,,,TNDHD002,,,,TNDHD002,TNDHD002,TNDHD002 125V 7Day Timer,Prime Wire & Cable,Prime Wire & Cable,Prime Wire & Cable,Prime Wire & Cable,Prime Wire & Cable,Prime Wire & Cable,Prime Wire & Cable,TNDHD002,,,"Prime Wire & Cable, Commercial Product, TNDHD002, 125 V - Commercial Grade Comme",COMMERCIAL PRODUCT 125 V,"Prime Wire & Cable, TNDHD002, Commercial Product, 125 V",The Prime Wire & Cable TNDHD002 is a commercial-grade commercial product designed for professional and industrial applications. Engineered with rated for 125 V.,Prime Wire & Cable TNDHD002 Commercial Product,The Prime Wire & Cable TNDHD002 is a commercial-grade commercial product designed for professional and industrial applications. Engineered with rated for 125 V.,Operates at standard 125 V,,,,,,,,,,,,,,,,,,,,,,,,,Prime Wire & Cable TNDHD002 Commercial Product,Voltage,125,V,,,,,,,,,,,,,,,,,,,,,,,,,,,,,,,,,,,,,,,,,,,,,,,,,,,,,,,,,,,,,,,,,,,,,,,,,,,,,,,,,,,,,,,,,,,,,,,,,,,,,,,,,,,,,,,,,,,,,,,,,,,,,,,,,,,,,,,,,,,,,,,,,,,,,,,,,,1,EA,,,,,,,,,,,,,,,,,,,,,,,,,,,,,,,,,,,,,US,No,Yes
,,,,,,TNIDP12,,,,TNIDP12,TNIDP12,TNIDP12 125V Dig Indoor Timer,Prime Wire & Cable,Prime Wire & Cable,Prime Wire & Cable,Prime Wire & Cable,Prime Wire & Cable,Prime Wire & Cable,Prime Wire & Cable,TNIDP12,,,"Prime Wire & Cable, Commercial Product, TNIDP12, 125 V - Commercial Grade Commer",COMMERCIAL PRODUCT 125 V,"Prime Wire & Cable, TNIDP12, Commercial Product, 125 V",The Prime Wire & Cable TNIDP12 is a commercial-grade commercial product designed for professional and industrial applications. Engineered with rated for 125 V.,Prime Wire & Cable TNIDP12 Commercial Product,The Prime Wire & Cable TNIDP12 is a commercial-grade commercial product designed for professional and industrial applications. Engineered with rated for 125 V.,Operates at standard 125 V,,,,,,,,,,,,,,,,,,,,,,,,,Prime Wire & Cable TNIDP12 Commercial Product,Voltage,125,V,,,,,,,,,,,,,,,,,,,,,,,,,,,,,,,,,,,,,,,,,,,,,,,,,,,,,,,,,,,,,,,,,,,,,,,,,,,,,,,,,,,,,,,,,,,,,,,,,,,,,,,,,,,,,,,,,,,,,,,,,,,,,,,,,,,,,,,,,,,,,,,,,,,,,,,,,,1,EA,,,,,,,,,,,,,,,,,,,,,,,,,,,,,,,,,,,,,US,No,Yes
,,,,,,TNIW24,,,,TNIW24,TNIW24,TNIW24 125V 24hr Mech Timer,Prime Wire & Cable,Prime Wire & Cable,Prime Wire & Cable,Prime Wire & Cable,Prime Wire & Cable,Prime Wire & Cable,Prime Wire & Cable,TNIW24,,,"Prime Wire & Cable, Commercial Product, TNIW24, 125 V - Commercial Grade Commerc",COMMERCIAL PRODUCT 125 V,"Prime Wire & Cable, TNIW24, Commercial Product, 125 V",The Prime Wire & Cable TNIW24 is a commercial-grade commercial product designed for professional and industrial applications. Engineered with rated for 125 V.,Prime Wire & Cable TNIW24 Commercial Product,The Prime Wire & Cable TNIW24 is a commercial-grade commercial product designed for professional and industrial applications. Engineered with rated for 125 V.,Operates at standard 125 V,,,,,,,,,,,,,,,,,,,,,,,,,Prime Wire & Cable TNIW24 Commercial Product,Voltage,125,V,,,,,,,,,,,,,,,,,,,,,,,,,,,,,,,,,,,,,,,,,,,,,,,,,,,,,,,,,,,,,,,,,,,,,,,,,,,,,,,,,,,,,,,,,,,,,,,,,,,,,,,,,,,,,,,,,,,,,,,,,,,,,,,,,,,,,,,,,,,,,,,,,,,,,,,,,,1,EA,,,,,,,,,,,,,,,,,,,,,,,,,,,,,,,,,,,,,US,No,Yes
,,,,,,65-1222,,,,65-1222,65-1222,65-1222 1' Led Lt Multi CCT,SATCO®,SATCO®,SATCO®,SATCO,SATCO,SATCO®,SATCO®,65-1222,,,"SATCO®, Commercial Product, 65-1222 - Commercial Grade Commercial Product",COMMERCIAL PRODUCT,"SATCO®, 65-1222, Commercial Product",The SATCO® 65-1222 is a commercial-grade commercial product designed for professional and industrial applications.,SATCO® 65-1222 Commercial Product,The SATCO® 65-1222 is a commercial-grade commercial product designed for professional and industrial applications.,,,,,,,,,,,,,,,,,,,,,,,,,,SATCO® 65-1222 Commercial Product,,,,,,,,,,,,,,,,,,,,,,,,,,,,,,,,,,,,,,,,,,,,,,,,,,,,,,,,,,,,,,,,,,,,,,,,,,,,,,,,,,,,,,,,,,,,,,,,,,,,,,,,,,,,,,,,,,,,,,,,,,,,,,,,,,,,,,,,,,,,,,,,,,,,,,,,,,,,,1,EA,,,,,,,,,,,,,,,,,,,,,,,,,,,,,,,,,,,,,US,No,Yes
,,,,,,65-1224,,,,65-1224,65-1224,65-1224 4' Led Strip Light,SATCO®,SATCO®,SATCO®,SATCO,SATCO,SATCO®,SATCO®,65-1224,,,"SATCO®, Commercial Product, 65-1224 - Commercial Grade Commercial Product",COMMERCIAL PRODUCT,"SATCO®, 65-1224, Commercial Product",The SATCO® 65-1224 is a commercial-grade commercial product designed for professional and industrial applications.,SATCO® 65-1224 Commercial Product,The SATCO® 65-1224 is a commercial-grade commercial product designed for professional and industrial applications.,,,,,,,,,,,,,,,,,,,,,,,,,,SATCO® 65-1224 Commercial Product,,,,,,,,,,,,,,,,,,,,,,,,,,,,,,,,,,,,,,,,,,,,,,,,,,,,,,,,,,,,,,,,,,,,,,,,,,,,,,,,,,,,,,,,,,,,,,,,,,,,,,,,,,,,,,,,,,,,,,,,,,,,,,,,,,,,,,,,,,,,,,,,,,,,,,,,,,,,,1,EA,,,,,,,,,,,,,,,,,,,,,,,,,,,,,,,,,,,,,US,No,Yes
,,,,,,45297BK,,,,45297BK,45297BK,45297BK Kichler Wall Lt,KICHLER®,KICHLER®,KICHLER®,KICHLER,KICHLER,KICHLER®,KICHLER®,45297BK,,,"KICHLER®, Commercial Product, 45297BK - Commercial Grade Commercial Product",COMMERCIAL PRODUCT,"KICHLER®, 45297BK, Commercial Product",The KICHLER® 45297BK is a commercial-grade commercial product designed for professional and industrial applications.,KICHLER® 45297BK Commercial Product,The KICHLER® 45297BK is a commercial-grade commercial product designed for professional and industrial applications.,,,,,,,,,,,,,,,,,,,,,,,,,,KICHLER® 45297BK Commercial Product,,,,,,,,,,,,,,,,,,,,,,,,,,,,,,,,,,,,,,,,,,,,,,,,,,,,,,,,,,,,,,,,,,,,,,,,,,,,,,,,,,,,,,,,,,,,,,,,,,,,,,,,,,,,,,,,,,,,,,,,,,,,,,,,,,,,,,,,,,,,,,,,,,,,,,,,,,,,,1,EA,,,,,,,,,,,,,,,,,,,,,,,,,,,,,,,,,,,,,US,No,Yes
,,,,,,45573BK,,,,45573BK,45573BK,45573BK Kichler Wall Light,KICHLER®,KICHLER®,KICHLER®,KICHLER,KICHLER,KICHLER®,KICHLER®,45573BK,,,"KICHLER®, Commercial Product, 45573BK - Commercial Grade Commercial Product",COMMERCIAL PRODUCT,"KICHLER®, 45573BK, Commercial Product",The KICHLER® 45573BK is a commercial-grade commercial product designed for professional and industrial applications.,KICHLER® 45573BK Commercial Product,The KICHLER® 45573BK is a commercial-grade commercial product designed for professional and industrial applications.,,,,,,,,,,,,,,,,,,,,,,,,,,KICHLER® 45573BK Commercial Product,,,,,,,,,,,,,,,,,,,,,,,,,,,,,,,,,,,,,,,,,,,,,,,,,,,,,,,,,,,,,,,,,,,,,,,,,,,,,,,,,,,,,,,,,,,,,,,,,,,,,,,,,,,,,,,,,,,,,,,,,,,,,,,,,,,,,,,,,,,,,,,,,,,,,,,,,,,,,1,EA,,,,,,,,,,,,,,,,,,,,,,,,,,,,,,,,,,,,,US,No,Yes
,,,,,,37418A,,,,37418A,37418A,37418A Kichler Bath Light,KICHLER®,KICHLER®,KICHLER®,KICHLER,KICHLER,KICHLER®,KICHLER®,37418A,,,"KICHLER®, Commercial Product, 37418A - Commercial Grade Commercial Product",COMMERCIAL PRODUCT,"KICHLER®, 37418A, Commercial Product",The KICHLER® 37418A is a commercial-grade commercial product designed for professional and industrial applications. Key Specifications include Amperage: 37418 A.,KICHLER® 37418A Commercial Product,The KICHLER® 37418A is a commercial-grade commercial product designed for professional and industrial applications. Key Specifications include Amperage: 37418 A.,,,,,,,,,,,,,,,,,,,,,,,,,,KICHLER® 37418A Commercial Product,Amperage,37418,A,,,,,,,,,,,,,,,,,,,,,,,,,,,,,,,,,,,,,,,,,,,,,,,,,,,,,,,,,,,,,,,,,,,,,,,,,,,,,,,,,,,,,,,,,,,,,,,,,,,,,,,,,,,,,,,,,,,,,,,,,,,,,,,,,,,,,,,,,,,,,,,,,,,,,,,,,,1,EA,,,,,,,,,,,,,,,,,,,,,,,,,,,,,,,,,,,,,US,No,Yes
,,,,,,37423A,,,,37423A,37423A,37423A Kichler Bath Light,KICHLER®,KICHLER®,KICHLER®,KICHLER,KICHLER,KICHLER®,KICHLER®,37423A,,,"KICHLER®, Commercial Product, 37423A - Commercial Grade Commercial Product",COMMERCIAL PRODUCT,"KICHLER®, 37423A, Commercial Product",The KICHLER® 37423A is a commercial-grade commercial product designed for professional and industrial applications. Key Specifications include Amperage: 37423 A.,KICHLER® 37423A Commercial Product,The KICHLER® 37423A is a commercial-grade commercial product designed for professional and industrial applications. Key Specifications include Amperage: 37423 A.,,,,,,,,,,,,,,,,,,,,,,,,,,KICHLER® 37423A Commercial Product,Amperage,37423,A,,,,,,,,,,,,,,,,,,,,,,,,,,,,,,,,,,,,,,,,,,,,,,,,,,,,,,,,,,,,,,,,,,,,,,,,,,,,,,,,,,,,,,,,,,,,,,,,,,,,,,,,,,,,,,,,,,,,,,,,,,,,,,,,,,,,,,,,,,,,,,,,,,,,,,,,,,1,EA,,,,,,,,,,,,,,,,,,,,,,,,,,,,,,,,,,,,,US,No,Yes
,,,,,,45496BKCLR,,,,45496BKCLR,45496BKCLR,45496BKCLR Kichler Bath Light,KICHLER®,KICHLER®,KICHLER®,KICHLER,KICHLER,KICHLER®,KICHLER®,45496BKCLR,,,"KICHLER®, Commercial Product, 45496BKCLR - Commercial Grade Commercial Product",COMMERCIAL PRODUCT,"KICHLER®, 45496BKCLR, Commercial Product",The KICHLER® 45496BKCLR is a commercial-grade commercial product designed for professional and industrial applications.,KICHLER® 45496BKCLR Commercial Product,The KICHLER® 45496BKCLR is a commercial-grade commercial product designed for professional and industrial applications.,,,,,,,,,,,,,,,,,,,,,,,,,,KICHLER® 45496BKCLR Commercial Product,,,,,,,,,,,,,,,,,,,,,,,,,,,,,,,,,,,,,,,,,,,,,,,,,,,,,,,,,,,,,,,,,,,,,,,,,,,,,,,,,,,,,,,,,,,,,,,,,,,,,,,,,,,,,,,,,,,,,,,,,,,,,,,,,,,,,,,,,,,,,,,,,,,,,,,,,,,,,1,EA,,,,,,,,,,,,,,,,,,,,,,,,,,,,,,,,,,,,,US,No,Yes
,,,,,,45973BK,,,,45973BK,45973BK,45973BK Kichler Wall Light,KICHLER®,KICHLER®,KICHLER®,KICHLER,KICHLER,KICHLER®,KICHLER®,45973BK,,,"KICHLER®, Commercial Product, 45973BK - Commercial Grade Commercial Product",COMMERCIAL PRODUCT,"KICHLER®, 45973BK, Commercial Product",The KICHLER® 45973BK is a commercial-grade commercial product designed for professional and industrial applications.,KICHLER® 45973BK Commercial Product,The KICHLER® 45973BK is a commercial-grade commercial product designed for professional and industrial applications.,,,,,,,,,,,,,,,,,,,,,,,,,,KICHLER® 45973BK Commercial Product,,,,,,,,,,,,,,,,,,,,,,,,,,,,,,,,,,,,,,,,,,,,,,,,,,,,,,,,,,,,,,,,,,,,,,,,,,,,,,,,,,,,,,,,,,,,,,,,,,,,,,,,,,,,,,,,,,,,,,,,,,,,,,,,,,,,,,,,,,,,,,,,,,,,,,,,,,,,,1,EA,,,,,,,,,,,,,,,,,,,,,,,,,,,,,,,,,,,,,US,No,Yes
,,,,,,55155BK,,,,55155BK,55155BK,55155BK Kichler Wall Lt,KICHLER®,KICHLER®,KICHLER®,KICHLER,KICHLER,KICHLER®,KICHLER®,55155BK,,,"KICHLER®, Commercial Product, 55155BK - Commercial Grade Commercial Product",COMMERCIAL PRODUCT,"KICHLER®, 55155BK, Commercial Product",The KICHLER® 55155BK is a commercial-grade commercial product designed for professional and industrial applications.,KICHLER® 55155BK Commercial Product,The KICHLER® 55155BK is a commercial-grade commercial product designed for professional and industrial applications.,,,,,,,,,,,,,,,,,,,,,,,,,,KICHLER® 55155BK Commercial Product,,,,,,,,,,,,,,,,,,,,,,,,,,,,,,,,,,,,,,,,,,,,,,,,,,,,,,,,,,,,,,,,,,,,,,,,,,,,,,,,,,,,,,,,,,,,,,,,,,,,,,,,,,,,,,,,,,,,,,,,,,,,,,,,,,,,,,,,,,,,,,,,,,,,,,,,,,,,,1,EA,,,,,,,,,,,,,,,,,,,,,,,,,,,,,,,,,,,,,US,No,Yes
,,,,,,55157CPZ,,,,55157CPZ,55157CPZ,55157CPZ Kichler Wall Light,KICHLER®,KICHLER®,KICHLER®,KICHLER,KICHLER,KICHLER®,KICHLER®,55157CPZ,,,"KICHLER®, Commercial Product, 55157CPZ - Commercial Grade Commercial Product",COMMERCIAL PRODUCT,"KICHLER®, 55157CPZ, Commercial Product",The KICHLER® 55157CPZ is a commercial-grade commercial product designed for professional and industrial applications.,KICHLER® 55157CPZ Commercial Product,The KICHLER® 55157CPZ is a commercial-grade commercial product designed for professional and industrial applications.,,,,,,,,,,,,,,,,,,,,,,,,,,KICHLER® 55157CPZ Commercial Product,,,,,,,,,,,,,,,,,,,,,,,,,,,,,,,,,,,,,,,,,,,,,,,,,,,,,,,,,,,,,,,,,,,,,,,,,,,,,,,,,,,,,,,,,,,,,,,,,,,,,,,,,,,,,,,,,,,,,,,,,,,,,,,,,,,,,,,,,,,,,,,,,,,,,,,,,,,,,1,EA,,,,,,,,,,,,,,,,,,,,,,,,,,,,,,,,,,,,,US,No,Yes
,,,,,,55184BK,,,,55184BK,55184BK,55184BK Kichler Wall Lt,KICHLER®,KICHLER®,KICHLER®,KICHLER,KICHLER,KICHLER®,KICHLER®,55184BK,,,"KICHLER®, Commercial Product, 55184BK - Commercial Grade Commercial Product",COMMERCIAL PRODUCT,"KICHLER®, 55184BK, Commercial Product",The KICHLER® 55184BK is a commercial-grade commercial product designed for professional and industrial applications.,KICHLER® 55184BK Commercial Product,The KICHLER® 55184BK is a commercial-grade commercial product designed for professional and industrial applications.,,,,,,,,,,,,,,,,,,,,,,,,,,KICHLER® 55184BK Commercial Product,,,,,,,,,,,,,,,,,,,,,,,,,,,,,,,,,,,,,,,,,,,,,,,,,,,,,,,,,,,,,,,,,,,,,,,,,,,,,,,,,,,,,,,,,,,,,,,,,,,,,,,,,,,,,,,,,,,,,,,,,,,,,,,,,,,,,,,,,,,,,,,,,,,,,,,,,,,,,1,EA,,,,,,,,,,,,,,,,,,,,,,,,,,,,,,,,,,,,,US,No,Yes
,,,,,,55185BK,,,,55185BK,55185BK,55185BK Kichler Wall Lt,KICHLER®,KICHLER®,KICHLER®,KICHLER,KICHLER,KICHLER®,KICHLER®,55185BK,,,"KICHLER®, Commercial Product, 55185BK - Commercial Grade Commercial Product",COMMERCIAL PRODUCT,"KICHLER®, 55185BK, Commercial Product",The KICHLER® 55185BK is a commercial-grade commercial product designed for professional and industrial applications.,KICHLER® 55185BK Commercial Product,The KICHLER® 55185BK is a commercial-grade commercial product designed for professional and industrial applications.,,,,,,,,,,,,,,,,,,,,,,,,,,KICHLER® 55185BK Commercial Product,,,,,,,,,,,,,,,,,,,,,,,,,,,,,,,,,,,,,,,,,,,,,,,,,,,,,,,,,,,,,,,,,,,,,,,,,,,,,,,,,,,,,,,,,,,,,,,,,,,,,,,,,,,,,,,,,,,,,,,,,,,,,,,,,,,,,,,,,,,,,,,,,,,,,,,,,,,,,1,EA,,,,,,,,,,,,,,,,,,,,,,,,,,,,,,,,,,,,,US,No,Yes
,,,,,,55186CH,,,,55186CH,55186CH,55186CH Kichler Wall Lt,KICHLER®,KICHLER®,KICHLER®,KICHLER,KICHLER,KICHLER®,KICHLER®,55186CH,,,"KICHLER®, Commercial Product, 55186CH - Commercial Grade Commercial Product",COMMERCIAL PRODUCT,"KICHLER®, 55186CH, Commercial Product",The KICHLER® 55186CH is a commercial-grade commercial product designed for professional and industrial applications.,KICHLER® 55186CH Commercial Product,The KICHLER® 55186CH is a commercial-grade commercial product designed for professional and industrial applications.,,,,,,,,,,,,,,,,,,,,,,,,,,KICHLER® 55186CH Commercial Product,,,,,,,,,,,,,,,,,,,,,,,,,,,,,,,,,,,,,,,,,,,,,,,,,,,,,,,,,,,,,,,,,,,,,,,,,,,,,,,,,,,,,,,,,,,,,,,,,,,,,,,,,,,,,,,,,,,,,,,,,,,,,,,,,,,,,,,,,,,,,,,,,,,,,,,,,,,,,1,EA,,,,,,,,,,,,,,,,,,,,,,,,,,,,,,,,,,,,,US,No,Yes
,,,,,,55210NI,,,,55210NI,55210NI,55210NI Kichler Wall Light,KICHLER®,KICHLER®,KICHLER®,KICHLER,KICHLER,KICHLER®,KICHLER®,55210NI,,,"KICHLER®, Commercial Product, 55210NI - Commercial Grade Commercial Product",COMMERCIAL PRODUCT,"KICHLER®, 55210NI, Commercial Product",The KICHLER® 55210NI is a commercial-grade commercial product designed for professional and industrial applications.,KICHLER® 55210NI Commercial Product,The KICHLER® 55210NI is a commercial-grade commercial product designed for professional and industrial applications.,,,,,,,,,,,,,,,,,,,,,,,,,,KICHLER® 55210NI Commercial Product,,,,,,,,,,,,,,,,,,,,,,,,,,,,,,,,,,,,,,,,,,,,,,,,,,,,,,,,,,,,,,,,,,,,,,,,,,,,,,,,,,,,,,,,,,,,,,,,,,,,,,,,,,,,,,,,,,,,,,,,,,,,,,,,,,,,,,,,,,,,,,,,,,,,,,,,,,,,,1,EA,,,,,,,,,,,,,,,,,,,,,,,,,,,,,,,,,,,,,US,No,Yes
,,,,,,55211BK,,,,55211BK,55211BK,55211BK Kichler Wall Light,KICHLER®,KICHLER®,KICHLER®,KICHLER,KICHLER,KICHLER®,KICHLER®,55211BK,,,"KICHLER®, Commercial Product, 55211BK - Commercial Grade Commercial Product",COMMERCIAL PRODUCT,"KICHLER®, 55211BK, Commercial Product",The KICHLER® 55211BK is a commercial-grade commercial product designed for professional and industrial applications.,KICHLER® 55211BK Commercial Product,The KICHLER® 55211BK is a commercial-grade commercial product designed for professional and industrial applications.,,,,,,,,,,,,,,,,,,,,,,,,,,KICHLER® 55211BK Commercial Product,,,,,,,,,,,,,,,,,,,,,,,,,,,,,,,,,,,,,,,,,,,,,,,,,,,,,,,,,,,,,,,,,,,,,,,,,,,,,,,,,,,,,,,,,,,,,,,,,,,,,,,,,,,,,,,,,,,,,,,,,,,,,,,,,,,,,,,,,,,,,,,,,,,,,,,,,,,,,1,EA,,,,,,,,,,,,,,,,,,,,,,,,,,,,,,,,,,,,,US,No,Yes
,,,,,,55211NI,,,,55211NI,55211NI,55211NI Kichler Wall Light,KICHLER®,KICHLER®,KICHLER®,KICHLER,KICHLER,KICHLER®,KICHLER®,55211NI,,,"KICHLER®, Commercial Product, 55211NI - Commercial Grade Commercial Product",COMMERCIAL PRODUCT,"KICHLER®, 55211NI, Commercial Product",The KICHLER® 55211NI is a commercial-grade commercial product designed for professional and industrial applications.,KICHLER® 55211NI Commercial Product,The KICHLER® 55211NI is a commercial-grade commercial product designed for professional and industrial applications.,,,,,,,,,,,,,,,,,,,,,,,,,,KICHLER® 55211NI Commercial Product,,,,,,,,,,,,,,,,,,,,,,,,,,,,,,,,,,,,,,,,,,,,,,,,,,,,,,,,,,,,,,,,,,,,,,,,,,,,,,,,,,,,,,,,,,,,,,,,,,,,,,,,,,,,,,,,,,,,,,,,,,,,,,,,,,,,,,,,,,,,,,,,,,,,,,,,,,,,,1,EA,,,,,,,,,,,,,,,,,,,,,,,,,,,,,,,,,,,,,US,No,Yes
,,,,,,55212NI,,,,55212NI,55212NI,55212NI Kichler Wall Light,KICHLER®,KICHLER®,KICHLER®,KICHLER,KICHLER,KICHLER®,KICHLER®,55212NI,,,"KICHLER®, Commercial Product, 55212NI - Commercial Grade Commercial Product",COMMERCIAL PRODUCT,"KICHLER®, 55212NI, Commercial Product",The KICHLER® 55212NI is a commercial-grade commercial product designed for professional and industrial applications.,KICHLER® 55212NI Commercial Product,The KICHLER® 55212NI is a commercial-grade commercial product designed for professional and industrial applications.,,,,,,,,,,,,,,,,,,,,,,,,,,KICHLER® 55212NI Commercial Product,,,,,,,,,,,,,,,,,,,,,,,,,,,,,,,,,,,,,,,,,,,,,,,,,,,,,,,,,,,,,,,,,,,,,,,,,,,,,,,,,,,,,,,,,,,,,,,,,,,,,,,,,,,,,,,,,,,,,,,,,,,,,,,,,,,,,,,,,,,,,,,,,,,,,,,,,,,,,1,EA,,,,,,,,,,,,,,,,,,,,,,,,,,,,,,,,,,,,,US,No,Yes
,,,,,,55226BKLFU,,,,55226BKLFU,55226BKLFU,55226BKFLU Kichler Wall Lt,KICHLER®,KICHLER®,KICHLER®,KICHLER,KICHLER,KICHLER®,KICHLER®,55226BKLFU,,,"KICHLER®, Commercial Product, 55226BKLFU - Commercial Grade Commercial Product",COMMERCIAL PRODUCT,"KICHLER®, 55226BKLFU, Commercial Product",The KICHLER® 55226BKLFU is a commercial-grade commercial product designed for professional and industrial applications.,KICHLER® 55226BKLFU Commercial Product,The KICHLER® 55226BKLFU is a commercial-grade commercial product designed for professional and industrial applications.,,,,,,,,,,,,,,,,,,,,,,,,,,KICHLER® 55226BKLFU Commercial Product,,,,,,,,,,,,,,,,,,,,,,,,,,,,,,,,,,,,,,,,,,,,,,,,,,,,,,,,,,,,,,,,,,,,,,,,,,,,,,,,,,,,,,,,,,,,,,,,,,,,,,,,,,,,,,,,,,,,,,,,,,,,,,,,,,,,,,,,,,,,,,,,,,,,,,,,,,,,,1,EA,,,,,,,,,,,,,,,,,,,,,,,,,,,,,,,,,,,,,US,No,Yes
,,,,,,55239CPZLED,,,,55239CPZLED,55239CPZLED,55239CPZLED Kichler Wall Lt,KICHLER®,KICHLER®,KICHLER®,KICHLER,KICHLER,KICHLER®,KICHLER®,55239CPZLED,,,"KICHLER®, Commercial Product, 55239CPZLED - Commercial Grade Commercial Product",COMMERCIAL PRODUCT,"KICHLER®, 55239CPZLED, Commercial Product",The KICHLER® 55239CPZLED is a commercial-grade commercial product designed for professional and industrial applications.,KICHLER® 55239CPZLED Commercial Product,The KICHLER® 55239CPZLED is a commercial-grade commercial product designed for professional and industrial applications.,,,,,,,,,,,,,,,,,,,,,,,,,,KICHLER® 55239CPZLED Commercial Product,,,,,,,,,,,,,,,,,,,,,,,,,,,,,,,,,,,,,,,,,,,,,,,,,,,,,,,,,,,,,,,,,,,,,,,,,,,,,,,,,,,,,,,,,,,,,,,,,,,,,,,,,,,,,,,,,,,,,,,,,,,,,,,,,,,,,,,,,,,,,,,,,,,,,,,,,,,,,1,EA,,,,,,,,,,,,,,,,,,,,,,,,,,,,,,,,,,,,,US,No,Yes
,,,,,,44072DBK,,,,44072DBK,44072DBK,44072DBK Kichler Chandelier Lt,KICHLER®,KICHLER®,KICHLER®,KICHLER,KICHLER,KICHLER®,KICHLER®,44072DBK,,,"KICHLER®, Commercial Product, 44072DBK - Commercial Grade Commercial Product",COMMERCIAL PRODUCT,"KICHLER®, 44072DBK, Commercial Product",The KICHLER® 44072DBK is a commercial-grade commercial product designed for professional and industrial applications.,KICHLER® 44072DBK Commercial Product,The KICHLER® 44072DBK is a commercial-grade commercial product designed for professional and industrial applications.,,,,,,,,,,,,,,,,,,,,,,,,,,KICHLER® 44072DBK Commercial Product,,,,,,,,,,,,,,,,,,,,,,,,,,,,,,,,,,,,,,,,,,,,,,,,,,,,,,,,,,,,,,,,,,,,,,,,,,,,,,,,,,,,,,,,,,,,,,,,,,,,,,,,,,,,,,,,,,,,,,,,,,,,,,,,,,,,,,,,,,,,,,,,,,,,,,,,,,,,,1,EA,,,,,,,,,,,,,,,,,,,,,,,,,,,,,,,,,,,,,US,No,Yes
,,,,,,44073NI,,,,44073NI,44073NI,44073NI Kichler Chandelier Lt,KICHLER®,KICHLER®,KICHLER®,KICHLER,KICHLER,KICHLER®,KICHLER®,44073NI,,,"KICHLER®, Commercial Product, 44073NI - Commercial Grade Commercial Product",COMMERCIAL PRODUCT,"KICHLER®, 44073NI, Commercial Product",The KICHLER® 44073NI is a commercial-grade commercial product designed for professional and industrial applications.,KICHLER® 44073NI Commercial Product,The KICHLER® 44073NI is a commercial-grade commercial product designed for professional and industrial applications.,,,,,,,,,,,,,,,,,,,,,,,,,,KICHLER® 44073NI Commercial Product,,,,,,,,,,,,,,,,,,,,,,,,,,,,,,,,,,,,,,,,,,,,,,,,,,,,,,,,,,,,,,,,,,,,,,,,,,,,,,,,,,,,,,,,,,,,,,,,,,,,,,,,,,,,,,,,,,,,,,,,,,,,,,,,,,,,,,,,,,,,,,,,,,,,,,,,,,,,,1,EA,,,,,,,,,,,,,,,,,,,,,,,,,,,,,,,,,,,,,US,No,Yes
,,,,,,52033BK,,,,52033BK,52033BK,52033BK Kichler Chandelier Lt,KICHLER®,KICHLER®,KICHLER®,KICHLER,KICHLER,KICHLER®,KICHLER®,52033BK,,,"KICHLER®, Commercial Product, 52033BK - Commercial Grade Commercial Product",COMMERCIAL PRODUCT,"KICHLER®, 52033BK, Commercial Product",The KICHLER® 52033BK is a commercial-grade commercial product designed for professional and industrial applications.,KICHLER® 52033BK Commercial Product,The KICHLER® 52033BK is a commercial-grade commercial product designed for professional and industrial applications.,,,,,,,,,,,,,,,,,,,,,,,,,,KICHLER® 52033BK Commercial Product,,,,,,,,,,,,,,,,,,,,,,,,,,,,,,,,,,,,,,,,,,,,,,,,,,,,,,,,,,,,,,,,,,,,,,,,,,,,,,,,,,,,,,,,,,,,,,,,,,,,,,,,,,,,,,,,,,,,,,,,,,,,,,,,,,,,,,,,,,,,,,,,,,,,,,,,,,,,,1,EA,,,,,,,,,,,,,,,,,,,,,,,,,,,,,,,,,,,,,US,No,Yes
,,,,,,84322WH,,,,84322WH,84322WH,84322WH Kichler Chandelier Lt,KICHLER®,KICHLER®,KICHLER®,KICHLER,KICHLER,KICHLER®,KICHLER®,84322WH,,,"KICHLER®, Commercial Product, 84322WH - Commercial Grade Commercial Product",COMMERCIAL PRODUCT,"KICHLER®, 84322WH, Commercial Product",The KICHLER® 84322WH is a commercial-grade commercial product designed for professional and industrial applications.,KICHLER® 84322WH Commercial Product,The KICHLER® 84322WH is a commercial-grade commercial product designed for professional and industrial applications.,,,,,,,,,,,,,,,,,,,,,,,,,,KICHLER® 84322WH Commercial Product,,,,,,,,,,,,,,,,,,,,,,,,,,,,,,,,,,,,,,,,,,,,,,,,,,,,,,,,,,,,,,,,,,,,,,,,,,,,,,,,,,,,,,,,,,,,,,,,,,,,,,,,,,,,,,,,,,,,,,,,,,,,,,,,,,,,,,,,,,,,,,,,,,,,,,,,,,,,,1,EA,,,,,,,,,,,,,,,,,,,,,,,,,,,,,,,,,,,,,US,No,Yes
,,,,,,52404BK,,,,52404BK,52404BK,52404BK Kichler Chandelier Lt,KICHLER®,KICHLER®,KICHLER®,KICHLER,KICHLER,KICHLER®,KICHLER®,52404BK,,,"KICHLER®, Commercial Product, 52404BK - Commercial Grade Commercial Product",COMMERCIAL PRODUCT,"KICHLER®, 52404BK, Commercial Product",The KICHLER® 52404BK is a commercial-grade commercial product designed for professional and industrial applications.,KICHLER® 52404BK Commercial Product,The KICHLER® 52404BK is a commercial-grade commercial product designed for professional and industrial applications.,,,,,,,,,,,,,,,,,,,,,,,,,,KICHLER® 52404BK Commercial Product,,,,,,,,,,,,,,,,,,,,,,,,,,,,,,,,,,,,,,,,,,,,,,,,,,,,,,,,,,,,,,,,,,,,,,,,,,,,,,,,,,,,,,,,,,,,,,,,,,,,,,,,,,,,,,,,,,,,,,,,,,,,,,,,,,,,,,,,,,,,,,,,,,,,,,,,,,,,,1,EA,,,,,,,,,,,,,,,,,,,,,,,,,,,,,,,,,,,,,US,No,Yes
,,,,,,34686A,,,,34686A,34686A,34686A Kichler Chandelier Lt,KICHLER®,KICHLER®,KICHLER®,KICHLER,KICHLER,KICHLER®,KICHLER®,34686A,,,"KICHLER®, Commercial Product, 34686A - Commercial Grade Commercial Product",COMMERCIAL PRODUCT,"KICHLER®, 34686A, Commercial Product",The KICHLER® 34686A is a commercial-grade commercial product designed for professional and industrial applications. Key Specifications include Amperage: 34686 A.,KICHLER® 34686A Commercial Product,The KICHLER® 34686A is a commercial-grade commercial product designed for professional and industrial applications. Key Specifications include Amperage: 34686 A.,,,,,,,,,,,,,,,,,,,,,,,,,,KICHLER® 34686A Commercial Product,Amperage,34686,A,,,,,,,,,,,,,,,,,,,,,,,,,,,,,,,,,,,,,,,,,,,,,,,,,,,,,,,,,,,,,,,,,,,,,,,,,,,,,,,,,,,,,,,,,,,,,,,,,,,,,,,,,,,,,,,,,,,,,,,,,,,,,,,,,,,,,,,,,,,,,,,,,,,,,,,,,,1,EA,,,,,,,,,,,,,,,,,,,,,,,,,,,,,,,,,,,,,US,No,Yes
,,,,,,34687A,,,,34687A,34687A,34687A Kichler Chandelier Lt,KICHLER®,KICHLER®,KICHLER®,KICHLER,KICHLER,KICHLER®,KICHLER®,34687A,,,"KICHLER®, Commercial Product, 34687A - Commercial Grade Commercial Product",COMMERCIAL PRODUCT,"KICHLER®, 34687A, Commercial Product",The KICHLER® 34687A is a commercial-grade commercial product designed for professional and industrial applications. Key Specifications include Amperage: 34687 A.,KICHLER® 34687A Commercial Product,The KICHLER® 34687A is a commercial-grade commercial product designed for professional and industrial applications. Key Specifications include Amperage: 34687 A.,,,,,,,,,,,,,,,,,,,,,,,,,,KICHLER® 34687A Commercial Product,Amperage,34687,A,,,,,,,,,,,,,,,,,,,,,,,,,,,,,,,,,,,,,,,,,,,,,,,,,,,,,,,,,,,,,,,,,,,,,,,,,,,,,,,,,,,,,,,,,,,,,,,,,,,,,,,,,,,,,,,,,,,,,,,,,,,,,,,,,,,,,,,,,,,,,,,,,,,,,,,,,,1,EA,,,,,,,,,,,,,,,,,,,,,,,,,,,,,,,,,,,,,US,No,Yes
,,,,,,34688A,,,,34688A,34688A,34688A Kichler Chandelier Lt,-,-,-,-,-,-,-,34688A,,,"-, Commercial Product, 34688A - Commercial Grade Commercial Product",COMMERCIAL PRODUCT,"-, 34688A, Commercial Product",The - 34688A is a commercial-grade commercial product designed for professional and industrial applications. Key Specifications include Amperage: 34688 A.,- 34688A Commercial Product,The - 34688A is a commercial-grade commercial product designed for professional and industrial applications. Key Specifications include Amperage: 34688 A.,,,,,,,,,,,,,,,,,,,,,,,,,,- 34688A Commercial Product,Amperage,34688,A,,,,,,,,,,,,,,,,,,,,,,,,,,,,,,,,,,,,,,,,,,,,,,,,,,,,,,,,,,,,,,,,,,,,,,,,,,,,,,,,,,,,,,,,,,,,,,,,,,,,,,,,,,,,,,,,,,,,,,,,,,,,,,,,,,,,,,,,,,,,,,,,,,,,,,,,,,1,EA,,,,,,,,,,,,,,,,,,,,,,,,,,,,,,,,,,,,,US,No,Yes
,,,,,,43671BKCLR,,,,43671BKCLR,43671BKCLR,43671BKCLR Kichler Chand Lt,KICHLER®,KICHLER®,KICHLER®,KICHLER,KICHLER,KICHLER®,KICHLER®,43671BKCLR,,,"KICHLER®, Commercial Product, 43671BKCLR - Commercial Grade Commercial Product",COMMERCIAL PRODUCT,"KICHLER®, 43671BKCLR, Commercial Product",The KICHLER® 43671BKCLR is a commercial-grade commercial product designed for professional and industrial applications.,KICHLER® 43671BKCLR Commercial Product,The KICHLER® 43671BKCLR is a commercial-grade commercial product designed for professional and industrial applications.,,,,,,,,,,,,,,,,,,,,,,,,,,KICHLER® 43671BKCLR Commercial Product,,,,,,,,,,,,,,,,,,,,,,,,,,,,,,,,,,,,,,,,,,,,,,,,,,,,,,,,,,,,,,,,,,,,,,,,,,,,,,,,,,,,,,,,,,,,,,,,,,,,,,,,,,,,,,,,,,,,,,,,,,,,,,,,,,,,,,,,,,,,,,,,,,,,,,,,,,,,,1,EA,,,,,,,,,,,,,,,,,,,,,,,,,,,,,,,,,,,,,US,No,Yes
,,,,,,52616BK,,,,52616BK,52616BK,52616BK Kichler Chandelier Lt,KICHLER®,KICHLER®,KICHLER®,KICHLER,KICHLER,KICHLER®,KICHLER®,52616BK,,,"KICHLER®, Commercial Product, 52616BK - Commercial Grade Commercial Product",COMMERCIAL PRODUCT,"KICHLER®, 52616BK, Commercial Product",The KICHLER® 52616BK is a commercial-grade commercial product designed for professional and industrial applications.,KICHLER® 52616BK Commercial Product,The KICHLER® 52616BK is a commercial-grade commercial product designed for professional and industrial applications.,,,,,,,,,,,,,,,,,,,,,,,,,,KICHLER® 52616BK Commercial Product,,,,,,,,,,,,,,,,,,,,,,,,,,,,,,,,,,,,,,,,,,,,,,,,,,,,,,,,,,,,,,,,,,,,,,,,,,,,,,,,,,,,,,,,,,,,,,,,,,,,,,,,,,,,,,,,,,,,,,,,,,,,,,,,,,,,,,,,,,,,,,,,,,,,,,,,,,,,,1,EA,,,,,,,,,,,,,,,,,,,,,,,,,,,,,,,,,,,,,US,No,Yes
,,,,,,52616NI,,,,52616NI,52616NI,52616NI Kichler Chandelier Lt,KICHLER®,KICHLER®,KICHLER®,KICHLER,KICHLER,KICHLER®,KICHLER®,52616NI,,,"KICHLER®, Commercial Product, 52616NI - Commercial Grade Commercial Product",COMMERCIAL PRODUCT,"KICHLER®, 52616NI, Commercial Product",The KICHLER® 52616NI is a commercial-grade commercial product designed for professional and industrial applications.,KICHLER® 52616NI Commercial Product,The KICHLER® 52616NI is a commercial-grade commercial product designed for professional and industrial applications.,,,,,,,,,,,,,,,,,,,,,,,,,,KICHLER® 52616NI Commercial Product,,,,,,,,,,,,,,,,,,,,,,,,,,,,,,,,,,,,,,,,,,,,,,,,,,,,,,,,,,,,,,,,,,,,,,,,,,,,,,,,,,,,,,,,,,,,,,,,,,,,,,,,,,,,,,,,,,,,,,,,,,,,,,,,,,,,,,,,,,,,,,,,,,,,,,,,,,,,,1,EA,,,,,,,,,,,,,,,,,,,,,,,,,,,,,,,,,,,,,US,No,Yes
,,,,,,52678BK,,,,52678BK,52678BK,52678BK Kichler Chandelier Lt,KICHLER®,KICHLER®,KICHLER®,KICHLER,KICHLER,KICHLER®,KICHLER®,52678BK,,,"KICHLER®, Commercial Product, 52678BK - Commercial Grade Commercial Product",COMMERCIAL PRODUCT,"KICHLER®, 52678BK, Commercial Product",The KICHLER® 52678BK is a commercial-grade commercial product designed for professional and industrial applications.,KICHLER® 52678BK Commercial Product,The KICHLER® 52678BK is a commercial-grade commercial product designed for professional and industrial applications.,,,,,,,,,,,,,,,,,,,,,,,,,,KICHLER® 52678BK Commercial Product,,,,,,,,,,,,,,,,,,,,,,,,,,,,,,,,,,,,,,,,,,,,,,,,,,,,,,,,,,,,,,,,,,,,,,,,,,,,,,,,,,,,,,,,,,,,,,,,,,,,,,,,,,,,,,,,,,,,,,,,,,,,,,,,,,,,,,,,,,,,,,,,,,,,,,,,,,,,,1,EA,,,,,,,,,,,,,,,,,,,,,,,,,,,,,,,,,,,,,US,No,Yes
,,,,,,52680CPZ,,,,52680CPZ,52680CPZ,52680CPZ Kichler Chandelier Lt,KICHLER®,KICHLER®,KICHLER®,KICHLER,KICHLER,KICHLER®,KICHLER®,52680CPZ,,,"KICHLER®, Commercial Product, 52680CPZ - Commercial Grade Commercial Product",COMMERCIAL PRODUCT,"KICHLER®, 52680CPZ, Commercial Product",The KICHLER® 52680CPZ is a commercial-grade commercial product designed for professional and industrial applications.,KICHLER® 52680CPZ Commercial Product,The KICHLER® 52680CPZ is a commercial-grade commercial product designed for professional and industrial applications.,,,,,,,,,,,,,,,,,,,,,,,,,,KICHLER® 52680CPZ Commercial Product,,,,,,,,,,,,,,,,,,,,,,,,,,,,,,,,,,,,,,,,,,,,,,,,,,,,,,,,,,,,,,,,,,,,,,,,,,,,,,,,,,,,,,,,,,,,,,,,,,,,,,,,,,,,,,,,,,,,,,,,,,,,,,,,,,,,,,,,,,,,,,,,,,,,,,,,,,,,,1,EA,,,,,,,,,,,,,,,,,,,,,,,,,,,,,,,,,,,,,US,No,Yes
,,,,,,52772BK,,,,52772BK,52772BK,52772BK Kichler Chandelier Lt,KICHLER®,KICHLER®,KICHLER®,KICHLER,KICHLER,KICHLER®,KICHLER®,52772BK,,,"KICHLER®, Commercial Product, 52772BK - Commercial Grade Commercial Product",COMMERCIAL PRODUCT,"KICHLER®, 52772BK, Commercial Product",The KICHLER® 52772BK is a commercial-grade commercial product designed for professional and industrial applications.,KICHLER® 52772BK Commercial Product,The KICHLER® 52772BK is a commercial-grade commercial product designed for professional and industrial applications.,,,,,,,,,,,,,,,,,,,,,,,,,,KICHLER® 52772BK Commercial Product,,,,,,,,,,,,,,,,,,,,,,,,,,,,,,,,,,,,,,,,,,,,,,,,,,,,,,,,,,,,,,,,,,,,,,,,,,,,,,,,,,,,,,,,,,,,,,,,,,,,,,,,,,,,,,,,,,,,,,,,,,,,,,,,,,,,,,,,,,,,,,,,,,,,,,,,,,,,,1,EA,,,,,,,,,,,,,,,,,,,,,,,,,,,,,,,,,,,,,US,No,Yes
,,,,,,82399,,,,82399,82399,82399 Kichler Chandelier Lt,KICHLER®,KICHLER®,KICHLER®,KICHLER,KICHLER,KICHLER®,KICHLER®,82399,,,"KICHLER®, Commercial Product, 82399 - Commercial Grade Commercial Product",COMMERCIAL PRODUCT,"KICHLER®, 82399, Commercial Product",The KICHLER® 82399 is a commercial-grade commercial product designed for professional and industrial applications.,KICHLER® 82399 Commercial Product,The KICHLER® 82399 is a commercial-grade commercial product designed for professional and industrial applications.,,,,,,,,,,,,,,,,,,,,,,,,,,KICHLER® 82399 Commercial Product,,,,,,,,,,,,,,,,,,,,,,,,,,,,,,,,,,,,,,,,,,,,,,,,,,,,,,,,,,,,,,,,,,,,,,,,,,,,,,,,,,,,,,,,,,,,,,,,,,,,,,,,,,,,,,,,,,,,,,,,,,,,,,,,,,,,,,,,,,,,,,,,,,,,,,,,,,,,,1,EA,,,,,,,,,,,,,,,,,,,,,,,,,,,,,,,,,,,,,US,No,Yes
,,,,,,65-771R3,,,,65-771R3,65-771R3,65-771R3 Nuvo Highbay Light,SATCO®,SATCO®,SATCO®,SATCO,SATCO,SATCO®,SATCO®,65-771R3,,,"SATCO®, Commercial Product, 65-771R3 - Commercial Grade Commercial Product",COMMERCIAL PRODUCT,"SATCO®, 65-771R3, Commercial Product",The SATCO® 65-771R3 is a commercial-grade commercial product designed for professional and industrial applications.,SATCO® 65-771R3 Commercial Product,The SATCO® 65-771R3 is a commercial-grade commercial product designed for professional and industrial applications.,,,,,,,,,,,,,,,,,,,,,,,,,,SATCO® 65-771R3 Commercial Product,,,,,,,,,,,,,,,,,,,,,,,,,,,,,,,,,,,,,,,,,,,,,,,,,,,,,,,,,,,,,,,,,,,,,,,,,,,,,,,,,,,,,,,,,,,,,,,,,,,,,,,,,,,,,,,,,,,,,,,,,,,,,,,,,,,,,,,,,,,,,,,,,,,,,,,,,,,,,1,EA,,,,,,,,,,,,,,,,,,,,,,,,,,,,,,,,,,,,,US,No,Yes
,,,,,,42955BK,,,,42955BK,42955BK,42955BK Kichler Ceiling Lt,KICHLER®,KICHLER®,KICHLER®,KICHLER,KICHLER,KICHLER®,KICHLER®,42955BK,,,"KICHLER®, Commercial Product, 42955BK - Commercial Grade Commercial Product",COMMERCIAL PRODUCT,"KICHLER®, 42955BK, Commercial Product",The KICHLER® 42955BK is a commercial-grade commercial product designed for professional and industrial applications.,KICHLER® 42955BK Commercial Product,The KICHLER® 42955BK is a commercial-grade commercial product designed for professional and industrial applications.,,,,,,,,,,,,,,,,,,,,,,,,,,KICHLER® 42955BK Commercial Product,,,,,,,,,,,,,,,,,,,,,,,,,,,,,,,,,,,,,,,,,,,,,,,,,,,,,,,,,,,,,,,,,,,,,,,,,,,,,,,,,,,,,,,,,,,,,,,,,,,,,,,,,,,,,,,,,,,,,,,,,,,,,,,,,,,,,,,,,,,,,,,,,,,,,,,,,,,,,1,EA,,,,,,,,,,,,,,,,,,,,,,,,,,,,,,,,,,,,,US,No,Yes
,,,,,,42275BK,,,,42275BK,42275BK,42275BK Kichler Ceiling Lt,KICHLER®,KICHLER®,KICHLER®,KICHLER,KICHLER,KICHLER®,KICHLER®,42275BK,,,"KICHLER®, Commercial Product, 42275BK - Commercial Grade Commercial Product",COMMERCIAL PRODUCT,"KICHLER®, 42275BK, Commercial Product",The KICHLER® 42275BK is a commercial-grade commercial product designed for professional and industrial applications.,KICHLER® 42275BK Commercial Product,The KICHLER® 42275BK is a commercial-grade commercial product designed for professional and industrial applications.,,,,,,,,,,,,,,,,,,,,,,,,,,KICHLER® 42275BK Commercial Product,,,,,,,,,,,,,,,,,,,,,,,,,,,,,,,,,,,,,,,,,,,,,,,,,,,,,,,,,,,,,,,,,,,,,,,,,,,,,,,,,,,,,,,,,,,,,,,,,,,,,,,,,,,,,,,,,,,,,,,,,,,,,,,,,,,,,,,,,,,,,,,,,,,,,,,,,,,,,1,EA,,,,,,,,,,,,,,,,,,,,,,,,,,,,,,,,,,,,,US,No,Yes
,,,,,,62-1850,,,,62-1850,62-1850,"62-1850 11"" Led Ceiling Light",SATCO®,SATCO®,SATCO®,SATCO,SATCO,SATCO®,SATCO®,62-1850,,,"SATCO®, Commercial Product, 62-1850 - Commercial Grade Commercial Product",COMMERCIAL PRODUCT,"SATCO®, 62-1850, Commercial Product",The SATCO® 62-1850 is a commercial-grade commercial product designed for professional and industrial applications.,SATCO® 62-1850 Commercial Product,The SATCO® 62-1850 is a commercial-grade commercial product designed for professional and industrial applications.,,,,,,,,,,,,,,,,,,,,,,,,,,SATCO® 62-1850 Commercial Product,,,,,,,,,,,,,,,,,,,,,,,,,,,,,,,,,,,,,,,,,,,,,,,,,,,,,,,,,,,,,,,,,,,,,,,,,,,,,,,,,,,,,,,,,,,,,,,,,,,,,,,,,,,,,,,,,,,,,,,,,,,,,,,,,,,,,,,,,,,,,,,,,,,,,,,,,,,,,1,EA,,,,,,,,,,,,,,,,,,,,,,,,,,,,,,,,,,,,,US,No,Yes
,,,,,,62-1852,,,,62-1852,62-1852,"62-1852 14"" Satco Led Ceiling Lt",SATCO®,SATCO®,SATCO®,SATCO,SATCO,SATCO®,SATCO®,62-1852,,,"SATCO®, Commercial Product, 62-1852 - Commercial Grade Commercial Product",COMMERCIAL PRODUCT,"SATCO®, 62-1852, Commercial Product",The SATCO® 62-1852 is a commercial-grade commercial product designed for professional and industrial applications.,SATCO® 62-1852 Commercial Product,The SATCO® 62-1852 is a commercial-grade commercial product designed for professional and industrial applications.,,,,,,,,,,,,,,,,,,,,,,,,,,SATCO® 62-1852 Commercial Product,,,,,,,,,,,,,,,,,,,,,,,,,,,,,,,,,,,,,,,,,,,,,,,,,,,,,,,,,,,,,,,,,,,,,,,,,,,,,,,,,,,,,,,,,,,,,,,,,,,,,,,,,,,,,,,,,,,,,,,,,,,,,,,,,,,,,,,,,,,,,,,,,,,,,,,,,,,,,1,EA,,,,,,,,,,,,,,,,,,,,,,,,,,,,,,,,,,,,,US,No,Yes
,,,,,,62-1875,,,,62-1875,62-1875,"62-1875 10"" Led Ceiling Lt Bn",SATCO®,SATCO®,SATCO®,SATCO,SATCO,SATCO®,SATCO®,62-1875,,,"SATCO®, Commercial Product, 62-1875 - Commercial Grade Commercial Product",COMMERCIAL PRODUCT,"SATCO®, 62-1875, Commercial Product",The SATCO® 62-1875 is a commercial-grade commercial product designed for professional and industrial applications. Engineered with brushed nickel finish. Key Specifications include Finish: Brushed Nickel.,SATCO® 62-1875 Commercial Product in Brushed Nickel,The SATCO® 62-1875 is a commercial-grade commercial product designed for professional and industrial applications. Engineered with brushed nickel finish. Key Specifications include Finish: Brushed Nickel.,,,,,,,,,,,,,,,,,,,,,,,,,,SATCO® 62-1875 Commercial Product in Brushed Nickel,Finish,Brushed Nickel,,,,,,,,,,,,,,,,,,,,,,,,,,,,,,,,,,,,,,,,,,,,,,,,,,,,,,,,,,,,,,,,,,,,,,,,,,,,,,,,,,,,,,,,,,,,,,,,,,,,,,,,,,,,,,,,,,,,,,,,,,,,,,,,,,,,,,,,,,,,,,,,,,,,,,,,,,,1,EA,,,,,,,,,,,,,,,,,,,,,,,,,,,,,,,,,,,,,US,No,Yes
,,,,,,62-1876,,,,62-1876,62-1876,"62-1876 13"" Satco Ceiling Light BN",SATCO®,SATCO®,SATCO®,SATCO,SATCO,SATCO®,SATCO®,62-1876,,,"SATCO®, Commercial Product, 62-1876 - Commercial Grade Commercial Product",COMMERCIAL PRODUCT,"SATCO®, 62-1876, Commercial Product",The SATCO® 62-1876 is a commercial-grade commercial product designed for professional and industrial applications. Engineered with brushed nickel finish. Key Specifications include Finish: Brushed Nickel.,SATCO® 62-1876 Commercial Product in Brushed Nickel,The SATCO® 62-1876 is a commercial-grade commercial product designed for professional and industrial applications. Engineered with brushed nickel finish. Key Specifications include Finish: Brushed Nickel.,,,,,,,,,,,,,,,,,,,,,,,,,,SATCO® 62-1876 Commercial Product in Brushed Nickel,Finish,Brushed Nickel,,,,,,,,,,,,,,,,,,,,,,,,,,,,,,,,,,,,,,,,,,,,,,,,,,,,,,,,,,,,,,,,,,,,,,,,,,,,,,,,,,,,,,,,,,,,,,,,,,,,,,,,,,,,,,,,,,,,,,,,,,,,,,,,,,,,,,,,,,,,,,,,,,,,,,,,,,,1,EA,,,,,,,,,,,,,,,,,,,,,,,,,,,,,,,,,,,,,US,No,Yes
,,,,,,42296BK,,,,42296BK,42296BK,42296BK Kichler Ceiling Lt,KICHLER®,KICHLER®,KICHLER®,KICHLER,KICHLER,KICHLER®,KICHLER®,42296BK,,,"KICHLER®, Commercial Product, 42296BK - Commercial Grade Commercial Product",COMMERCIAL PRODUCT,"KICHLER®, 42296BK, Commercial Product",The KICHLER® 42296BK is a commercial-grade commercial product designed for professional and industrial applications.,KICHLER® 42296BK Commercial Product,The KICHLER® 42296BK is a commercial-grade commercial product designed for professional and industrial applications.,,,,,,,,,,,,,,,,,,,,,,,,,,KICHLER® 42296BK Commercial Product,,,,,,,,,,,,,,,,,,,,,,,,,,,,,,,,,,,,,,,,,,,,,,,,,,,,,,,,,,,,,,,,,,,,,,,,,,,,,,,,,,,,,,,,,,,,,,,,,,,,,,,,,,,,,,,,,,,,,,,,,,,,,,,,,,,,,,,,,,,,,,,,,,,,,,,,,,,,,1,EA,,,,,,,,,,,,,,,,,,,,,,,,,,,,,,,,,,,,,US,No,Yes
,,,,,,43913BK,,,,43913BK,43913BK,43913BK Kichler Pendant Lt,KICHLER®,KICHLER®,KICHLER®,KICHLER,KICHLER,KICHLER®,KICHLER®,43913BK,,,"KICHLER®, Commercial Product, 43913BK - Commercial Grade Commercial Product",COMMERCIAL PRODUCT,"KICHLER®, 43913BK, Commercial Product",The KICHLER® 43913BK is a commercial-grade commercial product designed for professional and industrial applications.,KICHLER® 43913BK Commercial Product,The KICHLER® 43913BK is a commercial-grade commercial product designed for professional and industrial applications.,,,,,,,,,,,,,,,,,,,,,,,,,,KICHLER® 43913BK Commercial Product,,,,,,,,,,,,,,,,,,,,,,,,,,,,,,,,,,,,,,,,,,,,,,,,,,,,,,,,,,,,,,,,,,,,,,,,,,,,,,,,,,,,,,,,,,,,,,,,,,,,,,,,,,,,,,,,,,,,,,,,,,,,,,,,,,,,,,,,,,,,,,,,,,,,,,,,,,,,,1,EA,,,,,,,,,,,,,,,,,,,,,,,,,,,,,,,,,,,,,US,No,Yes
,,,,,,HLSMS9129FS1E,,,,HLSMS9129FS1E,HLSMS9129FS1E,"HLSMS9129FS1E 9"" Motion Lt",Cooper Lighting,Cooper Lighting,Cooper Lighting,Cooper Lighting,Cooper Lighting,Cooper Lighting,Cooper Lighting,HLSMS9129FS1E,,,"Cooper Lighting, Commercial Product, HLSMS9129FS1E - Commercial Grade Commercial",COMMERCIAL PRODUCT,"Cooper Lighting, HLSMS9129FS1E, Commercial Product",The Cooper Lighting HLSMS9129FS1E is a commercial-grade commercial product designed for professional and industrial applications.,Cooper Lighting HLSMS9129FS1E Commercial Product,The Cooper Lighting HLSMS9129FS1E is a commercial-grade commercial product designed for professional and industrial applications.,,,,,,,,,,,,,,,,,,,,,,,,,,Cooper Lighting HLSMS9129FS1E Commercial Product,,,,,,,,,,,,,,,,,,,,,,,,,,,,,,,,,,,,,,,,,,,,,,,,,,,,,,,,,,,,,,,,,,,,,,,,,,,,,,,,,,,,,,,,,,,,,,,,,,,,,,,,,,,,,,,,,,,,,,,,,,,,,,,,,,,,,,,,,,,,,,,,,,,,,,,,,,,,,1,EA,,,,,,,,,,,,,,,,,,,,,,,,,,,,,,,,,,,,,US,No,Yes
,,,,,,64-110,,,,64-110,64-110,64-110 Satco Tape Light 16',SATCO®,SATCO®,SATCO®,SATCO,SATCO,SATCO®,SATCO®,64-110,,,"SATCO®, Commercial Product, 64-110 - Commercial Grade Commercial Product",COMMERCIAL PRODUCT,"SATCO®, 64-110, Commercial Product",The SATCO® 64-110 is a commercial-grade commercial product designed for professional and industrial applications.,SATCO® 64-110 Commercial Product,The SATCO® 64-110 is a commercial-grade commercial product designed for professional and industrial applications.,,,,,,,,,,,,,,,,,,,,,,,,,,SATCO® 64-110 Commercial Product,,,,,,,,,,,,,,,,,,,,,,,,,,,,,,,,,,,,,,,,,,,,,,,,,,,,,,,,,,,,,,,,,,,,,,,,,,,,,,,,,,,,,,,,,,,,,,,,,,,,,,,,,,,,,,,,,,,,,,,,,,,,,,,,,,,,,,,,,,,,,,,,,,,,,,,,,,,,,1,EA,,,,,,,,,,,,,,,,,,,,,,,,,,,,,,,,,,,,,US,No,Yes
,,,,,,603571,,,,603571,603571,603571 3' Strip Light Ext,PHILIPS LIGHTING®,PHILIPS LIGHTING®,PHILIPS LIGHTING®,PHILIPS LIGHTING,PHILIPS LIGHTING,PHILIPS LIGHTING®,PHILIPS LIGHTING®,603571,,,"PHILIPS LIGHTING®, Commercial Product, 603571 - Commercial Grade Commercial Prod",COMMERCIAL PRODUCT,"PHILIPS LIGHTING®, 603571, Commercial Product",The PHILIPS LIGHTING® 603571 is a commercial-grade commercial product designed for professional and industrial applications.,PHILIPS LIGHTING® 603571 Commercial Product,The PHILIPS LIGHTING® 603571 is a commercial-grade commercial product designed for professional and industrial applications.,,,,,,,,,,,,,,,,,,,,,,,,,,PHILIPS LIGHTING® 603571 Commercial Product,,,,,,,,,,,,,,,,,,,,,,,,,,,,,,,,,,,,,,,,,,,,,,,,,,,,,,,,,,,,,,,,,,,,,,,,,,,,,,,,,,,,,,,,,,,,,,,,,,,,,,,,,,,,,,,,,,,,,,,,,,,,,,,,,,,,,,,,,,,,,,,,,,,,,,,,,,,,,1,EA,,,,,,,,,,,,,,,,,,,,,,,,,,,,,,,,,,,,,US,No,Yes
,,,,,,65-572R1,,,,65-572R1,65-572R1,65572 Satco 2x4 Led Flat Panel,SATCO®,SATCO®,SATCO®,SATCO,SATCO,SATCO®,SATCO®,65-572R1,,,"SATCO®, Commercial Product, 65-572R1, 2x4 - Commercial Grade Commercial Product",COMMERCIAL PRODUCT 2X4,"SATCO®, 65-572R1, Commercial Product, 2x4",The SATCO® 65-572R1 is a commercial-grade commercial product designed for professional and industrial applications. Engineered with measuring 2x4. Key Specifications include ArborSize: 4.,SATCO® 65-572R1 Commercial Product (2x4),The SATCO® 65-572R1 is a commercial-grade commercial product designed for professional and industrial applications. Engineered with measuring 2x4. Key Specifications include ArborSize: 4.,Precision dimensions: 2x4,,,,,,,,,,,,,,,,,,,,,,,,,SATCO® 65-572R1 Commercial Product (2x4),Dimensions,2x4,in,Arbor Size,4,in,,,,,,,,,,,,,,,,,,,,,,,,,,,,,,,,,,,,,,,,,,,,,,,,,,,,,,,,,,,,,,,,,,,,,,,,,,,,,,,,,,,,,,,,,,,,,,,,,,,,,,,,,,,,,,,,,,,,,,,,,,,,,,,,,,,,,,,,,,,,,,,,,,,,,,,1,EA,,,,,,,,,,,,,,,,,,,,,,,,,,,,,,,,,,,,,US,No,Yes
,,,,,,52476AVI,,,,52476AVI,52476AVI,52476AVI Kichler Pendant Lt,KICHLER®,KICHLER®,KICHLER®,KICHLER,KICHLER,KICHLER®,KICHLER®,52476AVI,,,"KICHLER®, Commercial Product, 52476AVI - Commercial Grade Commercial Product",COMMERCIAL PRODUCT,"KICHLER®, 52476AVI, Commercial Product",The KICHLER® 52476AVI is a commercial-grade commercial product designed for professional and industrial applications.,KICHLER® 52476AVI Commercial Product,The KICHLER® 52476AVI is a commercial-grade commercial product designed for professional and industrial applications.,,,,,,,,,,,,,,,,,,,,,,,,,,KICHLER® 52476AVI Commercial Product,,,,,,,,,,,,,,,,,,,,,,,,,,,,,,,,,,,,,,,,,,,,,,,,,,,,,,,,,,,,,,,,,,,,,,,,,,,,,,,,,,,,,,,,,,,,,,,,,,,,,,,,,,,,,,,,,,,,,,,,,,,,,,,,,,,,,,,,,,,,,,,,,,,,,,,,,,,,,1,EA,,,,,,,,,,,,,,,,,,,,,,,,,,,,,,,,,,,,,US,No,Yes
,,,,,,42199BK,,,,42199BK,42199BK,42199BK Kichler Pendant Lt,KICHLER®,KICHLER®,KICHLER®,KICHLER,KICHLER,KICHLER®,KICHLER®,42199BK,,,"KICHLER®, Commercial Product, 42199BK - Commercial Grade Commercial Product",COMMERCIAL PRODUCT,"KICHLER®, 42199BK, Commercial Product",The KICHLER® 42199BK is a commercial-grade commercial product designed for professional and industrial applications.,KICHLER® 42199BK Commercial Product,The KICHLER® 42199BK is a commercial-grade commercial product designed for professional and industrial applications.,,,,,,,,,,,,,,,,,,,,,,,,,,KICHLER® 42199BK Commercial Product,,,,,,,,,,,,,,,,,,,,,,,,,,,,,,,,,,,,,,,,,,,,,,,,,,,,,,,,,,,,,,,,,,,,,,,,,,,,,,,,,,,,,,,,,,,,,,,,,,,,,,,,,,,,,,,,,,,,,,,,,,,,,,,,,,,,,,,,,,,,,,,,,,,,,,,,,,,,,1,EA,,,,,,,,,,,,,,,,,,,,,,,,,,,,,,,,,,,,,US,No,Yes
,,,,,,42199BKCS,,,,42199BKCS,42199BKCS,42199BKCS Kichler Pendant Lt,KICHLER®,KICHLER®,KICHLER®,KICHLER,KICHLER,KICHLER®,KICHLER®,42199BKCS,,,"KICHLER®, Commercial Product, 42199BKCS - Commercial Grade Commercial Product",COMMERCIAL PRODUCT,"KICHLER®, 42199BKCS, Commercial Product",The KICHLER® 42199BKCS is a commercial-grade commercial product designed for professional and industrial applications.,KICHLER® 42199BKCS Commercial Product,The KICHLER® 42199BKCS is a commercial-grade commercial product designed for professional and industrial applications.,,,,,,,,,,,,,,,,,,,,,,,,,,KICHLER® 42199BKCS Commercial Product,,,,,,,,,,,,,,,,,,,,,,,,,,,,,,,,,,,,,,,,,,,,,,,,,,,,,,,,,,,,,,,,,,,,,,,,,,,,,,,,,,,,,,,,,,,,,,,,,,,,,,,,,,,,,,,,,,,,,,,,,,,,,,,,,,,,,,,,,,,,,,,,,,,,,,,,,,,,,1,EA,,,,,,,,,,,,,,,,,,,,,,,,,,,,,,,,,,,,,US,No,Yes
,,,,,,42200BK,,,,42200BK,42200BK,42200BK Kichler Pendant Lt,KICHLER®,KICHLER®,KICHLER®,KICHLER,KICHLER,KICHLER®,KICHLER®,42200BK,,,"KICHLER®, Commercial Product, 42200BK - Commercial Grade Commercial Product",COMMERCIAL PRODUCT,"KICHLER®, 42200BK, Commercial Product",The KICHLER® 42200BK is a commercial-grade commercial product designed for professional and industrial applications.,KICHLER® 42200BK Commercial Product,The KICHLER® 42200BK is a commercial-grade commercial product designed for professional and industrial applications.,,,,,,,,,,,,,,,,,,,,,,,,,,KICHLER® 42200BK Commercial Product,,,,,,,,,,,,,,,,,,,,,,,,,,,,,,,,,,,,,,,,,,,,,,,,,,,,,,,,,,,,,,,,,,,,,,,,,,,,,,,,,,,,,,,,,,,,,,,,,,,,,,,,,,,,,,,,,,,,,,,,,,,,,,,,,,,,,,,,,,,,,,,,,,,,,,,,,,,,,1,EA,,,,,,,,,,,,,,,,,,,,,,,,,,,,,,,,,,,,,US,No,Yes
,,,,,,42200BKCS,,,,42200BKCS,42200BKCS,42200BKCS Kichler Pendant Lt,KICHLER®,KICHLER®,KICHLER®,KICHLER,KICHLER,KICHLER®,KICHLER®,42200BKCS,,,"KICHLER®, Commercial Product, 42200BKCS - Commercial Grade Commercial Product",COMMERCIAL PRODUCT,"KICHLER®, 42200BKCS, Commercial Product",The KICHLER® 42200BKCS is a commercial-grade commercial product designed for professional and industrial applications.,KICHLER® 42200BKCS Commercial Product,The KICHLER® 42200BKCS is a commercial-grade commercial product designed for professional and industrial applications.,,,,,,,,,,,,,,,,,,,,,,,,,,KICHLER® 42200BKCS Commercial Product,,,,,,,,,,,,,,,,,,,,,,,,,,,,,,,,,,,,,,,,,,,,,,,,,,,,,,,,,,,,,,,,,,,,,,,,,,,,,,,,,,,,,,,,,,,,,,,,,,,,,,,,,,,,,,,,,,,,,,,,,,,,,,,,,,,,,,,,,,,,,,,,,,,,,,,,,,,,,1,EA,,,,,,,,,,,,,,,,,,,,,,,,,,,,,,,,,,,,,US,No,Yes
,,,,,,43851BK,,,,43851BK,43851BK,43851BK Kichler Pendant Lt,KICHLER®,KICHLER®,KICHLER®,KICHLER,KICHLER,KICHLER®,KICHLER®,43851BK,,,"KICHLER®, Commercial Product, 43851BK - Commercial Grade Commercial Product",COMMERCIAL PRODUCT,"KICHLER®, 43851BK, Commercial Product",The KICHLER® 43851BK is a commercial-grade commercial product designed for professional and industrial applications.,KICHLER® 43851BK Commercial Product,The KICHLER® 43851BK is a commercial-grade commercial product designed for professional and industrial applications.,,,,,,,,,,,,,,,,,,,,,,,,,,KICHLER® 43851BK Commercial Product,,,,,,,,,,,,,,,,,,,,,,,,,,,,,,,,,,,,,,,,,,,,,,,,,,,,,,,,,,,,,,,,,,,,,,,,,,,,,,,,,,,,,,,,,,,,,,,,,,,,,,,,,,,,,,,,,,,,,,,,,,,,,,,,,,,,,,,,,,,,,,,,,,,,,,,,,,,,,1,EA,,,,,,,,,,,,,,,,,,,,,,,,,,,,,,,,,,,,,US,No,Yes
,,,,,,43852BK,,,,43852BK,43852BK,43852BK Kichler Pendant Lt,KICHLER®,KICHLER®,KICHLER®,KICHLER,KICHLER,KICHLER®,KICHLER®,43852BK,,,"KICHLER®, Commercial Product, 43852BK - Commercial Grade Commercial Product",COMMERCIAL PRODUCT,"KICHLER®, 43852BK, Commercial Product",The KICHLER® 43852BK is a commercial-grade commercial product designed for professional and industrial applications.,KICHLER® 43852BK Commercial Product,The KICHLER® 43852BK is a commercial-grade commercial product designed for professional and industrial applications.,,,,,,,,,,,,,,,,,,,,,,,,,,KICHLER® 43852BK Commercial Product,,,,,,,,,,,,,,,,,,,,,,,,,,,,,,,,,,,,,,,,,,,,,,,,,,,,,,,,,,,,,,,,,,,,,,,,,,,,,,,,,,,,,,,,,,,,,,,,,,,,,,,,,,,,,,,,,,,,,,,,,,,,,,,,,,,,,,,,,,,,,,,,,,,,,,,,,,,,,1,EA,,,,,,,,,,,,,,,,,,,,,,,,,,,,,,,,,,,,,US,No,Yes
,,,,,,43853BK,,,,43853BK,43853BK,43853BK Kichler Pendant Lt,KICHLER®,KICHLER®,KICHLER®,KICHLER,KICHLER,KICHLER®,KICHLER®,43853BK,,,"KICHLER®, Commercial Product, 43853BK - Commercial Grade Commercial Product",COMMERCIAL PRODUCT,"KICHLER®, 43853BK, Commercial Product",The KICHLER® 43853BK is a commercial-grade commercial product designed for professional and industrial applications.,KICHLER® 43853BK Commercial Product,The KICHLER® 43853BK is a commercial-grade commercial product designed for professional and industrial applications.,,,,,,,,,,,,,,,,,,,,,,,,,,KICHLER® 43853BK Commercial Product,,,,,,,,,,,,,,,,,,,,,,,,,,,,,,,,,,,,,,,,,,,,,,,,,,,,,,,,,,,,,,,,,,,,,,,,,,,,,,,,,,,,,,,,,,,,,,,,,,,,,,,,,,,,,,,,,,,,,,,,,,,,,,,,,,,,,,,,,,,,,,,,,,,,,,,,,,,,,1,EA,,,,,,,,,,,,,,,,,,,,,,,,,,,,,,,,,,,,,US,No,Yes
,,,,,,43905BK,,,,43905BK,43905BK,43905BK Kichler Pendant Lt,KICHLER®,KICHLER®,KICHLER®,KICHLER,KICHLER,KICHLER®,KICHLER®,43905BK,,,"KICHLER®, Commercial Product, 43905BK - Commercial Grade Commercial Product",COMMERCIAL PRODUCT,"KICHLER®, 43905BK, Commercial Product",The KICHLER® 43905BK is a commercial-grade commercial product designed for professional and industrial applications.,KICHLER® 43905BK Commercial Product,The KICHLER® 43905BK is a commercial-grade commercial product designed for professional and industrial applications.,,,,,,,,,,,,,,,,,,,,,,,,,,KICHLER® 43905BK Commercial Product,,,,,,,,,,,,,,,,,,,,,,,,,,,,,,,,,,,,,,,,,,,,,,,,,,,,,,,,,,,,,,,,,,,,,,,,,,,,,,,,,,,,,,,,,,,,,,,,,,,,,,,,,,,,,,,,,,,,,,,,,,,,,,,,,,,,,,,,,,,,,,,,,,,,,,,,,,,,,1,EA,,,,,,,,,,,,,,,,,,,,,,,,,,,,,,,,,,,,,US,No,Yes
,,,,,,43911BK,,,,43911BK,43911BK,43911BK Kichler Pendant Lt,KICHLER®,KICHLER®,KICHLER®,KICHLER,KICHLER,KICHLER®,KICHLER®,43911BK,,,"KICHLER®, Commercial Product, 43911BK - Commercial Grade Commercial Product",COMMERCIAL PRODUCT,"KICHLER®, 43911BK, Commercial Product",The KICHLER® 43911BK is a commercial-grade commercial product designed for professional and industrial applications.,KICHLER® 43911BK Commercial Product,The KICHLER® 43911BK is a commercial-grade commercial product designed for professional and industrial applications.,,,,,,,,,,,,,,,,,,,,,,,,,,KICHLER® 43911BK Commercial Product,,,,,,,,,,,,,,,,,,,,,,,,,,,,,,,,,,,,,,,,,,,,,,,,,,,,,,,,,,,,,,,,,,,,,,,,,,,,,,,,,,,,,,,,,,,,,,,,,,,,,,,,,,,,,,,,,,,,,,,,,,,,,,,,,,,,,,,,,,,,,,,,,,,,,,,,,,,,,1,EA,,,,,,,,,,,,,,,,,,,,,,,,,,,,,,,,,,,,,US,No,Yes
,,,,,,52529BK,,,,52529BK,52529BK,52529BK Kichler Pendant Light,KICHLER®,KICHLER®,KICHLER®,KICHLER,KICHLER,KICHLER®,KICHLER®,52529BK,,,"KICHLER®, Commercial Product, 52529BK - Commercial Grade Commercial Product",COMMERCIAL PRODUCT,"KICHLER®, 52529BK, Commercial Product",The KICHLER® 52529BK is a commercial-grade commercial product designed for professional and industrial applications.,KICHLER® 52529BK Commercial Product,The KICHLER® 52529BK is a commercial-grade commercial product designed for professional and industrial applications.,,,,,,,,,,,,,,,,,,,,,,,,,,KICHLER® 52529BK Commercial Product,,,,,,,,,,,,,,,,,,,,,,,,,,,,,,,,,,,,,,,,,,,,,,,,,,,,,,,,,,,,,,,,,,,,,,,,,,,,,,,,,,,,,,,,,,,,,,,,,,,,,,,,,,,,,,,,,,,,,,,,,,,,,,,,,,,,,,,,,,,,,,,,,,,,,,,,,,,,,1,EA,,,,,,,,,,,,,,,,,,,,,,,,,,,,,,,,,,,,,US,No,Yes
,,,,,,52662BKCLR,,,,52662BKCLR,52662BKCLR,52662BKCLR Kichler Pendant Lt,KICHLER®,KICHLER®,KICHLER®,KICHLER,KICHLER,KICHLER®,KICHLER®,52662BKCLR,,,"KICHLER®, Commercial Product, 52662BKCLR - Commercial Grade Commercial Product",COMMERCIAL PRODUCT,"KICHLER®, 52662BKCLR, Commercial Product",The KICHLER® 52662BKCLR is a commercial-grade commercial product designed for professional and industrial applications.,KICHLER® 52662BKCLR Commercial Product,The KICHLER® 52662BKCLR is a commercial-grade commercial product designed for professional and industrial applications.,,,,,,,,,,,,,,,,,,,,,,,,,,KICHLER® 52662BKCLR Commercial Product,,,,,,,,,,,,,,,,,,,,,,,,,,,,,,,,,,,,,,,,,,,,,,,,,,,,,,,,,,,,,,,,,,,,,,,,,,,,,,,,,,,,,,,,,,,,,,,,,,,,,,,,,,,,,,,,,,,,,,,,,,,,,,,,,,,,,,,,,,,,,,,,,,,,,,,,,,,,,1,EA,,,,,,,,,,,,,,,,,,,,,,,,,,,,,,,,,,,,,US,No,Yes
,,,,,,52734CPZ,,,,52734CPZ,52734CPZ,52734CPZ Kichler Pendant Light,KICHLER®,KICHLER®,KICHLER®,KICHLER,KICHLER,KICHLER®,KICHLER®,52734CPZ,,,"KICHLER®, Pendant Light, 52734CPZ - Commercial Grade Pendant Light",PENDANT LIGHT,"KICHLER®, 52734CPZ, Pendant Light",The KICHLER® 52734CPZ is a commercial-grade pendant light designed for professional and industrial applications.,KICHLER® 52734CPZ Pendant Light,The KICHLER® 52734CPZ is a commercial-grade pendant light designed for professional and industrial applications.,,,,,,,,,,,,,,,,,,,,,,,,,,KICHLER® 52734CPZ Pendant Light,Item Type,Pendant Light,,,,,,,,,,,,,,,,,,,,,,,,,,,,,,,,,,,,,,,,,,,,,,,,,,,,,,,,,,,,,,,,,,,,,,,,,,,,,,,,,,,,,,,,,,,,,,,,,,,,,,,,,,,,,,,,,,,,,,,,,,,,,,,,,,,,,,,,,,,,,,,,,,,,,,,,,,,1,EA,,,,,,,,,,,,,,,,,,,,,,,,,,,,,,,,,,,,,US,No,Yes
,,,,,,82400,,,,82400,82400,82400 Kichler Pendant Lt,KICHLER®,KICHLER®,KICHLER®,KICHLER,KICHLER,KICHLER®,KICHLER®,82400,,,"KICHLER®, Commercial Product, 82400 - Commercial Grade Commercial Product",COMMERCIAL PRODUCT,"KICHLER®, 82400, Commercial Product",The KICHLER® 82400 is a commercial-grade commercial product designed for professional and industrial applications.,KICHLER® 82400 Commercial Product,The KICHLER® 82400 is a commercial-grade commercial product designed for professional and industrial applications.,,,,,,,,,,,,,,,,,,,,,,,,,,KICHLER® 82400 Commercial Product,,,,,,,,,,,,,,,,,,,,,,,,,,,,,,,,,,,,,,,,,,,,,,,,,,,,,,,,,,,,,,,,,,,,,,,,,,,,,,,,,,,,,,,,,,,,,,,,,,,,,,,,,,,,,,,,,,,,,,,,,,,,,,,,,,,,,,,,,,,,,,,,,,,,,,,,,,,,,1,EA,,,,,,,,,,,,,,,,,,,,,,,,,,,,,,,,,,,,,US,No,Yes
,,,,,,S11606,,,,S11606,S11606,"S11606 8"" Round Down Lt 30K",SATCO®,SATCO®,SATCO®,SATCO,SATCO,SATCO®,SATCO®,S11606,,,"SATCO®, Commercial Product, S11606 - Commercial Grade Commercial Product",COMMERCIAL PRODUCT,"SATCO®, S11606, Commercial Product",The SATCO® S11606 is a commercial-grade commercial product designed for professional and industrial applications.,SATCO® S11606 Commercial Product,The SATCO® S11606 is a commercial-grade commercial product designed for professional and industrial applications.,,,,,,,,,,,,,,,,,,,,,,,,,,SATCO® S11606 Commercial Product,,,,,,,,,,,,,,,,,,,,,,,,,,,,,,,,,,,,,,,,,,,,,,,,,,,,,,,,,,,,,,,,,,,,,,,,,,,,,,,,,,,,,,,,,,,,,,,,,,,,,,,,,,,,,,,,,,,,,,,,,,,,,,,,,,,,,,,,,,,,,,,,,,,,,,,,,,,,,1,EA,,,,,,,,,,,,,,,,,,,,,,,,,,,,,,,,,,,,,US,No,Yes
,,,,,,S11828,,,,S11828,S11828,"S11828 8"" Led Down Light",SATCO®,SATCO®,SATCO®,SATCO,SATCO,SATCO®,SATCO®,S11828,,,"SATCO®, Commercial Product, S11828 - Commercial Grade Commercial Product",COMMERCIAL PRODUCT,"SATCO®, S11828, Commercial Product",The SATCO® S11828 is a commercial-grade commercial product designed for professional and industrial applications.,SATCO® S11828 Commercial Product,The SATCO® S11828 is a commercial-grade commercial product designed for professional and industrial applications.,,,,,,,,,,,,,,,,,,,,,,,,,,SATCO® S11828 Commercial Product,,,,,,,,,,,,,,,,,,,,,,,,,,,,,,,,,,,,,,,,,,,,,,,,,,,,,,,,,,,,,,,,,,,,,,,,,,,,,,,,,,,,,,,,,,,,,,,,,,,,,,,,,,,,,,,,,,,,,,,,,,,,,,,,,,,,,,,,,,,,,,,,,,,,,,,,,,,,,1,EA,,,,,,,,,,,,,,,,,,,,,,,,,,,,,,,,,,,,,US,No,Yes
,,,,,,801274,,,,801274,801274,"801274 10w LED 6"" Retro 50k",PHILIPS LIGHTING®,PHILIPS LIGHTING®,PHILIPS LIGHTING®,PHILIPS LIGHTING,PHILIPS LIGHTING,PHILIPS LIGHTING®,PHILIPS LIGHTING®,801274,,,"PHILIPS LIGHTING®, Commercial Product, 801274 - Commercial Grade Commercial Prod",COMMERCIAL PRODUCT,"PHILIPS LIGHTING®, 801274, Commercial Product",The PHILIPS LIGHTING® 801274 is a commercial-grade commercial product designed for professional and industrial applications.,PHILIPS LIGHTING® 801274 Commercial Product,The PHILIPS LIGHTING® 801274 is a commercial-grade commercial product designed for professional and industrial applications.,,,,,,,,,,,,,,,,,,,,,,,,,,PHILIPS LIGHTING® 801274 Commercial Product,,,,,,,,,,,,,,,,,,,,,,,,,,,,,,,,,,,,,,,,,,,,,,,,,,,,,,,,,,,,,,,,,,,,,,,,,,,,,,,,,,,,,,,,,,,,,,,,,,,,,,,,,,,,,,,,,,,,,,,,,,,,,,,,,,,,,,,,,,,,,,,,,,,,,,,,,,,,,1,EA,,,,,,,,,,,,,,,,,,,,,,,,,,,,,,,,,,,,,US,No,Yes
,,,,,,S11860,,,,S11860,S11860,"S11860 6"" Downlight White 5 CCT",SATCO®,SATCO®,SATCO®,SATCO,SATCO,SATCO®,SATCO®,S11860,,,"SATCO®, Commercial Product, S11860 - Commercial Grade Commercial Product",COMMERCIAL PRODUCT,"SATCO®, S11860, Commercial Product",The SATCO® S11860 is a commercial-grade commercial product designed for professional and industrial applications.,SATCO® S11860 Commercial Product,The SATCO® S11860 is a commercial-grade commercial product designed for professional and industrial applications.,,,,,,,,,,,,,,,,,,,,,,,,,,SATCO® S11860 Commercial Product,,,,,,,,,,,,,,,,,,,,,,,,,,,,,,,,,,,,,,,,,,,,,,,,,,,,,,,,,,,,,,,,,,,,,,,,,,,,,,,,,,,,,,,,,,,,,,,,,,,,,,,,,,,,,,,,,,,,,,,,,,,,,,,,,,,,,,,,,,,,,,,,,,,,,,,,,,,,,1,EA,,,,,,,,,,,,,,,,,,,,,,,,,,,,,,,,,,,,,US,No,Yes
,,,,,,S11562,,,,S11562,S11562,"S11562 Starfish 6"" D/W Downlight",SATCO®,SATCO®,SATCO®,SATCO,SATCO,SATCO®,SATCO®,S11562,,,"SATCO®, Commercial Product, S11562 - Commercial Grade Commercial Product",COMMERCIAL PRODUCT,"SATCO®, S11562, Commercial Product",The SATCO® S11562 is a commercial-grade commercial product designed for professional and industrial applications.,SATCO® S11562 Commercial Product,The SATCO® S11562 is a commercial-grade commercial product designed for professional and industrial applications.,,,,,,,,,,,,,,,,,,,,,,,,,,SATCO® S11562 Commercial Product,,,,,,,,,,,,,,,,,,,,,,,,,,,,,,,,,,,,,,,,,,,,,,,,,,,,,,,,,,,,,,,,,,,,,,,,,,,,,,,,,,,,,,,,,,,,,,,,,,,,,,,,,,,,,,,,,,,,,,,,,,,,,,,,,,,,,,,,,,,,,,,,,,,,,,,,,,,,,1,EA,,,,,,,,,,,,,,,,,,,,,,,,,,,,,,,,,,,,,US,No,Yes
,,,,,,S11646,,,,S11646,S11646,"S11646 6"" Downlight Wh",SATCO®,SATCO®,SATCO®,SATCO,SATCO,SATCO®,SATCO®,S11646,,,"SATCO®, Commercial Product, S11646 - Commercial Grade Commercial Product",COMMERCIAL PRODUCT,"SATCO®, S11646, Commercial Product",The SATCO® S11646 is a commercial-grade commercial product designed for professional and industrial applications.,SATCO® S11646 Commercial Product,The SATCO® S11646 is a commercial-grade commercial product designed for professional and industrial applications.,,,,,,,,,,,,,,,,,,,,,,,,,,SATCO® S11646 Commercial Product,,,,,,,,,,,,,,,,,,,,,,,,,,,,,,,,,,,,,,,,,,,,,,,,,,,,,,,,,,,,,,,,,,,,,,,,,,,,,,,,,,,,,,,,,,,,,,,,,,,,,,,,,,,,,,,,,,,,,,,,,,,,,,,,,,,,,,,,,,,,,,,,,,,,,,,,,,,,,1,EA,,,,,,,,,,,,,,,,,,,,,,,,,,,,,,,,,,,,,US,No,Yes
,,,,,,S11801R1,,,,S11801R1,S11801R1,"S11801R1 6"" Led Downlight Wh",SATCO®,SATCO®,SATCO®,SATCO,SATCO,SATCO®,SATCO®,S11801R1,,,"SATCO®, Commercial Product, S11801R1 - Commercial Grade Commercial Product",COMMERCIAL PRODUCT,"SATCO®, S11801R1, Commercial Product",The SATCO® S11801R1 is a commercial-grade commercial product designed for professional and industrial applications.,SATCO® S11801R1 Commercial Product,The SATCO® S11801R1 is a commercial-grade commercial product designed for professional and industrial applications.,,,,,,,,,,,,,,,,,,,,,,,,,,SATCO® S11801R1 Commercial Product,,,,,,,,,,,,,,,,,,,,,,,,,,,,,,,,,,,,,,,,,,,,,,,,,,,,,,,,,,,,,,,,,,,,,,,,,,,,,,,,,,,,,,,,,,,,,,,,,,,,,,,,,,,,,,,,,,,,,,,,,,,,,,,,,,,,,,,,,,,,,,,,,,,,,,,,,,,,,1,EA,,,,,,,,,,,,,,,,,,,,,,,,,,,,,,,,,,,,,US,No,Yes
,,,,,,S11848,,,,S11848,S11848,"S11848 10"" Down Light Wh",SATCO®,SATCO®,SATCO®,SATCO,SATCO,SATCO®,SATCO®,S11848,,,"SATCO®, Commercial Product, S11848 - Commercial Grade Commercial Product",COMMERCIAL PRODUCT,"SATCO®, S11848, Commercial Product",The SATCO® S11848 is a commercial-grade commercial product designed for professional and industrial applications.,SATCO® S11848 Commercial Product,The SATCO® S11848 is a commercial-grade commercial product designed for professional and industrial applications.,,,,,,,,,,,,,,,,,,,,,,,,,,SATCO® S11848 Commercial Product,,,,,,,,,,,,,,,,,,,,,,,,,,,,,,,,,,,,,,,,,,,,,,,,,,,,,,,,,,,,,,,,,,,,,,,,,,,,,,,,,,,,,,,,,,,,,,,,,,,,,,,,,,,,,,,,,,,,,,,,,,,,,,,,,,,,,,,,,,,,,,,,,,,,,,,,,,,,,1,EA,,,,,,,,,,,,,,,,,,,,,,,,,,,,,,,,,,,,,US,No,Yes
,,,,,,S11849,,,,S11849,S11849,"S11849 12"" Down Light Wh",SATCO®,SATCO®,SATCO®,SATCO,SATCO,SATCO®,SATCO®,S11849,,,"SATCO®, Commercial Product, S11849 - Commercial Grade Commercial Product",COMMERCIAL PRODUCT,"SATCO®, S11849, Commercial Product",The SATCO® S11849 is a commercial-grade commercial product designed for professional and industrial applications.,SATCO® S11849 Commercial Product,The SATCO® S11849 is a commercial-grade commercial product designed for professional and industrial applications.,,,,,,,,,,,,,,,,,,,,,,,,,,SATCO® S11849 Commercial Product,,,,,,,,,,,,,,,,,,,,,,,,,,,,,,,,,,,,,,,,,,,,,,,,,,,,,,,,,,,,,,,,,,,,,,,,,,,,,,,,,,,,,,,,,,,,,,,,,,,,,,,,,,,,,,,,,,,,,,,,,,,,,,,,,,,,,,,,,,,,,,,,,,,,,,,,,,,,,1,EA,,,,,,,,,,,,,,,,,,,,,,,,,,,,,,,,,,,,,US,No,Yes
,,,,,,HLBSL609FS5,,,,HLBSL609FS5,HLBSL609FS5,"HLBSL609FS5 6"" Down Light",Cooper Lighting,Cooper Lighting,Cooper Lighting,Cooper Lighting,Cooper Lighting,Cooper Lighting,Cooper Lighting,HLBSL609FS5,,,"Cooper Lighting, Commercial Product, HLBSL609FS5 - Commercial Grade Commercial P",COMMERCIAL PRODUCT,"Cooper Lighting, HLBSL609FS5, Commercial Product",The Cooper Lighting HLBSL609FS5 is a commercial-grade commercial product designed for professional and industrial applications.,Cooper Lighting HLBSL609FS5 Commercial Product,The Cooper Lighting HLBSL609FS5 is a commercial-grade commercial product designed for professional and industrial applications.,,,,,,,,,,,,,,,,,,,,,,,,,,Cooper Lighting HLBSL609FS5 Commercial Product,,,,,,,,,,,,,,,,,,,,,,,,,,,,,,,,,,,,,,,,,,,,,,,,,,,,,,,,,,,,,,,,,,,,,,,,,,,,,,,,,,,,,,,,,,,,,,,,,,,,,,,,,,,,,,,,,,,,,,,,,,,,,,,,,,,,,,,,,,,,,,,,,,,,,,,,,,,,,1,EA,,,,,,,,,,,,,,,,,,,,,,,,,,,,,,,,,,,,,US,No,Yes
,,,,,,WF4REGSWW590CRIMW,,,,WF4REGSWW590CRIMW,WF4REGSWW590CRIMW,"WF4REGSWW590CRIMW 4"" Down Light",Lithonia Lighting,Lithonia Lighting,Lithonia Lighting,Lithonia Lighting,Lithonia Lighting,Lithonia Lighting,Lithonia Lighting,WF4REGSWW590CRIMW,,,"Lithonia Lighting, Commercial Product, WF4REGSWW590CRIMW - Commercial Grade Comm",COMMERCIAL PRODUCT,"Lithonia Lighting, WF4REGSWW590CRIMW, Commercial Product",The Lithonia Lighting WF4REGSWW590CRIMW is a commercial-grade commercial product designed for professional and industrial applications.,Lithonia Lighting WF4REGSWW590CRIMW Commercial Product,The Lithonia Lighting WF4REGSWW590CRIMW is a commercial-grade commercial product designed for professional and industrial applications.,,,,,,,,,,,,,,,,,,,,,,,,,,Lithonia Lighting WF4REGSWW590CRIMW Commercial Product,,,,,,,,,,,,,,,,,,,,,,,,,,,,,,,,,,,,,,,,,,,,,,,,,,,,,,,,,,,,,,,,,,,,,,,,,,,,,,,,,,,,,,,,,,,,,,,,,,,,,,,,,,,,,,,,,,,,,,,,,,,,,,,,,,,,,,,,,,,,,,,,,,,,,,,,,,,,,1,EA,,,,,,,,,,,,,,,,,,,,,,,,,,,,,,,,,,,,,US,No,Yes
,,,,,,43849WH5CCT,,,,43849WH5CCT,43849WH5CCT,43849WH5CCT Kichler Ceiling Lt,KICHLER®,KICHLER®,KICHLER®,KICHLER,KICHLER,KICHLER®,KICHLER®,43849WH5CCT,,,"KICHLER®, Commercial Product, 43849WH5CCT - Commercial Grade Commercial Product",COMMERCIAL PRODUCT,"KICHLER®, 43849WH5CCT, Commercial Product",The KICHLER® 43849WH5CCT is a commercial-grade commercial product designed for professional and industrial applications.,KICHLER® 43849WH5CCT Commercial Product,The KICHLER® 43849WH5CCT is a commercial-grade commercial product designed for professional and industrial applications.,,,,,,,,,,,,,,,,,,,,,,,,,,KICHLER® 43849WH5CCT Commercial Product,,,,,,,,,,,,,,,,,,,,,,,,,,,,,,,,,,,,,,,,,,,,,,,,,,,,,,,,,,,,,,,,,,,,,,,,,,,,,,,,,,,,,,,,,,,,,,,,,,,,,,,,,,,,,,,,,,,,,,,,,,,,,,,,,,,,,,,,,,,,,,,,,,,,,,,,,,,,,1,EA,,,,,,,,,,,,,,,,,,,,,,,,,,,,,,,,,,,,,US,No,Yes
,,,,,,62-1777,,,,62-1777,62-1777,"62-1777 15"" Ceiling Lt Wh",SATCO®,SATCO®,SATCO®,SATCO,SATCO,SATCO®,SATCO®,62-1777,,,"SATCO®, Commercial Product, 62-1777 - Commercial Grade Commercial Product",COMMERCIAL PRODUCT,"SATCO®, 62-1777, Commercial Product",The SATCO® 62-1777 is a commercial-grade commercial product designed for professional and industrial applications.,SATCO® 62-1777 Commercial Product,The SATCO® 62-1777 is a commercial-grade commercial product designed for professional and industrial applications.,,,,,,,,,,,,,,,,,,,,,,,,,,SATCO® 62-1777 Commercial Product,,,,,,,,,,,,,,,,,,,,,,,,,,,,,,,,,,,,,,,,,,,,,,,,,,,,,,,,,,,,,,,,,,,,,,,,,,,,,,,,,,,,,,,,,,,,,,,,,,,,,,,,,,,,,,,,,,,,,,,,,,,,,,,,,,,,,,,,,,,,,,,,,,,,,,,,,,,,,1,EA,,,,,,,,,,,,,,,,,,,,,,,,,,,,,,,,,,,,,US,No,Yes
,,,,,,62-1778,,,,62-1778,62-1778,"62-1778 19"" Ceiling Lt Wh",SATCO®,SATCO®,SATCO®,SATCO,SATCO,SATCO®,SATCO®,62-1778,,,"SATCO®, Commercial Product, 62-1778 - Commercial Grade Commercial Product",COMMERCIAL PRODUCT,"SATCO®, 62-1778, Commercial Product",The SATCO® 62-1778 is a commercial-grade commercial product designed for professional and industrial applications.,SATCO® 62-1778 Commercial Product,The SATCO® 62-1778 is a commercial-grade commercial product designed for professional and industrial applications.,,,,,,,,,,,,,,,,,,,,,,,,,,SATCO® 62-1778 Commercial Product,,,,,,,,,,,,,,,,,,,,,,,,,,,,,,,,,,,,,,,,,,,,,,,,,,,,,,,,,,,,,,,,,,,,,,,,,,,,,,,,,,,,,,,,,,,,,,,,,,,,,,,,,,,,,,,,,,,,,,,,,,,,,,,,,,,,,,,,,,,,,,,,,,,,,,,,,,,,,1,EA,,,,,,,,,,,,,,,,,,,,,,,,,,,,,,,,,,,,,US,No,Yes
,,,,,,62-1784,,,,62-1784,62-1784,62-1784 24x24 Led Ceiling Lt,SATCO®,SATCO®,SATCO®,SATCO,SATCO,SATCO®,SATCO®,62-1784,,,"SATCO®, Commercial Product, 62-1784, 24x24 - Commercial Grade Commercial Product",COMMERCIAL PRODUCT 24X24,"SATCO®, 62-1784, Commercial Product, 24x24",The SATCO® 62-1784 is a commercial-grade commercial product designed for professional and industrial applications. Engineered with measuring 24x24. Key Specifications include ArborSize: 24.,SATCO® 62-1784 Commercial Product (24x24),The SATCO® 62-1784 is a commercial-grade commercial product designed for professional and industrial applications. Engineered with measuring 24x24. Key Specifications include ArborSize: 24.,Precision dimensions: 24x24,,,,,,,,,,,,,,,,,,,,,,,,,SATCO® 62-1784 Commercial Product (24x24),Dimensions,24x24,in,Arbor Size,24,in,,,,,,,,,,,,,,,,,,,,,,,,,,,,,,,,,,,,,,,,,,,,,,,,,,,,,,,,,,,,,,,,,,,,,,,,,,,,,,,,,,,,,,,,,,,,,,,,,,,,,,,,,,,,,,,,,,,,,,,,,,,,,,,,,,,,,,,,,,,,,,,,,,,,,,,1,EA,,,,,,,,,,,,,,,,,,,,,,,,,,,,,,,,,,,,,US,No,Yes
,,,,,,62-1787,,,,62-1787,62-1787,"62-1787 15"" Ceiling Lt Bk",SATCO®,SATCO®,SATCO®,SATCO,SATCO,SATCO®,SATCO®,62-1787,,,"SATCO®, Commercial Product, 62-1787 - Commercial Grade Commercial Product",COMMERCIAL PRODUCT,"SATCO®, 62-1787, Commercial Product",The SATCO® 62-1787 is a commercial-grade commercial product designed for professional and industrial applications.,SATCO® 62-1787 Commercial Product,The SATCO® 62-1787 is a commercial-grade commercial product designed for professional and industrial applications.,,,,,,,,,,,,,,,,,,,,,,,,,,SATCO® 62-1787 Commercial Product,,,,,,,,,,,,,,,,,,,,,,,,,,,,,,,,,,,,,,,,,,,,,,,,,,,,,,,,,,,,,,,,,,,,,,,,,,,,,,,,,,,,,,,,,,,,,,,,,,,,,,,,,,,,,,,,,,,,,,,,,,,,,,,,,,,,,,,,,,,,,,,,,,,,,,,,,,,,,1,EA,,,,,,,,,,,,,,,,,,,,,,,,,,,,,,,,,,,,,US,No,Yes
,,,,,,62-1788,,,,62-1788,62-1788,"62-1788 19"" Ceiling Lt Bk",SATCO®,SATCO®,SATCO®,SATCO,SATCO,SATCO®,SATCO®,62-1788,,,"SATCO®, Commercial Product, 62-1788 - Commercial Grade Commercial Product",COMMERCIAL PRODUCT,"SATCO®, 62-1788, Commercial Product",The SATCO® 62-1788 is a commercial-grade commercial product designed for professional and industrial applications.,SATCO® 62-1788 Commercial Product,The SATCO® 62-1788 is a commercial-grade commercial product designed for professional and industrial applications.,,,,,,,,,,,,,,,,,,,,,,,,,,SATCO® 62-1788 Commercial Product,,,,,,,,,,,,,,,,,,,,,,,,,,,,,,,,,,,,,,,,,,,,,,,,,,,,,,,,,,,,,,,,,,,,,,,,,,,,,,,,,,,,,,,,,,,,,,,,,,,,,,,,,,,,,,,,,,,,,,,,,,,,,,,,,,,,,,,,,,,,,,,,,,,,,,,,,,,,,1,EA,,,,,,,,,,,,,,,,,,,,,,,,,,,,,,,,,,,,,US,No,Yes
,,,,,,SHOP/4X2/840/V1,,,,SHOP/4X2/840/V1,SHOP/4X2/840/V1,4' Feit Shop Light 4500L 40k,Feit Electric,Feit Electric,Feit Electric,Feit Electric,Feit Electric,Feit Electric,Feit Electric,SHOP/4X2/840/V1,,,"Feit Electric, Commercial Product, SHOP/4X2/840/V1 - Commercial Grade Commercial",COMMERCIAL PRODUCT,"Feit Electric, SHOP/4X2/840/V1, Commercial Product",The Feit Electric SHOP/4X2/840/V1 is a commercial-grade commercial product designed for professional and industrial applications.,Feit Electric SHOP/4X2/840/V1 Commercial Product,The Feit Electric SHOP/4X2/840/V1 is a commercial-grade commercial product designed for professional and industrial applications.,,,,,,,,,,,,,,,,,,,,,,,,,,Feit Electric SHOP/4X2/840/V1 Commercial Product,,,,,,,,,,,,,,,,,,,,,,,,,,,,,,,,,,,,,,,,,,,,,,,,,,,,,,,,,,,,,,,,,,,,,,,,,,,,,,,,,,,,,,,,,,,,,,,,,,,,,,,,,,,,,,,,,,,,,,,,,,,,,,,,,,,,,,,,,,,,,,,,,,,,,,,,,,,,,1,EA,,,,,,,,,,,,,,,,,,,,,,,,,,,,,,,,,,,,,US,No,Yes
,,,,,,45495BKCLR,,,,45495BKCLR,45495BKCLR,45495BKCLR Kichler Wall Lt,KICHLER®,KICHLER®,KICHLER®,KICHLER,KICHLER,KICHLER®,KICHLER®,45495BKCLR,,,"KICHLER®, Commercial Product, 45495BKCLR - Commercial Grade Commercial Product",COMMERCIAL PRODUCT,"KICHLER®, 45495BKCLR, Commercial Product",The KICHLER® 45495BKCLR is a commercial-grade commercial product designed for professional and industrial applications.,KICHLER® 45495BKCLR Commercial Product,The KICHLER® 45495BKCLR is a commercial-grade commercial product designed for professional and industrial applications.,,,,,,,,,,,,,,,,,,,,,,,,,,KICHLER® 45495BKCLR Commercial Product,,,,,,,,,,,,,,,,,,,,,,,,,,,,,,,,,,,,,,,,,,,,,,,,,,,,,,,,,,,,,,,,,,,,,,,,,,,,,,,,,,,,,,,,,,,,,,,,,,,,,,,,,,,,,,,,,,,,,,,,,,,,,,,,,,,,,,,,,,,,,,,,,,,,,,,,,,,,,1,EA,,,,,,,,,,,,,,,,,,,,,,,,,,,,,,,,,,,,,US,No,Yes
,,,,,,55209NI,,,,55209NI,55209NI,55209NI Kichler Wall Sconce,KICHLER®,KICHLER®,KICHLER®,KICHLER,KICHLER,KICHLER®,KICHLER®,55209NI,,,"KICHLER®, Commercial Product, 55209NI - Commercial Grade Commercial Product",COMMERCIAL PRODUCT,"KICHLER®, 55209NI, Commercial Product",The KICHLER® 55209NI is a commercial-grade commercial product designed for professional and industrial applications.,KICHLER® 55209NI Commercial Product,The KICHLER® 55209NI is a commercial-grade commercial product designed for professional and industrial applications.,,,,,,,,,,,,,,,,,,,,,,,,,,KICHLER® 55209NI Commercial Product,,,,,,,,,,,,,,,,,,,,,,,,,,,,,,,,,,,,,,,,,,,,,,,,,,,,,,,,,,,,,,,,,,,,,,,,,,,,,,,,,,,,,,,,,,,,,,,,,,,,,,,,,,,,,,,,,,,,,,,,,,,,,,,,,,,,,,,,,,,,,,,,,,,,,,,,,,,,,1,EA,,,,,,,,,,,,,,,,,,,,,,,,,,,,,,,,,,,,,US,No,Yes
,,,,,,65-1210,,,,65-1210,65-1210,65-1210 2' LED Wrap Lt,SATCO®,SATCO®,SATCO®,SATCO,SATCO,SATCO®,SATCO®,65-1210,,,"SATCO®, Commercial Product, 65-1210 - Commercial Grade Commercial Product",COMMERCIAL PRODUCT,"SATCO®, 65-1210, Commercial Product",The SATCO® 65-1210 is a commercial-grade commercial product designed for professional and industrial applications.,SATCO® 65-1210 Commercial Product,The SATCO® 65-1210 is a commercial-grade commercial product designed for professional and industrial applications.,,,,,,,,,,,,,,,,,,,,,,,,,,SATCO® 65-1210 Commercial Product,,,,,,,,,,,,,,,,,,,,,,,,,,,,,,,,,,,,,,,,,,,,,,,,,,,,,,,,,,,,,,,,,,,,,,,,,,,,,,,,,,,,,,,,,,,,,,,,,,,,,,,,,,,,,,,,,,,,,,,,,,,,,,,,,,,,,,,,,,,,,,,,,,,,,,,,,,,,,1,EA,,,,,,,,,,,,,,,,,,,,,,,,,,,,,,,,,,,,,US,No,Yes
,,,,,,65-1211,,,,65-1211,65-1211,65-1211 4' Led Wrap Light,SATCO®,SATCO®,SATCO®,SATCO,SATCO,SATCO®,SATCO®,65-1211,,,"SATCO®, Commercial Product, 65-1211 - Commercial Grade Commercial Product",COMMERCIAL PRODUCT,"SATCO®, 65-1211, Commercial Product",The SATCO® 65-1211 is a commercial-grade commercial product designed for professional and industrial applications.,SATCO® 65-1211 Commercial Product,The SATCO® 65-1211 is a commercial-grade commercial product designed for professional and industrial applications.,,,,,,,,,,,,,,,,,,,,,,,,,,SATCO® 65-1211 Commercial Product,,,,,,,,,,,,,,,,,,,,,,,,,,,,,,,,,,,,,,,,,,,,,,,,,,,,,,,,,,,,,,,,,,,,,,,,,,,,,,,,,,,,,,,,,,,,,,,,,,,,,,,,,,,,,,,,,,,,,,,,,,,,,,,,,,,,,,,,,,,,,,,,,,,,,,,,,,,,,1,EA,,,,,,,,,,,,,,,,,,,,,,,,,,,,,,,,,,,,,US,No,Yes
,,,,,,141465,,,,141465,141465,"141465 15W Flor 18"" T12 27k",PHILIPS LIGHTING®,PHILIPS LIGHTING®,PHILIPS LIGHTING®,PHILIPS LIGHTING,PHILIPS LIGHTING,PHILIPS LIGHTING®,PHILIPS LIGHTING®,141465,,,"PHILIPS LIGHTING®, Commercial Product, 141465 - Commercial Grade Commercial Prod",COMMERCIAL PRODUCT,"PHILIPS LIGHTING®, 141465, Commercial Product",The PHILIPS LIGHTING® 141465 is a commercial-grade commercial product designed for professional and industrial applications.,PHILIPS LIGHTING® 141465 Commercial Product,The PHILIPS LIGHTING® 141465 is a commercial-grade commercial product designed for professional and industrial applications.,,,,,,,,,,,,,,,,,,,,,,,,,,PHILIPS LIGHTING® 141465 Commercial Product,,,,,,,,,,,,,,,,,,,,,,,,,,,,,,,,,,,,,,,,,,,,,,,,,,,,,,,,,,,,,,,,,,,,,,,,,,,,,,,,,,,,,,,,,,,,,,,,,,,,,,,,,,,,,,,,,,,,,,,,,,,,,,,,,,,,,,,,,,,,,,,,,,,,,,,,,,,,,1,EA,,,,,,,,,,,,,,,,,,,,,,,,,,,,,,,,,,,,,US,No,Yes
,,,,,,391227,,,,391227,391227,"391227 32W Led 12"" T9 30K",PHILIPS LIGHTING®,PHILIPS LIGHTING®,PHILIPS LIGHTING®,PHILIPS LIGHTING,PHILIPS LIGHTING,PHILIPS LIGHTING®,PHILIPS LIGHTING®,391227,,,"PHILIPS LIGHTING®, Commercial Product, 391227 - Commercial Grade Commercial Prod",COMMERCIAL PRODUCT,"PHILIPS LIGHTING®, 391227, Commercial Product",The PHILIPS LIGHTING® 391227 is a commercial-grade commercial product designed for professional and industrial applications.,PHILIPS LIGHTING® 391227 Commercial Product,The PHILIPS LIGHTING® 391227 is a commercial-grade commercial product designed for professional and industrial applications.,,,,,,,,,,,,,,,,,,,,,,,,,,PHILIPS LIGHTING® 391227 Commercial Product,,,,,,,,,,,,,,,,,,,,,,,,,,,,,,,,,,,,,,,,,,,,,,,,,,,,,,,,,,,,,,,,,,,,,,,,,,,,,,,,,,,,,,,,,,,,,,,,,,,,,,,,,,,,,,,,,,,,,,,,,,,,,,,,,,,,,,,,,,,,,,,,,,,,,,,,,,,,,1,EA,,,,,,,,,,,,,,,,,,,,,,,,,,,,,,,,,,,,,US,No,Yes
,,,,,,392225,,,,392225,392225,"392225 22W Flor 8"" T9 30k",PHILIPS LIGHTING®,PHILIPS LIGHTING®,PHILIPS LIGHTING®,PHILIPS LIGHTING,PHILIPS LIGHTING,PHILIPS LIGHTING®,PHILIPS LIGHTING®,392225,,,"PHILIPS LIGHTING®, Commercial Product, 392225 - Commercial Grade Commercial Prod",COMMERCIAL PRODUCT,"PHILIPS LIGHTING®, 392225, Commercial Product",The PHILIPS LIGHTING® 392225 is a commercial-grade commercial product designed for professional and industrial applications.,PHILIPS LIGHTING® 392225 Commercial Product,The PHILIPS LIGHTING® 392225 is a commercial-grade commercial product designed for professional and industrial applications.,,,,,,,,,,,,,,,,,,,,,,,,,,PHILIPS LIGHTING® 392225 Commercial Product,,,,,,,,,,,,,,,,,,,,,,,,,,,,,,,,,,,,,,,,,,,,,,,,,,,,,,,,,,,,,,,,,,,,,,,,,,,,,,,,,,,,,,,,,,,,,,,,,,,,,,,,,,,,,,,,,,,,,,,,,,,,,,,,,,,,,,,,,,,,,,,,,,,,,,,,,,,,,1,EA,,,,,,,,,,,,,,,,,,,,,,,,,,,,,,,,,,,,,US,No,Yes
,,,,,,S3539,,,,S3539,S3539,S3539 20W Halogen Pin T4,SATCO®,SATCO®,SATCO®,SATCO,SATCO,SATCO®,SATCO®,S3539,,,"SATCO®, Commercial Product, S3539 - Commercial Grade Commercial Product",COMMERCIAL PRODUCT,"SATCO®, S3539, Commercial Product",The SATCO® S3539 is a commercial-grade commercial product designed for professional and industrial applications.,SATCO® S3539 Commercial Product,The SATCO® S3539 is a commercial-grade commercial product designed for professional and industrial applications.,,,,,,,,,,,,,,,,,,,,,,,,,,SATCO® S3539 Commercial Product,,,,,,,,,,,,,,,,,,,,,,,,,,,,,,,,,,,,,,,,,,,,,,,,,,,,,,,,,,,,,,,,,,,,,,,,,,,,,,,,,,,,,,,,,,,,,,,,,,,,,,,,,,,,,,,,,,,,,,,,,,,,,,,,,,,,,,,,,,,,,,,,,,,,,,,,,,,,,1,EA,,,,,,,,,,,,,,,,,,,,,,,,,,,,,,,,,,,,,US,No,Yes
,,,,,,S3496,,,,S3496,S3496,S3496 300W Halogen T3 Bulb,SATCO®,SATCO®,SATCO®,SATCO,SATCO,SATCO®,SATCO®,S3496,,,"SATCO®, Commercial Product, S3496 - Commercial Grade Commercial Product",COMMERCIAL PRODUCT,"SATCO®, S3496, Commercial Product",The SATCO® S3496 is a commercial-grade commercial product designed for professional and industrial applications.,SATCO® S3496 Commercial Product,The SATCO® S3496 is a commercial-grade commercial product designed for professional and industrial applications.,,,,,,,,,,,,,,,,,,,,,,,,,,SATCO® S3496 Commercial Product,,,,,,,,,,,,,,,,,,,,,,,,,,,,,,,,,,,,,,,,,,,,,,,,,,,,,,,,,,,,,,,,,,,,,,,,,,,,,,,,,,,,,,,,,,,,,,,,,,,,,,,,,,,,,,,,,,,,,,,,,,,,,,,,,,,,,,,,,,,,,,,,,,,,,,,,,,,,,1,EA,,,,,,,,,,,,,,,,,,,,,,,,,,,,,,,,,,,,,US,No,Yes
,,,,,,467316,,,,467316,467316,467316 150W Sodium Med 21k,PHILIPS LIGHTING®,PHILIPS LIGHTING®,PHILIPS LIGHTING®,PHILIPS LIGHTING,PHILIPS LIGHTING,PHILIPS LIGHTING®,PHILIPS LIGHTING®,467316,,,"PHILIPS LIGHTING®, Commercial Product, 467316 - Commercial Grade Commercial Prod",COMMERCIAL PRODUCT,"PHILIPS LIGHTING®, 467316, Commercial Product",The PHILIPS LIGHTING® 467316 is a commercial-grade commercial product designed for professional and industrial applications.,PHILIPS LIGHTING® 467316 Commercial Product,The PHILIPS LIGHTING® 467316 is a commercial-grade commercial product designed for professional and industrial applications.,,,,,,,,,,,,,,,,,,,,,,,,,,PHILIPS LIGHTING® 467316 Commercial Product,,,,,,,,,,,,,,,,,,,,,,,,,,,,,,,,,,,,,,,,,,,,,,,,,,,,,,,,,,,,,,,,,,,,,,,,,,,,,,,,,,,,,,,,,,,,,,,,,,,,,,,,,,,,,,,,,,,,,,,,,,,,,,,,,,,,,,,,,,,,,,,,,,,,,,,,,,,,,1,EA,,,,,,,,,,,,,,,,,,,,,,,,,,,,,,,,,,,,,US,No,Yes
,,,,,,S3709,,,,S3709,S3709,S3709 25W Incan 27K,SATCO®,SATCO®,SATCO®,SATCO,SATCO,SATCO®,SATCO®,S3709,,,"SATCO®, Commercial Product, S3709 - Commercial Grade Commercial Product",COMMERCIAL PRODUCT,"SATCO®, S3709, Commercial Product",The SATCO® S3709 is a commercial-grade commercial product designed for professional and industrial applications.,SATCO® S3709 Commercial Product,The SATCO® S3709 is a commercial-grade commercial product designed for professional and industrial applications.,,,,,,,,,,,,,,,,,,,,,,,,,,SATCO® S3709 Commercial Product,,,,,,,,,,,,,,,,,,,,,,,,,,,,,,,,,,,,,,,,,,,,,,,,,,,,,,,,,,,,,,,,,,,,,,,,,,,,,,,,,,,,,,,,,,,,,,,,,,,,,,,,,,,,,,,,,,,,,,,,,,,,,,,,,,,,,,,,,,,,,,,,,,,,,,,,,,,,,1,EA,,,,,,,,,,,,,,,,,,,,,,,,,,,,,,,,,,,,,US,No,Yes
,,,,,,S4720,,,,S4720,S4720,S4720 25W Incan 27K,SATCO®,SATCO®,SATCO®,SATCO,SATCO,SATCO®,SATCO®,S4720,,,"SATCO®, Commercial Product, S4720 - Commercial Grade Commercial Product",COMMERCIAL PRODUCT,"SATCO®, S4720, Commercial Product",The SATCO® S4720 is a commercial-grade commercial product designed for professional and industrial applications.,SATCO® S4720 Commercial Product,The SATCO® S4720 is a commercial-grade commercial product designed for professional and industrial applications.,,,,,,,,,,,,,,,,,,,,,,,,,,SATCO® S4720 Commercial Product,,,,,,,,,,,,,,,,,,,,,,,,,,,,,,,,,,,,,,,,,,,,,,,,,,,,,,,,,,,,,,,,,,,,,,,,,,,,,,,,,,,,,,,,,,,,,,,,,,,,,,,,,,,,,,,,,,,,,,,,,,,,,,,,,,,,,,,,,,,,,,,,,,,,,,,,,,,,,1,EA,,,,,,,,,,,,,,,,,,,,,,,,,,,,,,,,,,,,,US,No,Yes
,,,,,,S3720,,,,S3720,S3720,S3720 40w Inc A15 Med 26k,SATCO®,SATCO®,SATCO®,SATCO,SATCO,SATCO®,SATCO®,S3720,,,"SATCO®, Commercial Product, S3720 - Commercial Grade Commercial Product",COMMERCIAL PRODUCT,"SATCO®, S3720, Commercial Product",The SATCO® S3720 is a commercial-grade commercial product designed for professional and industrial applications.,SATCO® S3720 Commercial Product,The SATCO® S3720 is a commercial-grade commercial product designed for professional and industrial applications.,,,,,,,,,,,,,,,,,,,,,,,,,,SATCO® S3720 Commercial Product,,,,,,,,,,,,,,,,,,,,,,,,,,,,,,,,,,,,,,,,,,,,,,,,,,,,,,,,,,,,,,,,,,,,,,,,,,,,,,,,,,,,,,,,,,,,,,,,,,,,,,,,,,,,,,,,,,,,,,,,,,,,,,,,,,,,,,,,,,,,,,,,,,,,,,,,,,,,,1,EA,,,,,,,,,,,,,,,,,,,,,,,,,,,,,,,,,,,,,US,No,Yes
,,,,,,S3702,,,,S3702,S3702,S3702 40W Incan Med 27K,SATCO®,SATCO®,SATCO®,SATCO,SATCO,SATCO®,SATCO®,S3702,,,"SATCO®, Commercial Product, S3702 - Commercial Grade Commercial Product",COMMERCIAL PRODUCT,"SATCO®, S3702, Commercial Product",The SATCO® S3702 is a commercial-grade commercial product designed for professional and industrial applications.,SATCO® S3702 Commercial Product,The SATCO® S3702 is a commercial-grade commercial product designed for professional and industrial applications.,,,,,,,,,,,,,,,,,,,,,,,,,,SATCO® S3702 Commercial Product,,,,,,,,,,,,,,,,,,,,,,,,,,,,,,,,,,,,,,,,,,,,,,,,,,,,,,,,,,,,,,,,,,,,,,,,,,,,,,,,,,,,,,,,,,,,,,,,,,,,,,,,,,,,,,,,,,,,,,,,,,,,,,,,,,,,,,,,,,,,,,,,,,,,,,,,,,,,,1,EA,,,,,,,,,,,,,,,,,,,,,,,,,,,,,,,,,,,,,US,No,Yes
,,,,,,S3703,,,,S3703,S3703,S3703 40W Incan Med 27K,SATCO®,SATCO®,SATCO®,SATCO,SATCO,SATCO®,SATCO®,S3703,,,"SATCO®, Commercial Product, S3703 - Commercial Grade Commercial Product",COMMERCIAL PRODUCT,"SATCO®, S3703, Commercial Product",The SATCO® S3703 is a commercial-grade commercial product designed for professional and industrial applications.,SATCO® S3703 Commercial Product,The SATCO® S3703 is a commercial-grade commercial product designed for professional and industrial applications.,,,,,,,,,,,,,,,,,,,,,,,,,,SATCO® S3703 Commercial Product,,,,,,,,,,,,,,,,,,,,,,,,,,,,,,,,,,,,,,,,,,,,,,,,,,,,,,,,,,,,,,,,,,,,,,,,,,,,,,,,,,,,,,,,,,,,,,,,,,,,,,,,,,,,,,,,,,,,,,,,,,,,,,,,,,,,,,,,,,,,,,,,,,,,,,,,,,,,,1,EA,,,,,,,,,,,,,,,,,,,,,,,,,,,,,,,,,,,,,US,No,Yes
,,,,,,S3797,,,,S3797,S3797,S3797 4W Incan Cand 27K 2pk,SATCO®,SATCO®,SATCO®,SATCO,SATCO,SATCO®,SATCO®,S3797,,,"SATCO®, Commercial Product, S3797 - Commercial Grade Commercial Product",COMMERCIAL PRODUCT,"SATCO®, S3797, Commercial Product",The SATCO® S3797 is a commercial-grade commercial product designed for professional and industrial applications. Key Specifications include PackQuantity: 2 PK.,SATCO® S3797 Commercial Product,The SATCO® S3797 is a commercial-grade commercial product designed for professional and industrial applications. Key Specifications include PackQuantity: 2 PK.,,,,,,,,,,,,,,,,,,,,,,,,,,SATCO® S3797 Commercial Product,PackQuantity,2 PK,,,,,,,,,,,,,,,,,,,,,,,,,,,,,,,,,,,,,,,,,,,,,,,,,,,,,,,,,,,,,,,,,,,,,,,,,,,,,,,,,,,,,,,,,,,,,,,,,,,,,,,,,,,,,,,,,,,,,,,,,,,,,,,,,,,,,,,,,,,,,,,,,,,,,,,,,,,1,EA,,,,,,,,,,,,,,,,,,,,,,,,,,,,,,,,,,,,,US,No,Yes
,,,,,,S4724,,,,S4724,S4724,S4724 4W Incan Cand 27K 4pk,SATCO®,SATCO®,SATCO®,SATCO,SATCO,SATCO®,SATCO®,S4724,,,"SATCO®, Commercial Product, S4724 - Commercial Grade Commercial Product",COMMERCIAL PRODUCT,"SATCO®, S4724, Commercial Product",The SATCO® S4724 is a commercial-grade commercial product designed for professional and industrial applications. Key Specifications include PackQuantity: 4 PK.,SATCO® S4724 Commercial Product,The SATCO® S4724 is a commercial-grade commercial product designed for professional and industrial applications. Key Specifications include PackQuantity: 4 PK.,,,,,,,,,,,,,,,,,,,,,,,,,,SATCO® S4724 Commercial Product,PackQuantity,4 PK,,,,,,,,,,,,,,,,,,,,,,,,,,,,,,,,,,,,,,,,,,,,,,,,,,,,,,,,,,,,,,,,,,,,,,,,,,,,,,,,,,,,,,,,,,,,,,,,,,,,,,,,,,,,,,,,,,,,,,,,,,,,,,,,,,,,,,,,,,,,,,,,,,,,,,,,,,,1,EA,,,,,,,,,,,,,,,,,,,,,,,,,,,,,,,,,,,,,US,No,Yes
,,,,,,S4717,,,,S4717,S4717,S4717 6W Incan Cand 27k 2pk,SATCO®,SATCO®,SATCO®,SATCO,SATCO,SATCO®,SATCO®,S4717,,,"SATCO®, Commercial Product, S4717 - Commercial Grade Commercial Product",COMMERCIAL PRODUCT,"SATCO®, S4717, Commercial Product",The SATCO® S4717 is a commercial-grade commercial product designed for professional and industrial applications. Key Specifications include PackQuantity: 2 PK.,SATCO® S4717 Commercial Product,The SATCO® S4717 is a commercial-grade commercial product designed for professional and industrial applications. Key Specifications include PackQuantity: 2 PK.,,,,,,,,,,,,,,,,,,,,,,,,,,SATCO® S4717 Commercial Product,PackQuantity,2 PK,,,,,,,,,,,,,,,,,,,,,,,,,,,,,,,,,,,,,,,,,,,,,,,,,,,,,,,,,,,,,,,,,,,,,,,,,,,,,,,,,,,,,,,,,,,,,,,,,,,,,,,,,,,,,,,,,,,,,,,,,,,,,,,,,,,,,,,,,,,,,,,,,,,,,,,,,,,1,EA,,,,,,,,,,,,,,,,,,,,,,,,,,,,,,,,,,,,,US,No,Yes
,,,,,,S3794,,,,S3794,S3794,S3794 7W Incan Med 27K,SATCO®,SATCO®,SATCO®,SATCO,SATCO,SATCO®,SATCO®,S3794,,,"SATCO®, Commercial Product, S3794 - Commercial Grade Commercial Product",COMMERCIAL PRODUCT,"SATCO®, S3794, Commercial Product",The SATCO® S3794 is a commercial-grade commercial product designed for professional and industrial applications.,SATCO® S3794 Commercial Product,The SATCO® S3794 is a commercial-grade commercial product designed for professional and industrial applications.,,,,,,,,,,,,,,,,,,,,,,,,,,SATCO® S3794 Commercial Product,,,,,,,,,,,,,,,,,,,,,,,,,,,,,,,,,,,,,,,,,,,,,,,,,,,,,,,,,,,,,,,,,,,,,,,,,,,,,,,,,,,,,,,,,,,,,,,,,,,,,,,,,,,,,,,,,,,,,,,,,,,,,,,,,,,,,,,,,,,,,,,,,,,,,,,,,,,,,1,EA,,,,,,,,,,,,,,,,,,,,,,,,,,,,,,,,,,,,,US,No,Yes
,,,,,,S3795,,,,S3795,S3795,S3795 7W Incan Med 27K,SATCO®,SATCO®,SATCO®,SATCO,SATCO,SATCO®,SATCO®,S3795,,,"SATCO®, Commercial Product, S3795 - Commercial Grade Commercial Product",COMMERCIAL PRODUCT,"SATCO®, S3795, Commercial Product",The SATCO® S3795 is a commercial-grade commercial product designed for professional and industrial applications.,SATCO® S3795 Commercial Product,The SATCO® S3795 is a commercial-grade commercial product designed for professional and industrial applications.,,,,,,,,,,,,,,,,,,,,,,,,,,SATCO® S3795 Commercial Product,,,,,,,,,,,,,,,,,,,,,,,,,,,,,,,,,,,,,,,,,,,,,,,,,,,,,,,,,,,,,,,,,,,,,,,,,,,,,,,,,,,,,,,,,,,,,,,,,,,,,,,,,,,,,,,,,,,,,,,,,,,,,,,,,,,,,,,,,,,,,,,,,,,,,,,,,,,,,1,EA,,,,,,,,,,,,,,,,,,,,,,,,,,,,,,,,,,,,,US,No,Yes
,,,,,,S4726,,,,S4726,S4726,S4726 7W Incan Cand 27K 4pk,SATCO®,SATCO®,SATCO®,SATCO,SATCO,SATCO®,SATCO®,S4726,,,"SATCO®, Commercial Product, S4726 - Commercial Grade Commercial Product",COMMERCIAL PRODUCT,"SATCO®, S4726, Commercial Product",The SATCO® S4726 is a commercial-grade commercial product designed for professional and industrial applications. Key Specifications include PackQuantity: 4 PK.,SATCO® S4726 Commercial Product,The SATCO® S4726 is a commercial-grade commercial product designed for professional and industrial applications. Key Specifications include PackQuantity: 4 PK.,,,,,,,,,,,,,,,,,,,,,,,,,,SATCO® S4726 Commercial Product,PackQuantity,4 PK,,,,,,,,,,,,,,,,,,,,,,,,,,,,,,,,,,,,,,,,,,,,,,,,,,,,,,,,,,,,,,,,,,,,,,,,,,,,,,,,,,,,,,,,,,,,,,,,,,,,,,,,,,,,,,,,,,,,,,,,,,,,,,,,,,,,,,,,,,,,,,,,,,,,,,,,,,,1,EA,,,,,,,,,,,,,,,,,,,,,,,,,,,,,,,,,,,,,US,No,Yes
,,,,,,S11429,,,,S11429,S11429,S11429 60W Led Bulb 27K,SATCO®,SATCO®,SATCO®,SATCO,SATCO,SATCO®,SATCO®,S11429,,,"SATCO®, Commercial Product, S11429 - Commercial Grade Commercial Product",COMMERCIAL PRODUCT,"SATCO®, S11429, Commercial Product",The SATCO® S11429 is a commercial-grade commercial product designed for professional and industrial applications.,SATCO® S11429 Commercial Product,The SATCO® S11429 is a commercial-grade commercial product designed for professional and industrial applications.,,,,,,,,,,,,,,,,,,,,,,,,,,SATCO® S11429 Commercial Product,,,,,,,,,,,,,,,,,,,,,,,,,,,,,,,,,,,,,,,,,,,,,,,,,,,,,,,,,,,,,,,,,,,,,,,,,,,,,,,,,,,,,,,,,,,,,,,,,,,,,,,,,,,,,,,,,,,,,,,,,,,,,,,,,,,,,,,,,,,,,,,,,,,,,,,,,,,,,1,EA,,,,,,,,,,,,,,,,,,,,,,,,,,,,,,,,,,,,,US,No,Yes
,,,,,,S21354,,,,S21354,S21354,S21354 8W Led T9 Med 27k,SATCO®,SATCO®,SATCO®,SATCO,SATCO,SATCO®,SATCO®,S21354,,,"SATCO®, Commercial Product, S21354 - Commercial Grade Commercial Product",COMMERCIAL PRODUCT,"SATCO®, S21354, Commercial Product",The SATCO® S21354 is a commercial-grade commercial product designed for professional and industrial applications.,SATCO® S21354 Commercial Product,The SATCO® S21354 is a commercial-grade commercial product designed for professional and industrial applications.,,,,,,,,,,,,,,,,,,,,,,,,,,SATCO® S21354 Commercial Product,,,,,,,,,,,,,,,,,,,,,,,,,,,,,,,,,,,,,,,,,,,,,,,,,,,,,,,,,,,,,,,,,,,,,,,,,,,,,,,,,,,,,,,,,,,,,,,,,,,,,,,,,,,,,,,,,,,,,,,,,,,,,,,,,,,,,,,,,,,,,,,,,,,,,,,,,,,,,1,EA,,,,,,,,,,,,,,,,,,,,,,,,,,,,,,,,,,,,,US,No,Yes
,,,,,,S21363,,,,S21363,S21363,S21363 8W Led Edison ST19 27K,SATCO®,SATCO®,SATCO®,SATCO,SATCO,SATCO®,SATCO®,S21363,,,"SATCO®, Commercial Product, S21363 - Commercial Grade Commercial Product",COMMERCIAL PRODUCT,"SATCO®, S21363, Commercial Product",The SATCO® S21363 is a commercial-grade commercial product designed for professional and industrial applications.,SATCO® S21363 Commercial Product,The SATCO® S21363 is a commercial-grade commercial product designed for professional and industrial applications.,,,,,,,,,,,,,,,,,,,,,,,,,,SATCO® S21363 Commercial Product,,,,,,,,,,,,,,,,,,,,,,,,,,,,,,,,,,,,,,,,,,,,,,,,,,,,,,,,,,,,,,,,,,,,,,,,,,,,,,,,,,,,,,,,,,,,,,,,,,,,,,,,,,,,,,,,,,,,,,,,,,,,,,,,,,,,,,,,,,,,,,,,,,,,,,,,,,,,,1,EA,,,,,,,,,,,,,,,,,,,,,,,,,,,,,,,,,,,,,US,No,Yes
,,,,,,S11445,,,,S11445,S11445,S11445 12W Led Med 30k Motion,SATCO®,SATCO®,SATCO®,SATCO,SATCO,SATCO®,SATCO®,S11445,,,"SATCO®, Commercial Product, S11445 - Commercial Grade Commercial Product",COMMERCIAL PRODUCT,"SATCO®, S11445, Commercial Product",The SATCO® S11445 is a commercial-grade commercial product designed for professional and industrial applications.,SATCO® S11445 Commercial Product,The SATCO® S11445 is a commercial-grade commercial product designed for professional and industrial applications.,,,,,,,,,,,,,,,,,,,,,,,,,,SATCO® S11445 Commercial Product,,,,,,,,,,,,,,,,,,,,,,,,,,,,,,,,,,,,,,,,,,,,,,,,,,,,,,,,,,,,,,,,,,,,,,,,,,,,,,,,,,,,,,,,,,,,,,,,,,,,,,,,,,,,,,,,,,,,,,,,,,,,,,,,,,,,,,,,,,,,,,,,,,,,,,,,,,,,,1,EA,,,,,,,,,,,,,,,,,,,,,,,,,,,,,,,,,,,,,US,No,Yes
,,,,,,567313,,,,567313,567313,567313 50W Led MR16 30K 3pk,PHILIPS LIGHTING®,PHILIPS LIGHTING®,PHILIPS LIGHTING®,PHILIPS LIGHTING,PHILIPS LIGHTING,PHILIPS LIGHTING®,PHILIPS LIGHTING®,567313,,,"PHILIPS LIGHTING®, Commercial Product, 567313 - Commercial Grade Commercial Prod",COMMERCIAL PRODUCT,"PHILIPS LIGHTING®, 567313, Commercial Product",The PHILIPS LIGHTING® 567313 is a commercial-grade commercial product designed for professional and industrial applications. Key Specifications include PackQuantity: 3 PK.,PHILIPS LIGHTING® 567313 Commercial Product,The PHILIPS LIGHTING® 567313 is a commercial-grade commercial product designed for professional and industrial applications. Key Specifications include PackQuantity: 3 PK.,,,,,,,,,,,,,,,,,,,,,,,,,,PHILIPS LIGHTING® 567313 Commercial Product,PackQuantity,3 PK,,,,,,,,,,,,,,,,,,,,,,,,,,,,,,,,,,,,,,,,,,,,,,,,,,,,,,,,,,,,,,,,,,,,,,,,,,,,,,,,,,,,,,,,,,,,,,,,,,,,,,,,,,,,,,,,,,,,,,,,,,,,,,,,,,,,,,,,,,,,,,,,,,,,,,,,,,,1,EA,,,,,,,,,,,,,,,,,,,,,,,,,,,,,,,,,,,,,US,No,Yes
,,,,,,586875,,,,586875,586875,586875 60W Led Multi CCT 4pk,PHILIPS LIGHTING®,PHILIPS LIGHTING®,PHILIPS LIGHTING®,PHILIPS LIGHTING,PHILIPS LIGHTING,PHILIPS LIGHTING®,PHILIPS LIGHTING®,586875,,,"PHILIPS LIGHTING®, Commercial Product, 586875 - Commercial Grade Commercial Prod",COMMERCIAL PRODUCT,"PHILIPS LIGHTING®, 586875, Commercial Product",The PHILIPS LIGHTING® 586875 is a commercial-grade commercial product designed for professional and industrial applications. Key Specifications include PackQuantity: 4 PK.,PHILIPS LIGHTING® 586875 Commercial Product,The PHILIPS LIGHTING® 586875 is a commercial-grade commercial product designed for professional and industrial applications. Key Specifications include PackQuantity: 4 PK.,,,,,,,,,,,,,,,,,,,,,,,,,,PHILIPS LIGHTING® 586875 Commercial Product,PackQuantity,4 PK,,,,,,,,,,,,,,,,,,,,,,,,,,,,,,,,,,,,,,,,,,,,,,,,,,,,,,,,,,,,,,,,,,,,,,,,,,,,,,,,,,,,,,,,,,,,,,,,,,,,,,,,,,,,,,,,,,,,,,,,,,,,,,,,,,,,,,,,,,,,,,,,,,,,,,,,,,,1,EA,,,,,,,,,,,,,,,,,,,,,,,,,,,,,,,,,,,,,US,No,Yes
,,,,,,576355,,,,576355,576355,576355 60/100/150 Led Med 50k,PHILIPS LIGHTING®,PHILIPS LIGHTING®,PHILIPS LIGHTING®,PHILIPS LIGHTING,PHILIPS LIGHTING,PHILIPS LIGHTING®,PHILIPS LIGHTING®,576355,,,"PHILIPS LIGHTING®, Commercial Product, 576355 - Commercial Grade Commercial Prod",COMMERCIAL PRODUCT,"PHILIPS LIGHTING®, 576355, Commercial Product",The PHILIPS LIGHTING® 576355 is a commercial-grade commercial product designed for professional and industrial applications.,PHILIPS LIGHTING® 576355 Commercial Product,The PHILIPS LIGHTING® 576355 is a commercial-grade commercial product designed for professional and industrial applications.,,,,,,,,,,,,,,,,,,,,,,,,,,PHILIPS LIGHTING® 576355 Commercial Product,,,,,,,,,,,,,,,,,,,,,,,,,,,,,,,,,,,,,,,,,,,,,,,,,,,,,,,,,,,,,,,,,,,,,,,,,,,,,,,,,,,,,,,,,,,,,,,,,,,,,,,,,,,,,,,,,,,,,,,,,,,,,,,,,,,,,,,,,,,,,,,,,,,,,,,,,,,,,1,EA,,,,,,,,,,,,,,,,,,,,,,,,,,,,,,,,,,,,,US,No,Yes
,,,,,,576363,,,,576363,576363,576363 100/150/200 Led Med 27k,PHILIPS LIGHTING®,PHILIPS LIGHTING®,PHILIPS LIGHTING®,PHILIPS LIGHTING,PHILIPS LIGHTING,PHILIPS LIGHTING®,PHILIPS LIGHTING®,576363,,,"PHILIPS LIGHTING®, Commercial Product, 576363 - Commercial Grade Commercial Prod",COMMERCIAL PRODUCT,"PHILIPS LIGHTING®, 576363, Commercial Product",The PHILIPS LIGHTING® 576363 is a commercial-grade commercial product designed for professional and industrial applications.,PHILIPS LIGHTING® 576363 Commercial Product,The PHILIPS LIGHTING® 576363 is a commercial-grade commercial product designed for professional and industrial applications.,,,,,,,,,,,,,,,,,,,,,,,,,,PHILIPS LIGHTING® 576363 Commercial Product,,,,,,,,,,,,,,,,,,,,,,,,,,,,,,,,,,,,,,,,,,,,,,,,,,,,,,,,,,,,,,,,,,,,,,,,,,,,,,,,,,,,,,,,,,,,,,,,,,,,,,,,,,,,,,,,,,,,,,,,,,,,,,,,,,,,,,,,,,,,,,,,,,,,,,,,,,,,,1,EA,,,,,,,,,,,,,,,,,,,,,,,,,,,,,,,,,,,,,US,No,Yes
,,,,,,565374,,,,565374,565374,565374 75W Led A19 Med 27k 4pk,PHILIPS LIGHTING®,PHILIPS LIGHTING®,PHILIPS LIGHTING®,PHILIPS LIGHTING,PHILIPS LIGHTING,PHILIPS LIGHTING®,PHILIPS LIGHTING®,565374,,,"PHILIPS LIGHTING®, Commercial Product, 565374 - Commercial Grade Commercial Prod",COMMERCIAL PRODUCT,"PHILIPS LIGHTING®, 565374, Commercial Product",The PHILIPS LIGHTING® 565374 is a commercial-grade commercial product designed for professional and industrial applications. Key Specifications include PackQuantity: 4 PK.,PHILIPS LIGHTING® 565374 Commercial Product,The PHILIPS LIGHTING® 565374 is a commercial-grade commercial product designed for professional and industrial applications. Key Specifications include PackQuantity: 4 PK.,,,,,,,,,,,,,,,,,,,,,,,,,,PHILIPS LIGHTING® 565374 Commercial Product,PackQuantity,4 PK,,,,,,,,,,,,,,,,,,,,,,,,,,,,,,,,,,,,,,,,,,,,,,,,,,,,,,,,,,,,,,,,,,,,,,,,,,,,,,,,,,,,,,,,,,,,,,,,,,,,,,,,,,,,,,,,,,,,,,,,,,,,,,,,,,,,,,,,,,,,,,,,,,,,,,,,,,,1,EA,,,,,,,,,,,,,,,,,,,,,,,,,,,,,,,,,,,,,US,No,Yes
,,,,,,565390,,,,565390,565390,565390 75W Led A19 Med 50k 4pk,PHILIPS LIGHTING®,PHILIPS LIGHTING®,PHILIPS LIGHTING®,PHILIPS LIGHTING,PHILIPS LIGHTING,PHILIPS LIGHTING®,PHILIPS LIGHTING®,565390,,,"PHILIPS LIGHTING®, Commercial Product, 565390 - Commercial Grade Commercial Prod",COMMERCIAL PRODUCT,"PHILIPS LIGHTING®, 565390, Commercial Product",The PHILIPS LIGHTING® 565390 is a commercial-grade commercial product designed for professional and industrial applications. Key Specifications include PackQuantity: 4 PK.,PHILIPS LIGHTING® 565390 Commercial Product,The PHILIPS LIGHTING® 565390 is a commercial-grade commercial product designed for professional and industrial applications. Key Specifications include PackQuantity: 4 PK.,,,,,,,,,,,,,,,,,,,,,,,,,,PHILIPS LIGHTING® 565390 Commercial Product,PackQuantity,4 PK,,,,,,,,,,,,,,,,,,,,,,,,,,,,,,,,,,,,,,,,,,,,,,,,,,,,,,,,,,,,,,,,,,,,,,,,,,,,,,,,,,,,,,,,,,,,,,,,,,,,,,,,,,,,,,,,,,,,,,,,,,,,,,,,,,,,,,,,,,,,,,,,,,,,,,,,,,,1,EA,,,,,,,,,,,,,,,,,,,,,,,,,,,,,,,,,,,,,US,No,Yes
,,,,,,576371,,,,576371,576371,576371 100/150/200 Led Med 50k,PHILIPS LIGHTING®,PHILIPS LIGHTING®,PHILIPS LIGHTING®,PHILIPS LIGHTING,PHILIPS LIGHTING,PHILIPS LIGHTING®,PHILIPS LIGHTING®,576371,,,"PHILIPS LIGHTING®, Commercial Product, 576371 - Commercial Grade Commercial Prod",COMMERCIAL PRODUCT,"PHILIPS LIGHTING®, 576371, Commercial Product",The PHILIPS LIGHTING® 576371 is a commercial-grade commercial product designed for professional and industrial applications.,PHILIPS LIGHTING® 576371 Commercial Product,The PHILIPS LIGHTING® 576371 is a commercial-grade commercial product designed for professional and industrial applications.,,,,,,,,,,,,,,,,,,,,,,,,,,PHILIPS LIGHTING® 576371 Commercial Product,,,,,,,,,,,,,,,,,,,,,,,,,,,,,,,,,,,,,,,,,,,,,,,,,,,,,,,,,,,,,,,,,,,,,,,,,,,,,,,,,,,,,,,,,,,,,,,,,,,,,,,,,,,,,,,,,,,,,,,,,,,,,,,,,,,,,,,,,,,,,,,,,,,,,,,,,,,,,1,EA,,,,,,,,,,,,,,,,,,,,,,,,,,,,,,,,,,,,,US,No,Yes
,,,,,,576496,,,,576496,576496,576496 45W Led R20 Med 27k,PHILIPS LIGHTING®,PHILIPS LIGHTING®,PHILIPS LIGHTING®,PHILIPS LIGHTING,PHILIPS LIGHTING,PHILIPS LIGHTING®,PHILIPS LIGHTING®,576496,,,"PHILIPS LIGHTING®, Commercial Product, 576496 - Commercial Grade Commercial Prod",COMMERCIAL PRODUCT,"PHILIPS LIGHTING®, 576496, Commercial Product",The PHILIPS LIGHTING® 576496 is a commercial-grade commercial product designed for professional and industrial applications.,PHILIPS LIGHTING® 576496 Commercial Product,The PHILIPS LIGHTING® 576496 is a commercial-grade commercial product designed for professional and industrial applications.,,,,,,,,,,,,,,,,,,,,,,,,,,PHILIPS LIGHTING® 576496 Commercial Product,,,,,,,,,,,,,,,,,,,,,,,,,,,,,,,,,,,,,,,,,,,,,,,,,,,,,,,,,,,,,,,,,,,,,,,,,,,,,,,,,,,,,,,,,,,,,,,,,,,,,,,,,,,,,,,,,,,,,,,,,,,,,,,,,,,,,,,,,,,,,,,,,,,,,,,,,,,,,1,EA,,,,,,,,,,,,,,,,,,,,,,,,,,,,,,,,,,,,,US,No,Yes
,,,,,,564856,,,,564856,564856,564856 40W Led ST19 27k 2pk,PHILIPS LIGHTING®,PHILIPS LIGHTING®,PHILIPS LIGHTING®,PHILIPS LIGHTING,PHILIPS LIGHTING,PHILIPS LIGHTING®,PHILIPS LIGHTING®,564856,,,"PHILIPS LIGHTING®, Commercial Product, 564856 - Commercial Grade Commercial Prod",COMMERCIAL PRODUCT,"PHILIPS LIGHTING®, 564856, Commercial Product",The PHILIPS LIGHTING® 564856 is a commercial-grade commercial product designed for professional and industrial applications. Key Specifications include PackQuantity: 2 PK.,PHILIPS LIGHTING® 564856 Commercial Product,The PHILIPS LIGHTING® 564856 is a commercial-grade commercial product designed for professional and industrial applications. Key Specifications include PackQuantity: 2 PK.,,,,,,,,,,,,,,,,,,,,,,,,,,PHILIPS LIGHTING® 564856 Commercial Product,PackQuantity,2 PK,,,,,,,,,,,,,,,,,,,,,,,,,,,,,,,,,,,,,,,,,,,,,,,,,,,,,,,,,,,,,,,,,,,,,,,,,,,,,,,,,,,,,,,,,,,,,,,,,,,,,,,,,,,,,,,,,,,,,,,,,,,,,,,,,,,,,,,,,,,,,,,,,,,,,,,,,,,1,EA,,,,,,,,,,,,,,,,,,,,,,,,,,,,,,,,,,,,,US,No,Yes
,,,,,,565796,,,,565796,565796,565796 60W Led A19 Med 20k,PHILIPS LIGHTING®,PHILIPS LIGHTING®,PHILIPS LIGHTING®,PHILIPS LIGHTING,PHILIPS LIGHTING,PHILIPS LIGHTING®,PHILIPS LIGHTING®,565796,,,"PHILIPS LIGHTING®, Commercial Product, 565796 - Commercial Grade Commercial Prod",COMMERCIAL PRODUCT,"PHILIPS LIGHTING®, 565796, Commercial Product",The PHILIPS LIGHTING® 565796 is a commercial-grade commercial product designed for professional and industrial applications.,PHILIPS LIGHTING® 565796 Commercial Product,The PHILIPS LIGHTING® 565796 is a commercial-grade commercial product designed for professional and industrial applications.,,,,,,,,,,,,,,,,,,,,,,,,,,PHILIPS LIGHTING® 565796 Commercial Product,,,,,,,,,,,,,,,,,,,,,,,,,,,,,,,,,,,,,,,,,,,,,,,,,,,,,,,,,,,,,,,,,,,,,,,,,,,,,,,,,,,,,,,,,,,,,,,,,,,,,,,,,,,,,,,,,,,,,,,,,,,,,,,,,,,,,,,,,,,,,,,,,,,,,,,,,,,,,1,EA,,,,,,,,,,,,,,,,,,,,,,,,,,,,,,,,,,,,,US,No,Yes
,,,,,,576389,,,,576389,576389,576389 100/200/300 Led Med 27k,PHILIPS LIGHTING®,PHILIPS LIGHTING®,PHILIPS LIGHTING®,PHILIPS LIGHTING,PHILIPS LIGHTING,PHILIPS LIGHTING®,PHILIPS LIGHTING®,576389,,,"PHILIPS LIGHTING®, Commercial Product, 576389 - Commercial Grade Commercial Prod",COMMERCIAL PRODUCT,"PHILIPS LIGHTING®, 576389, Commercial Product",The PHILIPS LIGHTING® 576389 is a commercial-grade commercial product designed for professional and industrial applications.,PHILIPS LIGHTING® 576389 Commercial Product,The PHILIPS LIGHTING® 576389 is a commercial-grade commercial product designed for professional and industrial applications.,,,,,,,,,,,,,,,,,,,,,,,,,,PHILIPS LIGHTING® 576389 Commercial Product,,,,,,,,,,,,,,,,,,,,,,,,,,,,,,,,,,,,,,,,,,,,,,,,,,,,,,,,,,,,,,,,,,,,,,,,,,,,,,,,,,,,,,,,,,,,,,,,,,,,,,,,,,,,,,,,,,,,,,,,,,,,,,,,,,,,,,,,,,,,,,,,,,,,,,,,,,,,,1,EA,,,,,,,,,,,,,,,,,,,,,,,,,,,,,,,,,,,,,US,No,Yes
,,,,,,564492,,,,564492,564492,564492 75W Adj Base 27k 3pk,PHILIPS LIGHTING®,PHILIPS LIGHTING®,PHILIPS LIGHTING®,PHILIPS LIGHTING,PHILIPS LIGHTING,PHILIPS LIGHTING®,PHILIPS LIGHTING®,564492,,,"PHILIPS LIGHTING®, Commercial Product, 564492 - Commercial Grade Commercial Prod",COMMERCIAL PRODUCT,"PHILIPS LIGHTING®, 564492, Commercial Product",The PHILIPS LIGHTING® 564492 is a commercial-grade commercial product designed for professional and industrial applications. Key Specifications include PackQuantity: 3 PK.,PHILIPS LIGHTING® 564492 Commercial Product,The PHILIPS LIGHTING® 564492 is a commercial-grade commercial product designed for professional and industrial applications. Key Specifications include PackQuantity: 3 PK.,,,,,,,,,,,,,,,,,,,,,,,,,,PHILIPS LIGHTING® 564492 Commercial Product,PackQuantity,3 PK,,,,,,,,,,,,,,,,,,,,,,,,,,,,,,,,,,,,,,,,,,,,,,,,,,,,,,,,,,,,,,,,,,,,,,,,,,,,,,,,,,,,,,,,,,,,,,,,,,,,,,,,,,,,,,,,,,,,,,,,,,,,,,,,,,,,,,,,,,,,,,,,,,,,,,,,,,,1,EA,,,,,,,,,,,,,,,,,,,,,,,,,,,,,,,,,,,,,US,No,Yes
,,,,,,603449,,,,603449,603449,603449 Wiz 60W Led Med Clr Ch,PHILIPS LIGHTING®,PHILIPS LIGHTING®,PHILIPS LIGHTING®,PHILIPS LIGHTING,PHILIPS LIGHTING,PHILIPS LIGHTING®,PHILIPS LIGHTING®,603449,,,"PHILIPS LIGHTING®, Commercial Product, 603449 - Commercial Grade Commercial Prod",COMMERCIAL PRODUCT,"PHILIPS LIGHTING®, 603449, Commercial Product",The PHILIPS LIGHTING® 603449 is a commercial-grade commercial product designed for professional and industrial applications.,PHILIPS LIGHTING® 603449 Commercial Product,The PHILIPS LIGHTING® 603449 is a commercial-grade commercial product designed for professional and industrial applications.,,,,,,,,,,,,,,,,,,,,,,,,,,PHILIPS LIGHTING® 603449 Commercial Product,,,,,,,,,,,,,,,,,,,,,,,,,,,,,,,,,,,,,,,,,,,,,,,,,,,,,,,,,,,,,,,,,,,,,,,,,,,,,,,,,,,,,,,,,,,,,,,,,,,,,,,,,,,,,,,,,,,,,,,,,,,,,,,,,,,,,,,,,,,,,,,,,,,,,,,,,,,,,1,EA,,,,,,,,,,,,,,,,,,,,,,,,,,,,,,,,,,,,,US,No,Yes
,,,,,,586909,,,,586909,586909,586909 Led 60W Med A19 27K,PHILIPS LIGHTING®,PHILIPS LIGHTING®,PHILIPS LIGHTING®,PHILIPS LIGHTING,PHILIPS LIGHTING,PHILIPS LIGHTING®,PHILIPS LIGHTING®,586909,,,"PHILIPS LIGHTING®, Commercial Product, 586909 - Commercial Grade Commercial Prod",COMMERCIAL PRODUCT,"PHILIPS LIGHTING®, 586909, Commercial Product",The PHILIPS LIGHTING® 586909 is a commercial-grade commercial product designed for professional and industrial applications.,PHILIPS LIGHTING® 586909 Commercial Product,The PHILIPS LIGHTING® 586909 is a commercial-grade commercial product designed for professional and industrial applications.,,,,,,,,,,,,,,,,,,,,,,,,,,PHILIPS LIGHTING® 586909 Commercial Product,,,,,,,,,,,,,,,,,,,,,,,,,,,,,,,,,,,,,,,,,,,,,,,,,,,,,,,,,,,,,,,,,,,,,,,,,,,,,,,,,,,,,,,,,,,,,,,,,,,,,,,,,,,,,,,,,,,,,,,,,,,,,,,,,,,,,,,,,,,,,,,,,,,,,,,,,,,,,1,EA,,,,,,,,,,,,,,,,,,,,,,,,,,,,,,,,,,,,,US,No,Yes
,,,,,,566364,,,,566364,566364,566364 75W Led ST19 27k 4pk,PHILIPS LIGHTING®,PHILIPS LIGHTING®,PHILIPS LIGHTING®,PHILIPS LIGHTING,PHILIPS LIGHTING,PHILIPS LIGHTING®,PHILIPS LIGHTING®,566364,,,"PHILIPS LIGHTING®, Commercial Product, 566364 - Commercial Grade Commercial Prod",COMMERCIAL PRODUCT,"PHILIPS LIGHTING®, 566364, Commercial Product",The PHILIPS LIGHTING® 566364 is a commercial-grade commercial product designed for professional and industrial applications. Key Specifications include PackQuantity: 4 PK.,PHILIPS LIGHTING® 566364 Commercial Product,The PHILIPS LIGHTING® 566364 is a commercial-grade commercial product designed for professional and industrial applications. Key Specifications include PackQuantity: 4 PK.,,,,,,,,,,,,,,,,,,,,,,,,,,PHILIPS LIGHTING® 566364 Commercial Product,PackQuantity,4 PK,,,,,,,,,,,,,,,,,,,,,,,,,,,,,,,,,,,,,,,,,,,,,,,,,,,,,,,,,,,,,,,,,,,,,,,,,,,,,,,,,,,,,,,,,,,,,,,,,,,,,,,,,,,,,,,,,,,,,,,,,,,,,,,,,,,,,,,,,,,,,,,,,,,,,,,,,,,1,EA,,,,,,,,,,,,,,,,,,,,,,,,,,,,,,,,,,,,,US,No,Yes
,,,,,,576397,,,,576397,576397,576394 100/200/300 Led A23 50k,PHILIPS LIGHTING®,PHILIPS LIGHTING®,PHILIPS LIGHTING®,PHILIPS LIGHTING,PHILIPS LIGHTING,PHILIPS LIGHTING®,PHILIPS LIGHTING®,576397,,,"PHILIPS LIGHTING®, Commercial Product, 576397 - Commercial Grade Commercial Prod",COMMERCIAL PRODUCT,"PHILIPS LIGHTING®, 576397, Commercial Product",The PHILIPS LIGHTING® 576397 is a commercial-grade commercial product designed for professional and industrial applications.,PHILIPS LIGHTING® 576397 Commercial Product,The PHILIPS LIGHTING® 576397 is a commercial-grade commercial product designed for professional and industrial applications.,,,,,,,,,,,,,,,,,,,,,,,,,,PHILIPS LIGHTING® 576397 Commercial Product,,,,,,,,,,,,,,,,,,,,,,,,,,,,,,,,,,,,,,,,,,,,,,,,,,,,,,,,,,,,,,,,,,,,,,,,,,,,,,,,,,,,,,,,,,,,,,,,,,,,,,,,,,,,,,,,,,,,,,,,,,,,,,,,,,,,,,,,,,,,,,,,,,,,,,,,,,,,,1,EA,,,,,,,,,,,,,,,,,,,,,,,,,,,,,,,,,,,,,US,No,Yes
,,,,,,571497,,,,571497,571497,571497 150W Led Med 27k,PHILIPS LIGHTING®,PHILIPS LIGHTING®,PHILIPS LIGHTING®,PHILIPS LIGHTING,PHILIPS LIGHTING,PHILIPS LIGHTING®,PHILIPS LIGHTING®,571497,,,"PHILIPS LIGHTING®, Commercial Product, 571497 - Commercial Grade Commercial Prod",COMMERCIAL PRODUCT,"PHILIPS LIGHTING®, 571497, Commercial Product",The PHILIPS LIGHTING® 571497 is a commercial-grade commercial product designed for professional and industrial applications.,PHILIPS LIGHTING® 571497 Commercial Product,The PHILIPS LIGHTING® 571497 is a commercial-grade commercial product designed for professional and industrial applications.,,,,,,,,,,,,,,,,,,,,,,,,,,PHILIPS LIGHTING® 571497 Commercial Product,,,,,,,,,,,,,,,,,,,,,,,,,,,,,,,,,,,,,,,,,,,,,,,,,,,,,,,,,,,,,,,,,,,,,,,,,,,,,,,,,,,,,,,,,,,,,,,,,,,,,,,,,,,,,,,,,,,,,,,,,,,,,,,,,,,,,,,,,,,,,,,,,,,,,,,,,,,,,1,EA,,,,,,,,,,,,,,,,,,,,,,,,,,,,,,,,,,,,,US,No,Yes
,,,,,,576306,,,,576306,576306,576306 40W Led A19 5CCT 4pk,PHILIPS LIGHTING®,PHILIPS LIGHTING®,PHILIPS LIGHTING®,PHILIPS LIGHTING,PHILIPS LIGHTING,PHILIPS LIGHTING®,PHILIPS LIGHTING®,576306,,,"PHILIPS LIGHTING®, Commercial Product, 576306 - Commercial Grade Commercial Prod",COMMERCIAL PRODUCT,"PHILIPS LIGHTING®, 576306, Commercial Product",The PHILIPS LIGHTING® 576306 is a commercial-grade commercial product designed for professional and industrial applications. Key Specifications include PackQuantity: 4 PK.,PHILIPS LIGHTING® 576306 Commercial Product,The PHILIPS LIGHTING® 576306 is a commercial-grade commercial product designed for professional and industrial applications. Key Specifications include PackQuantity: 4 PK.,,,,,,,,,,,,,,,,,,,,,,,,,,PHILIPS LIGHTING® 576306 Commercial Product,PackQuantity,4 PK,,,,,,,,,,,,,,,,,,,,,,,,,,,,,,,,,,,,,,,,,,,,,,,,,,,,,,,,,,,,,,,,,,,,,,,,,,,,,,,,,,,,,,,,,,,,,,,,,,,,,,,,,,,,,,,,,,,,,,,,,,,,,,,,,,,,,,,,,,,,,,,,,,,,,,,,,,,1,EA,,,,,,,,,,,,,,,,,,,,,,,,,,,,,,,,,,,,,US,No,Yes
,,,,,,588533,,,,588533,588533,588533 40W Led Cand 3pk,PHILIPS LIGHTING®,PHILIPS LIGHTING®,PHILIPS LIGHTING®,PHILIPS LIGHTING,PHILIPS LIGHTING,PHILIPS LIGHTING®,PHILIPS LIGHTING®,588533,,,"PHILIPS LIGHTING®, Commercial Product, 588533 - Commercial Grade Commercial Prod",COMMERCIAL PRODUCT,"PHILIPS LIGHTING®, 588533, Commercial Product",The PHILIPS LIGHTING® 588533 is a commercial-grade commercial product designed for professional and industrial applications. Key Specifications include PackQuantity: 3 PK.,PHILIPS LIGHTING® 588533 Commercial Product,The PHILIPS LIGHTING® 588533 is a commercial-grade commercial product designed for professional and industrial applications. Key Specifications include PackQuantity: 3 PK.,,,,,,,,,,,,,,,,,,,,,,,,,,PHILIPS LIGHTING® 588533 Commercial Product,PackQuantity,3 PK,,,,,,,,,,,,,,,,,,,,,,,,,,,,,,,,,,,,,,,,,,,,,,,,,,,,,,,,,,,,,,,,,,,,,,,,,,,,,,,,,,,,,,,,,,,,,,,,,,,,,,,,,,,,,,,,,,,,,,,,,,,,,,,,,,,,,,,,,,,,,,,,,,,,,,,,,,,1,EA,,,,,,,,,,,,,,,,,,,,,,,,,,,,,,,,,,,,,US,No,Yes
,,,,,,576520,,,,576520,576520,576520 65W Led Med 27k,PHILIPS LIGHTING®,PHILIPS LIGHTING®,PHILIPS LIGHTING®,PHILIPS LIGHTING,PHILIPS LIGHTING,PHILIPS LIGHTING®,PHILIPS LIGHTING®,576520,,,"PHILIPS LIGHTING®, Commercial Product, 576520 - Commercial Grade Commercial Prod",COMMERCIAL PRODUCT,"PHILIPS LIGHTING®, 576520, Commercial Product",The PHILIPS LIGHTING® 576520 is a commercial-grade commercial product designed for professional and industrial applications.,PHILIPS LIGHTING® 576520 Commercial Product,The PHILIPS LIGHTING® 576520 is a commercial-grade commercial product designed for professional and industrial applications.,,,,,,,,,,,,,,,,,,,,,,,,,,PHILIPS LIGHTING® 576520 Commercial Product,,,,,,,,,,,,,,,,,,,,,,,,,,,,,,,,,,,,,,,,,,,,,,,,,,,,,,,,,,,,,,,,,,,,,,,,,,,,,,,,,,,,,,,,,,,,,,,,,,,,,,,,,,,,,,,,,,,,,,,,,,,,,,,,,,,,,,,,,,,,,,,,,,,,,,,,,,,,,1,EA,,,,,,,,,,,,,,,,,,,,,,,,,,,,,,,,,,,,,US,No,Yes
,,,,,,574004,,,,574004,574004,574004 75W Led ST19 27k 2pk,PHILIPS LIGHTING®,PHILIPS LIGHTING®,PHILIPS LIGHTING®,PHILIPS LIGHTING,PHILIPS LIGHTING,PHILIPS LIGHTING®,PHILIPS LIGHTING®,574004,,,"PHILIPS LIGHTING®, Commercial Product, 574004 - Commercial Grade Commercial Prod",COMMERCIAL PRODUCT,"PHILIPS LIGHTING®, 574004, Commercial Product",The PHILIPS LIGHTING® 574004 is a commercial-grade commercial product designed for professional and industrial applications. Key Specifications include PackQuantity: 2 PK.,PHILIPS LIGHTING® 574004 Commercial Product,The PHILIPS LIGHTING® 574004 is a commercial-grade commercial product designed for professional and industrial applications. Key Specifications include PackQuantity: 2 PK.,,,,,,,,,,,,,,,,,,,,,,,,,,PHILIPS LIGHTING® 574004 Commercial Product,PackQuantity,2 PK,,,,,,,,,,,,,,,,,,,,,,,,,,,,,,,,,,,,,,,,,,,,,,,,,,,,,,,,,,,,,,,,,,,,,,,,,,,,,,,,,,,,,,,,,,,,,,,,,,,,,,,,,,,,,,,,,,,,,,,,,,,,,,,,,,,,,,,,,,,,,,,,,,,,,,,,,,,1,EA,,,,,,,,,,,,,,,,,,,,,,,,,,,,,,,,,,,,,US,No,Yes
,,,,,,574012,,,,574012,574012,574012 75W Led ST19 50k 2pk,PHILIPS LIGHTING®,PHILIPS LIGHTING®,PHILIPS LIGHTING®,PHILIPS LIGHTING,PHILIPS LIGHTING,PHILIPS LIGHTING®,PHILIPS LIGHTING®,574012,,,"PHILIPS LIGHTING®, Commercial Product, 574012 - Commercial Grade Commercial Prod",COMMERCIAL PRODUCT,"PHILIPS LIGHTING®, 574012, Commercial Product",The PHILIPS LIGHTING® 574012 is a commercial-grade commercial product designed for professional and industrial applications. Key Specifications include PackQuantity: 2 PK.,PHILIPS LIGHTING® 574012 Commercial Product,The PHILIPS LIGHTING® 574012 is a commercial-grade commercial product designed for professional and industrial applications. Key Specifications include PackQuantity: 2 PK.,,,,,,,,,,,,,,,,,,,,,,,,,,PHILIPS LIGHTING® 574012 Commercial Product,PackQuantity,2 PK,,,,,,,,,,,,,,,,,,,,,,,,,,,,,,,,,,,,,,,,,,,,,,,,,,,,,,,,,,,,,,,,,,,,,,,,,,,,,,,,,,,,,,,,,,,,,,,,,,,,,,,,,,,,,,,,,,,,,,,,,,,,,,,,,,,,,,,,,,,,,,,,,,,,,,,,,,,1,EA,,,,,,,,,,,,,,,,,,,,,,,,,,,,,,,,,,,,,US,No,Yes
,,,,,,573971,,,,573971,573971,573971 75W Led ST19 20k 4pk,PHILIPS LIGHTING®,PHILIPS LIGHTING®,PHILIPS LIGHTING®,PHILIPS LIGHTING,PHILIPS LIGHTING,PHILIPS LIGHTING®,PHILIPS LIGHTING®,573971,,,"PHILIPS LIGHTING®, Commercial Product, 573971 - Commercial Grade Commercial Prod",COMMERCIAL PRODUCT,"PHILIPS LIGHTING®, 573971, Commercial Product",The PHILIPS LIGHTING® 573971 is a commercial-grade commercial product designed for professional and industrial applications. Key Specifications include PackQuantity: 4 PK.,PHILIPS LIGHTING® 573971 Commercial Product,The PHILIPS LIGHTING® 573971 is a commercial-grade commercial product designed for professional and industrial applications. Key Specifications include PackQuantity: 4 PK.,,,,,,,,,,,,,,,,,,,,,,,,,,PHILIPS LIGHTING® 573971 Commercial Product,PackQuantity,4 PK,,,,,,,,,,,,,,,,,,,,,,,,,,,,,,,,,,,,,,,,,,,,,,,,,,,,,,,,,,,,,,,,,,,,,,,,,,,,,,,,,,,,,,,,,,,,,,,,,,,,,,,,,,,,,,,,,,,,,,,,,,,,,,,,,,,,,,,,,,,,,,,,,,,,,,,,,,,1,EA,,,,,,,,,,,,,,,,,,,,,,,,,,,,,,,,,,,,,US,No,Yes
,,,,,,573989,,,,573989,573989,573989 40W Led Med 27K 4pk,PHILIPS LIGHTING®,PHILIPS LIGHTING®,PHILIPS LIGHTING®,PHILIPS LIGHTING,PHILIPS LIGHTING,PHILIPS LIGHTING®,PHILIPS LIGHTING®,573989,,,"PHILIPS LIGHTING®, Commercial Product, 573989 - Commercial Grade Commercial Prod",COMMERCIAL PRODUCT,"PHILIPS LIGHTING®, 573989, Commercial Product",The PHILIPS LIGHTING® 573989 is a commercial-grade commercial product designed for professional and industrial applications. Key Specifications include PackQuantity: 4 PK.,PHILIPS LIGHTING® 573989 Commercial Product,The PHILIPS LIGHTING® 573989 is a commercial-grade commercial product designed for professional and industrial applications. Key Specifications include PackQuantity: 4 PK.,,,,,,,,,,,,,,,,,,,,,,,,,,PHILIPS LIGHTING® 573989 Commercial Product,PackQuantity,4 PK,,,,,,,,,,,,,,,,,,,,,,,,,,,,,,,,,,,,,,,,,,,,,,,,,,,,,,,,,,,,,,,,,,,,,,,,,,,,,,,,,,,,,,,,,,,,,,,,,,,,,,,,,,,,,,,,,,,,,,,,,,,,,,,,,,,,,,,,,,,,,,,,,,,,,,,,,,,1,EA,,,,,,,,,,,,,,,,,,,,,,,,,,,,,,,,,,,,,US,No,Yes
,,,,,,576769,,,,576769,576769,576769 65W Led BR30 Med 27k,PHILIPS LIGHTING®,PHILIPS LIGHTING®,PHILIPS LIGHTING®,PHILIPS LIGHTING,PHILIPS LIGHTING,PHILIPS LIGHTING®,PHILIPS LIGHTING®,576769,,,"PHILIPS LIGHTING®, Commercial Product, 576769 - Commercial Grade Commercial Prod",COMMERCIAL PRODUCT,"PHILIPS LIGHTING®, 576769, Commercial Product",The PHILIPS LIGHTING® 576769 is a commercial-grade commercial product designed for professional and industrial applications.,PHILIPS LIGHTING® 576769 Commercial Product,The PHILIPS LIGHTING® 576769 is a commercial-grade commercial product designed for professional and industrial applications.,,,,,,,,,,,,,,,,,,,,,,,,,,PHILIPS LIGHTING® 576769 Commercial Product,,,,,,,,,,,,,,,,,,,,,,,,,,,,,,,,,,,,,,,,,,,,,,,,,,,,,,,,,,,,,,,,,,,,,,,,,,,,,,,,,,,,,,,,,,,,,,,,,,,,,,,,,,,,,,,,,,,,,,,,,,,,,,,,,,,,,,,,,,,,,,,,,,,,,,,,,,,,,1,EA,,,,,,,,,,,,,,,,,,,,,,,,,,,,,,,,,,,,,US,No,Yes
,,,,,,567446,,,,567446,567446,567446 60W Led Med 50K 3pk,PHILIPS LIGHTING®,PHILIPS LIGHTING®,PHILIPS LIGHTING®,PHILIPS LIGHTING,PHILIPS LIGHTING,PHILIPS LIGHTING®,PHILIPS LIGHTING®,567446,,,"PHILIPS LIGHTING®, Commercial Product, 567446 - Commercial Grade Commercial Prod",COMMERCIAL PRODUCT,"PHILIPS LIGHTING®, 567446, Commercial Product",The PHILIPS LIGHTING® 567446 is a commercial-grade commercial product designed for professional and industrial applications. Key Specifications include PackQuantity: 3 PK.,PHILIPS LIGHTING® 567446 Commercial Product,The PHILIPS LIGHTING® 567446 is a commercial-grade commercial product designed for professional and industrial applications. Key Specifications include PackQuantity: 3 PK.,,,,,,,,,,,,,,,,,,,,,,,,,,PHILIPS LIGHTING® 567446 Commercial Product,PackQuantity,3 PK,,,,,,,,,,,,,,,,,,,,,,,,,,,,,,,,,,,,,,,,,,,,,,,,,,,,,,,,,,,,,,,,,,,,,,,,,,,,,,,,,,,,,,,,,,,,,,,,,,,,,,,,,,,,,,,,,,,,,,,,,,,,,,,,,,,,,,,,,,,,,,,,,,,,,,,,,,,1,EA,,,,,,,,,,,,,,,,,,,,,,,,,,,,,,,,,,,,,US,No,Yes
,,,,,,573997,,,,573997,573997,573997 40W Led Med 50k 4pk,PHILIPS LIGHTING®,PHILIPS LIGHTING®,PHILIPS LIGHTING®,PHILIPS LIGHTING,PHILIPS LIGHTING,PHILIPS LIGHTING®,PHILIPS LIGHTING®,573997,,,"PHILIPS LIGHTING®, Commercial Product, 573997 - Commercial Grade Commercial Prod",COMMERCIAL PRODUCT,"PHILIPS LIGHTING®, 573997, Commercial Product",The PHILIPS LIGHTING® 573997 is a commercial-grade commercial product designed for professional and industrial applications. Key Specifications include PackQuantity: 4 PK.,PHILIPS LIGHTING® 573997 Commercial Product,The PHILIPS LIGHTING® 573997 is a commercial-grade commercial product designed for professional and industrial applications. Key Specifications include PackQuantity: 4 PK.,,,,,,,,,,,,,,,,,,,,,,,,,,PHILIPS LIGHTING® 573997 Commercial Product,PackQuantity,4 PK,,,,,,,,,,,,,,,,,,,,,,,,,,,,,,,,,,,,,,,,,,,,,,,,,,,,,,,,,,,,,,,,,,,,,,,,,,,,,,,,,,,,,,,,,,,,,,,,,,,,,,,,,,,,,,,,,,,,,,,,,,,,,,,,,,,,,,,,,,,,,,,,,,,,,,,,,,,1,EA,,,,,,,,,,,,,,,,,,,,,,,,,,,,,,,,,,,,,US,No,Yes
,,,,,,571463,,,,571463,571463,571463 100W Led BR30 Med 50k,PHILIPS LIGHTING®,PHILIPS LIGHTING®,PHILIPS LIGHTING®,PHILIPS LIGHTING,PHILIPS LIGHTING,PHILIPS LIGHTING®,PHILIPS LIGHTING®,571463,,,"PHILIPS LIGHTING®, Commercial Product, 571463 - Commercial Grade Commercial Prod",COMMERCIAL PRODUCT,"PHILIPS LIGHTING®, 571463, Commercial Product",The PHILIPS LIGHTING® 571463 is a commercial-grade commercial product designed for professional and industrial applications.,PHILIPS LIGHTING® 571463 Commercial Product,The PHILIPS LIGHTING® 571463 is a commercial-grade commercial product designed for professional and industrial applications.,,,,,,,,,,,,,,,,,,,,,,,,,,PHILIPS LIGHTING® 571463 Commercial Product,,,,,,,,,,,,,,,,,,,,,,,,,,,,,,,,,,,,,,,,,,,,,,,,,,,,,,,,,,,,,,,,,,,,,,,,,,,,,,,,,,,,,,,,,,,,,,,,,,,,,,,,,,,,,,,,,,,,,,,,,,,,,,,,,,,,,,,,,,,,,,,,,,,,,,,,,,,,,1,EA,,,,,,,,,,,,,,,,,,,,,,,,,,,,,,,,,,,,,US,No,Yes
,,,,,,576512,,,,576512,576512,576512 65W Led BR40 Med 27k,PHILIPS LIGHTING®,PHILIPS LIGHTING®,PHILIPS LIGHTING®,PHILIPS LIGHTING,PHILIPS LIGHTING,PHILIPS LIGHTING®,PHILIPS LIGHTING®,576512,,,"PHILIPS LIGHTING®, Commercial Product, 576512 - Commercial Grade Commercial Prod",COMMERCIAL PRODUCT,"PHILIPS LIGHTING®, 576512, Commercial Product",The PHILIPS LIGHTING® 576512 is a commercial-grade commercial product designed for professional and industrial applications.,PHILIPS LIGHTING® 576512 Commercial Product,The PHILIPS LIGHTING® 576512 is a commercial-grade commercial product designed for professional and industrial applications.,,,,,,,,,,,,,,,,,,,,,,,,,,PHILIPS LIGHTING® 576512 Commercial Product,,,,,,,,,,,,,,,,,,,,,,,,,,,,,,,,,,,,,,,,,,,,,,,,,,,,,,,,,,,,,,,,,,,,,,,,,,,,,,,,,,,,,,,,,,,,,,,,,,,,,,,,,,,,,,,,,,,,,,,,,,,,,,,,,,,,,,,,,,,,,,,,,,,,,,,,,,,,,1,EA,,,,,,,,,,,,,,,,,,,,,,,,,,,,,,,,,,,,,US,No,Yes
,,,,,,581181,,,,581181,581181,581181 40W Led Med 2pk,PHILIPS LIGHTING®,PHILIPS LIGHTING®,PHILIPS LIGHTING®,PHILIPS LIGHTING,PHILIPS LIGHTING,PHILIPS LIGHTING®,PHILIPS LIGHTING®,581181,,,"PHILIPS LIGHTING®, Commercial Product, 581181 - Commercial Grade Commercial Prod",COMMERCIAL PRODUCT,"PHILIPS LIGHTING®, 581181, Commercial Product",The PHILIPS LIGHTING® 581181 is a commercial-grade commercial product designed for professional and industrial applications. Key Specifications include PackQuantity: 2 PK.,PHILIPS LIGHTING® 581181 Commercial Product,The PHILIPS LIGHTING® 581181 is a commercial-grade commercial product designed for professional and industrial applications. Key Specifications include PackQuantity: 2 PK.,,,,,,,,,,,,,,,,,,,,,,,,,,PHILIPS LIGHTING® 581181 Commercial Product,PackQuantity,2 PK,,,,,,,,,,,,,,,,,,,,,,,,,,,,,,,,,,,,,,,,,,,,,,,,,,,,,,,,,,,,,,,,,,,,,,,,,,,,,,,,,,,,,,,,,,,,,,,,,,,,,,,,,,,,,,,,,,,,,,,,,,,,,,,,,,,,,,,,,,,,,,,,,,,,,,,,,,,1,EA,,,,,,,,,,,,,,,,,,,,,,,,,,,,,,,,,,,,,US,No,Yes
,,,,,,GT-CB-100C,,,,GT-CB-100C,GT-CB-100C,GTCB100C Led 100W Cob Bulb,Keystone,Keystone,Keystone,Keystone,Keystone,Keystone,Keystone,GT-CB-100C,,,"Keystone, Commercial Product, GT-CB-100C - Commercial Grade Commercial Product",COMMERCIAL PRODUCT,"Keystone, GT-CB-100C, Commercial Product",The Keystone GT-CB-100C is a commercial-grade commercial product designed for professional and industrial applications.,Keystone GT-CB-100C Commercial Product,The Keystone GT-CB-100C is a commercial-grade commercial product designed for professional and industrial applications.,,,,,,,,,,,,,,,,,,,,,,,,,,Keystone GT-CB-100C Commercial Product,,,,,,,,,,,,,,,,,,,,,,,,,,,,,,,,,,,,,,,,,,,,,,,,,,,,,,,,,,,,,,,,,,,,,,,,,,,,,,,,,,,,,,,,,,,,,,,,,,,,,,,,,,,,,,,,,,,,,,,,,,,,,,,,,,,,,,,,,,,,,,,,,,,,,,,,,,,,,1,EA,,,,,,,,,,,,,,,,,,,,,,,,,,,,,,,,,,,,,US,No,Yes
,,,,,,566430,,,,566430,566430,566430 75W Led Med 50k 4pk,PHILIPS LIGHTING®,PHILIPS LIGHTING®,PHILIPS LIGHTING®,PHILIPS LIGHTING,PHILIPS LIGHTING,PHILIPS LIGHTING®,PHILIPS LIGHTING®,566430,,,"PHILIPS LIGHTING®, Commercial Product, 566430 - Commercial Grade Commercial Prod",COMMERCIAL PRODUCT,"PHILIPS LIGHTING®, 566430, Commercial Product",The PHILIPS LIGHTING® 566430 is a commercial-grade commercial product designed for professional and industrial applications. Key Specifications include PackQuantity: 4 PK.,PHILIPS LIGHTING® 566430 Commercial Product,The PHILIPS LIGHTING® 566430 is a commercial-grade commercial product designed for professional and industrial applications. Key Specifications include PackQuantity: 4 PK.,,,,,,,,,,,,,,,,,,,,,,,,,,PHILIPS LIGHTING® 566430 Commercial Product,PackQuantity,4 PK,,,,,,,,,,,,,,,,,,,,,,,,,,,,,,,,,,,,,,,,,,,,,,,,,,,,,,,,,,,,,,,,,,,,,,,,,,,,,,,,,,,,,,,,,,,,,,,,,,,,,,,,,,,,,,,,,,,,,,,,,,,,,,,,,,,,,,,,,,,,,,,,,,,,,,,,,,,1,EA,,,,,,,,,,,,,,,,,,,,,,,,,,,,,,,,,,,,,US,No,Yes
,,,,,,568337,,,,568337,568337,568337 120W Led Par38 Med 50k,PHILIPS LIGHTING®,PHILIPS LIGHTING®,PHILIPS LIGHTING®,PHILIPS LIGHTING,PHILIPS LIGHTING,PHILIPS LIGHTING®,PHILIPS LIGHTING®,568337,,,"PHILIPS LIGHTING®, Commercial Product, 568337 - Commercial Grade Commercial Prod",COMMERCIAL PRODUCT,"PHILIPS LIGHTING®, 568337, Commercial Product",The PHILIPS LIGHTING® 568337 is a commercial-grade commercial product designed for professional and industrial applications.,PHILIPS LIGHTING® 568337 Commercial Product,The PHILIPS LIGHTING® 568337 is a commercial-grade commercial product designed for professional and industrial applications.,,,,,,,,,,,,,,,,,,,,,,,,,,PHILIPS LIGHTING® 568337 Commercial Product,,,,,,,,,,,,,,,,,,,,,,,,,,,,,,,,,,,,,,,,,,,,,,,,,,,,,,,,,,,,,,,,,,,,,,,,,,,,,,,,,,,,,,,,,,,,,,,,,,,,,,,,,,,,,,,,,,,,,,,,,,,,,,,,,,,,,,,,,,,,,,,,,,,,,,,,,,,,,1,EA,,,,,,,,,,,,,,,,,,,,,,,,,,,,,,,,,,,,,US,No,Yes
,,,,,,565788,,,,565788,565788,565788 40W Led A19 Med 27k,PHILIPS LIGHTING®,PHILIPS LIGHTING®,PHILIPS LIGHTING®,PHILIPS LIGHTING,PHILIPS LIGHTING,PHILIPS LIGHTING®,PHILIPS LIGHTING®,565788,,,"PHILIPS LIGHTING®, Commercial Product, 565788 - Commercial Grade Commercial Prod",COMMERCIAL PRODUCT,"PHILIPS LIGHTING®, 565788, Commercial Product",The PHILIPS LIGHTING® 565788 is a commercial-grade commercial product designed for professional and industrial applications.,PHILIPS LIGHTING® 565788 Commercial Product,The PHILIPS LIGHTING® 565788 is a commercial-grade commercial product designed for professional and industrial applications.,,,,,,,,,,,,,,,,,,,,,,,,,,PHILIPS LIGHTING® 565788 Commercial Product,,,,,,,,,,,,,,,,,,,,,,,,,,,,,,,,,,,,,,,,,,,,,,,,,,,,,,,,,,,,,,,,,,,,,,,,,,,,,,,,,,,,,,,,,,,,,,,,,,,,,,,,,,,,,,,,,,,,,,,,,,,,,,,,,,,,,,,,,,,,,,,,,,,,,,,,,,,,,1,EA,,,,,,,,,,,,,,,,,,,,,,,,,,,,,,,,,,,,,US,No,Yes
,,,,,,565770,,,,565770,565770,565770 40W Led A19 Med 50k,PHILIPS LIGHTING®,PHILIPS LIGHTING®,PHILIPS LIGHTING®,PHILIPS LIGHTING,PHILIPS LIGHTING,PHILIPS LIGHTING®,PHILIPS LIGHTING®,565770,,,"PHILIPS LIGHTING®, Commercial Product, 565770 - Commercial Grade Commercial Prod",COMMERCIAL PRODUCT,"PHILIPS LIGHTING®, 565770, Commercial Product",The PHILIPS LIGHTING® 565770 is a commercial-grade commercial product designed for professional and industrial applications.,PHILIPS LIGHTING® 565770 Commercial Product,The PHILIPS LIGHTING® 565770 is a commercial-grade commercial product designed for professional and industrial applications.,,,,,,,,,,,,,,,,,,,,,,,,,,PHILIPS LIGHTING® 565770 Commercial Product,,,,,,,,,,,,,,,,,,,,,,,,,,,,,,,,,,,,,,,,,,,,,,,,,,,,,,,,,,,,,,,,,,,,,,,,,,,,,,,,,,,,,,,,,,,,,,,,,,,,,,,,,,,,,,,,,,,,,,,,,,,,,,,,,,,,,,,,,,,,,,,,,,,,,,,,,,,,,1,EA,,,,,,,,,,,,,,,,,,,,,,,,,,,,,,,,,,,,,US,No,Yes
,,,,,,573436,,,,573436,573436,573436 60W Led A19 Med 27k 2pk,PHILIPS LIGHTING®,PHILIPS LIGHTING®,PHILIPS LIGHTING®,PHILIPS LIGHTING,PHILIPS LIGHTING,PHILIPS LIGHTING®,PHILIPS LIGHTING®,573436,,,"PHILIPS LIGHTING®, Commercial Product, 573436 - Commercial Grade Commercial Prod",COMMERCIAL PRODUCT,"PHILIPS LIGHTING®, 573436, Commercial Product",The PHILIPS LIGHTING® 573436 is a commercial-grade commercial product designed for professional and industrial applications. Key Specifications include PackQuantity: 2 PK.,PHILIPS LIGHTING® 573436 Commercial Product,The PHILIPS LIGHTING® 573436 is a commercial-grade commercial product designed for professional and industrial applications. Key Specifications include PackQuantity: 2 PK.,,,,,,,,,,,,,,,,,,,,,,,,,,PHILIPS LIGHTING® 573436 Commercial Product,PackQuantity,2 PK,,,,,,,,,,,,,,,,,,,,,,,,,,,,,,,,,,,,,,,,,,,,,,,,,,,,,,,,,,,,,,,,,,,,,,,,,,,,,,,,,,,,,,,,,,,,,,,,,,,,,,,,,,,,,,,,,,,,,,,,,,,,,,,,,,,,,,,,,,,,,,,,,,,,,,,,,,,1,EA,,,,,,,,,,,,,,,,,,,,,,,,,,,,,,,,,,,,,US,No,Yes
,,,,,,576538,,,,576538,576538,576538 65W Led BR30 Med 50k,PHILIPS LIGHTING®,PHILIPS LIGHTING®,PHILIPS LIGHTING®,PHILIPS LIGHTING,PHILIPS LIGHTING,PHILIPS LIGHTING®,PHILIPS LIGHTING®,576538,,,"PHILIPS LIGHTING®, Commercial Product, 576538 - Commercial Grade Commercial Prod",COMMERCIAL PRODUCT,"PHILIPS LIGHTING®, 576538, Commercial Product",The PHILIPS LIGHTING® 576538 is a commercial-grade commercial product designed for professional and industrial applications.,PHILIPS LIGHTING® 576538 Commercial Product,The PHILIPS LIGHTING® 576538 is a commercial-grade commercial product designed for professional and industrial applications.,,,,,,,,,,,,,,,,,,,,,,,,,,PHILIPS LIGHTING® 576538 Commercial Product,,,,,,,,,,,,,,,,,,,,,,,,,,,,,,,,,,,,,,,,,,,,,,,,,,,,,,,,,,,,,,,,,,,,,,,,,,,,,,,,,,,,,,,,,,,,,,,,,,,,,,,,,,,,,,,,,,,,,,,,,,,,,,,,,,,,,,,,,,,,,,,,,,,,,,,,,,,,,1,EA,,,,,,,,,,,,,,,,,,,,,,,,,,,,,,,,,,,,,US,No,Yes
,,,,,,573451,,,,573451,573451,573451 40W Led Med 27k 2pk,PHILIPS LIGHTING®,PHILIPS LIGHTING®,PHILIPS LIGHTING®,PHILIPS LIGHTING,PHILIPS LIGHTING,PHILIPS LIGHTING®,PHILIPS LIGHTING®,573451,,,"PHILIPS LIGHTING®, Commercial Product, 573451 - Commercial Grade Commercial Prod",COMMERCIAL PRODUCT,"PHILIPS LIGHTING®, 573451, Commercial Product",The PHILIPS LIGHTING® 573451 is a commercial-grade commercial product designed for professional and industrial applications. Key Specifications include PackQuantity: 2 PK.,PHILIPS LIGHTING® 573451 Commercial Product,The PHILIPS LIGHTING® 573451 is a commercial-grade commercial product designed for professional and industrial applications. Key Specifications include PackQuantity: 2 PK.,,,,,,,,,,,,,,,,,,,,,,,,,,PHILIPS LIGHTING® 573451 Commercial Product,PackQuantity,2 PK,,,,,,,,,,,,,,,,,,,,,,,,,,,,,,,,,,,,,,,,,,,,,,,,,,,,,,,,,,,,,,,,,,,,,,,,,,,,,,,,,,,,,,,,,,,,,,,,,,,,,,,,,,,,,,,,,,,,,,,,,,,,,,,,,,,,,,,,,,,,,,,,,,,,,,,,,,,1,EA,,,,,,,,,,,,,,,,,,,,,,,,,,,,,,,,,,,,,US,No,Yes
,,,,,,586883,,,,586883,586883,586883 100W Led Multi CCT 2pk,PHILIPS LIGHTING®,PHILIPS LIGHTING®,PHILIPS LIGHTING®,PHILIPS LIGHTING,PHILIPS LIGHTING,PHILIPS LIGHTING®,PHILIPS LIGHTING®,586883,,,"PHILIPS LIGHTING®, Commercial Product, 586883 - Commercial Grade Commercial Prod",COMMERCIAL PRODUCT,"PHILIPS LIGHTING®, 586883, Commercial Product",The PHILIPS LIGHTING® 586883 is a commercial-grade commercial product designed for professional and industrial applications. Key Specifications include PackQuantity: 2 PK.,PHILIPS LIGHTING® 586883 Commercial Product,The PHILIPS LIGHTING® 586883 is a commercial-grade commercial product designed for professional and industrial applications. Key Specifications include PackQuantity: 2 PK.,,,,,,,,,,,,,,,,,,,,,,,,,,PHILIPS LIGHTING® 586883 Commercial Product,PackQuantity,2 PK,,,,,,,,,,,,,,,,,,,,,,,,,,,,,,,,,,,,,,,,,,,,,,,,,,,,,,,,,,,,,,,,,,,,,,,,,,,,,,,,,,,,,,,,,,,,,,,,,,,,,,,,,,,,,,,,,,,,,,,,,,,,,,,,,,,,,,,,,,,,,,,,,,,,,,,,,,,1,EA,,,,,,,,,,,,,,,,,,,,,,,,,,,,,,,,,,,,,US,No,Yes
,,,,,,586859,,,,586859,586859,586859 40W Led Med 27K Back Up,PHILIPS LIGHTING®,PHILIPS LIGHTING®,PHILIPS LIGHTING®,PHILIPS LIGHTING,PHILIPS LIGHTING,PHILIPS LIGHTING®,PHILIPS LIGHTING®,586859,,,"PHILIPS LIGHTING®, Commercial Product, 586859 - Commercial Grade Commercial Prod",COMMERCIAL PRODUCT,"PHILIPS LIGHTING®, 586859, Commercial Product",The PHILIPS LIGHTING® 586859 is a commercial-grade commercial product designed for professional and industrial applications.,PHILIPS LIGHTING® 586859 Commercial Product,The PHILIPS LIGHTING® 586859 is a commercial-grade commercial product designed for professional and industrial applications.,,,,,,,,,,,,,,,,,,,,,,,,,,PHILIPS LIGHTING® 586859 Commercial Product,,,,,,,,,,,,,,,,,,,,,,,,,,,,,,,,,,,,,,,,,,,,,,,,,,,,,,,,,,,,,,,,,,,,,,,,,,,,,,,,,,,,,,,,,,,,,,,,,,,,,,,,,,,,,,,,,,,,,,,,,,,,,,,,,,,,,,,,,,,,,,,,,,,,,,,,,,,,,1,EA,,,,,,,,,,,,,,,,,,,,,,,,,,,,,,,,,,,,,US,No,Yes
,,,,,,576488,,,,576488,576488,576488 45W Led R20 Med 50k,PHILIPS LIGHTING®,PHILIPS LIGHTING®,PHILIPS LIGHTING®,PHILIPS LIGHTING,PHILIPS LIGHTING,PHILIPS LIGHTING®,PHILIPS LIGHTING®,576488,,,"PHILIPS LIGHTING®, Commercial Product, 576488 - Commercial Grade Commercial Prod",COMMERCIAL PRODUCT,"PHILIPS LIGHTING®, 576488, Commercial Product",The PHILIPS LIGHTING® 576488 is a commercial-grade commercial product designed for professional and industrial applications.,PHILIPS LIGHTING® 576488 Commercial Product,The PHILIPS LIGHTING® 576488 is a commercial-grade commercial product designed for professional and industrial applications.,,,,,,,,,,,,,,,,,,,,,,,,,,PHILIPS LIGHTING® 576488 Commercial Product,,,,,,,,,,,,,,,,,,,,,,,,,,,,,,,,,,,,,,,,,,,,,,,,,,,,,,,,,,,,,,,,,,,,,,,,,,,,,,,,,,,,,,,,,,,,,,,,,,,,,,,,,,,,,,,,,,,,,,,,,,,,,,,,,,,,,,,,,,,,,,,,,,,,,,,,,,,,,1,EA,,,,,,,,,,,,,,,,,,,,,,,,,,,,,,,,,,,,,US,No,Yes
,,,,,,575217,,,,575217,575217,575217 60W Led Med 50k 2pk,PHILIPS LIGHTING®,PHILIPS LIGHTING®,PHILIPS LIGHTING®,PHILIPS LIGHTING,PHILIPS LIGHTING,PHILIPS LIGHTING®,PHILIPS LIGHTING®,575217,,,"PHILIPS LIGHTING®, Commercial Product, 575217 - Commercial Grade Commercial Prod",COMMERCIAL PRODUCT,"PHILIPS LIGHTING®, 575217, Commercial Product",The PHILIPS LIGHTING® 575217 is a commercial-grade commercial product designed for professional and industrial applications. Key Specifications include PackQuantity: 2 PK.,PHILIPS LIGHTING® 575217 Commercial Product,The PHILIPS LIGHTING® 575217 is a commercial-grade commercial product designed for professional and industrial applications. Key Specifications include PackQuantity: 2 PK.,,,,,,,,,,,,,,,,,,,,,,,,,,PHILIPS LIGHTING® 575217 Commercial Product,PackQuantity,2 PK,,,,,,,,,,,,,,,,,,,,,,,,,,,,,,,,,,,,,,,,,,,,,,,,,,,,,,,,,,,,,,,,,,,,,,,,,,,,,,,,,,,,,,,,,,,,,,,,,,,,,,,,,,,,,,,,,,,,,,,,,,,,,,,,,,,,,,,,,,,,,,,,,,,,,,,,,,,1,EA,,,,,,,,,,,,,,,,,,,,,,,,,,,,,,,,,,,,,US,No,Yes
,,,,,,586479,,,,586479,586479,586479 90W Led Med Multi CCT,PHILIPS LIGHTING®,PHILIPS LIGHTING®,PHILIPS LIGHTING®,PHILIPS LIGHTING,PHILIPS LIGHTING,PHILIPS LIGHTING®,PHILIPS LIGHTING®,586479,,,"PHILIPS LIGHTING®, Commercial Product, 586479 - Commercial Grade Commercial Prod",COMMERCIAL PRODUCT,"PHILIPS LIGHTING®, 586479, Commercial Product",The PHILIPS LIGHTING® 586479 is a commercial-grade commercial product designed for professional and industrial applications.,PHILIPS LIGHTING® 586479 Commercial Product,The PHILIPS LIGHTING® 586479 is a commercial-grade commercial product designed for professional and industrial applications.,,,,,,,,,,,,,,,,,,,,,,,,,,PHILIPS LIGHTING® 586479 Commercial Product,,,,,,,,,,,,,,,,,,,,,,,,,,,,,,,,,,,,,,,,,,,,,,,,,,,,,,,,,,,,,,,,,,,,,,,,,,,,,,,,,,,,,,,,,,,,,,,,,,,,,,,,,,,,,,,,,,,,,,,,,,,,,,,,,,,,,,,,,,,,,,,,,,,,,,,,,,,,,1,EA,,,,,,,,,,,,,,,,,,,,,,,,,,,,,,,,,,,,,US,No,Yes
,,,,,,571471,,,,571471,571471,571471 100W Led BR30 Med 27k,PHILIPS LIGHTING®,PHILIPS LIGHTING®,PHILIPS LIGHTING®,PHILIPS LIGHTING,PHILIPS LIGHTING,PHILIPS LIGHTING®,PHILIPS LIGHTING®,571471,,,"PHILIPS LIGHTING®, Commercial Product, 571471 - Commercial Grade Commercial Prod",COMMERCIAL PRODUCT,"PHILIPS LIGHTING®, 571471, Commercial Product",The PHILIPS LIGHTING® 571471 is a commercial-grade commercial product designed for professional and industrial applications.,PHILIPS LIGHTING® 571471 Commercial Product,The PHILIPS LIGHTING® 571471 is a commercial-grade commercial product designed for professional and industrial applications.,,,,,,,,,,,,,,,,,,,,,,,,,,PHILIPS LIGHTING® 571471 Commercial Product,,,,,,,,,,,,,,,,,,,,,,,,,,,,,,,,,,,,,,,,,,,,,,,,,,,,,,,,,,,,,,,,,,,,,,,,,,,,,,,,,,,,,,,,,,,,,,,,,,,,,,,,,,,,,,,,,,,,,,,,,,,,,,,,,,,,,,,,,,,,,,,,,,,,,,,,,,,,,1,EA,,,,,,,,,,,,,,,,,,,,,,,,,,,,,,,,,,,,,US,No,Yes
,,,,,,570762,,,,570762,570762,570762 50W Led Par16 30k 3pk,PHILIPS LIGHTING®,PHILIPS LIGHTING®,PHILIPS LIGHTING®,PHILIPS LIGHTING,PHILIPS LIGHTING,PHILIPS LIGHTING®,PHILIPS LIGHTING®,570762,,,"PHILIPS LIGHTING®, Commercial Product, 570762 - Commercial Grade Commercial Prod",COMMERCIAL PRODUCT,"PHILIPS LIGHTING®, 570762, Commercial Product",The PHILIPS LIGHTING® 570762 is a commercial-grade commercial product designed for professional and industrial applications. Key Specifications include PackQuantity: 3 PK.,PHILIPS LIGHTING® 570762 Commercial Product,The PHILIPS LIGHTING® 570762 is a commercial-grade commercial product designed for professional and industrial applications. Key Specifications include PackQuantity: 3 PK.,,,,,,,,,,,,,,,,,,,,,,,,,,PHILIPS LIGHTING® 570762 Commercial Product,PackQuantity,3 PK,,,,,,,,,,,,,,,,,,,,,,,,,,,,,,,,,,,,,,,,,,,,,,,,,,,,,,,,,,,,,,,,,,,,,,,,,,,,,,,,,,,,,,,,,,,,,,,,,,,,,,,,,,,,,,,,,,,,,,,,,,,,,,,,,,,,,,,,,,,,,,,,,,,,,,,,,,,1,EA,,,,,,,,,,,,,,,,,,,,,,,,,,,,,,,,,,,,,US,No,Yes
,,,,,,533352,,,,533352,533352,571505 150W Led Med 50k,PHILIPS LIGHTING®,PHILIPS LIGHTING®,PHILIPS LIGHTING®,PHILIPS LIGHTING,PHILIPS LIGHTING,PHILIPS LIGHTING®,PHILIPS LIGHTING®,533352,,,"PHILIPS LIGHTING®, Commercial Product, 533352 - Commercial Grade Commercial Prod",COMMERCIAL PRODUCT,"PHILIPS LIGHTING®, 533352, Commercial Product",The PHILIPS LIGHTING® 533352 is a commercial-grade commercial product designed for professional and industrial applications.,PHILIPS LIGHTING® 533352 Commercial Product,The PHILIPS LIGHTING® 533352 is a commercial-grade commercial product designed for professional and industrial applications.,,,,,,,,,,,,,,,,,,,,,,,,,,PHILIPS LIGHTING® 533352 Commercial Product,,,,,,,,,,,,,,,,,,,,,,,,,,,,,,,,,,,,,,,,,,,,,,,,,,,,,,,,,,,,,,,,,,,,,,,,,,,,,,,,,,,,,,,,,,,,,,,,,,,,,,,,,,,,,,,,,,,,,,,,,,,,,,,,,,,,,,,,,,,,,,,,,,,,,,,,,,,,,1,EA,,,,,,,,,,,,,,,,,,,,,,,,,,,,,,,,,,,,,US,No,Yes
,,,,,,573519,,,,573519,573519,573519 100W Led A21 27k 2pk,PHILIPS LIGHTING®,PHILIPS LIGHTING®,PHILIPS LIGHTING®,PHILIPS LIGHTING,PHILIPS LIGHTING,PHILIPS LIGHTING®,PHILIPS LIGHTING®,573519,,,"PHILIPS LIGHTING®, Commercial Product, 573519 - Commercial Grade Commercial Prod",COMMERCIAL PRODUCT,"PHILIPS LIGHTING®, 573519, Commercial Product",The PHILIPS LIGHTING® 573519 is a commercial-grade commercial product designed for professional and industrial applications. Key Specifications include PackQuantity: 2 PK.,PHILIPS LIGHTING® 573519 Commercial Product,The PHILIPS LIGHTING® 573519 is a commercial-grade commercial product designed for professional and industrial applications. Key Specifications include PackQuantity: 2 PK.,,,,,,,,,,,,,,,,,,,,,,,,,,PHILIPS LIGHTING® 573519 Commercial Product,PackQuantity,2 PK,,,,,,,,,,,,,,,,,,,,,,,,,,,,,,,,,,,,,,,,,,,,,,,,,,,,,,,,,,,,,,,,,,,,,,,,,,,,,,,,,,,,,,,,,,,,,,,,,,,,,,,,,,,,,,,,,,,,,,,,,,,,,,,,,,,,,,,,,,,,,,,,,,,,,,,,,,,1,EA,,,,,,,,,,,,,,,,,,,,,,,,,,,,,,,,,,,,,US,No,Yes
,,,,,,573378,,,,573378,573378,573378 60W Led Med 27k 3pk,PHILIPS LIGHTING®,PHILIPS LIGHTING®,PHILIPS LIGHTING®,PHILIPS LIGHTING,PHILIPS LIGHTING,PHILIPS LIGHTING®,PHILIPS LIGHTING®,573378,,,"PHILIPS LIGHTING®, Commercial Product, 573378 - Commercial Grade Commercial Prod",COMMERCIAL PRODUCT,"PHILIPS LIGHTING®, 573378, Commercial Product",The PHILIPS LIGHTING® 573378 is a commercial-grade commercial product designed for professional and industrial applications. Key Specifications include PackQuantity: 3 PK.,PHILIPS LIGHTING® 573378 Commercial Product,The PHILIPS LIGHTING® 573378 is a commercial-grade commercial product designed for professional and industrial applications. Key Specifications include PackQuantity: 3 PK.,,,,,,,,,,,,,,,,,,,,,,,,,,PHILIPS LIGHTING® 573378 Commercial Product,PackQuantity,3 PK,,,,,,,,,,,,,,,,,,,,,,,,,,,,,,,,,,,,,,,,,,,,,,,,,,,,,,,,,,,,,,,,,,,,,,,,,,,,,,,,,,,,,,,,,,,,,,,,,,,,,,,,,,,,,,,,,,,,,,,,,,,,,,,,,,,,,,,,,,,,,,,,,,,,,,,,,,,1,EA,,,,,,,,,,,,,,,,,,,,,,,,,,,,,,,,,,,,,US,No,Yes
,,,,,,565622,,,,565622,565622,565622 60W Led Med 20k,PHILIPS LIGHTING®,PHILIPS LIGHTING®,PHILIPS LIGHTING®,PHILIPS LIGHTING,PHILIPS LIGHTING,PHILIPS LIGHTING®,PHILIPS LIGHTING®,565622,,,"PHILIPS LIGHTING®, Commercial Product, 565622 - Commercial Grade Commercial Prod",COMMERCIAL PRODUCT,"PHILIPS LIGHTING®, 565622, Commercial Product",The PHILIPS LIGHTING® 565622 is a commercial-grade commercial product designed for professional and industrial applications.,PHILIPS LIGHTING® 565622 Commercial Product,The PHILIPS LIGHTING® 565622 is a commercial-grade commercial product designed for professional and industrial applications.,,,,,,,,,,,,,,,,,,,,,,,,,,PHILIPS LIGHTING® 565622 Commercial Product,,,,,,,,,,,,,,,,,,,,,,,,,,,,,,,,,,,,,,,,,,,,,,,,,,,,,,,,,,,,,,,,,,,,,,,,,,,,,,,,,,,,,,,,,,,,,,,,,,,,,,,,,,,,,,,,,,,,,,,,,,,,,,,,,,,,,,,,,,,,,,,,,,,,,,,,,,,,,1,EA,,,,,,,,,,,,,,,,,,,,,,,,,,,,,,,,,,,,,US,No,Yes
,,,,,,586891,,,,586891,586891,586891 Led 60W Med A19 27k,PHILIPS LIGHTING®,PHILIPS LIGHTING®,PHILIPS LIGHTING®,PHILIPS LIGHTING,PHILIPS LIGHTING,PHILIPS LIGHTING®,PHILIPS LIGHTING®,586891,,,"PHILIPS LIGHTING®, Commercial Product, 586891 - Commercial Grade Commercial Prod",COMMERCIAL PRODUCT,"PHILIPS LIGHTING®, 586891, Commercial Product",The PHILIPS LIGHTING® 586891 is a commercial-grade commercial product designed for professional and industrial applications.,PHILIPS LIGHTING® 586891 Commercial Product,The PHILIPS LIGHTING® 586891 is a commercial-grade commercial product designed for professional and industrial applications.,,,,,,,,,,,,,,,,,,,,,,,,,,PHILIPS LIGHTING® 586891 Commercial Product,,,,,,,,,,,,,,,,,,,,,,,,,,,,,,,,,,,,,,,,,,,,,,,,,,,,,,,,,,,,,,,,,,,,,,,,,,,,,,,,,,,,,,,,,,,,,,,,,,,,,,,,,,,,,,,,,,,,,,,,,,,,,,,,,,,,,,,,,,,,,,,,,,,,,,,,,,,,,1,EA,,,,,,,,,,,,,,,,,,,,,,,,,,,,,,,,,,,,,US,No,Yes
,,,,,,585448,,,,585448,585448,585448 120W Led Motion Bulb,PHILIPS LIGHTING®,PHILIPS LIGHTING®,PHILIPS LIGHTING®,PHILIPS LIGHTING,PHILIPS LIGHTING,PHILIPS LIGHTING®,PHILIPS LIGHTING®,585448,,,"PHILIPS LIGHTING®, Commercial Product, 585448 - Commercial Grade Commercial Prod",COMMERCIAL PRODUCT,"PHILIPS LIGHTING®, 585448, Commercial Product",The PHILIPS LIGHTING® 585448 is a commercial-grade commercial product designed for professional and industrial applications.,PHILIPS LIGHTING® 585448 Commercial Product,The PHILIPS LIGHTING® 585448 is a commercial-grade commercial product designed for professional and industrial applications.,,,,,,,,,,,,,,,,,,,,,,,,,,PHILIPS LIGHTING® 585448 Commercial Product,,,,,,,,,,,,,,,,,,,,,,,,,,,,,,,,,,,,,,,,,,,,,,,,,,,,,,,,,,,,,,,,,,,,,,,,,,,,,,,,,,,,,,,,,,,,,,,,,,,,,,,,,,,,,,,,,,,,,,,,,,,,,,,,,,,,,,,,,,,,,,,,,,,,,,,,,,,,,1,EA,,,,,,,,,,,,,,,,,,,,,,,,,,,,,,,,,,,,,US,No,Yes
,,,,,,573444,,,,573444,573444,573444 60W Led A19 Med 50k 2pk,PHILIPS LIGHTING®,PHILIPS LIGHTING®,PHILIPS LIGHTING®,PHILIPS LIGHTING,PHILIPS LIGHTING,PHILIPS LIGHTING®,PHILIPS LIGHTING®,573444,,,"PHILIPS LIGHTING®, Commercial Product, 573444 - Commercial Grade Commercial Prod",COMMERCIAL PRODUCT,"PHILIPS LIGHTING®, 573444, Commercial Product",The PHILIPS LIGHTING® 573444 is a commercial-grade commercial product designed for professional and industrial applications. Key Specifications include PackQuantity: 2 PK.,PHILIPS LIGHTING® 573444 Commercial Product,The PHILIPS LIGHTING® 573444 is a commercial-grade commercial product designed for professional and industrial applications. Key Specifications include PackQuantity: 2 PK.,,,,,,,,,,,,,,,,,,,,,,,,,,PHILIPS LIGHTING® 573444 Commercial Product,PackQuantity,2 PK,,,,,,,,,,,,,,,,,,,,,,,,,,,,,,,,,,,,,,,,,,,,,,,,,,,,,,,,,,,,,,,,,,,,,,,,,,,,,,,,,,,,,,,,,,,,,,,,,,,,,,,,,,,,,,,,,,,,,,,,,,,,,,,,,,,,,,,,,,,,,,,,,,,,,,,,,,,1,EA,,,,,,,,,,,,,,,,,,,,,,,,,,,,,,,,,,,,,US,No,Yes
,,,,,,566687,,,,566687,566687,566687 60W Cand Led 27k 3pk,PHILIPS LIGHTING®,PHILIPS LIGHTING®,PHILIPS LIGHTING®,PHILIPS LIGHTING,PHILIPS LIGHTING,PHILIPS LIGHTING®,PHILIPS LIGHTING®,566687,,,"PHILIPS LIGHTING®, Commercial Product, 566687 - Commercial Grade Commercial Prod",COMMERCIAL PRODUCT,"PHILIPS LIGHTING®, 566687, Commercial Product",The PHILIPS LIGHTING® 566687 is a commercial-grade commercial product designed for professional and industrial applications. Key Specifications include PackQuantity: 3 PK.,PHILIPS LIGHTING® 566687 Commercial Product,The PHILIPS LIGHTING® 566687 is a commercial-grade commercial product designed for professional and industrial applications. Key Specifications include PackQuantity: 3 PK.,,,,,,,,,,,,,,,,,,,,,,,,,,PHILIPS LIGHTING® 566687 Commercial Product,PackQuantity,3 PK,,,,,,,,,,,,,,,,,,,,,,,,,,,,,,,,,,,,,,,,,,,,,,,,,,,,,,,,,,,,,,,,,,,,,,,,,,,,,,,,,,,,,,,,,,,,,,,,,,,,,,,,,,,,,,,,,,,,,,,,,,,,,,,,,,,,,,,,,,,,,,,,,,,,,,,,,,,1,EA,,,,,,,,,,,,,,,,,,,,,,,,,,,,,,,,,,,,,US,No,Yes
,,,,,,564385,,,,564385,564385,564385 40w Led Med 27k 2pk,PHILIPS LIGHTING®,PHILIPS LIGHTING®,PHILIPS LIGHTING®,PHILIPS LIGHTING,PHILIPS LIGHTING,PHILIPS LIGHTING®,PHILIPS LIGHTING®,564385,,,"PHILIPS LIGHTING®, Commercial Product, 564385 - Commercial Grade Commercial Prod",COMMERCIAL PRODUCT,"PHILIPS LIGHTING®, 564385, Commercial Product",The PHILIPS LIGHTING® 564385 is a commercial-grade commercial product designed for professional and industrial applications. Key Specifications include PackQuantity: 2 PK.,PHILIPS LIGHTING® 564385 Commercial Product,The PHILIPS LIGHTING® 564385 is a commercial-grade commercial product designed for professional and industrial applications. Key Specifications include PackQuantity: 2 PK.,,,,,,,,,,,,,,,,,,,,,,,,,,PHILIPS LIGHTING® 564385 Commercial Product,PackQuantity,2 PK,,,,,,,,,,,,,,,,,,,,,,,,,,,,,,,,,,,,,,,,,,,,,,,,,,,,,,,,,,,,,,,,,,,,,,,,,,,,,,,,,,,,,,,,,,,,,,,,,,,,,,,,,,,,,,,,,,,,,,,,,,,,,,,,,,,,,,,,,,,,,,,,,,,,,,,,,,,1,EA,,,,,,,,,,,,,,,,,,,,,,,,,,,,,,,,,,,,,US,No,Yes
,,,,,,566661,,,,566661,566661,566661 40W LED Cand 27k 3pk,PHILIPS LIGHTING®,PHILIPS LIGHTING®,PHILIPS LIGHTING®,PHILIPS LIGHTING,PHILIPS LIGHTING,PHILIPS LIGHTING®,PHILIPS LIGHTING®,566661,,,"PHILIPS LIGHTING®, Commercial Product, 566661 - Commercial Grade Commercial Prod",COMMERCIAL PRODUCT,"PHILIPS LIGHTING®, 566661, Commercial Product",The PHILIPS LIGHTING® 566661 is a commercial-grade commercial product designed for professional and industrial applications. Key Specifications include PackQuantity: 3 PK.,PHILIPS LIGHTING® 566661 Commercial Product,The PHILIPS LIGHTING® 566661 is a commercial-grade commercial product designed for professional and industrial applications. Key Specifications include PackQuantity: 3 PK.,,,,,,,,,,,,,,,,,,,,,,,,,,PHILIPS LIGHTING® 566661 Commercial Product,PackQuantity,3 PK,,,,,,,,,,,,,,,,,,,,,,,,,,,,,,,,,,,,,,,,,,,,,,,,,,,,,,,,,,,,,,,,,,,,,,,,,,,,,,,,,,,,,,,,,,,,,,,,,,,,,,,,,,,,,,,,,,,,,,,,,,,,,,,,,,,,,,,,,,,,,,,,,,,,,,,,,,,1,EA,,,,,,,,,,,,,,,,,,,,,,,,,,,,,,,,,,,,,US,No,Yes
,,,,,,564898,,,,564898,564898,564898 60W Cand Led 50k 3pk,PHILIPS LIGHTING®,PHILIPS LIGHTING®,PHILIPS LIGHTING®,PHILIPS LIGHTING,PHILIPS LIGHTING,PHILIPS LIGHTING®,PHILIPS LIGHTING®,564898,,,"PHILIPS LIGHTING®, Commercial Product, 564898 - Commercial Grade Commercial Prod",COMMERCIAL PRODUCT,"PHILIPS LIGHTING®, 564898, Commercial Product",The PHILIPS LIGHTING® 564898 is a commercial-grade commercial product designed for professional and industrial applications. Key Specifications include PackQuantity: 3 PK.,PHILIPS LIGHTING® 564898 Commercial Product,The PHILIPS LIGHTING® 564898 is a commercial-grade commercial product designed for professional and industrial applications. Key Specifications include PackQuantity: 3 PK.,,,,,,,,,,,,,,,,,,,,,,,,,,PHILIPS LIGHTING® 564898 Commercial Product,PackQuantity,3 PK,,,,,,,,,,,,,,,,,,,,,,,,,,,,,,,,,,,,,,,,,,,,,,,,,,,,,,,,,,,,,,,,,,,,,,,,,,,,,,,,,,,,,,,,,,,,,,,,,,,,,,,,,,,,,,,,,,,,,,,,,,,,,,,,,,,,,,,,,,,,,,,,,,,,,,,,,,,1,EA,,,,,,,,,,,,,,,,,,,,,,,,,,,,,,,,,,,,,US,No,Yes
,,,,,,538319,,,,538319,538319,588525 40W Led Cand 3pk,PHILIPS LIGHTING®,PHILIPS LIGHTING®,PHILIPS LIGHTING®,PHILIPS LIGHTING,PHILIPS LIGHTING,PHILIPS LIGHTING®,PHILIPS LIGHTING®,538319,,,"PHILIPS LIGHTING®, Commercial Product, 538319 - Commercial Grade Commercial Prod",COMMERCIAL PRODUCT,"PHILIPS LIGHTING®, 538319, Commercial Product",The PHILIPS LIGHTING® 538319 is a commercial-grade commercial product designed for professional and industrial applications. Key Specifications include PackQuantity: 3 PK.,PHILIPS LIGHTING® 538319 Commercial Product,The PHILIPS LIGHTING® 538319 is a commercial-grade commercial product designed for professional and industrial applications. Key Specifications include PackQuantity: 3 PK.,,,,,,,,,,,,,,,,,,,,,,,,,,PHILIPS LIGHTING® 538319 Commercial Product,PackQuantity,3 PK,,,,,,,,,,,,,,,,,,,,,,,,,,,,,,,,,,,,,,,,,,,,,,,,,,,,,,,,,,,,,,,,,,,,,,,,,,,,,,,,,,,,,,,,,,,,,,,,,,,,,,,,,,,,,,,,,,,,,,,,,,,,,,,,,,,,,,,,,,,,,,,,,,,,,,,,,,,1,EA,,,,,,,,,,,,,,,,,,,,,,,,,,,,,,,,,,,,,US,No,Yes
,,,,,,576009,,,,576009,576009,576009 100W Led Par30L Med 50k,PHILIPS LIGHTING®,PHILIPS LIGHTING®,PHILIPS LIGHTING®,PHILIPS LIGHTING,PHILIPS LIGHTING,PHILIPS LIGHTING®,PHILIPS LIGHTING®,576009,,,"PHILIPS LIGHTING®, Commercial Product, 576009 - Commercial Grade Commercial Prod",COMMERCIAL PRODUCT,"PHILIPS LIGHTING®, 576009, Commercial Product",The PHILIPS LIGHTING® 576009 is a commercial-grade commercial product designed for professional and industrial applications.,PHILIPS LIGHTING® 576009 Commercial Product,The PHILIPS LIGHTING® 576009 is a commercial-grade commercial product designed for professional and industrial applications.,,,,,,,,,,,,,,,,,,,,,,,,,,PHILIPS LIGHTING® 576009 Commercial Product,,,,,,,,,,,,,,,,,,,,,,,,,,,,,,,,,,,,,,,,,,,,,,,,,,,,,,,,,,,,,,,,,,,,,,,,,,,,,,,,,,,,,,,,,,,,,,,,,,,,,,,,,,,,,,,,,,,,,,,,,,,,,,,,,,,,,,,,,,,,,,,,,,,,,,,,,,,,,1,EA,,,,,,,,,,,,,,,,,,,,,,,,,,,,,,,,,,,,,US,No,Yes
,,,,,,564450,,,,564450,564450,564450 40W Led Cand 27k 2pk,PHILIPS LIGHTING®,PHILIPS LIGHTING®,PHILIPS LIGHTING®,PHILIPS LIGHTING,PHILIPS LIGHTING,PHILIPS LIGHTING®,PHILIPS LIGHTING®,564450,,,"PHILIPS LIGHTING®, Commercial Product, 564450 - Commercial Grade Commercial Prod",COMMERCIAL PRODUCT,"PHILIPS LIGHTING®, 564450, Commercial Product",The PHILIPS LIGHTING® 564450 is a commercial-grade commercial product designed for professional and industrial applications. Key Specifications include PackQuantity: 2 PK.,PHILIPS LIGHTING® 564450 Commercial Product,The PHILIPS LIGHTING® 564450 is a commercial-grade commercial product designed for professional and industrial applications. Key Specifications include PackQuantity: 2 PK.,,,,,,,,,,,,,,,,,,,,,,,,,,PHILIPS LIGHTING® 564450 Commercial Product,PackQuantity,2 PK,,,,,,,,,,,,,,,,,,,,,,,,,,,,,,,,,,,,,,,,,,,,,,,,,,,,,,,,,,,,,,,,,,,,,,,,,,,,,,,,,,,,,,,,,,,,,,,,,,,,,,,,,,,,,,,,,,,,,,,,,,,,,,,,,,,,,,,,,,,,,,,,,,,,,,,,,,,1,EA,,,,,,,,,,,,,,,,,,,,,,,,,,,,,,,,,,,,,US,No,Yes
,,,,,,572669,,,,572669,572669,572669 60W Led F15 Med 27k,PHILIPS LIGHTING®,PHILIPS LIGHTING®,PHILIPS LIGHTING®,PHILIPS LIGHTING,PHILIPS LIGHTING,PHILIPS LIGHTING®,PHILIPS LIGHTING®,572669,,,"PHILIPS LIGHTING®, Commercial Product, 572669 - Commercial Grade Commercial Prod",COMMERCIAL PRODUCT,"PHILIPS LIGHTING®, 572669, Commercial Product",The PHILIPS LIGHTING® 572669 is a commercial-grade commercial product designed for professional and industrial applications.,PHILIPS LIGHTING® 572669 Commercial Product,The PHILIPS LIGHTING® 572669 is a commercial-grade commercial product designed for professional and industrial applications.,,,,,,,,,,,,,,,,,,,,,,,,,,PHILIPS LIGHTING® 572669 Commercial Product,,,,,,,,,,,,,,,,,,,,,,,,,,,,,,,,,,,,,,,,,,,,,,,,,,,,,,,,,,,,,,,,,,,,,,,,,,,,,,,,,,,,,,,,,,,,,,,,,,,,,,,,,,,,,,,,,,,,,,,,,,,,,,,,,,,,,,,,,,,,,,,,,,,,,,,,,,,,,1,EA,,,,,,,,,,,,,,,,,,,,,,,,,,,,,,,,,,,,,US,No,Yes
,,,,,,564906,,,,564906,564906,564906 60W Led Med 27k 2pk,PHILIPS LIGHTING®,PHILIPS LIGHTING®,PHILIPS LIGHTING®,PHILIPS LIGHTING,PHILIPS LIGHTING,PHILIPS LIGHTING®,PHILIPS LIGHTING®,564906,,,"PHILIPS LIGHTING®, Commercial Product, 564906 - Commercial Grade Commercial Prod",COMMERCIAL PRODUCT,"PHILIPS LIGHTING®, 564906, Commercial Product",The PHILIPS LIGHTING® 564906 is a commercial-grade commercial product designed for professional and industrial applications. Key Specifications include PackQuantity: 2 PK.,PHILIPS LIGHTING® 564906 Commercial Product,The PHILIPS LIGHTING® 564906 is a commercial-grade commercial product designed for professional and industrial applications. Key Specifications include PackQuantity: 2 PK.,,,,,,,,,,,,,,,,,,,,,,,,,,PHILIPS LIGHTING® 564906 Commercial Product,PackQuantity,2 PK,,,,,,,,,,,,,,,,,,,,,,,,,,,,,,,,,,,,,,,,,,,,,,,,,,,,,,,,,,,,,,,,,,,,,,,,,,,,,,,,,,,,,,,,,,,,,,,,,,,,,,,,,,,,,,,,,,,,,,,,,,,,,,,,,,,,,,,,,,,,,,,,,,,,,,,,,,,1,EA,,,,,,,,,,,,,,,,,,,,,,,,,,,,,,,,,,,,,US,No,Yes
,,,,,,573410,,,,573410,573410,573410 40W Led A19 Med 27k 2pk,PHILIPS LIGHTING®,PHILIPS LIGHTING®,PHILIPS LIGHTING®,PHILIPS LIGHTING,PHILIPS LIGHTING,PHILIPS LIGHTING®,PHILIPS LIGHTING®,573410,,,"PHILIPS LIGHTING®, Commercial Product, 573410 - Commercial Grade Commercial Prod",COMMERCIAL PRODUCT,"PHILIPS LIGHTING®, 573410, Commercial Product",The PHILIPS LIGHTING® 573410 is a commercial-grade commercial product designed for professional and industrial applications. Key Specifications include PackQuantity: 2 PK.,PHILIPS LIGHTING® 573410 Commercial Product,The PHILIPS LIGHTING® 573410 is a commercial-grade commercial product designed for professional and industrial applications. Key Specifications include PackQuantity: 2 PK.,,,,,,,,,,,,,,,,,,,,,,,,,,PHILIPS LIGHTING® 573410 Commercial Product,PackQuantity,2 PK,,,,,,,,,,,,,,,,,,,,,,,,,,,,,,,,,,,,,,,,,,,,,,,,,,,,,,,,,,,,,,,,,,,,,,,,,,,,,,,,,,,,,,,,,,,,,,,,,,,,,,,,,,,,,,,,,,,,,,,,,,,,,,,,,,,,,,,,,,,,,,,,,,,,,,,,,,,1,EA,,,,,,,,,,,,,,,,,,,,,,,,,,,,,,,,,,,,,US,No,Yes
,,,,,,576504,,,,576504,576504,576504 65W Led BR40 Med 50k,PHILIPS LIGHTING®,PHILIPS LIGHTING®,PHILIPS LIGHTING®,PHILIPS LIGHTING,PHILIPS LIGHTING,PHILIPS LIGHTING®,PHILIPS LIGHTING®,576504,,,"PHILIPS LIGHTING®, Commercial Product, 576504 - Commercial Grade Commercial Prod",COMMERCIAL PRODUCT,"PHILIPS LIGHTING®, 576504, Commercial Product",The PHILIPS LIGHTING® 576504 is a commercial-grade commercial product designed for professional and industrial applications.,PHILIPS LIGHTING® 576504 Commercial Product,The PHILIPS LIGHTING® 576504 is a commercial-grade commercial product designed for professional and industrial applications.,,,,,,,,,,,,,,,,,,,,,,,,,,PHILIPS LIGHTING® 576504 Commercial Product,,,,,,,,,,,,,,,,,,,,,,,,,,,,,,,,,,,,,,,,,,,,,,,,,,,,,,,,,,,,,,,,,,,,,,,,,,,,,,,,,,,,,,,,,,,,,,,,,,,,,,,,,,,,,,,,,,,,,,,,,,,,,,,,,,,,,,,,,,,,,,,,,,,,,,,,,,,,,1,EA,,,,,,,,,,,,,,,,,,,,,,,,,,,,,,,,,,,,,US,No,Yes
,,,,,,576017,,,,576017,576017,576017 100W Led Par30L Med 30k,PHILIPS LIGHTING®,PHILIPS LIGHTING®,PHILIPS LIGHTING®,PHILIPS LIGHTING,PHILIPS LIGHTING,PHILIPS LIGHTING®,PHILIPS LIGHTING®,576017,,,"PHILIPS LIGHTING®, Commercial Product, 576017 - Commercial Grade Commercial Prod",COMMERCIAL PRODUCT,"PHILIPS LIGHTING®, 576017, Commercial Product",The PHILIPS LIGHTING® 576017 is a commercial-grade commercial product designed for professional and industrial applications.,PHILIPS LIGHTING® 576017 Commercial Product,The PHILIPS LIGHTING® 576017 is a commercial-grade commercial product designed for professional and industrial applications.,,,,,,,,,,,,,,,,,,,,,,,,,,PHILIPS LIGHTING® 576017 Commercial Product,,,,,,,,,,,,,,,,,,,,,,,,,,,,,,,,,,,,,,,,,,,,,,,,,,,,,,,,,,,,,,,,,,,,,,,,,,,,,,,,,,,,,,,,,,,,,,,,,,,,,,,,,,,,,,,,,,,,,,,,,,,,,,,,,,,,,,,,,,,,,,,,,,,,,,,,,,,,,1,EA,,,,,,,,,,,,,,,,,,,,,,,,,,,,,,,,,,,,,US,No,Yes
,,,,,,574392,,,,574392,574392,574392 40W Led B11 Med 27k 3pk,PHILIPS LIGHTING®,PHILIPS LIGHTING®,PHILIPS LIGHTING®,PHILIPS LIGHTING,PHILIPS LIGHTING,PHILIPS LIGHTING®,PHILIPS LIGHTING®,574392,,,"PHILIPS LIGHTING®, Commercial Product, 574392 - Commercial Grade Commercial Prod",COMMERCIAL PRODUCT,"PHILIPS LIGHTING®, 574392, Commercial Product",The PHILIPS LIGHTING® 574392 is a commercial-grade commercial product designed for professional and industrial applications. Key Specifications include PackQuantity: 3 PK.,PHILIPS LIGHTING® 574392 Commercial Product,The PHILIPS LIGHTING® 574392 is a commercial-grade commercial product designed for professional and industrial applications. Key Specifications include PackQuantity: 3 PK.,,,,,,,,,,,,,,,,,,,,,,,,,,PHILIPS LIGHTING® 574392 Commercial Product,PackQuantity,3 PK,,,,,,,,,,,,,,,,,,,,,,,,,,,,,,,,,,,,,,,,,,,,,,,,,,,,,,,,,,,,,,,,,,,,,,,,,,,,,,,,,,,,,,,,,,,,,,,,,,,,,,,,,,,,,,,,,,,,,,,,,,,,,,,,,,,,,,,,,,,,,,,,,,,,,,,,,,,1,EA,,,,,,,,,,,,,,,,,,,,,,,,,,,,,,,,,,,,,US,No,Yes
,,,,,,576751,,,,576751,576751,576751 65W Led BR30 Med 3pk,PHILIPS LIGHTING®,PHILIPS LIGHTING®,PHILIPS LIGHTING®,PHILIPS LIGHTING,PHILIPS LIGHTING,PHILIPS LIGHTING®,PHILIPS LIGHTING®,576751,,,"PHILIPS LIGHTING®, Commercial Product, 576751 - Commercial Grade Commercial Prod",COMMERCIAL PRODUCT,"PHILIPS LIGHTING®, 576751, Commercial Product",The PHILIPS LIGHTING® 576751 is a commercial-grade commercial product designed for professional and industrial applications. Key Specifications include PackQuantity: 3 PK.,PHILIPS LIGHTING® 576751 Commercial Product,The PHILIPS LIGHTING® 576751 is a commercial-grade commercial product designed for professional and industrial applications. Key Specifications include PackQuantity: 3 PK.,,,,,,,,,,,,,,,,,,,,,,,,,,PHILIPS LIGHTING® 576751 Commercial Product,PackQuantity,3 PK,,,,,,,,,,,,,,,,,,,,,,,,,,,,,,,,,,,,,,,,,,,,,,,,,,,,,,,,,,,,,,,,,,,,,,,,,,,,,,,,,,,,,,,,,,,,,,,,,,,,,,,,,,,,,,,,,,,,,,,,,,,,,,,,,,,,,,,,,,,,,,,,,,,,,,,,,,,1,EA,,,,,,,,,,,,,,,,,,,,,,,,,,,,,,,,,,,,,US,No,Yes
,,,,,,583161,,,,583161,583161,583161 Led 65W Med BR30 3pk,PHILIPS LIGHTING®,PHILIPS LIGHTING®,PHILIPS LIGHTING®,PHILIPS LIGHTING,PHILIPS LIGHTING,PHILIPS LIGHTING®,PHILIPS LIGHTING®,583161,,,"PHILIPS LIGHTING®, Commercial Product, 583161 - Commercial Grade Commercial Prod",COMMERCIAL PRODUCT,"PHILIPS LIGHTING®, 583161, Commercial Product",The PHILIPS LIGHTING® 583161 is a commercial-grade commercial product designed for professional and industrial applications. Key Specifications include PackQuantity: 3 PK.,PHILIPS LIGHTING® 583161 Commercial Product,The PHILIPS LIGHTING® 583161 is a commercial-grade commercial product designed for professional and industrial applications. Key Specifications include PackQuantity: 3 PK.,,,,,,,,,,,,,,,,,,,,,,,,,,PHILIPS LIGHTING® 583161 Commercial Product,PackQuantity,3 PK,,,,,,,,,,,,,,,,,,,,,,,,,,,,,,,,,,,,,,,,,,,,,,,,,,,,,,,,,,,,,,,,,,,,,,,,,,,,,,,,,,,,,,,,,,,,,,,,,,,,,,,,,,,,,,,,,,,,,,,,,,,,,,,,,,,,,,,,,,,,,,,,,,,,,,,,,,,1,EA,,,,,,,,,,,,,,,,,,,,,,,,,,,,,,,,,,,,,US,No,Yes
,,,,,,566695,,,,566695,566695,566695 60W Led Med 27k 3pk,PHILIPS LIGHTING®,PHILIPS LIGHTING®,PHILIPS LIGHTING®,PHILIPS LIGHTING,PHILIPS LIGHTING,PHILIPS LIGHTING®,PHILIPS LIGHTING®,566695,,,"PHILIPS LIGHTING®, Commercial Product, 566695 - Commercial Grade Commercial Prod",COMMERCIAL PRODUCT,"PHILIPS LIGHTING®, 566695, Commercial Product",The PHILIPS LIGHTING® 566695 is a commercial-grade commercial product designed for professional and industrial applications. Key Specifications include PackQuantity: 3 PK.,PHILIPS LIGHTING® 566695 Commercial Product,The PHILIPS LIGHTING® 566695 is a commercial-grade commercial product designed for professional and industrial applications. Key Specifications include PackQuantity: 3 PK.,,,,,,,,,,,,,,,,,,,,,,,,,,PHILIPS LIGHTING® 566695 Commercial Product,PackQuantity,3 PK,,,,,,,,,,,,,,,,,,,,,,,,,,,,,,,,,,,,,,,,,,,,,,,,,,,,,,,,,,,,,,,,,,,,,,,,,,,,,,,,,,,,,,,,,,,,,,,,,,,,,,,,,,,,,,,,,,,,,,,,,,,,,,,,,,,,,,,,,,,,,,,,,,,,,,,,,,,1,EA,,,,,,,,,,,,,,,,,,,,,,,,,,,,,,,,,,,,,US,No,Yes
,,,,,,577007,,,,577007,577007,577007 125W Led Med 30k Flood,PHILIPS LIGHTING®,PHILIPS LIGHTING®,PHILIPS LIGHTING®,PHILIPS LIGHTING,PHILIPS LIGHTING,PHILIPS LIGHTING®,PHILIPS LIGHTING®,577007,,,"PHILIPS LIGHTING®, Commercial Product, 577007 - Commercial Grade Commercial Prod",COMMERCIAL PRODUCT,"PHILIPS LIGHTING®, 577007, Commercial Product",The PHILIPS LIGHTING® 577007 is a commercial-grade commercial product designed for professional and industrial applications.,PHILIPS LIGHTING® 577007 Commercial Product,The PHILIPS LIGHTING® 577007 is a commercial-grade commercial product designed for professional and industrial applications.,,,,,,,,,,,,,,,,,,,,,,,,,,PHILIPS LIGHTING® 577007 Commercial Product,,,,,,,,,,,,,,,,,,,,,,,,,,,,,,,,,,,,,,,,,,,,,,,,,,,,,,,,,,,,,,,,,,,,,,,,,,,,,,,,,,,,,,,,,,,,,,,,,,,,,,,,,,,,,,,,,,,,,,,,,,,,,,,,,,,,,,,,,,,,,,,,,,,,,,,,,,,,,1,EA,,,,,,,,,,,,,,,,,,,,,,,,,,,,,,,,,,,,,US,No,Yes
,,,,,,566653,,,,566653,566653,566653 25W Led Cand 27k 3pk,PHILIPS LIGHTING®,PHILIPS LIGHTING®,PHILIPS LIGHTING®,PHILIPS LIGHTING,PHILIPS LIGHTING,PHILIPS LIGHTING®,PHILIPS LIGHTING®,566653,,,"PHILIPS LIGHTING®, Commercial Product, 566653 - Commercial Grade Commercial Prod",COMMERCIAL PRODUCT,"PHILIPS LIGHTING®, 566653, Commercial Product",The PHILIPS LIGHTING® 566653 is a commercial-grade commercial product designed for professional and industrial applications. Key Specifications include PackQuantity: 3 PK.,PHILIPS LIGHTING® 566653 Commercial Product,The PHILIPS LIGHTING® 566653 is a commercial-grade commercial product designed for professional and industrial applications. Key Specifications include PackQuantity: 3 PK.,,,,,,,,,,,,,,,,,,,,,,,,,,PHILIPS LIGHTING® 566653 Commercial Product,PackQuantity,3 PK,,,,,,,,,,,,,,,,,,,,,,,,,,,,,,,,,,,,,,,,,,,,,,,,,,,,,,,,,,,,,,,,,,,,,,,,,,,,,,,,,,,,,,,,,,,,,,,,,,,,,,,,,,,,,,,,,,,,,,,,,,,,,,,,,,,,,,,,,,,,,,,,,,,,,,,,,,,1,EA,,,,,,,,,,,,,,,,,,,,,,,,,,,,,,,,,,,,,US,No,Yes
,,,,,,566679,,,,566679,566679,566679 40W Led Med 27k 3pk,PHILIPS LIGHTING®,PHILIPS LIGHTING®,PHILIPS LIGHTING®,PHILIPS LIGHTING,PHILIPS LIGHTING,PHILIPS LIGHTING®,PHILIPS LIGHTING®,566679,,,"PHILIPS LIGHTING®, Commercial Product, 566679 - Commercial Grade Commercial Prod",COMMERCIAL PRODUCT,"PHILIPS LIGHTING®, 566679, Commercial Product",The PHILIPS LIGHTING® 566679 is a commercial-grade commercial product designed for professional and industrial applications. Key Specifications include PackQuantity: 3 PK.,PHILIPS LIGHTING® 566679 Commercial Product,The PHILIPS LIGHTING® 566679 is a commercial-grade commercial product designed for professional and industrial applications. Key Specifications include PackQuantity: 3 PK.,,,,,,,,,,,,,,,,,,,,,,,,,,PHILIPS LIGHTING® 566679 Commercial Product,PackQuantity,3 PK,,,,,,,,,,,,,,,,,,,,,,,,,,,,,,,,,,,,,,,,,,,,,,,,,,,,,,,,,,,,,,,,,,,,,,,,,,,,,,,,,,,,,,,,,,,,,,,,,,,,,,,,,,,,,,,,,,,,,,,,,,,,,,,,,,,,,,,,,,,,,,,,,,,,,,,,,,,1,EA,,,,,,,,,,,,,,,,,,,,,,,,,,,,,,,,,,,,,US,No,Yes
,,,,,,573311,,,,573311,573311,573311 60W Led Med 27k 2pk,PHILIPS LIGHTING®,PHILIPS LIGHTING®,PHILIPS LIGHTING®,PHILIPS LIGHTING,PHILIPS LIGHTING,PHILIPS LIGHTING®,PHILIPS LIGHTING®,573311,,,"PHILIPS LIGHTING®, Commercial Product, 573311 - Commercial Grade Commercial Prod",COMMERCIAL PRODUCT,"PHILIPS LIGHTING®, 573311, Commercial Product",The PHILIPS LIGHTING® 573311 is a commercial-grade commercial product designed for professional and industrial applications. Key Specifications include PackQuantity: 2 PK.,PHILIPS LIGHTING® 573311 Commercial Product,The PHILIPS LIGHTING® 573311 is a commercial-grade commercial product designed for professional and industrial applications. Key Specifications include PackQuantity: 2 PK.,,,,,,,,,,,,,,,,,,,,,,,,,,PHILIPS LIGHTING® 573311 Commercial Product,PackQuantity,2 PK,,,,,,,,,,,,,,,,,,,,,,,,,,,,,,,,,,,,,,,,,,,,,,,,,,,,,,,,,,,,,,,,,,,,,,,,,,,,,,,,,,,,,,,,,,,,,,,,,,,,,,,,,,,,,,,,,,,,,,,,,,,,,,,,,,,,,,,,,,,,,,,,,,,,,,,,,,,1,EA,,,,,,,,,,,,,,,,,,,,,,,,,,,,,,,,,,,,,US,No,Yes
,,,,,,573394,,,,573394,573394,573394 60W Led Cand 27k 2pk,PHILIPS LIGHTING®,PHILIPS LIGHTING®,PHILIPS LIGHTING®,PHILIPS LIGHTING,PHILIPS LIGHTING,PHILIPS LIGHTING®,PHILIPS LIGHTING®,573394,,,"PHILIPS LIGHTING®, Commercial Product, 573394 - Commercial Grade Commercial Prod",COMMERCIAL PRODUCT,"PHILIPS LIGHTING®, 573394, Commercial Product",The PHILIPS LIGHTING® 573394 is a commercial-grade commercial product designed for professional and industrial applications. Key Specifications include PackQuantity: 2 PK.,PHILIPS LIGHTING® 573394 Commercial Product,The PHILIPS LIGHTING® 573394 is a commercial-grade commercial product designed for professional and industrial applications. Key Specifications include PackQuantity: 2 PK.,,,,,,,,,,,,,,,,,,,,,,,,,,PHILIPS LIGHTING® 573394 Commercial Product,PackQuantity,2 PK,,,,,,,,,,,,,,,,,,,,,,,,,,,,,,,,,,,,,,,,,,,,,,,,,,,,,,,,,,,,,,,,,,,,,,,,,,,,,,,,,,,,,,,,,,,,,,,,,,,,,,,,,,,,,,,,,,,,,,,,,,,,,,,,,,,,,,,,,,,,,,,,,,,,,,,,,,,1,EA,,,,,,,,,,,,,,,,,,,,,,,,,,,,,,,,,,,,,US,No,Yes
,,,,,,573329,,,,573329,573329,573329 60W Cand Led 27k 2pk,PHILIPS LIGHTING®,PHILIPS LIGHTING®,PHILIPS LIGHTING®,PHILIPS LIGHTING,PHILIPS LIGHTING,PHILIPS LIGHTING®,PHILIPS LIGHTING®,573329,,,"PHILIPS LIGHTING®, Commercial Product, 573329 - Commercial Grade Commercial Prod",COMMERCIAL PRODUCT,"PHILIPS LIGHTING®, 573329, Commercial Product",The PHILIPS LIGHTING® 573329 is a commercial-grade commercial product designed for professional and industrial applications. Key Specifications include PackQuantity: 2 PK.,PHILIPS LIGHTING® 573329 Commercial Product,The PHILIPS LIGHTING® 573329 is a commercial-grade commercial product designed for professional and industrial applications. Key Specifications include PackQuantity: 2 PK.,,,,,,,,,,,,,,,,,,,,,,,,,,PHILIPS LIGHTING® 573329 Commercial Product,PackQuantity,2 PK,,,,,,,,,,,,,,,,,,,,,,,,,,,,,,,,,,,,,,,,,,,,,,,,,,,,,,,,,,,,,,,,,,,,,,,,,,,,,,,,,,,,,,,,,,,,,,,,,,,,,,,,,,,,,,,,,,,,,,,,,,,,,,,,,,,,,,,,,,,,,,,,,,,,,,,,,,,1,EA,,,,,,,,,,,,,,,,,,,,,,,,,,,,,,,,,,,,,US,No,Yes
,,,,,,564930,,,,564930,564930,564930 40W Cand Led 50k 3pk,PHILIPS LIGHTING®,PHILIPS LIGHTING®,PHILIPS LIGHTING®,PHILIPS LIGHTING,PHILIPS LIGHTING,PHILIPS LIGHTING®,PHILIPS LIGHTING®,564930,,,"PHILIPS LIGHTING®, Commercial Product, 564930 - Commercial Grade Commercial Prod",COMMERCIAL PRODUCT,"PHILIPS LIGHTING®, 564930, Commercial Product",The PHILIPS LIGHTING® 564930 is a commercial-grade commercial product designed for professional and industrial applications. Key Specifications include PackQuantity: 3 PK.,PHILIPS LIGHTING® 564930 Commercial Product,The PHILIPS LIGHTING® 564930 is a commercial-grade commercial product designed for professional and industrial applications. Key Specifications include PackQuantity: 3 PK.,,,,,,,,,,,,,,,,,,,,,,,,,,PHILIPS LIGHTING® 564930 Commercial Product,PackQuantity,3 PK,,,,,,,,,,,,,,,,,,,,,,,,,,,,,,,,,,,,,,,,,,,,,,,,,,,,,,,,,,,,,,,,,,,,,,,,,,,,,,,,,,,,,,,,,,,,,,,,,,,,,,,,,,,,,,,,,,,,,,,,,,,,,,,,,,,,,,,,,,,,,,,,,,,,,,,,,,,1,EA,,,,,,,,,,,,,,,,,,,,,,,,,,,,,,,,,,,,,US,No,Yes
,,,,,,565000,,,,565000,565000,565000 60W Led Med 27k 2pk,PHILIPS LIGHTING®,PHILIPS LIGHTING®,PHILIPS LIGHTING®,PHILIPS LIGHTING,PHILIPS LIGHTING,PHILIPS LIGHTING®,PHILIPS LIGHTING®,565000,,,"PHILIPS LIGHTING®, Commercial Product, 565000 - Commercial Grade Commercial Prod",COMMERCIAL PRODUCT,"PHILIPS LIGHTING®, 565000, Commercial Product",The PHILIPS LIGHTING® 565000 is a commercial-grade commercial product designed for professional and industrial applications. Key Specifications include PackQuantity: 2 PK.,PHILIPS LIGHTING® 565000 Commercial Product,The PHILIPS LIGHTING® 565000 is a commercial-grade commercial product designed for professional and industrial applications. Key Specifications include PackQuantity: 2 PK.,,,,,,,,,,,,,,,,,,,,,,,,,,PHILIPS LIGHTING® 565000 Commercial Product,PackQuantity,2 PK,,,,,,,,,,,,,,,,,,,,,,,,,,,,,,,,,,,,,,,,,,,,,,,,,,,,,,,,,,,,,,,,,,,,,,,,,,,,,,,,,,,,,,,,,,,,,,,,,,,,,,,,,,,,,,,,,,,,,,,,,,,,,,,,,,,,,,,,,,,,,,,,,,,,,,,,,,,1,EA,,,,,,,,,,,,,,,,,,,,,,,,,,,,,,,,,,,,,US,No,Yes
,,,,,,564922,,,,564922,564922,564922 60W Led BA11 50k 3pk,PHILIPS LIGHTING®,PHILIPS LIGHTING®,PHILIPS LIGHTING®,PHILIPS LIGHTING,PHILIPS LIGHTING,PHILIPS LIGHTING®,PHILIPS LIGHTING®,564922,,,"PHILIPS LIGHTING®, Commercial Product, 564922 - Commercial Grade Commercial Prod",COMMERCIAL PRODUCT,"PHILIPS LIGHTING®, 564922, Commercial Product",The PHILIPS LIGHTING® 564922 is a commercial-grade commercial product designed for professional and industrial applications. Key Specifications include PackQuantity: 3 PK.,PHILIPS LIGHTING® 564922 Commercial Product,The PHILIPS LIGHTING® 564922 is a commercial-grade commercial product designed for professional and industrial applications. Key Specifications include PackQuantity: 3 PK.,,,,,,,,,,,,,,,,,,,,,,,,,,PHILIPS LIGHTING® 564922 Commercial Product,PackQuantity,3 PK,,,,,,,,,,,,,,,,,,,,,,,,,,,,,,,,,,,,,,,,,,,,,,,,,,,,,,,,,,,,,,,,,,,,,,,,,,,,,,,,,,,,,,,,,,,,,,,,,,,,,,,,,,,,,,,,,,,,,,,,,,,,,,,,,,,,,,,,,,,,,,,,,,,,,,,,,,,1,EA,,,,,,,,,,,,,,,,,,,,,,,,,,,,,,,,,,,,,US,No,Yes
,,,,,,573295,,,,573295,573295,573295 40W Led Med 27k 2pk,PHILIPS LIGHTING®,PHILIPS LIGHTING®,PHILIPS LIGHTING®,PHILIPS LIGHTING,PHILIPS LIGHTING,PHILIPS LIGHTING®,PHILIPS LIGHTING®,573295,,,"PHILIPS LIGHTING®, Commercial Product, 573295 - Commercial Grade Commercial Prod",COMMERCIAL PRODUCT,"PHILIPS LIGHTING®, 573295, Commercial Product",The PHILIPS LIGHTING® 573295 is a commercial-grade commercial product designed for professional and industrial applications. Key Specifications include PackQuantity: 2 PK.,PHILIPS LIGHTING® 573295 Commercial Product,The PHILIPS LIGHTING® 573295 is a commercial-grade commercial product designed for professional and industrial applications. Key Specifications include PackQuantity: 2 PK.,,,,,,,,,,,,,,,,,,,,,,,,,,PHILIPS LIGHTING® 573295 Commercial Product,PackQuantity,2 PK,,,,,,,,,,,,,,,,,,,,,,,,,,,,,,,,,,,,,,,,,,,,,,,,,,,,,,,,,,,,,,,,,,,,,,,,,,,,,,,,,,,,,,,,,,,,,,,,,,,,,,,,,,,,,,,,,,,,,,,,,,,,,,,,,,,,,,,,,,,,,,,,,,,,,,,,,,,1,EA,,,,,,,,,,,,,,,,,,,,,,,,,,,,,,,,,,,,,US,No,Yes
,,,,,,564914,,,,564914,564914,564914 60W Med Led 50k 2pk,PHILIPS LIGHTING®,PHILIPS LIGHTING®,PHILIPS LIGHTING®,PHILIPS LIGHTING,PHILIPS LIGHTING,PHILIPS LIGHTING®,PHILIPS LIGHTING®,564914,,,"PHILIPS LIGHTING®, Commercial Product, 564914 - Commercial Grade Commercial Prod",COMMERCIAL PRODUCT,"PHILIPS LIGHTING®, 564914, Commercial Product",The PHILIPS LIGHTING® 564914 is a commercial-grade commercial product designed for professional and industrial applications. Key Specifications include PackQuantity: 2 PK.,PHILIPS LIGHTING® 564914 Commercial Product,The PHILIPS LIGHTING® 564914 is a commercial-grade commercial product designed for professional and industrial applications. Key Specifications include PackQuantity: 2 PK.,,,,,,,,,,,,,,,,,,,,,,,,,,PHILIPS LIGHTING® 564914 Commercial Product,PackQuantity,2 PK,,,,,,,,,,,,,,,,,,,,,,,,,,,,,,,,,,,,,,,,,,,,,,,,,,,,,,,,,,,,,,,,,,,,,,,,,,,,,,,,,,,,,,,,,,,,,,,,,,,,,,,,,,,,,,,,,,,,,,,,,,,,,,,,,,,,,,,,,,,,,,,,,,,,,,,,,,,1,EA,,,,,,,,,,,,,,,,,,,,,,,,,,,,,,,,,,,,,US,No,Yes
,,,,,,573485,,,,573485,573485,573485 60W Led A19 Med 50k 2pk,PHILIPS LIGHTING®,PHILIPS LIGHTING®,PHILIPS LIGHTING®,PHILIPS LIGHTING,PHILIPS LIGHTING,PHILIPS LIGHTING®,PHILIPS LIGHTING®,573485,,,"PHILIPS LIGHTING®, Commercial Product, 573485 - Commercial Grade Commercial Prod",COMMERCIAL PRODUCT,"PHILIPS LIGHTING®, 573485, Commercial Product",The PHILIPS LIGHTING® 573485 is a commercial-grade commercial product designed for professional and industrial applications. Key Specifications include PackQuantity: 2 PK.,PHILIPS LIGHTING® 573485 Commercial Product,The PHILIPS LIGHTING® 573485 is a commercial-grade commercial product designed for professional and industrial applications. Key Specifications include PackQuantity: 2 PK.,,,,,,,,,,,,,,,,,,,,,,,,,,PHILIPS LIGHTING® 573485 Commercial Product,PackQuantity,2 PK,,,,,,,,,,,,,,,,,,,,,,,,,,,,,,,,,,,,,,,,,,,,,,,,,,,,,,,,,,,,,,,,,,,,,,,,,,,,,,,,,,,,,,,,,,,,,,,,,,,,,,,,,,,,,,,,,,,,,,,,,,,,,,,,,,,,,,,,,,,,,,,,,,,,,,,,,,,1,EA,,,,,,,,,,,,,,,,,,,,,,,,,,,,,,,,,,,,,US,No,Yes
,,,,,,573337,,,,573337,573337,573337 40W Led G25 Med 50k 2pk,PHILIPS LIGHTING®,PHILIPS LIGHTING®,PHILIPS LIGHTING®,PHILIPS LIGHTING,PHILIPS LIGHTING,PHILIPS LIGHTING®,PHILIPS LIGHTING®,573337,,,"PHILIPS LIGHTING®, Commercial Product, 573337 - Commercial Grade Commercial Prod",COMMERCIAL PRODUCT,"PHILIPS LIGHTING®, 573337, Commercial Product",The PHILIPS LIGHTING® 573337 is a commercial-grade commercial product designed for professional and industrial applications. Key Specifications include PackQuantity: 2 PK.,PHILIPS LIGHTING® 573337 Commercial Product,The PHILIPS LIGHTING® 573337 is a commercial-grade commercial product designed for professional and industrial applications. Key Specifications include PackQuantity: 2 PK.,,,,,,,,,,,,,,,,,,,,,,,,,,PHILIPS LIGHTING® 573337 Commercial Product,PackQuantity,2 PK,,,,,,,,,,,,,,,,,,,,,,,,,,,,,,,,,,,,,,,,,,,,,,,,,,,,,,,,,,,,,,,,,,,,,,,,,,,,,,,,,,,,,,,,,,,,,,,,,,,,,,,,,,,,,,,,,,,,,,,,,,,,,,,,,,,,,,,,,,,,,,,,,,,,,,,,,,,1,EA,,,,,,,,,,,,,,,,,,,,,,,,,,,,,,,,,,,,,US,No,Yes
,,,,,,544874,,,,544874,544874,544874 32W Led T8 UBulb 40k,PHILIPS LIGHTING®,PHILIPS LIGHTING®,PHILIPS LIGHTING®,PHILIPS LIGHTING,PHILIPS LIGHTING,PHILIPS LIGHTING®,PHILIPS LIGHTING®,544874,,,"PHILIPS LIGHTING®, Commercial Product, 544874 - Commercial Grade Commercial Prod",COMMERCIAL PRODUCT,"PHILIPS LIGHTING®, 544874, Commercial Product",The PHILIPS LIGHTING® 544874 is a commercial-grade commercial product designed for professional and industrial applications.,PHILIPS LIGHTING® 544874 Commercial Product,The PHILIPS LIGHTING® 544874 is a commercial-grade commercial product designed for professional and industrial applications.,,,,,,,,,,,,,,,,,,,,,,,,,,PHILIPS LIGHTING® 544874 Commercial Product,,,,,,,,,,,,,,,,,,,,,,,,,,,,,,,,,,,,,,,,,,,,,,,,,,,,,,,,,,,,,,,,,,,,,,,,,,,,,,,,,,,,,,,,,,,,,,,,,,,,,,,,,,,,,,,,,,,,,,,,,,,,,,,,,,,,,,,,,,,,,,,,,,,,,,,,,,,,,1,EA,,,,,,,,,,,,,,,,,,,,,,,,,,,,,,,,,,,,,US,No,Yes
,,,,,,570846,,,,570846,570846,570846 50W Led Med 22K 2pk,PHILIPS LIGHTING®,PHILIPS LIGHTING®,PHILIPS LIGHTING®,PHILIPS LIGHTING,PHILIPS LIGHTING,PHILIPS LIGHTING®,PHILIPS LIGHTING®,570846,,,"PHILIPS LIGHTING®, Commercial Product, 570846 - Commercial Grade Commercial Prod",COMMERCIAL PRODUCT,"PHILIPS LIGHTING®, 570846, Commercial Product",The PHILIPS LIGHTING® 570846 is a commercial-grade commercial product designed for professional and industrial applications. Key Specifications include PackQuantity: 2 PK.,PHILIPS LIGHTING® 570846 Commercial Product,The PHILIPS LIGHTING® 570846 is a commercial-grade commercial product designed for professional and industrial applications. Key Specifications include PackQuantity: 2 PK.,,,,,,,,,,,,,,,,,,,,,,,,,,PHILIPS LIGHTING® 570846 Commercial Product,PackQuantity,2 PK,,,,,,,,,,,,,,,,,,,,,,,,,,,,,,,,,,,,,,,,,,,,,,,,,,,,,,,,,,,,,,,,,,,,,,,,,,,,,,,,,,,,,,,,,,,,,,,,,,,,,,,,,,,,,,,,,,,,,,,,,,,,,,,,,,,,,,,,,,,,,,,,,,,,,,,,,,,1,EA,,,,,,,,,,,,,,,,,,,,,,,,,,,,,,,,,,,,,US,No,Yes
,,,,,,565473,,,,565473,565473,565473 60W Led A19 Bulb 2pk,PHILIPS LIGHTING®,PHILIPS LIGHTING®,PHILIPS LIGHTING®,PHILIPS LIGHTING,PHILIPS LIGHTING,PHILIPS LIGHTING®,PHILIPS LIGHTING®,565473,,,"PHILIPS LIGHTING®, Commercial Product, 565473 - Commercial Grade Commercial Prod",COMMERCIAL PRODUCT,"PHILIPS LIGHTING®, 565473, Commercial Product",The PHILIPS LIGHTING® 565473 is a commercial-grade commercial product designed for professional and industrial applications. Key Specifications include PackQuantity: 2 PK.,PHILIPS LIGHTING® 565473 Commercial Product,The PHILIPS LIGHTING® 565473 is a commercial-grade commercial product designed for professional and industrial applications. Key Specifications include PackQuantity: 2 PK.,,,,,,,,,,,,,,,,,,,,,,,,,,PHILIPS LIGHTING® 565473 Commercial Product,PackQuantity,2 PK,,,,,,,,,,,,,,,,,,,,,,,,,,,,,,,,,,,,,,,,,,,,,,,,,,,,,,,,,,,,,,,,,,,,,,,,,,,,,,,,,,,,,,,,,,,,,,,,,,,,,,,,,,,,,,,,,,,,,,,,,,,,,,,,,,,,,,,,,,,,,,,,,,,,,,,,,,,1,EA,,,,,,,,,,,,,,,,,,,,,,,,,,,,,,,,,,,,,US,No,Yes
,,,,,,573402,,,,573402,573402,573402 60W Led Med 50k 2pk,PHILIPS LIGHTING®,PHILIPS LIGHTING®,PHILIPS LIGHTING®,PHILIPS LIGHTING,PHILIPS LIGHTING,PHILIPS LIGHTING®,PHILIPS LIGHTING®,573402,,,"PHILIPS LIGHTING®, Commercial Product, 573402 - Commercial Grade Commercial Prod",COMMERCIAL PRODUCT,"PHILIPS LIGHTING®, 573402, Commercial Product",The PHILIPS LIGHTING® 573402 is a commercial-grade commercial product designed for professional and industrial applications. Key Specifications include PackQuantity: 2 PK.,PHILIPS LIGHTING® 573402 Commercial Product,The PHILIPS LIGHTING® 573402 is a commercial-grade commercial product designed for professional and industrial applications. Key Specifications include PackQuantity: 2 PK.,,,,,,,,,,,,,,,,,,,,,,,,,,PHILIPS LIGHTING® 573402 Commercial Product,PackQuantity,2 PK,,,,,,,,,,,,,,,,,,,,,,,,,,,,,,,,,,,,,,,,,,,,,,,,,,,,,,,,,,,,,,,,,,,,,,,,,,,,,,,,,,,,,,,,,,,,,,,,,,,,,,,,,,,,,,,,,,,,,,,,,,,,,,,,,,,,,,,,,,,,,,,,,,,,,,,,,,,1,EA,,,,,,,,,,,,,,,,,,,,,,,,,,,,,,,,,,,,,US,No,Yes
,,,,,,573352,,,,573352,573352,573352 40W Led Med 27k 2pk,PHILIPS LIGHTING®,PHILIPS LIGHTING®,PHILIPS LIGHTING®,PHILIPS LIGHTING,PHILIPS LIGHTING,PHILIPS LIGHTING®,PHILIPS LIGHTING®,573352,,,"PHILIPS LIGHTING®, Commercial Product, 573352 - Commercial Grade Commercial Prod",COMMERCIAL PRODUCT,"PHILIPS LIGHTING®, 573352, Commercial Product",The PHILIPS LIGHTING® 573352 is a commercial-grade commercial product designed for professional and industrial applications. Key Specifications include PackQuantity: 2 PK.,PHILIPS LIGHTING® 573352 Commercial Product,The PHILIPS LIGHTING® 573352 is a commercial-grade commercial product designed for professional and industrial applications. Key Specifications include PackQuantity: 2 PK.,,,,,,,,,,,,,,,,,,,,,,,,,,PHILIPS LIGHTING® 573352 Commercial Product,PackQuantity,2 PK,,,,,,,,,,,,,,,,,,,,,,,,,,,,,,,,,,,,,,,,,,,,,,,,,,,,,,,,,,,,,,,,,,,,,,,,,,,,,,,,,,,,,,,,,,,,,,,,,,,,,,,,,,,,,,,,,,,,,,,,,,,,,,,,,,,,,,,,,,,,,,,,,,,,,,,,,,,1,EA,,,,,,,,,,,,,,,,,,,,,,,,,,,,,,,,,,,,,US,No,Yes
,,,,,,573428,,,,573428,573428,573428 40W Med Led 50k 2pk,PHILIPS LIGHTING®,PHILIPS LIGHTING®,PHILIPS LIGHTING®,PHILIPS LIGHTING,PHILIPS LIGHTING,PHILIPS LIGHTING®,PHILIPS LIGHTING®,573428,,,"PHILIPS LIGHTING®, Commercial Product, 573428 - Commercial Grade Commercial Prod",COMMERCIAL PRODUCT,"PHILIPS LIGHTING®, 573428, Commercial Product",The PHILIPS LIGHTING® 573428 is a commercial-grade commercial product designed for professional and industrial applications. Key Specifications include PackQuantity: 2 PK.,PHILIPS LIGHTING® 573428 Commercial Product,The PHILIPS LIGHTING® 573428 is a commercial-grade commercial product designed for professional and industrial applications. Key Specifications include PackQuantity: 2 PK.,,,,,,,,,,,,,,,,,,,,,,,,,,PHILIPS LIGHTING® 573428 Commercial Product,PackQuantity,2 PK,,,,,,,,,,,,,,,,,,,,,,,,,,,,,,,,,,,,,,,,,,,,,,,,,,,,,,,,,,,,,,,,,,,,,,,,,,,,,,,,,,,,,,,,,,,,,,,,,,,,,,,,,,,,,,,,,,,,,,,,,,,,,,,,,,,,,,,,,,,,,,,,,,,,,,,,,,,1,EA,,,,,,,,,,,,,,,,,,,,,,,,,,,,,,,,,,,,,US,No,Yes
,,,,,,573386,,,,573386,573386,573386 60W Led Med 27k 2pk,PHILIPS LIGHTING®,PHILIPS LIGHTING®,PHILIPS LIGHTING®,PHILIPS LIGHTING,PHILIPS LIGHTING,PHILIPS LIGHTING®,PHILIPS LIGHTING®,573386,,,"PHILIPS LIGHTING®, Commercial Product, 573386 - Commercial Grade Commercial Prod",COMMERCIAL PRODUCT,"PHILIPS LIGHTING®, 573386, Commercial Product",The PHILIPS LIGHTING® 573386 is a commercial-grade commercial product designed for professional and industrial applications. Key Specifications include PackQuantity: 2 PK.,PHILIPS LIGHTING® 573386 Commercial Product,The PHILIPS LIGHTING® 573386 is a commercial-grade commercial product designed for professional and industrial applications. Key Specifications include PackQuantity: 2 PK.,,,,,,,,,,,,,,,,,,,,,,,,,,PHILIPS LIGHTING® 573386 Commercial Product,PackQuantity,2 PK,,,,,,,,,,,,,,,,,,,,,,,,,,,,,,,,,,,,,,,,,,,,,,,,,,,,,,,,,,,,,,,,,,,,,,,,,,,,,,,,,,,,,,,,,,,,,,,,,,,,,,,,,,,,,,,,,,,,,,,,,,,,,,,,,,,,,,,,,,,,,,,,,,,,,,,,,,,1,EA,,,,,,,,,,,,,,,,,,,,,,,,,,,,,,,,,,,,,US,No,Yes
,,,,,,564948,,,,564948,564948,564948 40W Led Med 50k 3pk,PHILIPS LIGHTING®,PHILIPS LIGHTING®,PHILIPS LIGHTING®,PHILIPS LIGHTING,PHILIPS LIGHTING,PHILIPS LIGHTING®,PHILIPS LIGHTING®,564948,,,"PHILIPS LIGHTING®, Commercial Product, 564948 - Commercial Grade Commercial Prod",COMMERCIAL PRODUCT,"PHILIPS LIGHTING®, 564948, Commercial Product",The PHILIPS LIGHTING® 564948 is a commercial-grade commercial product designed for professional and industrial applications. Key Specifications include PackQuantity: 3 PK.,PHILIPS LIGHTING® 564948 Commercial Product,The PHILIPS LIGHTING® 564948 is a commercial-grade commercial product designed for professional and industrial applications. Key Specifications include PackQuantity: 3 PK.,,,,,,,,,,,,,,,,,,,,,,,,,,PHILIPS LIGHTING® 564948 Commercial Product,PackQuantity,3 PK,,,,,,,,,,,,,,,,,,,,,,,,,,,,,,,,,,,,,,,,,,,,,,,,,,,,,,,,,,,,,,,,,,,,,,,,,,,,,,,,,,,,,,,,,,,,,,,,,,,,,,,,,,,,,,,,,,,,,,,,,,,,,,,,,,,,,,,,,,,,,,,,,,,,,,,,,,,1,EA,,,,,,,,,,,,,,,,,,,,,,,,,,,,,,,,,,,,,US,No,Yes
,,,,,,573303,,,,573303,573303,573303 40W Led Cand 27k 2pk,PHILIPS LIGHTING®,PHILIPS LIGHTING®,PHILIPS LIGHTING®,PHILIPS LIGHTING,PHILIPS LIGHTING,PHILIPS LIGHTING®,PHILIPS LIGHTING®,573303,,,"PHILIPS LIGHTING®, Commercial Product, 573303 - Commercial Grade Commercial Prod",COMMERCIAL PRODUCT,"PHILIPS LIGHTING®, 573303, Commercial Product",The PHILIPS LIGHTING® 573303 is a commercial-grade commercial product designed for professional and industrial applications. Key Specifications include PackQuantity: 2 PK.,PHILIPS LIGHTING® 573303 Commercial Product,The PHILIPS LIGHTING® 573303 is a commercial-grade commercial product designed for professional and industrial applications. Key Specifications include PackQuantity: 2 PK.,,,,,,,,,,,,,,,,,,,,,,,,,,PHILIPS LIGHTING® 573303 Commercial Product,PackQuantity,2 PK,,,,,,,,,,,,,,,,,,,,,,,,,,,,,,,,,,,,,,,,,,,,,,,,,,,,,,,,,,,,,,,,,,,,,,,,,,,,,,,,,,,,,,,,,,,,,,,,,,,,,,,,,,,,,,,,,,,,,,,,,,,,,,,,,,,,,,,,,,,,,,,,,,,,,,,,,,,1,EA,,,,,,,,,,,,,,,,,,,,,,,,,,,,,,,,,,,,,US,No,Yes
,,,,,,573188,,,,573188,573188,573188 250W Led Par38 Med 50k,PHILIPS LIGHTING®,PHILIPS LIGHTING®,PHILIPS LIGHTING®,PHILIPS LIGHTING,PHILIPS LIGHTING,PHILIPS LIGHTING®,PHILIPS LIGHTING®,573188,,,"PHILIPS LIGHTING®, Commercial Product, 573188 - Commercial Grade Commercial Prod",COMMERCIAL PRODUCT,"PHILIPS LIGHTING®, 573188, Commercial Product",The PHILIPS LIGHTING® 573188 is a commercial-grade commercial product designed for professional and industrial applications.,PHILIPS LIGHTING® 573188 Commercial Product,The PHILIPS LIGHTING® 573188 is a commercial-grade commercial product designed for professional and industrial applications.,,,,,,,,,,,,,,,,,,,,,,,,,,PHILIPS LIGHTING® 573188 Commercial Product,,,,,,,,,,,,,,,,,,,,,,,,,,,,,,,,,,,,,,,,,,,,,,,,,,,,,,,,,,,,,,,,,,,,,,,,,,,,,,,,,,,,,,,,,,,,,,,,,,,,,,,,,,,,,,,,,,,,,,,,,,,,,,,,,,,,,,,,,,,,,,,,,,,,,,,,,,,,,1,EA,,,,,,,,,,,,,,,,,,,,,,,,,,,,,,,,,,,,,US,No,Yes
,,,,,,573469,,,,573469,573469,573469 40W Led A19 Med 50k 2pk,PHILIPS LIGHTING®,PHILIPS LIGHTING®,PHILIPS LIGHTING®,PHILIPS LIGHTING,PHILIPS LIGHTING,PHILIPS LIGHTING®,PHILIPS LIGHTING®,573469,,,"PHILIPS LIGHTING®, Commercial Product, 573469 - Commercial Grade Commercial Prod",COMMERCIAL PRODUCT,"PHILIPS LIGHTING®, 573469, Commercial Product",The PHILIPS LIGHTING® 573469 is a commercial-grade commercial product designed for professional and industrial applications. Key Specifications include PackQuantity: 2 PK.,PHILIPS LIGHTING® 573469 Commercial Product,The PHILIPS LIGHTING® 573469 is a commercial-grade commercial product designed for professional and industrial applications. Key Specifications include PackQuantity: 2 PK.,,,,,,,,,,,,,,,,,,,,,,,,,,PHILIPS LIGHTING® 573469 Commercial Product,PackQuantity,2 PK,,,,,,,,,,,,,,,,,,,,,,,,,,,,,,,,,,,,,,,,,,,,,,,,,,,,,,,,,,,,,,,,,,,,,,,,,,,,,,,,,,,,,,,,,,,,,,,,,,,,,,,,,,,,,,,,,,,,,,,,,,,,,,,,,,,,,,,,,,,,,,,,,,,,,,,,,,,1,EA,,,,,,,,,,,,,,,,,,,,,,,,,,,,,,,,,,,,,US,No,Yes
,,,,,,565671,,,,565671,565671,565671 25W Led Med 20K,PHILIPS LIGHTING®,PHILIPS LIGHTING®,PHILIPS LIGHTING®,PHILIPS LIGHTING,PHILIPS LIGHTING,PHILIPS LIGHTING®,PHILIPS LIGHTING®,565671,,,"PHILIPS LIGHTING®, Commercial Product, 565671 - Commercial Grade Commercial Prod",COMMERCIAL PRODUCT,"PHILIPS LIGHTING®, 565671, Commercial Product",The PHILIPS LIGHTING® 565671 is a commercial-grade commercial product designed for professional and industrial applications.,PHILIPS LIGHTING® 565671 Commercial Product,The PHILIPS LIGHTING® 565671 is a commercial-grade commercial product designed for professional and industrial applications.,,,,,,,,,,,,,,,,,,,,,,,,,,PHILIPS LIGHTING® 565671 Commercial Product,,,,,,,,,,,,,,,,,,,,,,,,,,,,,,,,,,,,,,,,,,,,,,,,,,,,,,,,,,,,,,,,,,,,,,,,,,,,,,,,,,,,,,,,,,,,,,,,,,,,,,,,,,,,,,,,,,,,,,,,,,,,,,,,,,,,,,,,,,,,,,,,,,,,,,,,,,,,,1,EA,,,,,,,,,,,,,,,,,,,,,,,,,,,,,,,,,,,,,US,No,Yes
,,,,,,573204,,,,573204,573204,573204 75W Led Par20 Med 50k,PHILIPS LIGHTING®,PHILIPS LIGHTING®,PHILIPS LIGHTING®,PHILIPS LIGHTING,PHILIPS LIGHTING,PHILIPS LIGHTING®,PHILIPS LIGHTING®,573204,,,"PHILIPS LIGHTING®, Commercial Product, 573204 - Commercial Grade Commercial Prod",COMMERCIAL PRODUCT,"PHILIPS LIGHTING®, 573204, Commercial Product",The PHILIPS LIGHTING® 573204 is a commercial-grade commercial product designed for professional and industrial applications.,PHILIPS LIGHTING® 573204 Commercial Product,The PHILIPS LIGHTING® 573204 is a commercial-grade commercial product designed for professional and industrial applications.,,,,,,,,,,,,,,,,,,,,,,,,,,PHILIPS LIGHTING® 573204 Commercial Product,,,,,,,,,,,,,,,,,,,,,,,,,,,,,,,,,,,,,,,,,,,,,,,,,,,,,,,,,,,,,,,,,,,,,,,,,,,,,,,,,,,,,,,,,,,,,,,,,,,,,,,,,,,,,,,,,,,,,,,,,,,,,,,,,,,,,,,,,,,,,,,,,,,,,,,,,,,,,1,EA,,,,,,,,,,,,,,,,,,,,,,,,,,,,,,,,,,,,,US,No,Yes
,,,,,,581199,,,,581199,581199,581199 60W Led Med 2pk,PHILIPS LIGHTING®,PHILIPS LIGHTING®,PHILIPS LIGHTING®,PHILIPS LIGHTING,PHILIPS LIGHTING,PHILIPS LIGHTING®,PHILIPS LIGHTING®,581199,,,"PHILIPS LIGHTING®, Commercial Product, 581199 - Commercial Grade Commercial Prod",COMMERCIAL PRODUCT,"PHILIPS LIGHTING®, 581199, Commercial Product",The PHILIPS LIGHTING® 581199 is a commercial-grade commercial product designed for professional and industrial applications. Key Specifications include PackQuantity: 2 PK.,PHILIPS LIGHTING® 581199 Commercial Product,The PHILIPS LIGHTING® 581199 is a commercial-grade commercial product designed for professional and industrial applications. Key Specifications include PackQuantity: 2 PK.,,,,,,,,,,,,,,,,,,,,,,,,,,PHILIPS LIGHTING® 581199 Commercial Product,PackQuantity,2 PK,,,,,,,,,,,,,,,,,,,,,,,,,,,,,,,,,,,,,,,,,,,,,,,,,,,,,,,,,,,,,,,,,,,,,,,,,,,,,,,,,,,,,,,,,,,,,,,,,,,,,,,,,,,,,,,,,,,,,,,,,,,,,,,,,,,,,,,,,,,,,,,,,,,,,,,,,,,1,EA,,,,,,,,,,,,,,,,,,,,,,,,,,,,,,,,,,,,,US,No,Yes
,,,,,,565887,,,,565887,565887,565887 60W Led Med 20k,PHILIPS LIGHTING®,PHILIPS LIGHTING®,PHILIPS LIGHTING®,PHILIPS LIGHTING,PHILIPS LIGHTING,PHILIPS LIGHTING®,PHILIPS LIGHTING®,565887,,,"PHILIPS LIGHTING®, Commercial Product, 565887 - Commercial Grade Commercial Prod",COMMERCIAL PRODUCT,"PHILIPS LIGHTING®, 565887, Commercial Product",The PHILIPS LIGHTING® 565887 is a commercial-grade commercial product designed for professional and industrial applications.,PHILIPS LIGHTING® 565887 Commercial Product,The PHILIPS LIGHTING® 565887 is a commercial-grade commercial product designed for professional and industrial applications.,,,,,,,,,,,,,,,,,,,,,,,,,,PHILIPS LIGHTING® 565887 Commercial Product,,,,,,,,,,,,,,,,,,,,,,,,,,,,,,,,,,,,,,,,,,,,,,,,,,,,,,,,,,,,,,,,,,,,,,,,,,,,,,,,,,,,,,,,,,,,,,,,,,,,,,,,,,,,,,,,,,,,,,,,,,,,,,,,,,,,,,,,,,,,,,,,,,,,,,,,,,,,,1,EA,,,,,,,,,,,,,,,,,,,,,,,,,,,,,,,,,,,,,US,No,Yes
,,,,,,586867,,,,586867,586867,586867 60W Led Med 27K,PHILIPS LIGHTING®,PHILIPS LIGHTING®,PHILIPS LIGHTING®,PHILIPS LIGHTING,PHILIPS LIGHTING,PHILIPS LIGHTING®,PHILIPS LIGHTING®,586867,,,"PHILIPS LIGHTING®, Commercial Product, 586867 - Commercial Grade Commercial Prod",COMMERCIAL PRODUCT,"PHILIPS LIGHTING®, 586867, Commercial Product",The PHILIPS LIGHTING® 586867 is a commercial-grade commercial product designed for professional and industrial applications.,PHILIPS LIGHTING® 586867 Commercial Product,The PHILIPS LIGHTING® 586867 is a commercial-grade commercial product designed for professional and industrial applications.,,,,,,,,,,,,,,,,,,,,,,,,,,PHILIPS LIGHTING® 586867 Commercial Product,,,,,,,,,,,,,,,,,,,,,,,,,,,,,,,,,,,,,,,,,,,,,,,,,,,,,,,,,,,,,,,,,,,,,,,,,,,,,,,,,,,,,,,,,,,,,,,,,,,,,,,,,,,,,,,,,,,,,,,,,,,,,,,,,,,,,,,,,,,,,,,,,,,,,,,,,,,,,1,EA,,,,,,,,,,,,,,,,,,,,,,,,,,,,,,,,,,,,,US,No,Yes
,,,,,,568451,,,,568451,568451,5686451 50W Led Med 50k 2pk,PHILIPS LIGHTING®,PHILIPS LIGHTING®,PHILIPS LIGHTING®,PHILIPS LIGHTING,PHILIPS LIGHTING,PHILIPS LIGHTING®,PHILIPS LIGHTING®,568451,,,"PHILIPS LIGHTING®, Commercial Product, 568451 - Commercial Grade Commercial Prod",COMMERCIAL PRODUCT,"PHILIPS LIGHTING®, 568451, Commercial Product",The PHILIPS LIGHTING® 568451 is a commercial-grade commercial product designed for professional and industrial applications. Key Specifications include PackQuantity: 2 PK.,PHILIPS LIGHTING® 568451 Commercial Product,The PHILIPS LIGHTING® 568451 is a commercial-grade commercial product designed for professional and industrial applications. Key Specifications include PackQuantity: 2 PK.,,,,,,,,,,,,,,,,,,,,,,,,,,PHILIPS LIGHTING® 568451 Commercial Product,PackQuantity,2 PK,,,,,,,,,,,,,,,,,,,,,,,,,,,,,,,,,,,,,,,,,,,,,,,,,,,,,,,,,,,,,,,,,,,,,,,,,,,,,,,,,,,,,,,,,,,,,,,,,,,,,,,,,,,,,,,,,,,,,,,,,,,,,,,,,,,,,,,,,,,,,,,,,,,,,,,,,,,1,EA,,,,,,,,,,,,,,,,,,,,,,,,,,,,,,,,,,,,,US,No,Yes
,,,,,,568444,,,,568444,568444,568444 90W Led Par38 50k 2pk,PHILIPS LIGHTING®,PHILIPS LIGHTING®,PHILIPS LIGHTING®,PHILIPS LIGHTING,PHILIPS LIGHTING,PHILIPS LIGHTING®,PHILIPS LIGHTING®,568444,,,"PHILIPS LIGHTING®, Commercial Product, 568444 - Commercial Grade Commercial Prod",COMMERCIAL PRODUCT,"PHILIPS LIGHTING®, 568444, Commercial Product",The PHILIPS LIGHTING® 568444 is a commercial-grade commercial product designed for professional and industrial applications. Key Specifications include PackQuantity: 2 PK.,PHILIPS LIGHTING® 568444 Commercial Product,The PHILIPS LIGHTING® 568444 is a commercial-grade commercial product designed for professional and industrial applications. Key Specifications include PackQuantity: 2 PK.,,,,,,,,,,,,,,,,,,,,,,,,,,PHILIPS LIGHTING® 568444 Commercial Product,PackQuantity,2 PK,,,,,,,,,,,,,,,,,,,,,,,,,,,,,,,,,,,,,,,,,,,,,,,,,,,,,,,,,,,,,,,,,,,,,,,,,,,,,,,,,,,,,,,,,,,,,,,,,,,,,,,,,,,,,,,,,,,,,,,,,,,,,,,,,,,,,,,,,,,,,,,,,,,,,,,,,,,1,EA,,,,,,,,,,,,,,,,,,,,,,,,,,,,,,,,,,,,,US,No,Yes
,,,,,,573196,,,,573196,573196,573196 75W Led Med 30K,PHILIPS LIGHTING®,PHILIPS LIGHTING®,PHILIPS LIGHTING®,PHILIPS LIGHTING,PHILIPS LIGHTING,PHILIPS LIGHTING®,PHILIPS LIGHTING®,573196,,,"PHILIPS LIGHTING®, Commercial Product, 573196 - Commercial Grade Commercial Prod",COMMERCIAL PRODUCT,"PHILIPS LIGHTING®, 573196, Commercial Product",The PHILIPS LIGHTING® 573196 is a commercial-grade commercial product designed for professional and industrial applications.,PHILIPS LIGHTING® 573196 Commercial Product,The PHILIPS LIGHTING® 573196 is a commercial-grade commercial product designed for professional and industrial applications.,,,,,,,,,,,,,,,,,,,,,,,,,,PHILIPS LIGHTING® 573196 Commercial Product,,,,,,,,,,,,,,,,,,,,,,,,,,,,,,,,,,,,,,,,,,,,,,,,,,,,,,,,,,,,,,,,,,,,,,,,,,,,,,,,,,,,,,,,,,,,,,,,,,,,,,,,,,,,,,,,,,,,,,,,,,,,,,,,,,,,,,,,,,,,,,,,,,,,,,,,,,,,,1,EA,,,,,,,,,,,,,,,,,,,,,,,,,,,,,,,,,,,,,US,No,Yes
,,,,,,564500,,,,564500,564500,564500 75W Adj Base 50k 3pk,PHILIPS LIGHTING®,PHILIPS LIGHTING®,PHILIPS LIGHTING®,PHILIPS LIGHTING,PHILIPS LIGHTING,PHILIPS LIGHTING®,PHILIPS LIGHTING®,564500,,,"PHILIPS LIGHTING®, Commercial Product, 564500 - Commercial Grade Commercial Prod",COMMERCIAL PRODUCT,"PHILIPS LIGHTING®, 564500, Commercial Product",The PHILIPS LIGHTING® 564500 is a commercial-grade commercial product designed for professional and industrial applications. Key Specifications include PackQuantity: 3 PK.,PHILIPS LIGHTING® 564500 Commercial Product,The PHILIPS LIGHTING® 564500 is a commercial-grade commercial product designed for professional and industrial applications. Key Specifications include PackQuantity: 3 PK.,,,,,,,,,,,,,,,,,,,,,,,,,,PHILIPS LIGHTING® 564500 Commercial Product,PackQuantity,3 PK,,,,,,,,,,,,,,,,,,,,,,,,,,,,,,,,,,,,,,,,,,,,,,,,,,,,,,,,,,,,,,,,,,,,,,,,,,,,,,,,,,,,,,,,,,,,,,,,,,,,,,,,,,,,,,,,,,,,,,,,,,,,,,,,,,,,,,,,,,,,,,,,,,,,,,,,,,,1,EA,,,,,,,,,,,,,,,,,,,,,,,,,,,,,,,,,,,,,US,No,Yes
,,,,,,571513,,,,571513,571513,571513 40/60/100 Led Med 27k,PHILIPS LIGHTING®,PHILIPS LIGHTING®,PHILIPS LIGHTING®,PHILIPS LIGHTING,PHILIPS LIGHTING,PHILIPS LIGHTING®,PHILIPS LIGHTING®,571513,,,"PHILIPS LIGHTING®, Commercial Product, 571513 - Commercial Grade Commercial Prod",COMMERCIAL PRODUCT,"PHILIPS LIGHTING®, 571513, Commercial Product",The PHILIPS LIGHTING® 571513 is a commercial-grade commercial product designed for professional and industrial applications.,PHILIPS LIGHTING® 571513 Commercial Product,The PHILIPS LIGHTING® 571513 is a commercial-grade commercial product designed for professional and industrial applications.,,,,,,,,,,,,,,,,,,,,,,,,,,PHILIPS LIGHTING® 571513 Commercial Product,,,,,,,,,,,,,,,,,,,,,,,,,,,,,,,,,,,,,,,,,,,,,,,,,,,,,,,,,,,,,,,,,,,,,,,,,,,,,,,,,,,,,,,,,,,,,,,,,,,,,,,,,,,,,,,,,,,,,,,,,,,,,,,,,,,,,,,,,,,,,,,,,,,,,,,,,,,,,1,EA,,,,,,,,,,,,,,,,,,,,,,,,,,,,,,,,,,,,,US,No,Yes
,,,,,,588566,,,,588566,588566,588566 40W Led Med 55k 3pk,PHILIPS LIGHTING®,PHILIPS LIGHTING®,PHILIPS LIGHTING®,PHILIPS LIGHTING,PHILIPS LIGHTING,PHILIPS LIGHTING®,PHILIPS LIGHTING®,588566,,,"PHILIPS LIGHTING®, Commercial Product, 588566 - Commercial Grade Commercial Prod",COMMERCIAL PRODUCT,"PHILIPS LIGHTING®, 588566, Commercial Product",The PHILIPS LIGHTING® 588566 is a commercial-grade commercial product designed for professional and industrial applications. Key Specifications include PackQuantity: 3 PK.,PHILIPS LIGHTING® 588566 Commercial Product,The PHILIPS LIGHTING® 588566 is a commercial-grade commercial product designed for professional and industrial applications. Key Specifications include PackQuantity: 3 PK.,,,,,,,,,,,,,,,,,,,,,,,,,,PHILIPS LIGHTING® 588566 Commercial Product,PackQuantity,3 PK,,,,,,,,,,,,,,,,,,,,,,,,,,,,,,,,,,,,,,,,,,,,,,,,,,,,,,,,,,,,,,,,,,,,,,,,,,,,,,,,,,,,,,,,,,,,,,,,,,,,,,,,,,,,,,,,,,,,,,,,,,,,,,,,,,,,,,,,,,,,,,,,,,,,,,,,,,,1,EA,,,,,,,,,,,,,,,,,,,,,,,,,,,,,,,,,,,,,US,No,Yes
,,,,,,565655,,,,565655,565655,565655 25W Led A15 Med 20k,PHILIPS LIGHTING®,PHILIPS LIGHTING®,PHILIPS LIGHTING®,PHILIPS LIGHTING,PHILIPS LIGHTING,PHILIPS LIGHTING®,PHILIPS LIGHTING®,565655,,,"PHILIPS LIGHTING®, Commercial Product, 565655 - Commercial Grade Commercial Prod",COMMERCIAL PRODUCT,"PHILIPS LIGHTING®, 565655, Commercial Product",The PHILIPS LIGHTING® 565655 is a commercial-grade commercial product designed for professional and industrial applications.,PHILIPS LIGHTING® 565655 Commercial Product,The PHILIPS LIGHTING® 565655 is a commercial-grade commercial product designed for professional and industrial applications.,,,,,,,,,,,,,,,,,,,,,,,,,,PHILIPS LIGHTING® 565655 Commercial Product,,,,,,,,,,,,,,,,,,,,,,,,,,,,,,,,,,,,,,,,,,,,,,,,,,,,,,,,,,,,,,,,,,,,,,,,,,,,,,,,,,,,,,,,,,,,,,,,,,,,,,,,,,,,,,,,,,,,,,,,,,,,,,,,,,,,,,,,,,,,,,,,,,,,,,,,,,,,,1,EA,,,,,,,,,,,,,,,,,,,,,,,,,,,,,,,,,,,,,US,No,Yes
,,,,,,565812,,,,565812,565812,565812 60W Med Led 50k,PHILIPS LIGHTING®,PHILIPS LIGHTING®,PHILIPS LIGHTING®,PHILIPS LIGHTING,PHILIPS LIGHTING,PHILIPS LIGHTING®,PHILIPS LIGHTING®,565812,,,"PHILIPS LIGHTING®, Commercial Product, 565812 - Commercial Grade Commercial Prod",COMMERCIAL PRODUCT,"PHILIPS LIGHTING®, 565812, Commercial Product",The PHILIPS LIGHTING® 565812 is a commercial-grade commercial product designed for professional and industrial applications.,PHILIPS LIGHTING® 565812 Commercial Product,The PHILIPS LIGHTING® 565812 is a commercial-grade commercial product designed for professional and industrial applications.,,,,,,,,,,,,,,,,,,,,,,,,,,PHILIPS LIGHTING® 565812 Commercial Product,,,,,,,,,,,,,,,,,,,,,,,,,,,,,,,,,,,,,,,,,,,,,,,,,,,,,,,,,,,,,,,,,,,,,,,,,,,,,,,,,,,,,,,,,,,,,,,,,,,,,,,,,,,,,,,,,,,,,,,,,,,,,,,,,,,,,,,,,,,,,,,,,,,,,,,,,,,,,1,EA,,,,,,,,,,,,,,,,,,,,,,,,,,,,,,,,,,,,,US,No,Yes
,,,,,,586917,,,,586917,586917,586917 40W Led Cand 27K 2pk,PHILIPS LIGHTING®,PHILIPS LIGHTING®,PHILIPS LIGHTING®,PHILIPS LIGHTING,PHILIPS LIGHTING,PHILIPS LIGHTING®,PHILIPS LIGHTING®,586917,,,"PHILIPS LIGHTING®, Commercial Product, 586917 - Commercial Grade Commercial Prod",COMMERCIAL PRODUCT,"PHILIPS LIGHTING®, 586917, Commercial Product",The PHILIPS LIGHTING® 586917 is a commercial-grade commercial product designed for professional and industrial applications. Key Specifications include PackQuantity: 2 PK.,PHILIPS LIGHTING® 586917 Commercial Product,The PHILIPS LIGHTING® 586917 is a commercial-grade commercial product designed for professional and industrial applications. Key Specifications include PackQuantity: 2 PK.,,,,,,,,,,,,,,,,,,,,,,,,,,PHILIPS LIGHTING® 586917 Commercial Product,PackQuantity,2 PK,,,,,,,,,,,,,,,,,,,,,,,,,,,,,,,,,,,,,,,,,,,,,,,,,,,,,,,,,,,,,,,,,,,,,,,,,,,,,,,,,,,,,,,,,,,,,,,,,,,,,,,,,,,,,,,,,,,,,,,,,,,,,,,,,,,,,,,,,,,,,,,,,,,,,,,,,,,1,EA,,,,,,,,,,,,,,,,,,,,,,,,,,,,,,,,,,,,,US,No,Yes
,,,,,,46719,,,,46719,46719,49719 Wall Light Motion Wh,Maxsa Innovations,Maxsa Innovations,Maxsa Innovations,Maxsa Innovations,Maxsa Innovations,Maxsa Innovations,Maxsa Innovations,46719,,,"Maxsa Innovations, Commercial Product, 46719 - Commercial Grade Commercial Produ",COMMERCIAL PRODUCT,"Maxsa Innovations, 46719, Commercial Product",The Maxsa Innovations 46719 is a commercial-grade commercial product designed for professional and industrial applications.,Maxsa Innovations 46719 Commercial Product,The Maxsa Innovations 46719 is a commercial-grade commercial product designed for professional and industrial applications.,,,,,,,,,,,,,,,,,,,,,,,,,,Maxsa Innovations 46719 Commercial Product,,,,,,,,,,,,,,,,,,,,,,,,,,,,,,,,,,,,,,,,,,,,,,,,,,,,,,,,,,,,,,,,,,,,,,,,,,,,,,,,,,,,,,,,,,,,,,,,,,,,,,,,,,,,,,,,,,,,,,,,,,,,,,,,,,,,,,,,,,,,,,,,,,,,,,,,,,,,,1,EA,,,,,,,,,,,,,,,,,,,,,,,,,,,,,,,,,,,,,US,No,Yes
,,,,,,59061BSL,,,,59061BSL,59061BSL,59061BSL Kichler Ext Wall Lt,KICHLER®,KICHLER®,KICHLER®,KICHLER,KICHLER,KICHLER®,KICHLER®,59061BSL,,,"KICHLER®, Commercial Product, 59061BSL - Commercial Grade Commercial Product",COMMERCIAL PRODUCT,"KICHLER®, 59061BSL, Commercial Product",The KICHLER® 59061BSL is a commercial-grade commercial product designed for professional and industrial applications.,KICHLER® 59061BSL Commercial Product,The KICHLER® 59061BSL is a commercial-grade commercial product designed for professional and industrial applications.,,,,,,,,,,,,,,,,,,,,,,,,,,KICHLER® 59061BSL Commercial Product,,,,,,,,,,,,,,,,,,,,,,,,,,,,,,,,,,,,,,,,,,,,,,,,,,,,,,,,,,,,,,,,,,,,,,,,,,,,,,,,,,,,,,,,,,,,,,,,,,,,,,,,,,,,,,,,,,,,,,,,,,,,,,,,,,,,,,,,,,,,,,,,,,,,,,,,,,,,,1,EA,,,,,,,,,,,,,,,,,,,,,,,,,,,,,,,,,,,,,US,No,Yes
,,,,,,59062BSL,,,,59062BSL,59062BSL,59062BSL Kichler Ext Wall Lt,KICHLER®,KICHLER®,KICHLER®,KICHLER,KICHLER,KICHLER®,KICHLER®,59062BSL,,,"KICHLER®, Commercial Product, 59062BSL - Commercial Grade Commercial Product",COMMERCIAL PRODUCT,"KICHLER®, 59062BSL, Commercial Product",The KICHLER® 59062BSL is a commercial-grade commercial product designed for professional and industrial applications.,KICHLER® 59062BSL Commercial Product,The KICHLER® 59062BSL is a commercial-grade commercial product designed for professional and industrial applications.,,,,,,,,,,,,,,,,,,,,,,,,,,KICHLER® 59062BSL Commercial Product,,,,,,,,,,,,,,,,,,,,,,,,,,,,,,,,,,,,,,,,,,,,,,,,,,,,,,,,,,,,,,,,,,,,,,,,,,,,,,,,,,,,,,,,,,,,,,,,,,,,,,,,,,,,,,,,,,,,,,,,,,,,,,,,,,,,,,,,,,,,,,,,,,,,,,,,,,,,,1,EA,,,,,,,,,,,,,,,,,,,,,,,,,,,,,,,,,,,,,US,No,Yes
,,,,,,59124BKT,,,,59124BKT,59124BKT,59124BKT Kichler Ext Wall Lt,KICHLER®,KICHLER®,KICHLER®,KICHLER,KICHLER,KICHLER®,KICHLER®,59124BKT,,,"KICHLER®, Commercial Product, 59124BKT - Commercial Grade Commercial Product",COMMERCIAL PRODUCT,"KICHLER®, 59124BKT, Commercial Product",The KICHLER® 59124BKT is a commercial-grade commercial product designed for professional and industrial applications.,KICHLER® 59124BKT Commercial Product,The KICHLER® 59124BKT is a commercial-grade commercial product designed for professional and industrial applications.,,,,,,,,,,,,,,,,,,,,,,,,,,KICHLER® 59124BKT Commercial Product,,,,,,,,,,,,,,,,,,,,,,,,,,,,,,,,,,,,,,,,,,,,,,,,,,,,,,,,,,,,,,,,,,,,,,,,,,,,,,,,,,,,,,,,,,,,,,,,,,,,,,,,,,,,,,,,,,,,,,,,,,,,,,,,,,,,,,,,,,,,,,,,,,,,,,,,,,,,,1,EA,,,,,,,,,,,,,,,,,,,,,,,,,,,,,,,,,,,,,US,No,Yes
,,,,,,59025BK,,,,59025BK,59025BK,59025BK Kichler Post Lt,KICHLER®,KICHLER®,KICHLER®,KICHLER,KICHLER,KICHLER®,KICHLER®,59025BK,,,"KICHLER®, Commercial Product, 59025BK - Commercial Grade Commercial Product",COMMERCIAL PRODUCT,"KICHLER®, 59025BK, Commercial Product",The KICHLER® 59025BK is a commercial-grade commercial product designed for professional and industrial applications.,KICHLER® 59025BK Commercial Product,The KICHLER® 59025BK is a commercial-grade commercial product designed for professional and industrial applications.,,,,,,,,,,,,,,,,,,,,,,,,,,KICHLER® 59025BK Commercial Product,,,,,,,,,,,,,,,,,,,,,,,,,,,,,,,,,,,,,,,,,,,,,,,,,,,,,,,,,,,,,,,,,,,,,,,,,,,,,,,,,,,,,,,,,,,,,,,,,,,,,,,,,,,,,,,,,,,,,,,,,,,,,,,,,,,,,,,,,,,,,,,,,,,,,,,,,,,,,1,EA,,,,,,,,,,,,,,,,,,,,,,,,,,,,,,,,,,,,,US,No,Yes
,,,,,,DCL183,,,,DCL183,DCL183,Dewalt DCL183 Light - Rechargeable,DEWALT®,DEWALT®,DEWALT®,DEWALT,DEWALT,DEWALT®,DEWALT®,DCL183,,,"DEWALT®, Commercial Product, DCL183 - Commercial Grade Commercial Product",COMMERCIAL PRODUCT,"DEWALT®, DCL183, Commercial Product",The DEWALT® DCL183 is a commercial-grade commercial product designed for professional and industrial applications.,DEWALT® DCL183 Commercial Product,The DEWALT® DCL183 is a commercial-grade commercial product designed for professional and industrial applications.,,,,,,,,,,,,,,,,,,,,,,,,,,DEWALT® DCL183 Commercial Product,,,,,,,,,,,,,,,,,,,,,,,,,,,,,,,,,,,,,,,,,,,,,,,,,,,,,,,,,,,,,,,,,,,,,,,,,,,,,,,,,,,,,,,,,,,,,,,,,,,,,,,,,,,,,,,,,,,,,,,,,,,,,,,,,,,,,,,,,,,,,,,,,,,,,,,,,,,,,1,EA,,,,,,,,,,,,,,,,,,,,,,,,,,,,,,,,,,,,,US,No,Yes
,,,,,,73020,,,,73020,73020,73020 Nano Clip Light Bk,Streamlight,Streamlight,Streamlight,Streamlight,Streamlight,Streamlight,Streamlight,73020,,,"Streamlight, Commercial Product, 73020 - Commercial Grade Commercial Product",COMMERCIAL PRODUCT,"Streamlight, 73020, Commercial Product",The Streamlight 73020 is a commercial-grade commercial product designed for professional and industrial applications.,Streamlight 73020 Commercial Product,The Streamlight 73020 is a commercial-grade commercial product designed for professional and industrial applications.,,,,,,,,,,,,,,,,,,,,,,,,,,Streamlight 73020 Commercial Product,,,,,,,,,,,,,,,,,,,,,,,,,,,,,,,,,,,,,,,,,,,,,,,,,,,,,,,,,,,,,,,,,,,,,,,,,,,,,,,,,,,,,,,,,,,,,,,,,,,,,,,,,,,,,,,,,,,,,,,,,,,,,,,,,,,,,,,,,,,,,,,,,,,,,,,,,,,,,1,EA,,,,,,,,,,,,,,,,,,,,,,,,,,,,,,,,,,,,,US,No,Yes
,,,,,,NEB-FLT-1021,,,,NEB-FLT-1021,NEB-FLT-1021,NEBFLT1021 Slyde King FlashLt,ACG Brands,ACG Brands,ACG Brands,ACG Brands,ACG Brands,ACG Brands,ACG Brands,NEB-FLT-1021,,,"ACG Brands, Commercial Product, NEB-FLT-1021 - Commercial Grade Commercial Produ",COMMERCIAL PRODUCT,"ACG Brands, NEB-FLT-1021, Commercial Product",The ACG Brands NEB-FLT-1021 is a commercial-grade commercial product designed for professional and industrial applications.,ACG Brands NEB-FLT-1021 Commercial Product,The ACG Brands NEB-FLT-1021 is a commercial-grade commercial product designed for professional and industrial applications.,,,,,,,,,,,,,,,,,,,,,,,,,,ACG Brands NEB-FLT-1021 Commercial Product,,,,,,,,,,,,,,,,,,,,,,,,,,,,,,,,,,,,,,,,,,,,,,,,,,,,,,,,,,,,,,,,,,,,,,,,,,,,,,,,,,,,,,,,,,,,,,,,,,,,,,,,,,,,,,,,,,,,,,,,,,,,,,,,,,,,,,,,,,,,,,,,,,,,,,,,,,,,,1,EA,,,,,,,,,,,,,,,,,,,,,,,,,,,,,,,,,,,,,US,No,Yes
,,,,,,NEB-FLT-0053,,,,NEB-FLT-0053,NEB-FLT-0053,NEBFLT0053 2600L Flash Light,ACG Brands,ACG Brands,ACG Brands,ACG Brands,ACG Brands,ACG Brands,ACG Brands,NEB-FLT-0053,,,"ACG Brands, Commercial Product, NEB-FLT-0053 - Commercial Grade Commercial Produ",COMMERCIAL PRODUCT,"ACG Brands, NEB-FLT-0053, Commercial Product",The ACG Brands NEB-FLT-0053 is a commercial-grade commercial product designed for professional and industrial applications.,ACG Brands NEB-FLT-0053 Commercial Product,The ACG Brands NEB-FLT-0053 is a commercial-grade commercial product designed for professional and industrial applications.,,,,,,,,,,,,,,,,,,,,,,,,,,ACG Brands NEB-FLT-0053 Commercial Product,,,,,,,,,,,,,,,,,,,,,,,,,,,,,,,,,,,,,,,,,,,,,,,,,,,,,,,,,,,,,,,,,,,,,,,,,,,,,,,,,,,,,,,,,,,,,,,,,,,,,,,,,,,,,,,,,,,,,,,,,,,,,,,,,,,,,,,,,,,,,,,,,,,,,,,,,,,,,1,EA,,,,,,,,,,,,,,,,,,,,,,,,,,,,,,,,,,,,,US,No,Yes
,,,,,,97708,,,,97708,97708,97708 Police 800L Headlight,Police Security,Police Security,Police Security,Police Security,Police Security,Police Security,Police Security,97708,,,"Police Security, Commercial Product, 97708 - Commercial Grade Commercial Product",COMMERCIAL PRODUCT,"Police Security, 97708, Commercial Product",The Police Security 97708 is a commercial-grade commercial product designed for professional and industrial applications.,Police Security 97708 Commercial Product,The Police Security 97708 is a commercial-grade commercial product designed for professional and industrial applications.,,,,,,,,,,,,,,,,,,,,,,,,,,Police Security 97708 Commercial Product,,,,,,,,,,,,,,,,,,,,,,,,,,,,,,,,,,,,,,,,,,,,,,,,,,,,,,,,,,,,,,,,,,,,,,,,,,,,,,,,,,,,,,,,,,,,,,,,,,,,,,,,,,,,,,,,,,,,,,,,,,,,,,,,,,,,,,,,,,,,,,,,,,,,,,,,,,,,,1,EA,,,,,,,,,,,,,,,,,,,,,,,,,,,,,,,,,,,,,US,No,Yes
,,,,,,WORK6000XLTPPLUG,,,,WORK6000XLTPPLUG,WORK6000XLTPPLUG,6000L Twin Head Work Light,Feit Electric,Feit Electric,Feit Electric,Feit Electric,Feit Electric,Feit Electric,Feit Electric,WORK6000XLTPPLUG,,,"Feit Electric, Commercial Product, WORK6000XLTPPLUG - Commercial Grade Commercia",COMMERCIAL PRODUCT,"Feit Electric, WORK6000XLTPPLUG, Commercial Product",The Feit Electric WORK6000XLTPPLUG is a commercial-grade commercial product designed for professional and industrial applications.,Feit Electric WORK6000XLTPPLUG Commercial Product,The Feit Electric WORK6000XLTPPLUG is a commercial-grade commercial product designed for professional and industrial applications.,,,,,,,,,,,,,,,,,,,,,,,,,,Feit Electric WORK6000XLTPPLUG Commercial Product,,,,,,,,,,,,,,,,,,,,,,,,,,,,,,,,,,,,,,,,,,,,,,,,,,,,,,,,,,,,,,,,,,,,,,,,,,,,,,,,,,,,,,,,,,,,,,,,,,,,,,,,,,,,,,,,,,,,,,,,,,,,,,,,,,,,,,,,,,,,,,,,,,,,,,,,,,,,,1,EA,,,,,,,,,,,,,,,,,,,,,,,,,,,,,,,,,,,,,US,No,Yes
,,,,,,HOM2040M200PRB,,,,HOM2040M200PRB,HOM2040M200PRB,HOM2040M200PRB 200A Load Cntr,SQUARE D®,SQUARE D®,SQUARE D®,SQUARE D,SQUARE D,SQUARE D®,SQUARE D®,HOM2040M200PRB,,,"SQUARE D®, Commercial Product, HOM2040M200PRB - Commercial Grade Commercial Prod",COMMERCIAL PRODUCT,"SQUARE D®, HOM2040M200PRB, Commercial Product",The SQUARE D® HOM2040M200PRB is a commercial-grade commercial product designed for professional and industrial applications. Key Specifications include Amperage: 200 A.,SQUARE D® HOM2040M200PRB Commercial Product,The SQUARE D® HOM2040M200PRB is a commercial-grade commercial product designed for professional and industrial applications. Key Specifications include Amperage: 200 A.,,,,,,,,,,,,,,,,,,,,,,,,,,SQUARE D® HOM2040M200PRB Commercial Product,Amperage,200,A,,,,,,,,,,,,,,,,,,,,,,,,,,,,,,,,,,,,,,,,,,,,,,,,,,,,,,,,,,,,,,,,,,,,,,,,,,,,,,,,,,,,,,,,,,,,,,,,,,,,,,,,,,,,,,,,,,,,,,,,,,,,,,,,,,,,,,,,,,,,,,,,,,,,,,,,,,1,EA,,,,,,,,,,,,,,,,,,,,,,,,,,,,,,,,,,,,,US,No,Yes
,,,,,,HOM3060L225PGC,,,,HOM3060L225PGC,HOM3060L225PGC,HOM3060L225PGC 225 Load Center,SQUARE D®,SQUARE D®,SQUARE D®,SQUARE D,SQUARE D,SQUARE D®,SQUARE D®,HOM3060L225PGC,,,"SQUARE D®, Commercial Product, HOM3060L225PGC - Commercial Grade Commercial Prod",COMMERCIAL PRODUCT,"SQUARE D®, HOM3060L225PGC, Commercial Product",The SQUARE D® HOM3060L225PGC is a commercial-grade commercial product designed for professional and industrial applications.,SQUARE D® HOM3060L225PGC Commercial Product,The SQUARE D® HOM3060L225PGC is a commercial-grade commercial product designed for professional and industrial applications.,,,,,,,,,,,,,,,,,,,,,,,,,,SQUARE D® HOM3060L225PGC Commercial Product,,,,,,,,,,,,,,,,,,,,,,,,,,,,,,,,,,,,,,,,,,,,,,,,,,,,,,,,,,,,,,,,,,,,,,,,,,,,,,,,,,,,,,,,,,,,,,,,,,,,,,,,,,,,,,,,,,,,,,,,,,,,,,,,,,,,,,,,,,,,,,,,,,,,,,,,,,,,,1,EA,,,,,,,,,,,,,,,,,,,,,,,,,,,,,,,,,,,,,US,No,Yes
,,,,,,QO612L100RBCP,,,,QO612L100RBCP,QO612L100RBCP,QO612L100RBCP 100A Load Center,SQUARE D®,SQUARE D®,SQUARE D®,SQUARE D,SQUARE D,SQUARE D®,SQUARE D®,QO612L100RBCP,,,"SQUARE D®, Commercial Product, QO612L100RBCP - Commercial Grade Commercial Produ",COMMERCIAL PRODUCT,"SQUARE D®, QO612L100RBCP, Commercial Product",The SQUARE D® QO612L100RBCP is a commercial-grade commercial product designed for professional and industrial applications. Key Specifications include Amperage: 100 A.,SQUARE D® QO612L100RBCP Commercial Product,The SQUARE D® QO612L100RBCP is a commercial-grade commercial product designed for professional and industrial applications. Key Specifications include Amperage: 100 A.,,,,,,,,,,,,,,,,,,,,,,,,,,SQUARE D® QO612L100RBCP Commercial Product,Amperage,100,A,,,,,,,,,,,,,,,,,,,,,,,,,,,,,,,,,,,,,,,,,,,,,,,,,,,,,,,,,,,,,,,,,,,,,,,,,,,,,,,,,,,,,,,,,,,,,,,,,,,,,,,,,,,,,,,,,,,,,,,,,,,,,,,,,,,,,,,,,,,,,,,,,,,,,,,,,,1,EA,,,,,,,,,,,,,,,,,,,,,,,,,,,,,,,,,,,,,US,No,Yes
,,,,,,13093005,,,,13093005,13093005,4/0 Aluminum Entrance Cable (Linear Foot),SOUTHWIRE®,SOUTHWIRE®,SOUTHWIRE®,SOUTHWIRE,SOUTHWIRE,SOUTHWIRE®,SOUTHWIRE®,13093005,,,"SOUTHWIRE®, Commercial Product, 13093005 - Commercial Grade Commercial Product",COMMERCIAL PRODUCT ALUM,"SOUTHWIRE®, 13093005, Commercial Product",The SOUTHWIRE® 13093005 is a commercial-grade commercial product designed for professional and industrial applications. Engineered with durable aluminum construction.,SOUTHWIRE® 13093005 Commercial Product in Aluminum,The SOUTHWIRE® 13093005 is a commercial-grade commercial product designed for professional and industrial applications. Engineered with durable aluminum construction.,Constructed with high-grade Aluminum,,,,,,,,,,,,,,,,,,,,,,,,,SOUTHWIRE® 13093005 Commercial Product in Aluminum,Material,Aluminum,,,,,,,,,,,,,,,,,,,,,,,,,,,,,,,,,,,,,,,,,,,,,,,,,,,,,,,,,,,,,,,,,,,,,,,,,,,,,,,,,,,,,,,,,,,,,,,,,,,,,,,,,,,,,,,,,,,,,,,,,,,,,,,,,,,,,,,,,,,,,,,,,,,,,,,,,,,1,EA,,,,,,,,,,,,,,,,,,,,,,,,,,,,,,,,,,,,,US,No,Yes
,,,,,,12-4 SO,,,,12-4 SO,12-4 SO,12-4 SO Cord (Linear Foot),-,-,-,-,-,-,-,12-4 SO,,,"-, Commercial Product, 12-4 SO - Commercial Grade Commercial Product",COMMERCIAL PRODUCT,"-, 12-4 SO, Commercial Product",The - 12-4 SO is a commercial-grade commercial product designed for professional and industrial applications.,- 12-4 SO Commercial Product,The - 12-4 SO is a commercial-grade commercial product designed for professional and industrial applications.,,,,,,,,,,,,,,,,,,,,,,,,,,- 12-4 SO Commercial Product,,,,,,,,,,,,,,,,,,,,,,,,,,,,,,,,,,,,,,,,,,,,,,,,,,,,,,,,,,,,,,,,,,,,,,,,,,,,,,,,,,,,,,,,,,,,,,,,,,,,,,,,,,,,,,,,,,,,,,,,,,,,,,,,,,,,,,,,,,,,,,,,,,,,,,,,,,,,,1,EA,,,,,,,,,,,,,,,,,,,,,,,,,,,,,,,,,,,,,US,No,Yes
,,,,,,96263-46-06,,,,96263-46-06,96263-46-06,96263-46-06 CAT5E Wire (Linear Foot),SOUTHWIRE®,SOUTHWIRE®,SOUTHWIRE®,SOUTHWIRE,SOUTHWIRE,SOUTHWIRE®,SOUTHWIRE®,96263-46-06,,,"SOUTHWIRE®, Commercial Product, 96263-46-06 - Commercial Grade Commercial Produc",COMMERCIAL PRODUCT,"SOUTHWIRE®, 96263-46-06, Commercial Product",The SOUTHWIRE® 96263-46-06 is a commercial-grade commercial product designed for professional and industrial applications.,SOUTHWIRE® 96263-46-06 Commercial Product,The SOUTHWIRE® 96263-46-06 is a commercial-grade commercial product designed for professional and industrial applications.,,,,,,,,,,,,,,,,,,,,,,,,,,SOUTHWIRE® 96263-46-06 Commercial Product,,,,,,,,,,,,,,,,,,,,,,,,,,,,,,,,,,,,,,,,,,,,,,,,,,,,,,,,,,,,,,,,,,,,,,,,,,,,,,,,,,,,,,,,,,,,,,,,,,,,,,,,,,,,,,,,,,,,,,,,,,,,,,,,,,,,,,,,,,,,,,,,,,,,,,,,,,,,,1,EA,,,,,,,,,,,,,,,,,,,,,,,,,,,,,,,,,,,,,US,No,Yes
,,,,,,R50003-ID,,,,R50003-ID,R50003-ID,16-2 Stranded Wire CL3 500' (Linear Foot),SOUTHWIRE®,SOUTHWIRE®,SOUTHWIRE®,SOUTHWIRE,SOUTHWIRE,SOUTHWIRE®,SOUTHWIRE®,R50003-ID,,,"SOUTHWIRE®, Commercial Product, R50003-ID - Commercial Grade Commercial Product",COMMERCIAL PRODUCT,"SOUTHWIRE®, R50003-ID, Commercial Product",The SOUTHWIRE® R50003-ID is a commercial-grade commercial product designed for professional and industrial applications.,SOUTHWIRE® R50003-ID Commercial Product,The SOUTHWIRE® R50003-ID is a commercial-grade commercial product designed for professional and industrial applications.,,,,,,,,,,,,,,,,,,,,,,,,,,SOUTHWIRE® R50003-ID Commercial Product,,,,,,,,,,,,,,,,,,,,,,,,,,,,,,,,,,,,,,,,,,,,,,,,,,,,,,,,,,,,,,,,,,,,,,,,,,,,,,,,,,,,,,,,,,,,,,,,,,,,,,,,,,,,,,,,,,,,,,,,,,,,,,,,,,,,,,,,,,,,,,,,,,,,,,,,,,,,,1,EA,,,,,,,,,,,,,,,,,,,,,,,,,,,,,,,,,,,,,US,No,Yes
,,,,,,10-4 SO,,,,10-4 SO,10-4 SO,10-4 SO Cord (Linear Foot),SOUTHWIRE®,SOUTHWIRE®,SOUTHWIRE®,SOUTHWIRE,SOUTHWIRE,SOUTHWIRE®,SOUTHWIRE®,10-4 SO,,,"SOUTHWIRE®, Commercial Product, 10-4 SO - Commercial Grade Commercial Product",COMMERCIAL PRODUCT,"SOUTHWIRE®, 10-4 SO, Commercial Product",The SOUTHWIRE® 10-4 SO is a commercial-grade commercial product designed for professional and industrial applications.,SOUTHWIRE® 10-4 SO Commercial Product,The SOUTHWIRE® 10-4 SO is a commercial-grade commercial product designed for professional and industrial applications.,,,,,,,,,,,,,,,,,,,,,,,,,,SOUTHWIRE® 10-4 SO Commercial Product,,,,,,,,,,,,,,,,,,,,,,,,,,,,,,,,,,,,,,,,,,,,,,,,,,,,,,,,,,,,,,,,,,,,,,,,,,,,,,,,,,,,,,,,,,,,,,,,,,,,,,,,,,,,,,,,,,,,,,,,,,,,,,,,,,,,,,,,,,,,,,,,,,,,,,,,,,,,,1,EA,,,,,,,,,,,,,,,,,,,,,,,,,,,,,,,,,,,,,US,No,Yes
,,,,,,23346-0408,,,,23346-0408,23346-0408,23346-0408 Wire 16/3 SJEWA 250 (Linear Foot),-,-,-,-,-,-,-,23346-0408,,,"-, Commercial Product, 23346-0408 - Commercial Grade Commercial Product",COMMERCIAL PRODUCT,"-, 23346-0408, Commercial Product",The - 23346-0408 is a commercial-grade commercial product designed for professional and industrial applications.,- 23346-0408 Commercial Product,The - 23346-0408 is a commercial-grade commercial product designed for professional and industrial applications.,,,,,,,,,,,,,,,,,,,,,,,,,,- 23346-0408 Commercial Product,,,,,,,,,,,,,,,,,,,,,,,,,,,,,,,,,,,,,,,,,,,,,,,,,,,,,,,,,,,,,,,,,,,,,,,,,,,,,,,,,,,,,,,,,,,,,,,,,,,,,,,,,,,,,,,,,,,,,,,,,,,,,,,,,,,,,,,,,,,,,,,,,,,,,,,,,,,,,1,EA,,,,,,,,,,,,,,,,,,,,,,,,,,,,,,,,,,,,,US,No,Yes
,,,,,,2/2/4 UD ALUM,,,,2/2/4 UD ALUM,2/2/4 UD ALUM,2/2/4 UD Aluminum Triplex Wire (Linear Foot),SOUTHWIRE®,SOUTHWIRE®,SOUTHWIRE®,SOUTHWIRE,SOUTHWIRE,SOUTHWIRE®,SOUTHWIRE®,2/2/4 UD ALUM,,,"SOUTHWIRE®, Commercial Product, 2/2/4 UD ALUM - Commercial Grade Commercial Prod",COMMERCIAL PRODUCT ALUM,"SOUTHWIRE®, 2/2/4 UD ALUM, Commercial Product",The SOUTHWIRE® 2/2/4 UD ALUM is a commercial-grade commercial product designed for professional and industrial applications. Engineered with durable aluminum construction.,SOUTHWIRE® 2/2/4 UD ALUM Commercial Product in Aluminum,The SOUTHWIRE® 2/2/4 UD ALUM is a commercial-grade commercial product designed for professional and industrial applications. Engineered with durable aluminum construction.,Constructed with high-grade Aluminum,,,,,,,,,,,,,,,,,,,,,,,,,SOUTHWIRE® 2/2/4 UD ALUM Commercial Product in Aluminum,Material,Aluminum,,,,,,,,,,,,,,,,,,,,,,,,,,,,,,,,,,,,,,,,,,,,,,,,,,,,,,,,,,,,,,,,,,,,,,,,,,,,,,,,,,,,,,,,,,,,,,,,,,,,,,,,,,,,,,,,,,,,,,,,,,,,,,,,,,,,,,,,,,,,,,,,,,,,,,,,,,,1,EA,,,,,,,,,,,,,,,,,,,,,,,,,,,,,,,,,,,,,US,No,Yes
,,,,,,55418901,,,,55418901,55418901,6/6/6 UD Triplex Aluminum Wire,SOUTHWIRE®,SOUTHWIRE®,SOUTHWIRE®,SOUTHWIRE,SOUTHWIRE,SOUTHWIRE®,SOUTHWIRE®,55418901,,,"SOUTHWIRE®, Commercial Product, 55418901 - Commercial Grade Commercial Product",COMMERCIAL PRODUCT ALUM,"SOUTHWIRE®, 55418901, Commercial Product",The SOUTHWIRE® 55418901 is a commercial-grade commercial product designed for professional and industrial applications. Engineered with durable aluminum construction.,SOUTHWIRE® 55418901 Commercial Product in Aluminum,The SOUTHWIRE® 55418901 is a commercial-grade commercial product designed for professional and industrial applications. Engineered with durable aluminum construction.,Constructed with high-grade Aluminum,,,,,,,,,,,,,,,,,,,,,,,,,SOUTHWIRE® 55418901 Commercial Product in Aluminum,Material,Aluminum,,,,,,,,,,,,,,,,,,,,,,,,,,,,,,,,,,,,,,,,,,,,,,,,,,,,,,,,,,,,,,,,,,,,,,,,,,,,,,,,,,,,,,,,,,,,,,,,,,,,,,,,,,,,,,,,,,,,,,,,,,,,,,,,,,,,,,,,,,,,,,,,,,,,,,,,,,,1,EA,,,,,,,,,,,,,,,,,,,,,,,,,,,,,,,,,,,,,US,No,Yes
,,,,,,CG50K,,,,CG50K,CG50K,"CG50K 1/2"" Cord Grip Kit",Fenton Bros Electric Inc,Fenton Bros Electric Inc,Fenton Bros Electric Inc,Fenton Bros Electric Inc,Fenton Bros Electric Inc,Fenton Bros Electric Inc,Fenton Bros Electric Inc,CG50K,,,"Fenton Bros Electric Inc, Commercial Product, CG50K - Commercial Grade Commercia",COMMERCIAL PRODUCT,"Fenton Bros Electric Inc, CG50K, Commercial Product",The Fenton Bros Electric Inc CG50K is a commercial-grade commercial product designed for professional and industrial applications.,Fenton Bros Electric Inc CG50K Commercial Product,The Fenton Bros Electric Inc CG50K is a commercial-grade commercial product designed for professional and industrial applications.,,,,,,,,,,,,,,,,,,,,,,,,,,Fenton Bros Electric Inc CG50K Commercial Product,,,,,,,,,,,,,,,,,,,,,,,,,,,,,,,,,,,,,,,,,,,,,,,,,,,,,,,,,,,,,,,,,,,,,,,,,,,,,,,,,,,,,,,,,,,,,,,,,,,,,,,,,,,,,,,,,,,,,,,,,,,,,,,,,,,,,,,,,,,,,,,,,,,,,,,,,,,,,1,EA,,,,,,,,,,,,,,,,,,,,,,,,,,,,,,,,,,,,,US,No,Yes
,,,,,,R02-D215P-1RW,,,,R02-D215P-1RW,R02-D215P-1RW,R02D215P1RW 15A Mini Outlet Wh,LEVITON®,LEVITON®,LEVITON®,LEVITON,LEVITON,LEVITON®,LEVITON®,R02-D215P-1RW,,,"LEVITON®, Commercial Product, R02-D215P-1RW - Commercial Grade Commercial Produc",COMMERCIAL PRODUCT,"LEVITON®, R02-D215P-1RW, Commercial Product",The LEVITON® R02-D215P-1RW is a commercial-grade commercial product designed for professional and industrial applications. Key Specifications include Amperage: 15 A.,LEVITON® R02-D215P-1RW Commercial Product,The LEVITON® R02-D215P-1RW is a commercial-grade commercial product designed for professional and industrial applications. Key Specifications include Amperage: 15 A.,,,,,,,,,,,,,,,,,,,,,,,,,,LEVITON® R02-D215P-1RW Commercial Product,Amperage,15,A,,,,,,,,,,,,,,,,,,,,,,,,,,,,,,,,,,,,,,,,,,,,,,,,,,,,,,,,,,,,,,,,,,,,,,,,,,,,,,,,,,,,,,,,,,,,,,,,,,,,,,,,,,,,,,,,,,,,,,,,,,,,,,,,,,,,,,,,,,,,,,,,,,,,,,,,,,1,EA,,,,,,,,,,,,,,,,,,,,,,,,,,,,,,,,,,,,,US,No,Yes
,,,,,,PBUC013,,,,PBUC013,PBUC013,PBUC013 15A Wall Tap w/USB,Prime Wire & Cable,Prime Wire & Cable,Prime Wire & Cable,Prime Wire & Cable,Prime Wire & Cable,Prime Wire & Cable,Prime Wire & Cable,PBUC013,,,"Prime Wire & Cable, Commercial Product, PBUC013 - Commercial Grade Commercial Pr",COMMERCIAL PRODUCT,"Prime Wire & Cable, PBUC013, Commercial Product",The Prime Wire & Cable PBUC013 is a commercial-grade commercial product designed for professional and industrial applications. Key Specifications include Amperage: 15 A.,Prime Wire & Cable PBUC013 Commercial Product,The Prime Wire & Cable PBUC013 is a commercial-grade commercial product designed for professional and industrial applications. Key Specifications include Amperage: 15 A.,,,,,,,,,,,,,,,,,,,,,,,,,,Prime Wire & Cable PBUC013 Commercial Product,Amperage,15,A,,,,,,,,,,,,,,,,,,,,,,,,,,,,,,,,,,,,,,,,,,,,,,,,,,,,,,,,,,,,,,,,,,,,,,,,,,,,,,,,,,,,,,,,,,,,,,,,,,,,,,,,,,,,,,,,,,,,,,,,,,,,,,,,,,,,,,,,,,,,,,,,,,,,,,,,,,1,EA,,,,,,,,,,,,,,,,,,,,,,,,,,,,,,,,,,,,,US,No,Yes
,,,,,,R00-GFNT1-00K,,,,R00-GFNT1-00K,R00-GFNT1-00K,R00GFNT100K 15A Outlet Br,LEVITON®,LEVITON®,LEVITON®,LEVITON,LEVITON,LEVITON®,LEVITON®,R00-GFNT1-00K,,,"LEVITON®, Commercial Product, R00-GFNT1-00K - Commercial Grade Commercial Produc",COMMERCIAL PRODUCT,"LEVITON®, R00-GFNT1-00K, Commercial Product",The LEVITON® R00-GFNT1-00K is a commercial-grade commercial product designed for professional and industrial applications. Key Specifications include Amperage: 15 A.,LEVITON® R00-GFNT1-00K Commercial Product,The LEVITON® R00-GFNT1-00K is a commercial-grade commercial product designed for professional and industrial applications. Key Specifications include Amperage: 15 A.,,,,,,,,,,,,,,,,,,,,,,,,,,LEVITON® R00-GFNT1-00K Commercial Product,Amperage,15,A,,,,,,,,,,,,,,,,,,,,,,,,,,,,,,,,,,,,,,,,,,,,,,,,,,,,,,,,,,,,,,,,,,,,,,,,,,,,,,,,,,,,,,,,,,,,,,,,,,,,,,,,,,,,,,,,,,,,,,,,,,,,,,,,,,,,,,,,,,,,,,,,,,,,,,,,,,1,EA,,,,,,,,,,,,,,,,,,,,,,,,,,,,,,,,,,,,,US,No,Yes
,,,,,,R92-GFWT1-0KW,,,,R92-GFWT1-0KW,R92-GFWT1-0KW,R92GFWT10KW 15A GFCI Outlet Wh,LEVITON®,LEVITON®,LEVITON®,LEVITON,LEVITON,LEVITON®,LEVITON®,R92-GFWT1-0KW,,,"LEVITON®, Commercial Product, R92-GFWT1-0KW - Commercial Grade Commercial Produc",COMMERCIAL PRODUCT,"LEVITON®, R92-GFWT1-0KW, Commercial Product",The LEVITON® R92-GFWT1-0KW is a commercial-grade commercial product designed for professional and industrial applications. Key Specifications include Amperage: 15 A.,LEVITON® R92-GFWT1-0KW Commercial Product,The LEVITON® R92-GFWT1-0KW is a commercial-grade commercial product designed for professional and industrial applications. Key Specifications include Amperage: 15 A.,,,,,,,,,,,,,,,,,,,,,,,,,,LEVITON® R92-GFWT1-0KW Commercial Product,Amperage,15,A,,,,,,,,,,,,,,,,,,,,,,,,,,,,,,,,,,,,,,,,,,,,,,,,,,,,,,,,,,,,,,,,,,,,,,,,,,,,,,,,,,,,,,,,,,,,,,,,,,,,,,,,,,,,,,,,,,,,,,,,,,,,,,,,,,,,,,,,,,,,,,,,,,,,,,,,,,1,EA,,,,,,,,,,,,,,,,,,,,,,,,,,,,,,,,,,,,,US,No,Yes
,,,,,,R12-AGTR1-0KW,,,,R12-AGTR1-0KW,R12-AGTR1-0KW,R12AGTR10KW 15A GFCI Outler Wh,LEVITON®,LEVITON®,LEVITON®,LEVITON,LEVITON,LEVITON®,LEVITON®,R12-AGTR1-0KW,,,"LEVITON®, Commercial Product, R12-AGTR1-0KW - Commercial Grade Commercial Produc",COMMERCIAL PRODUCT,"LEVITON®, R12-AGTR1-0KW, Commercial Product",The LEVITON® R12-AGTR1-0KW is a commercial-grade commercial product designed for professional and industrial applications. Key Specifications include Amperage: 15 A.,LEVITON® R12-AGTR1-0KW Commercial Product,The LEVITON® R12-AGTR1-0KW is a commercial-grade commercial product designed for professional and industrial applications. Key Specifications include Amperage: 15 A.,,,,,,,,,,,,,,,,,,,,,,,,,,LEVITON® R12-AGTR1-0KW Commercial Product,Amperage,15,A,,,,,,,,,,,,,,,,,,,,,,,,,,,,,,,,,,,,,,,,,,,,,,,,,,,,,,,,,,,,,,,,,,,,,,,,,,,,,,,,,,,,,,,,,,,,,,,,,,,,,,,,,,,,,,,,,,,,,,,,,,,,,,,,,,,,,,,,,,,,,,,,,,,,,,,,,,1,EA,,,,,,,,,,,,,,,,,,,,,,,,,,,,,,,,,,,,,US,No,Yes
,,,,,,R62-GFTA1-0KW,,,,R62-GFTA1-0KW,R62-GFTA1-0KW,R92GFTA10KW 15A GFCI Outlet Wh,LEVITON®,LEVITON®,LEVITON®,LEVITON,LEVITON,LEVITON®,LEVITON®,R62-GFTA1-0KW,,,"LEVITON®, Commercial Product, R62-GFTA1-0KW - Commercial Grade Commercial Produc",COMMERCIAL PRODUCT,"LEVITON®, R62-GFTA1-0KW, Commercial Product",The LEVITON® R62-GFTA1-0KW is a commercial-grade commercial product designed for professional and industrial applications. Key Specifications include Amperage: 15 A.,LEVITON® R62-GFTA1-0KW Commercial Product,The LEVITON® R62-GFTA1-0KW is a commercial-grade commercial product designed for professional and industrial applications. Key Specifications include Amperage: 15 A.,,,,,,,,,,,,,,,,,,,,,,,,,,LEVITON® R62-GFTA1-0KW Commercial Product,Amperage,15,A,,,,,,,,,,,,,,,,,,,,,,,,,,,,,,,,,,,,,,,,,,,,,,,,,,,,,,,,,,,,,,,,,,,,,,,,,,,,,,,,,,,,,,,,,,,,,,,,,,,,,,,,,,,,,,,,,,,,,,,,,,,,,,,,,,,,,,,,,,,,,,,,,,,,,,,,,,1,EA,,,,,,,,,,,,,,,,,,,,,,,,,,,,,,,,,,,,,US,No,Yes
,,,,,,165-04729-00C,,,,165-04729-00C,165-04729-00C,1650472900C 15A 125V Cord Conn,LEVITON®,LEVITON®,LEVITON®,LEVITON,LEVITON,LEVITON®,LEVITON®,165-04729-00C,,,"LEVITON®, Commercial Product, 165-04729-00C, 125 V - Commercial Grade Commercial",COMMERCIAL PRODUCT 125 V,"LEVITON®, 165-04729-00C, Commercial Product, 125 V",The LEVITON® 165-04729-00C is a commercial-grade commercial product designed for professional and industrial applications. Engineered with rated for 125 V. Key Specifications include Amperage: 15 A.,LEVITON® 165-04729-00C Commercial Product,The LEVITON® 165-04729-00C is a commercial-grade commercial product designed for professional and industrial applications. Engineered with rated for 125 V. Key Specifications include Amperage: 15 A.,Operates at standard 125 V,,,,,,,,,,,,,,,,,,,,,,,,,LEVITON® 165-04729-00C Commercial Product,Voltage,125,V,Amperage,15,A,,,,,,,,,,,,,,,,,,,,,,,,,,,,,,,,,,,,,,,,,,,,,,,,,,,,,,,,,,,,,,,,,,,,,,,,,,,,,,,,,,,,,,,,,,,,,,,,,,,,,,,,,,,,,,,,,,,,,,,,,,,,,,,,,,,,,,,,,,,,,,,,,,,,,,,1,EA,,,,,,,,,,,,,,,,,,,,,,,,,,,,,,,,,,,,,US,No,Yes
,,,,,,161-04720-00C,,,,161-04720-00C,161-04720-00C,1610472000C 15A 125V Cord Conn,LEVITON®,LEVITON®,LEVITON®,LEVITON,LEVITON,LEVITON®,LEVITON®,161-04720-00C,,,"LEVITON®, Commercial Product, 161-04720-00C, 125 V - Commercial Grade Commercial",COMMERCIAL PRODUCT 125 V,"LEVITON®, 161-04720-00C, Commercial Product, 125 V",The LEVITON® 161-04720-00C is a commercial-grade commercial product designed for professional and industrial applications. Engineered with rated for 125 V. Key Specifications include Amperage: 15 A.,LEVITON® 161-04720-00C Commercial Product,The LEVITON® 161-04720-00C is a commercial-grade commercial product designed for professional and industrial applications. Engineered with rated for 125 V. Key Specifications include Amperage: 15 A.,Operates at standard 125 V,,,,,,,,,,,,,,,,,,,,,,,,,LEVITON® 161-04720-00C Commercial Product,Voltage,125,V,Amperage,15,A,,,,,,,,,,,,,,,,,,,,,,,,,,,,,,,,,,,,,,,,,,,,,,,,,,,,,,,,,,,,,,,,,,,,,,,,,,,,,,,,,,,,,,,,,,,,,,,,,,,,,,,,,,,,,,,,,,,,,,,,,,,,,,,,,,,,,,,,,,,,,,,,,,,,,,,1,EA,,,,,,,,,,,,,,,,,,,,,,,,,,,,,,,,,,,,,US,No,Yes
,,,,,,R02-GUAC1-0BW,,,,R02-GUAC1-0BW,R02-GUAC1-0BW,R02GUAC10BW 15A/USB Outlet Wh,LEVITON®,LEVITON®,LEVITON®,LEVITON,LEVITON,LEVITON®,LEVITON®,R02-GUAC1-0BW,,,"LEVITON®, Commercial Product, R02-GUAC1-0BW - Commercial Grade Commercial Produc",COMMERCIAL PRODUCT,"LEVITON®, R02-GUAC1-0BW, Commercial Product",The LEVITON® R02-GUAC1-0BW is a commercial-grade commercial product designed for professional and industrial applications. Key Specifications include Amperage: 15 A.,LEVITON® R02-GUAC1-0BW Commercial Product,The LEVITON® R02-GUAC1-0BW is a commercial-grade commercial product designed for professional and industrial applications. Key Specifications include Amperage: 15 A.,,,,,,,,,,,,,,,,,,,,,,,,,,LEVITON® R02-GUAC1-0BW Commercial Product,Amperage,15,A,,,,,,,,,,,,,,,,,,,,,,,,,,,,,,,,,,,,,,,,,,,,,,,,,,,,,,,,,,,,,,,,,,,,,,,,,,,,,,,,,,,,,,,,,,,,,,,,,,,,,,,,,,,,,,,,,,,,,,,,,,,,,,,,,,,,,,,,,,,,,,,,,,,,,,,,,,1,EA,,,,,,,,,,,,,,,,,,,,,,,,,,,,,,,,,,,,,US,No,Yes
,,,,,,R56-CBR15-00T,,,,R56-CBR15-00T,R56-CBR15-00T,R56CBR1500T 15A Outlet LA,LEVITON®,LEVITON®,LEVITON®,LEVITON,LEVITON,LEVITON®,LEVITON®,R56-CBR15-00T,,,"LEVITON®, Commercial Product, R56-CBR15-00T - Commercial Grade Commercial Produc",COMMERCIAL PRODUCT,"LEVITON®, R56-CBR15-00T, Commercial Product",The LEVITON® R56-CBR15-00T is a commercial-grade commercial product designed for professional and industrial applications. Key Specifications include Amperage: 15 A.,LEVITON® R56-CBR15-00T Commercial Product,The LEVITON® R56-CBR15-00T is a commercial-grade commercial product designed for professional and industrial applications. Key Specifications include Amperage: 15 A.,,,,,,,,,,,,,,,,,,,,,,,,,,LEVITON® R56-CBR15-00T Commercial Product,Amperage,15,A,,,,,,,,,,,,,,,,,,,,,,,,,,,,,,,,,,,,,,,,,,,,,,,,,,,,,,,,,,,,,,,,,,,,,,,,,,,,,,,,,,,,,,,,,,,,,,,,,,,,,,,,,,,,,,,,,,,,,,,,,,,,,,,,,,,,,,,,,,,,,,,,,,,,,,,,,,1,EA,,,,,,,,,,,,,,,,,,,,,,,,,,,,,,,,,,,,,US,No,Yes
,,,,,,R20-05378-P00,,,,R20-05378-P00,R20-05378-P00,R2005378P00 6-50R Welder Outet,LEVITON®,LEVITON®,LEVITON®,LEVITON,LEVITON,LEVITON®,LEVITON®,R20-05378-P00,,,"LEVITON®, Commercial Product, R20-05378-P00 - Commercial Grade Commercial Produc",COMMERCIAL PRODUCT,"LEVITON®, R20-05378-P00, Commercial Product",The LEVITON® R20-05378-P00 is a commercial-grade commercial product designed for professional and industrial applications.,LEVITON® R20-05378-P00 Commercial Product,The LEVITON® R20-05378-P00 is a commercial-grade commercial product designed for professional and industrial applications.,,,,,,,,,,,,,,,,,,,,,,,,,,LEVITON® R20-05378-P00 Commercial Product,,,,,,,,,,,,,,,,,,,,,,,,,,,,,,,,,,,,,,,,,,,,,,,,,,,,,,,,,,,,,,,,,,,,,,,,,,,,,,,,,,,,,,,,,,,,,,,,,,,,,,,,,,,,,,,,,,,,,,,,,,,,,,,,,,,,,,,,,,,,,,,,,,,,,,,,,,,,,1,EA,,,,,,,,,,,,,,,,,,,,,,,,,,,,,,,,,,,,,US,No,Yes
,,,,,,WC1V12W-SG-UPC,,,,WC1V12W-SG-UPC,WC1V12W-SG-UPC,WC1V12WSGUPC 1G Cover Wh,SOUTHWIRE®,SOUTHWIRE®,SOUTHWIRE®,SOUTHWIRE,SOUTHWIRE,SOUTHWIRE®,SOUTHWIRE®,WC1V12W-SG-UPC,,,"SOUTHWIRE®, Commercial Product, WC1V12W-SG-UPC - Commercial Grade Commercial Pro",COMMERCIAL PRODUCT,"SOUTHWIRE®, WC1V12W-SG-UPC, Commercial Product",The SOUTHWIRE® WC1V12W-SG-UPC is a commercial-grade commercial product designed for professional and industrial applications.,SOUTHWIRE® WC1V12W-SG-UPC Commercial Product,The SOUTHWIRE® WC1V12W-SG-UPC is a commercial-grade commercial product designed for professional and industrial applications.,,,,,,,,,,,,,,,,,,,,,,,,,,SOUTHWIRE® WC1V12W-SG-UPC Commercial Product,,,,,,,,,,,,,,,,,,,,,,,,,,,,,,,,,,,,,,,,,,,,,,,,,,,,,,,,,,,,,,,,,,,,,,,,,,,,,,,,,,,,,,,,,,,,,,,,,,,,,,,,,,,,,,,,,,,,,,,,,,,,,,,,,,,,,,,,,,,,,,,,,,,,,,,,,,,,,1,EA,,,,,,,,,,,,,,,,,,,,,,,,,,,,,,,,,,,,,US,No,Yes
,,,,,,R51-GSRA1-THD,,,,R51-GSRA1-THD,R51-GSRA1-THD,R5GSRA1THD 15A GFCI Plug,LEVITON®,LEVITON®,LEVITON®,LEVITON,LEVITON,LEVITON®,LEVITON®,R51-GSRA1-THD,,,"LEVITON®, Commercial Product, R51-GSRA1-THD - Commercial Grade Commercial Produc",COMMERCIAL PRODUCT,"LEVITON®, R51-GSRA1-THD, Commercial Product",The LEVITON® R51-GSRA1-THD is a commercial-grade commercial product designed for professional and industrial applications. Key Specifications include Amperage: 15 A.,LEVITON® R51-GSRA1-THD Commercial Product,The LEVITON® R51-GSRA1-THD is a commercial-grade commercial product designed for professional and industrial applications. Key Specifications include Amperage: 15 A.,,,,,,,,,,,,,,,,,,,,,,,,,,LEVITON® R51-GSRA1-THD Commercial Product,Amperage,15,A,,,,,,,,,,,,,,,,,,,,,,,,,,,,,,,,,,,,,,,,,,,,,,,,,,,,,,,,,,,,,,,,,,,,,,,,,,,,,,,,,,,,,,,,,,,,,,,,,,,,,,,,,,,,,,,,,,,,,,,,,,,,,,,,,,,,,,,,,,,,,,,,,,,,,,,,,,1,EA,,,,,,,,,,,,,,,,,,,,,,,,,,,,,,,,,,,,,US,No,Yes
,,,,,,R62-CBR15-00W,,,,R62-CBR15-00W,R62-CBR15-00W,R62CBR1500W 15A Outlet Wh,LEVITON®,LEVITON®,LEVITON®,LEVITON,LEVITON,LEVITON®,LEVITON®,R62-CBR15-00W,,,"LEVITON®, Commercial Product, R62-CBR15-00W - Commercial Grade Commercial Produc",COMMERCIAL PRODUCT,"LEVITON®, R62-CBR15-00W, Commercial Product",The LEVITON® R62-CBR15-00W is a commercial-grade commercial product designed for professional and industrial applications. Key Specifications include Amperage: 15 A.,LEVITON® R62-CBR15-00W Commercial Product,The LEVITON® R62-CBR15-00W is a commercial-grade commercial product designed for professional and industrial applications. Key Specifications include Amperage: 15 A.,,,,,,,,,,,,,,,,,,,,,,,,,,LEVITON® R62-CBR15-00W Commercial Product,Amperage,15,A,,,,,,,,,,,,,,,,,,,,,,,,,,,,,,,,,,,,,,,,,,,,,,,,,,,,,,,,,,,,,,,,,,,,,,,,,,,,,,,,,,,,,,,,,,,,,,,,,,,,,,,,,,,,,,,,,,,,,,,,,,,,,,,,,,,,,,,,,,,,,,,,,,,,,,,,,,1,EA,,,,,,,,,,,,,,,,,,,,,,,,,,,,,,,,,,,,,US,No,Yes
,,,,,,S03-05226-IS,,,,S03-05226-IS,S03-05226-IS,S0305226IS IV Switch / Pilot,LEVITON®,LEVITON®,LEVITON®,LEVITON,LEVITON,LEVITON®,LEVITON®,S03-05226-IS,,,"LEVITON®, Commercial Product, S03-05226-IS - Commercial Grade Commercial Product",COMMERCIAL PRODUCT,"LEVITON®, S03-05226-IS, Commercial Product",The LEVITON® S03-05226-IS is a commercial-grade commercial product designed for professional and industrial applications.,LEVITON® S03-05226-IS Commercial Product,The LEVITON® S03-05226-IS is a commercial-grade commercial product designed for professional and industrial applications.,,,,,,,,,,,,,,,,,,,,,,,,,,LEVITON® S03-05226-IS Commercial Product,,,,,,,,,,,,,,,,,,,,,,,,,,,,,,,,,,,,,,,,,,,,,,,,,,,,,,,,,,,,,,,,,,,,,,,,,,,,,,,,,,,,,,,,,,,,,,,,,,,,,,,,,,,,,,,,,,,,,,,,,,,,,,,,,,,,,,,,,,,,,,,,,,,,,,,,,,,,,1,EA,,,,,,,,,,,,,,,,,,,,,,,,,,,,,,,,,,,,,US,No,Yes
,,,,,,174-0CSB3-15W,,,,174-0CSB3-15W,174-0CSB3-15W,174-OCSB3-15A Toggle 3-Way Switch Wh,LEVITON®,LEVITON®,LEVITON®,LEVITON,LEVITON,LEVITON®,LEVITON®,174-0CSB3-15W,,,"LEVITON®, Commercial Product, 174-0CSB3-15W - Commercial Grade Commercial Produc",COMMERCIAL PRODUCT,"LEVITON®, 174-0CSB3-15W, Commercial Product",The LEVITON® 174-0CSB3-15W is a commercial-grade commercial product designed for professional and industrial applications. Key Specifications include Amperage: 15 A.,LEVITON® 174-0CSB3-15W Commercial Product,The LEVITON® 174-0CSB3-15W is a commercial-grade commercial product designed for professional and industrial applications. Key Specifications include Amperage: 15 A.,,,,,,,,,,,,,,,,,,,,,,,,,,LEVITON® 174-0CSB3-15W Commercial Product,Amperage,15,A,,,,,,,,,,,,,,,,,,,,,,,,,,,,,,,,,,,,,,,,,,,,,,,,,,,,,,,,,,,,,,,,,,,,,,,,,,,,,,,,,,,,,,,,,,,,,,,,,,,,,,,,,,,,,,,,,,,,,,,,,,,,,,,,,,,,,,,,,,,,,,,,,,,,,,,,,,1,EA,,,,,,,,,,,,,,,,,,,,,,,,,,,,,,,,,,,,,US,No,Yes
,,,,,,R50-0SL13-000,,,,R50-0SL13-000,R50-0SL13-000,T50-0SL13000 1G Wallplate SS - Blank,LEVITON®,LEVITON®,LEVITON®,LEVITON,LEVITON,LEVITON®,LEVITON®,R50-0SL13-000,,,"LEVITON®, Commercial Product, R50-0SL13-000 - Commercial Grade Commercial Produc",COMMERCIAL PRODUCT SST,"LEVITON®, R50-0SL13-000, Commercial Product",The LEVITON® R50-0SL13-000 is a commercial-grade commercial product designed for professional and industrial applications. Engineered with durable stainless steel construction.,LEVITON® R50-0SL13-000 Commercial Product in Stainless Steel,The LEVITON® R50-0SL13-000 is a commercial-grade commercial product designed for professional and industrial applications. Engineered with durable stainless steel construction.,Constructed with high-grade Stainless Steel,,,,,,,,,,,,,,,,,,,,,,,,,LEVITON® R50-0SL13-000 Commercial Product in Stainless Steel,Material,Stainless Steel,,,,,,,,,,,,,,,,,,,,,,,,,,,,,,,,,,,,,,,,,,,,,,,,,,,,,,,,,,,,,,,,,,,,,,,,,,,,,,,,,,,,,,,,,,,,,,,,,,,,,,,,,,,,,,,,,,,,,,,,,,,,,,,,,,,,,,,,,,,,,,,,,,,,,,,,,,,1,EA,,,,,,,,,,,,,,,,,,,,,,,,,,,,,,,,,,,,,US,No,Yes
,,,,,,R52-0PJ13-00W,,,,R52-0PJ13-00W,R52-0PJ13-00W,R520PJ1300W 1G Wallplate Wh - Blank,LEVITON®,LEVITON®,LEVITON®,LEVITON,LEVITON,LEVITON®,LEVITON®,R52-0PJ13-00W,,,"LEVITON®, Commercial Product, R52-0PJ13-00W - Commercial Grade Commercial Produc",COMMERCIAL PRODUCT,"LEVITON®, R52-0PJ13-00W, Commercial Product",The LEVITON® R52-0PJ13-00W is a commercial-grade commercial product designed for professional and industrial applications.,LEVITON® R52-0PJ13-00W Commercial Product,The LEVITON® R52-0PJ13-00W is a commercial-grade commercial product designed for professional and industrial applications.,,,,,,,,,,,,,,,,,,,,,,,,,,LEVITON® R52-0PJ13-00W Commercial Product,,,,,,,,,,,,,,,,,,,,,,,,,,,,,,,,,,,,,,,,,,,,,,,,,,,,,,,,,,,,,,,,,,,,,,,,,,,,,,,,,,,,,,,,,,,,,,,,,,,,,,,,,,,,,,,,,,,,,,,,,,,,,,,,,,,,,,,,,,,,,,,,,,,,,,,,,,,,,1,EA,,,,,,,,,,,,,,,,,,,,,,,,,,,,,,,,,,,,,US,No,Yes
,,,,,,XOU2470BCGS,,,,XOU2470BCGS,XOU2470BCGS,XOU2470BCGS Tall Beverage Center SS,Appliance Dealers Cooperative,Appliance Dealers Cooperative,Appliance Dealers Cooperative,Appliance Dealers Cooperative,Appliance Dealers Cooperative,Appliance Dealers Cooperative,Appliance Dealers Cooperative,XOU2470BCGS,,,"Appliance Dealers Cooperative, Commercial Product, XOU2470BCGS",COMMERCIAL PRODUCT SST,"Appliance Dealers Cooperative, XOU2470BCGS, Commercial Product",The Appliance Dealers Cooperative XOU2470BCGS is a commercial-grade commercial product designed for professional and industrial applications. Engineered with durable stainless steel construction.,Appliance Dealers Cooperative XOU2470BCGS Commercial Product in Stainless Steel,The Appliance Dealers Cooperative XOU2470BCGS is a commercial-grade commercial product designed for professional and industrial applications. Engineered with durable stainless steel construction.,Constructed with high-grade Stainless Steel,,,,,,,,,,,,,,,,,,,,,,,,,Appliance Dealers Cooperative XOU2470BCGS Commercial Product in Stainless Steel,Material,Stainless Steel,,,,,,,,,,,,,,,,,,,,,,,,,,,,,,,,,,,,,,,,,,,,,,,,,,,,,,,,,,,,,,,,,,,,,,,,,,,,,,,,,,,,,,,,,,,,,,,,,,,,,,,,,,,,,,,,,,,,,,,,,,,,,,,,,,,,,,,,,,,,,,,,,,,,,,,,,,,1,EA,,,,,,,,,,,,,,,,,,,,,,,,,,,,,,,,,,,,,US,No,Yes
,,,,,,XOU24BCGSR,,,,XOU24BCGSR,XOU24BCGSR,XOU24BCGSR Beverage Center SS,Appliance Dealers Cooperative,Appliance Dealers Cooperative,Appliance Dealers Cooperative,Appliance Dealers Cooperative,Appliance Dealers Cooperative,Appliance Dealers Cooperative,Appliance Dealers Cooperative,XOU24BCGSR,,,"Appliance Dealers Cooperative, Commercial Product, XOU24BCGSR",COMMERCIAL PRODUCT SST,"Appliance Dealers Cooperative, XOU24BCGSR, Commercial Product",The Appliance Dealers Cooperative XOU24BCGSR is a commercial-grade commercial product designed for professional and industrial applications. Engineered with durable stainless steel construction.,Appliance Dealers Cooperative XOU24BCGSR Commercial Product in Stainless Steel,The Appliance Dealers Cooperative XOU24BCGSR is a commercial-grade commercial product designed for professional and industrial applications. Engineered with durable stainless steel construction.,Constructed with high-grade Stainless Steel,,,,,,,,,,,,,,,,,,,,,,,,,Appliance Dealers Cooperative XOU24BCGSR Commercial Product in Stainless Steel,Material,Stainless Steel,,,,,,,,,,,,,,,,,,,,,,,,,,,,,,,,,,,,,,,,,,,,,,,,,,,,,,,,,,,,,,,,,,,,,,,,,,,,,,,,,,,,,,,,,,,,,,,,,,,,,,,,,,,,,,,,,,,,,,,,,,,,,,,,,,,,,,,,,,,,,,,,,,,,,,,,,,,1,EA,,,,,,,,,,,,,,,,,,,,,,,,,,,,,,,,,,,,,US,No,Yes
,,,,,,XOU24WDZGBR,,,,XOU24WDZGBR,XOU24WDZGBR,XOU24WDZGBR Beverage Center Bk,Appliance Dealers Cooperative,Appliance Dealers Cooperative,Appliance Dealers Cooperative,Appliance Dealers Cooperative,Appliance Dealers Cooperative,Appliance Dealers Cooperative,Appliance Dealers Cooperative,XOU24WDZGBR,,,"Appliance Dealers Cooperative, Commercial Product, XOU24WDZGBR",COMMERCIAL PRODUCT,"Appliance Dealers Cooperative, XOU24WDZGBR, Commercial Product",The Appliance Dealers Cooperative XOU24WDZGBR is a commercial-grade commercial product designed for professional and industrial applications.,Appliance Dealers Cooperative XOU24WDZGBR Commercial Product,The Appliance Dealers Cooperative XOU24WDZGBR is a commercial-grade commercial product designed for professional and industrial applications.,,,,,,,,,,,,,,,,,,,,,,,,,,Appliance Dealers Cooperative XOU24WDZGBR Commercial Product,,,,,,,,,,,,,,,,,,,,,,,,,,,,,,,,,,,,,,,,,,,,,,,,,,,,,,,,,,,,,,,,,,,,,,,,,,,,,,,,,,,,,,,,,,,,,,,,,,,,,,,,,,,,,,,,,,,,,,,,,,,,,,,,,,,,,,,,,,,,,,,,,,,,,,,,,,,,,1,EA,,,,,,,,,,,,,,,,,,,,,,,,,,,,,,,,,,,,,US,No,Yes
,,,,,,C7CDAAS3PD3,,,,C7CDAAS3PD3,C7CDAAS3PD3,C7CDAAS3PD3 Café Drip Coffee Maker MB,Appliance Dealers Cooperative,Appliance Dealers Cooperative,Appliance Dealers Cooperative,Appliance Dealers Cooperative,Appliance Dealers Cooperative,Appliance Dealers Cooperative,Appliance Dealers Cooperative,C7CDAAS3PD3,,,"Appliance Dealers Cooperative, Commercial Product, C7CDAAS3PD3",COMMERCIAL PRODUCT,"Appliance Dealers Cooperative, C7CDAAS3PD3, Commercial Product",The Appliance Dealers Cooperative C7CDAAS3PD3 is a commercial-grade commercial product designed for professional and industrial applications. Engineered with matte black finish. Key Specifications include Finish: Matte Black.,Appliance Dealers Cooperative C7CDAAS3PD3 Commercial Product in Matte Black,The Appliance Dealers Cooperative C7CDAAS3PD3 is a commercial-grade commercial product designed for professional and industrial applications. Engineered with matte black finish. Key Specifications include Finish: Matte Black.,,,,,,,,,,,,,,,,,,,,,,,,,,Appliance Dealers Cooperative C7CDAAS3PD3 Commercial Product in Matte Black,Finish,Matte Black,,,,,,,,,,,,,,,,,,,,,,,,,,,,,,,,,,,,,,,,,,,,,,,,,,,,,,,,,,,,,,,,,,,,,,,,,,,,,,,,,,,,,,,,,,,,,,,,,,,,,,,,,,,,,,,,,,,,,,,,,,,,,,,,,,,,,,,,,,,,,,,,,,,,,,,,,,,1,EA,,,,,,,,,,,,,,,,,,,,,,,,,,,,,,,,,,,,,US,No,Yes
,,,,,,C7CDAAS4PW3,,,,C7CDAAS4PW3,C7CDAAS4PW3,C7CDAAS4PW3 Café Drip Coffee Maker MW,Appliance Dealers Cooperative,Appliance Dealers Cooperative,Appliance Dealers Cooperative,Appliance Dealers Cooperative,Appliance Dealers Cooperative,Appliance Dealers Cooperative,Appliance Dealers Cooperative,C7CDAAS4PW3,,,"Appliance Dealers Cooperative, Commercial Product, C7CDAAS4PW3",COMMERCIAL PRODUCT,"Appliance Dealers Cooperative, C7CDAAS4PW3, Commercial Product",The Appliance Dealers Cooperative C7CDAAS4PW3 is a commercial-grade commercial product designed for professional and industrial applications.,Appliance Dealers Cooperative C7CDAAS4PW3 Commercial Product,The Appliance Dealers Cooperative C7CDAAS4PW3 is a commercial-grade commercial product designed for professional and industrial applications.,,,,,,,,,,,,,,,,,,,,,,,,,,Appliance Dealers Cooperative C7CDAAS4PW3 Commercial Product,,,,,,,,,,,,,,,,,,,,,,,,,,,,,,,,,,,,,,,,,,,,,,,,,,,,,,,,,,,,,,,,,,,,,,,,,,,,,,,,,,,,,,,,,,,,,,,,,,,,,,,,,,,,,,,,,,,,,,,,,,,,,,,,,,,,,,,,,,,,,,,,,,,,,,,,,,,,,1,EA,,,,,,,,,,,,,,,,,,,,,,,,,,,,,,,,,,,,,US,No,Yes
,,,,,,C7CDABS2RS3,,,,C7CDABS2RS3,C7CDABS2RS3,C7CDABS2RS3 Cafe Coffee Maker,Appliance Dealers Cooperative,Appliance Dealers Cooperative,Appliance Dealers Cooperative,Appliance Dealers Cooperative,Appliance Dealers Cooperative,Appliance Dealers Cooperative,Appliance Dealers Cooperative,C7CDABS2RS3,,,"Appliance Dealers Cooperative, Commercial Product, C7CDABS2RS3",COMMERCIAL PRODUCT,"Appliance Dealers Cooperative, C7CDABS2RS3, Commercial Product",The Appliance Dealers Cooperative C7CDABS2RS3 is a commercial-grade commercial product designed for professional and industrial applications.,Appliance Dealers Cooperative C7CDABS2RS3 Commercial Product,The Appliance Dealers Cooperative C7CDABS2RS3 is a commercial-grade commercial product designed for professional and industrial applications.,,,,,,,,,,,,,,,,,,,,,,,,,,Appliance Dealers Cooperative C7CDABS2RS3 Commercial Product,,,,,,,,,,,,,,,,,,,,,,,,,,,,,,,,,,,,,,,,,,,,,,,,,,,,,,,,,,,,,,,,,,,,,,,,,,,,,,,,,,,,,,,,,,,,,,,,,,,,,,,,,,,,,,,,,,,,,,,,,,,,,,,,,,,,,,,,,,,,,,,,,,,,,,,,,,,,,1,EA,,,,,,,,,,,,,,,,,,,,,,,,,,,,,,,,,,,,,US,No,Yes
,,,,,,C7CDABS3RD3,,,,C7CDABS3RD3,C7CDABS3RD3,C7CDABS3RD3 Café Coffee Maker MB,Appliance Dealers Cooperative,Appliance Dealers Cooperative,Appliance Dealers Cooperative,Appliance Dealers Cooperative,Appliance Dealers Cooperative,Appliance Dealers Cooperative,Appliance Dealers Cooperative,C7CDABS3RD3,,,"Appliance Dealers Cooperative, Commercial Product, C7CDABS3RD3",COMMERCIAL PRODUCT,"Appliance Dealers Cooperative, C7CDABS3RD3, Commercial Product",The Appliance Dealers Cooperative C7CDABS3RD3 is a commercial-grade commercial product designed for professional and industrial applications. Engineered with matte black finish. Key Specifications include Finish: Matte Black.,Appliance Dealers Cooperative C7CDABS3RD3 Commercial Product in Matte Black,The Appliance Dealers Cooperative C7CDABS3RD3 is a commercial-grade commercial product designed for professional and industrial applications. Engineered with matte black finish. Key Specifications include Finish: Matte Black.,,,,,,,,,,,,,,,,,,,,,,,,,,Appliance Dealers Cooperative C7CDABS3RD3 Commercial Product in Matte Black,Finish,Matte Black,,,,,,,,,,,,,,,,,,,,,,,,,,,,,,,,,,,,,,,,,,,,,,,,,,,,,,,,,,,,,,,,,,,,,,,,,,,,,,,,,,,,,,,,,,,,,,,,,,,,,,,,,,,,,,,,,,,,,,,,,,,,,,,,,,,,,,,,,,,,,,,,,,,,,,,,,,,1,EA,,,,,,,,,,,,,,,,,,,,,,,,,,,,,,,,,,,,,US,No,Yes
,,,,,,C7CDABS4RW3,,,,C7CDABS4RW3,C7CDABS4RW3,C7CDABS4RW3 Café Coffee Maker MW,Appliance Dealers Cooperative,Appliance Dealers Cooperative,Appliance Dealers Cooperative,Appliance Dealers Cooperative,Appliance Dealers Cooperative,Appliance Dealers Cooperative,Appliance Dealers Cooperative,C7CDABS4RW3,,,"Appliance Dealers Cooperative, Commercial Product, C7CDABS4RW3",COMMERCIAL PRODUCT,"Appliance Dealers Cooperative, C7CDABS4RW3, Commercial Product",The Appliance Dealers Cooperative C7CDABS4RW3 is a commercial-grade commercial product designed for professional and industrial applications.,Appliance Dealers Cooperative C7CDABS4RW3 Commercial Product,The Appliance Dealers Cooperative C7CDABS4RW3 is a commercial-grade commercial product designed for professional and industrial applications.,,,,,,,,,,,,,,,,,,,,,,,,,,Appliance Dealers Cooperative C7CDABS4RW3 Commercial Product,,,,,,,,,,,,,,,,,,,,,,,,,,,,,,,,,,,,,,,,,,,,,,,,,,,,,,,,,,,,,,,,,,,,,,,,,,,,,,,,,,,,,,,,,,,,,,,,,,,,,,,,,,,,,,,,,,,,,,,,,,,,,,,,,,,,,,,,,,,,,,,,,,,,,,,,,,,,,1,EA,,,,,,,,,,,,,,,,,,,,,,,,,,,,,,,,,,,,,US,No,Yes
,,,,,,C7CEBBS2RS3,,,,C7CEBBS2RS3,C7CEBBS2RS3,C7CEBBS2RS3 Cafe Auto Espresso Machine SS,Appliance Dealers Cooperative,Appliance Dealers Cooperative,Appliance Dealers Cooperative,Appliance Dealers Cooperative,Appliance Dealers Cooperative,Appliance Dealers Cooperative,Appliance Dealers Cooperative,C7CEBBS2RS3,,,"Appliance Dealers Cooperative, Commercial Product, C7CEBBS2RS3",COMMERCIAL PRODUCT SST,"Appliance Dealers Cooperative, C7CEBBS2RS3, Commercial Product",The Appliance Dealers Cooperative C7CEBBS2RS3 is a commercial-grade commercial product designed for professional and industrial applications. Engineered with durable stainless steel construction.,Appliance Dealers Cooperative C7CEBBS2RS3 Commercial Product in Stainless Steel,The Appliance Dealers Cooperative C7CEBBS2RS3 is a commercial-grade commercial product designed for professional and industrial applications. Engineered with durable stainless steel construction.,Constructed with high-grade Stainless Steel,,,,,,,,,,,,,,,,,,,,,,,,,Appliance Dealers Cooperative C7CEBBS2RS3 Commercial Product in Stainless Steel,Material,Stainless Steel,,,,,,,,,,,,,,,,,,,,,,,,,,,,,,,,,,,,,,,,,,,,,,,,,,,,,,,,,,,,,,,,,,,,,,,,,,,,,,,,,,,,,,,,,,,,,,,,,,,,,,,,,,,,,,,,,,,,,,,,,,,,,,,,,,,,,,,,,,,,,,,,,,,,,,,,,,,1,EA,,,,,,,,,,,,,,,,,,,,,,,,,,,,,,,,,,,,,US,No,Yes
,,,,,,C7CEBBS4RW3,,,,C7CEBBS4RW3,C7CEBBS4RW3,C7CEBBS4RW3 Café Auto Espresso Machine Wh,Appliance Dealers Cooperative,Appliance Dealers Cooperative,Appliance Dealers Cooperative,Appliance Dealers Cooperative,Appliance Dealers Cooperative,Appliance Dealers Cooperative,Appliance Dealers Cooperative,C7CEBBS4RW3,,,"Appliance Dealers Cooperative, Commercial Product, C7CEBBS4RW3",COMMERCIAL PRODUCT,"Appliance Dealers Cooperative, C7CEBBS4RW3, Commercial Product",The Appliance Dealers Cooperative C7CEBBS4RW3 is a commercial-grade commercial product designed for professional and industrial applications.,Appliance Dealers Cooperative C7CEBBS4RW3 Commercial Product,The Appliance Dealers Cooperative C7CEBBS4RW3 is a commercial-grade commercial product designed for professional and industrial applications.,,,,,,,,,,,,,,,,,,,,,,,,,,Appliance Dealers Cooperative C7CEBBS4RW3 Commercial Product,,,,,,,,,,,,,,,,,,,,,,,,,,,,,,,,,,,,,,,,,,,,,,,,,,,,,,,,,,,,,,,,,,,,,,,,,,,,,,,,,,,,,,,,,,,,,,,,,,,,,,,,,,,,,,,,,,,,,,,,,,,,,,,,,,,,,,,,,,,,,,,,,,,,,,,,,,,,,1,EA,,,,,,,,,,,,,,,,,,,,,,,,,,,,,,,,,,,,,US,No,Yes
,,,,,,C7CESAS2RS3,,,,C7CESAS2RS3,C7CESAS2RS3,C7CESAS2RS3 Café Espresso SS,Appliance Dealers Cooperative,Appliance Dealers Cooperative,Appliance Dealers Cooperative,Appliance Dealers Cooperative,Appliance Dealers Cooperative,Appliance Dealers Cooperative,Appliance Dealers Cooperative,C7CESAS2RS3,,,"Appliance Dealers Cooperative, Commercial Product, C7CESAS2RS3",COMMERCIAL PRODUCT SST,"Appliance Dealers Cooperative, C7CESAS2RS3, Commercial Product",The Appliance Dealers Cooperative C7CESAS2RS3 is a commercial-grade commercial product designed for professional and industrial applications. Engineered with durable stainless steel construction.,Appliance Dealers Cooperative C7CESAS2RS3 Commercial Product in Stainless Steel,The Appliance Dealers Cooperative C7CESAS2RS3 is a commercial-grade commercial product designed for professional and industrial applications. Engineered with durable stainless steel construction.,Constructed with high-grade Stainless Steel,,,,,,,,,,,,,,,,,,,,,,,,,Appliance Dealers Cooperative C7CESAS2RS3 Commercial Product in Stainless Steel,Material,Stainless Steel,,,,,,,,,,,,,,,,,,,,,,,,,,,,,,,,,,,,,,,,,,,,,,,,,,,,,,,,,,,,,,,,,,,,,,,,,,,,,,,,,,,,,,,,,,,,,,,,,,,,,,,,,,,,,,,,,,,,,,,,,,,,,,,,,,,,,,,,,,,,,,,,,,,,,,,,,,,1,EA,,,,,,,,,,,,,,,,,,,,,,,,,,,,,,,,,,,,,US,No,Yes
,,,,,,C7CESAS3RD3,,,,C7CESAS3RD3,C7CESAS3RD3,C7CESAS3RD3 Café Espresso Machine MB,Appliance Dealers Cooperative,Appliance Dealers Cooperative,Appliance Dealers Cooperative,Appliance Dealers Cooperative,Appliance Dealers Cooperative,Appliance Dealers Cooperative,Appliance Dealers Cooperative,C7CESAS3RD3,,,"Appliance Dealers Cooperative, Commercial Product, C7CESAS3RD3",COMMERCIAL PRODUCT,"Appliance Dealers Cooperative, C7CESAS3RD3, Commercial Product",The Appliance Dealers Cooperative C7CESAS3RD3 is a commercial-grade commercial product designed for professional and industrial applications. Engineered with matte black finish. Key Specifications include Finish: Matte Black.,Appliance Dealers Cooperative C7CESAS3RD3 Commercial Product in Matte Black,The Appliance Dealers Cooperative C7CESAS3RD3 is a commercial-grade commercial product designed for professional and industrial applications. Engineered with matte black finish. Key Specifications include Finish: Matte Black.,,,,,,,,,,,,,,,,,,,,,,,,,,Appliance Dealers Cooperative C7CESAS3RD3 Commercial Product in Matte Black,Finish,Matte Black,,,,,,,,,,,,,,,,,,,,,,,,,,,,,,,,,,,,,,,,,,,,,,,,,,,,,,,,,,,,,,,,,,,,,,,,,,,,,,,,,,,,,,,,,,,,,,,,,,,,,,,,,,,,,,,,,,,,,,,,,,,,,,,,,,,,,,,,,,,,,,,,,,,,,,,,,,,1,EA,,,,,,,,,,,,,,,,,,,,,,,,,,,,,,,,,,,,,US,No,Yes
,,,,,,C7CESAS4RW3,,,,C7CESAS4RW3,C7CESAS4RW3,C7CESAS4RW3 Cafe Espresso Wh,Appliance Dealers Cooperative,Appliance Dealers Cooperative,Appliance Dealers Cooperative,Appliance Dealers Cooperative,Appliance Dealers Cooperative,Appliance Dealers Cooperative,Appliance Dealers Cooperative,C7CESAS4RW3,,,"Appliance Dealers Cooperative, Commercial Product, C7CESAS4RW3",COMMERCIAL PRODUCT,"Appliance Dealers Cooperative, C7CESAS4RW3, Commercial Product",The Appliance Dealers Cooperative C7CESAS4RW3 is a commercial-grade commercial product designed for professional and industrial applications.,Appliance Dealers Cooperative C7CESAS4RW3 Commercial Product,The Appliance Dealers Cooperative C7CESAS4RW3 is a commercial-grade commercial product designed for professional and industrial applications.,,,,,,,,,,,,,,,,,,,,,,,,,,Appliance Dealers Cooperative C7CESAS4RW3 Commercial Product,,,,,,,,,,,,,,,,,,,,,,,,,,,,,,,,,,,,,,,,,,,,,,,,,,,,,,,,,,,,,,,,,,,,,,,,,,,,,,,,,,,,,,,,,,,,,,,,,,,,,,,,,,,,,,,,,,,,,,,,,,,,,,,,,,,,,,,,,,,,,,,,,,,,,,,,,,,,,1,EA,,,,,,,,,,,,,,,,,,,,,,,,,,,,,,,,,,,,,US,No,Yes
,,,,,,WOSP30100SS,,,,WOSP30100SS,WOSP30100SS,WOSP30100SS Beko Wall Oven SS,Appliance Dealers Cooperative,Appliance Dealers Cooperative,Appliance Dealers Cooperative,Appliance Dealers Cooperative,Appliance Dealers Cooperative,Appliance Dealers Cooperative,Appliance Dealers Cooperative,WOSP30100SS,,,"Appliance Dealers Cooperative, Range, WOSP30100SS - Commercial Grade Range",RANGE SST,"Appliance Dealers Cooperative, WOSP30100SS, Range",The Appliance Dealers Cooperative WOSP30100SS is a commercial-grade range designed for professional and industrial applications. Engineered with durable stainless steel construction.,Appliance Dealers Cooperative WOSP30100SS Range in Stainless Steel,The Appliance Dealers Cooperative WOSP30100SS is a commercial-grade range designed for professional and industrial applications. Engineered with durable stainless steel construction.,Constructed with high-grade Stainless Steel,,,,,,,,,,,,,,,,,,,,,,,,,Appliance Dealers Cooperative WOSP30100SS Range in Stainless Steel,Material,Stainless Steel,,Item Type,Range,,,,,,,,,,,,,,,,,,,,,,,,,,,,,,,,,,,,,,,,,,,,,,,,,,,,,,,,,,,,,,,,,,,,,,,,,,,,,,,,,,,,,,,,,,,,,,,,,,,,,,,,,,,,,,,,,,,,,,,,,,,,,,,,,,,,,,,,,,,,,,,,,,,,,,,,1,EA,,,,,,,,,,,,,,,,,,,,,,,,,,,,,,,,,,,,,US,No,Yes
,,,,,,MSER2090S,,,,MSER2090S,MSER2090S,MSER2090S LG Microwave SS,Appliance Dealers Cooperative,Appliance Dealers Cooperative,Appliance Dealers Cooperative,Appliance Dealers Cooperative,Appliance Dealers Cooperative,Appliance Dealers Cooperative,Appliance Dealers Cooperative,MSER2090S,,,"Appliance Dealers Cooperative, Commercial Product, MSER2090S",COMMERCIAL PRODUCT SST,"Appliance Dealers Cooperative, MSER2090S, Commercial Product",The Appliance Dealers Cooperative MSER2090S is a commercial-grade commercial product designed for professional and industrial applications. Engineered with durable stainless steel construction.,Appliance Dealers Cooperative MSER2090S Commercial Product in Stainless Steel,The Appliance Dealers Cooperative MSER2090S is a commercial-grade commercial product designed for professional and industrial applications. Engineered with durable stainless steel construction.,Constructed with high-grade Stainless Steel,,,,,,,,,,,,,,,,,,,,,,,,,Appliance Dealers Cooperative MSER2090S Commercial Product in Stainless Steel,Material,Stainless Steel,,,,,,,,,,,,,,,,,,,,,,,,,,,,,,,,,,,,,,,,,,,,,,,,,,,,,,,,,,,,,,,,,,,,,,,,,,,,,,,,,,,,,,,,,,,,,,,,,,,,,,,,,,,,,,,,,,,,,,,,,,,,,,,,,,,,,,,,,,,,,,,,,,,,,,,,,,,1,EA,,,,,,,,,,,,,,,,,,,,,,,,,,,,,,,,,,,,,US,No,Yes
,,,,,,GCST16S1WSS,,,,GCST16S1WSS,GCST16S1WSS,GCST16S1WSS GE Microwave SS,Appliance Dealers Cooperative,Appliance Dealers Cooperative,Appliance Dealers Cooperative,Appliance Dealers Cooperative,Appliance Dealers Cooperative,Appliance Dealers Cooperative,Appliance Dealers Cooperative,GCST16S1WSS,,,"Appliance Dealers Cooperative, Commercial Product, GCST16S1WSS",COMMERCIAL PRODUCT SST,"Appliance Dealers Cooperative, GCST16S1WSS, Commercial Product",The Appliance Dealers Cooperative GCST16S1WSS is a commercial-grade commercial product designed for professional and industrial applications. Engineered with durable stainless steel construction.,Appliance Dealers Cooperative GCST16S1WSS Commercial Product in Stainless Steel,The Appliance Dealers Cooperative GCST16S1WSS is a commercial-grade commercial product designed for professional and industrial applications. Engineered with durable stainless steel construction.,Constructed with high-grade Stainless Steel,,,,,,,,,,,,,,,,,,,,,,,,,Appliance Dealers Cooperative GCST16S1WSS Commercial Product in Stainless Steel,Material,Stainless Steel,,,,,,,,,,,,,,,,,,,,,,,,,,,,,,,,,,,,,,,,,,,,,,,,,,,,,,,,,,,,,,,,,,,,,,,,,,,,,,,,,,,,,,,,,,,,,,,,,,,,,,,,,,,,,,,,,,,,,,,,,,,,,,,,,,,,,,,,,,,,,,,,,,,,,,,,,,,1,EA,,,,,,,,,,,,,,,,,,,,,,,,,,,,,,,,,,,,,US,No,Yes
,,,,,,PCWK15C1WSS,,,,PCWK15C1WSS,PCWK15C1WSS,PCWK15C1WSS GE Microwave,Appliance Dealers Cooperative,Appliance Dealers Cooperative,Appliance Dealers Cooperative,Appliance Dealers Cooperative,Appliance Dealers Cooperative,Appliance Dealers Cooperative,Appliance Dealers Cooperative,PCWK15C1WSS,,,"Appliance Dealers Cooperative, Commercial Product, PCWK15C1WSS",COMMERCIAL PRODUCT,"Appliance Dealers Cooperative, PCWK15C1WSS, Commercial Product",The Appliance Dealers Cooperative PCWK15C1WSS is a commercial-grade commercial product designed for professional and industrial applications.,Appliance Dealers Cooperative PCWK15C1WSS Commercial Product,The Appliance Dealers Cooperative PCWK15C1WSS is a commercial-grade commercial product designed for professional and industrial applications.,,,,,,,,,,,,,,,,,,,,,,,,,,Appliance Dealers Cooperative PCWK15C1WSS Commercial Product,,,,,,,,,,,,,,,,,,,,,,,,,,,,,,,,,,,,,,,,,,,,,,,,,,,,,,,,,,,,,,,,,,,,,,,,,,,,,,,,,,,,,,,,,,,,,,,,,,,,,,,,,,,,,,,,,,,,,,,,,,,,,,,,,,,,,,,,,,,,,,,,,,,,,,,,,,,,,1,EA,,,,,,,,,,,,,,,,,,,,,,,,,,,,,,,,,,,,,US,No,Yes
,,,,,,SMC2266KS,,,,SMC2266KS,SMC2266KS,SMC2266KS Microwave SS Display Only,Appliance Dealers Cooperative,Appliance Dealers Cooperative,Appliance Dealers Cooperative,Appliance Dealers Cooperative,Appliance Dealers Cooperative,Appliance Dealers Cooperative,Appliance Dealers Cooperative,SMC2266KS,,,"Appliance Dealers Cooperative, Commercial Product, SMC2266KS",COMMERCIAL PRODUCT SST,"Appliance Dealers Cooperative, SMC2266KS, Commercial Product",The Appliance Dealers Cooperative SMC2266KS is a commercial-grade commercial product designed for professional and industrial applications. Engineered with durable stainless steel construction.,Appliance Dealers Cooperative SMC2266KS Commercial Product in Stainless Steel,The Appliance Dealers Cooperative SMC2266KS is a commercial-grade commercial product designed for professional and industrial applications. Engineered with durable stainless steel construction.,Constructed with high-grade Stainless Steel,,,,,,,,,,,,,,,,,,,,,,,,,Appliance Dealers Cooperative SMC2266KS Commercial Product in Stainless Steel,Material,Stainless Steel,,,,,,,,,,,,,,,,,,,,,,,,,,,,,,,,,,,,,,,,,,,,,,,,,,,,,,,,,,,,,,,,,,,,,,,,,,,,,,,,,,,,,,,,,,,,,,,,,,,,,,,,,,,,,,,,,,,,,,,,,,,,,,,,,,,,,,,,,,,,,,,,,,,,,,,,,,,1,EA,,,,,,,,,,,,,,,,,,,,,,,,,,,,,,,,,,,,,US,No,Yes
,,,,,,SMD2479JS,,,,SMD2479JS,SMD2479JS,SMD2479JS Microwave Drawer SS Display Only,Appliance Dealers Cooperative,Appliance Dealers Cooperative,Appliance Dealers Cooperative,Appliance Dealers Cooperative,Appliance Dealers Cooperative,Appliance Dealers Cooperative,Appliance Dealers Cooperative,SMD2479JS,,,"Appliance Dealers Cooperative, Commercial Product, SMD2479JS",COMMERCIAL PRODUCT SST,"Appliance Dealers Cooperative, SMD2479JS, Commercial Product",The Appliance Dealers Cooperative SMD2479JS is a commercial-grade commercial product designed for professional and industrial applications. Engineered with durable stainless steel construction.,Appliance Dealers Cooperative SMD2479JS Commercial Product in Stainless Steel,The Appliance Dealers Cooperative SMD2479JS is a commercial-grade commercial product designed for professional and industrial applications. Engineered with durable stainless steel construction.,Constructed with high-grade Stainless Steel,,,,,,,,,,,,,,,,,,,,,,,,,Appliance Dealers Cooperative SMD2479JS Commercial Product in Stainless Steel,Material,Stainless Steel,,,,,,,,,,,,,,,,,,,,,,,,,,,,,,,,,,,,,,,,,,,,,,,,,,,,,,,,,,,,,,,,,,,,,,,,,,,,,,,,,,,,,,,,,,,,,,,,,,,,,,,,,,,,,,,,,,,,,,,,,,,,,,,,,,,,,,,,,,,,,,,,,,,,,,,,,,,1,EA,,,,,,,,,,,,,,,,,,,,,,,,,,,,,,,,,,,,,US,No,Yes
,,,,,,PEP9030DTBB,,,,PEP9030DTBB,PEP9030DTBB,"PEP9030DTBB 30"" GE Cooktop Bk",Appliance Dealers Cooperative,Appliance Dealers Cooperative,Appliance Dealers Cooperative,Appliance Dealers Cooperative,Appliance Dealers Cooperative,Appliance Dealers Cooperative,Appliance Dealers Cooperative,PEP9030DTBB,,,"Appliance Dealers Cooperative, Commercial Product, PEP9030DTBB",COMMERCIAL PRODUCT,"Appliance Dealers Cooperative, PEP9030DTBB, Commercial Product",The Appliance Dealers Cooperative PEP9030DTBB is a commercial-grade commercial product designed for professional and industrial applications.,Appliance Dealers Cooperative PEP9030DTBB Commercial Product,The Appliance Dealers Cooperative PEP9030DTBB is a commercial-grade commercial product designed for professional and industrial applications.,,,,,,,,,,,,,,,,,,,,,,,,,,Appliance Dealers Cooperative PEP9030DTBB Commercial Product,,,,,,,,,,,,,,,,,,,,,,,,,,,,,,,,,,,,,,,,,,,,,,,,,,,,,,,,,,,,,,,,,,,,,,,,,,,,,,,,,,,,,,,,,,,,,,,,,,,,,,,,,,,,,,,,,,,,,,,,,,,,,,,,,,,,,,,,,,,,,,,,,,,,,,,,,,,,,1,EA,,,,,,,,,,,,,,,,,,,,,,,,,,,,,,,,,,,,,US,No,Yes
,,,,,,CES700P3MD1,,,,CES700P3MD1,CES700P3MD1,"CES700P3MD1 Cafe 30"" Range Bk - Display",Appliance Dealers Cooperative,Appliance Dealers Cooperative,Appliance Dealers Cooperative,Appliance Dealers Cooperative,Appliance Dealers Cooperative,Appliance Dealers Cooperative,Appliance Dealers Cooperative,CES700P3MD1,,,"Appliance Dealers Cooperative, Range, CES700P3MD1 - Commercial Grade Range",RANGE,"Appliance Dealers Cooperative, CES700P3MD1, Range",The Appliance Dealers Cooperative CES700P3MD1 is a commercial-grade range designed for professional and industrial applications.,Appliance Dealers Cooperative CES700P3MD1 Range,The Appliance Dealers Cooperative CES700P3MD1 is a commercial-grade range designed for professional and industrial applications.,,,,,,,,,,,,,,,,,,,,,,,,,,Appliance Dealers Cooperative CES700P3MD1 Range,Item Type,Range,,,,,,,,,,,,,,,,,,,,,,,,,,,,,,,,,,,,,,,,,,,,,,,,,,,,,,,,,,,,,,,,,,,,,,,,,,,,,,,,,,,,,,,,,,,,,,,,,,,,,,,,,,,,,,,,,,,,,,,,,,,,,,,,,,,,,,,,,,,,,,,,,,,,,,,,,,,1,EA,,,,,,,,,,,,,,,,,,,,,,,,,,,,,,,,,,,,,US,No,Yes
,,,,,,PS960YPFS,,,,PS960YPFS,PS960YPFS,"PS960YPFS 30"" GE Electric Range SS - Display Only",Appliance Dealers Cooperative,Appliance Dealers Cooperative,Appliance Dealers Cooperative,Appliance Dealers Cooperative,Appliance Dealers Cooperative,Appliance Dealers Cooperative,Appliance Dealers Cooperative,PS960YPFS,,,"Appliance Dealers Cooperative, Range, PS960YPFS - Commercial Grade Range",RANGE SST,"Appliance Dealers Cooperative, PS960YPFS, Range",The Appliance Dealers Cooperative PS960YPFS is a commercial-grade range designed for professional and industrial applications. Engineered with durable stainless steel construction.,Appliance Dealers Cooperative PS960YPFS Range in Stainless Steel,The Appliance Dealers Cooperative PS960YPFS is a commercial-grade range designed for professional and industrial applications. Engineered with durable stainless steel construction.,Constructed with high-grade Stainless Steel,,,,,,,,,,,,,,,,,,,,,,,,,Appliance Dealers Cooperative PS960YPFS Range in Stainless Steel,Material,Stainless Steel,,Item Type,Range,,,,,,,,,,,,,,,,,,,,,,,,,,,,,,,,,,,,,,,,,,,,,,,,,,,,,,,,,,,,,,,,,,,,,,,,,,,,,,,,,,,,,,,,,,,,,,,,,,,,,,,,,,,,,,,,,,,,,,,,,,,,,,,,,,,,,,,,,,,,,,,,,,,,,,,,1,EA,,,,,,,,,,,,,,,,,,,,,,,,,,,,,,,,,,,,,US,No,Yes
,,,,,,PB900YVFS,,,,PB900YVFS,PB900YVFS,"PB900YVFS Elect 30"" Range SS",Appliance Dealers Cooperative,Appliance Dealers Cooperative,Appliance Dealers Cooperative,Appliance Dealers Cooperative,Appliance Dealers Cooperative,Appliance Dealers Cooperative,Appliance Dealers Cooperative,PB900YVFS,,,"Appliance Dealers Cooperative, Range, PB900YVFS - Commercial Grade Range",RANGE SST,"Appliance Dealers Cooperative, PB900YVFS, Range",The Appliance Dealers Cooperative PB900YVFS is a commercial-grade range designed for professional and industrial applications. Engineered with durable stainless steel construction.,Appliance Dealers Cooperative PB900YVFS Range in Stainless Steel,The Appliance Dealers Cooperative PB900YVFS is a commercial-grade range designed for professional and industrial applications. Engineered with durable stainless steel construction.,Constructed with high-grade Stainless Steel,,,,,,,,,,,,,,,,,,,,,,,,,Appliance Dealers Cooperative PB900YVFS Range in Stainless Steel,Material,Stainless Steel,,Item Type,Range,,,,,,,,,,,,,,,,,,,,,,,,,,,,,,,,,,,,,,,,,,,,,,,,,,,,,,,,,,,,,,,,,,,,,,,,,,,,,,,,,,,,,,,,,,,,,,,,,,,,,,,,,,,,,,,,,,,,,,,,,,,,,,,,,,,,,,,,,,,,,,,,,,,,,,,,1,EA,,,,,,,,,,,,,,,,,,,,,,,,,,,,,,,,,,,,,US,No,Yes
,,,,,,PCFE3080AF,,,,PCFE3080AF,PCFE3080AF,"PCFE3080AF 30"" Elect Range SS - Display Only",Appliance Dealers Cooperative,Appliance Dealers Cooperative,Appliance Dealers Cooperative,Appliance Dealers Cooperative,Appliance Dealers Cooperative,Appliance Dealers Cooperative,Appliance Dealers Cooperative,PCFE3080AF,,,"Appliance Dealers Cooperative, Range, PCFE3080AF - Commercial Grade Range",RANGE SST,"Appliance Dealers Cooperative, PCFE3080AF, Range",The Appliance Dealers Cooperative PCFE3080AF is a commercial-grade range designed for professional and industrial applications. Engineered with durable stainless steel construction.,Appliance Dealers Cooperative PCFE3080AF Range in Stainless Steel,The Appliance Dealers Cooperative PCFE3080AF is a commercial-grade range designed for professional and industrial applications. Engineered with durable stainless steel construction.,Constructed with high-grade Stainless Steel,,,,,,,,,,,,,,,,,,,,,,,,,Appliance Dealers Cooperative PCFE3080AF Range in Stainless Steel,Material,Stainless Steel,,Item Type,Range,,,,,,,,,,,,,,,,,,,,,,,,,,,,,,,,,,,,,,,,,,,,,,,,,,,,,,,,,,,,,,,,,,,,,,,,,,,,,,,,,,,,,,,,,,,,,,,,,,,,,,,,,,,,,,,,,,,,,,,,,,,,,,,,,,,,,,,,,,,,,,,,,,,,,,,,1,EA,,,,,,,,,,,,,,,,,,,,,,,,,,,,,,,,,,,,,US,No,Yes
,,,,,,SLER30524SS,,,,SLER30524SS,SLER30524SS,"SLER30524SS 30"" Elect Range SS",Appliance Dealers Cooperative,Appliance Dealers Cooperative,Appliance Dealers Cooperative,Appliance Dealers Cooperative,Appliance Dealers Cooperative,Appliance Dealers Cooperative,Appliance Dealers Cooperative,SLER30524SS,,,"Appliance Dealers Cooperative, Range, SLER30524SS - Commercial Grade Range",RANGE SST,"Appliance Dealers Cooperative, SLER30524SS, Range",The Appliance Dealers Cooperative SLER30524SS is a commercial-grade range designed for professional and industrial applications. Engineered with durable stainless steel construction.,Appliance Dealers Cooperative SLER30524SS Range in Stainless Steel,The Appliance Dealers Cooperative SLER30524SS is a commercial-grade range designed for professional and industrial applications. Engineered with durable stainless steel construction.,Constructed with high-grade Stainless Steel,,,,,,,,,,,,,,,,,,,,,,,,,Appliance Dealers Cooperative SLER30524SS Range in Stainless Steel,Material,Stainless Steel,,Item Type,Range,,,,,,,,,,,,,,,,,,,,,,,,,,,,,,,,,,,,,,,,,,,,,,,,,,,,,,,,,,,,,,,,,,,,,,,,,,,,,,,,,,,,,,,,,,,,,,,,,,,,,,,,,,,,,,,,,,,,,,,,,,,,,,,,,,,,,,,,,,,,,,,,,,,,,,,,1,EA,,,,,,,,,,,,,,,,,,,,,,,,,,,,,,,,,,,,,US,No,Yes
,,,,,,LSEL6333ZE,,,,LSEL6333ZE,LSEL6333ZE,"LSEL6333ZE LG 30"" Elec Range BS-Display Only",Appliance Dealers Cooperative,Appliance Dealers Cooperative,Appliance Dealers Cooperative,Appliance Dealers Cooperative,Appliance Dealers Cooperative,Appliance Dealers Cooperative,Appliance Dealers Cooperative,LSEL6333ZE,,,"Appliance Dealers Cooperative, Range, LSEL6333ZE - Commercial Grade Range",RANGE,"Appliance Dealers Cooperative, LSEL6333ZE, Range",The Appliance Dealers Cooperative LSEL6333ZE is a commercial-grade range designed for professional and industrial applications.,Appliance Dealers Cooperative LSEL6333ZE Range,The Appliance Dealers Cooperative LSEL6333ZE is a commercial-grade range designed for professional and industrial applications.,,,,,,,,,,,,,,,,,,,,,,,,,,Appliance Dealers Cooperative LSEL6333ZE Range,Item Type,Range,,,,,,,,,,,,,,,,,,,,,,,,,,,,,,,,,,,,,,,,,,,,,,,,,,,,,,,,,,,,,,,,,,,,,,,,,,,,,,,,,,,,,,,,,,,,,,,,,,,,,,,,,,,,,,,,,,,,,,,,,,,,,,,,,,,,,,,,,,,,,,,,,,,,,,,,,,,1,EA,,,,,,,,,,,,,,,,,,,,,,,,,,,,,,,,,,,,,US,No,Yes
,,,,,,KSES530SBE,,,,KSES530SBE,KSES530SBE,"KSES530SBE 30"" Elect Range BO Display Only",Appliance Dealers Cooperative,Appliance Dealers Cooperative,Appliance Dealers Cooperative,Appliance Dealers Cooperative,Appliance Dealers Cooperative,Appliance Dealers Cooperative,Appliance Dealers Cooperative,KSES530SBE,,,"Appliance Dealers Cooperative, Range, KSES530SBE - Commercial Grade Range",RANGE,"Appliance Dealers Cooperative, KSES530SBE, Range",The Appliance Dealers Cooperative KSES530SBE is a commercial-grade range designed for professional and industrial applications.,Appliance Dealers Cooperative KSES530SBE Range,The Appliance Dealers Cooperative KSES530SBE is a commercial-grade range designed for professional and industrial applications.,,,,,,,,,,,,,,,,,,,,,,,,,,Appliance Dealers Cooperative KSES530SBE Range,Item Type,Range,,,,,,,,,,,,,,,,,,,,,,,,,,,,,,,,,,,,,,,,,,,,,,,,,,,,,,,,,,,,,,,,,,,,,,,,,,,,,,,,,,,,,,,,,,,,,,,,,,,,,,,,,,,,,,,,,,,,,,,,,,,,,,,,,,,,,,,,,,,,,,,,,,,,,,,,,,,1,EA,,,,,,,,,,,,,,,,,,,,,,,,,,,,,,,,,,,,,US,No,Yes
,,,,,,GCFG3661AF,,,,GCFG3661AF,GCFG3661AF,"GCFG3661AF 36"" Frigidaire Gas Range SS",Appliance Dealers Cooperative,Appliance Dealers Cooperative,Appliance Dealers Cooperative,Appliance Dealers Cooperative,Appliance Dealers Cooperative,Appliance Dealers Cooperative,Appliance Dealers Cooperative,GCFG3661AF,,,"Appliance Dealers Cooperative, Range, GCFG3661AF - Commercial Grade Range",RANGE SST,"Appliance Dealers Cooperative, GCFG3661AF, Range",The Appliance Dealers Cooperative GCFG3661AF is a commercial-grade range designed for professional and industrial applications. Engineered with durable stainless steel construction.,Appliance Dealers Cooperative GCFG3661AF Range in Stainless Steel,The Appliance Dealers Cooperative GCFG3661AF is a commercial-grade range designed for professional and industrial applications. Engineered with durable stainless steel construction.,Constructed with high-grade Stainless Steel,,,,,,,,,,,,,,,,,,,,,,,,,Appliance Dealers Cooperative GCFG3661AF Range in Stainless Steel,Material,Stainless Steel,,Item Type,Range,,,,,,,,,,,,,,,,,,,,,,,,,,,,,,,,,,,,,,,,,,,,,,,,,,,,,,,,,,,,,,,,,,,,,,,,,,,,,,,,,,,,,,,,,,,,,,,,,,,,,,,,,,,,,,,,,,,,,,,,,,,,,,,,,,,,,,,,,,,,,,,,,,,,,,,,1,EA,,,,,,,,,,,,,,,,,,,,,,,,,,,,,,,,,,,,,US,No,Yes
,,,,,,WSGS7530RZ,,,,WSGS7530RZ,WSGS7530RZ,"WSGS7530RZ 30"" Gas Range SS - Display Only",Appliance Dealers Cooperative,Appliance Dealers Cooperative,Appliance Dealers Cooperative,Appliance Dealers Cooperative,Appliance Dealers Cooperative,Appliance Dealers Cooperative,Appliance Dealers Cooperative,WSGS7530RZ,,,"Appliance Dealers Cooperative, Range, WSGS7530RZ - Commercial Grade Range",RANGE SST,"Appliance Dealers Cooperative, WSGS7530RZ, Range",The Appliance Dealers Cooperative WSGS7530RZ is a commercial-grade range designed for professional and industrial applications. Engineered with durable stainless steel construction.,Appliance Dealers Cooperative WSGS7530RZ Range in Stainless Steel,The Appliance Dealers Cooperative WSGS7530RZ is a commercial-grade range designed for professional and industrial applications. Engineered with durable stainless steel construction.,Constructed with high-grade Stainless Steel,,,,,,,,,,,,,,,,,,,,,,,,,Appliance Dealers Cooperative WSGS7530RZ Range in Stainless Steel,Material,Stainless Steel,,Item Type,Range,,,,,,,,,,,,,,,,,,,,,,,,,,,,,,,,,,,,,,,,,,,,,,,,,,,,,,,,,,,,,,,,,,,,,,,,,,,,,,,,,,,,,,,,,,,,,,,,,,,,,,,,,,,,,,,,,,,,,,,,,,,,,,,,,,,,,,,,,,,,,,,,,,,,,,,,1,EA,,,,,,,,,,,,,,,,,,,,,,,,,,,,,,,,,,,,,US,No,Yes
,,,,,,CHP90301TBB,,,,CHP90301TBB,CHP90301TBB,CHP90301TBB Café Cooktop Bk,Appliance Dealers Cooperative,Appliance Dealers Cooperative,Appliance Dealers Cooperative,Appliance Dealers Cooperative,Appliance Dealers Cooperative,Appliance Dealers Cooperative,Appliance Dealers Cooperative,CHP90301TBB,,,"Appliance Dealers Cooperative, Commercial Product, CHP90301TBB",COMMERCIAL PRODUCT,"Appliance Dealers Cooperative, CHP90301TBB, Commercial Product",The Appliance Dealers Cooperative CHP90301TBB is a commercial-grade commercial product designed for professional and industrial applications.,Appliance Dealers Cooperative CHP90301TBB Commercial Product,The Appliance Dealers Cooperative CHP90301TBB is a commercial-grade commercial product designed for professional and industrial applications.,,,,,,,,,,,,,,,,,,,,,,,,,,Appliance Dealers Cooperative CHP90301TBB Commercial Product,,,,,,,,,,,,,,,,,,,,,,,,,,,,,,,,,,,,,,,,,,,,,,,,,,,,,,,,,,,,,,,,,,,,,,,,,,,,,,,,,,,,,,,,,,,,,,,,,,,,,,,,,,,,,,,,,,,,,,,,,,,,,,,,,,,,,,,,,,,,,,,,,,,,,,,,,,,,,1,EA,,,,,,,,,,,,,,,,,,,,,,,,,,,,,,,,,,,,,US,No,Yes
,,,,,,CVM517P3RD1,,,,CVM517P3RD1,CVM517P3RD1,CVM517P3RD1 Cafe Microwave Bk - Display,Appliance Dealers Cooperative,Appliance Dealers Cooperative,Appliance Dealers Cooperative,Appliance Dealers Cooperative,Appliance Dealers Cooperative,Appliance Dealers Cooperative,Appliance Dealers Cooperative,CVM517P3RD1,,,"Appliance Dealers Cooperative, Commercial Product, CVM517P3RD1",COMMERCIAL PRODUCT,"Appliance Dealers Cooperative, CVM517P3RD1, Commercial Product",The Appliance Dealers Cooperative CVM517P3RD1 is a commercial-grade commercial product designed for professional and industrial applications.,Appliance Dealers Cooperative CVM517P3RD1 Commercial Product,The Appliance Dealers Cooperative CVM517P3RD1 is a commercial-grade commercial product designed for professional and industrial applications.,,,,,,,,,,,,,,,,,,,,,,,,,,Appliance Dealers Cooperative CVM517P3RD1 Commercial Product,,,,,,,,,,,,,,,,,,,,,,,,,,,,,,,,,,,,,,,,,,,,,,,,,,,,,,,,,,,,,,,,,,,,,,,,,,,,,,,,,,,,,,,,,,,,,,,,,,,,,,,,,,,,,,,,,,,,,,,,,,,,,,,,,,,,,,,,,,,,,,,,,,,,,,,,,,,,,1,EA,,,,,,,,,,,,,,,,,,,,,,,,,,,,,,,,,,,,,US,No,Yes
,,,,,,PMOS1980AF,,,,PMOS1980AF,PMOS1980AF,PMOS1980AF OTR Microwave SS - Display Only,Appliance Dealers Cooperative,Appliance Dealers Cooperative,Appliance Dealers Cooperative,Appliance Dealers Cooperative,Appliance Dealers Cooperative,Appliance Dealers Cooperative,Appliance Dealers Cooperative,PMOS1980AF,,,"Appliance Dealers Cooperative, Commercial Product, PMOS1980AF",COMMERCIAL PRODUCT SST,"Appliance Dealers Cooperative, PMOS1980AF, Commercial Product",The Appliance Dealers Cooperative PMOS1980AF is a commercial-grade commercial product designed for professional and industrial applications. Engineered with durable stainless steel construction.,Appliance Dealers Cooperative PMOS1980AF Commercial Product in Stainless Steel,The Appliance Dealers Cooperative PMOS1980AF is a commercial-grade commercial product designed for professional and industrial applications. Engineered with durable stainless steel construction.,Constructed with high-grade Stainless Steel,,,,,,,,,,,,,,,,,,,,,,,,,Appliance Dealers Cooperative PMOS1980AF Commercial Product in Stainless Steel,Material,Stainless Steel,,,,,,,,,,,,,,,,,,,,,,,,,,,,,,,,,,,,,,,,,,,,,,,,,,,,,,,,,,,,,,,,,,,,,,,,,,,,,,,,,,,,,,,,,,,,,,,,,,,,,,,,,,,,,,,,,,,,,,,,,,,,,,,,,,,,,,,,,,,,,,,,,,,,,,,,,,,1,EA,,,,,,,,,,,,,,,,,,,,,,,,,,,,,,,,,,,,,US,No,Yes
,,,,,,WMMS3330RZ,,,,WMMS3330RZ,WMMS3330RZ,WMMS3330RZ OTR Mocrowave SS - Display Only,Appliance Dealers Cooperative,Appliance Dealers Cooperative,Appliance Dealers Cooperative,Appliance Dealers Cooperative,Appliance Dealers Cooperative,Appliance Dealers Cooperative,Appliance Dealers Cooperative,WMMS3330RZ,,,"Appliance Dealers Cooperative, Commercial Product, WMMS3330RZ",COMMERCIAL PRODUCT SST,"Appliance Dealers Cooperative, WMMS3330RZ, Commercial Product",The Appliance Dealers Cooperative WMMS3330RZ is a commercial-grade commercial product designed for professional and industrial applications. Engineered with durable stainless steel construction.,Appliance Dealers Cooperative WMMS3330RZ Commercial Product in Stainless Steel,The Appliance Dealers Cooperative WMMS3330RZ is a commercial-grade commercial product designed for professional and industrial applications. Engineered with durable stainless steel construction.,Constructed with high-grade Stainless Steel,,,,,,,,,,,,,,,,,,,,,,,,,Appliance Dealers Cooperative WMMS3330RZ Commercial Product in Stainless Steel,Material,Stainless Steel,,,,,,,,,,,,,,,,,,,,,,,,,,,,,,,,,,,,,,,,,,,,,,,,,,,,,,,,,,,,,,,,,,,,,,,,,,,,,,,,,,,,,,,,,,,,,,,,,,,,,,,,,,,,,,,,,,,,,,,,,,,,,,,,,,,,,,,,,,,,,,,,,,,,,,,,,,,1,EA,,,,,,,,,,,,,,,,,,,,,,,,,,,,,,,,,,,,,US,No,Yes
,,,,,,KMMF530PBE,,,,KMMF530PBE,KMMF530PBE,KMMF530PBE OTR Microwave BO Display Only,Appliance Dealers Cooperative,Appliance Dealers Cooperative,Appliance Dealers Cooperative,Appliance Dealers Cooperative,Appliance Dealers Cooperative,Appliance Dealers Cooperative,Appliance Dealers Cooperative,KMMF530PBE,,,"Appliance Dealers Cooperative, Commercial Product, KMMF530PBE",COMMERCIAL PRODUCT,"Appliance Dealers Cooperative, KMMF530PBE, Commercial Product",The Appliance Dealers Cooperative KMMF530PBE is a commercial-grade commercial product designed for professional and industrial applications.,Appliance Dealers Cooperative KMMF530PBE Commercial Product,The Appliance Dealers Cooperative KMMF530PBE is a commercial-grade commercial product designed for professional and industrial applications.,,,,,,,,,,,,,,,,,,,,,,,,,,Appliance Dealers Cooperative KMMF530PBE Commercial Product,,,,,,,,,,,,,,,,,,,,,,,,,,,,,,,,,,,,,,,,,,,,,,,,,,,,,,,,,,,,,,,,,,,,,,,,,,,,,,,,,,,,,,,,,,,,,,,,,,,,,,,,,,,,,,,,,,,,,,,,,,,,,,,,,,,,,,,,,,,,,,,,,,,,,,,,,,,,,1,EA,,,,,,,,,,,,,,,,,,,,,,,,,,,,,,,,,,,,,US,No,Yes
,,,,,,JXGRILL1,,,,JXGRILL1,JXGRILL1,JXGRILL1 GE Range Grill,Appliance Dealers Cooperative,Appliance Dealers Cooperative,Appliance Dealers Cooperative,Appliance Dealers Cooperative,Appliance Dealers Cooperative,Appliance Dealers Cooperative,Appliance Dealers Cooperative,JXGRILL1,,,"Appliance Dealers Cooperative, Range, JXGRILL1 - Commercial Grade Range",RANGE,"Appliance Dealers Cooperative, JXGRILL1, Range",The Appliance Dealers Cooperative JXGRILL1 is a commercial-grade range designed for professional and industrial applications.,Appliance Dealers Cooperative JXGRILL1 Range,The Appliance Dealers Cooperative JXGRILL1 is a commercial-grade range designed for professional and industrial applications.,,,,,,,,,,,,,,,,,,,,,,,,,,Appliance Dealers Cooperative JXGRILL1 Range,Item Type,Range,,,,,,,,,,,,,,,,,,,,,,,,,,,,,,,,,,,,,,,,,,,,,,,,,,,,,,,,,,,,,,,,,,,,,,,,,,,,,,,,,,,,,,,,,,,,,,,,,,,,,,,,,,,,,,,,,,,,,,,,,,,,,,,,,,,,,,,,,,,,,,,,,,,,,,,,,,,1,EA,,,,,,,,,,,,,,,,,,,,,,,,,,,,,,,,,,,,,US,No,Yes
,,,,,,C9TMA2S3PD3,,,,C9TMA2S3PD3,C9TMA2S3PD3,C9TMA2S3PD3 Café Toaster MB,Appliance Dealers Cooperative,Appliance Dealers Cooperative,Appliance Dealers Cooperative,Appliance Dealers Cooperative,Appliance Dealers Cooperative,Appliance Dealers Cooperative,Appliance Dealers Cooperative,C9TMA2S3PD3,,,"Appliance Dealers Cooperative, Commercial Product, C9TMA2S3PD3",COMMERCIAL PRODUCT,"Appliance Dealers Cooperative, C9TMA2S3PD3, Commercial Product",The Appliance Dealers Cooperative C9TMA2S3PD3 is a commercial-grade commercial product designed for professional and industrial applications. Engineered with matte black finish. Key Specifications include Finish: Matte Black.,Appliance Dealers Cooperative C9TMA2S3PD3 Commercial Product in Matte Black,The Appliance Dealers Cooperative C9TMA2S3PD3 is a commercial-grade commercial product designed for professional and industrial applications. Engineered with matte black finish. Key Specifications include Finish: Matte Black.,,,,,,,,,,,,,,,,,,,,,,,,,,Appliance Dealers Cooperative C9TMA2S3PD3 Commercial Product in Matte Black,Finish,Matte Black,,,,,,,,,,,,,,,,,,,,,,,,,,,,,,,,,,,,,,,,,,,,,,,,,,,,,,,,,,,,,,,,,,,,,,,,,,,,,,,,,,,,,,,,,,,,,,,,,,,,,,,,,,,,,,,,,,,,,,,,,,,,,,,,,,,,,,,,,,,,,,,,,,,,,,,,,,,1,EA,,,,,,,,,,,,,,,,,,,,,,,,,,,,,,,,,,,,,US,No,Yes
,,,,,,C9TMA2S4PW3,,,,C9TMA2S4PW3,C9TMA2S4PW3,C9TMA2S4PW3 Café Toaster MW,Appliance Dealers Cooperative,Appliance Dealers Cooperative,Appliance Dealers Cooperative,Appliance Dealers Cooperative,Appliance Dealers Cooperative,Appliance Dealers Cooperative,Appliance Dealers Cooperative,C9TMA2S4PW3,,,"Appliance Dealers Cooperative, Commercial Product, C9TMA2S4PW3",COMMERCIAL PRODUCT,"Appliance Dealers Cooperative, C9TMA2S4PW3, Commercial Product",The Appliance Dealers Cooperative C9TMA2S4PW3 is a commercial-grade commercial product designed for professional and industrial applications.,Appliance Dealers Cooperative C9TMA2S4PW3 Commercial Product,The Appliance Dealers Cooperative C9TMA2S4PW3 is a commercial-grade commercial product designed for professional and industrial applications.,,,,,,,,,,,,,,,,,,,,,,,,,,Appliance Dealers Cooperative C9TMA2S4PW3 Commercial Product,,,,,,,,,,,,,,,,,,,,,,,,,,,,,,,,,,,,,,,,,,,,,,,,,,,,,,,,,,,,,,,,,,,,,,,,,,,,,,,,,,,,,,,,,,,,,,,,,,,,,,,,,,,,,,,,,,,,,,,,,,,,,,,,,,,,,,,,,,,,,,,,,,,,,,,,,,,,,1,EA,,,,,,,,,,,,,,,,,,,,,,,,,,,,,,,,,,,,,US,No,Yes
,,,,,,C90AAAS2RS3,,,,C90AAAS2RS3,C90AAAS2RS3,C90AAAS2RS3 Cafe Toast Oven SS,Appliance Dealers Cooperative,Appliance Dealers Cooperative,Appliance Dealers Cooperative,Appliance Dealers Cooperative,Appliance Dealers Cooperative,Appliance Dealers Cooperative,Appliance Dealers Cooperative,C90AAAS2RS3,,,"Appliance Dealers Cooperative, Range, C90AAAS2RS3 - Commercial Grade Range",RANGE SST,"Appliance Dealers Cooperative, C90AAAS2RS3, Range",The Appliance Dealers Cooperative C90AAAS2RS3 is a commercial-grade range designed for professional and industrial applications. Engineered with durable stainless steel construction.,Appliance Dealers Cooperative C90AAAS2RS3 Range in Stainless Steel,The Appliance Dealers Cooperative C90AAAS2RS3 is a commercial-grade range designed for professional and industrial applications. Engineered with durable stainless steel construction.,Constructed with high-grade Stainless Steel,,,,,,,,,,,,,,,,,,,,,,,,,Appliance Dealers Cooperative C90AAAS2RS3 Range in Stainless Steel,Material,Stainless Steel,,Item Type,Range,,,,,,,,,,,,,,,,,,,,,,,,,,,,,,,,,,,,,,,,,,,,,,,,,,,,,,,,,,,,,,,,,,,,,,,,,,,,,,,,,,,,,,,,,,,,,,,,,,,,,,,,,,,,,,,,,,,,,,,,,,,,,,,,,,,,,,,,,,,,,,,,,,,,,,,,1,EA,,,,,,,,,,,,,,,,,,,,,,,,,,,,,,,,,,,,,US,No,Yes
,,,,,,C9TMA2SP2PS3,,,,C9TMA2SP2PS3,C9TMA2SP2PS3,C9TMA2S2PS3 Cafe Toaster SS,Appliance Dealers Cooperative,Appliance Dealers Cooperative,Appliance Dealers Cooperative,Appliance Dealers Cooperative,Appliance Dealers Cooperative,Appliance Dealers Cooperative,Appliance Dealers Cooperative,C9TMA2SP2PS3,,,"Appliance Dealers Cooperative, Commercial Product, C9TMA2SP2PS3",COMMERCIAL PRODUCT SST,"Appliance Dealers Cooperative, C9TMA2SP2PS3, Commercial Product",The Appliance Dealers Cooperative C9TMA2SP2PS3 is a commercial-grade commercial product designed for professional and industrial applications. Engineered with durable stainless steel construction.,Appliance Dealers Cooperative C9TMA2SP2PS3 Commercial Product in Stainless Steel,The Appliance Dealers Cooperative C9TMA2SP2PS3 is a commercial-grade commercial product designed for professional and industrial applications. Engineered with durable stainless steel construction.,Constructed with high-grade Stainless Steel,,,,,,,,,,,,,,,,,,,,,,,,,Appliance Dealers Cooperative C9TMA2SP2PS3 Commercial Product in Stainless Steel,Material,Stainless Steel,,,,,,,,,,,,,,,,,,,,,,,,,,,,,,,,,,,,,,,,,,,,,,,,,,,,,,,,,,,,,,,,,,,,,,,,,,,,,,,,,,,,,,,,,,,,,,,,,,,,,,,,,,,,,,,,,,,,,,,,,,,,,,,,,,,,,,,,,,,,,,,,,,,,,,,,,,,1,EA,,,,,,,,,,,,,,,,,,,,,,,,,,,,,,,,,,,,,US,No,Yes
,,,,,,GDE21EMKES,,,,GDE21EMKES,GDE21EMKES,GDE21EMKES GE 21CF Fridge SL Display Only,Appliance Dealers Cooperative,Appliance Dealers Cooperative,Appliance Dealers Cooperative,Appliance Dealers Cooperative,Appliance Dealers Cooperative,Appliance Dealers Cooperative,Appliance Dealers Cooperative,GDE21EMKES,,,"Appliance Dealers Cooperative, Commercial Product, GDE21EMKES",COMMERCIAL PRODUCT,"Appliance Dealers Cooperative, GDE21EMKES, Commercial Product",The Appliance Dealers Cooperative GDE21EMKES is a commercial-grade commercial product designed for professional and industrial applications.,Appliance Dealers Cooperative GDE21EMKES Commercial Product,The Appliance Dealers Cooperative GDE21EMKES is a commercial-grade commercial product designed for professional and industrial applications.,,,,,,,,,,,,,,,,,,,,,,,,,,Appliance Dealers Cooperative GDE21EMKES Commercial Product,,,,,,,,,,,,,,,,,,,,,,,,,,,,,,,,,,,,,,,,,,,,,,,,,,,,,,,,,,,,,,,,,,,,,,,,,,,,,,,,,,,,,,,,,,,,,,,,,,,,,,,,,,,,,,,,,,,,,,,,,,,,,,,,,,,,,,,,,,,,,,,,,,,,,,,,,,,,,1,EA,,,,,,,,,,,,,,,,,,,,,,,,,,,,,,,,,,,,,US,No,Yes
,,,,,,FCM16SLWW,,,,FCM16SLWW,FCM16SLWW,FCM16SLWW 16CF GE Freezer Chest MH,Appliance Dealers Cooperative,Appliance Dealers Cooperative,Appliance Dealers Cooperative,Appliance Dealers Cooperative,Appliance Dealers Cooperative,Appliance Dealers Cooperative,Appliance Dealers Cooperative,FCM16SLWW,,,"Appliance Dealers Cooperative, Commercial Product, FCM16SLWW",COMMERCIAL PRODUCT,"Appliance Dealers Cooperative, FCM16SLWW, Commercial Product",The Appliance Dealers Cooperative FCM16SLWW is a commercial-grade commercial product designed for professional and industrial applications.,Appliance Dealers Cooperative FCM16SLWW Commercial Product,The Appliance Dealers Cooperative FCM16SLWW is a commercial-grade commercial product designed for professional and industrial applications.,,,,,,,,,,,,,,,,,,,,,,,,,,Appliance Dealers Cooperative FCM16SLWW Commercial Product,,,,,,,,,,,,,,,,,,,,,,,,,,,,,,,,,,,,,,,,,,,,,,,,,,,,,,,,,,,,,,,,,,,,,,,,,,,,,,,,,,,,,,,,,,,,,,,,,,,,,,,,,,,,,,,,,,,,,,,,,,,,,,,,,,,,,,,,,,,,,,,,,,,,,,,,,,,,,1,EA,,,,,,,,,,,,,,,,,,,,,,,,,,,,,,,,,,,,,US,No,Yes
,,,,,,GNE27JYMFS,,,,GNE27JYMFS,GNE27JYMFS,GNE27JYMFS GE Fridge SS,Appliance Dealers Cooperative,Appliance Dealers Cooperative,Appliance Dealers Cooperative,Appliance Dealers Cooperative,Appliance Dealers Cooperative,Appliance Dealers Cooperative,Appliance Dealers Cooperative,GNE27JYMFS,,,"Appliance Dealers Cooperative, Commercial Product, GNE27JYMFS",COMMERCIAL PRODUCT SST,"Appliance Dealers Cooperative, GNE27JYMFS, Commercial Product",The Appliance Dealers Cooperative GNE27JYMFS is a commercial-grade commercial product designed for professional and industrial applications. Engineered with durable stainless steel construction.,Appliance Dealers Cooperative GNE27JYMFS Commercial Product in Stainless Steel,The Appliance Dealers Cooperative GNE27JYMFS is a commercial-grade commercial product designed for professional and industrial applications. Engineered with durable stainless steel construction.,Constructed with high-grade Stainless Steel,,,,,,,,,,,,,,,,,,,,,,,,,Appliance Dealers Cooperative GNE27JYMFS Commercial Product in Stainless Steel,Material,Stainless Steel,,,,,,,,,,,,,,,,,,,,,,,,,,,,,,,,,,,,,,,,,,,,,,,,,,,,,,,,,,,,,,,,,,,,,,,,,,,,,,,,,,,,,,,,,,,,,,,,,,,,,,,,,,,,,,,,,,,,,,,,,,,,,,,,,,,,,,,,,,,,,,,,,,,,,,,,,,,1,EA,,,,,,,,,,,,,,,,,,,,,,,,,,,,,,,,,,,,,US,No,Yes
,,,,,,CVE28DP3ND1,,,,CVE28DP3ND1,CVE28DP3ND1,CVE28DP3ND1 Cafe Fridge Bk,Appliance Dealers Cooperative,Appliance Dealers Cooperative,Appliance Dealers Cooperative,Appliance Dealers Cooperative,Appliance Dealers Cooperative,Appliance Dealers Cooperative,Appliance Dealers Cooperative,CVE28DP3ND1,,,"Appliance Dealers Cooperative, Commercial Product, CVE28DP3ND1",COMMERCIAL PRODUCT,"Appliance Dealers Cooperative, CVE28DP3ND1, Commercial Product",The Appliance Dealers Cooperative CVE28DP3ND1 is a commercial-grade commercial product designed for professional and industrial applications.,Appliance Dealers Cooperative CVE28DP3ND1 Commercial Product,The Appliance Dealers Cooperative CVE28DP3ND1 is a commercial-grade commercial product designed for professional and industrial applications.,,,,,,,,,,,,,,,,,,,,,,,,,,Appliance Dealers Cooperative CVE28DP3ND1 Commercial Product,,,,,,,,,,,,,,,,,,,,,,,,,,,,,,,,,,,,,,,,,,,,,,,,,,,,,,,,,,,,,,,,,,,,,,,,,,,,,,,,,,,,,,,,,,,,,,,,,,,,,,,,,,,,,,,,,,,,,,,,,,,,,,,,,,,,,,,,,,,,,,,,,,,,,,,,,,,,,1,EA,,,,,,,,,,,,,,,,,,,,,,,,,,,,,,,,,,,,,US,No,Yes
,,,,,,GNE25JMKES,,,,GNE25JMKES,GNE25JMKES,GNE25JMKES GE Fridge Slate - Display,Appliance Dealers Cooperative,Appliance Dealers Cooperative,Appliance Dealers Cooperative,Appliance Dealers Cooperative,Appliance Dealers Cooperative,Appliance Dealers Cooperative,Appliance Dealers Cooperative,GNE25JMKES,,,"Appliance Dealers Cooperative, Commercial Product, GNE25JMKES",COMMERCIAL PRODUCT,"Appliance Dealers Cooperative, GNE25JMKES, Commercial Product",The Appliance Dealers Cooperative GNE25JMKES is a commercial-grade commercial product designed for professional and industrial applications.,Appliance Dealers Cooperative GNE25JMKES Commercial Product,The Appliance Dealers Cooperative GNE25JMKES is a commercial-grade commercial product designed for professional and industrial applications.,,,,,,,,,,,,,,,,,,,,,,,,,,Appliance Dealers Cooperative GNE25JMKES Commercial Product,,,,,,,,,,,,,,,,,,,,,,,,,,,,,,,,,,,,,,,,,,,,,,,,,,,,,,,,,,,,,,,,,,,,,,,,,,,,,,,,,,,,,,,,,,,,,,,,,,,,,,,,,,,,,,,,,,,,,,,,,,,,,,,,,,,,,,,,,,,,,,,,,,,,,,,,,,,,,1,EA,,,,,,,,,,,,,,,,,,,,,,,,,,,,,,,,,,,,,US,No,Yes
,,,,,,PRFS2883AF,,,,PRFS2883AF,PRFS2883AF,"PRFS2883AF 36"" Fridge SS - Display Only",Appliance Dealers Cooperative,Appliance Dealers Cooperative,Appliance Dealers Cooperative,Appliance Dealers Cooperative,Appliance Dealers Cooperative,Appliance Dealers Cooperative,Appliance Dealers Cooperative,PRFS2883AF,,,"Appliance Dealers Cooperative, Commercial Product, PRFS2883AF",COMMERCIAL PRODUCT SST,"Appliance Dealers Cooperative, PRFS2883AF, Commercial Product",The Appliance Dealers Cooperative PRFS2883AF is a commercial-grade commercial product designed for professional and industrial applications. Engineered with durable stainless steel construction.,Appliance Dealers Cooperative PRFS2883AF Commercial Product in Stainless Steel,The Appliance Dealers Cooperative PRFS2883AF is a commercial-grade commercial product designed for professional and industrial applications. Engineered with durable stainless steel construction.,Constructed with high-grade Stainless Steel,,,,,,,,,,,,,,,,,,,,,,,,,Appliance Dealers Cooperative PRFS2883AF Commercial Product in Stainless Steel,Material,Stainless Steel,,,,,,,,,,,,,,,,,,,,,,,,,,,,,,,,,,,,,,,,,,,,,,,,,,,,,,,,,,,,,,,,,,,,,,,,,,,,,,,,,,,,,,,,,,,,,,,,,,,,,,,,,,,,,,,,,,,,,,,,,,,,,,,,,,,,,,,,,,,,,,,,,,,,,,,,,,,1,EA,,,,,,,,,,,,,,,,,,,,,,,,,,,,,,,,,,,,,US,No,Yes
,,,,,,PAD28BYTFS,,,,PAD28BYTFS,PAD28BYTFS,PAD28BYTFS GE Fridge SS,Appliance Dealers Cooperative,Appliance Dealers Cooperative,Appliance Dealers Cooperative,Appliance Dealers Cooperative,Appliance Dealers Cooperative,Appliance Dealers Cooperative,Appliance Dealers Cooperative,PAD28BYTFS,,,"Appliance Dealers Cooperative, Commercial Product, PAD28BYTFS",COMMERCIAL PRODUCT SST,"Appliance Dealers Cooperative, PAD28BYTFS, Commercial Product",The Appliance Dealers Cooperative PAD28BYTFS is a commercial-grade commercial product designed for professional and industrial applications. Engineered with durable stainless steel construction.,Appliance Dealers Cooperative PAD28BYTFS Commercial Product in Stainless Steel,The Appliance Dealers Cooperative PAD28BYTFS is a commercial-grade commercial product designed for professional and industrial applications. Engineered with durable stainless steel construction.,Constructed with high-grade Stainless Steel,,,,,,,,,,,,,,,,,,,,,,,,,Appliance Dealers Cooperative PAD28BYTFS Commercial Product in Stainless Steel,Material,Stainless Steel,,,,,,,,,,,,,,,,,,,,,,,,,,,,,,,,,,,,,,,,,,,,,,,,,,,,,,,,,,,,,,,,,,,,,,,,,,,,,,,,,,,,,,,,,,,,,,,,,,,,,,,,,,,,,,,,,,,,,,,,,,,,,,,,,,,,,,,,,,,,,,,,,,,,,,,,,,,1,EA,,,,,,,,,,,,,,,,,,,,,,,,,,,,,,,,,,,,,US,No,Yes
,,,,,,PGE29BYTFS,,,,PGE29BYTFS,PGE29BYTFS,PGE29BYTFS GE Fridge SS,Appliance Dealers Cooperative,Appliance Dealers Cooperative,Appliance Dealers Cooperative,Appliance Dealers Cooperative,Appliance Dealers Cooperative,Appliance Dealers Cooperative,Appliance Dealers Cooperative,PGE29BYTFS,,,"Appliance Dealers Cooperative, Commercial Product, PGE29BYTFS",COMMERCIAL PRODUCT SST,"Appliance Dealers Cooperative, PGE29BYTFS, Commercial Product",The Appliance Dealers Cooperative PGE29BYTFS is a commercial-grade commercial product designed for professional and industrial applications. Engineered with durable stainless steel construction.,Appliance Dealers Cooperative PGE29BYTFS Commercial Product in Stainless Steel,The Appliance Dealers Cooperative PGE29BYTFS is a commercial-grade commercial product designed for professional and industrial applications. Engineered with durable stainless steel construction.,Constructed with high-grade Stainless Steel,,,,,,,,,,,,,,,,,,,,,,,,,Appliance Dealers Cooperative PGE29BYTFS Commercial Product in Stainless Steel,Material,Stainless Steel,,,,,,,,,,,,,,,,,,,,,,,,,,,,,,,,,,,,,,,,,,,,,,,,,,,,,,,,,,,,,,,,,,,,,,,,,,,,,,,,,,,,,,,,,,,,,,,,,,,,,,,,,,,,,,,,,,,,,,,,,,,,,,,,,,,,,,,,,,,,,,,,,,,,,,,,,,,1,EA,,,,,,,,,,,,,,,,,,,,,,,,,,,,,,,,,,,,,US,No,Yes
,,,,,,ERFD19CGCS,,,,ERFD19CGCS,ERFD19CGCS,ERFD19CGCS Element Fridge SS,Appliance Dealers Cooperative,Appliance Dealers Cooperative,Appliance Dealers Cooperative,Appliance Dealers Cooperative,Appliance Dealers Cooperative,Appliance Dealers Cooperative,Appliance Dealers Cooperative,ERFD19CGCS,,,"Appliance Dealers Cooperative, Commercial Product, ERFD19CGCS",COMMERCIAL PRODUCT SST,"Appliance Dealers Cooperative, ERFD19CGCS, Commercial Product",The Appliance Dealers Cooperative ERFD19CGCS is a commercial-grade commercial product designed for professional and industrial applications. Engineered with durable stainless steel construction.,Appliance Dealers Cooperative ERFD19CGCS Commercial Product in Stainless Steel,The Appliance Dealers Cooperative ERFD19CGCS is a commercial-grade commercial product designed for professional and industrial applications. Engineered with durable stainless steel construction.,Constructed with high-grade Stainless Steel,,,,,,,,,,,,,,,,,,,,,,,,,Appliance Dealers Cooperative ERFD19CGCS Commercial Product in Stainless Steel,Material,Stainless Steel,,,,,,,,,,,,,,,,,,,,,,,,,,,,,,,,,,,,,,,,,,,,,,,,,,,,,,,,,,,,,,,,,,,,,,,,,,,,,,,,,,,,,,,,,,,,,,,,,,,,,,,,,,,,,,,,,,,,,,,,,,,,,,,,,,,,,,,,,,,,,,,,,,,,,,,,,,,1,EA,,,,,,,,,,,,,,,,,,,,,,,,,,,,,,,,,,,,,US,No,Yes
,,,,,,LT18S2100W,,,,LT18S2100W,LT18S2100W,LT18S2100W LG Fridge Wh,Appliance Dealers Cooperative,Appliance Dealers Cooperative,Appliance Dealers Cooperative,Appliance Dealers Cooperative,Appliance Dealers Cooperative,Appliance Dealers Cooperative,Appliance Dealers Cooperative,LT18S2100W,,,"Appliance Dealers Cooperative, Commercial Product, LT18S2100W",COMMERCIAL PRODUCT,"Appliance Dealers Cooperative, LT18S2100W, Commercial Product",The Appliance Dealers Cooperative LT18S2100W is a commercial-grade commercial product designed for professional and industrial applications.,Appliance Dealers Cooperative LT18S2100W Commercial Product,The Appliance Dealers Cooperative LT18S2100W is a commercial-grade commercial product designed for professional and industrial applications.,,,,,,,,,,,,,,,,,,,,,,,,,,Appliance Dealers Cooperative LT18S2100W Commercial Product,,,,,,,,,,,,,,,,,,,,,,,,,,,,,,,,,,,,,,,,,,,,,,,,,,,,,,,,,,,,,,,,,,,,,,,,,,,,,,,,,,,,,,,,,,,,,,,,,,,,,,,,,,,,,,,,,,,,,,,,,,,,,,,,,,,,,,,,,,,,,,,,,,,,,,,,,,,,,1,EA,,,,,,,,,,,,,,,,,,,,,,,,,,,,,,,,,,,,,US,No,Yes
,,,,,,LT18S2100SS,,,,LT18S2100SS,LT18S2100SS,LT18S2100S 18CF LG Fridge SS,Appliance Dealers Cooperative,Appliance Dealers Cooperative,Appliance Dealers Cooperative,Appliance Dealers Cooperative,Appliance Dealers Cooperative,Appliance Dealers Cooperative,Appliance Dealers Cooperative,LT18S2100SS,,,"Appliance Dealers Cooperative, Commercial Product, LT18S2100SS",COMMERCIAL PRODUCT SST,"Appliance Dealers Cooperative, LT18S2100SS, Commercial Product",The Appliance Dealers Cooperative LT18S2100SS is a commercial-grade commercial product designed for professional and industrial applications. Engineered with durable stainless steel construction.,Appliance Dealers Cooperative LT18S2100SS Commercial Product in Stainless Steel,The Appliance Dealers Cooperative LT18S2100SS is a commercial-grade commercial product designed for professional and industrial applications. Engineered with durable stainless steel construction.,Constructed with high-grade Stainless Steel,,,,,,,,,,,,,,,,,,,,,,,,,Appliance Dealers Cooperative LT18S2100SS Commercial Product in Stainless Steel,Material,Stainless Steel,,,,,,,,,,,,,,,,,,,,,,,,,,,,,,,,,,,,,,,,,,,,,,,,,,,,,,,,,,,,,,,,,,,,,,,,,,,,,,,,,,,,,,,,,,,,,,,,,,,,,,,,,,,,,,,,,,,,,,,,,,,,,,,,,,,,,,,,,,,,,,,,,,,,,,,,,,,1,EA,,,,,,,,,,,,,,,,,,,,,,,,,,,,,,,,,,,,,US,No,Yes
,,,,,,EUF17CDBW,,,,EUF17CDBW,EUF17CDBW,EUF17CDBW Element 17CF Freezer - Upright,Appliance Dealers Cooperative,Appliance Dealers Cooperative,Appliance Dealers Cooperative,Appliance Dealers Cooperative,Appliance Dealers Cooperative,Appliance Dealers Cooperative,Appliance Dealers Cooperative,EUF17CDBW,,,"Appliance Dealers Cooperative, Commercial Product, EUF17CDBW",COMMERCIAL PRODUCT,"Appliance Dealers Cooperative, EUF17CDBW, Commercial Product",The Appliance Dealers Cooperative EUF17CDBW is a commercial-grade commercial product designed for professional and industrial applications.,Appliance Dealers Cooperative EUF17CDBW Commercial Product,The Appliance Dealers Cooperative EUF17CDBW is a commercial-grade commercial product designed for professional and industrial applications.,,,,,,,,,,,,,,,,,,,,,,,,,,Appliance Dealers Cooperative EUF17CDBW Commercial Product,,,,,,,,,,,,,,,,,,,,,,,,,,,,,,,,,,,,,,,,,,,,,,,,,,,,,,,,,,,,,,,,,,,,,,,,,,,,,,,,,,,,,,,,,,,,,,,,,,,,,,,,,,,,,,,,,,,,,,,,,,,,,,,,,,,,,,,,,,,,,,,,,,,,,,,,,,,,,1,EA,,,,,,,,,,,,,,,,,,,,,,,,,,,,,,,,,,,,,US,No,Yes
,,,,,,EUF21CDBW,,,,EUF21CDBW,EUF21CDBW,EUF21CDBW Element 21CF Freezer - Upright,Appliance Dealers Cooperative,Appliance Dealers Cooperative,Appliance Dealers Cooperative,Appliance Dealers Cooperative,Appliance Dealers Cooperative,Appliance Dealers Cooperative,Appliance Dealers Cooperative,EUF21CDBW,,,"Appliance Dealers Cooperative, Commercial Product, EUF21CDBW",COMMERCIAL PRODUCT,"Appliance Dealers Cooperative, EUF21CDBW, Commercial Product",The Appliance Dealers Cooperative EUF21CDBW is a commercial-grade commercial product designed for professional and industrial applications.,Appliance Dealers Cooperative EUF21CDBW Commercial Product,The Appliance Dealers Cooperative EUF21CDBW is a commercial-grade commercial product designed for professional and industrial applications.,,,,,,,,,,,,,,,,,,,,,,,,,,Appliance Dealers Cooperative EUF21CDBW Commercial Product,,,,,,,,,,,,,,,,,,,,,,,,,,,,,,,,,,,,,,,,,,,,,,,,,,,,,,,,,,,,,,,,,,,,,,,,,,,,,,,,,,,,,,,,,,,,,,,,,,,,,,,,,,,,,,,,,,,,,,,,,,,,,,,,,,,,,,,,,,,,,,,,,,,,,,,,,,,,,1,EA,,,,,,,,,,,,,,,,,,,,,,,,,,,,,,,,,,,,,US,No,Yes
,,,,,,TP-1935,,,,TP-1935,TP-1935,TP-1935 Hole Drilling System,-,-,-,-,-,-,-,TP-1935,,,"-, Commercial Product, TP-1935 - Commercial Grade Commercial Product",COMMERCIAL PRODUCT,"-, TP-1935, Commercial Product",The - TP-1935 is a commercial-grade commercial product designed for professional and industrial applications.,- TP-1935 Commercial Product,The - TP-1935 is a commercial-grade commercial product designed for professional and industrial applications.,,,,,,,,,,,,,,,,,,,,,,,,,,- TP-1935 Commercial Product,,,,,,,,,,,,,,,,,,,,,,,,,,,,,,,,,,,,,,,,,,,,,,,,,,,,,,,,,,,,,,,,,,,,,,,,,,,,,,,,,,,,,,,,,,,,,,,,,,,,,,,,,,,,,,,,,,,,,,,,,,,,,,,,,,,,,,,,,,,,,,,,,,,,,,,,,,,,,1,EA,,,,,,,,,,,,,,,,,,,,,,,,,,,,,,,,,,,,,US,No,Yes
,,,,,,K527APBXR,,,,K527APBXR,K527APBXR,"K527APBXR Senco .131x3"" SM BB - 500CT",Senco Products Inc,Senco Products Inc,Senco Products Inc,Senco Products Inc,Senco Products Inc,Senco Products Inc,Senco Products Inc,K527APBXR,,,"Senco Products Inc, Commercial Product, K527APBXR, 131x3 - Commercial Grade Comm",COMMERCIAL PRODUCT 131X3,"Senco Products Inc, K527APBXR, Commercial Product, 131x3",The Senco Products Inc K527APBXR is a commercial-grade commercial product designed for professional and industrial applications. Engineered with measuring 131x3. Key Specifications include ArborSize: 3 in.,Senco Products Inc K527APBXR Commercial Product (131x3),The Senco Products Inc K527APBXR is a commercial-grade commercial product designed for professional and industrial applications. Engineered with measuring 131x3. Key Specifications include ArborSize: 3 in.,Precision dimensions: 131x3,,,,,,,,,,,,,,,,,,,,,,,,,Senco Products Inc K527APBXR Commercial Product (131x3),Dimensions,131x3,in,Arbor Size,3,in,,,,,,,,,,,,,,,,,,,,,,,,,,,,,,,,,,,,,,,,,,,,,,,,,,,,,,,,,,,,,,,,,,,,,,,,,,,,,,,,,,,,,,,,,,,,,,,,,,,,,,,,,,,,,,,,,,,,,,,,,,,,,,,,,,,,,,,,,,,,,,,,,,,,,,,1,EA,,,,,,,,,,,,,,,,,,,,,,,,,,,,,,,,,,,,,US,No,Yes
,,,,,,603150,,,,603150,603150,"603150 2-1/2"" Finish Nail 15GA - 4M",National Nail Corp,National Nail Corp,National Nail Corp,National Nail Corp,National Nail Corp,National Nail Corp,National Nail Corp,603150,,,"National Nail Corp, Commercial Product, 603150 - Commercial Grade Commercial Pro",COMMERCIAL PRODUCT,"National Nail Corp, 603150, Commercial Product",The National Nail Corp 603150 is a commercial-grade commercial product designed for professional and industrial applications.,National Nail Corp 603150 Commercial Product,The National Nail Corp 603150 is a commercial-grade commercial product designed for professional and industrial applications.,,,,,,,,,,,,,,,,,,,,,,,,,,National Nail Corp 603150 Commercial Product,,,,,,,,,,,,,,,,,,,,,,,,,,,,,,,,,,,,,,,,,,,,,,,,,,,,,,,,,,,,,,,,,,,,,,,,,,,,,,,,,,,,,,,,,,,,,,,,,,,,,,,,,,,,,,,,,,,,,,,,,,,,,,,,,,,,,,,,,,,,,,,,,,,,,,,,,,,,,1,EA,,,,,,,,,,,,,,,,,,,,,,,,,,,,,,,,,,,,,US,No,Yes
,,,,,,d10cnk,,,,d10cnk,d10cnk,"D10CNK Prebena 1/2""x3/8"" - Staple",Prebena,Prebena,Prebena,Prebena,Prebena,Prebena,Prebena,d10cnk,,,"Prebena, Commercial Product, d10cnk, 1/2 inx3/8 - Commercial Grade Commercial Pr",COMMERCIAL PRODUCT 1/2 INX3/8,"Prebena, d10cnk, Commercial Product, 1/2 inx3/8",The Prebena d10cnk is a commercial-grade commercial product designed for professional and industrial applications. Engineered with measuring 1/2 inx3/8.,Prebena d10cnk Commercial Product (1/2 inx3/8),The Prebena d10cnk is a commercial-grade commercial product designed for professional and industrial applications. Engineered with measuring 1/2 inx3/8.,Precision dimensions: 1/2 inx3/8,,,,,,,,,,,,,,,,,,,,,,,,,Prebena d10cnk Commercial Product (1/2 inx3/8),Dimensions,1/2 inx3/8,in,,,,,,,,,,,,,,,,,,,,,,,,,,,,,,,,,,,,,,,,,,,,,,,,,,,,,,,,,,,,,,,,,,,,,,,,,,,,,,,,,,,,,,,,,,,,,,,,,,,,,,,,,,,,,,,,,,,,,,,,,,,,,,,,,,,,,,,,,,,,,,,,,,,,,,,,,,1,EA,,,,,,,,,,,,,,,,,,,,,,,,,,,,,,,,,,,,,US,No,Yes
,,,,,,e28cnkha,,,,e28cnkha,e28cnkha,"E28CNKHA Prebena 2/4""x1 1/8"" - Staple",Prebena,Prebena,Prebena,Prebena,Prebena,Prebena,Prebena,e28cnkha,,,"Prebena, Commercial Product, e28cnkha, 2/4 inx1 - Commercial Grade Commercial Pr",COMMERCIAL PRODUCT 2/4 INX1,"Prebena, e28cnkha, Commercial Product, 2/4 inx1",The Prebena e28cnkha is a commercial-grade commercial product designed for professional and industrial applications. Engineered with measuring 2/4 inx1. Key Specifications include ArborSize: 1.,Prebena e28cnkha Commercial Product (2/4 inx1),The Prebena e28cnkha is a commercial-grade commercial product designed for professional and industrial applications. Engineered with measuring 2/4 inx1. Key Specifications include ArborSize: 1.,Precision dimensions: 2/4 inx1,,,,,,,,,,,,,,,,,,,,,,,,,Prebena e28cnkha Commercial Product (2/4 inx1),Dimensions,2/4 inx1,in,Arbor Size,1,in,,,,,,,,,,,,,,,,,,,,,,,,,,,,,,,,,,,,,,,,,,,,,,,,,,,,,,,,,,,,,,,,,,,,,,,,,,,,,,,,,,,,,,,,,,,,,,,,,,,,,,,,,,,,,,,,,,,,,,,,,,,,,,,,,,,,,,,,,,,,,,,,,,,,,,,1,EA,,,,,,,,,,,,,,,,,,,,,,,,,,,,,,,,,,,,,US,No,Yes
,,,,,,51334,,,,51334,51334,"51334 44"" Wh Gilmour Fan",Hunter Fan Co,Hunter Fan Co,Hunter Fan Co,Hunter Fan Co,Hunter Fan Co,Hunter Fan Co,Hunter Fan Co,51334,,,"Hunter Fan Co, Commercial Product, 51334 - Commercial Grade Commercial Product",COMMERCIAL PRODUCT,"Hunter Fan Co, 51334, Commercial Product",The Hunter Fan Co 51334 is a commercial-grade commercial product designed for professional and industrial applications.,Hunter Fan Co 51334 Commercial Product,The Hunter Fan Co 51334 is a commercial-grade commercial product designed for professional and industrial applications.,,,,,,,,,,,,,,,,,,,,,,,,,,Hunter Fan Co 51334 Commercial Product,,,,,,,,,,,,,,,,,,,,,,,,,,,,,,,,,,,,,,,,,,,,,,,,,,,,,,,,,,,,,,,,,,,,,,,,,,,,,,,,,,,,,,,,,,,,,,,,,,,,,,,,,,,,,,,,,,,,,,,,,,,,,,,,,,,,,,,,,,,,,,,,,,,,,,,,,,,,,1,EA,,,,,,,,,,,,,,,,,,,,,,,,,,,,,,,,,,,,,US,No,Yes
,,,,,,59210,,,,59210,59210,"59210 52"" BZ Sent Hunter Fan",Hunter Fan Co,Hunter Fan Co,Hunter Fan Co,Hunter Fan Co,Hunter Fan Co,Hunter Fan Co,Hunter Fan Co,59210,,,"Hunter Fan Co, Commercial Product, 59210 - Commercial Grade Commercial Product",COMMERCIAL PRODUCT,"Hunter Fan Co, 59210, Commercial Product",The Hunter Fan Co 59210 is a commercial-grade commercial product designed for professional and industrial applications.,Hunter Fan Co 59210 Commercial Product,The Hunter Fan Co 59210 is a commercial-grade commercial product designed for professional and industrial applications.,,,,,,,,,,,,,,,,,,,,,,,,,,Hunter Fan Co 59210 Commercial Product,,,,,,,,,,,,,,,,,,,,,,,,,,,,,,,,,,,,,,,,,,,,,,,,,,,,,,,,,,,,,,,,,,,,,,,,,,,,,,,,,,,,,,,,,,,,,,,,,,,,,,,,,,,,,,,,,,,,,,,,,,,,,,,,,,,,,,,,,,,,,,,,,,,,,,,,,,,,,1,EA,,,,,,,,,,,,,,,,,,,,,,,,,,,,,,,,,,,,,US,No,Yes
,,,,,,52485,,,,52485,52485,"52485 52"" MB Anisten Fan",Hunter Fan Co,Hunter Fan Co,Hunter Fan Co,Hunter Fan Co,Hunter Fan Co,Hunter Fan Co,Hunter Fan Co,52485,,,"Hunter Fan Co, Commercial Product, 52485 - Commercial Grade Commercial Product",COMMERCIAL PRODUCT,"Hunter Fan Co, 52485, Commercial Product",The Hunter Fan Co 52485 is a commercial-grade commercial product designed for professional and industrial applications. Engineered with matte black finish. Key Specifications include Finish: Matte Black.,Hunter Fan Co 52485 Commercial Product in Matte Black,The Hunter Fan Co 52485 is a commercial-grade commercial product designed for professional and industrial applications. Engineered with matte black finish. Key Specifications include Finish: Matte Black.,,,,,,,,,,,,,,,,,,,,,,,,,,Hunter Fan Co 52485 Commercial Product in Matte Black,Finish,Matte Black,,,,,,,,,,,,,,,,,,,,,,,,,,,,,,,,,,,,,,,,,,,,,,,,,,,,,,,,,,,,,,,,,,,,,,,,,,,,,,,,,,,,,,,,,,,,,,,,,,,,,,,,,,,,,,,,,,,,,,,,,,,,,,,,,,,,,,,,,,,,,,,,,,,,,,,,,,,1,EA,,,,,,,,,,,,,,,,,,,,,,,,,,,,,,,,,,,,,US,No,Yes
,,,,,,52486,,,,52486,52486,"52486 44"" MB Anisten Fan",Hunter Fan Co,Hunter Fan Co,Hunter Fan Co,Hunter Fan Co,Hunter Fan Co,Hunter Fan Co,Hunter Fan Co,52486,,,"Hunter Fan Co, Commercial Product, 52486 - Commercial Grade Commercial Product",COMMERCIAL PRODUCT,"Hunter Fan Co, 52486, Commercial Product",The Hunter Fan Co 52486 is a commercial-grade commercial product designed for professional and industrial applications. Engineered with matte black finish. Key Specifications include Finish: Matte Black.,Hunter Fan Co 52486 Commercial Product in Matte Black,The Hunter Fan Co 52486 is a commercial-grade commercial product designed for professional and industrial applications. Engineered with matte black finish. Key Specifications include Finish: Matte Black.,,,,,,,,,,,,,,,,,,,,,,,,,,Hunter Fan Co 52486 Commercial Product in Matte Black,Finish,Matte Black,,,,,,,,,,,,,,,,,,,,,,,,,,,,,,,,,,,,,,,,,,,,,,,,,,,,,,,,,,,,,,,,,,,,,,,,,,,,,,,,,,,,,,,,,,,,,,,,,,,,,,,,,,,,,,,,,,,,,,,,,,,,,,,,,,,,,,,,,,,,,,,,,,,,,,,,,,,1,EA,,,,,,,,,,,,,,,,,,,,,,,,,,,,,,,,,,,,,US,No,Yes
,,,,,,52487,,,,52487,52487,"52487 52"" WH Anisten Fan",Hunter Fan Co,Hunter Fan Co,Hunter Fan Co,Hunter Fan Co,Hunter Fan Co,Hunter Fan Co,Hunter Fan Co,52487,,,"Hunter Fan Co, Commercial Product, 52487 - Commercial Grade Commercial Product",COMMERCIAL PRODUCT,"Hunter Fan Co, 52487, Commercial Product",The Hunter Fan Co 52487 is a commercial-grade commercial product designed for professional and industrial applications.,Hunter Fan Co 52487 Commercial Product,The Hunter Fan Co 52487 is a commercial-grade commercial product designed for professional and industrial applications.,,,,,,,,,,,,,,,,,,,,,,,,,,Hunter Fan Co 52487 Commercial Product,,,,,,,,,,,,,,,,,,,,,,,,,,,,,,,,,,,,,,,,,,,,,,,,,,,,,,,,,,,,,,,,,,,,,,,,,,,,,,,,,,,,,,,,,,,,,,,,,,,,,,,,,,,,,,,,,,,,,,,,,,,,,,,,,,,,,,,,,,,,,,,,,,,,,,,,,,,,,1,EA,,,,,,,,,,,,,,,,,,,,,,,,,,,,,,,,,,,,,US,No,Yes
,,,,,,52488,,,,52488,52488,"52488 44"" WH Anisten Fan",Hunter Fan Co,Hunter Fan Co,Hunter Fan Co,Hunter Fan Co,Hunter Fan Co,Hunter Fan Co,Hunter Fan Co,52488,,,"Hunter Fan Co, Commercial Product, 52488 - Commercial Grade Commercial Product",COMMERCIAL PRODUCT,"Hunter Fan Co, 52488, Commercial Product",The Hunter Fan Co 52488 is a commercial-grade commercial product designed for professional and industrial applications.,Hunter Fan Co 52488 Commercial Product,The Hunter Fan Co 52488 is a commercial-grade commercial product designed for professional and industrial applications.,,,,,,,,,,,,,,,,,,,,,,,,,,Hunter Fan Co 52488 Commercial Product,,,,,,,,,,,,,,,,,,,,,,,,,,,,,,,,,,,,,,,,,,,,,,,,,,,,,,,,,,,,,,,,,,,,,,,,,,,,,,,,,,,,,,,,,,,,,,,,,,,,,,,,,,,,,,,,,,,,,,,,,,,,,,,,,,,,,,,,,,,,,,,,,,,,,,,,,,,,,1,EA,,,,,,,,,,,,,,,,,,,,,,,,,,,,,,,,,,,,,US,No,Yes
,,,,,,52655,,,,52655,52655,"52655 52"" MB Xidane Hunter Fan",Hunter Fan Co,Hunter Fan Co,Hunter Fan Co,Hunter Fan Co,Hunter Fan Co,Hunter Fan Co,Hunter Fan Co,52655,,,"Hunter Fan Co, Commercial Product, 52655 - Commercial Grade Commercial Product",COMMERCIAL PRODUCT,"Hunter Fan Co, 52655, Commercial Product",The Hunter Fan Co 52655 is a commercial-grade commercial product designed for professional and industrial applications. Engineered with matte black finish. Key Specifications include Finish: Matte Black.,Hunter Fan Co 52655 Commercial Product in Matte Black,The Hunter Fan Co 52655 is a commercial-grade commercial product designed for professional and industrial applications. Engineered with matte black finish. Key Specifications include Finish: Matte Black.,,,,,,,,,,,,,,,,,,,,,,,,,,Hunter Fan Co 52655 Commercial Product in Matte Black,Finish,Matte Black,,,,,,,,,,,,,,,,,,,,,,,,,,,,,,,,,,,,,,,,,,,,,,,,,,,,,,,,,,,,,,,,,,,,,,,,,,,,,,,,,,,,,,,,,,,,,,,,,,,,,,,,,,,,,,,,,,,,,,,,,,,,,,,,,,,,,,,,,,,,,,,,,,,,,,,,,,,1,EA,,,,,,,,,,,,,,,,,,,,,,,,,,,,,,,,,,,,,US,No,Yes
,,,,,,59261,,,,59261,59261,"59261 52"" PB Cassius Fan",Hunter Fan Co,Hunter Fan Co,Hunter Fan Co,Hunter Fan Co,Hunter Fan Co,Hunter Fan Co,Hunter Fan Co,59261,,,"Hunter Fan Co, Commercial Product, 59261 - Commercial Grade Commercial Product",COMMERCIAL PRODUCT,"Hunter Fan Co, 59261, Commercial Product",The Hunter Fan Co 59261 is a commercial-grade commercial product designed for professional and industrial applications.,Hunter Fan Co 59261 Commercial Product,The Hunter Fan Co 59261 is a commercial-grade commercial product designed for professional and industrial applications.,,,,,,,,,,,,,,,,,,,,,,,,,,Hunter Fan Co 59261 Commercial Product,,,,,,,,,,,,,,,,,,,,,,,,,,,,,,,,,,,,,,,,,,,,,,,,,,,,,,,,,,,,,,,,,,,,,,,,,,,,,,,,,,,,,,,,,,,,,,,,,,,,,,,,,,,,,,,,,,,,,,,,,,,,,,,,,,,,,,,,,,,,,,,,,,,,,,,,,,,,,1,EA,,,,,,,,,,,,,,,,,,,,,,,,,,,,,,,,,,,,,US,No,Yes
,,,,,,51731,,,,51731,51731,"51731 52"" MB Jetty Hunter Fan",Hunter Fan Co,Hunter Fan Co,Hunter Fan Co,Hunter Fan Co,Hunter Fan Co,Hunter Fan Co,Hunter Fan Co,51731,,,"Hunter Fan Co, Commercial Product, 51731 - Commercial Grade Commercial Product",COMMERCIAL PRODUCT,"Hunter Fan Co, 51731, Commercial Product",The Hunter Fan Co 51731 is a commercial-grade commercial product designed for professional and industrial applications. Engineered with matte black finish. Key Specifications include Finish: Matte Black.,Hunter Fan Co 51731 Commercial Product in Matte Black,The Hunter Fan Co 51731 is a commercial-grade commercial product designed for professional and industrial applications. Engineered with matte black finish. Key Specifications include Finish: Matte Black.,,,,,,,,,,,,,,,,,,,,,,,,,,Hunter Fan Co 51731 Commercial Product in Matte Black,Finish,Matte Black,,,,,,,,,,,,,,,,,,,,,,,,,,,,,,,,,,,,,,,,,,,,,,,,,,,,,,,,,,,,,,,,,,,,,,,,,,,,,,,,,,,,,,,,,,,,,,,,,,,,,,,,,,,,,,,,,,,,,,,,,,,,,,,,,,,,,,,,,,,,,,,,,,,,,,,,,,,1,EA,,,,,,,,,,,,,,,,,,,,,,,,,,,,,,,,,,,,,US,No,Yes
,,,,,,XLC10ZW,,,,XLC10ZW,XLC10ZW,XLC10ZW Makita 18V Cordless Vacuum,MAKITA®,MAKITA®,MAKITA®,MAKITA,MAKITA,MAKITA®,MAKITA®,XLC10ZW,,,"MAKITA®, Commercial Product, XLC10ZW, 18 V - Commercial Grade Commercial Product",COMMERCIAL PRODUCT 18 V,"MAKITA®, XLC10ZW, Commercial Product, 18 V",The MAKITA® XLC10ZW is a commercial-grade commercial product designed for professional and industrial applications. Engineered with rated for 18 V.,MAKITA® XLC10ZW Commercial Product,The MAKITA® XLC10ZW is a commercial-grade commercial product designed for professional and industrial applications. Engineered with rated for 18 V.,Operates at standard 18 V,,,,,,,,,,,,,,,,,,,,,,,,,MAKITA® XLC10ZW Commercial Product,Voltage,18,V,,,,,,,,,,,,,,,,,,,,,,,,,,,,,,,,,,,,,,,,,,,,,,,,,,,,,,,,,,,,,,,,,,,,,,,,,,,,,,,,,,,,,,,,,,,,,,,,,,,,,,,,,,,,,,,,,,,,,,,,,,,,,,,,,,,,,,,,,,,,,,,,,,,,,,,,,,1,EA,,,,,,,,,,,,,,,,,,,,,,,,,,,,,,,,,,,,,US,No,Yes
,,,,,,HS-DA,,,,HS-DA,HS-DA,HS-DA Motion Driveway Alert,Sabre,Sabre,Sabre,Sabre,Sabre,Sabre,Sabre,HS-DA,,,"Sabre, Commercial Product, HS-DA - Commercial Grade Commercial Product",COMMERCIAL PRODUCT,"Sabre, HS-DA, Commercial Product",The Sabre HS-DA is a commercial-grade commercial product designed for professional and industrial applications.,Sabre HS-DA Commercial Product,The Sabre HS-DA is a commercial-grade commercial product designed for professional and industrial applications.,,,,,,,,,,,,,,,,,,,,,,,,,,Sabre HS-DA Commercial Product,,,,,,,,,,,,,,,,,,,,,,,,,,,,,,,,,,,,,,,,,,,,,,,,,,,,,,,,,,,,,,,,,,,,,,,,,,,,,,,,,,,,,,,,,,,,,,,,,,,,,,,,,,,,,,,,,,,,,,,,,,,,,,,,,,,,,,,,,,,,,,,,,,,,,,,,,,,,,1,EA,,,,,,,,,,,,,,,,,,,,,,,,,,,,,,,,,,,,,US,No,Yes
,,,,,,73002252,,,,73002252,73002252,Black Gate Gravity Latch RDI,-,-,-,-,-,-,-,73002252,,,"-, Commercial Product, 73002252 - Commercial Grade Commercial Product",COMMERCIAL PRODUCT,"-, 73002252, Commercial Product",The - 73002252 is a commercial-grade commercial product designed for professional and industrial applications.,- 73002252 Commercial Product,The - 73002252 is a commercial-grade commercial product designed for professional and industrial applications.,,,,,,,,,,,,,,,,,,,,,,,,,,- 73002252 Commercial Product,,,,,,,,,,,,,,,,,,,,,,,,,,,,,,,,,,,,,,,,,,,,,,,,,,,,,,,,,,,,,,,,,,,,,,,,,,,,,,,,,,,,,,,,,,,,,,,,,,,,,,,,,,,,,,,,,,,,,,,,,,,,,,,,,,,,,,,,,,,,,,,,,,,,,,,,,,,,,1,EA,,,,,,,,,,,,,,,,,,,,,,,,,,,,,,,,,,,,,US,No,Yes
,,,,,,48-22-8396R,,,,48-22-8396R,48-22-8396R,48-22-8396R Milw 24oz Bottle - Insulated,MILWAUKEE®,MILWAUKEE®,MILWAUKEE®,MILWAUKEE,MILWAUKEE,MILWAUKEE®,MILWAUKEE®,48-22-8396R,,,"MILWAUKEE®, Commercial Product, 48-22-8396R - Commercial Grade Commercial Produc",COMMERCIAL PRODUCT,"MILWAUKEE®, 48-22-8396R, Commercial Product",The MILWAUKEE® 48-22-8396R is a commercial-grade commercial product designed for professional and industrial applications.,MILWAUKEE® 48-22-8396R Commercial Product,The MILWAUKEE® 48-22-8396R is a commercial-grade commercial product designed for professional and industrial applications.,,,,,,,,,,,,,,,,,,,,,,,,,,MILWAUKEE® 48-22-8396R Commercial Product,,,,,,,,,,,,,,,,,,,,,,,,,,,,,,,,,,,,,,,,,,,,,,,,,,,,,,,,,,,,,,,,,,,,,,,,,,,,,,,,,,,,,,,,,,,,,,,,,,,,,,,,,,,,,,,,,,,,,,,,,,,,,,,,,,,,,,,,,,,,,,,,,,,,,,,,,,,,,1,EA,,,,,,,,,,,,,,,,,,,,,,,,,,,,,,,,,,,,,US,No,Yes
,,,,,,48-22-8397R,,,,48-22-8397R,48-22-8397R,48-22-8397R Milw 36oz Bottle - Insulated,MILWAUKEE®,MILWAUKEE®,MILWAUKEE®,MILWAUKEE,MILWAUKEE,MILWAUKEE®,MILWAUKEE®,48-22-8397R,,,"MILWAUKEE®, Commercial Product, 48-22-8397R - Commercial Grade Commercial Produc",COMMERCIAL PRODUCT,"MILWAUKEE®, 48-22-8397R, Commercial Product",The MILWAUKEE® 48-22-8397R is a commercial-grade commercial product designed for professional and industrial applications.,MILWAUKEE® 48-22-8397R Commercial Product,The MILWAUKEE® 48-22-8397R is a commercial-grade commercial product designed for professional and industrial applications.,,,,,,,,,,,,,,,,,,,,,,,,,,MILWAUKEE® 48-22-8397R Commercial Product,,,,,,,,,,,,,,,,,,,,,,,,,,,,,,,,,,,,,,,,,,,,,,,,,,,,,,,,,,,,,,,,,,,,,,,,,,,,,,,,,,,,,,,,,,,,,,,,,,,,,,,,,,,,,,,,,,,,,,,,,,,,,,,,,,,,,,,,,,,,,,,,,,,,,,,,,,,,,1,EA,,,,,,,,,,,,,,,,,,,,,,,,,,,,,,,,,,,,,US,No,Yes
,,,,,,DCGG581B,,,,DCGG581B,DCGG581B,DCGG581B Dewalt 20V Grease Gun 2-Speed,DEWALT®,DEWALT®,DEWALT®,DEWALT,DEWALT,DEWALT®,DEWALT®,DCGG581B,,,"DEWALT®, Commercial Product, DCGG581B, 20 V - Commercial Grade Commercial Produc",COMMERCIAL PRODUCT 20 V,"DEWALT®, DCGG581B, Commercial Product, 20 V",The DEWALT® DCGG581B is a commercial-grade commercial product designed for professional and industrial applications. Engineered with rated for 20 V.,DEWALT® DCGG581B Commercial Product,The DEWALT® DCGG581B is a commercial-grade commercial product designed for professional and industrial applications. Engineered with rated for 20 V.,Operates at standard 20 V,,,,,,,,,,,,,,,,,,,,,,,,,DEWALT® DCGG581B Commercial Product,Voltage,20,V,,,,,,,,,,,,,,,,,,,,,,,,,,,,,,,,,,,,,,,,,,,,,,,,,,,,,,,,,,,,,,,,,,,,,,,,,,,,,,,,,,,,,,,,,,,,,,,,,,,,,,,,,,,,,,,,,,,,,,,,,,,,,,,,,,,,,,,,,,,,,,,,,,,,,,,,,,1,EA,,,,,,,,,,,,,,,,,,,,,,,,,,,,,,,,,,,,,US,No,Yes
,,,,,,DCGG581GD1,,,,DCGG581GD1,DCGG581GD1,DCGG581GD1 Dewalt 20V Grease Gun 2-Speed Kit,DEWALT®,DEWALT®,DEWALT®,DEWALT,DEWALT,DEWALT®,DEWALT®,DCGG581GD1,,,"DEWALT®, Commercial Product, DCGG581GD1, 20 V - Commercial Grade Commercial Prod",COMMERCIAL PRODUCT 20 V,"DEWALT®, DCGG581GD1, Commercial Product, 20 V",The DEWALT® DCGG581GD1 is a commercial-grade commercial product designed for professional and industrial applications. Engineered with rated for 20 V.,DEWALT® DCGG581GD1 Commercial Product,The DEWALT® DCGG581GD1 is a commercial-grade commercial product designed for professional and industrial applications. Engineered with rated for 20 V.,Operates at standard 20 V,,,,,,,,,,,,,,,,,,,,,,,,,DEWALT® DCGG581GD1 Commercial Product,Voltage,20,V,,,,,,,,,,,,,,,,,,,,,,,,,,,,,,,,,,,,,,,,,,,,,,,,,,,,,,,,,,,,,,,,,,,,,,,,,,,,,,,,,,,,,,,,,,,,,,,,,,,,,,,,,,,,,,,,,,,,,,,,,,,,,,,,,,,,,,,,,,,,,,,,,,,,,,,,,,1,EA,,,,,,,,,,,,,,,,,,,,,,,,,,,,,,,,,,,,,US,No,Yes
,,,,,,DWST41092,,,,DWST41092,DWST41092,"DWST41092 Dewalt Tool Chest 41"" Bottom",DEWALT®,DEWALT®,DEWALT®,DEWALT,DEWALT,DEWALT®,DEWALT®,DWST41092,,,"DEWALT®, Commercial Product, DWST41092 - Commercial Grade Commercial Product",COMMERCIAL PRODUCT,"DEWALT®, DWST41092, Commercial Product",The DEWALT® DWST41092 is a commercial-grade commercial product designed for professional and industrial applications.,DEWALT® DWST41092 Commercial Product,The DEWALT® DWST41092 is a commercial-grade commercial product designed for professional and industrial applications.,,,,,,,,,,,,,,,,,,,,,,,,,,DEWALT® DWST41092 Commercial Product,,,,,,,,,,,,,,,,,,,,,,,,,,,,,,,,,,,,,,,,,,,,,,,,,,,,,,,,,,,,,,,,,,,,,,,,,,,,,,,,,,,,,,,,,,,,,,,,,,,,,,,,,,,,,,,,,,,,,,,,,,,,,,,,,,,,,,,,,,,,,,,,,,,,,,,,,,,,,1,EA,,,,,,,,,,,,,,,,,,,,,,,,,,,,,,,,,,,,,US,No,Yes
,,,,,,156436WHT,,,,156436WHT,156436WHT,156436 Wh 4x4x120 Post Wrap,Palmer Donavin Mfg Company,Palmer Donavin Mfg Company,Palmer Donavin Mfg Company,Palmer Donavin Mfg Company,Palmer Donavin Mfg Company,Palmer Donavin Mfg Company,Palmer Donavin Mfg Company,156436WHT,,,"Palmer Donavin Mfg Company, Commercial Product, 156436WHT, 4x4x120",COMMERCIAL PRODUCT 4X4X120,"Palmer Donavin Mfg Company, 156436WHT, Commercial Product, 4x4x120",The Palmer Donavin Mfg Company 156436WHT is a commercial-grade commercial product designed for professional and industrial applications. Engineered with measuring 4x4x120. Key Specifications include ArborSize: 120.,Palmer Donavin Mfg Company 156436WHT Commercial Product (4x4x120),The Palmer Donavin Mfg Company 156436WHT is a commercial-grade commercial product designed for professional and industrial applications. Engineered with measuring 4x4x120. Key Specifications include ArborSize: 120.,Precision dimensions: 4x4x120,,,,,,,,,,,,,,,,,,,,,,,,,Palmer Donavin Mfg Company 156436WHT Commercial Product (4x4x120),Dimensions,4x4x120,in,Arbor Size,120,in,,,,,,,,,,,,,,,,,,,,,,,,,,,,,,,,,,,,,,,,,,,,,,,,,,,,,,,,,,,,,,,,,,,,,,,,,,,,,,,,,,,,,,,,,,,,,,,,,,,,,,,,,,,,,,,,,,,,,,,,,,,,,,,,,,,,,,,,,,,,,,,,,,,,,,,1,EA,,,,,,,,,,,,,,,,,,,,,,,,,,,,,,,,,,,,,US,No,Yes
,,,,,,173950TBK,,,,173950TBK,173950TBK,"4""x8'-6"" DSI SQ Black Alum Post Wrap",Palmer Donavin Mfg Company,Palmer Donavin Mfg Company,Palmer Donavin Mfg Company,Palmer Donavin Mfg Company,Palmer Donavin Mfg Company,Palmer Donavin Mfg Company,Palmer Donavin Mfg Company,173950TBK,,,"Palmer Donavin Mfg Company, Commercial Product, 173950TBK, 4 inx8",COMMERCIAL PRODUCT ALUM 4 INX8,"Palmer Donavin Mfg Company, 173950TBK, Commercial Product, 4 inx8","The Palmer Donavin Mfg Company 173950TBK is a commercial-grade commercial product designed for professional and industrial applications. Engineered with durable aluminum construction, measuring 4 inx8.",Palmer Donavin Mfg Company 173950TBK Commercial Product in Aluminum (4 inx8),"The Palmer Donavin Mfg Company 173950TBK is a commercial-grade commercial product designed for professional and industrial applications. Engineered with durable aluminum construction, measuring 4 inx8.",Constructed with high-grade Aluminum,Precision dimensions: 4 inx8,,,,,,,,,,,,,,,,,,,,,,,,Palmer Donavin Mfg Company 173950TBK Commercial Product in Aluminum (4 inx8),Dimensions,4 inx8,in,Material,Aluminum,,,,,,,,,,,,,,,,,,,,,,,,,,,,,,,,,,,,,,,,,,,,,,,,,,,,,,,,,,,,,,,,,,,,,,,,,,,,,,,,,,,,,,,,,,,,,,,,,,,,,,,,,,,,,,,,,,,,,,,,,,,,,,,,,,,,,,,,,,,,,,,,,,,,,,,,1,EA,,,,,,,,,,,,,,,,,,,,,,,,,,,,,,,,,,,,,US,No,Yes
,,,,,,173951TBK,,,,173951TBK,173951TBK,"6""x8'-6"" DSI SQ Black Alum Post Wrap",Palmer Donavin Mfg Company,Palmer Donavin Mfg Company,Palmer Donavin Mfg Company,Palmer Donavin Mfg Company,Palmer Donavin Mfg Company,Palmer Donavin Mfg Company,Palmer Donavin Mfg Company,173951TBK,,,"Palmer Donavin Mfg Company, Commercial Product, 173951TBK, 6 inx8",COMMERCIAL PRODUCT ALUM 6 INX8,"Palmer Donavin Mfg Company, 173951TBK, Commercial Product, 6 inx8","The Palmer Donavin Mfg Company 173951TBK is a commercial-grade commercial product designed for professional and industrial applications. Engineered with durable aluminum construction, measuring 6 inx8.",Palmer Donavin Mfg Company 173951TBK Commercial Product in Aluminum (6 inx8),"The Palmer Donavin Mfg Company 173951TBK is a commercial-grade commercial product designed for professional and industrial applications. Engineered with durable aluminum construction, measuring 6 inx8.",Constructed with high-grade Aluminum,Precision dimensions: 6 inx8,,,,,,,,,,,,,,,,,,,,,,,,Palmer Donavin Mfg Company 173951TBK Commercial Product in Aluminum (6 inx8),Dimensions,6 inx8,in,Material,Aluminum,,,,,,,,,,,,,,,,,,,,,,,,,,,,,,,,,,,,,,,,,,,,,,,,,,,,,,,,,,,,,,,,,,,,,,,,,,,,,,,,,,,,,,,,,,,,,,,,,,,,,,,,,,,,,,,,,,,,,,,,,,,,,,,,,,,,,,,,,,,,,,,,,,,,,,,,1,EA,,,,,,,,,,,,,,,,,,,,,,,,,,,,,,,,,,,,,US,No,Yes
,,,,,,173952TBK,,,,173952TBK,173952TBK,"6""x10' DSI SQ Black Alum Post Wrap",Palmer Donavin Mfg Company,Palmer Donavin Mfg Company,Palmer Donavin Mfg Company,Palmer Donavin Mfg Company,Palmer Donavin Mfg Company,Palmer Donavin Mfg Company,Palmer Donavin Mfg Company,173952TBK,,,"Palmer Donavin Mfg Company, Commercial Product, 173952TBK, 6 inx10",COMMERCIAL PRODUCT ALUM 6 INX10,"Palmer Donavin Mfg Company, 173952TBK, Commercial Product, 6 inx10","The Palmer Donavin Mfg Company 173952TBK is a commercial-grade commercial product designed for professional and industrial applications. Engineered with durable aluminum construction, measuring 6 inx10.",Palmer Donavin Mfg Company 173952TBK Commercial Product in Aluminum (6 inx10),"The Palmer Donavin Mfg Company 173952TBK is a commercial-grade commercial product designed for professional and industrial applications. Engineered with durable aluminum construction, measuring 6 inx10.",Constructed with high-grade Aluminum,Precision dimensions: 6 inx10,,,,,,,,,,,,,,,,,,,,,,,,Palmer Donavin Mfg Company 173952TBK Commercial Product in Aluminum (6 inx10),Dimensions,6 inx10,in,Material,Aluminum,,,,,,,,,,,,,,,,,,,,,,,,,,,,,,,,,,,,,,,,,,,,,,,,,,,,,,,,,,,,,,,,,,,,,,,,,,,,,,,,,,,,,,,,,,,,,,,,,,,,,,,,,,,,,,,,,,,,,,,,,,,,,,,,,,,,,,,,,,,,,,,,,,,,,,,,1,EA,,,,,,,,,,,,,,,,,,,,,,,,,,,,,,,,,,,,,US,No,Yes
,,,,,,1624157,,,,1624157,1624157,TW52 WH INSIDE CAS VIN WRAPPED,-,-,-,-,-,-,-,1624157,,,"-, Commercial Product, 1624157 - Commercial Grade Commercial Product",COMMERCIAL PRODUCT,"-, 1624157, Commercial Product",The - 1624157 is a commercial-grade commercial product designed for professional and industrial applications.,- 1624157 Commercial Product,The - 1624157 is a commercial-grade commercial product designed for professional and industrial applications.,,,,,,,,,,,,,,,,,,,,,,,,,,- 1624157 Commercial Product,,,,,,,,,,,,,,,,,,,,,,,,,,,,,,,,,,,,,,,,,,,,,,,,,,,,,,,,,,,,,,,,,,,,,,,,,,,,,,,,,,,,,,,,,,,,,,,,,,,,,,,,,,,,,,,,,,,,,,,,,,,,,,,,,,,,,,,,,,,,,,,,,,,,,,,,,,,,,1,EA,,,,,,,,,,,,,,,,,,,,,,,,,,,,,,,,,,,,,US,No,Yes
,,,,,,40025,,,,40025,40025,40025 TS-54 Wal-Board T-Square 009-008,Marshalltown Trowel,Marshalltown Trowel,Marshalltown Trowel,Marshalltown Trowel,Marshalltown Trowel,Marshalltown Trowel,Marshalltown Trowel,40025,,,"Marshalltown Trowel, Commercial Product, 40025 - Commercial Grade Commercial Pro",COMMERCIAL PRODUCT,"Marshalltown Trowel, 40025, Commercial Product",The Marshalltown Trowel 40025 is a commercial-grade commercial product designed for professional and industrial applications.,Marshalltown Trowel 40025 Commercial Product,The Marshalltown Trowel 40025 is a commercial-grade commercial product designed for professional and industrial applications.,,,,,,,,,,,,,,,,,,,,,,,,,,Marshalltown Trowel 40025 Commercial Product,,,,,,,,,,,,,,,,,,,,,,,,,,,,,,,,,,,,,,,,,,,,,,,,,,,,,,,,,,,,,,,,,,,,,,,,,,,,,,,,,,,,,,,,,,,,,,,,,,,,,,,,,,,,,,,,,,,,,,,,,,,,,,,,,,,,,,,,,,,,,,,,,,,,,,,,,,,,,1,EA,,,,,,,,,,,,,,,,,,,,,,,,,,,,,,,,,,,,,US,No,Yes
,,,,,,48-22-3301,,,,48-22-3301,48-22-3301,48-22-3301 Milw Mechanical Pencil w/ Lead Pack,MILWAUKEE®,MILWAUKEE®,MILWAUKEE®,MILWAUKEE,MILWAUKEE,MILWAUKEE®,MILWAUKEE®,48-22-3301,,,"MILWAUKEE®, Commercial Product, 48-22-3301 - Commercial Grade Commercial Product",COMMERCIAL PRODUCT,"MILWAUKEE®, 48-22-3301, Commercial Product",The MILWAUKEE® 48-22-3301 is a commercial-grade commercial product designed for professional and industrial applications.,MILWAUKEE® 48-22-3301 Commercial Product,The MILWAUKEE® 48-22-3301 is a commercial-grade commercial product designed for professional and industrial applications.,,,,,,,,,,,,,,,,,,,,,,,,,,MILWAUKEE® 48-22-3301 Commercial Product,,,,,,,,,,,,,,,,,,,,,,,,,,,,,,,,,,,,,,,,,,,,,,,,,,,,,,,,,,,,,,,,,,,,,,,,,,,,,,,,,,,,,,,,,,,,,,,,,,,,,,,,,,,,,,,,,,,,,,,,,,,,,,,,,,,,,,,,,,,,,,,,,,,,,,,,,,,,,1,EA,,,,,,,,,,,,,,,,,,,,,,,,,,,,,,,,,,,,,US,No,Yes
,,,,,,48-22-3302,,,,48-22-3302,48-22-3302,48-22-3302 Milw Mechanical Pencil Replacement Lead,MILWAUKEE®,MILWAUKEE®,MILWAUKEE®,MILWAUKEE,MILWAUKEE,MILWAUKEE®,MILWAUKEE®,48-22-3302,,,"MILWAUKEE®, Commercial Product, 48-22-3302 - Commercial Grade Commercial Product",COMMERCIAL PRODUCT,"MILWAUKEE®, 48-22-3302, Commercial Product",The MILWAUKEE® 48-22-3302 is a commercial-grade commercial product designed for professional and industrial applications.,MILWAUKEE® 48-22-3302 Commercial Product,The MILWAUKEE® 48-22-3302 is a commercial-grade commercial product designed for professional and industrial applications.,,,,,,,,,,,,,,,,,,,,,,,,,,MILWAUKEE® 48-22-3302 Commercial Product,,,,,,,,,,,,,,,,,,,,,,,,,,,,,,,,,,,,,,,,,,,,,,,,,,,,,,,,,,,,,,,,,,,,,,,,,,,,,,,,,,,,,,,,,,,,,,,,,,,,,,,,,,,,,,,,,,,,,,,,,,,,,,,,,,,,,,,,,,,,,,,,,,,,,,,,,,,,,1,EA,,,,,,,,,,,,,,,,,,,,,,,,,,,,,,,,,,,,,US,No,Yes
,,,,,,48-22-3303,,,,48-22-3303,48-22-3303,48-22-3303 Milw Mechanical Pencil Replacement Lead-Color,MILWAUKEE®,MILWAUKEE®,MILWAUKEE®,MILWAUKEE,MILWAUKEE,MILWAUKEE®,MILWAUKEE®,48-22-3303,,,"MILWAUKEE®, Commercial Product, 48-22-3303 - Commercial Grade Commercial Product",COMMERCIAL PRODUCT,"MILWAUKEE®, 48-22-3303, Commercial Product",The MILWAUKEE® 48-22-3303 is a commercial-grade commercial product designed for professional and industrial applications.,MILWAUKEE® 48-22-3303 Commercial Product,The MILWAUKEE® 48-22-3303 is a commercial-grade commercial product designed for professional and industrial applications.,,,,,,,,,,,,,,,,,,,,,,,,,,MILWAUKEE® 48-22-3303 Commercial Product,,,,,,,,,,,,,,,,,,,,,,,,,,,,,,,,,,,,,,,,,,,,,,,,,,,,,,,,,,,,,,,,,,,,,,,,,,,,,,,,,,,,,,,,,,,,,,,,,,,,,,,,,,,,,,,,,,,,,,,,,,,,,,,,,,,,,,,,,,,,,,,,,,,,,,,,,,,,,1,EA,,,,,,,,,,,,,,,,,,,,,,,,,,,,,,,,,,,,,US,No,Yes
,,,,,,TSDKAP218-G2,,,,TSDKAP218-G2,TSDKAP218-G2,TSDKAP218-G2 Edge Safety - Khor Black Frame Polarized,Edge Eyewear Inc,Edge Eyewear Inc,Edge Eyewear Inc,Edge Eyewear Inc,Edge Eyewear Inc,Edge Eyewear Inc,Edge Eyewear Inc,TSDKAP218-G2,,,"Edge Eyewear Inc, Commercial Product, TSDKAP218-G2 - Commercial Grade Commercial",COMMERCIAL PRODUCT,"Edge Eyewear Inc, TSDKAP218-G2, Commercial Product",The Edge Eyewear Inc TSDKAP218-G2 is a commercial-grade commercial product designed for professional and industrial applications.,Edge Eyewear Inc TSDKAP218-G2 Commercial Product,The Edge Eyewear Inc TSDKAP218-G2 is a commercial-grade commercial product designed for professional and industrial applications.,,,,,,,,,,,,,,,,,,,,,,,,,,Edge Eyewear Inc TSDKAP218-G2 Commercial Product,,,,,,,,,,,,,,,,,,,,,,,,,,,,,,,,,,,,,,,,,,,,,,,,,,,,,,,,,,,,,,,,,,,,,,,,,,,,,,,,,,,,,,,,,,,,,,,,,,,,,,,,,,,,,,,,,,,,,,,,,,,,,,,,,,,,,,,,,,,,,,,,,,,,,,,,,,,,,1,EA,,,,,,,,,,,,,,,,,,,,,,,,,,,,,,,,,,,,,US,No,Yes
,,,,,,XPAP418,,,,XPAP418,XPAP418,XPAP418 Edge Safety Glasses - Pumori Black Frame,Edge Eyewear Inc,Edge Eyewear Inc,Edge Eyewear Inc,Edge Eyewear Inc,Edge Eyewear Inc,Edge Eyewear Inc,Edge Eyewear Inc,XPAP418,,,"Edge Eyewear Inc, Commercial Product, XPAP418 - Commercial Grade Commercial Prod",COMMERCIAL PRODUCT,"Edge Eyewear Inc, XPAP418, Commercial Product",The Edge Eyewear Inc XPAP418 is a commercial-grade commercial product designed for professional and industrial applications.,Edge Eyewear Inc XPAP418 Commercial Product,The Edge Eyewear Inc XPAP418 is a commercial-grade commercial product designed for professional and industrial applications.,,,,,,,,,,,,,,,,,,,,,,,,,,Edge Eyewear Inc XPAP418 Commercial Product,,,,,,,,,,,,,,,,,,,,,,,,,,,,,,,,,,,,,,,,,,,,,,,,,,,,,,,,,,,,,,,,,,,,,,,,,,,,,,,,,,,,,,,,,,,,,,,,,,,,,,,,,,,,,,,,,,,,,,,,,,,,,,,,,,,,,,,,,,,,,,,,,,,,,,,,,,,,,1,EA,,,,,,,,,,,,,,,,,,,,,,,,,,,,,,,,,,,,,US,No,Yes
,,,,,,XDAP419,,,,XDAP419,XDAP419,XDAP419 Edge Safety Glasses - Dawson Black Frame Red Lenses,Edge Eyewear Inc,Edge Eyewear Inc,Edge Eyewear Inc,Edge Eyewear Inc,Edge Eyewear Inc,Edge Eyewear Inc,Edge Eyewear Inc,XDAP419,,,"Edge Eyewear Inc, Commercial Product, XDAP419 - Commercial Grade Commercial Prod",COMMERCIAL PRODUCT,"Edge Eyewear Inc, XDAP419, Commercial Product",The Edge Eyewear Inc XDAP419 is a commercial-grade commercial product designed for professional and industrial applications.,Edge Eyewear Inc XDAP419 Commercial Product,The Edge Eyewear Inc XDAP419 is a commercial-grade commercial product designed for professional and industrial applications.,,,,,,,,,,,,,,,,,,,,,,,,,,Edge Eyewear Inc XDAP419 Commercial Product,,,,,,,,,,,,,,,,,,,,,,,,,,,,,,,,,,,,,,,,,,,,,,,,,,,,,,,,,,,,,,,,,,,,,,,,,,,,,,,,,,,,,,,,,,,,,,,,,,,,,,,,,,,,,,,,,,,,,,,,,,,,,,,,,,,,,,,,,,,,,,,,,,,,,,,,,,,,,1,EA,,,,,,,,,,,,,,,,,,,,,,,,,,,,,,,,,,,,,US,No,Yes
,,,,,,XB11PCVS,,,,XB11PCVS,XB11PCVS,XB11PCVS Edge Safety Glasses - Photochromic Lense,Edge Eyewear Inc,Edge Eyewear Inc,Edge Eyewear Inc,Edge Eyewear Inc,Edge Eyewear Inc,Edge Eyewear Inc,Edge Eyewear Inc,XB11PCVS,,,"Edge Eyewear Inc, Commercial Product, XB11PCVS - Commercial Grade Commercial Pro",COMMERCIAL PRODUCT,"Edge Eyewear Inc, XB11PCVS, Commercial Product",The Edge Eyewear Inc XB11PCVS is a commercial-grade commercial product designed for professional and industrial applications.,Edge Eyewear Inc XB11PCVS Commercial Product,The Edge Eyewear Inc XB11PCVS is a commercial-grade commercial product designed for professional and industrial applications.,,,,,,,,,,,,,,,,,,,,,,,,,,Edge Eyewear Inc XB11PCVS Commercial Product,,,,,,,,,,,,,,,,,,,,,,,,,,,,,,,,,,,,,,,,,,,,,,,,,,,,,,,,,,,,,,,,,,,,,,,,,,,,,,,,,,,,,,,,,,,,,,,,,,,,,,,,,,,,,,,,,,,,,,,,,,,,,,,,,,,,,,,,,,,,,,,,,,,,,,,,,,,,,1,EA,,,,,,,,,,,,,,,,,,,,,,,,,,,,,,,,,,,,,US,No,Yes
,,,,,,KB121VS,,,,KB121VS,KB121VS,KB121VS Edge Safety Glasses - Kabru Black Frame,Edge Eyewear Inc,Edge Eyewear Inc,Edge Eyewear Inc,Edge Eyewear Inc,Edge Eyewear Inc,Edge Eyewear Inc,Edge Eyewear Inc,KB121VS,,,"Edge Eyewear Inc, Commercial Product, KB121VS - Commercial Grade Commercial Prod",COMMERCIAL PRODUCT,"Edge Eyewear Inc, KB121VS, Commercial Product",The Edge Eyewear Inc KB121VS is a commercial-grade commercial product designed for professional and industrial applications.,Edge Eyewear Inc KB121VS Commercial Product,The Edge Eyewear Inc KB121VS is a commercial-grade commercial product designed for professional and industrial applications.,,,,,,,,,,,,,,,,,,,,,,,,,,Edge Eyewear Inc KB121VS Commercial Product,,,,,,,,,,,,,,,,,,,,,,,,,,,,,,,,,,,,,,,,,,,,,,,,,,,,,,,,,,,,,,,,,,,,,,,,,,,,,,,,,,,,,,,,,,,,,,,,,,,,,,,,,,,,,,,,,,,,,,,,,,,,,,,,,,,,,,,,,,,,,,,,,,,,,,,,,,,,,1,EA,,,,,,,,,,,,,,,,,,,,,,,,,,,,,,,,,,,,,US,No,Yes
,,,,,,KB126VS,,,,KB126VS,KB126VS,KB126VS Edge Safety Glasses - Kabru Black Frame,Edge Eyewear Inc,Edge Eyewear Inc,Edge Eyewear Inc,Edge Eyewear Inc,Edge Eyewear Inc,Edge Eyewear Inc,Edge Eyewear Inc,KB126VS,,,"Edge Eyewear Inc, Commercial Product, KB126VS - Commercial Grade Commercial Prod",COMMERCIAL PRODUCT,"Edge Eyewear Inc, KB126VS, Commercial Product",The Edge Eyewear Inc KB126VS is a commercial-grade commercial product designed for professional and industrial applications.,Edge Eyewear Inc KB126VS Commercial Product,The Edge Eyewear Inc KB126VS is a commercial-grade commercial product designed for professional and industrial applications.,,,,,,,,,,,,,,,,,,,,,,,,,,Edge Eyewear Inc KB126VS Commercial Product,,,,,,,,,,,,,,,,,,,,,,,,,,,,,,,,,,,,,,,,,,,,,,,,,,,,,,,,,,,,,,,,,,,,,,,,,,,,,,,,,,,,,,,,,,,,,,,,,,,,,,,,,,,,,,,,,,,,,,,,,,,,,,,,,,,,,,,,,,,,,,,,,,,,,,,,,,,,,1,EA,,,,,,,,,,,,,,,,,,,,,,,,,,,,,,,,,,,,,US,No,Yes
,,,,,,TC121VS,,,,TC121VS,TC121VS,TC121VS Edge Safety Glasses - Tacana Black Frame,Edge Eyewear Inc,Edge Eyewear Inc,Edge Eyewear Inc,Edge Eyewear Inc,Edge Eyewear Inc,Edge Eyewear Inc,Edge Eyewear Inc,TC121VS,,,"Edge Eyewear Inc, Commercial Product, TC121VS - Commercial Grade Commercial Prod",COMMERCIAL PRODUCT,"Edge Eyewear Inc, TC121VS, Commercial Product",The Edge Eyewear Inc TC121VS is a commercial-grade commercial product designed for professional and industrial applications.,Edge Eyewear Inc TC121VS Commercial Product,The Edge Eyewear Inc TC121VS is a commercial-grade commercial product designed for professional and industrial applications.,,,,,,,,,,,,,,,,,,,,,,,,,,Edge Eyewear Inc TC121VS Commercial Product,,,,,,,,,,,,,,,,,,,,,,,,,,,,,,,,,,,,,,,,,,,,,,,,,,,,,,,,,,,,,,,,,,,,,,,,,,,,,,,,,,,,,,,,,,,,,,,,,,,,,,,,,,,,,,,,,,,,,,,,,,,,,,,,,,,,,,,,,,,,,,,,,,,,,,,,,,,,,1,EA,,,,,,,,,,,,,,,,,,,,,,,,,,,,,,,,,,,,,US,No,Yes
,,,,,,TC126VS,,,,TC126VS,TC126VS,TC126VS Edge Safety Glasses - Tacana Black Frame,Edge Eyewear Inc,Edge Eyewear Inc,Edge Eyewear Inc,Edge Eyewear Inc,Edge Eyewear Inc,Edge Eyewear Inc,Edge Eyewear Inc,TC126VS,,,"Edge Eyewear Inc, Commercial Product, TC126VS - Commercial Grade Commercial Prod",COMMERCIAL PRODUCT,"Edge Eyewear Inc, TC126VS, Commercial Product",The Edge Eyewear Inc TC126VS is a commercial-grade commercial product designed for professional and industrial applications.,Edge Eyewear Inc TC126VS Commercial Product,The Edge Eyewear Inc TC126VS is a commercial-grade commercial product designed for professional and industrial applications.,,,,,,,,,,,,,,,,,,,,,,,,,,Edge Eyewear Inc TC126VS Commercial Product,,,,,,,,,,,,,,,,,,,,,,,,,,,,,,,,,,,,,,,,,,,,,,,,,,,,,,,,,,,,,,,,,,,,,,,,,,,,,,,,,,,,,,,,,,,,,,,,,,,,,,,,,,,,,,,,,,,,,,,,,,,,,,,,,,,,,,,,,,,,,,,,,,,,,,,,,,,,,1,EA,,,,,,,,,,,,,,,,,,,,,,,,,,,,,,,,,,,,,US,No,Yes
,,,,,,MK113MPAP,,,,MK113MPAP,MK113MPAP,MK113MPAP Edge Safety Glasses - Makalu Black Frame Polarized,Edge Eyewear Inc,Edge Eyewear Inc,Edge Eyewear Inc,Edge Eyewear Inc,Edge Eyewear Inc,Edge Eyewear Inc,Edge Eyewear Inc,MK113MPAP,,,"Edge Eyewear Inc, Commercial Product, MK113MPAP - Commercial Grade Commercial Pr",COMMERCIAL PRODUCT,"Edge Eyewear Inc, MK113MPAP, Commercial Product",The Edge Eyewear Inc MK113MPAP is a commercial-grade commercial product designed for professional and industrial applications.,Edge Eyewear Inc MK113MPAP Commercial Product,The Edge Eyewear Inc MK113MPAP is a commercial-grade commercial product designed for professional and industrial applications.,,,,,,,,,,,,,,,,,,,,,,,,,,Edge Eyewear Inc MK113MPAP Commercial Product,,,,,,,,,,,,,,,,,,,,,,,,,,,,,,,,,,,,,,,,,,,,,,,,,,,,,,,,,,,,,,,,,,,,,,,,,,,,,,,,,,,,,,,,,,,,,,,,,,,,,,,,,,,,,,,,,,,,,,,,,,,,,,,,,,,,,,,,,,,,,,,,,,,,,,,,,,,,,1,EA,,,,,,,,,,,,,,,,,,,,,,,,,,,,,,,,,,,,,US,No,Yes
,,,,,,LS117MPAP,,,,LS117MPAP,LS117MPAP,LS117MPAP Edge Safety Glasses - Lassen Black Frame Polarized,Edge Eyewear Inc,Edge Eyewear Inc,Edge Eyewear Inc,Edge Eyewear Inc,Edge Eyewear Inc,Edge Eyewear Inc,Edge Eyewear Inc,LS117MPAP,,,"Edge Eyewear Inc, Commercial Product, LS117MPAP - Commercial Grade Commercial Pr",COMMERCIAL PRODUCT,"Edge Eyewear Inc, LS117MPAP, Commercial Product",The Edge Eyewear Inc LS117MPAP is a commercial-grade commercial product designed for professional and industrial applications.,Edge Eyewear Inc LS117MPAP Commercial Product,The Edge Eyewear Inc LS117MPAP is a commercial-grade commercial product designed for professional and industrial applications.,,,,,,,,,,,,,,,,,,,,,,,,,,Edge Eyewear Inc LS117MPAP Commercial Product,,,,,,,,,,,,,,,,,,,,,,,,,,,,,,,,,,,,,,,,,,,,,,,,,,,,,,,,,,,,,,,,,,,,,,,,,,,,,,,,,,,,,,,,,,,,,,,,,,,,,,,,,,,,,,,,,,,,,,,,,,,,,,,,,,,,,,,,,,,,,,,,,,,,,,,,,,,,,1,EA,,,,,,,,,,,,,,,,,,,,,,,,,,,,,,,,,,,,,US,No,Yes
,,,,,,FE-EFX-6L,,,,FE-EFX-6L,FE-EFX-6L,FEEFX6L Lith Fire Extinguisher,Ohio Firewatch Protection Inc,Ohio Firewatch Protection Inc,Ohio Firewatch Protection Inc,Ohio Firewatch Protection Inc,Ohio Firewatch Protection Inc,Ohio Firewatch Protection Inc,Ohio Firewatch Protection Inc,FE-EFX-6L,,,"Ohio Firewatch Protection Inc, Commercial Product, FE-EFX-6L",COMMERCIAL PRODUCT,"Ohio Firewatch Protection Inc, FE-EFX-6L, Commercial Product",The Ohio Firewatch Protection Inc FE-EFX-6L is a commercial-grade commercial product designed for professional and industrial applications.,Ohio Firewatch Protection Inc FE-EFX-6L Commercial Product,The Ohio Firewatch Protection Inc FE-EFX-6L is a commercial-grade commercial product designed for professional and industrial applications.,,,,,,,,,,,,,,,,,,,,,,,,,,Ohio Firewatch Protection Inc FE-EFX-6L Commercial Product,,,,,,,,,,,,,,,,,,,,,,,,,,,,,,,,,,,,,,,,,,,,,,,,,,,,,,,,,,,,,,,,,,,,,,,,,,,,,,,,,,,,,,,,,,,,,,,,,,,,,,,,,,,,,,,,,,,,,,,,,,,,,,,,,,,,,,,,,,,,,,,,,,,,,,,,,,,,,1,EA,,,,,,,,,,,,,,,,,,,,,,,,,,,,,,,,,,,,,US,No,Yes
,,,,,,FE-EFX-9L,,,,FE-EFX-9L,FE-EFX-9L,FEEFX9L Lith Fire Extinguisher,Ohio Firewatch Protection Inc,Ohio Firewatch Protection Inc,Ohio Firewatch Protection Inc,Ohio Firewatch Protection Inc,Ohio Firewatch Protection Inc,Ohio Firewatch Protection Inc,Ohio Firewatch Protection Inc,FE-EFX-9L,,,"Ohio Firewatch Protection Inc, Commercial Product, FE-EFX-9L",COMMERCIAL PRODUCT,"Ohio Firewatch Protection Inc, FE-EFX-9L, Commercial Product",The Ohio Firewatch Protection Inc FE-EFX-9L is a commercial-grade commercial product designed for professional and industrial applications.,Ohio Firewatch Protection Inc FE-EFX-9L Commercial Product,The Ohio Firewatch Protection Inc FE-EFX-9L is a commercial-grade commercial product designed for professional and industrial applications.,,,,,,,,,,,,,,,,,,,,,,,,,,Ohio Firewatch Protection Inc FE-EFX-9L Commercial Product,,,,,,,,,,,,,,,,,,,,,,,,,,,,,,,,,,,,,,,,,,,,,,,,,,,,,,,,,,,,,,,,,,,,,,,,,,,,,,,,,,,,,,,,,,,,,,,,,,,,,,,,,,,,,,,,,,,,,,,,,,,,,,,,,,,,,,,,,,,,,,,,,,,,,,,,,,,,,1,EA,,,,,,,,,,,,,,,,,,,,,,,,,,,,,,,,,,,,,US,No,Yes
,,,,,,1046793,,,,1046793,1046793,1046793 Smoke & CO Alarm,First Alert - B R K Brands,First Alert - B R K Brands,First Alert - B R K Brands,First Alert - B R K Brands,First Alert - B R K Brands,First Alert - B R K Brands,First Alert - B R K Brands,1046793,,,"First Alert - B R K Brands, Commercial Product, 1046793 - Commercial Grade Comme",COMMERCIAL PRODUCT,"First Alert - B R K Brands, 1046793, Commercial Product",The First Alert - B R K Brands 1046793 is a commercial-grade commercial product designed for professional and industrial applications.,First Alert - B R K Brands 1046793 Commercial Product,The First Alert - B R K Brands 1046793 is a commercial-grade commercial product designed for professional and industrial applications.,,,,,,,,,,,,,,,,,,,,,,,,,,First Alert - B R K Brands 1046793 Commercial Product,,,,,,,,,,,,,,,,,,,,,,,,,,,,,,,,,,,,,,,,,,,,,,,,,,,,,,,,,,,,,,,,,,,,,,,,,,,,,,,,,,,,,,,,,,,,,,,,,,,,,,,,,,,,,,,,,,,,,,,,,,,,,,,,,,,,,,,,,,,,,,,,,,,,,,,,,,,,,1,EA,,,,,,,,,,,,,,,,,,,,,,,,,,,,,,,,,,,,,US,No,Yes
,,,,,,1046870,,,,1046870,1046870,1046870 Smoke & CO Alarm,First Alert - B R K Brands,First Alert - B R K Brands,First Alert - B R K Brands,First Alert - B R K Brands,First Alert - B R K Brands,First Alert - B R K Brands,First Alert - B R K Brands,1046870,,,"First Alert - B R K Brands, Commercial Product, 1046870 - Commercial Grade Comme",COMMERCIAL PRODUCT,"First Alert - B R K Brands, 1046870, Commercial Product",The First Alert - B R K Brands 1046870 is a commercial-grade commercial product designed for professional and industrial applications.,First Alert - B R K Brands 1046870 Commercial Product,The First Alert - B R K Brands 1046870 is a commercial-grade commercial product designed for professional and industrial applications.,,,,,,,,,,,,,,,,,,,,,,,,,,First Alert - B R K Brands 1046870 Commercial Product,,,,,,,,,,,,,,,,,,,,,,,,,,,,,,,,,,,,,,,,,,,,,,,,,,,,,,,,,,,,,,,,,,,,,,,,,,,,,,,,,,,,,,,,,,,,,,,,,,,,,,,,,,,,,,,,,,,,,,,,,,,,,,,,,,,,,,,,,,,,,,,,,,,,,,,,,,,,,1,EA,,,,,,,,,,,,,,,,,,,,,,,,,,,,,,,,,,,,,US,No,Yes
,,,,,,M701B-21L,,,,M701B-21L,M701B-21L,M701B-21L Milw L Black Heated Work Glove Liners,MILWAUKEE®,MILWAUKEE®,MILWAUKEE®,MILWAUKEE,MILWAUKEE,MILWAUKEE®,MILWAUKEE®,M701B-21L,,,"MILWAUKEE®, Commercial Product, M701B-21L - Commercial Grade Commercial Product",COMMERCIAL PRODUCT,"MILWAUKEE®, M701B-21L, Commercial Product",The MILWAUKEE® M701B-21L is a commercial-grade commercial product designed for professional and industrial applications.,MILWAUKEE® M701B-21L Commercial Product,The MILWAUKEE® M701B-21L is a commercial-grade commercial product designed for professional and industrial applications.,,,,,,,,,,,,,,,,,,,,,,,,,,MILWAUKEE® M701B-21L Commercial Product,,,,,,,,,,,,,,,,,,,,,,,,,,,,,,,,,,,,,,,,,,,,,,,,,,,,,,,,,,,,,,,,,,,,,,,,,,,,,,,,,,,,,,,,,,,,,,,,,,,,,,,,,,,,,,,,,,,,,,,,,,,,,,,,,,,,,,,,,,,,,,,,,,,,,,,,,,,,,1,EA,,,,,,,,,,,,,,,,,,,,,,,,,,,,,,,,,,,,,US,No,Yes
,,,,,,M701B-21M,,,,M701B-21M,M701B-21M,M701B-21M Milw M Black Heated Work Glove Liners,MILWAUKEE®,MILWAUKEE®,MILWAUKEE®,MILWAUKEE,MILWAUKEE,MILWAUKEE®,MILWAUKEE®,M701B-21M,,,"MILWAUKEE®, Commercial Product, M701B-21M - Commercial Grade Commercial Product",COMMERCIAL PRODUCT,"MILWAUKEE®, M701B-21M, Commercial Product",The MILWAUKEE® M701B-21M is a commercial-grade commercial product designed for professional and industrial applications.,MILWAUKEE® M701B-21M Commercial Product,The MILWAUKEE® M701B-21M is a commercial-grade commercial product designed for professional and industrial applications.,,,,,,,,,,,,,,,,,,,,,,,,,,MILWAUKEE® M701B-21M Commercial Product,,,,,,,,,,,,,,,,,,,,,,,,,,,,,,,,,,,,,,,,,,,,,,,,,,,,,,,,,,,,,,,,,,,,,,,,,,,,,,,,,,,,,,,,,,,,,,,,,,,,,,,,,,,,,,,,,,,,,,,,,,,,,,,,,,,,,,,,,,,,,,,,,,,,,,,,,,,,,1,EA,,,,,,,,,,,,,,,,,,,,,,,,,,,,,,,,,,,,,US,No,Yes
,,,,,,M701B-21S,,,,M701B-21S,M701B-21S,M701B-21S Milw S Black Heated Work Glove Liners,MILWAUKEE®,MILWAUKEE®,MILWAUKEE®,MILWAUKEE,MILWAUKEE,MILWAUKEE®,MILWAUKEE®,M701B-21S,,,"MILWAUKEE®, Commercial Product, M701B-21S - Commercial Grade Commercial Product",COMMERCIAL PRODUCT,"MILWAUKEE®, M701B-21S, Commercial Product",The MILWAUKEE® M701B-21S is a commercial-grade commercial product designed for professional and industrial applications.,MILWAUKEE® M701B-21S Commercial Product,The MILWAUKEE® M701B-21S is a commercial-grade commercial product designed for professional and industrial applications.,,,,,,,,,,,,,,,,,,,,,,,,,,MILWAUKEE® M701B-21S Commercial Product,,,,,,,,,,,,,,,,,,,,,,,,,,,,,,,,,,,,,,,,,,,,,,,,,,,,,,,,,,,,,,,,,,,,,,,,,,,,,,,,,,,,,,,,,,,,,,,,,,,,,,,,,,,,,,,,,,,,,,,,,,,,,,,,,,,,,,,,,,,,,,,,,,,,,,,,,,,,,1,EA,,,,,,,,,,,,,,,,,,,,,,,,,,,,,,,,,,,,,US,No,Yes
,,,,,,M701B-21XL,,,,M701B-21XL,M701B-21XL,M701B-21XL Milw XL Black Heated Work Glove Liners,MILWAUKEE®,MILWAUKEE®,MILWAUKEE®,MILWAUKEE,MILWAUKEE,MILWAUKEE®,MILWAUKEE®,M701B-21XL,,,"MILWAUKEE®, Commercial Product, M701B-21XL - Commercial Grade Commercial Product",COMMERCIAL PRODUCT,"MILWAUKEE®, M701B-21XL, Commercial Product",The MILWAUKEE® M701B-21XL is a commercial-grade commercial product designed for professional and industrial applications.,MILWAUKEE® M701B-21XL Commercial Product,The MILWAUKEE® M701B-21XL is a commercial-grade commercial product designed for professional and industrial applications.,,,,,,,,,,,,,,,,,,,,,,,,,,MILWAUKEE® M701B-21XL Commercial Product,,,,,,,,,,,,,,,,,,,,,,,,,,,,,,,,,,,,,,,,,,,,,,,,,,,,,,,,,,,,,,,,,,,,,,,,,,,,,,,,,,,,,,,,,,,,,,,,,,,,,,,,,,,,,,,,,,,,,,,,,,,,,,,,,,,,,,,,,,,,,,,,,,,,,,,,,,,,,1,EA,,,,,,,,,,,,,,,,,,,,,,,,,,,,,,,,,,,,,US,No,Yes
,,,,,,MWUG42010124,,,,MWUG42010124,MWUG42010124,UTW Pro Heated Glove Blk XS,Tech Gear 5.7 Inc,Tech Gear 5.7 Inc,Tech Gear 5.7 Inc,Tech Gear 5.7 Inc,Tech Gear 5.7 Inc,Tech Gear 5.7 Inc,Tech Gear 5.7 Inc,MWUG42010124,,,"Tech Gear 5.7 Inc, Commercial Product, MWUG42010124 - Commercial Grade Commercia",COMMERCIAL PRODUCT,"Tech Gear 5.7 Inc, MWUG42010124, Commercial Product",The Tech Gear 5.7 Inc MWUG42010124 is a commercial-grade commercial product designed for professional and industrial applications.,Tech Gear 5.7 Inc MWUG42010124 Commercial Product,The Tech Gear 5.7 Inc MWUG42010124 is a commercial-grade commercial product designed for professional and industrial applications.,,,,,,,,,,,,,,,,,,,,,,,,,,Tech Gear 5.7 Inc MWUG42010124 Commercial Product,,,,,,,,,,,,,,,,,,,,,,,,,,,,,,,,,,,,,,,,,,,,,,,,,,,,,,,,,,,,,,,,,,,,,,,,,,,,,,,,,,,,,,,,,,,,,,,,,,,,,,,,,,,,,,,,,,,,,,,,,,,,,,,,,,,,,,,,,,,,,,,,,,,,,,,,,,,,,1,EA,,,,,,,,,,,,,,,,,,,,,,,,,,,,,,,,,,,,,US,No,Yes
,,,,,,MWUG42010224,,,,MWUG42010224,MWUG42010224,UTW Pro Heated Glove Blk SM,Tech Gear 5.7 Inc,Tech Gear 5.7 Inc,Tech Gear 5.7 Inc,Tech Gear 5.7 Inc,Tech Gear 5.7 Inc,Tech Gear 5.7 Inc,Tech Gear 5.7 Inc,MWUG42010224,,,"Tech Gear 5.7 Inc, Commercial Product, MWUG42010224 - Commercial Grade Commercia",COMMERCIAL PRODUCT,"Tech Gear 5.7 Inc, MWUG42010224, Commercial Product",The Tech Gear 5.7 Inc MWUG42010224 is a commercial-grade commercial product designed for professional and industrial applications.,Tech Gear 5.7 Inc MWUG42010224 Commercial Product,The Tech Gear 5.7 Inc MWUG42010224 is a commercial-grade commercial product designed for professional and industrial applications.,,,,,,,,,,,,,,,,,,,,,,,,,,Tech Gear 5.7 Inc MWUG42010224 Commercial Product,,,,,,,,,,,,,,,,,,,,,,,,,,,,,,,,,,,,,,,,,,,,,,,,,,,,,,,,,,,,,,,,,,,,,,,,,,,,,,,,,,,,,,,,,,,,,,,,,,,,,,,,,,,,,,,,,,,,,,,,,,,,,,,,,,,,,,,,,,,,,,,,,,,,,,,,,,,,,1,EA,,,,,,,,,,,,,,,,,,,,,,,,,,,,,,,,,,,,,US,No,Yes
,,,,,,MWUG42010324,,,,MWUG42010324,MWUG42010324,UTW Pro Heated Glove Blk MD,Tech Gear 5.7 Inc,Tech Gear 5.7 Inc,Tech Gear 5.7 Inc,Tech Gear 5.7 Inc,Tech Gear 5.7 Inc,Tech Gear 5.7 Inc,Tech Gear 5.7 Inc,MWUG42010324,,,"Tech Gear 5.7 Inc, Commercial Product, MWUG42010324 - Commercial Grade Commercia",COMMERCIAL PRODUCT,"Tech Gear 5.7 Inc, MWUG42010324, Commercial Product",The Tech Gear 5.7 Inc MWUG42010324 is a commercial-grade commercial product designed for professional and industrial applications.,Tech Gear 5.7 Inc MWUG42010324 Commercial Product,The Tech Gear 5.7 Inc MWUG42010324 is a commercial-grade commercial product designed for professional and industrial applications.,,,,,,,,,,,,,,,,,,,,,,,,,,Tech Gear 5.7 Inc MWUG42010324 Commercial Product,,,,,,,,,,,,,,,,,,,,,,,,,,,,,,,,,,,,,,,,,,,,,,,,,,,,,,,,,,,,,,,,,,,,,,,,,,,,,,,,,,,,,,,,,,,,,,,,,,,,,,,,,,,,,,,,,,,,,,,,,,,,,,,,,,,,,,,,,,,,,,,,,,,,,,,,,,,,,1,EA,,,,,,,,,,,,,,,,,,,,,,,,,,,,,,,,,,,,,US,No,Yes
,,,,,,MWUG42010424,,,,MWUG42010424,MWUG42010424,UTW Pro Heated Glove Blk LG,Tech Gear 5.7 Inc,Tech Gear 5.7 Inc,Tech Gear 5.7 Inc,Tech Gear 5.7 Inc,Tech Gear 5.7 Inc,Tech Gear 5.7 Inc,Tech Gear 5.7 Inc,MWUG42010424,,,"Tech Gear 5.7 Inc, Commercial Product, MWUG42010424 - Commercial Grade Commercia",COMMERCIAL PRODUCT,"Tech Gear 5.7 Inc, MWUG42010424, Commercial Product",The Tech Gear 5.7 Inc MWUG42010424 is a commercial-grade commercial product designed for professional and industrial applications.,Tech Gear 5.7 Inc MWUG42010424 Commercial Product,The Tech Gear 5.7 Inc MWUG42010424 is a commercial-grade commercial product designed for professional and industrial applications.,,,,,,,,,,,,,,,,,,,,,,,,,,Tech Gear 5.7 Inc MWUG42010424 Commercial Product,,,,,,,,,,,,,,,,,,,,,,,,,,,,,,,,,,,,,,,,,,,,,,,,,,,,,,,,,,,,,,,,,,,,,,,,,,,,,,,,,,,,,,,,,,,,,,,,,,,,,,,,,,,,,,,,,,,,,,,,,,,,,,,,,,,,,,,,,,,,,,,,,,,,,,,,,,,,,1,EA,,,,,,,,,,,,,,,,,,,,,,,,,,,,,,,,,,,,,US,No,Yes
,,,,,,MWUG42010524,,,,MWUG42010524,MWUG42010524,UTW Pro Heated Glove Blk XL,Tech Gear 5.7 Inc,Tech Gear 5.7 Inc,Tech Gear 5.7 Inc,Tech Gear 5.7 Inc,Tech Gear 5.7 Inc,Tech Gear 5.7 Inc,Tech Gear 5.7 Inc,MWUG42010524,,,"Tech Gear 5.7 Inc, Commercial Product, MWUG42010524 - Commercial Grade Commercia",COMMERCIAL PRODUCT,"Tech Gear 5.7 Inc, MWUG42010524, Commercial Product",The Tech Gear 5.7 Inc MWUG42010524 is a commercial-grade commercial product designed for professional and industrial applications.,Tech Gear 5.7 Inc MWUG42010524 Commercial Product,The Tech Gear 5.7 Inc MWUG42010524 is a commercial-grade commercial product designed for professional and industrial applications.,,,,,,,,,,,,,,,,,,,,,,,,,,Tech Gear 5.7 Inc MWUG42010524 Commercial Product,,,,,,,,,,,,,,,,,,,,,,,,,,,,,,,,,,,,,,,,,,,,,,,,,,,,,,,,,,,,,,,,,,,,,,,,,,,,,,,,,,,,,,,,,,,,,,,,,,,,,,,,,,,,,,,,,,,,,,,,,,,,,,,,,,,,,,,,,,,,,,,,,,,,,,,,,,,,,1,EA,,,,,,,,,,,,,,,,,,,,,,,,,,,,,,,,,,,,,US,No,Yes
,,,,,,MWUG42010624,,,,MWUG42010624,MWUG42010624,UTW Pro Heated Glove Blk 2X,Tech Gear 5.7 Inc,Tech Gear 5.7 Inc,Tech Gear 5.7 Inc,Tech Gear 5.7 Inc,Tech Gear 5.7 Inc,Tech Gear 5.7 Inc,Tech Gear 5.7 Inc,MWUG42010624,,,"Tech Gear 5.7 Inc, Commercial Product, MWUG42010624 - Commercial Grade Commercia",COMMERCIAL PRODUCT,"Tech Gear 5.7 Inc, MWUG42010624, Commercial Product",The Tech Gear 5.7 Inc MWUG42010624 is a commercial-grade commercial product designed for professional and industrial applications.,Tech Gear 5.7 Inc MWUG42010624 Commercial Product,The Tech Gear 5.7 Inc MWUG42010624 is a commercial-grade commercial product designed for professional and industrial applications.,,,,,,,,,,,,,,,,,,,,,,,,,,Tech Gear 5.7 Inc MWUG42010624 Commercial Product,,,,,,,,,,,,,,,,,,,,,,,,,,,,,,,,,,,,,,,,,,,,,,,,,,,,,,,,,,,,,,,,,,,,,,,,,,,,,,,,,,,,,,,,,,,,,,,,,,,,,,,,,,,,,,,,,,,,,,,,,,,,,,,,,,,,,,,,,,,,,,,,,,,,,,,,,,,,,1,EA,,,,,,,,,,,,,,,,,,,,,,,,,,,,,,,,,,,,,US,No,Yes
,,,,,,MWUG36010225,,,,MWUG36010225,MWUG36010225,MWUG36010225 BLK SM Aerial Snow Heated Glove,Tech Gear 5.7 Inc,Tech Gear 5.7 Inc,Tech Gear 5.7 Inc,Tech Gear 5.7 Inc,Tech Gear 5.7 Inc,Tech Gear 5.7 Inc,Tech Gear 5.7 Inc,MWUG36010225,,,"Tech Gear 5.7 Inc, Commercial Product, MWUG36010225 - Commercial Grade Commercia",COMMERCIAL PRODUCT,"Tech Gear 5.7 Inc, MWUG36010225, Commercial Product",The Tech Gear 5.7 Inc MWUG36010225 is a commercial-grade commercial product designed for professional and industrial applications.,Tech Gear 5.7 Inc MWUG36010225 Commercial Product,The Tech Gear 5.7 Inc MWUG36010225 is a commercial-grade commercial product designed for professional and industrial applications.,,,,,,,,,,,,,,,,,,,,,,,,,,Tech Gear 5.7 Inc MWUG36010225 Commercial Product,,,,,,,,,,,,,,,,,,,,,,,,,,,,,,,,,,,,,,,,,,,,,,,,,,,,,,,,,,,,,,,,,,,,,,,,,,,,,,,,,,,,,,,,,,,,,,,,,,,,,,,,,,,,,,,,,,,,,,,,,,,,,,,,,,,,,,,,,,,,,,,,,,,,,,,,,,,,,1,EA,,,,,,,,,,,,,,,,,,,,,,,,,,,,,,,,,,,,,US,No,Yes
,,,,,,MWUG36010325,,,,MWUG36010325,MWUG36010325,MWUG36010325 BLK MD Aerial Snow Heated Glove,Tech Gear 5.7 Inc,Tech Gear 5.7 Inc,Tech Gear 5.7 Inc,Tech Gear 5.7 Inc,Tech Gear 5.7 Inc,Tech Gear 5.7 Inc,Tech Gear 5.7 Inc,MWUG36010325,,,"Tech Gear 5.7 Inc, Commercial Product, MWUG36010325 - Commercial Grade Commercia",COMMERCIAL PRODUCT,"Tech Gear 5.7 Inc, MWUG36010325, Commercial Product",The Tech Gear 5.7 Inc MWUG36010325 is a commercial-grade commercial product designed for professional and industrial applications.,Tech Gear 5.7 Inc MWUG36010325 Commercial Product,The Tech Gear 5.7 Inc MWUG36010325 is a commercial-grade commercial product designed for professional and industrial applications.,,,,,,,,,,,,,,,,,,,,,,,,,,Tech Gear 5.7 Inc MWUG36010325 Commercial Product,,,,,,,,,,,,,,,,,,,,,,,,,,,,,,,,,,,,,,,,,,,,,,,,,,,,,,,,,,,,,,,,,,,,,,,,,,,,,,,,,,,,,,,,,,,,,,,,,,,,,,,,,,,,,,,,,,,,,,,,,,,,,,,,,,,,,,,,,,,,,,,,,,,,,,,,,,,,,1,EA,,,,,,,,,,,,,,,,,,,,,,,,,,,,,,,,,,,,,US,No,Yes
,,,,,,MWUG36010425,,,,MWUG36010425,MWUG36010425,MWUG36010425 BLK LG Aerial Snow Heated Glove,Tech Gear 5.7 Inc,Tech Gear 5.7 Inc,Tech Gear 5.7 Inc,Tech Gear 5.7 Inc,Tech Gear 5.7 Inc,Tech Gear 5.7 Inc,Tech Gear 5.7 Inc,MWUG36010425,,,"Tech Gear 5.7 Inc, Commercial Product, MWUG36010425 - Commercial Grade Commercia",COMMERCIAL PRODUCT,"Tech Gear 5.7 Inc, MWUG36010425, Commercial Product",The Tech Gear 5.7 Inc MWUG36010425 is a commercial-grade commercial product designed for professional and industrial applications.,Tech Gear 5.7 Inc MWUG36010425 Commercial Product,The Tech Gear 5.7 Inc MWUG36010425 is a commercial-grade commercial product designed for professional and industrial applications.,,,,,,,,,,,,,,,,,,,,,,,,,,Tech Gear 5.7 Inc MWUG36010425 Commercial Product,,,,,,,,,,,,,,,,,,,,,,,,,,,,,,,,,,,,,,,,,,,,,,,,,,,,,,,,,,,,,,,,,,,,,,,,,,,,,,,,,,,,,,,,,,,,,,,,,,,,,,,,,,,,,,,,,,,,,,,,,,,,,,,,,,,,,,,,,,,,,,,,,,,,,,,,,,,,,1,EA,,,,,,,,,,,,,,,,,,,,,,,,,,,,,,,,,,,,,US,No,Yes
,,,,,,MWUG36010525,,,,MWUG36010525,MWUG36010525,MWUG36010525 BLK XL Aerial Snow Heated Glove,Tech Gear 5.7 Inc,Tech Gear 5.7 Inc,Tech Gear 5.7 Inc,Tech Gear 5.7 Inc,Tech Gear 5.7 Inc,Tech Gear 5.7 Inc,Tech Gear 5.7 Inc,MWUG36010525,,,"Tech Gear 5.7 Inc, Commercial Product, MWUG36010525 - Commercial Grade Commercia",COMMERCIAL PRODUCT,"Tech Gear 5.7 Inc, MWUG36010525, Commercial Product",The Tech Gear 5.7 Inc MWUG36010525 is a commercial-grade commercial product designed for professional and industrial applications.,Tech Gear 5.7 Inc MWUG36010525 Commercial Product,The Tech Gear 5.7 Inc MWUG36010525 is a commercial-grade commercial product designed for professional and industrial applications.,,,,,,,,,,,,,,,,,,,,,,,,,,Tech Gear 5.7 Inc MWUG36010525 Commercial Product,,,,,,,,,,,,,,,,,,,,,,,,,,,,,,,,,,,,,,,,,,,,,,,,,,,,,,,,,,,,,,,,,,,,,,,,,,,,,,,,,,,,,,,,,,,,,,,,,,,,,,,,,,,,,,,,,,,,,,,,,,,,,,,,,,,,,,,,,,,,,,,,,,,,,,,,,,,,,1,EA,,,,,,,,,,,,,,,,,,,,,,,,,,,,,,,,,,,,,US,No,Yes
,,,,,,MWUG36010625,,,,MWUG36010625,MWUG36010625,MWUG36010625 BLK 2X Aerial Snow Heated Glove,Tech Gear 5.7 Inc,Tech Gear 5.7 Inc,Tech Gear 5.7 Inc,Tech Gear 5.7 Inc,Tech Gear 5.7 Inc,Tech Gear 5.7 Inc,Tech Gear 5.7 Inc,MWUG36010625,,,"Tech Gear 5.7 Inc, Commercial Product, MWUG36010625 - Commercial Grade Commercia",COMMERCIAL PRODUCT,"Tech Gear 5.7 Inc, MWUG36010625, Commercial Product",The Tech Gear 5.7 Inc MWUG36010625 is a commercial-grade commercial product designed for professional and industrial applications.,Tech Gear 5.7 Inc MWUG36010625 Commercial Product,The Tech Gear 5.7 Inc MWUG36010625 is a commercial-grade commercial product designed for professional and industrial applications.,,,,,,,,,,,,,,,,,,,,,,,,,,Tech Gear 5.7 Inc MWUG36010625 Commercial Product,,,,,,,,,,,,,,,,,,,,,,,,,,,,,,,,,,,,,,,,,,,,,,,,,,,,,,,,,,,,,,,,,,,,,,,,,,,,,,,,,,,,,,,,,,,,,,,,,,,,,,,,,,,,,,,,,,,,,,,,,,,,,,,,,,,,,,,,,,,,,,,,,,,,,,,,,,,,,1,EA,,,,,,,,,,,,,,,,,,,,,,,,,,,,,,,,,,,,,US,No,Yes
,,,,,,DPG15,,,,DPG15,DPG15,DPG15 Dewalt AM/FM Hearing Protector,Radians,Radians,Radians,Radians,Radians,Radians,Radians,DPG15,,,"Radians, Commercial Product, DPG15 - Commercial Grade Commercial Product",COMMERCIAL PRODUCT,"Radians, DPG15, Commercial Product",The Radians DPG15 is a commercial-grade commercial product designed for professional and industrial applications.,Radians DPG15 Commercial Product,The Radians DPG15 is a commercial-grade commercial product designed for professional and industrial applications.,,,,,,,,,,,,,,,,,,,,,,,,,,Radians DPG15 Commercial Product,,,,,,,,,,,,,,,,,,,,,,,,,,,,,,,,,,,,,,,,,,,,,,,,,,,,,,,,,,,,,,,,,,,,,,,,,,,,,,,,,,,,,,,,,,,,,,,,,,,,,,,,,,,,,,,,,,,,,,,,,,,,,,,,,,,,,,,,,,,,,,,,,,,,,,,,,,,,,1,EA,,,,,,,,,,,,,,,,,,,,,,,,,,,,,,,,,,,,,US,No,Yes
,,,,,,F200B-21L,,,,F200B-21L,F200B-21L,F200B-21L Milw M12 Womens - BLK Heated Hoodie Kit L,MILWAUKEE®,MILWAUKEE®,MILWAUKEE®,MILWAUKEE,MILWAUKEE,MILWAUKEE®,MILWAUKEE®,F200B-21L,,,"MILWAUKEE®, Commercial Product, F200B-21L - Commercial Grade Commercial Product",COMMERCIAL PRODUCT,"MILWAUKEE®, F200B-21L, Commercial Product",The MILWAUKEE® F200B-21L is a commercial-grade commercial product designed for professional and industrial applications.,MILWAUKEE® F200B-21L Commercial Product,The MILWAUKEE® F200B-21L is a commercial-grade commercial product designed for professional and industrial applications.,,,,,,,,,,,,,,,,,,,,,,,,,,MILWAUKEE® F200B-21L Commercial Product,,,,,,,,,,,,,,,,,,,,,,,,,,,,,,,,,,,,,,,,,,,,,,,,,,,,,,,,,,,,,,,,,,,,,,,,,,,,,,,,,,,,,,,,,,,,,,,,,,,,,,,,,,,,,,,,,,,,,,,,,,,,,,,,,,,,,,,,,,,,,,,,,,,,,,,,,,,,,1,EA,,,,,,,,,,,,,,,,,,,,,,,,,,,,,,,,,,,,,US,No,Yes
,,,,,,F200B-21M,,,,F200B-21M,F200B-21M,F200B-21M Milw M12 Womens - BLK Heated Hoodie Kit M,MILWAUKEE®,MILWAUKEE®,MILWAUKEE®,MILWAUKEE,MILWAUKEE,MILWAUKEE®,MILWAUKEE®,F200B-21M,,,"MILWAUKEE®, Heated Hoodie Kit, F200B-21M - Commercial Grade Heated Hoodie Kit",HEATED HOODIE KIT,"MILWAUKEE®, F200B-21M, Heated Hoodie Kit",The MILWAUKEE® F200B-21M is a commercial-grade heated hoodie kit designed for professional and industrial applications.,MILWAUKEE® F200B-21M Heated Hoodie Kit,The MILWAUKEE® F200B-21M is a commercial-grade heated hoodie kit designed for professional and industrial applications.,,,,,,,,,,,,,,,,,,,,,,,,,,MILWAUKEE® F200B-21M Heated Hoodie Kit,Item Type,Heated Hoodie Kit,,,,,,,,,,,,,,,,,,,,,,,,,,,,,,,,,,,,,,,,,,,,,,,,,,,,,,,,,,,,,,,,,,,,,,,,,,,,,,,,,,,,,,,,,,,,,,,,,,,,,,,,,,,,,,,,,,,,,,,,,,,,,,,,,,,,,,,,,,,,,,,,,,,,,,,,,,,1,EA,,,,,,,,,,,,,,,,,,,,,,,,,,,,,,,,,,,,,US,No,Yes
,,,,,,M200B-21L,,,,M200B-21L,M200B-21L,M200B-21L Milw M12 BLK - Heated Hoodie Kit L,MILWAUKEE®,MILWAUKEE®,MILWAUKEE®,MILWAUKEE,MILWAUKEE,MILWAUKEE®,MILWAUKEE®,M200B-21L,,,"MILWAUKEE®, Commercial Product, M200B-21L - Commercial Grade Commercial Product",COMMERCIAL PRODUCT,"MILWAUKEE®, M200B-21L, Commercial Product",The MILWAUKEE® M200B-21L is a commercial-grade commercial product designed for professional and industrial applications.,MILWAUKEE® M200B-21L Commercial Product,The MILWAUKEE® M200B-21L is a commercial-grade commercial product designed for professional and industrial applications.,,,,,,,,,,,,,,,,,,,,,,,,,,MILWAUKEE® M200B-21L Commercial Product,,,,,,,,,,,,,,,,,,,,,,,,,,,,,,,,,,,,,,,,,,,,,,,,,,,,,,,,,,,,,,,,,,,,,,,,,,,,,,,,,,,,,,,,,,,,,,,,,,,,,,,,,,,,,,,,,,,,,,,,,,,,,,,,,,,,,,,,,,,,,,,,,,,,,,,,,,,,,1,EA,,,,,,,,,,,,,,,,,,,,,,,,,,,,,,,,,,,,,US,No,Yes
,,,,,,M200B-21M,,,,M200B-21M,M200B-21M,M200B-21M Milw M12 BLK - Heated Hoodie Kit M,MILWAUKEE®,MILWAUKEE®,MILWAUKEE®,MILWAUKEE,MILWAUKEE,MILWAUKEE®,MILWAUKEE®,M200B-21M,,,"MILWAUKEE®, Commercial Product, M200B-21M - Commercial Grade Commercial Product",COMMERCIAL PRODUCT,"MILWAUKEE®, M200B-21M, Commercial Product",The MILWAUKEE® M200B-21M is a commercial-grade commercial product designed for professional and industrial applications.,MILWAUKEE® M200B-21M Commercial Product,The MILWAUKEE® M200B-21M is a commercial-grade commercial product designed for professional and industrial applications.,,,,,,,,,,,,,,,,,,,,,,,,,,MILWAUKEE® M200B-21M Commercial Product,,,,,,,,,,,,,,,,,,,,,,,,,,,,,,,,,,,,,,,,,,,,,,,,,,,,,,,,,,,,,,,,,,,,,,,,,,,,,,,,,,,,,,,,,,,,,,,,,,,,,,,,,,,,,,,,,,,,,,,,,,,,,,,,,,,,,,,,,,,,,,,,,,,,,,,,,,,,,1,EA,,,,,,,,,,,,,,,,,,,,,,,,,,,,,,,,,,,,,US,No,Yes
,,,,,,M200B-21XL,,,,M200B-21XL,M200B-21XL,M200B-21XL Milw M12 BLK - Heated Hoodie Kit XL,MILWAUKEE®,MILWAUKEE®,MILWAUKEE®,MILWAUKEE,MILWAUKEE,MILWAUKEE®,MILWAUKEE®,M200B-21XL,,,"MILWAUKEE®, Commercial Product, M200B-21XL - Commercial Grade Commercial Product",COMMERCIAL PRODUCT,"MILWAUKEE®, M200B-21XL, Commercial Product",The MILWAUKEE® M200B-21XL is a commercial-grade commercial product designed for professional and industrial applications.,MILWAUKEE® M200B-21XL Commercial Product,The MILWAUKEE® M200B-21XL is a commercial-grade commercial product designed for professional and industrial applications.,,,,,,,,,,,,,,,,,,,,,,,,,,MILWAUKEE® M200B-21XL Commercial Product,,,,,,,,,,,,,,,,,,,,,,,,,,,,,,,,,,,,,,,,,,,,,,,,,,,,,,,,,,,,,,,,,,,,,,,,,,,,,,,,,,,,,,,,,,,,,,,,,,,,,,,,,,,,,,,,,,,,,,,,,,,,,,,,,,,,,,,,,,,,,,,,,,,,,,,,,,,,,1,EA,,,,,,,,,,,,,,,,,,,,,,,,,,,,,,,,,,,,,US,No,Yes
,,,,,,M200G-21L,,,,M200G-21L,M200G-21L,M200G-21L Milw M12 Gray - Heated Hoodie Kit L,MILWAUKEE®,MILWAUKEE®,MILWAUKEE®,MILWAUKEE,MILWAUKEE,MILWAUKEE®,MILWAUKEE®,M200G-21L,,,"MILWAUKEE®, Commercial Product, M200G-21L - Commercial Grade Commercial Product",COMMERCIAL PRODUCT,"MILWAUKEE®, M200G-21L, Commercial Product",The MILWAUKEE® M200G-21L is a commercial-grade commercial product designed for professional and industrial applications.,MILWAUKEE® M200G-21L Commercial Product,The MILWAUKEE® M200G-21L is a commercial-grade commercial product designed for professional and industrial applications.,,,,,,,,,,,,,,,,,,,,,,,,,,MILWAUKEE® M200G-21L Commercial Product,,,,,,,,,,,,,,,,,,,,,,,,,,,,,,,,,,,,,,,,,,,,,,,,,,,,,,,,,,,,,,,,,,,,,,,,,,,,,,,,,,,,,,,,,,,,,,,,,,,,,,,,,,,,,,,,,,,,,,,,,,,,,,,,,,,,,,,,,,,,,,,,,,,,,,,,,,,,,1,EA,,,,,,,,,,,,,,,,,,,,,,,,,,,,,,,,,,,,,US,No,Yes
,,,,,,M200G-21M,,,,M200G-21M,M200G-21M,M200G-21M Milw M12 Gray - Heated Hoodie Kit M,MILWAUKEE®,MILWAUKEE®,MILWAUKEE®,MILWAUKEE,MILWAUKEE,MILWAUKEE®,MILWAUKEE®,M200G-21M,,,"MILWAUKEE®, Commercial Product, M200G-21M - Commercial Grade Commercial Product",COMMERCIAL PRODUCT,"MILWAUKEE®, M200G-21M, Commercial Product",The MILWAUKEE® M200G-21M is a commercial-grade commercial product designed for professional and industrial applications.,MILWAUKEE® M200G-21M Commercial Product,The MILWAUKEE® M200G-21M is a commercial-grade commercial product designed for professional and industrial applications.,,,,,,,,,,,,,,,,,,,,,,,,,,MILWAUKEE® M200G-21M Commercial Product,,,,,,,,,,,,,,,,,,,,,,,,,,,,,,,,,,,,,,,,,,,,,,,,,,,,,,,,,,,,,,,,,,,,,,,,,,,,,,,,,,,,,,,,,,,,,,,,,,,,,,,,,,,,,,,,,,,,,,,,,,,,,,,,,,,,,,,,,,,,,,,,,,,,,,,,,,,,,1,EA,,,,,,,,,,,,,,,,,,,,,,,,,,,,,,,,,,,,,US,No,Yes
,,,,,,M200G-21XL,,,,M200G-21XL,M200G-21XL,M200G-21XL Milw M12 Gray - Heated Hoodie Kit XL,MILWAUKEE®,MILWAUKEE®,MILWAUKEE®,MILWAUKEE,MILWAUKEE,MILWAUKEE®,MILWAUKEE®,M200G-21XL,,,"MILWAUKEE®, Heated Hoodie Kit, M200G-21XL - Commercial Grade Heated Hoodie Kit",HEATED HOODIE KIT,"MILWAUKEE®, M200G-21XL, Heated Hoodie Kit",The MILWAUKEE® M200G-21XL is a commercial-grade heated hoodie kit designed for professional and industrial applications. Key Specifications include Manufacturer Part Number: M200G-21XL; Supplier / Manufacturer: MILWAUKEE; Catalog Category: General Commercial.,MILWAUKEE® M200G-21XL Heated Hoodie Kit,The MILWAUKEE® M200G-21XL is a commercial-grade heated hoodie kit designed for professional and industrial applications. Key Specifications include Manufacturer Part Number: M200G-21XL; Supplier / Manufacturer: MILWAUKEE; Catalog Category: General Commercial.,,,,,,,,,,,,,,,,,,,,,,,,,,MILWAUKEE® M200G-21XL Heated Hoodie Kit,Item Type,Heated Hoodie Kit,,Manufacturer Part Number,M200G-21XL,,Supplier / Manufacturer,MILWAUKEE,,Catalog Category,General Commercial,,,,,,,,,,,,,,,,,,,,,,,,,,,,,,,,,,,,,,,,,,,,,,,,,,,,,,,,,,,,,,,,,,,,,,,,,,,,,,,,,,,,,,,,,,,,,,,,,,,,,,,,,,,,,,,,,,,,,,,,,,,,,,,,,,,,,,,,,,,,,,,,,,1,EA,,,,,,,,,,,,,,,,,,,,,,,,,,,,,,,,,,,,,US,No,Yes
,,,,,,48-11-2330,,,,48-11-2330,48-11-2330,48-11-2330 Milw Heated Gear Power Source,MILWAUKEE®,MILWAUKEE®,MILWAUKEE®,MILWAUKEE,MILWAUKEE,MILWAUKEE®,MILWAUKEE®,48-11-2330,,,"MILWAUKEE®, Commercial Product, 48-11-2330 - Commercial Grade Commercial Product",COMMERCIAL PRODUCT,"MILWAUKEE®, 48-11-2330, Commercial Product",The MILWAUKEE® 48-11-2330 is a commercial-grade commercial product designed for professional and industrial applications.,MILWAUKEE® 48-11-2330 Commercial Product,The MILWAUKEE® 48-11-2330 is a commercial-grade commercial product designed for professional and industrial applications.,,,,,,,,,,,,,,,,,,,,,,,,,,MILWAUKEE® 48-11-2330 Commercial Product,,,,,,,,,,,,,,,,,,,,,,,,,,,,,,,,,,,,,,,,,,,,,,,,,,,,,,,,,,,,,,,,,,,,,,,,,,,,,,,,,,,,,,,,,,,,,,,,,,,,,,,,,,,,,,,,,,,,,,,,,,,,,,,,,,,,,,,,,,,,,,,,,,,,,,,,,,,,,1,EA,,,,,,,,,,,,,,,,,,,,,,,,,,,,,,,,,,,,,US,No,Yes
,,,,,,DCBP250C,,,,DCBP250C,DCBP250C,DCBP520C Dewalt Starter Kit,DEWALT®,DEWALT®,DEWALT®,DEWALT,DEWALT,DEWALT®,DEWALT®,DCBP250C,,,"DEWALT®, Commercial Product, DCBP250C - Commercial Grade Commercial Product",COMMERCIAL PRODUCT,"DEWALT®, DCBP250C, Commercial Product",The DEWALT® DCBP250C is a commercial-grade commercial product designed for professional and industrial applications.,DEWALT® DCBP250C Commercial Product,The DEWALT® DCBP250C is a commercial-grade commercial product designed for professional and industrial applications.,,,,,,,,,,,,,,,,,,,,,,,,,,DEWALT® DCBP250C Commercial Product,,,,,,,,,,,,,,,,,,,,,,,,,,,,,,,,,,,,,,,,,,,,,,,,,,,,,,,,,,,,,,,,,,,,,,,,,,,,,,,,,,,,,,,,,,,,,,,,,,,,,,,,,,,,,,,,,,,,,,,,,,,,,,,,,,,,,,,,,,,,,,,,,,,,,,,,,,,,,1,EA,,,,,,,,,,,,,,,,,,,,,,,,,,,,,,,,,,,,,US,No,Yes
,,,,,,5328,,,,5328,5328,5328 Lg. Leather Phone Holster - Clip-on,-,-,-,-,-,-,-,5328,,,"-, Commercial Product, 5328 - Commercial Grade Commercial Product",COMMERCIAL PRODUCT,"-, 5328, Commercial Product",The - 5328 is a commercial-grade commercial product designed for professional and industrial applications.,- 5328 Commercial Product,The - 5328 is a commercial-grade commercial product designed for professional and industrial applications.,,,,,,,,,,,,,,,,,,,,,,,,,,- 5328 Commercial Product,,,,,,,,,,,,,,,,,,,,,,,,,,,,,,,,,,,,,,,,,,,,,,,,,,,,,,,,,,,,,,,,,,,,,,,,,,,,,,,,,,,,,,,,,,,,,,,,,,,,,,,,,,,,,,,,,,,,,,,,,,,,,,,,,,,,,,,,,,,,,,,,,,,,,,,,,,,,,1,EA,,,,,,,,,,,,,,,,,,,,,,,,,,,,,,,,,,,,,US,No,Yes
,,,,,,3200-20,,,,3200-20,3200-20,3200-20 Milw Voltage Detector,MILWAUKEE®,MILWAUKEE®,MILWAUKEE®,MILWAUKEE,MILWAUKEE,MILWAUKEE®,MILWAUKEE®,3200-20,,,"MILWAUKEE®, Commercial Product, 3200-20 - Commercial Grade Commercial Product",COMMERCIAL PRODUCT,"MILWAUKEE®, 3200-20, Commercial Product",The MILWAUKEE® 3200-20 is a commercial-grade commercial product designed for professional and industrial applications.,MILWAUKEE® 3200-20 Commercial Product,The MILWAUKEE® 3200-20 is a commercial-grade commercial product designed for professional and industrial applications.,,,,,,,,,,,,,,,,,,,,,,,,,,MILWAUKEE® 3200-20 Commercial Product,,,,,,,,,,,,,,,,,,,,,,,,,,,,,,,,,,,,,,,,,,,,,,,,,,,,,,,,,,,,,,,,,,,,,,,,,,,,,,,,,,,,,,,,,,,,,,,,,,,,,,,,,,,,,,,,,,,,,,,,,,,,,,,,,,,,,,,,,,,,,,,,,,,,,,,,,,,,,1,EA,,,,,,,,,,,,,,,,,,,,,,,,,,,,,,,,,,,,,US,No,Yes
,,,,,,3202-20,,,,3202-20,3202-20,3202-20 Milw Voltage Detector w/ LED,MILWAUKEE®,MILWAUKEE®,MILWAUKEE®,MILWAUKEE,MILWAUKEE,MILWAUKEE®,MILWAUKEE®,3202-20,,,"MILWAUKEE®, Commercial Product, 3202-20 - Commercial Grade Commercial Product",COMMERCIAL PRODUCT,"MILWAUKEE®, 3202-20, Commercial Product",The MILWAUKEE® 3202-20 is a commercial-grade commercial product designed for professional and industrial applications.,MILWAUKEE® 3202-20 Commercial Product,The MILWAUKEE® 3202-20 is a commercial-grade commercial product designed for professional and industrial applications.,,,,,,,,,,,,,,,,,,,,,,,,,,MILWAUKEE® 3202-20 Commercial Product,,,,,,,,,,,,,,,,,,,,,,,,,,,,,,,,,,,,,,,,,,,,,,,,,,,,,,,,,,,,,,,,,,,,,,,,,,,,,,,,,,,,,,,,,,,,,,,,,,,,,,,,,,,,,,,,,,,,,,,,,,,,,,,,,,,,,,,,,,,,,,,,,,,,,,,,,,,,,1,EA,,,,,,,,,,,,,,,,,,,,,,,,,,,,,,,,,,,,,US,No,Yes
,,,,,,3203-20,,,,3203-20,3203-20,3203-20 Milw Dual Range Voltage Detector w/ LED,MILWAUKEE®,MILWAUKEE®,MILWAUKEE®,MILWAUKEE,MILWAUKEE,MILWAUKEE®,MILWAUKEE®,3203-20,,,"MILWAUKEE®, Range, 3203-20 - Commercial Grade Range",RANGE,"MILWAUKEE®, 3203-20, Range",The MILWAUKEE® 3203-20 is a commercial-grade range designed for professional and industrial applications.,MILWAUKEE® 3203-20 Range,The MILWAUKEE® 3203-20 is a commercial-grade range designed for professional and industrial applications.,,,,,,,,,,,,,,,,,,,,,,,,,,MILWAUKEE® 3203-20 Range,Item Type,Range,,,,,,,,,,,,,,,,,,,,,,,,,,,,,,,,,,,,,,,,,,,,,,,,,,,,,,,,,,,,,,,,,,,,,,,,,,,,,,,,,,,,,,,,,,,,,,,,,,,,,,,,,,,,,,,,,,,,,,,,,,,,,,,,,,,,,,,,,,,,,,,,,,,,,,,,,,,1,EA,,,,,,,,,,,,,,,,,,,,,,,,,,,,,,,,,,,,,US,No,Yes
,,,,,,BC-12300,,,,BC-12300,BC-12300,"BC-12300 BigCal 12""/300mm",Woodpeckers Inc,Woodpeckers Inc,Woodpeckers Inc,Woodpeckers Inc,Woodpeckers Inc,Woodpeckers Inc,Woodpeckers Inc,BC-12300,,,"Woodpeckers Inc, Commercial Product, BC-12300, 300 mm - Commercial Grade Commerc",COMMERCIAL PRODUCT 300 MM,"Woodpeckers Inc, BC-12300, Commercial Product, 300 mm",The Woodpeckers Inc BC-12300 is a commercial-grade commercial product designed for professional and industrial applications. Engineered with measuring 300 mm.,Woodpeckers Inc BC-12300 Commercial Product (300 mm),The Woodpeckers Inc BC-12300 is a commercial-grade commercial product designed for professional and industrial applications. Engineered with measuring 300 mm.,Precision dimensions: 300 mm,,,,,,,,,,,,,,,,,,,,,,,,,Woodpeckers Inc BC-12300 Commercial Product (300 mm),Dimensions,300 mm,in,,,,,,,,,,,,,,,,,,,,,,,,,,,,,,,,,,,,,,,,,,,,,,,,,,,,,,,,,,,,,,,,,,,,,,,,,,,,,,,,,,,,,,,,,,,,,,,,,,,,,,,,,,,,,,,,,,,,,,,,,,,,,,,,,,,,,,,,,,,,,,,,,,,,,,,,,,1,EA,,,,,,,,,,,,,,,,,,,,,,,,,,,,,,,,,,,,,US,No,Yes
,,,,,,BC-24600,,,,BC-24600,BC-24600,"BC-24600 BigCal 24""/600mm",Woodpeckers Inc,Woodpeckers Inc,Woodpeckers Inc,Woodpeckers Inc,Woodpeckers Inc,Woodpeckers Inc,Woodpeckers Inc,BC-24600,,,"Woodpeckers Inc, Commercial Product, BC-24600, 600 mm - Commercial Grade Commerc",COMMERCIAL PRODUCT 600 MM,"Woodpeckers Inc, BC-24600, Commercial Product, 600 mm",The Woodpeckers Inc BC-24600 is a commercial-grade commercial product designed for professional and industrial applications. Engineered with measuring 600 mm.,Woodpeckers Inc BC-24600 Commercial Product (600 mm),The Woodpeckers Inc BC-24600 is a commercial-grade commercial product designed for professional and industrial applications. Engineered with measuring 600 mm.,Precision dimensions: 600 mm,,,,,,,,,,,,,,,,,,,,,,,,,Woodpeckers Inc BC-24600 Commercial Product (600 mm),Dimensions,600 mm,in,,,,,,,,,,,,,,,,,,,,,,,,,,,,,,,,,,,,,,,,,,,,,,,,,,,,,,,,,,,,,,,,,,,,,,,,,,,,,,,,,,,,,,,,,,,,,,,,,,,,,,,,,,,,,,,,,,,,,,,,,,,,,,,,,,,,,,,,,,,,,,,,,,,,,,,,,,1,EA,,,,,,,,,,,,,,,,,,,,,,,,,,,,,,,,,,,,,US,No,Yes
,,,,,,DW08302CG,,,,DW08302CG,DW08302CG,DW08302CG Dewalt Laser - Green 3 Spot,DEWALT®,DEWALT®,DEWALT®,DEWALT,DEWALT,DEWALT®,DEWALT®,DW08302CG,,,"DEWALT®, Commercial Product, DW08302CG - Commercial Grade Commercial Product",COMMERCIAL PRODUCT,"DEWALT®, DW08302CG, Commercial Product",The DEWALT® DW08302CG is a commercial-grade commercial product designed for professional and industrial applications.,DEWALT® DW08302CG Commercial Product,The DEWALT® DW08302CG is a commercial-grade commercial product designed for professional and industrial applications.,,,,,,,,,,,,,,,,,,,,,,,,,,DEWALT® DW08302CG Commercial Product,,,,,,,,,,,,,,,,,,,,,,,,,,,,,,,,,,,,,,,,,,,,,,,,,,,,,,,,,,,,,,,,,,,,,,,,,,,,,,,,,,,,,,,,,,,,,,,,,,,,,,,,,,,,,,,,,,,,,,,,,,,,,,,,,,,,,,,,,,,,,,,,,,,,,,,,,,,,,1,EA,,,,,,,,,,,,,,,,,,,,,,,,,,,,,,,,,,,,,US,No,Yes
,,,,,,GCL165-42GL,,,,GCL165-42GL,GCL165-42GL,GCL165--42GL Cross Line Laser,BOSCH®,BOSCH®,BOSCH®,BOSCH,BOSCH,BOSCH®,BOSCH®,GCL165-42GL,,,"BOSCH®, Commercial Product, GCL165-42GL - Commercial Grade Commercial Product",COMMERCIAL PRODUCT,"BOSCH®, GCL165-42GL, Commercial Product",The BOSCH® GCL165-42GL is a commercial-grade commercial product designed for professional and industrial applications.,BOSCH® GCL165-42GL Commercial Product,The BOSCH® GCL165-42GL is a commercial-grade commercial product designed for professional and industrial applications.,,,,,,,,,,,,,,,,,,,,,,,,,,BOSCH® GCL165-42GL Commercial Product,,,,,,,,,,,,,,,,,,,,,,,,,,,,,,,,,,,,,,,,,,,,,,,,,,,,,,,,,,,,,,,,,,,,,,,,,,,,,,,,,,,,,,,,,,,,,,,,,,,,,,,,,,,,,,,,,,,,,,,,,,,,,,,,,,,,,,,,,,,,,,,,,,,,,,,,,,,,,1,EA,,,,,,,,,,,,,,,,,,,,,,,,,,,,,,,,,,,,,US,No,Yes
,,,,,,DW08802CG,,,,DW08802CG,DW08802CG,DW08802CG Dewalt Laser Green - Self-Level Cross Line,DEWALT®,DEWALT®,DEWALT®,DEWALT,DEWALT,DEWALT®,DEWALT®,DW08802CG,,,"DEWALT®, Commercial Product, DW08802CG - Commercial Grade Commercial Product",COMMERCIAL PRODUCT,"DEWALT®, DW08802CG, Commercial Product",The DEWALT® DW08802CG is a commercial-grade commercial product designed for professional and industrial applications.,DEWALT® DW08802CG Commercial Product,The DEWALT® DW08802CG is a commercial-grade commercial product designed for professional and industrial applications.,,,,,,,,,,,,,,,,,,,,,,,,,,DEWALT® DW08802CG Commercial Product,,,,,,,,,,,,,,,,,,,,,,,,,,,,,,,,,,,,,,,,,,,,,,,,,,,,,,,,,,,,,,,,,,,,,,,,,,,,,,,,,,,,,,,,,,,,,,,,,,,,,,,,,,,,,,,,,,,,,,,,,,,,,,,,,,,,,,,,,,,,,,,,,,,,,,,,,,,,,1,EA,,,,,,,,,,,,,,,,,,,,,,,,,,,,,,,,,,,,,US,No,Yes
,,,,,,DW088CG,,,,DW088CG,DW088CG,DW088CG Dewalt Laser - Green Cross Line,DEWALT®,DEWALT®,DEWALT®,DEWALT,DEWALT,DEWALT®,DEWALT®,DW088CG,,,"DEWALT®, Commercial Product, DW088CG - Commercial Grade Commercial Product",COMMERCIAL PRODUCT,"DEWALT®, DW088CG, Commercial Product",The DEWALT® DW088CG is a commercial-grade commercial product designed for professional and industrial applications.,DEWALT® DW088CG Commercial Product,The DEWALT® DW088CG is a commercial-grade commercial product designed for professional and industrial applications.,,,,,,,,,,,,,,,,,,,,,,,,,,DEWALT® DW088CG Commercial Product,,,,,,,,,,,,,,,,,,,,,,,,,,,,,,,,,,,,,,,,,,,,,,,,,,,,,,,,,,,,,,,,,,,,,,,,,,,,,,,,,,,,,,,,,,,,,,,,,,,,,,,,,,,,,,,,,,,,,,,,,,,,,,,,,,,,,,,,,,,,,,,,,,,,,,,,,,,,,1,EA,,,,,,,,,,,,,,,,,,,,,,,,,,,,,,,,,,,,,US,No,Yes
,,,,,,DW089CG,,,,DW089CG,DW089CG,DW089CG Dewalt Laser Level - 3 Line 30ft Range,DEWALT®,DEWALT®,DEWALT®,DEWALT,DEWALT,DEWALT®,DEWALT®,DW089CG,,,"DEWALT®, Commercial Product, DW089CG - Commercial Grade Commercial Product",COMMERCIAL PRODUCT,"DEWALT®, DW089CG, Commercial Product",The DEWALT® DW089CG is a commercial-grade commercial product designed for professional and industrial applications. Key Specifications include description: Dewalt Laser Level - 3 Line 30ft Range.,DEWALT® DW089CG Commercial Product,The DEWALT® DW089CG is a commercial-grade commercial product designed for professional and industrial applications. Key Specifications include description: Dewalt Laser Level - 3 Line 30ft Range.,,,,,,,,,,,,,,,,,,,,,,,,,,DEWALT® DW089CG Commercial Product,description,Dewalt Laser Level - 3 Line 30ft Range,,,,,,,,,,,,,,,,,,,,,,,,,,,,,,,,,,,,,,,,,,,,,,,,,,,,,,,,,,,,,,,,,,,,,,,,,,,,,,,,,,,,,,,,,,,,,,,,,,,,,,,,,,,,,,,,,,,,,,,,,,,,,,,,,,,,,,,,,,,,,,,,,,,,,,,,,,,1,EA,,,,,,,,,,,,,,,,,,,,,,,,,,,,,,,,,,,,,US,No,Yes
,,,,,,DCLE34520GB,,,,DCLE34520GB,DCLE34520GB,DCLE34520GB Dewalt Laser 20V - Cross Line 5 Spot,DEWALT®,DEWALT®,DEWALT®,DEWALT,DEWALT,DEWALT®,DEWALT®,DCLE34520GB,,,"DEWALT®, Commercial Product, DCLE34520GB, 20 V - Commercial Grade Commercial Pro",COMMERCIAL PRODUCT 20 V,"DEWALT®, DCLE34520GB, Commercial Product, 20 V",The DEWALT® DCLE34520GB is a commercial-grade commercial product designed for professional and industrial applications. Engineered with rated for 20 V.,DEWALT® DCLE34520GB Commercial Product,The DEWALT® DCLE34520GB is a commercial-grade commercial product designed for professional and industrial applications. Engineered with rated for 20 V.,Operates at standard 20 V,,,,,,,,,,,,,,,,,,,,,,,,,DEWALT® DCLE34520GB Commercial Product,Voltage,20,V,,,,,,,,,,,,,,,,,,,,,,,,,,,,,,,,,,,,,,,,,,,,,,,,,,,,,,,,,,,,,,,,,,,,,,,,,,,,,,,,,,,,,,,,,,,,,,,,,,,,,,,,,,,,,,,,,,,,,,,,,,,,,,,,,,,,,,,,,,,,,,,,,,,,,,,,,,1,EA,,,,,,,,,,,,,,,,,,,,,,,,,,,,,,,,,,,,,US,No,Yes
,,,,,,DCLE34031B,,,,DCLE34031B,DCLE34031B,DCLE34031B Dewalt Line Laser - 20V Self-Leveling,DEWALT®,DEWALT®,DEWALT®,DEWALT,DEWALT,DEWALT®,DEWALT®,DCLE34031B,,,"DEWALT®, Commercial Product, DCLE34031B, 20 V - Commercial Grade Commercial Prod",COMMERCIAL PRODUCT 20 V,"DEWALT®, DCLE34031B, Commercial Product, 20 V",The DEWALT® DCLE34031B is a commercial-grade commercial product designed for professional and industrial applications. Engineered with rated for 20 V.,DEWALT® DCLE34031B Commercial Product,The DEWALT® DCLE34031B is a commercial-grade commercial product designed for professional and industrial applications. Engineered with rated for 20 V.,Operates at standard 20 V,,,,,,,,,,,,,,,,,,,,,,,,,DEWALT® DCLE34031B Commercial Product,Voltage,20,V,,,,,,,,,,,,,,,,,,,,,,,,,,,,,,,,,,,,,,,,,,,,,,,,,,,,,,,,,,,,,,,,,,,,,,,,,,,,,,,,,,,,,,,,,,,,,,,,,,,,,,,,,,,,,,,,,,,,,,,,,,,,,,,,,,,,,,,,,,,,,,,,,,,,,,,,,,1,EA,,,,,,,,,,,,,,,,,,,,,,,,,,,,,,,,,,,,,US,No,Yes
,,,,,,DW0822CG,,,,DW0822CG,DW0822CG,DW0822CG Dewalt Cross Line - Plumb Spots Laser-Green,DEWALT®,DEWALT®,DEWALT®,DEWALT,DEWALT,DEWALT®,DEWALT®,DW0822CG,,,"DEWALT®, Commercial Product, DW0822CG - Commercial Grade Commercial Product",COMMERCIAL PRODUCT,"DEWALT®, DW0822CG, Commercial Product",The DEWALT® DW0822CG is a commercial-grade commercial product designed for professional and industrial applications.,DEWALT® DW0822CG Commercial Product,The DEWALT® DW0822CG is a commercial-grade commercial product designed for professional and industrial applications.,,,,,,,,,,,,,,,,,,,,,,,,,,DEWALT® DW0822CG Commercial Product,,,,,,,,,,,,,,,,,,,,,,,,,,,,,,,,,,,,,,,,,,,,,,,,,,,,,,,,,,,,,,,,,,,,,,,,,,,,,,,,,,,,,,,,,,,,,,,,,,,,,,,,,,,,,,,,,,,,,,,,,,,,,,,,,,,,,,,,,,,,,,,,,,,,,,,,,,,,,1,EA,,,,,,,,,,,,,,,,,,,,,,,,,,,,,,,,,,,,,US,No,Yes
,,,,,,25459,,,,25459,25459,25459 Mason Line Brd Orange - 500',U.S. TAPE®,U.S. TAPE®,U.S. TAPE®,U.S. TAPE,U.S. TAPE,U.S. TAPE®,U.S. TAPE®,25459,,,"U.S. TAPE®, Commercial Product, 25459 - Commercial Grade Commercial Product",COMMERCIAL PRODUCT,"U.S. TAPE®, 25459, Commercial Product",The U.S. TAPE® 25459 is a commercial-grade commercial product designed for professional and industrial applications.,U.S. TAPE® 25459 Commercial Product,The U.S. TAPE® 25459 is a commercial-grade commercial product designed for professional and industrial applications.,,,,,,,,,,,,,,,,,,,,,,,,,,U.S. TAPE® 25459 Commercial Product,,,,,,,,,,,,,,,,,,,,,,,,,,,,,,,,,,,,,,,,,,,,,,,,,,,,,,,,,,,,,,,,,,,,,,,,,,,,,,,,,,,,,,,,,,,,,,,,,,,,,,,,,,,,,,,,,,,,,,,,,,,,,,,,,,,,,,,,,,,,,,,,,,,,,,,,,,,,,1,EA,,,,,,,,,,,,,,,,,,,,,,,,,,,,,,,,,,,,,US,No,Yes
,,,,,,35459,,,,35459,35459,35459 Mason Line Brd Orange - 500' Replacement,U.S. TAPE®,U.S. TAPE®,U.S. TAPE®,U.S. TAPE,U.S. TAPE,U.S. TAPE®,U.S. TAPE®,35459,,,"U.S. TAPE®, Commercial Product, 35459 - Commercial Grade Commercial Product",COMMERCIAL PRODUCT,"U.S. TAPE®, 35459, Commercial Product",The U.S. TAPE® 35459 is a commercial-grade commercial product designed for professional and industrial applications.,U.S. TAPE® 35459 Commercial Product,The U.S. TAPE® 35459 is a commercial-grade commercial product designed for professional and industrial applications.,,,,,,,,,,,,,,,,,,,,,,,,,,U.S. TAPE® 35459 Commercial Product,,,,,,,,,,,,,,,,,,,,,,,,,,,,,,,,,,,,,,,,,,,,,,,,,,,,,,,,,,,,,,,,,,,,,,,,,,,,,,,,,,,,,,,,,,,,,,,,,,,,,,,,,,,,,,,,,,,,,,,,,,,,,,,,,,,,,,,,,,,,,,,,,,,,,,,,,,,,,1,EA,,,,,,,,,,,,,,,,,,,,,,,,,,,,,,,,,,,,,US,No,Yes
,,,,,,25759,,,,25759,25759,25759 Mason Line Brd Orange - 1000',U.S. TAPE®,U.S. TAPE®,U.S. TAPE®,U.S. TAPE,U.S. TAPE,U.S. TAPE®,U.S. TAPE®,25759,,,"U.S. TAPE®, Commercial Product, 25759 - Commercial Grade Commercial Product",COMMERCIAL PRODUCT,"U.S. TAPE®, 25759, Commercial Product",The U.S. TAPE® 25759 is a commercial-grade commercial product designed for professional and industrial applications.,U.S. TAPE® 25759 Commercial Product,The U.S. TAPE® 25759 is a commercial-grade commercial product designed for professional and industrial applications.,,,,,,,,,,,,,,,,,,,,,,,,,,U.S. TAPE® 25759 Commercial Product,,,,,,,,,,,,,,,,,,,,,,,,,,,,,,,,,,,,,,,,,,,,,,,,,,,,,,,,,,,,,,,,,,,,,,,,,,,,,,,,,,,,,,,,,,,,,,,,,,,,,,,,,,,,,,,,,,,,,,,,,,,,,,,,,,,,,,,,,,,,,,,,,,,,,,,,,,,,,1,EA,,,,,,,,,,,,,,,,,,,,,,,,,,,,,,,,,,,,,US,No,Yes
,,,,,,35112,,,,35112,35112,35112 Mason Line Twist Yellow - 270',U.S. TAPE®,U.S. TAPE®,U.S. TAPE®,U.S. TAPE,U.S. TAPE,U.S. TAPE®,U.S. TAPE®,35112,,,"U.S. TAPE®, Commercial Product, 35112 - Commercial Grade Commercial Product",COMMERCIAL PRODUCT,"U.S. TAPE®, 35112, Commercial Product",The U.S. TAPE® 35112 is a commercial-grade commercial product designed for professional and industrial applications.,U.S. TAPE® 35112 Commercial Product,The U.S. TAPE® 35112 is a commercial-grade commercial product designed for professional and industrial applications.,,,,,,,,,,,,,,,,,,,,,,,,,,U.S. TAPE® 35112 Commercial Product,,,,,,,,,,,,,,,,,,,,,,,,,,,,,,,,,,,,,,,,,,,,,,,,,,,,,,,,,,,,,,,,,,,,,,,,,,,,,,,,,,,,,,,,,,,,,,,,,,,,,,,,,,,,,,,,,,,,,,,,,,,,,,,,,,,,,,,,,,,,,,,,,,,,,,,,,,,,,1,EA,,,,,,,,,,,,,,,,,,,,,,,,,,,,,,,,,,,,,US,No,Yes
,,,,,,35115,,,,35115,35115,35115 Mason Line Twist Green - 270',U.S. TAPE®,U.S. TAPE®,U.S. TAPE®,U.S. TAPE,U.S. TAPE,U.S. TAPE®,U.S. TAPE®,35115,,,"U.S. TAPE®, Commercial Product, 35115 - Commercial Grade Commercial Product",COMMERCIAL PRODUCT,"U.S. TAPE®, 35115, Commercial Product",The U.S. TAPE® 35115 is a commercial-grade commercial product designed for professional and industrial applications.,U.S. TAPE® 35115 Commercial Product,The U.S. TAPE® 35115 is a commercial-grade commercial product designed for professional and industrial applications.,,,,,,,,,,,,,,,,,,,,,,,,,,U.S. TAPE® 35115 Commercial Product,,,,,,,,,,,,,,,,,,,,,,,,,,,,,,,,,,,,,,,,,,,,,,,,,,,,,,,,,,,,,,,,,,,,,,,,,,,,,,,,,,,,,,,,,,,,,,,,,,,,,,,,,,,,,,,,,,,,,,,,,,,,,,,,,,,,,,,,,,,,,,,,,,,,,,,,,,,,,1,EA,,,,,,,,,,,,,,,,,,,,,,,,,,,,,,,,,,,,,US,No,Yes
,,,,,,25168,,,,25168,25168,25168 Mason Line Brd Green - 250',U.S. TAPE®,U.S. TAPE®,U.S. TAPE®,U.S. TAPE,U.S. TAPE,U.S. TAPE®,U.S. TAPE®,25168,,,"U.S. TAPE®, Commercial Product, 25168 - Commercial Grade Commercial Product",COMMERCIAL PRODUCT,"U.S. TAPE®, 25168, Commercial Product",The U.S. TAPE® 25168 is a commercial-grade commercial product designed for professional and industrial applications.,U.S. TAPE® 25168 Commercial Product,The U.S. TAPE® 25168 is a commercial-grade commercial product designed for professional and industrial applications.,,,,,,,,,,,,,,,,,,,,,,,,,,U.S. TAPE® 25168 Commercial Product,,,,,,,,,,,,,,,,,,,,,,,,,,,,,,,,,,,,,,,,,,,,,,,,,,,,,,,,,,,,,,,,,,,,,,,,,,,,,,,,,,,,,,,,,,,,,,,,,,,,,,,,,,,,,,,,,,,,,,,,,,,,,,,,,,,,,,,,,,,,,,,,,,,,,,,,,,,,,1,EA,,,,,,,,,,,,,,,,,,,,,,,,,,,,,,,,,,,,,US,No,Yes
,,,,,,35468,,,,35468,35468,35468 Mason Line Brd Green - 500' Replacement,U.S. TAPE®,U.S. TAPE®,U.S. TAPE®,U.S. TAPE,U.S. TAPE,U.S. TAPE®,U.S. TAPE®,35468,,,"U.S. TAPE®, Commercial Product, 35468 - Commercial Grade Commercial Product",COMMERCIAL PRODUCT,"U.S. TAPE®, 35468, Commercial Product",The U.S. TAPE® 35468 is a commercial-grade commercial product designed for professional and industrial applications.,U.S. TAPE® 35468 Commercial Product,The U.S. TAPE® 35468 is a commercial-grade commercial product designed for professional and industrial applications.,,,,,,,,,,,,,,,,,,,,,,,,,,U.S. TAPE® 35468 Commercial Product,,,,,,,,,,,,,,,,,,,,,,,,,,,,,,,,,,,,,,,,,,,,,,,,,,,,,,,,,,,,,,,,,,,,,,,,,,,,,,,,,,,,,,,,,,,,,,,,,,,,,,,,,,,,,,,,,,,,,,,,,,,,,,,,,,,,,,,,,,,,,,,,,,,,,,,,,,,,,1,EA,,,,,,,,,,,,,,,,,,,,,,,,,,,,,,,,,,,,,US,No,Yes
,,,,,,35494,,,,35494,35494,35494 Mason Line Brd Blk/Yellw - 500' Replacement,U.S. TAPE®,U.S. TAPE®,U.S. TAPE®,U.S. TAPE,U.S. TAPE,U.S. TAPE®,U.S. TAPE®,35494,,,"U.S. TAPE®, Commercial Product, 35494 - Commercial Grade Commercial Product",COMMERCIAL PRODUCT,"U.S. TAPE®, 35494, Commercial Product",The U.S. TAPE® 35494 is a commercial-grade commercial product designed for professional and industrial applications.,U.S. TAPE® 35494 Commercial Product,The U.S. TAPE® 35494 is a commercial-grade commercial product designed for professional and industrial applications.,,,,,,,,,,,,,,,,,,,,,,,,,,U.S. TAPE® 35494 Commercial Product,,,,,,,,,,,,,,,,,,,,,,,,,,,,,,,,,,,,,,,,,,,,,,,,,,,,,,,,,,,,,,,,,,,,,,,,,,,,,,,,,,,,,,,,,,,,,,,,,,,,,,,,,,,,,,,,,,,,,,,,,,,,,,,,,,,,,,,,,,,,,,,,,,,,,,,,,,,,,1,EA,,,,,,,,,,,,,,,,,,,,,,,,,,,,,,,,,,,,,US,No,Yes
,,,,,,MLSQ0120,,,,MLSQ0120,MLSQ0120,"MLSQ0120 Milw 12"" RafterSquare",MILWAUKEE®,MILWAUKEE®,MILWAUKEE®,MILWAUKEE,MILWAUKEE,MILWAUKEE®,MILWAUKEE®,MLSQ0120,,,"MILWAUKEE®, Commercial Product, MLSQ0120 - Commercial Grade Commercial Product",COMMERCIAL PRODUCT,"MILWAUKEE®, MLSQ0120, Commercial Product",The MILWAUKEE® MLSQ0120 is a commercial-grade commercial product designed for professional and industrial applications.,MILWAUKEE® MLSQ0120 Commercial Product,The MILWAUKEE® MLSQ0120 is a commercial-grade commercial product designed for professional and industrial applications.,,,,,,,,,,,,,,,,,,,,,,,,,,MILWAUKEE® MLSQ0120 Commercial Product,,,,,,,,,,,,,,,,,,,,,,,,,,,,,,,,,,,,,,,,,,,,,,,,,,,,,,,,,,,,,,,,,,,,,,,,,,,,,,,,,,,,,,,,,,,,,,,,,,,,,,,,,,,,,,,,,,,,,,,,,,,,,,,,,,,,,,,,,,,,,,,,,,,,,,,,,,,,,1,EA,,,,,,,,,,,,,,,,,,,,,,,,,,,,,,,,,,,,,US,No,Yes
,,,,,,MLSQ1120,,,,MLSQ1120,MLSQ1120,MLSQ1120 Milw 300mm Rafter - Square,MILWAUKEE®,MILWAUKEE®,MILWAUKEE®,MILWAUKEE,MILWAUKEE,MILWAUKEE®,MILWAUKEE®,MLSQ1120,,,"MILWAUKEE®, Commercial Product, MLSQ1120, 300 mm - Commercial Grade Commercial P",COMMERCIAL PRODUCT 300 MM,"MILWAUKEE®, MLSQ1120, Commercial Product, 300 mm",The MILWAUKEE® MLSQ1120 is a commercial-grade commercial product designed for professional and industrial applications. Engineered with measuring 300 mm.,MILWAUKEE® MLSQ1120 Commercial Product (300 mm),The MILWAUKEE® MLSQ1120 is a commercial-grade commercial product designed for professional and industrial applications. Engineered with measuring 300 mm.,Precision dimensions: 300 mm,,,,,,,,,,,,,,,,,,,,,,,,,MILWAUKEE® MLSQ1120 Commercial Product (300 mm),Dimensions,300 mm,in,,,,,,,,,,,,,,,,,,,,,,,,,,,,,,,,,,,,,,,,,,,,,,,,,,,,,,,,,,,,,,,,,,,,,,,,,,,,,,,,,,,,,,,,,,,,,,,,,,,,,,,,,,,,,,,,,,,,,,,,,,,,,,,,,,,,,,,,,,,,,,,,,,,,,,,,,,1,EA,,,,,,,,,,,,,,,,,,,,,,,,,,,,,,,,,,,,,US,No,Yes
,,,,,,55227,,,,55227,55227,"55227 Amana Countersink/Stop 1/8"" Drill TB",Amana Tool Corp,Amana Tool Corp,Amana Tool Corp,Amana Tool Corp,Amana Tool Corp,Amana Tool Corp,Amana Tool Corp,55227,,,"Amana Tool Corp, Commercial Product, 55227 - Commercial Grade Commercial Product",COMMERCIAL PRODUCT,"Amana Tool Corp, 55227, Commercial Product",The Amana Tool Corp 55227 is a commercial-grade commercial product designed for professional and industrial applications.,Amana Tool Corp 55227 Commercial Product,The Amana Tool Corp 55227 is a commercial-grade commercial product designed for professional and industrial applications.,,,,,,,,,,,,,,,,,,,,,,,,,,Amana Tool Corp 55227 Commercial Product,,,,,,,,,,,,,,,,,,,,,,,,,,,,,,,,,,,,,,,,,,,,,,,,,,,,,,,,,,,,,,,,,,,,,,,,,,,,,,,,,,,,,,,,,,,,,,,,,,,,,,,,,,,,,,,,,,,,,,,,,,,,,,,,,,,,,,,,,,,,,,,,,,,,,,,,,,,,,1,EA,,,,,,,,,,,,,,,,,,,,,,,,,,,,,,,,,,,,,US,No,Yes
,,,,,,37300952,,,,37300952,37300952,"095842 Fisch Plug Cutter 3/8""",-,-,-,-,-,-,-,37300952,,,"-, Commercial Product, 37300952 - Commercial Grade Commercial Product",COMMERCIAL PRODUCT,"-, 37300952, Commercial Product",The - 37300952 is a commercial-grade commercial product designed for professional and industrial applications.,- 37300952 Commercial Product,The - 37300952 is a commercial-grade commercial product designed for professional and industrial applications.,,,,,,,,,,,,,,,,,,,,,,,,,,- 37300952 Commercial Product,,,,,,,,,,,,,,,,,,,,,,,,,,,,,,,,,,,,,,,,,,,,,,,,,,,,,,,,,,,,,,,,,,,,,,,,,,,,,,,,,,,,,,,,,,,,,,,,,,,,,,,,,,,,,,,,,,,,,,,,,,,,,,,,,,,,,,,,,,,,,,,,,,,,,,,,,,,,,1,EA,,,,,,,,,,,,,,,,,,,,,,,,,,,,,,,,,,,,,US,No,Yes
,,,,,,6008,,,,6008,6008,6008 Whiteside Router Bit,Whiteside Machine & Repair Co,Whiteside Machine & Repair Co,Whiteside Machine & Repair Co,Whiteside Machine & Repair Co,Whiteside Machine & Repair Co,Whiteside Machine & Repair Co,Whiteside Machine & Repair Co,6008,,,"Whiteside Machine & Repair Co, Drill Bit, 6008 - Commercial Grade Drill Bit",DRILL BIT,"Whiteside Machine & Repair Co, 6008, Drill Bit",The Whiteside Machine & Repair Co 6008 is a commercial-grade drill bit designed for professional and industrial applications.,Whiteside Machine & Repair Co 6008 Drill Bit,The Whiteside Machine & Repair Co 6008 is a commercial-grade drill bit designed for professional and industrial applications.,,,,,,,,,,,,,,,,,,,,,,,,,,Whiteside Machine & Repair Co 6008 Drill Bit,Item Type,Drill Bit,,,,,,,,,,,,,,,,,,,,,,,,,,,,,,,,,,,,,,,,,,,,,,,,,,,,,,,,,,,,,,,,,,,,,,,,,,,,,,,,,,,,,,,,,,,,,,,,,,,,,,,,,,,,,,,,,,,,,,,,,,,,,,,,,,,,,,,,,,,,,,,,,,,,,,,,,,,1,EA,,,,,,,,,,,,,,,,,,,,,,,,,,,,,,,,,,,,,US,No,Yes
,,,,,,6009,,,,6009,6009,6009 Whiteside Router Bit,Whiteside Machine & Repair Co,Whiteside Machine & Repair Co,Whiteside Machine & Repair Co,Whiteside Machine & Repair Co,Whiteside Machine & Repair Co,Whiteside Machine & Repair Co,Whiteside Machine & Repair Co,6009,,,"Whiteside Machine & Repair Co, Drill Bit, 6009 - Commercial Grade Drill Bit",DRILL BIT,"Whiteside Machine & Repair Co, 6009, Drill Bit",The Whiteside Machine & Repair Co 6009 is a commercial-grade drill bit designed for professional and industrial applications.,Whiteside Machine & Repair Co 6009 Drill Bit,The Whiteside Machine & Repair Co 6009 is a commercial-grade drill bit designed for professional and industrial applications.,,,,,,,,,,,,,,,,,,,,,,,,,,Whiteside Machine & Repair Co 6009 Drill Bit,Item Type,Drill Bit,,,,,,,,,,,,,,,,,,,,,,,,,,,,,,,,,,,,,,,,,,,,,,,,,,,,,,,,,,,,,,,,,,,,,,,,,,,,,,,,,,,,,,,,,,,,,,,,,,,,,,,,,,,,,,,,,,,,,,,,,,,,,,,,,,,,,,,,,,,,,,,,,,,,,,,,,,,1,EA,,,,,,,,,,,,,,,,,,,,,,,,,,,,,,,,,,,,,US,No,Yes
,,,,,,3000A,,,,3000A,3000A,3000A Whiteside Router Bit,Whiteside Machine & Repair Co,Whiteside Machine & Repair Co,Whiteside Machine & Repair Co,Whiteside Machine & Repair Co,Whiteside Machine & Repair Co,Whiteside Machine & Repair Co,Whiteside Machine & Repair Co,3000A,,,"Whiteside Machine & Repair Co, Drill Bit, 3000A - Commercial Grade Drill Bit",DRILL BIT,"Whiteside Machine & Repair Co, 3000A, Drill Bit",The Whiteside Machine & Repair Co 3000A is a commercial-grade drill bit designed for professional and industrial applications. Key Specifications include Amperage: 3000 A.,Whiteside Machine & Repair Co 3000A Drill Bit,The Whiteside Machine & Repair Co 3000A is a commercial-grade drill bit designed for professional and industrial applications. Key Specifications include Amperage: 3000 A.,,,,,,,,,,,,,,,,,,,,,,,,,,Whiteside Machine & Repair Co 3000A Drill Bit,Item Type,Drill Bit,,Amperage,3000,A,,,,,,,,,,,,,,,,,,,,,,,,,,,,,,,,,,,,,,,,,,,,,,,,,,,,,,,,,,,,,,,,,,,,,,,,,,,,,,,,,,,,,,,,,,,,,,,,,,,,,,,,,,,,,,,,,,,,,,,,,,,,,,,,,,,,,,,,,,,,,,,,,,,,,,,1,EA,,,,,,,,,,,,,,,,,,,,,,,,,,,,,,,,,,,,,US,No,Yes
,,,,,,MID6630201US,,,,MID6630201US,MID6630201US,MID6630201US Deos663XCV Sander,MIRKA®,MIRKA®,MIRKA®,MIRKA,MIRKA,MIRKA®,MIRKA®,MID6630201US,,,"MIRKA®, Commercial Product, MID6630201US - Commercial Grade Commercial Product",COMMERCIAL PRODUCT,"MIRKA®, MID6630201US, Commercial Product",The MIRKA® MID6630201US is a commercial-grade commercial product designed for professional and industrial applications.,MIRKA® MID6630201US Commercial Product,The MIRKA® MID6630201US is a commercial-grade commercial product designed for professional and industrial applications.,,,,,,,,,,,,,,,,,,,,,,,,,,MIRKA® MID6630201US Commercial Product,,,,,,,,,,,,,,,,,,,,,,,,,,,,,,,,,,,,,,,,,,,,,,,,,,,,,,,,,,,,,,,,,,,,,,,,,,,,,,,,,,,,,,,,,,,,,,,,,,,,,,,,,,,,,,,,,,,,,,,,,,,,,,,,,,,,,,,,,,,,,,,,,,,,,,,,,,,,,1,EA,,,,,,,,,,,,,,,,,,,,,,,,,,,,,,,,,,,,,US,No,Yes
,,,,,,DCF6202,,,,DCF6202,DCF6202,DCF6202 Dewalt Collated Attach,DEWALT®,DEWALT®,DEWALT®,DEWALT,DEWALT,DEWALT®,DEWALT®,DCF6202,,,"DEWALT®, Commercial Product, DCF6202 - Commercial Grade Commercial Product",COMMERCIAL PRODUCT,"DEWALT®, DCF6202, Commercial Product",The DEWALT® DCF6202 is a commercial-grade commercial product designed for professional and industrial applications.,DEWALT® DCF6202 Commercial Product,The DEWALT® DCF6202 is a commercial-grade commercial product designed for professional and industrial applications.,,,,,,,,,,,,,,,,,,,,,,,,,,DEWALT® DCF6202 Commercial Product,,,,,,,,,,,,,,,,,,,,,,,,,,,,,,,,,,,,,,,,,,,,,,,,,,,,,,,,,,,,,,,,,,,,,,,,,,,,,,,,,,,,,,,,,,,,,,,,,,,,,,,,,,,,,,,,,,,,,,,,,,,,,,,,,,,,,,,,,,,,,,,,,,,,,,,,,,,,,1,EA,,,,,,,,,,,,,,,,,,,,,,,,,,,,,,,,,,,,,US,No,Yes
,,,,,,25468,,,,25468,25468,25468 Mason Line Brd Green - 500',U.S. TAPE®,U.S. TAPE®,U.S. TAPE®,U.S. TAPE,U.S. TAPE,U.S. TAPE®,U.S. TAPE®,25468,,,"U.S. TAPE®, Commercial Product, 25468 - Commercial Grade Commercial Product",COMMERCIAL PRODUCT,"U.S. TAPE®, 25468, Commercial Product",The U.S. TAPE® 25468 is a commercial-grade commercial product designed for professional and industrial applications.,U.S. TAPE® 25468 Commercial Product,The U.S. TAPE® 25468 is a commercial-grade commercial product designed for professional and industrial applications.,,,,,,,,,,,,,,,,,,,,,,,,,,U.S. TAPE® 25468 Commercial Product,,,,,,,,,,,,,,,,,,,,,,,,,,,,,,,,,,,,,,,,,,,,,,,,,,,,,,,,,,,,,,,,,,,,,,,,,,,,,,,,,,,,,,,,,,,,,,,,,,,,,,,,,,,,,,,,,,,,,,,,,,,,,,,,,,,,,,,,,,,,,,,,,,,,,,,,,,,,,1,EA,,,,,,,,,,,,,,,,,,,,,,,,,,,,,,,,,,,,,US,No,Yes
,,,,,,25762,,,,25762,25762,25762 Mason Line Brd Pink - 1000',U.S. TAPE®,U.S. TAPE®,U.S. TAPE®,U.S. TAPE,U.S. TAPE,U.S. TAPE®,U.S. TAPE®,25762,,,"U.S. TAPE®, Commercial Product, 25762 - Commercial Grade Commercial Product",COMMERCIAL PRODUCT,"U.S. TAPE®, 25762, Commercial Product",The U.S. TAPE® 25762 is a commercial-grade commercial product designed for professional and industrial applications.,U.S. TAPE® 25762 Commercial Product,The U.S. TAPE® 25762 is a commercial-grade commercial product designed for professional and industrial applications.,,,,,,,,,,,,,,,,,,,,,,,,,,U.S. TAPE® 25762 Commercial Product,,,,,,,,,,,,,,,,,,,,,,,,,,,,,,,,,,,,,,,,,,,,,,,,,,,,,,,,,,,,,,,,,,,,,,,,,,,,,,,,,,,,,,,,,,,,,,,,,,,,,,,,,,,,,,,,,,,,,,,,,,,,,,,,,,,,,,,,,,,,,,,,,,,,,,,,,,,,,1,EA,,,,,,,,,,,,,,,,,,,,,,,,,,,,,,,,,,,,,US,No,Yes
,,,,,,21839NN,,,,21839NN,21839NN,"21839NN File Bstd Mill 10""",-,-,-,-,-,-,-,21839NN,,,"-, Commercial Product, 21839NN - Commercial Grade Commercial Product",COMMERCIAL PRODUCT,"-, 21839NN, Commercial Product",The - 21839NN is a commercial-grade commercial product designed for professional and industrial applications.,- 21839NN Commercial Product,The - 21839NN is a commercial-grade commercial product designed for professional and industrial applications.,,,,,,,,,,,,,,,,,,,,,,,,,,- 21839NN Commercial Product,,,,,,,,,,,,,,,,,,,,,,,,,,,,,,,,,,,,,,,,,,,,,,,,,,,,,,,,,,,,,,,,,,,,,,,,,,,,,,,,,,,,,,,,,,,,,,,,,,,,,,,,,,,,,,,,,,,,,,,,,,,,,,,,,,,,,,,,,,,,,,,,,,,,,,,,,,,,,1,EA,,,,,,,,,,,,,,,,,,,,,,,,,,,,,,,,,,,,,US,No,Yes
,,,,,,VN56920,,,,VN56920,VN56920,"VN56920 10 1/2"" Saw Blade",Marshalltown Trowel,Marshalltown Trowel,Marshalltown Trowel,Marshalltown Trowel,Marshalltown Trowel,Marshalltown Trowel,Marshalltown Trowel,VN56920,,,"Marshalltown Trowel, Saw Blade, VN56920 - Commercial Grade Saw Blade",SAW BLADE,"Marshalltown Trowel, VN56920, Saw Blade",The Marshalltown Trowel VN56920 is a commercial-grade saw blade designed for professional and industrial applications.,Marshalltown Trowel VN56920 Saw Blade,The Marshalltown Trowel VN56920 is a commercial-grade saw blade designed for professional and industrial applications.,,,,,,,,,,,,,,,,,,,,,,,,,,Marshalltown Trowel VN56920 Saw Blade,Item Type,Saw Blade,,,,,,,,,,,,,,,,,,,,,,,,,,,,,,,,,,,,,,,,,,,,,,,,,,,,,,,,,,,,,,,,,,,,,,,,,,,,,,,,,,,,,,,,,,,,,,,,,,,,,,,,,,,,,,,,,,,,,,,,,,,,,,,,,,,,,,,,,,,,,,,,,,,,,,,,,,,1,EA,,,,,,,,,,,,,,,,,,,,,,,,,,,,,,,,,,,,,US,No,Yes
,,,,,,133164,,,,133164,133164,133164 950/9 Hex Plus Spks - Multicolor,KLEIN TOOLS®,KLEIN TOOLS®,KLEIN TOOLS®,KLEIN TOOLS,KLEIN TOOLS,KLEIN TOOLS®,KLEIN TOOLS®,133164,,,"KLEIN TOOLS®, Commercial Product, 133164 - Commercial Grade Commercial Product",COMMERCIAL PRODUCT,"KLEIN TOOLS®, 133164, Commercial Product",The KLEIN TOOLS® 133164 is a commercial-grade commercial product designed for professional and industrial applications.,KLEIN TOOLS® 133164 Commercial Product,The KLEIN TOOLS® 133164 is a commercial-grade commercial product designed for professional and industrial applications.,,,,,,,,,,,,,,,,,,,,,,,,,,KLEIN TOOLS® 133164 Commercial Product,,,,,,,,,,,,,,,,,,,,,,,,,,,,,,,,,,,,,,,,,,,,,,,,,,,,,,,,,,,,,,,,,,,,,,,,,,,,,,,,,,,,,,,,,,,,,,,,,,,,,,,,,,,,,,,,,,,,,,,,,,,,,,,,,,,,,,,,,,,,,,,,,,,,,,,,,,,,,1,EA,,,,,,,,,,,,,,,,,,,,,,,,,,,,,,,,,,,,,US,No,Yes
,,,,,,DWHT10993,,,,DWHT10993,DWHT10993,DWHT10993 Folding Knife,DEWALT®,DEWALT®,DEWALT®,DEWALT,DEWALT,DEWALT®,DEWALT®,DWHT10993,,,"DEWALT®, Commercial Product, DWHT10993 - Commercial Grade Commercial Product",COMMERCIAL PRODUCT,"DEWALT®, DWHT10993, Commercial Product",The DEWALT® DWHT10993 is a commercial-grade commercial product designed for professional and industrial applications.,DEWALT® DWHT10993 Commercial Product,The DEWALT® DWHT10993 is a commercial-grade commercial product designed for professional and industrial applications.,,,,,,,,,,,,,,,,,,,,,,,,,,DEWALT® DWHT10993 Commercial Product,,,,,,,,,,,,,,,,,,,,,,,,,,,,,,,,,,,,,,,,,,,,,,,,,,,,,,,,,,,,,,,,,,,,,,,,,,,,,,,,,,,,,,,,,,,,,,,,,,,,,,,,,,,,,,,,,,,,,,,,,,,,,,,,,,,,,,,,,,,,,,,,,,,,,,,,,,,,,1,EA,,,,,,,,,,,,,,,,,,,,,,,,,,,,,,,,,,,,,US,No,Yes
,,,,,,DWHT10994,,,,DWHT10994,DWHT10994,DWHT10994 Folding Knife,DEWALT®,DEWALT®,DEWALT®,DEWALT,DEWALT,DEWALT®,DEWALT®,DWHT10994,,,"DEWALT®, Commercial Product, DWHT10994 - Commercial Grade Commercial Product",COMMERCIAL PRODUCT,"DEWALT®, DWHT10994, Commercial Product",The DEWALT® DWHT10994 is a commercial-grade commercial product designed for professional and industrial applications.,DEWALT® DWHT10994 Commercial Product,The DEWALT® DWHT10994 is a commercial-grade commercial product designed for professional and industrial applications.,,,,,,,,,,,,,,,,,,,,,,,,,,DEWALT® DWHT10994 Commercial Product,,,,,,,,,,,,,,,,,,,,,,,,,,,,,,,,,,,,,,,,,,,,,,,,,,,,,,,,,,,,,,,,,,,,,,,,,,,,,,,,,,,,,,,,,,,,,,,,,,,,,,,,,,,,,,,,,,,,,,,,,,,,,,,,,,,,,,,,,,,,,,,,,,,,,,,,,,,,,1,EA,,,,,,,,,,,,,,,,,,,,,,,,,,,,,,,,,,,,,US,No,Yes
,,,,,,QB22RU,,,,QB22RU,QB22RU,QB22RU Vessel Carrying Bit Holder,KLEIN TOOLS®,KLEIN TOOLS®,KLEIN TOOLS®,KLEIN TOOLS,KLEIN TOOLS,KLEIN TOOLS®,KLEIN TOOLS®,QB22RU,,,"KLEIN TOOLS®, Drill Bit, QB22RU - Commercial Grade Drill Bit",DRILL BIT,"KLEIN TOOLS®, QB22RU, Drill Bit",The KLEIN TOOLS® QB22RU is a commercial-grade drill bit designed for professional and industrial applications.,KLEIN TOOLS® QB22RU Drill Bit,The KLEIN TOOLS® QB22RU is a commercial-grade drill bit designed for professional and industrial applications.,,,,,,,,,,,,,,,,,,,,,,,,,,KLEIN TOOLS® QB22RU Drill Bit,Item Type,Drill Bit,,,,,,,,,,,,,,,,,,,,,,,,,,,,,,,,,,,,,,,,,,,,,,,,,,,,,,,,,,,,,,,,,,,,,,,,,,,,,,,,,,,,,,,,,,,,,,,,,,,,,,,,,,,,,,,,,,,,,,,,,,,,,,,,,,,,,,,,,,,,,,,,,,,,,,,,,,,1,EA,,,,,,,,,,,,,,,,,,,,,,,,,,,,,,,,,,,,,US,No,Yes
,,,,,,QB22KU,,,,QB22KU,QB22KU,QB22KU Vessel Carrying Bit Holder,KLEIN TOOLS®,KLEIN TOOLS®,KLEIN TOOLS®,KLEIN TOOLS,KLEIN TOOLS,KLEIN TOOLS®,KLEIN TOOLS®,QB22KU,,,"KLEIN TOOLS®, Drill Bit, QB22KU - Commercial Grade Drill Bit",DRILL BIT,"KLEIN TOOLS®, QB22KU, Drill Bit",The KLEIN TOOLS® QB22KU is a commercial-grade drill bit designed for professional and industrial applications.,KLEIN TOOLS® QB22KU Drill Bit,The KLEIN TOOLS® QB22KU is a commercial-grade drill bit designed for professional and industrial applications.,,,,,,,,,,,,,,,,,,,,,,,,,,KLEIN TOOLS® QB22KU Drill Bit,Item Type,Drill Bit,,,,,,,,,,,,,,,,,,,,,,,,,,,,,,,,,,,,,,,,,,,,,,,,,,,,,,,,,,,,,,,,,,,,,,,,,,,,,,,,,,,,,,,,,,,,,,,,,,,,,,,,,,,,,,,,,,,,,,,,,,,,,,,,,,,,,,,,,,,,,,,,,,,,,,,,,,,1,EA,,,,,,,,,,,,,,,,,,,,,,,,,,,,,,,,,,,,,US,No,Yes
,,,,,,AVM6EV,,,,AVM6EV,AVM6EV,AVM6 EV Mini Snip Red,Malco Prod,Malco Prod,Malco Prod,Malco Prod,Malco Prod,Malco Prod,Malco Prod,AVM6EV,,,"Malco Prod, Commercial Product, AVM6EV - Commercial Grade Commercial Product",COMMERCIAL PRODUCT,"Malco Prod, AVM6EV, Commercial Product",The Malco Prod AVM6EV is a commercial-grade commercial product designed for professional and industrial applications.,Malco Prod AVM6EV Commercial Product,The Malco Prod AVM6EV is a commercial-grade commercial product designed for professional and industrial applications.,,,,,,,,,,,,,,,,,,,,,,,,,,Malco Prod AVM6EV Commercial Product,,,,,,,,,,,,,,,,,,,,,,,,,,,,,,,,,,,,,,,,,,,,,,,,,,,,,,,,,,,,,,,,,,,,,,,,,,,,,,,,,,,,,,,,,,,,,,,,,,,,,,,,,,,,,,,,,,,,,,,,,,,,,,,,,,,,,,,,,,,,,,,,,,,,,,,,,,,,,1,EA,,,,,,,,,,,,,,,,,,,,,,,,,,,,,,,,,,,,,US,No,Yes
,,,,,,AVM6EV,,,,AVM6EV,AVM6EV,AVM7 EV Mini Snip Green,Malco Prod,Malco Prod,Malco Prod,Malco Prod,Malco Prod,Malco Prod,Malco Prod,AVM6EV,,,"Malco Prod, Commercial Product, AVM6EV - Commercial Grade Commercial Product",COMMERCIAL PRODUCT,"Malco Prod, AVM6EV, Commercial Product",The Malco Prod AVM6EV is a commercial-grade commercial product designed for professional and industrial applications.,Malco Prod AVM6EV Commercial Product,The Malco Prod AVM6EV is a commercial-grade commercial product designed for professional and industrial applications.,,,,,,,,,,,,,,,,,,,,,,,,,,Malco Prod AVM6EV Commercial Product,,,,,,,,,,,,,,,,,,,,,,,,,,,,,,,,,,,,,,,,,,,,,,,,,,,,,,,,,,,,,,,,,,,,,,,,,,,,,,,,,,,,,,,,,,,,,,,,,,,,,,,,,,,,,,,,,,,,,,,,,,,,,,,,,,,,,,,,,,,,,,,,,,,,,,,,,,,,,1,EA,,,,,,,,,,,,,,,,,,,,,,,,,,,,,,,,,,,,,US,No,Yes
,,,,,,DSA0250B,,,,DSA0250B,DSA0250B,"DSA0250B 1/4"" Square x1/4"" Hex - Socket Adapter",FREUD®,FREUD®,FREUD®,FREUD,FREUD,FREUD®,FREUD®,DSA0250B,,,"FREUD®, Adapter, DSA0250B - Commercial Grade Adapter",ADAPTER,"FREUD®, DSA0250B, Adapter",The FREUD® DSA0250B is a commercial-grade adapter designed for professional and industrial applications.,FREUD® DSA0250B Adapter,The FREUD® DSA0250B is a commercial-grade adapter designed for professional and industrial applications.,,,,,,,,,,,,,,,,,,,,,,,,,,FREUD® DSA0250B Adapter,Item Type,Adapter,,,,,,,,,,,,,,,,,,,,,,,,,,,,,,,,,,,,,,,,,,,,,,,,,,,,,,,,,,,,,,,,,,,,,,,,,,,,,,,,,,,,,,,,,,,,,,,,,,,,,,,,,,,,,,,,,,,,,,,,,,,,,,,,,,,,,,,,,,,,,,,,,,,,,,,,,,,1,EA,,,,,,,,,,,,,,,,,,,,,,,,,,,,,,,,,,,,,US,No,Yes
,,,,,,DSA0375B,,,,DSA0375B,DSA0375B,"DSA0375B 3/8"" Square x1/4"" Hex - Socket Adapter",FREUD®,FREUD®,FREUD®,FREUD,FREUD,FREUD®,FREUD®,DSA0375B,,,"FREUD®, Adapter, DSA0375B - Commercial Grade Adapter",ADAPTER,"FREUD®, DSA0375B, Adapter",The FREUD® DSA0375B is a commercial-grade adapter designed for professional and industrial applications.,FREUD® DSA0375B Adapter,The FREUD® DSA0375B is a commercial-grade adapter designed for professional and industrial applications.,,,,,,,,,,,,,,,,,,,,,,,,,,FREUD® DSA0375B Adapter,Item Type,Adapter,,,,,,,,,,,,,,,,,,,,,,,,,,,,,,,,,,,,,,,,,,,,,,,,,,,,,,,,,,,,,,,,,,,,,,,,,,,,,,,,,,,,,,,,,,,,,,,,,,,,,,,,,,,,,,,,,,,,,,,,,,,,,,,,,,,,,,,,,,,,,,,,,,,,,,,,,,,1,EA,,,,,,,,,,,,,,,,,,,,,,,,,,,,,,,,,,,,,US,No,Yes
,,,,,,DSA0500B,,,,DSA0500B,DSA0500B,"DSA0500B 1/2"" Square x1/4"" Hex - Socket Adapter",FREUD®,FREUD®,FREUD®,FREUD,FREUD,FREUD®,FREUD®,DSA0500B,,,"FREUD®, Adapter, DSA0500B - Commercial Grade Adapter",ADAPTER,"FREUD®, DSA0500B, Adapter",The FREUD® DSA0500B is a commercial-grade adapter designed for professional and industrial applications.,FREUD® DSA0500B Adapter,The FREUD® DSA0500B is a commercial-grade adapter designed for professional and industrial applications.,,,,,,,,,,,,,,,,,,,,,,,,,,FREUD® DSA0500B Adapter,Item Type,Adapter,,,,,,,,,,,,,,,,,,,,,,,,,,,,,,,,,,,,,,,,,,,,,,,,,,,,,,,,,,,,,,,,,,,,,,,,,,,,,,,,,,,,,,,,,,,,,,,,,,,,,,,,,,,,,,,,,,,,,,,,,,,,,,,,,,,,,,,,,,,,,,,,,,,,,,,,,,,1,EA,,,,,,,,,,,,,,,,,,,,,,,,,,,,,,,,,,,,,US,No,Yes
,,,,,,42-04-9107,,,,42-04-9107,42-04-9107,"42-04-9107 Milw 3/8"" Drive Universal Joint",MILWAUKEE®,MILWAUKEE®,MILWAUKEE®,MILWAUKEE,MILWAUKEE,MILWAUKEE®,MILWAUKEE®,42-04-9107,,,"MILWAUKEE®, Commercial Product, 42-04-9107 - Commercial Grade Commercial Product",COMMERCIAL PRODUCT,"MILWAUKEE®, 42-04-9107, Commercial Product",The MILWAUKEE® 42-04-9107 is a commercial-grade commercial product designed for professional and industrial applications.,MILWAUKEE® 42-04-9107 Commercial Product,The MILWAUKEE® 42-04-9107 is a commercial-grade commercial product designed for professional and industrial applications.,,,,,,,,,,,,,,,,,,,,,,,,,,MILWAUKEE® 42-04-9107 Commercial Product,,,,,,,,,,,,,,,,,,,,,,,,,,,,,,,,,,,,,,,,,,,,,,,,,,,,,,,,,,,,,,,,,,,,,,,,,,,,,,,,,,,,,,,,,,,,,,,,,,,,,,,,,,,,,,,,,,,,,,,,,,,,,,,,,,,,,,,,,,,,,,,,,,,,,,,,,,,,,1,EA,,,,,,,,,,,,,,,,,,,,,,,,,,,,,,,,,,,,,US,No,Yes
,,,,,,48-22-9491,,,,48-22-9491,48-22-9491,48-22-9491 Milw 242pc Ratchet & Socket Set 4-Drawer Tool Box,MILWAUKEE®,MILWAUKEE®,MILWAUKEE®,MILWAUKEE,MILWAUKEE,MILWAUKEE®,MILWAUKEE®,48-22-9491,,,"MILWAUKEE®, Commercial Product, 48-22-9491 - Commercial Grade Commercial Product",COMMERCIAL PRODUCT,"MILWAUKEE®, 48-22-9491, Commercial Product",The MILWAUKEE® 48-22-9491 is a commercial-grade commercial product designed for professional and industrial applications. Key Specifications include PackQuantity: 242 PK.,MILWAUKEE® 48-22-9491 Commercial Product,The MILWAUKEE® 48-22-9491 is a commercial-grade commercial product designed for professional and industrial applications. Key Specifications include PackQuantity: 242 PK.,,,,,,,,,,,,,,,,,,,,,,,,,,MILWAUKEE® 48-22-9491 Commercial Product,PackQuantity,242 PK,,,,,,,,,,,,,,,,,,,,,,,,,,,,,,,,,,,,,,,,,,,,,,,,,,,,,,,,,,,,,,,,,,,,,,,,,,,,,,,,,,,,,,,,,,,,,,,,,,,,,,,,,,,,,,,,,,,,,,,,,,,,,,,,,,,,,,,,,,,,,,,,,,,,,,,,,,,1,EA,,,,,,,,,,,,,,,,,,,,,,,,,,,,,,,,,,,,,US,No,Yes
,,,,,,DWMT45422,,,,DWMT45422,DWMT45422,"DWMT45422 Dewalt 1/4"" Drive - 50pc Mechanics Set",DEWALT®,DEWALT®,DEWALT®,DEWALT,DEWALT,DEWALT®,DEWALT®,DWMT45422,,,"DEWALT®, Commercial Product, DWMT45422 - Commercial Grade Commercial Product",COMMERCIAL PRODUCT,"DEWALT®, DWMT45422, Commercial Product",The DEWALT® DWMT45422 is a commercial-grade commercial product designed for professional and industrial applications. Key Specifications include PackQuantity: 50 PK.,DEWALT® DWMT45422 Commercial Product,The DEWALT® DWMT45422 is a commercial-grade commercial product designed for professional and industrial applications. Key Specifications include PackQuantity: 50 PK.,,,,,,,,,,,,,,,,,,,,,,,,,,DEWALT® DWMT45422 Commercial Product,PackQuantity,50 PK,,,,,,,,,,,,,,,,,,,,,,,,,,,,,,,,,,,,,,,,,,,,,,,,,,,,,,,,,,,,,,,,,,,,,,,,,,,,,,,,,,,,,,,,,,,,,,,,,,,,,,,,,,,,,,,,,,,,,,,,,,,,,,,,,,,,,,,,,,,,,,,,,,,,,,,,,,,1,EA,,,,,,,,,,,,,,,,,,,,,,,,,,,,,,,,,,,,,US,No,Yes
,,,,,,DWMT45424,,,,DWMT45424,DWMT45424,"DWMT45424 Dewalt 3/8"" Drive - 84pc Mechanics Set",DEWALT®,DEWALT®,DEWALT®,DEWALT,DEWALT,DEWALT®,DEWALT®,DWMT45424,,,"DEWALT®, Mechanics Set, DWMT45424 - Commercial Grade Mechanics Set",MECHANICS SET,"DEWALT®, DWMT45424, Mechanics Set",The DEWALT® DWMT45424 is a commercial-grade mechanics set designed for professional and industrial applications.,DEWALT® DWMT45424 Mechanics Set,The DEWALT® DWMT45424 is a commercial-grade mechanics set designed for professional and industrial applications.,,,,,,,,,,,,,,,,,,,,,,,,,,DEWALT® DWMT45424 Mechanics Set,Item Type,Mechanics Set,,,,,,,,,,,,,,,,,,,,,,,,,,,,,,,,,,,,,,,,,,,,,,,,,,,,,,,,,,,,,,,,,,,,,,,,,,,,,,,,,,,,,,,,,,,,,,,,,,,,,,,,,,,,,,,,,,,,,,,,,,,,,,,,,,,,,,,,,,,,,,,,,,,,,,,,,,,1,EA,,,,,,,,,,,,,,,,,,,,,,,,,,,,,,,,,,,,,US,No,Yes
,,,,,,48-22-9483,,,,48-22-9483,48-22-9483,48-22-9483 Milw Packout 15pc - Metric Wrench Set,MILWAUKEE®,MILWAUKEE®,MILWAUKEE®,MILWAUKEE,MILWAUKEE,MILWAUKEE®,MILWAUKEE®,48-22-9483,,,"MILWAUKEE®, Commercial Product, 48-22-9483 - Commercial Grade Commercial Product",COMMERCIAL PRODUCT,"MILWAUKEE®, 48-22-9483, Commercial Product",The MILWAUKEE® 48-22-9483 is a commercial-grade commercial product designed for professional and industrial applications. Key Specifications include PackQuantity: 15 PK.,MILWAUKEE® 48-22-9483 Commercial Product,The MILWAUKEE® 48-22-9483 is a commercial-grade commercial product designed for professional and industrial applications. Key Specifications include PackQuantity: 15 PK.,,,,,,,,,,,,,,,,,,,,,,,,,,MILWAUKEE® 48-22-9483 Commercial Product,PackQuantity,15 PK,,,,,,,,,,,,,,,,,,,,,,,,,,,,,,,,,,,,,,,,,,,,,,,,,,,,,,,,,,,,,,,,,,,,,,,,,,,,,,,,,,,,,,,,,,,,,,,,,,,,,,,,,,,,,,,,,,,,,,,,,,,,,,,,,,,,,,,,,,,,,,,,,,,,,,,,,,,1,EA,,,,,,,,,,,,,,,,,,,,,,,,,,,,,,,,,,,,,US,No,Yes
,,,,,,48-22-9484,,,,48-22-9484,48-22-9484,48-22-9484 Milw Packout 15pc - SAE Wrench Set,MILWAUKEE®,MILWAUKEE®,MILWAUKEE®,MILWAUKEE,MILWAUKEE,MILWAUKEE®,MILWAUKEE®,48-22-9484,,,"MILWAUKEE®, Commercial Product, 48-22-9484 - Commercial Grade Commercial Product",COMMERCIAL PRODUCT,"MILWAUKEE®, 48-22-9484, Commercial Product",The MILWAUKEE® 48-22-9484 is a commercial-grade commercial product designed for professional and industrial applications. Key Specifications include PackQuantity: 15 PK.,MILWAUKEE® 48-22-9484 Commercial Product,The MILWAUKEE® 48-22-9484 is a commercial-grade commercial product designed for professional and industrial applications. Key Specifications include PackQuantity: 15 PK.,,,,,,,,,,,,,,,,,,,,,,,,,,MILWAUKEE® 48-22-9484 Commercial Product,PackQuantity,15 PK,,,,,,,,,,,,,,,,,,,,,,,,,,,,,,,,,,,,,,,,,,,,,,,,,,,,,,,,,,,,,,,,,,,,,,,,,,,,,,,,,,,,,,,,,,,,,,,,,,,,,,,,,,,,,,,,,,,,,,,,,,,,,,,,,,,,,,,,,,,,,,,,,,,,,,,,,,,1,EA,,,,,,,,,,,,,,,,,,,,,,,,,,,,,,,,,,,,,US,No,Yes
,,,,,,48-22-9485,,,,48-22-9485,48-22-9485,48-22-9485 Milw Packout 30pc - Metric & SAE Wrench Set,MILWAUKEE®,MILWAUKEE®,MILWAUKEE®,MILWAUKEE,MILWAUKEE,MILWAUKEE®,MILWAUKEE®,48-22-9485,,,"MILWAUKEE®, Commercial Product, 48-22-9485 - Commercial Grade Commercial Product",COMMERCIAL PRODUCT,"MILWAUKEE®, 48-22-9485, Commercial Product",The MILWAUKEE® 48-22-9485 is a commercial-grade commercial product designed for professional and industrial applications. Key Specifications include PackQuantity: 30 PK.,MILWAUKEE® 48-22-9485 Commercial Product,The MILWAUKEE® 48-22-9485 is a commercial-grade commercial product designed for professional and industrial applications. Key Specifications include PackQuantity: 30 PK.,,,,,,,,,,,,,,,,,,,,,,,,,,MILWAUKEE® 48-22-9485 Commercial Product,PackQuantity,30 PK,,,,,,,,,,,,,,,,,,,,,,,,,,,,,,,,,,,,,,,,,,,,,,,,,,,,,,,,,,,,,,,,,,,,,,,,,,,,,,,,,,,,,,,,,,,,,,,,,,,,,,,,,,,,,,,,,,,,,,,,,,,,,,,,,,,,,,,,,,,,,,,,,,,,,,,,,,,1,EA,,,,,,,,,,,,,,,,,,,,,,,,,,,,,,,,,,,,,US,No,Yes
,,,,,,48-44-2770,,,,48-44-2770,48-44-2770,48-44-2770 Milw Pole Pruning - Shears Replacement Blade,MILWAUKEE®,MILWAUKEE®,MILWAUKEE®,MILWAUKEE,MILWAUKEE,MILWAUKEE®,MILWAUKEE®,48-44-2770,,,"MILWAUKEE®, Saw Blade, 48-44-2770 - Commercial Grade Saw Blade",SAW BLADE,"MILWAUKEE®, 48-44-2770, Saw Blade",The MILWAUKEE® 48-44-2770 is a commercial-grade saw blade designed for professional and industrial applications.,MILWAUKEE® 48-44-2770 Saw Blade,The MILWAUKEE® 48-44-2770 is a commercial-grade saw blade designed for professional and industrial applications.,,,,,,,,,,,,,,,,,,,,,,,,,,MILWAUKEE® 48-44-2770 Saw Blade,Item Type,Saw Blade,,,,,,,,,,,,,,,,,,,,,,,,,,,,,,,,,,,,,,,,,,,,,,,,,,,,,,,,,,,,,,,,,,,,,,,,,,,,,,,,,,,,,,,,,,,,,,,,,,,,,,,,,,,,,,,,,,,,,,,,,,,,,,,,,,,,,,,,,,,,,,,,,,,,,,,,,,,1,EA,,,,,,,,,,,,,,,,,,,,,,,,,,,,,,,,,,,,,US,No,Yes
,,,,,,IWHT48441RC,,,,IWHT48441RC,IWHT48441RC,IWHT48441RC Irwin 100ft - Red Chalk & Reel Set,KLEIN TOOLS®,KLEIN TOOLS®,KLEIN TOOLS®,KLEIN TOOLS,KLEIN TOOLS,KLEIN TOOLS®,KLEIN TOOLS®,IWHT48441RC,,,"KLEIN TOOLS®, Commercial Product, IWHT48441RC, 100 ft - Commercial Grade Commerc",COMMERCIAL PRODUCT 100 FT,"KLEIN TOOLS®, IWHT48441RC, Commercial Product, 100 ft",The KLEIN TOOLS® IWHT48441RC is a commercial-grade commercial product designed for professional and industrial applications. Engineered with measuring 100 ft.,KLEIN TOOLS® IWHT48441RC Commercial Product (100 ft),The KLEIN TOOLS® IWHT48441RC is a commercial-grade commercial product designed for professional and industrial applications. Engineered with measuring 100 ft.,Precision dimensions: 100 ft,,,,,,,,,,,,,,,,,,,,,,,,,KLEIN TOOLS® IWHT48441RC Commercial Product (100 ft),Dimensions,100 ft,in,,,,,,,,,,,,,,,,,,,,,,,,,,,,,,,,,,,,,,,,,,,,,,,,,,,,,,,,,,,,,,,,,,,,,,,,,,,,,,,,,,,,,,,,,,,,,,,,,,,,,,,,,,,,,,,,,,,,,,,,,,,,,,,,,,,,,,,,,,,,,,,,,,,,,,,,,,1,EA,,,,,,,,,,,,,,,,,,,,,,,,,,,,,,,,,,,,,US,No,Yes
,,,,,,XRU23SM1,,,,XRU23SM1,XRU23SM1,"XRU23SM1 Makita 18V 13"" - String Trimmer Kit",MAKITA®,MAKITA®,MAKITA®,MAKITA,MAKITA,MAKITA®,MAKITA®,XRU23SM1,,,"MAKITA®, Commercial Product, XRU23SM1, 18 V - Commercial Grade Commercial Produc",COMMERCIAL PRODUCT 18 V,"MAKITA®, XRU23SM1, Commercial Product, 18 V",The MAKITA® XRU23SM1 is a commercial-grade commercial product designed for professional and industrial applications. Engineered with rated for 18 V.,MAKITA® XRU23SM1 Commercial Product,The MAKITA® XRU23SM1 is a commercial-grade commercial product designed for professional and industrial applications. Engineered with rated for 18 V.,Operates at standard 18 V,,,,,,,,,,,,,,,,,,,,,,,,,MAKITA® XRU23SM1 Commercial Product,Voltage,18,V,,,,,,,,,,,,,,,,,,,,,,,,,,,,,,,,,,,,,,,,,,,,,,,,,,,,,,,,,,,,,,,,,,,,,,,,,,,,,,,,,,,,,,,,,,,,,,,,,,,,,,,,,,,,,,,,,,,,,,,,,,,,,,,,,,,,,,,,,,,,,,,,,,,,,,,,,,1,EA,,,,,,,,,,,,,,,,,,,,,,,,,,,,,,,,,,,,,US,No,Yes
,,,,,,XRU15PT1,,,,XRU15PT1,XRU15PT1,XRU15PT1 Makita String Trimmer,MAKITA®,MAKITA®,MAKITA®,MAKITA,MAKITA,MAKITA®,MAKITA®,XRU15PT1,,,"MAKITA®, Commercial Product, XRU15PT1 - Commercial Grade Commercial Product",COMMERCIAL PRODUCT,"MAKITA®, XRU15PT1, Commercial Product",The MAKITA® XRU15PT1 is a commercial-grade commercial product designed for professional and industrial applications.,MAKITA® XRU15PT1 Commercial Product,The MAKITA® XRU15PT1 is a commercial-grade commercial product designed for professional and industrial applications.,,,,,,,,,,,,,,,,,,,,,,,,,,MAKITA® XRU15PT1 Commercial Product,,,,,,,,,,,,,,,,,,,,,,,,,,,,,,,,,,,,,,,,,,,,,,,,,,,,,,,,,,,,,,,,,,,,,,,,,,,,,,,,,,,,,,,,,,,,,,,,,,,,,,,,,,,,,,,,,,,,,,,,,,,,,,,,,,,,,,,,,,,,,,,,,,,,,,,,,,,,,1,EA,,,,,,,,,,,,,,,,,,,,,,,,,,,,,,,,,,,,,US,No,Yes
,,,,,,XRU23Z,,,,XRU23Z,XRU23Z,XRU23Z Makita 18V Trimmer Tool - Only,MAKITA®,MAKITA®,MAKITA®,MAKITA,MAKITA,MAKITA®,MAKITA®,XRU23Z,,,"MAKITA®, Commercial Product, XRU23Z, 18 V - Commercial Grade Commercial Product",COMMERCIAL PRODUCT 18 V,"MAKITA®, XRU23Z, Commercial Product, 18 V",The MAKITA® XRU23Z is a commercial-grade commercial product designed for professional and industrial applications. Engineered with rated for 18 V.,MAKITA® XRU23Z Commercial Product,The MAKITA® XRU23Z is a commercial-grade commercial product designed for professional and industrial applications. Engineered with rated for 18 V.,Operates at standard 18 V,,,,,,,,,,,,,,,,,,,,,,,,,MAKITA® XRU23Z Commercial Product,Voltage,18,V,,,,,,,,,,,,,,,,,,,,,,,,,,,,,,,,,,,,,,,,,,,,,,,,,,,,,,,,,,,,,,,,,,,,,,,,,,,,,,,,,,,,,,,,,,,,,,,,,,,,,,,,,,,,,,,,,,,,,,,,,,,,,,,,,,,,,,,,,,,,,,,,,,,,,,,,,,1,EA,,,,,,,,,,,,,,,,,,,,,,,,,,,,,,,,,,,,,US,No,Yes
,,,,,,0887-20,,,,0887-20,0887-20,0887-20 Milw M18 Brushless Precision Blower,MILWAUKEE®,MILWAUKEE®,MILWAUKEE®,MILWAUKEE,MILWAUKEE,MILWAUKEE®,MILWAUKEE®,0887-20,,,"MILWAUKEE®, Commercial Product, 0887-20 - Commercial Grade Commercial Product",COMMERCIAL PRODUCT,"MILWAUKEE®, 0887-20, Commercial Product",The MILWAUKEE® 0887-20 is a commercial-grade commercial product designed for professional and industrial applications.,MILWAUKEE® 0887-20 Commercial Product,The MILWAUKEE® 0887-20 is a commercial-grade commercial product designed for professional and industrial applications.,,,,,,,,,,,,,,,,,,,,,,,,,,MILWAUKEE® 0887-20 Commercial Product,,,,,,,,,,,,,,,,,,,,,,,,,,,,,,,,,,,,,,,,,,,,,,,,,,,,,,,,,,,,,,,,,,,,,,,,,,,,,,,,,,,,,,,,,,,,,,,,,,,,,,,,,,,,,,,,,,,,,,,,,,,,,,,,,,,,,,,,,,,,,,,,,,,,,,,,,,,,,1,EA,,,,,,,,,,,,,,,,,,,,,,,,,,,,,,,,,,,,,US,No,Yes
,,,,,,DCBL724B,,,,DCBL724B,DCBL724B,DCBL724B Dewalt 20V Max XR Blower,DEWALT®,DEWALT®,DEWALT®,DEWALT,DEWALT,DEWALT®,DEWALT®,DCBL724B,,,"DEWALT®, Commercial Product, DCBL724B, 20 V - Commercial Grade Commercial Produc",COMMERCIAL PRODUCT 20 V,"DEWALT®, DCBL724B, Commercial Product, 20 V",The DEWALT® DCBL724B is a commercial-grade commercial product designed for professional and industrial applications. Engineered with rated for 20 V.,DEWALT® DCBL724B Commercial Product,The DEWALT® DCBL724B is a commercial-grade commercial product designed for professional and industrial applications. Engineered with rated for 20 V.,Operates at standard 20 V,,,,,,,,,,,,,,,,,,,,,,,,,DEWALT® DCBL724B Commercial Product,Voltage,20,V,,,,,,,,,,,,,,,,,,,,,,,,,,,,,,,,,,,,,,,,,,,,,,,,,,,,,,,,,,,,,,,,,,,,,,,,,,,,,,,,,,,,,,,,,,,,,,,,,,,,,,,,,,,,,,,,,,,,,,,,,,,,,,,,,,,,,,,,,,,,,,,,,,,,,,,,,,1,EA,,,,,,,,,,,,,,,,,,,,,,,,,,,,,,,,,,,,,US,No,Yes
,,,,,,2954-20,,,,2954-20,2954-20,2954-20 Milw M18 Bluetooth Jobsite Speaker,MILWAUKEE®,MILWAUKEE®,MILWAUKEE®,MILWAUKEE,MILWAUKEE,MILWAUKEE®,MILWAUKEE®,2954-20,,,"MILWAUKEE®, Commercial Product, 2954-20 - Commercial Grade Commercial Product",COMMERCIAL PRODUCT,"MILWAUKEE®, 2954-20, Commercial Product",The MILWAUKEE® 2954-20 is a commercial-grade commercial product designed for professional and industrial applications.,MILWAUKEE® 2954-20 Commercial Product,The MILWAUKEE® 2954-20 is a commercial-grade commercial product designed for professional and industrial applications.,,,,,,,,,,,,,,,,,,,,,,,,,,MILWAUKEE® 2954-20 Commercial Product,,,,,,,,,,,,,,,,,,,,,,,,,,,,,,,,,,,,,,,,,,,,,,,,,,,,,,,,,,,,,,,,,,,,,,,,,,,,,,,,,,,,,,,,,,,,,,,,,,,,,,,,,,,,,,,,,,,,,,,,,,,,,,,,,,,,,,,,,,,,,,,,,,,,,,,,,,,,,1,EA,,,,,,,,,,,,,,,,,,,,,,,,,,,,,,,,,,,,,US,No,Yes
,,,,,,2955-20,,,,2955-20,2955-20,2955-20 Milw M12 Bluetooth - Jobsite Speaker w/Packout,MILWAUKEE®,MILWAUKEE®,MILWAUKEE®,MILWAUKEE,MILWAUKEE,MILWAUKEE®,MILWAUKEE®,2955-20,,,"MILWAUKEE®, Commercial Product, 2955-20 - Commercial Grade Commercial Product",COMMERCIAL PRODUCT,"MILWAUKEE®, 2955-20, Commercial Product",The MILWAUKEE® 2955-20 is a commercial-grade commercial product designed for professional and industrial applications.,MILWAUKEE® 2955-20 Commercial Product,The MILWAUKEE® 2955-20 is a commercial-grade commercial product designed for professional and industrial applications.,,,,,,,,,,,,,,,,,,,,,,,,,,MILWAUKEE® 2955-20 Commercial Product,,,,,,,,,,,,,,,,,,,,,,,,,,,,,,,,,,,,,,,,,,,,,,,,,,,,,,,,,,,,,,,,,,,,,,,,,,,,,,,,,,,,,,,,,,,,,,,,,,,,,,,,,,,,,,,,,,,,,,,,,,,,,,,,,,,,,,,,,,,,,,,,,,,,,,,,,,,,,1,EA,,,,,,,,,,,,,,,,,,,,,,,,,,,,,,,,,,,,,US,No,Yes
,,,,,,9A-219-180,,,,9A-219-180,9A-219-180,9A-219-180 Abranet 4x6x6,MIRKA®,MIRKA®,MIRKA®,MIRKA,MIRKA,MIRKA®,MIRKA®,9A-219-180,,,"MIRKA®, Sanding Belt, 9A-219-180, 4 in x 6 in x 6 in - Commercial Grade Sanding",SND BELT 4 IN X 6 IN X 6 IN ALUM OXIDE,"MIRKA®, 9A-219-180, Sanding Belt, 4 in x 6 in x 6 in","The MIRKA® 9A-219-180 is a commercial-grade sanding belt designed for professional and industrial applications. Engineered with durable aluminum oxide construction, measuring 4 in x 6 in x 6 in.",MIRKA® 9A-219-180 Sanding Belt in Aluminum Oxide (4 in x 6 in x 6 in),"The MIRKA® 9A-219-180 is a commercial-grade sanding belt designed for professional and industrial applications. Engineered with durable aluminum oxide construction, measuring 4 in x 6 in x 6 in.",Constructed with high-grade Aluminum Oxide,Precision dimensions: 4 in x 6 in x 6 in,,,,,,,,,,,,,,,,,,,,,,,,MIRKA® 9A-219-180 Sanding Belt in Aluminum Oxide (4 in x 6 in x 6 in),Dimensions,4 in x 6 in x 6,in,Material,Aluminum Oxide,,Item Type,Sanding Belt,,,,,,,,,,,,,,,,,,,,,,,,,,,,,,,,,,,,,,,,,,,,,,,,,,,,,,,,,,,,,,,,,,,,,,,,,,,,,,,,,,,,,,,,,,,,,,,,,,,,,,,,,,,,,,,,,,,,,,,,,,,,,,,,,,,,,,,,,,,,,,,,,,,,,1,EA,,,,,,,,,,,,,,,,,,,,,,,,,,,,,,,,,,,,,US,No,Yes
,,,,,,9A-219-120RP,,,,9A-219-120RP,9A-219-120RP,9A-219-120RP Abranet 4x6x6,MIRKA®,MIRKA®,MIRKA®,MIRKA,MIRKA,MIRKA®,MIRKA®,9A-219-120RP,,,"MIRKA®, Abrasive Disc, 9A-219-120RP, 4x6x6 - Commercial Grade Abrasive Disc",ABRASIVE DISC 4X6X6,"MIRKA®, 9A-219-120RP, Abrasive Disc, 4x6x6",The MIRKA® 9A-219-120RP is a commercial-grade abrasive disc designed for professional and industrial applications. Engineered with measuring 4x6x6. Key Specifications include Amperage: 9 A.,MIRKA® 9A-219-120RP Abrasive Disc (4x6x6),The MIRKA® 9A-219-120RP is a commercial-grade abrasive disc designed for professional and industrial applications. Engineered with measuring 4x6x6. Key Specifications include Amperage: 9 A.,Precision dimensions: 4x6x6,,,,,,,,,,,,,,,,,,,,,,,,,MIRKA® 9A-219-120RP Abrasive Disc (4x6x6),Dimensions,4x6x6,in,Item Type,Abrasive Disc,,Amperage,9,A,,,,,,,,,,,,,,,,,,,,,,,,,,,,,,,,,,,,,,,,,,,,,,,,,,,,,,,,,,,,,,,,,,,,,,,,,,,,,,,,,,,,,,,,,,,,,,,,,,,,,,,,,,,,,,,,,,,,,,,,,,,,,,,,,,,,,,,,,,,,,,,,,,,,1,EA,,,,,,,,,,,,,,,,,,,,,,,,,,,,,,,,,,,,,US,No,Yes
,,,,,,3033-20,,,,3033-20,3033-20,"3033-20 Milw M18 24"" - Hedge Trimmer",MILWAUKEE®,MILWAUKEE®,MILWAUKEE®,MILWAUKEE,MILWAUKEE,MILWAUKEE®,MILWAUKEE®,3033-20,,,"MILWAUKEE®, Commercial Product, 3033-20 - Commercial Grade Commercial Product",COMMERCIAL PRODUCT,"MILWAUKEE®, 3033-20, Commercial Product",The MILWAUKEE® 3033-20 is a commercial-grade commercial product designed for professional and industrial applications.,MILWAUKEE® 3033-20 Commercial Product,The MILWAUKEE® 3033-20 is a commercial-grade commercial product designed for professional and industrial applications.,,,,,,,,,,,,,,,,,,,,,,,,,,MILWAUKEE® 3033-20 Commercial Product,,,,,,,,,,,,,,,,,,,,,,,,,,,,,,,,,,,,,,,,,,,,,,,,,,,,,,,,,,,,,,,,,,,,,,,,,,,,,,,,,,,,,,,,,,,,,,,,,,,,,,,,,,,,,,,,,,,,,,,,,,,,,,,,,,,,,,,,,,,,,,,,,,,,,,,,,,,,,1,EA,,,,,,,,,,,,,,,,,,,,,,,,,,,,,,,,,,,,,US,No,Yes
,,,,,,3033-21,,,,3033-21,3033-21,"3033-21 Milw M18 24"" - Hedge Trimmer Kit",MILWAUKEE®,MILWAUKEE®,MILWAUKEE®,MILWAUKEE,MILWAUKEE,MILWAUKEE®,MILWAUKEE®,3033-21,,,"MILWAUKEE®, Commercial Product, 3033-21 - Commercial Grade Commercial Product",COMMERCIAL PRODUCT,"MILWAUKEE®, 3033-21, Commercial Product",The MILWAUKEE® 3033-21 is a commercial-grade commercial product designed for professional and industrial applications.,MILWAUKEE® 3033-21 Commercial Product,The MILWAUKEE® 3033-21 is a commercial-grade commercial product designed for professional and industrial applications.,,,,,,,,,,,,,,,,,,,,,,,,,,MILWAUKEE® 3033-21 Commercial Product,,,,,,,,,,,,,,,,,,,,,,,,,,,,,,,,,,,,,,,,,,,,,,,,,,,,,,,,,,,,,,,,,,,,,,,,,,,,,,,,,,,,,,,,,,,,,,,,,,,,,,,,,,,,,,,,,,,,,,,,,,,,,,,,,,,,,,,,,,,,,,,,,,,,,,,,,,,,,1,EA,,,,,,,,,,,,,,,,,,,,,,,,,,,,,,,,,,,,,US,No,Yes
,,,,,,3034-20,,,,3034-20,3034-20,"3034-20 Milw M18 30"" - Hedge Trimmer",MILWAUKEE®,MILWAUKEE®,MILWAUKEE®,MILWAUKEE,MILWAUKEE,MILWAUKEE®,MILWAUKEE®,3034-20,,,"MILWAUKEE®, Commercial Product, 3034-20 - Commercial Grade Commercial Product",COMMERCIAL PRODUCT,"MILWAUKEE®, 3034-20, Commercial Product",The MILWAUKEE® 3034-20 is a commercial-grade commercial product designed for professional and industrial applications.,MILWAUKEE® 3034-20 Commercial Product,The MILWAUKEE® 3034-20 is a commercial-grade commercial product designed for professional and industrial applications.,,,,,,,,,,,,,,,,,,,,,,,,,,MILWAUKEE® 3034-20 Commercial Product,,,,,,,,,,,,,,,,,,,,,,,,,,,,,,,,,,,,,,,,,,,,,,,,,,,,,,,,,,,,,,,,,,,,,,,,,,,,,,,,,,,,,,,,,,,,,,,,,,,,,,,,,,,,,,,,,,,,,,,,,,,,,,,,,,,,,,,,,,,,,,,,,,,,,,,,,,,,,1,EA,,,,,,,,,,,,,,,,,,,,,,,,,,,,,,,,,,,,,US,No,Yes
,,,,,,D25333K,,,,D25333K,D25333K,D25333K Dewalt Hammer Drill,DEWALT®,DEWALT®,DEWALT®,DEWALT,DEWALT,DEWALT®,DEWALT®,D25333K,,,"DEWALT®, Commercial Product, D25333K - Commercial Grade Commercial Product",COMMERCIAL PRODUCT,"DEWALT®, D25333K, Commercial Product",The DEWALT® D25333K is a commercial-grade commercial product designed for professional and industrial applications.,DEWALT® D25333K Commercial Product,The DEWALT® D25333K is a commercial-grade commercial product designed for professional and industrial applications.,,,,,,,,,,,,,,,,,,,,,,,,,,DEWALT® D25333K Commercial Product,,,,,,,,,,,,,,,,,,,,,,,,,,,,,,,,,,,,,,,,,,,,,,,,,,,,,,,,,,,,,,,,,,,,,,,,,,,,,,,,,,,,,,,,,,,,,,,,,,,,,,,,,,,,,,,,,,,,,,,,,,,,,,,,,,,,,,,,,,,,,,,,,,,,,,,,,,,,,1,EA,,,,,,,,,,,,,,,,,,,,,,,,,,,,,,,,,,,,,US,No,Yes
,,,,,,DCD803B,,,,DCD803B,DCD803B,DCD803B Dewalt Multi-Head Drill Driver,DEWALT®,DEWALT®,DEWALT®,DEWALT,DEWALT,DEWALT®,DEWALT®,DCD803B,,,"DEWALT®, Drill Driver, DCD803B, 18 V - Commercial Grade Drill Driver",DRILL DRIVER 18 V,"DEWALT®, DCD803B, Drill Driver, 18 V",The DEWALT® DCD803B is a commercial-grade drill driver designed for professional and industrial applications. Engineered with rated for 18 V.,DEWALT® DCD803B Drill Driver,The DEWALT® DCD803B is a commercial-grade drill driver designed for professional and industrial applications. Engineered with rated for 18 V.,Operates at standard 18 V,,,,,,,,,,,,,,,,,,,,,,,,,DEWALT® DCD803B Drill Driver,Voltage,18,V,Item Type,Drill Driver,,,,,,,,,,,,,,,,,,,,,,,,,,,,,,,,,,,,,,,,,,,,,,,,,,,,,,,,,,,,,,,,,,,,,,,,,,,,,,,,,,,,,,,,,,,,,,,,,,,,,,,,,,,,,,,,,,,,,,,,,,,,,,,,,,,,,,,,,,,,,,,,,,,,,,,,1,EA,,,,,,,,,,,,,,,,,,,,,,,,,,,,,,,,,,,,,US,No,Yes
,,,,,,DCF860B,,,,DCF860B,DCF860B,DCF860B Dewalt 20V Impact - Driver Drill,DEWALT®,DEWALT®,DEWALT®,DEWALT,DEWALT,DEWALT®,DEWALT®,DCF860B,,,"DEWALT®, Commercial Product, DCF860B, 20 V - Commercial Grade Commercial Product",COMMERCIAL PRODUCT 20 V,"DEWALT®, DCF860B, Commercial Product, 20 V",The DEWALT® DCF860B is a commercial-grade commercial product designed for professional and industrial applications. Engineered with rated for 20 V.,DEWALT® DCF860B Commercial Product,The DEWALT® DCF860B is a commercial-grade commercial product designed for professional and industrial applications. Engineered with rated for 20 V.,Operates at standard 20 V,,,,,,,,,,,,,,,,,,,,,,,,,DEWALT® DCF860B Commercial Product,Voltage,20,V,,,,,,,,,,,,,,,,,,,,,,,,,,,,,,,,,,,,,,,,,,,,,,,,,,,,,,,,,,,,,,,,,,,,,,,,,,,,,,,,,,,,,,,,,,,,,,,,,,,,,,,,,,,,,,,,,,,,,,,,,,,,,,,,,,,,,,,,,,,,,,,,,,,,,,,,,,1,EA,,,,,,,,,,,,,,,,,,,,,,,,,,,,,,,,,,,,,US,No,Yes
,,,,,,3401-20,,,,3401-20,3401-20,3401-20 Milw M12 Drill Driver - Brushless Compact,MILWAUKEE®,MILWAUKEE®,MILWAUKEE®,MILWAUKEE,MILWAUKEE,MILWAUKEE®,MILWAUKEE®,3401-20,,,"MILWAUKEE®, Commercial Product, 3401-20 - Commercial Grade Commercial Product",COMMERCIAL PRODUCT,"MILWAUKEE®, 3401-20, Commercial Product",The MILWAUKEE® 3401-20 is a commercial-grade commercial product designed for professional and industrial applications.,MILWAUKEE® 3401-20 Commercial Product,The MILWAUKEE® 3401-20 is a commercial-grade commercial product designed for professional and industrial applications.,,,,,,,,,,,,,,,,,,,,,,,,,,MILWAUKEE® 3401-20 Commercial Product,,,,,,,,,,,,,,,,,,,,,,,,,,,,,,,,,,,,,,,,,,,,,,,,,,,,,,,,,,,,,,,,,,,,,,,,,,,,,,,,,,,,,,,,,,,,,,,,,,,,,,,,,,,,,,,,,,,,,,,,,,,,,,,,,,,,,,,,,,,,,,,,,,,,,,,,,,,,,1,EA,,,,,,,,,,,,,,,,,,,,,,,,,,,,,,,,,,,,,US,No,Yes
,,,,,,KPTDR050A,,,,KPTDR050A,KPTDR050A,KPTDR050A Kreg 20V Ionic Compact Drill,KREG®,KREG®,KREG®,KREG,KREG,KREG®,KREG®,KPTDR050A,,,"KREG®, Commercial Product, KPTDR050A, 20 V - Commercial Grade Commercial Product",COMMERCIAL PRODUCT 20 V,"KREG®, KPTDR050A, Commercial Product, 20 V",The KREG® KPTDR050A is a commercial-grade commercial product designed for professional and industrial applications. Engineered with rated for 20 V.,KREG® KPTDR050A Commercial Product,The KREG® KPTDR050A is a commercial-grade commercial product designed for professional and industrial applications. Engineered with rated for 20 V.,Operates at standard 20 V,,,,,,,,,,,,,,,,,,,,,,,,,KREG® KPTDR050A Commercial Product,Voltage,20,V,,,,,,,,,,,,,,,,,,,,,,,,,,,,,,,,,,,,,,,,,,,,,,,,,,,,,,,,,,,,,,,,,,,,,,,,,,,,,,,,,,,,,,,,,,,,,,,,,,,,,,,,,,,,,,,,,,,,,,,,,,,,,,,,,,,,,,,,,,,,,,,,,,,,,,,,,,1,EA,,,,,,,,,,,,,,,,,,,,,,,,,,,,,,,,,,,,,US,No,Yes
,,,,,,DCD1007B,,,,DCD1007B,DCD1007B,"DCD1007B Dewalt 20V Cordless - 1/2"" Hammer Drill",DEWALT®,DEWALT®,DEWALT®,DEWALT,DEWALT,DEWALT®,DEWALT®,DCD1007B,,,"DEWALT®, Commercial Product, DCD1007B, 20 V - Commercial Grade Commercial Produc",COMMERCIAL PRODUCT 20 V,"DEWALT®, DCD1007B, Commercial Product, 20 V",The DEWALT® DCD1007B is a commercial-grade commercial product designed for professional and industrial applications. Engineered with rated for 20 V.,DEWALT® DCD1007B Commercial Product,The DEWALT® DCD1007B is a commercial-grade commercial product designed for professional and industrial applications. Engineered with rated for 20 V.,Operates at standard 20 V,,,,,,,,,,,,,,,,,,,,,,,,,DEWALT® DCD1007B Commercial Product,Voltage,20,V,,,,,,,,,,,,,,,,,,,,,,,,,,,,,,,,,,,,,,,,,,,,,,,,,,,,,,,,,,,,,,,,,,,,,,,,,,,,,,,,,,,,,,,,,,,,,,,,,,,,,,,,,,,,,,,,,,,,,,,,,,,,,,,,,,,,,,,,,,,,,,,,,,,,,,,,,,1,EA,,,,,,,,,,,,,,,,,,,,,,,,,,,,,,,,,,,,,US,No,Yes
,,,,,,DCD799B,,,,DCD799B,DCD799B,DCD799B Dewalt Drill,DEWALT®,DEWALT®,DEWALT®,DEWALT,DEWALT,DEWALT®,DEWALT®,DCD799B,,,"DEWALT®, Commercial Product, DCD799B - Commercial Grade Commercial Product",COMMERCIAL PRODUCT,"DEWALT®, DCD799B, Commercial Product",The DEWALT® DCD799B is a commercial-grade commercial product designed for professional and industrial applications.,DEWALT® DCD799B Commercial Product,The DEWALT® DCD799B is a commercial-grade commercial product designed for professional and industrial applications.,,,,,,,,,,,,,,,,,,,,,,,,,,DEWALT® DCD799B Commercial Product,,,,,,,,,,,,,,,,,,,,,,,,,,,,,,,,,,,,,,,,,,,,,,,,,,,,,,,,,,,,,,,,,,,,,,,,,,,,,,,,,,,,,,,,,,,,,,,,,,,,,,,,,,,,,,,,,,,,,,,,,,,,,,,,,,,,,,,,,,,,,,,,,,,,,,,,,,,,,1,EA,,,,,,,,,,,,,,,,,,,,,,,,,,,,,,,,,,,,,US,No,Yes
,,,,,,58006,,,,58006,58006,58006 Voyager Drill Press,King Canada Inc,King Canada Inc,King Canada Inc,King Canada Inc,King Canada Inc,King Canada Inc,King Canada Inc,58006,,,"King Canada Inc, Commercial Product, 58006 - Commercial Grade Commercial Product",COMMERCIAL PRODUCT,"King Canada Inc, 58006, Commercial Product",The King Canada Inc 58006 is a commercial-grade commercial product designed for professional and industrial applications. Engineered with with Press connection. Key Specifications include ConnectionType: Press.,King Canada Inc 58006 Commercial Product,The King Canada Inc 58006 is a commercial-grade commercial product designed for professional and industrial applications. Engineered with with Press connection. Key Specifications include ConnectionType: Press.,Standard Press connection,,,,,,,,,,,,,,,,,,,,,,,,,King Canada Inc 58006 Commercial Product,Connection Type,Press,,,,,,,,,,,,,,,,,,,,,,,,,,,,,,,,,,,,,,,,,,,,,,,,,,,,,,,,,,,,,,,,,,,,,,,,,,,,,,,,,,,,,,,,,,,,,,,,,,,,,,,,,,,,,,,,,,,,,,,,,,,,,,,,,,,,,,,,,,,,,,,,,,,,,,,,,,,1,EA,,,,,,,,,,,,,,,,,,,,,,,,,,,,,,,,,,,,,US,No,Yes
,,,,,,2909-20,,,,2909-20,2909-20,2909-20 Milw Roofing Nailer - M18,MILWAUKEE®,MILWAUKEE®,MILWAUKEE®,MILWAUKEE,MILWAUKEE,MILWAUKEE®,MILWAUKEE®,2909-20,,,"MILWAUKEE®, Commercial Product, 2909-20 - Commercial Grade Commercial Product",COMMERCIAL PRODUCT,"MILWAUKEE®, 2909-20, Commercial Product",The MILWAUKEE® 2909-20 is a commercial-grade commercial product designed for professional and industrial applications.,MILWAUKEE® 2909-20 Commercial Product,The MILWAUKEE® 2909-20 is a commercial-grade commercial product designed for professional and industrial applications.,,,,,,,,,,,,,,,,,,,,,,,,,,MILWAUKEE® 2909-20 Commercial Product,,,,,,,,,,,,,,,,,,,,,,,,,,,,,,,,,,,,,,,,,,,,,,,,,,,,,,,,,,,,,,,,,,,,,,,,,,,,,,,,,,,,,,,,,,,,,,,,,,,,,,,,,,,,,,,,,,,,,,,,,,,,,,,,,,,,,,,,,,,,,,,,,,,,,,,,,,,,,1,EA,,,,,,,,,,,,,,,,,,,,,,,,,,,,,,,,,,,,,US,No,Yes
,,,,,,2909-21,,,,2909-21,2909-21,2909-21 Milw M18 Coil Roofing - Nailer Kit,MILWAUKEE®,MILWAUKEE®,MILWAUKEE®,MILWAUKEE,MILWAUKEE,MILWAUKEE®,MILWAUKEE®,2909-21,,,"MILWAUKEE®, Commercial Product, 2909-21 - Commercial Grade Commercial Product",COMMERCIAL PRODUCT,"MILWAUKEE®, 2909-21, Commercial Product",The MILWAUKEE® 2909-21 is a commercial-grade commercial product designed for professional and industrial applications.,MILWAUKEE® 2909-21 Commercial Product,The MILWAUKEE® 2909-21 is a commercial-grade commercial product designed for professional and industrial applications.,,,,,,,,,,,,,,,,,,,,,,,,,,MILWAUKEE® 2909-21 Commercial Product,,,,,,,,,,,,,,,,,,,,,,,,,,,,,,,,,,,,,,,,,,,,,,,,,,,,,,,,,,,,,,,,,,,,,,,,,,,,,,,,,,,,,,,,,,,,,,,,,,,,,,,,,,,,,,,,,,,,,,,,,,,,,,,,,,,,,,,,,,,,,,,,,,,,,,,,,,,,,1,EA,,,,,,,,,,,,,,,,,,,,,,,,,,,,,,,,,,,,,US,No,Yes
,,,,,,918200,,,,918200,918200,918200 Paslode CT200S24 18Ga ST Brad Nailer,National Nail Corp,National Nail Corp,National Nail Corp,National Nail Corp,National Nail Corp,National Nail Corp,National Nail Corp,918200,,,"National Nail Corp, Commercial Product, 918200 - Commercial Grade Commercial Pro",COMMERCIAL PRODUCT,"National Nail Corp, 918200, Commercial Product",The National Nail Corp 918200 is a commercial-grade commercial product designed for professional and industrial applications.,National Nail Corp 918200 Commercial Product,The National Nail Corp 918200 is a commercial-grade commercial product designed for professional and industrial applications.,,,,,,,,,,,,,,,,,,,,,,,,,,National Nail Corp 918200 Commercial Product,,,,,,,,,,,,,,,,,,,,,,,,,,,,,,,,,,,,,,,,,,,,,,,,,,,,,,,,,,,,,,,,,,,,,,,,,,,,,,,,,,,,,,,,,,,,,,,,,,,,,,,,,,,,,,,,,,,,,,,,,,,,,,,,,,,,,,,,,,,,,,,,,,,,,,,,,,,,,1,EA,,,,,,,,,,,,,,,,,,,,,,,,,,,,,,,,,,,,,US,No,Yes
,,,,,,2541-20,,,,2541-20,2541-20,2541-20 Milw M12 - Compact Brad Nailer,MILWAUKEE®,MILWAUKEE®,MILWAUKEE®,MILWAUKEE,MILWAUKEE,MILWAUKEE®,MILWAUKEE®,2541-20,,,"MILWAUKEE®, Commercial Product, 2541-20 - Commercial Grade Commercial Product",COMMERCIAL PRODUCT,"MILWAUKEE®, 2541-20, Commercial Product",The MILWAUKEE® 2541-20 is a commercial-grade commercial product designed for professional and industrial applications.,MILWAUKEE® 2541-20 Commercial Product,The MILWAUKEE® 2541-20 is a commercial-grade commercial product designed for professional and industrial applications.,,,,,,,,,,,,,,,,,,,,,,,,,,MILWAUKEE® 2541-20 Commercial Product,,,,,,,,,,,,,,,,,,,,,,,,,,,,,,,,,,,,,,,,,,,,,,,,,,,,,,,,,,,,,,,,,,,,,,,,,,,,,,,,,,,,,,,,,,,,,,,,,,,,,,,,,,,,,,,,,,,,,,,,,,,,,,,,,,,,,,,,,,,,,,,,,,,,,,,,,,,,,1,EA,,,,,,,,,,,,,,,,,,,,,,,,,,,,,,,,,,,,,US,No,Yes
,,,,,,DCN930B,,,,DCN930B,DCN930B,DCN930B Dewalt 20V 30 Degree - Framing Nailer,DEWALT®,DEWALT®,DEWALT®,DEWALT,DEWALT,DEWALT®,DEWALT®,DCN930B,,,"DEWALT®, Commercial Product, DCN930B, 20 V - Commercial Grade Commercial Product",COMMERCIAL PRODUCT 20 V,"DEWALT®, DCN930B, Commercial Product, 20 V",The DEWALT® DCN930B is a commercial-grade commercial product designed for professional and industrial applications. Engineered with rated for 20 V.,DEWALT® DCN930B Commercial Product,The DEWALT® DCN930B is a commercial-grade commercial product designed for professional and industrial applications. Engineered with rated for 20 V.,Operates at standard 20 V,,,,,,,,,,,,,,,,,,,,,,,,,DEWALT® DCN930B Commercial Product,Voltage,20,V,,,,,,,,,,,,,,,,,,,,,,,,,,,,,,,,,,,,,,,,,,,,,,,,,,,,,,,,,,,,,,,,,,,,,,,,,,,,,,,,,,,,,,,,,,,,,,,,,,,,,,,,,,,,,,,,,,,,,,,,,,,,,,,,,,,,,,,,,,,,,,,,,,,,,,,,,,1,EA,,,,,,,,,,,,,,,,,,,,,,,,,,,,,,,,,,,,,US,No,Yes
,,,,,,DCN930P1,,,,DCN930P1,DCN930P1,DCN930P1 Dewalt 20V 30 Degree - Framing Nailer Kit,DEWALT®,DEWALT®,DEWALT®,DEWALT,DEWALT,DEWALT®,DEWALT®,DCN930P1,,,"DEWALT®, Commercial Product, DCN930P1, 20 V - Commercial Grade Commercial Produc",COMMERCIAL PRODUCT 20 V,"DEWALT®, DCN930P1, Commercial Product, 20 V",The DEWALT® DCN930P1 is a commercial-grade commercial product designed for professional and industrial applications. Engineered with rated for 20 V.,DEWALT® DCN930P1 Commercial Product,The DEWALT® DCN930P1 is a commercial-grade commercial product designed for professional and industrial applications. Engineered with rated for 20 V.,Operates at standard 20 V,,,,,,,,,,,,,,,,,,,,,,,,,DEWALT® DCN930P1 Commercial Product,Voltage,20,V,,,,,,,,,,,,,,,,,,,,,,,,,,,,,,,,,,,,,,,,,,,,,,,,,,,,,,,,,,,,,,,,,,,,,,,,,,,,,,,,,,,,,,,,,,,,,,,,,,,,,,,,,,,,,,,,,,,,,,,,,,,,,,,,,,,,,,,,,,,,,,,,,,,,,,,,,,1,EA,,,,,,,,,,,,,,,,,,,,,,,,,,,,,,,,,,,,,US,No,Yes
,,,,,,XNB04Z,,,,XNB04Z,XNB04Z,"XNB04Z Makita 18V 2"" Brad Nailer 18GA",MAKITA®,MAKITA®,MAKITA®,MAKITA,MAKITA,MAKITA®,MAKITA®,XNB04Z,,,"MAKITA®, Commercial Product, XNB04Z, 18 V - Commercial Grade Commercial Product",COMMERCIAL PRODUCT 18 V,"MAKITA®, XNB04Z, Commercial Product, 18 V",The MAKITA® XNB04Z is a commercial-grade commercial product designed for professional and industrial applications. Engineered with rated for 18 V.,MAKITA® XNB04Z Commercial Product,The MAKITA® XNB04Z is a commercial-grade commercial product designed for professional and industrial applications. Engineered with rated for 18 V.,Operates at standard 18 V,,,,,,,,,,,,,,,,,,,,,,,,,MAKITA® XNB04Z Commercial Product,Voltage,18,V,,,,,,,,,,,,,,,,,,,,,,,,,,,,,,,,,,,,,,,,,,,,,,,,,,,,,,,,,,,,,,,,,,,,,,,,,,,,,,,,,,,,,,,,,,,,,,,,,,,,,,,,,,,,,,,,,,,,,,,,,,,,,,,,,,,,,,,,,,,,,,,,,,,,,,,,,,1,EA,,,,,,,,,,,,,,,,,,,,,,,,,,,,,,,,,,,,,US,No,Yes
,,,,,,XNB05Z,,,,XNB05Z,XNB05Z,"XNB05Z Makita 18V 2-1/2"" Straight Finish Nailer 16GA",MAKITA®,MAKITA®,MAKITA®,MAKITA,MAKITA,MAKITA®,MAKITA®,XNB05Z,,,"MAKITA®, Commercial Product, XNB05Z, 18 V - Commercial Grade Commercial Product",COMMERCIAL PRODUCT 18 V,"MAKITA®, XNB05Z, Commercial Product, 18 V",The MAKITA® XNB05Z is a commercial-grade commercial product designed for professional and industrial applications. Engineered with rated for 18 V.,MAKITA® XNB05Z Commercial Product,The MAKITA® XNB05Z is a commercial-grade commercial product designed for professional and industrial applications. Engineered with rated for 18 V.,Operates at standard 18 V,,,,,,,,,,,,,,,,,,,,,,,,,MAKITA® XNB05Z Commercial Product,Voltage,18,V,,,,,,,,,,,,,,,,,,,,,,,,,,,,,,,,,,,,,,,,,,,,,,,,,,,,,,,,,,,,,,,,,,,,,,,,,,,,,,,,,,,,,,,,,,,,,,,,,,,,,,,,,,,,,,,,,,,,,,,,,,,,,,,,,,,,,,,,,,,,,,,,,,,,,,,,,,1,EA,,,,,,,,,,,,,,,,,,,,,,,,,,,,,,,,,,,,,US,No,Yes
,,,,,,XNB06Z,,,,XNB06Z,XNB06Z,"XNB06Z Makita 18V 2-1/2"" Angled Finish Nailer 16GA",MAKITA®,MAKITA®,MAKITA®,MAKITA,MAKITA,MAKITA®,MAKITA®,XNB06Z,,,"MAKITA®, Commercial Product, XNB06Z, 18 V - Commercial Grade Commercial Product",COMMERCIAL PRODUCT 18 V,"MAKITA®, XNB06Z, Commercial Product, 18 V",The MAKITA® XNB06Z is a commercial-grade commercial product designed for professional and industrial applications. Engineered with rated for 18 V.,MAKITA® XNB06Z Commercial Product,The MAKITA® XNB06Z is a commercial-grade commercial product designed for professional and industrial applications. Engineered with rated for 18 V.,Operates at standard 18 V,,,,,,,,,,,,,,,,,,,,,,,,,MAKITA® XNB06Z Commercial Product,Voltage,18,V,,,,,,,,,,,,,,,,,,,,,,,,,,,,,,,,,,,,,,,,,,,,,,,,,,,,,,,,,,,,,,,,,,,,,,,,,,,,,,,,,,,,,,,,,,,,,,,,,,,,,,,,,,,,,,,,,,,,,,,,,,,,,,,,,,,,,,,,,,,,,,,,,,,,,,,,,,1,EA,,,,,,,,,,,,,,,,,,,,,,,,,,,,,,,,,,,,,US,No,Yes
,,,,,,XNB07Z,,,,XNB07Z,XNB07Z,XNB07Z Makita 18V LXT BL 30 Nailer,MAKITA®,MAKITA®,MAKITA®,MAKITA,MAKITA,MAKITA®,MAKITA®,XNB07Z,,,"MAKITA®, Commercial Product, XNB07Z, 18 V - Commercial Grade Commercial Product",COMMERCIAL PRODUCT 18 V,"MAKITA®, XNB07Z, Commercial Product, 18 V",The MAKITA® XNB07Z is a commercial-grade commercial product designed for professional and industrial applications. Engineered with rated for 18 V.,MAKITA® XNB07Z Commercial Product,The MAKITA® XNB07Z is a commercial-grade commercial product designed for professional and industrial applications. Engineered with rated for 18 V.,Operates at standard 18 V,,,,,,,,,,,,,,,,,,,,,,,,,MAKITA® XNB07Z Commercial Product,Voltage,18,V,,,,,,,,,,,,,,,,,,,,,,,,,,,,,,,,,,,,,,,,,,,,,,,,,,,,,,,,,,,,,,,,,,,,,,,,,,,,,,,,,,,,,,,,,,,,,,,,,,,,,,,,,,,,,,,,,,,,,,,,,,,,,,,,,,,,,,,,,,,,,,,,,,,,,,,,,,1,EA,,,,,,,,,,,,,,,,,,,,,,,,,,,,,,,,,,,,,US,No,Yes
,,,,,,DZN930,,,,DZN930,DZN930,DZN930 Dewalt 30 Degree - Framing Magazine,DEWALT®,DEWALT®,DEWALT®,DEWALT,DEWALT,DEWALT®,DEWALT®,DZN930,,,"DEWALT®, Commercial Product, DZN930 - Commercial Grade Commercial Product",COMMERCIAL PRODUCT,"DEWALT®, DZN930, Commercial Product",The DEWALT® DZN930 is a commercial-grade commercial product designed for professional and industrial applications.,DEWALT® DZN930 Commercial Product,The DEWALT® DZN930 is a commercial-grade commercial product designed for professional and industrial applications.,,,,,,,,,,,,,,,,,,,,,,,,,,DEWALT® DZN930 Commercial Product,,,,,,,,,,,,,,,,,,,,,,,,,,,,,,,,,,,,,,,,,,,,,,,,,,,,,,,,,,,,,,,,,,,,,,,,,,,,,,,,,,,,,,,,,,,,,,,,,,,,,,,,,,,,,,,,,,,,,,,,,,,,,,,,,,,,,,,,,,,,,,,,,,,,,,,,,,,,,1,EA,,,,,,,,,,,,,,,,,,,,,,,,,,,,,,,,,,,,,US,No,Yes
,,,,,,220USB25U,,,,220USB25U,220USB25U,220USB25U Vessel Screwdriver w/25pc Bit Set,KLEIN TOOLS®,KLEIN TOOLS®,KLEIN TOOLS®,KLEIN TOOLS,KLEIN TOOLS,KLEIN TOOLS®,KLEIN TOOLS®,220USB25U,,,"KLEIN TOOLS®, Drill Bit, 220USB25U - Commercial Grade Drill Bit",DRILL BIT,"KLEIN TOOLS®, 220USB25U, Drill Bit",The KLEIN TOOLS® 220USB25U is a commercial-grade drill bit designed for professional and industrial applications. Key Specifications include PackQuantity: 25 PK.,KLEIN TOOLS® 220USB25U Drill Bit,The KLEIN TOOLS® 220USB25U is a commercial-grade drill bit designed for professional and industrial applications. Key Specifications include PackQuantity: 25 PK.,,,,,,,,,,,,,,,,,,,,,,,,,,KLEIN TOOLS® 220USB25U Drill Bit,Item Type,Drill Bit,,PackQuantity,25 PK,,,,,,,,,,,,,,,,,,,,,,,,,,,,,,,,,,,,,,,,,,,,,,,,,,,,,,,,,,,,,,,,,,,,,,,,,,,,,,,,,,,,,,,,,,,,,,,,,,,,,,,,,,,,,,,,,,,,,,,,,,,,,,,,,,,,,,,,,,,,,,,,,,,,,,,,1,EA,,,,,,,,,,,,,,,,,,,,,,,,,,,,,,,,,,,,,US,No,Yes
,,,,,,XRF03Z,,,,XRF03Z,XRF03Z,XRF03Z Makita 18V Screwdriver - Autofeed,MAKITA®,MAKITA®,MAKITA®,MAKITA,MAKITA,MAKITA®,MAKITA®,XRF03Z,,,"MAKITA®, Commercial Product, XRF03Z, 18 V - Commercial Grade Commercial Product",COMMERCIAL PRODUCT 18 V,"MAKITA®, XRF03Z, Commercial Product, 18 V",The MAKITA® XRF03Z is a commercial-grade commercial product designed for professional and industrial applications. Engineered with rated for 18 V.,MAKITA® XRF03Z Commercial Product,The MAKITA® XRF03Z is a commercial-grade commercial product designed for professional and industrial applications. Engineered with rated for 18 V.,Operates at standard 18 V,,,,,,,,,,,,,,,,,,,,,,,,,MAKITA® XRF03Z Commercial Product,Voltage,18,V,,,,,,,,,,,,,,,,,,,,,,,,,,,,,,,,,,,,,,,,,,,,,,,,,,,,,,,,,,,,,,,,,,,,,,,,,,,,,,,,,,,,,,,,,,,,,,,,,,,,,,,,,,,,,,,,,,,,,,,,,,,,,,,,,,,,,,,,,,,,,,,,,,,,,,,,,,1,EA,,,,,,,,,,,,,,,,,,,,,,,,,,,,,,,,,,,,,US,No,Yes
,,,,,,220USBP5U,,,,220USBP5U,220USBP5U,220USBP5U Vessel Screwdriver Plus w/5pc Bit Set,KLEIN TOOLS®,KLEIN TOOLS®,KLEIN TOOLS®,KLEIN TOOLS,KLEIN TOOLS,KLEIN TOOLS®,KLEIN TOOLS®,220USBP5U,,,"KLEIN TOOLS®, Drill Bit, 220USBP5U - Commercial Grade Drill Bit",DRILL BIT,"KLEIN TOOLS®, 220USBP5U, Drill Bit",The KLEIN TOOLS® 220USBP5U is a commercial-grade drill bit designed for professional and industrial applications. Key Specifications include PackQuantity: 5 PK.,KLEIN TOOLS® 220USBP5U Drill Bit,The KLEIN TOOLS® 220USBP5U is a commercial-grade drill bit designed for professional and industrial applications. Key Specifications include PackQuantity: 5 PK.,,,,,,,,,,,,,,,,,,,,,,,,,,KLEIN TOOLS® 220USBP5U Drill Bit,Item Type,Drill Bit,,PackQuantity,5 PK,,,,,,,,,,,,,,,,,,,,,,,,,,,,,,,,,,,,,,,,,,,,,,,,,,,,,,,,,,,,,,,,,,,,,,,,,,,,,,,,,,,,,,,,,,,,,,,,,,,,,,,,,,,,,,,,,,,,,,,,,,,,,,,,,,,,,,,,,,,,,,,,,,,,,,,,1,EA,,,,,,,,,,,,,,,,,,,,,,,,,,,,,,,,,,,,,US,No,Yes
,,,,,,49-66-4567,,,,49-66-4567,49-66-4567,"49-66-4567 Milw 6"" Magnetic - Impact Driver Set 6pc",MILWAUKEE®,MILWAUKEE®,MILWAUKEE®,MILWAUKEE,MILWAUKEE,MILWAUKEE®,MILWAUKEE®,49-66-4567,,,"MILWAUKEE®, Commercial Product, 49-66-4567 - Commercial Grade Commercial Product",COMMERCIAL PRODUCT,"MILWAUKEE®, 49-66-4567, Commercial Product",The MILWAUKEE® 49-66-4567 is a commercial-grade commercial product designed for professional and industrial applications. Key Specifications include PackQuantity: 6 PK.,MILWAUKEE® 49-66-4567 Commercial Product,The MILWAUKEE® 49-66-4567 is a commercial-grade commercial product designed for professional and industrial applications. Key Specifications include PackQuantity: 6 PK.,,,,,,,,,,,,,,,,,,,,,,,,,,MILWAUKEE® 49-66-4567 Commercial Product,PackQuantity,6 PK,,,,,,,,,,,,,,,,,,,,,,,,,,,,,,,,,,,,,,,,,,,,,,,,,,,,,,,,,,,,,,,,,,,,,,,,,,,,,,,,,,,,,,,,,,,,,,,,,,,,,,,,,,,,,,,,,,,,,,,,,,,,,,,,,,,,,,,,,,,,,,,,,,,,,,,,,,,1,EA,,,,,,,,,,,,,,,,,,,,,,,,,,,,,,,,,,,,,US,No,Yes
,,,,,,IBMG90K003,,,,IBMG90K003,IBMG90K003,"IBMG90K003 Vessel Impact Ball Torsion Bit Assort 5pc 3.5""",KLEIN TOOLS®,KLEIN TOOLS®,KLEIN TOOLS®,KLEIN TOOLS,KLEIN TOOLS,KLEIN TOOLS®,KLEIN TOOLS®,IBMG90K003,,,"KLEIN TOOLS®, Drill Bit, IBMG90K003 - Commercial Grade Drill Bit",DRILL BIT,"KLEIN TOOLS®, IBMG90K003, Drill Bit",The KLEIN TOOLS® IBMG90K003 is a commercial-grade drill bit designed for professional and industrial applications. Key Specifications include PackQuantity: 5 PK.,KLEIN TOOLS® IBMG90K003 Drill Bit,The KLEIN TOOLS® IBMG90K003 is a commercial-grade drill bit designed for professional and industrial applications. Key Specifications include PackQuantity: 5 PK.,,,,,,,,,,,,,,,,,,,,,,,,,,KLEIN TOOLS® IBMG90K003 Drill Bit,Item Type,Drill Bit,,PackQuantity,5 PK,,,,,,,,,,,,,,,,,,,,,,,,,,,,,,,,,,,,,,,,,,,,,,,,,,,,,,,,,,,,,,,,,,,,,,,,,,,,,,,,,,,,,,,,,,,,,,,,,,,,,,,,,,,,,,,,,,,,,,,,,,,,,,,,,,,,,,,,,,,,,,,,,,,,,,,,1,EA,,,,,,,,,,,,,,,,,,,,,,,,,,,,,,,,,,,,,US,No,Yes
,,,,,,IBPH250P15T,,,,IBPH250P15T,IBPH250P15T,"IBPH250P15T Vessel Torsion Bit 2"" 15pc",KLEIN TOOLS®,KLEIN TOOLS®,KLEIN TOOLS®,KLEIN TOOLS,KLEIN TOOLS,KLEIN TOOLS®,KLEIN TOOLS®,IBPH250P15T,,,"KLEIN TOOLS®, Drill Bit, IBPH250P15T - Commercial Grade Drill Bit",DRILL BIT,"KLEIN TOOLS®, IBPH250P15T, Drill Bit",The KLEIN TOOLS® IBPH250P15T is a commercial-grade drill bit designed for professional and industrial applications. Key Specifications include PackQuantity: 15 PK.,KLEIN TOOLS® IBPH250P15T Drill Bit,The KLEIN TOOLS® IBPH250P15T is a commercial-grade drill bit designed for professional and industrial applications. Key Specifications include PackQuantity: 15 PK.,,,,,,,,,,,,,,,,,,,,,,,,,,KLEIN TOOLS® IBPH250P15T Drill Bit,Item Type,Drill Bit,,PackQuantity,15 PK,,,,,,,,,,,,,,,,,,,,,,,,,,,,,,,,,,,,,,,,,,,,,,,,,,,,,,,,,,,,,,,,,,,,,,,,,,,,,,,,,,,,,,,,,,,,,,,,,,,,,,,,,,,,,,,,,,,,,,,,,,,,,,,,,,,,,,,,,,,,,,,,,,,,,,,,1,EA,,,,,,,,,,,,,,,,,,,,,,,,,,,,,,,,,,,,,US,No,Yes
,,,,,,DPH12B,,,,DPH12B,DPH12B,"DPH12B 2"" #1 Phillips Drive - Bit",FREUD®,FREUD®,FREUD®,FREUD,FREUD,FREUD®,FREUD®,DPH12B,,,"FREUD®, Drill Bit, DPH12B - Commercial Grade Drill Bit",DRILL BIT,"FREUD®, DPH12B, Drill Bit",The FREUD® DPH12B is a commercial-grade drill bit designed for professional and industrial applications.,FREUD® DPH12B Drill Bit,The FREUD® DPH12B is a commercial-grade drill bit designed for professional and industrial applications.,,,,,,,,,,,,,,,,,,,,,,,,,,FREUD® DPH12B Drill Bit,Item Type,Drill Bit,,,,,,,,,,,,,,,,,,,,,,,,,,,,,,,,,,,,,,,,,,,,,,,,,,,,,,,,,,,,,,,,,,,,,,,,,,,,,,,,,,,,,,,,,,,,,,,,,,,,,,,,,,,,,,,,,,,,,,,,,,,,,,,,,,,,,,,,,,,,,,,,,,,,,,,,,,,1,EA,,,,,,,,,,,,,,,,,,,,,,,,,,,,,,,,,,,,,US,No,Yes
,,,,,,DPH135B,,,,DPH135B,DPH135B,"DPH135B 3-1/2"" #1 Phillips - Drive Bit",FREUD®,FREUD®,FREUD®,FREUD,FREUD,FREUD®,FREUD®,DPH135B,,,"FREUD®, Drill Bit, DPH135B - Commercial Grade Drill Bit",DRILL BIT,"FREUD®, DPH135B, Drill Bit",The FREUD® DPH135B is a commercial-grade drill bit designed for professional and industrial applications.,FREUD® DPH135B Drill Bit,The FREUD® DPH135B is a commercial-grade drill bit designed for professional and industrial applications.,,,,,,,,,,,,,,,,,,,,,,,,,,FREUD® DPH135B Drill Bit,Item Type,Drill Bit,,,,,,,,,,,,,,,,,,,,,,,,,,,,,,,,,,,,,,,,,,,,,,,,,,,,,,,,,,,,,,,,,,,,,,,,,,,,,,,,,,,,,,,,,,,,,,,,,,,,,,,,,,,,,,,,,,,,,,,,,,,,,,,,,,,,,,,,,,,,,,,,,,,,,,,,,,,1,EA,,,,,,,,,,,,,,,,,,,,,,,,,,,,,,,,,,,,,US,No,Yes
,,,,,,DPH21B,,,,DPH21B,DPH21B,"DPH21B 1"" #2 Phillips Drive - Bit",FREUD®,FREUD®,FREUD®,FREUD,FREUD,FREUD®,FREUD®,DPH21B,,,"FREUD®, Drill Bit, DPH21B - Commercial Grade Drill Bit",DRILL BIT,"FREUD®, DPH21B, Drill Bit",The FREUD® DPH21B is a commercial-grade drill bit designed for professional and industrial applications.,FREUD® DPH21B Drill Bit,The FREUD® DPH21B is a commercial-grade drill bit designed for professional and industrial applications.,,,,,,,,,,,,,,,,,,,,,,,,,,FREUD® DPH21B Drill Bit,Item Type,Drill Bit,,,,,,,,,,,,,,,,,,,,,,,,,,,,,,,,,,,,,,,,,,,,,,,,,,,,,,,,,,,,,,,,,,,,,,,,,,,,,,,,,,,,,,,,,,,,,,,,,,,,,,,,,,,,,,,,,,,,,,,,,,,,,,,,,,,,,,,,,,,,,,,,,,,,,,,,,,,1,EA,,,,,,,,,,,,,,,,,,,,,,,,,,,,,,,,,,,,,US,No,Yes
,,,,,,DPH22B,,,,DPH22B,DPH22B,"DPH22B 2"" #2 Phillips Drive - Bit",FREUD®,FREUD®,FREUD®,FREUD,FREUD,FREUD®,FREUD®,DPH22B,,,"FREUD®, Drill Bit, DPH22B - Commercial Grade Drill Bit",DRILL BIT,"FREUD®, DPH22B, Drill Bit",The FREUD® DPH22B is a commercial-grade drill bit designed for professional and industrial applications.,FREUD® DPH22B Drill Bit,The FREUD® DPH22B is a commercial-grade drill bit designed for professional and industrial applications.,,,,,,,,,,,,,,,,,,,,,,,,,,FREUD® DPH22B Drill Bit,Item Type,Drill Bit,,,,,,,,,,,,,,,,,,,,,,,,,,,,,,,,,,,,,,,,,,,,,,,,,,,,,,,,,,,,,,,,,,,,,,,,,,,,,,,,,,,,,,,,,,,,,,,,,,,,,,,,,,,,,,,,,,,,,,,,,,,,,,,,,,,,,,,,,,,,,,,,,,,,,,,,,,,1,EA,,,,,,,,,,,,,,,,,,,,,,,,,,,,,,,,,,,,,US,No,Yes
,,,,,,DPH235B,,,,DPH235B,DPH235B,"DPH235B 3-1/2"" #2 Phillips - Drive Bit",FREUD®,FREUD®,FREUD®,FREUD,FREUD,FREUD®,FREUD®,DPH235B,,,"FREUD®, Drill Bit, DPH235B - Commercial Grade Drill Bit",DRILL BIT,"FREUD®, DPH235B, Drill Bit",The FREUD® DPH235B is a commercial-grade drill bit designed for professional and industrial applications.,FREUD® DPH235B Drill Bit,The FREUD® DPH235B is a commercial-grade drill bit designed for professional and industrial applications.,,,,,,,,,,,,,,,,,,,,,,,,,,FREUD® DPH235B Drill Bit,Item Type,Drill Bit,,,,,,,,,,,,,,,,,,,,,,,,,,,,,,,,,,,,,,,,,,,,,,,,,,,,,,,,,,,,,,,,,,,,,,,,,,,,,,,,,,,,,,,,,,,,,,,,,,,,,,,,,,,,,,,,,,,,,,,,,,,,,,,,,,,,,,,,,,,,,,,,,,,,,,,,,,,1,EA,,,,,,,,,,,,,,,,,,,,,,,,,,,,,,,,,,,,,US,No,Yes
,,,,,,DPH26B,,,,DPH26B,DPH26B,"DPH26B 6"" #2 Phillips Drive - Bit",FREUD®,FREUD®,FREUD®,FREUD,FREUD,FREUD®,FREUD®,DPH26B,,,"FREUD®, Drill Bit, DPH26B - Commercial Grade Drill Bit",DRILL BIT,"FREUD®, DPH26B, Drill Bit",The FREUD® DPH26B is a commercial-grade drill bit designed for professional and industrial applications.,FREUD® DPH26B Drill Bit,The FREUD® DPH26B is a commercial-grade drill bit designed for professional and industrial applications.,,,,,,,,,,,,,,,,,,,,,,,,,,FREUD® DPH26B Drill Bit,Item Type,Drill Bit,,,,,,,,,,,,,,,,,,,,,,,,,,,,,,,,,,,,,,,,,,,,,,,,,,,,,,,,,,,,,,,,,,,,,,,,,,,,,,,,,,,,,,,,,,,,,,,,,,,,,,,,,,,,,,,,,,,,,,,,,,,,,,,,,,,,,,,,,,,,,,,,,,,,,,,,,,,1,EA,,,,,,,,,,,,,,,,,,,,,,,,,,,,,,,,,,,,,US,No,Yes
,,,,,,DPH2R1B,,,,DPH2R1B,DPH2R1B,"DPH2R1B 1"" #2 Phillips Drywall - Screws Drive Bit",FREUD®,FREUD®,FREUD®,FREUD,FREUD,FREUD®,FREUD®,DPH2R1B,,,"FREUD®, Drill Bit, DPH2R1B - Commercial Grade Drill Bit",DRILL BIT,"FREUD®, DPH2R1B, Drill Bit",The FREUD® DPH2R1B is a commercial-grade drill bit designed for professional and industrial applications.,FREUD® DPH2R1B Drill Bit,The FREUD® DPH2R1B is a commercial-grade drill bit designed for professional and industrial applications.,,,,,,,,,,,,,,,,,,,,,,,,,,FREUD® DPH2R1B Drill Bit,Item Type,Drill Bit,,,,,,,,,,,,,,,,,,,,,,,,,,,,,,,,,,,,,,,,,,,,,,,,,,,,,,,,,,,,,,,,,,,,,,,,,,,,,,,,,,,,,,,,,,,,,,,,,,,,,,,,,,,,,,,,,,,,,,,,,,,,,,,,,,,,,,,,,,,,,,,,,,,,,,,,,,,1,EA,,,,,,,,,,,,,,,,,,,,,,,,,,,,,,,,,,,,,US,No,Yes
,,,,,,DPH31B,,,,DPH31B,DPH31B,"DPH31B 1"" #3 Phillips Drive - Bit",FREUD®,FREUD®,FREUD®,FREUD,FREUD,FREUD®,FREUD®,DPH31B,,,"FREUD®, Drill Bit, DPH31B - Commercial Grade Drill Bit",DRILL BIT,"FREUD®, DPH31B, Drill Bit",The FREUD® DPH31B is a commercial-grade drill bit designed for professional and industrial applications.,FREUD® DPH31B Drill Bit,The FREUD® DPH31B is a commercial-grade drill bit designed for professional and industrial applications.,,,,,,,,,,,,,,,,,,,,,,,,,,FREUD® DPH31B Drill Bit,Item Type,Drill Bit,,,,,,,,,,,,,,,,,,,,,,,,,,,,,,,,,,,,,,,,,,,,,,,,,,,,,,,,,,,,,,,,,,,,,,,,,,,,,,,,,,,,,,,,,,,,,,,,,,,,,,,,,,,,,,,,,,,,,,,,,,,,,,,,,,,,,,,,,,,,,,,,,,,,,,,,,,,1,EA,,,,,,,,,,,,,,,,,,,,,,,,,,,,,,,,,,,,,US,No,Yes
,,,,,,DPH32B,,,,DPH32B,DPH32B,"DPH32B 2"" #3 Phillips Drive - Bit",FREUD®,FREUD®,FREUD®,FREUD,FREUD,FREUD®,FREUD®,DPH32B,,,"FREUD®, Drill Bit, DPH32B - Commercial Grade Drill Bit",DRILL BIT,"FREUD®, DPH32B, Drill Bit",The FREUD® DPH32B is a commercial-grade drill bit designed for professional and industrial applications.,FREUD® DPH32B Drill Bit,The FREUD® DPH32B is a commercial-grade drill bit designed for professional and industrial applications.,,,,,,,,,,,,,,,,,,,,,,,,,,FREUD® DPH32B Drill Bit,Item Type,Drill Bit,,,,,,,,,,,,,,,,,,,,,,,,,,,,,,,,,,,,,,,,,,,,,,,,,,,,,,,,,,,,,,,,,,,,,,,,,,,,,,,,,,,,,,,,,,,,,,,,,,,,,,,,,,,,,,,,,,,,,,,,,,,,,,,,,,,,,,,,,,,,,,,,,,,,,,,,,,,1,EA,,,,,,,,,,,,,,,,,,,,,,,,,,,,,,,,,,,,,US,No,Yes
,,,,,,DPH335B,,,,DPH335B,DPH335B,"DPH335B 3-1/2"" #3 Phillips - Drive Bit",FREUD®,FREUD®,FREUD®,FREUD,FREUD,FREUD®,FREUD®,DPH335B,,,"FREUD®, Drill Bit, DPH335B - Commercial Grade Drill Bit",DRILL BIT,"FREUD®, DPH335B, Drill Bit",The FREUD® DPH335B is a commercial-grade drill bit designed for professional and industrial applications.,FREUD® DPH335B Drill Bit,The FREUD® DPH335B is a commercial-grade drill bit designed for professional and industrial applications.,,,,,,,,,,,,,,,,,,,,,,,,,,FREUD® DPH335B Drill Bit,Item Type,Drill Bit,,,,,,,,,,,,,,,,,,,,,,,,,,,,,,,,,,,,,,,,,,,,,,,,,,,,,,,,,,,,,,,,,,,,,,,,,,,,,,,,,,,,,,,,,,,,,,,,,,,,,,,,,,,,,,,,,,,,,,,,,,,,,,,,,,,,,,,,,,,,,,,,,,,,,,,,,,,1,EA,,,,,,,,,,,,,,,,,,,,,,,,,,,,,,,,,,,,,US,No,Yes
,,,,,,DSQ12B,,,,DSQ12B,DSQ12B,"DSQ12B 2"" #1 Square Drive Bit",FREUD®,FREUD®,FREUD®,FREUD,FREUD,FREUD®,FREUD®,DSQ12B,,,"FREUD®, Drill Bit, DSQ12B - Commercial Grade Drill Bit",DRILL BIT,"FREUD®, DSQ12B, Drill Bit",The FREUD® DSQ12B is a commercial-grade drill bit designed for professional and industrial applications.,FREUD® DSQ12B Drill Bit,The FREUD® DSQ12B is a commercial-grade drill bit designed for professional and industrial applications.,,,,,,,,,,,,,,,,,,,,,,,,,,FREUD® DSQ12B Drill Bit,Item Type,Drill Bit,,,,,,,,,,,,,,,,,,,,,,,,,,,,,,,,,,,,,,,,,,,,,,,,,,,,,,,,,,,,,,,,,,,,,,,,,,,,,,,,,,,,,,,,,,,,,,,,,,,,,,,,,,,,,,,,,,,,,,,,,,,,,,,,,,,,,,,,,,,,,,,,,,,,,,,,,,,1,EA,,,,,,,,,,,,,,,,,,,,,,,,,,,,,,,,,,,,,US,No,Yes
,,,,,,DSQ22B,,,,DSQ22B,DSQ22B,"DSQ22B 2"" #2 Square Drive Bit",FREUD®,FREUD®,FREUD®,FREUD,FREUD,FREUD®,FREUD®,DSQ22B,,,"FREUD®, Drill Bit, DSQ22B - Commercial Grade Drill Bit",DRILL BIT,"FREUD®, DSQ22B, Drill Bit",The FREUD® DSQ22B is a commercial-grade drill bit designed for professional and industrial applications.,FREUD® DSQ22B Drill Bit,The FREUD® DSQ22B is a commercial-grade drill bit designed for professional and industrial applications.,,,,,,,,,,,,,,,,,,,,,,,,,,FREUD® DSQ22B Drill Bit,Item Type,Drill Bit,,,,,,,,,,,,,,,,,,,,,,,,,,,,,,,,,,,,,,,,,,,,,,,,,,,,,,,,,,,,,,,,,,,,,,,,,,,,,,,,,,,,,,,,,,,,,,,,,,,,,,,,,,,,,,,,,,,,,,,,,,,,,,,,,,,,,,,,,,,,,,,,,,,,,,,,,,,1,EA,,,,,,,,,,,,,,,,,,,,,,,,,,,,,,,,,,,,,US,No,Yes
,,,,,,DSQ26B,,,,DSQ26B,DSQ26B,"DSQ26B 6"" #2 Square Drive Bit",FREUD®,FREUD®,FREUD®,FREUD,FREUD,FREUD®,FREUD®,DSQ26B,,,"FREUD®, Drill Bit, DSQ26B - Commercial Grade Drill Bit",DRILL BIT,"FREUD®, DSQ26B, Drill Bit",The FREUD® DSQ26B is a commercial-grade drill bit designed for professional and industrial applications.,FREUD® DSQ26B Drill Bit,The FREUD® DSQ26B is a commercial-grade drill bit designed for professional and industrial applications.,,,,,,,,,,,,,,,,,,,,,,,,,,FREUD® DSQ26B Drill Bit,Item Type,Drill Bit,,,,,,,,,,,,,,,,,,,,,,,,,,,,,,,,,,,,,,,,,,,,,,,,,,,,,,,,,,,,,,,,,,,,,,,,,,,,,,,,,,,,,,,,,,,,,,,,,,,,,,,,,,,,,,,,,,,,,,,,,,,,,,,,,,,,,,,,,,,,,,,,,,,,,,,,,,,1,EA,,,,,,,,,,,,,,,,,,,,,,,,,,,,,,,,,,,,,US,No,Yes
,,,,,,DSQ32B,,,,DSQ32B,DSQ32B,"DSQ32B 2"" #3 Square Drive Bit",FREUD®,FREUD®,FREUD®,FREUD,FREUD,FREUD®,FREUD®,DSQ32B,,,"FREUD®, Drill Bit, DSQ32B - Commercial Grade Drill Bit",DRILL BIT,"FREUD®, DSQ32B, Drill Bit",The FREUD® DSQ32B is a commercial-grade drill bit designed for professional and industrial applications.,FREUD® DSQ32B Drill Bit,The FREUD® DSQ32B is a commercial-grade drill bit designed for professional and industrial applications.,,,,,,,,,,,,,,,,,,,,,,,,,,FREUD® DSQ32B Drill Bit,Item Type,Drill Bit,,,,,,,,,,,,,,,,,,,,,,,,,,,,,,,,,,,,,,,,,,,,,,,,,,,,,,,,,,,,,,,,,,,,,,,,,,,,,,,,,,,,,,,,,,,,,,,,,,,,,,,,,,,,,,,,,,,,,,,,,,,,,,,,,,,,,,,,,,,,,,,,,,,,,,,,,,,1,EA,,,,,,,,,,,,,,,,,,,,,,,,,,,,,,,,,,,,,US,No,Yes
,,,,,,DT102B,,,,DT102B,DT102B,"DT102B 2"" #10 Torx Drive Bit",FREUD®,FREUD®,FREUD®,FREUD,FREUD,FREUD®,FREUD®,DT102B,,,"FREUD®, Drill Bit, DT102B - Commercial Grade Drill Bit",DRILL BIT,"FREUD®, DT102B, Drill Bit",The FREUD® DT102B is a commercial-grade drill bit designed for professional and industrial applications.,FREUD® DT102B Drill Bit,The FREUD® DT102B is a commercial-grade drill bit designed for professional and industrial applications.,,,,,,,,,,,,,,,,,,,,,,,,,,FREUD® DT102B Drill Bit,Item Type,Drill Bit,,,,,,,,,,,,,,,,,,,,,,,,,,,,,,,,,,,,,,,,,,,,,,,,,,,,,,,,,,,,,,,,,,,,,,,,,,,,,,,,,,,,,,,,,,,,,,,,,,,,,,,,,,,,,,,,,,,,,,,,,,,,,,,,,,,,,,,,,,,,,,,,,,,,,,,,,,,1,EA,,,,,,,,,,,,,,,,,,,,,,,,,,,,,,,,,,,,,US,No,Yes
,,,,,,DT152B,,,,DT152B,DT152B,"DT152B 2"" #15 Torx Drive Bit",FREUD®,FREUD®,FREUD®,FREUD,FREUD,FREUD®,FREUD®,DT152B,,,"FREUD®, Drill Bit, DT152B - Commercial Grade Drill Bit",DRILL BIT,"FREUD®, DT152B, Drill Bit",The FREUD® DT152B is a commercial-grade drill bit designed for professional and industrial applications.,FREUD® DT152B Drill Bit,The FREUD® DT152B is a commercial-grade drill bit designed for professional and industrial applications.,,,,,,,,,,,,,,,,,,,,,,,,,,FREUD® DT152B Drill Bit,Item Type,Drill Bit,,,,,,,,,,,,,,,,,,,,,,,,,,,,,,,,,,,,,,,,,,,,,,,,,,,,,,,,,,,,,,,,,,,,,,,,,,,,,,,,,,,,,,,,,,,,,,,,,,,,,,,,,,,,,,,,,,,,,,,,,,,,,,,,,,,,,,,,,,,,,,,,,,,,,,,,,,,1,EA,,,,,,,,,,,,,,,,,,,,,,,,,,,,,,,,,,,,,US,No,Yes
,,,,,,DT1535B,,,,DT1535B,DT1535B,"DT1535B 3-1/2"" #15 Torx Drive - Bit",FREUD®,FREUD®,FREUD®,FREUD,FREUD,FREUD®,FREUD®,DT1535B,,,"FREUD®, Drill Bit, DT1535B - Commercial Grade Drill Bit",DRILL BIT,"FREUD®, DT1535B, Drill Bit",The FREUD® DT1535B is a commercial-grade drill bit designed for professional and industrial applications.,FREUD® DT1535B Drill Bit,The FREUD® DT1535B is a commercial-grade drill bit designed for professional and industrial applications.,,,,,,,,,,,,,,,,,,,,,,,,,,FREUD® DT1535B Drill Bit,Item Type,Drill Bit,,,,,,,,,,,,,,,,,,,,,,,,,,,,,,,,,,,,,,,,,,,,,,,,,,,,,,,,,,,,,,,,,,,,,,,,,,,,,,,,,,,,,,,,,,,,,,,,,,,,,,,,,,,,,,,,,,,,,,,,,,,,,,,,,,,,,,,,,,,,,,,,,,,,,,,,,,,1,EA,,,,,,,,,,,,,,,,,,,,,,,,,,,,,,,,,,,,,US,No,Yes
,,,,,,DT202B,,,,DT202B,DT202B,"DT202B 2"" #20 Torx Drive Bit",FREUD®,FREUD®,FREUD®,FREUD,FREUD,FREUD®,FREUD®,DT202B,,,"FREUD®, Drill Bit, DT202B - Commercial Grade Drill Bit",DRILL BIT,"FREUD®, DT202B, Drill Bit",The FREUD® DT202B is a commercial-grade drill bit designed for professional and industrial applications.,FREUD® DT202B Drill Bit,The FREUD® DT202B is a commercial-grade drill bit designed for professional and industrial applications.,,,,,,,,,,,,,,,,,,,,,,,,,,FREUD® DT202B Drill Bit,Item Type,Drill Bit,,,,,,,,,,,,,,,,,,,,,,,,,,,,,,,,,,,,,,,,,,,,,,,,,,,,,,,,,,,,,,,,,,,,,,,,,,,,,,,,,,,,,,,,,,,,,,,,,,,,,,,,,,,,,,,,,,,,,,,,,,,,,,,,,,,,,,,,,,,,,,,,,,,,,,,,,,,1,EA,,,,,,,,,,,,,,,,,,,,,,,,,,,,,,,,,,,,,US,No,Yes
,,,,,,DT2035B,,,,DT2035B,DT2035B,"DT2035B 3-1/2"" #20 Torx Drive - Bit",FREUD®,FREUD®,FREUD®,FREUD,FREUD,FREUD®,FREUD®,DT2035B,,,"FREUD®, Drill Bit, DT2035B - Commercial Grade Drill Bit",DRILL BIT,"FREUD®, DT2035B, Drill Bit",The FREUD® DT2035B is a commercial-grade drill bit designed for professional and industrial applications.,FREUD® DT2035B Drill Bit,The FREUD® DT2035B is a commercial-grade drill bit designed for professional and industrial applications.,,,,,,,,,,,,,,,,,,,,,,,,,,FREUD® DT2035B Drill Bit,Item Type,Drill Bit,,,,,,,,,,,,,,,,,,,,,,,,,,,,,,,,,,,,,,,,,,,,,,,,,,,,,,,,,,,,,,,,,,,,,,,,,,,,,,,,,,,,,,,,,,,,,,,,,,,,,,,,,,,,,,,,,,,,,,,,,,,,,,,,,,,,,,,,,,,,,,,,,,,,,,,,,,,1,EA,,,,,,,,,,,,,,,,,,,,,,,,,,,,,,,,,,,,,US,No,Yes
,,,,,,DT206B,,,,DT206B,DT206B,"DT206B 6"" #20 Torx Drive Bit",FREUD®,FREUD®,FREUD®,FREUD,FREUD,FREUD®,FREUD®,DT206B,,,"FREUD®, Drill Bit, DT206B - Commercial Grade Drill Bit",DRILL BIT,"FREUD®, DT206B, Drill Bit",The FREUD® DT206B is a commercial-grade drill bit designed for professional and industrial applications.,FREUD® DT206B Drill Bit,The FREUD® DT206B is a commercial-grade drill bit designed for professional and industrial applications.,,,,,,,,,,,,,,,,,,,,,,,,,,FREUD® DT206B Drill Bit,Item Type,Drill Bit,,,,,,,,,,,,,,,,,,,,,,,,,,,,,,,,,,,,,,,,,,,,,,,,,,,,,,,,,,,,,,,,,,,,,,,,,,,,,,,,,,,,,,,,,,,,,,,,,,,,,,,,,,,,,,,,,,,,,,,,,,,,,,,,,,,,,,,,,,,,,,,,,,,,,,,,,,,1,EA,,,,,,,,,,,,,,,,,,,,,,,,,,,,,,,,,,,,,US,No,Yes
,,,,,,DT252B,,,,DT252B,DT252B,"DT252B 2"" #25 Trox Drive Bit",FREUD®,FREUD®,FREUD®,FREUD,FREUD,FREUD®,FREUD®,DT252B,,,"FREUD®, Trox Drive Bit, DT252B - Commercial Grade Trox Drive Bit",TROX DRIVE BIT,"FREUD®, DT252B, Trox Drive Bit",The FREUD® DT252B is a commercial-grade trox drive bit designed for professional and industrial applications.,FREUD® DT252B Trox Drive Bit,The FREUD® DT252B is a commercial-grade trox drive bit designed for professional and industrial applications.,,,,,,,,,,,,,,,,,,,,,,,,,,FREUD® DT252B Trox Drive Bit,Item Type,Trox Drive Bit,,,,,,,,,,,,,,,,,,,,,,,,,,,,,,,,,,,,,,,,,,,,,,,,,,,,,,,,,,,,,,,,,,,,,,,,,,,,,,,,,,,,,,,,,,,,,,,,,,,,,,,,,,,,,,,,,,,,,,,,,,,,,,,,,,,,,,,,,,,,,,,,,,,,,,,,,,,1,EA,,,,,,,,,,,,,,,,,,,,,,,,,,,,,,,,,,,,,US,No,Yes
,,,,,,DT2535B,,,,DT2535B,DT2535B,"DT2535B 3-1/4"" #25 Torx Drive - Bit",FREUD®,FREUD®,FREUD®,FREUD,FREUD,FREUD®,FREUD®,DT2535B,,,"FREUD®, Drill Bit, DT2535B - Commercial Grade Drill Bit",DRILL BIT,"FREUD®, DT2535B, Drill Bit",The FREUD® DT2535B is a commercial-grade drill bit designed for professional and industrial applications.,FREUD® DT2535B Drill Bit,The FREUD® DT2535B is a commercial-grade drill bit designed for professional and industrial applications.,,,,,,,,,,,,,,,,,,,,,,,,,,FREUD® DT2535B Drill Bit,Item Type,Drill Bit,,,,,,,,,,,,,,,,,,,,,,,,,,,,,,,,,,,,,,,,,,,,,,,,,,,,,,,,,,,,,,,,,,,,,,,,,,,,,,,,,,,,,,,,,,,,,,,,,,,,,,,,,,,,,,,,,,,,,,,,,,,,,,,,,,,,,,,,,,,,,,,,,,,,,,,,,,,1,EA,,,,,,,,,,,,,,,,,,,,,,,,,,,,,,,,,,,,,US,No,Yes
,,,,,,DT256B,,,,DT256B,DT256B,"DT256B 6"" #25 Torx Drive Bit",FREUD®,FREUD®,FREUD®,FREUD,FREUD,FREUD®,FREUD®,DT256B,,,"FREUD®, Drill Bit, DT256B - Commercial Grade Drill Bit",DRILL BIT,"FREUD®, DT256B, Drill Bit",The FREUD® DT256B is a commercial-grade drill bit designed for professional and industrial applications.,FREUD® DT256B Drill Bit,The FREUD® DT256B is a commercial-grade drill bit designed for professional and industrial applications.,,,,,,,,,,,,,,,,,,,,,,,,,,FREUD® DT256B Drill Bit,Item Type,Drill Bit,,,,,,,,,,,,,,,,,,,,,,,,,,,,,,,,,,,,,,,,,,,,,,,,,,,,,,,,,,,,,,,,,,,,,,,,,,,,,,,,,,,,,,,,,,,,,,,,,,,,,,,,,,,,,,,,,,,,,,,,,,,,,,,,,,,,,,,,,,,,,,,,,,,,,,,,,,,1,EA,,,,,,,,,,,,,,,,,,,,,,,,,,,,,,,,,,,,,US,No,Yes
,,,,,,DT302B,,,,DT302B,DT302B,"DT302B 2"" #30 Torx Drive Bit",FREUD®,FREUD®,FREUD®,FREUD,FREUD,FREUD®,FREUD®,DT302B,,,"FREUD®, Drill Bit, DT302B - Commercial Grade Drill Bit",DRILL BIT,"FREUD®, DT302B, Drill Bit",The FREUD® DT302B is a commercial-grade drill bit designed for professional and industrial applications.,FREUD® DT302B Drill Bit,The FREUD® DT302B is a commercial-grade drill bit designed for professional and industrial applications.,,,,,,,,,,,,,,,,,,,,,,,,,,FREUD® DT302B Drill Bit,Item Type,Drill Bit,,,,,,,,,,,,,,,,,,,,,,,,,,,,,,,,,,,,,,,,,,,,,,,,,,,,,,,,,,,,,,,,,,,,,,,,,,,,,,,,,,,,,,,,,,,,,,,,,,,,,,,,,,,,,,,,,,,,,,,,,,,,,,,,,,,,,,,,,,,,,,,,,,,,,,,,,,,1,EA,,,,,,,,,,,,,,,,,,,,,,,,,,,,,,,,,,,,,US,No,Yes
,,,,,,DT402B,,,,DT402B,DT402B,"DT402B 2"" #40 Torx Drive Bit",FREUD®,FREUD®,FREUD®,FREUD,FREUD,FREUD®,FREUD®,DT402B,,,"FREUD®, Torx Drive Bit, DT402B - Commercial Grade Torx Drive Bit",TORX DRIVE BIT,"FREUD®, DT402B, Torx Drive Bit",The FREUD® DT402B is a commercial-grade torx drive bit designed for professional and industrial applications.,FREUD® DT402B Torx Drive Bit,The FREUD® DT402B is a commercial-grade torx drive bit designed for professional and industrial applications.,,,,,,,,,,,,,,,,,,,,,,,,,,FREUD® DT402B Torx Drive Bit,Item Type,Torx Drive Bit,,,,,,,,,,,,,,,,,,,,,,,,,,,,,,,,,,,,,,,,,,,,,,,,,,,,,,,,,,,,,,,,,,,,,,,,,,,,,,,,,,,,,,,,,,,,,,,,,,,,,,,,,,,,,,,,,,,,,,,,,,,,,,,,,,,,,,,,,,,,,,,,,,,,,,,,,,,1,EA,,,,,,,,,,,,,,,,,,,,,,,,,,,,,,,,,,,,,US,No,Yes
,,,,,,DDWSSB,,,,DDWSSB,DDWSSB,DDWSSB #2 Drywall Screw Setter,FREUD®,FREUD®,FREUD®,FREUD,FREUD,FREUD®,FREUD®,DDWSSB,,,"FREUD®, Commercial Product, DDWSSB - Commercial Grade Commercial Product",COMMERCIAL PRODUCT,"FREUD®, DDWSSB, Commercial Product",The FREUD® DDWSSB is a commercial-grade commercial product designed for professional and industrial applications.,FREUD® DDWSSB Commercial Product,The FREUD® DDWSSB is a commercial-grade commercial product designed for professional and industrial applications.,,,,,,,,,,,,,,,,,,,,,,,,,,FREUD® DDWSSB Commercial Product,,,,,,,,,,,,,,,,,,,,,,,,,,,,,,,,,,,,,,,,,,,,,,,,,,,,,,,,,,,,,,,,,,,,,,,,,,,,,,,,,,,,,,,,,,,,,,,,,,,,,,,,,,,,,,,,,,,,,,,,,,,,,,,,,,,,,,,,,,,,,,,,,,,,,,,,,,,,,1,EA,,,,,,,,,,,,,,,,,,,,,,,,,,,,,,,,,,,,,US,No,Yes
,,,,,,191V02-0,,,,191V02-0,191V02-0,191V02-0 Makita #2 Phillips Bit 5pk,MAKITA®,MAKITA®,MAKITA®,MAKITA,MAKITA,MAKITA®,MAKITA®,191V02-0,,,"MAKITA®, Drill Bit, 191V02-0 - Commercial Grade Drill Bit",DRILL BIT,"MAKITA®, 191V02-0, Drill Bit",The MAKITA® 191V02-0 is a commercial-grade drill bit designed for professional and industrial applications. Key Specifications include PackQuantity: 5 PK.,MAKITA® 191V02-0 Drill Bit,The MAKITA® 191V02-0 is a commercial-grade drill bit designed for professional and industrial applications. Key Specifications include PackQuantity: 5 PK.,,,,,,,,,,,,,,,,,,,,,,,,,,MAKITA® 191V02-0 Drill Bit,Item Type,Drill Bit,,PackQuantity,5 PK,,,,,,,,,,,,,,,,,,,,,,,,,,,,,,,,,,,,,,,,,,,,,,,,,,,,,,,,,,,,,,,,,,,,,,,,,,,,,,,,,,,,,,,,,,,,,,,,,,,,,,,,,,,,,,,,,,,,,,,,,,,,,,,,,,,,,,,,,,,,,,,,,,,,,,,,1,EA,,,,,,,,,,,,,,,,,,,,,,,,,,,,,,,,,,,,,US,No,Yes
,,,,,,XTS02Z,,,,XTS02Z,XTS02Z,"XTS02Z Makita 18V 1/4"" Narrow Crown Stapler 18GA",MAKITA®,MAKITA®,MAKITA®,MAKITA,MAKITA,MAKITA®,MAKITA®,XTS02Z,,,"MAKITA®, Commercial Product, XTS02Z, 18 V - Commercial Grade Commercial Product",COMMERCIAL PRODUCT 18 V,"MAKITA®, XTS02Z, Commercial Product, 18 V",The MAKITA® XTS02Z is a commercial-grade commercial product designed for professional and industrial applications. Engineered with rated for 18 V.,MAKITA® XTS02Z Commercial Product,The MAKITA® XTS02Z is a commercial-grade commercial product designed for professional and industrial applications. Engineered with rated for 18 V.,Operates at standard 18 V,,,,,,,,,,,,,,,,,,,,,,,,,MAKITA® XTS02Z Commercial Product,Voltage,18,V,,,,,,,,,,,,,,,,,,,,,,,,,,,,,,,,,,,,,,,,,,,,,,,,,,,,,,,,,,,,,,,,,,,,,,,,,,,,,,,,,,,,,,,,,,,,,,,,,,,,,,,,,,,,,,,,,,,,,,,,,,,,,,,,,,,,,,,,,,,,,,,,,,,,,,,,,,1,EA,,,,,,,,,,,,,,,,,,,,,,,,,,,,,,,,,,,,,US,No,Yes
,,,,,,DCF809D1,,,,DCF809D1,DCF809D1,"DCF809D1 Dewalt Atomic 20V 1/4"" Impact Driver Kit",DEWALT®,DEWALT®,DEWALT®,DEWALT,DEWALT,DEWALT®,DEWALT®,DCF809D1,,,"DEWALT®, Commercial Product, DCF809D1, 20 V - Commercial Grade Commercial Produc",COMMERCIAL PRODUCT 20 V,"DEWALT®, DCF809D1, Commercial Product, 20 V",The DEWALT® DCF809D1 is a commercial-grade commercial product designed for professional and industrial applications. Engineered with rated for 20 V.,DEWALT® DCF809D1 Commercial Product,The DEWALT® DCF809D1 is a commercial-grade commercial product designed for professional and industrial applications. Engineered with rated for 20 V.,Operates at standard 20 V,,,,,,,,,,,,,,,,,,,,,,,,,DEWALT® DCF809D1 Commercial Product,Voltage,20,V,,,,,,,,,,,,,,,,,,,,,,,,,,,,,,,,,,,,,,,,,,,,,,,,,,,,,,,,,,,,,,,,,,,,,,,,,,,,,,,,,,,,,,,,,,,,,,,,,,,,,,,,,,,,,,,,,,,,,,,,,,,,,,,,,,,,,,,,,,,,,,,,,,,,,,,,,,1,EA,,,,,,,,,,,,,,,,,,,,,,,,,,,,,,,,,,,,,US,No,Yes
,,,,,,2761-20,,,,2761-20,2761-20,"2761-20 Milw M18 1/4"" Hex Hydraulic Driver",MILWAUKEE®,MILWAUKEE®,MILWAUKEE®,MILWAUKEE,MILWAUKEE,MILWAUKEE®,MILWAUKEE®,2761-20,,,"MILWAUKEE®, Commercial Product, 2761-20 - Commercial Grade Commercial Product",COMMERCIAL PRODUCT,"MILWAUKEE®, 2761-20, Commercial Product",The MILWAUKEE® 2761-20 is a commercial-grade commercial product designed for professional and industrial applications.,MILWAUKEE® 2761-20 Commercial Product,The MILWAUKEE® 2761-20 is a commercial-grade commercial product designed for professional and industrial applications.,,,,,,,,,,,,,,,,,,,,,,,,,,MILWAUKEE® 2761-20 Commercial Product,,,,,,,,,,,,,,,,,,,,,,,,,,,,,,,,,,,,,,,,,,,,,,,,,,,,,,,,,,,,,,,,,,,,,,,,,,,,,,,,,,,,,,,,,,,,,,,,,,,,,,,,,,,,,,,,,,,,,,,,,,,,,,,,,,,,,,,,,,,,,,,,,,,,,,,,,,,,,1,EA,,,,,,,,,,,,,,,,,,,,,,,,,,,,,,,,,,,,,US,No,Yes
,,,,,,2761-22,,,,2761-22,2761-22,2761-22 Milw M18 Surge Kit,MILWAUKEE®,MILWAUKEE®,MILWAUKEE®,MILWAUKEE,MILWAUKEE,MILWAUKEE®,MILWAUKEE®,2761-22,,,"MILWAUKEE®, Commercial Product, 2761-22 - Commercial Grade Commercial Product",COMMERCIAL PRODUCT,"MILWAUKEE®, 2761-22, Commercial Product",The MILWAUKEE® 2761-22 is a commercial-grade commercial product designed for professional and industrial applications.,MILWAUKEE® 2761-22 Commercial Product,The MILWAUKEE® 2761-22 is a commercial-grade commercial product designed for professional and industrial applications.,,,,,,,,,,,,,,,,,,,,,,,,,,MILWAUKEE® 2761-22 Commercial Product,,,,,,,,,,,,,,,,,,,,,,,,,,,,,,,,,,,,,,,,,,,,,,,,,,,,,,,,,,,,,,,,,,,,,,,,,,,,,,,,,,,,,,,,,,,,,,,,,,,,,,,,,,,,,,,,,,,,,,,,,,,,,,,,,,,,,,,,,,,,,,,,,,,,,,,,,,,,,1,EA,,,,,,,,,,,,,,,,,,,,,,,,,,,,,,,,,,,,,US,No,Yes
,,,,,,3450-20,,,,3450-20,3450-20,3450-20 Milw M12 Impact Driver - Brushless Compact,MILWAUKEE®,MILWAUKEE®,MILWAUKEE®,MILWAUKEE,MILWAUKEE,MILWAUKEE®,MILWAUKEE®,3450-20,,,"MILWAUKEE®, Commercial Product, 3450-20 - Commercial Grade Commercial Product",COMMERCIAL PRODUCT,"MILWAUKEE®, 3450-20, Commercial Product",The MILWAUKEE® 3450-20 is a commercial-grade commercial product designed for professional and industrial applications.,MILWAUKEE® 3450-20 Commercial Product,The MILWAUKEE® 3450-20 is a commercial-grade commercial product designed for professional and industrial applications.,,,,,,,,,,,,,,,,,,,,,,,,,,MILWAUKEE® 3450-20 Commercial Product,,,,,,,,,,,,,,,,,,,,,,,,,,,,,,,,,,,,,,,,,,,,,,,,,,,,,,,,,,,,,,,,,,,,,,,,,,,,,,,,,,,,,,,,,,,,,,,,,,,,,,,,,,,,,,,,,,,,,,,,,,,,,,,,,,,,,,,,,,,,,,,,,,,,,,,,,,,,,1,EA,,,,,,,,,,,,,,,,,,,,,,,,,,,,,,,,,,,,,US,No,Yes
,,,,,,KPTDV025A,,,,KPTDV025A,KPTDV025A,KPTDV025A Kreg 20V Ionic Compact Impact Driver,KREG®,KREG®,KREG®,KREG,KREG,KREG®,KREG®,KPTDV025A,,,"KREG®, Commercial Product, KPTDV025A, 20 V - Commercial Grade Commercial Product",COMMERCIAL PRODUCT 20 V,"KREG®, KPTDV025A, Commercial Product, 20 V",The KREG® KPTDV025A is a commercial-grade commercial product designed for professional and industrial applications. Engineered with rated for 20 V.,KREG® KPTDV025A Commercial Product,The KREG® KPTDV025A is a commercial-grade commercial product designed for professional and industrial applications. Engineered with rated for 20 V.,Operates at standard 20 V,,,,,,,,,,,,,,,,,,,,,,,,,KREG® KPTDV025A Commercial Product,Voltage,20,V,,,,,,,,,,,,,,,,,,,,,,,,,,,,,,,,,,,,,,,,,,,,,,,,,,,,,,,,,,,,,,,,,,,,,,,,,,,,,,,,,,,,,,,,,,,,,,,,,,,,,,,,,,,,,,,,,,,,,,,,,,,,,,,,,,,,,,,,,,,,,,,,,,,,,,,,,,1,EA,,,,,,,,,,,,,,,,,,,,,,,,,,,,,,,,,,,,,US,No,Yes
,,,,,,3048-20,,,,3048-20,3048-20,"3048-20 Milw M12 1/4"" Impact Wrench w/Friction Ring",MILWAUKEE®,MILWAUKEE®,MILWAUKEE®,MILWAUKEE,MILWAUKEE,MILWAUKEE®,MILWAUKEE®,3048-20,,,"MILWAUKEE®, Commercial Product, 3048-20 - Commercial Grade Commercial Product",COMMERCIAL PRODUCT,"MILWAUKEE®, 3048-20, Commercial Product",The MILWAUKEE® 3048-20 is a commercial-grade commercial product designed for professional and industrial applications.,MILWAUKEE® 3048-20 Commercial Product,The MILWAUKEE® 3048-20 is a commercial-grade commercial product designed for professional and industrial applications.,,,,,,,,,,,,,,,,,,,,,,,,,,MILWAUKEE® 3048-20 Commercial Product,,,,,,,,,,,,,,,,,,,,,,,,,,,,,,,,,,,,,,,,,,,,,,,,,,,,,,,,,,,,,,,,,,,,,,,,,,,,,,,,,,,,,,,,,,,,,,,,,,,,,,,,,,,,,,,,,,,,,,,,,,,,,,,,,,,,,,,,,,,,,,,,,,,,,,,,,,,,,1,EA,,,,,,,,,,,,,,,,,,,,,,,,,,,,,,,,,,,,,US,No,Yes
,,,,,,3049-20,,,,3049-20,3049-20,"3049-20 Milw M12 3/8"" Impact Wrench w/Friction Ring",MILWAUKEE®,MILWAUKEE®,MILWAUKEE®,MILWAUKEE,MILWAUKEE,MILWAUKEE®,MILWAUKEE®,3049-20,,,"MILWAUKEE®, Commercial Product, 3049-20 - Commercial Grade Commercial Product",COMMERCIAL PRODUCT,"MILWAUKEE®, 3049-20, Commercial Product",The MILWAUKEE® 3049-20 is a commercial-grade commercial product designed for professional and industrial applications.,MILWAUKEE® 3049-20 Commercial Product,The MILWAUKEE® 3049-20 is a commercial-grade commercial product designed for professional and industrial applications.,,,,,,,,,,,,,,,,,,,,,,,,,,MILWAUKEE® 3049-20 Commercial Product,,,,,,,,,,,,,,,,,,,,,,,,,,,,,,,,,,,,,,,,,,,,,,,,,,,,,,,,,,,,,,,,,,,,,,,,,,,,,,,,,,,,,,,,,,,,,,,,,,,,,,,,,,,,,,,,,,,,,,,,,,,,,,,,,,,,,,,,,,,,,,,,,,,,,,,,,,,,,1,EA,,,,,,,,,,,,,,,,,,,,,,,,,,,,,,,,,,,,,US,No,Yes
,,,,,,2563-20,,,,2563-20,2563-20,"2563-20 Milw M12 Stubby 1/2"" Impact Wrench",MILWAUKEE®,MILWAUKEE®,MILWAUKEE®,MILWAUKEE,MILWAUKEE,MILWAUKEE®,MILWAUKEE®,2563-20,,,"MILWAUKEE®, Commercial Product, 2563-20 - Commercial Grade Commercial Product",COMMERCIAL PRODUCT,"MILWAUKEE®, 2563-20, Commercial Product",The MILWAUKEE® 2563-20 is a commercial-grade commercial product designed for professional and industrial applications.,MILWAUKEE® 2563-20 Commercial Product,The MILWAUKEE® 2563-20 is a commercial-grade commercial product designed for professional and industrial applications.,,,,,,,,,,,,,,,,,,,,,,,,,,MILWAUKEE® 2563-20 Commercial Product,,,,,,,,,,,,,,,,,,,,,,,,,,,,,,,,,,,,,,,,,,,,,,,,,,,,,,,,,,,,,,,,,,,,,,,,,,,,,,,,,,,,,,,,,,,,,,,,,,,,,,,,,,,,,,,,,,,,,,,,,,,,,,,,,,,,,,,,,,,,,,,,,,,,,,,,,,,,,1,EA,,,,,,,,,,,,,,,,,,,,,,,,,,,,,,,,,,,,,US,No,Yes
,,,,,,DCF961B,,,,DCF961B,DCF961B,"Dewalt DCF961B 20V 1/2"" Impact - Bare Tool",DEWALT®,DEWALT®,DEWALT®,DEWALT,DEWALT,DEWALT®,DEWALT®,DCF961B,,,"DEWALT®, Commercial Product, DCF961B, 20 V - Commercial Grade Commercial Product",COMMERCIAL PRODUCT 20 V,"DEWALT®, DCF961B, Commercial Product, 20 V",The DEWALT® DCF961B is a commercial-grade commercial product designed for professional and industrial applications. Engineered with rated for 20 V.,DEWALT® DCF961B Commercial Product,The DEWALT® DCF961B is a commercial-grade commercial product designed for professional and industrial applications. Engineered with rated for 20 V.,Operates at standard 20 V,,,,,,,,,,,,,,,,,,,,,,,,,DEWALT® DCF961B Commercial Product,Voltage,20,V,,,,,,,,,,,,,,,,,,,,,,,,,,,,,,,,,,,,,,,,,,,,,,,,,,,,,,,,,,,,,,,,,,,,,,,,,,,,,,,,,,,,,,,,,,,,,,,,,,,,,,,,,,,,,,,,,,,,,,,,,,,,,,,,,,,,,,,,,,,,,,,,,,,,,,,,,,1,EA,,,,,,,,,,,,,,,,,,,,,,,,,,,,,,,,,,,,,US,No,Yes
,,,,,,DCF964B,,,,DCF964B,DCF964B,"DCF964B Dewalt 20V 3/4"" Impact - Wrench",DEWALT®,DEWALT®,DEWALT®,DEWALT,DEWALT,DEWALT®,DEWALT®,DCF964B,,,"DEWALT®, Commercial Product, DCF964B, 20 V - Commercial Grade Commercial Product",COMMERCIAL PRODUCT 20 V,"DEWALT®, DCF964B, Commercial Product, 20 V",The DEWALT® DCF964B is a commercial-grade commercial product designed for professional and industrial applications. Engineered with rated for 20 V.,DEWALT® DCF964B Commercial Product,The DEWALT® DCF964B is a commercial-grade commercial product designed for professional and industrial applications. Engineered with rated for 20 V.,Operates at standard 20 V,,,,,,,,,,,,,,,,,,,,,,,,,DEWALT® DCF964B Commercial Product,Voltage,20,V,,,,,,,,,,,,,,,,,,,,,,,,,,,,,,,,,,,,,,,,,,,,,,,,,,,,,,,,,,,,,,,,,,,,,,,,,,,,,,,,,,,,,,,,,,,,,,,,,,,,,,,,,,,,,,,,,,,,,,,,,,,,,,,,,,,,,,,,,,,,,,,,,,,,,,,,,,1,EA,,,,,,,,,,,,,,,,,,,,,,,,,,,,,,,,,,,,,US,No,Yes
,,,,,,2563P-20,,,,2563P-20,2563P-20,"2563P-20 Milw M12 1/2"" Stubby - Impact Wrench w/Pin Detent",MILWAUKEE®,MILWAUKEE®,MILWAUKEE®,MILWAUKEE,MILWAUKEE,MILWAUKEE®,MILWAUKEE®,2563P-20,,,"MILWAUKEE®, Commercial Product, 2563P-20 - Commercial Grade Commercial Product",COMMERCIAL PRODUCT,"MILWAUKEE®, 2563P-20, Commercial Product",The MILWAUKEE® 2563P-20 is a commercial-grade commercial product designed for professional and industrial applications.,MILWAUKEE® 2563P-20 Commercial Product,The MILWAUKEE® 2563P-20 is a commercial-grade commercial product designed for professional and industrial applications.,,,,,,,,,,,,,,,,,,,,,,,,,,MILWAUKEE® 2563P-20 Commercial Product,,,,,,,,,,,,,,,,,,,,,,,,,,,,,,,,,,,,,,,,,,,,,,,,,,,,,,,,,,,,,,,,,,,,,,,,,,,,,,,,,,,,,,,,,,,,,,,,,,,,,,,,,,,,,,,,,,,,,,,,,,,,,,,,,,,,,,,,,,,,,,,,,,,,,,,,,,,,,1,EA,,,,,,,,,,,,,,,,,,,,,,,,,,,,,,,,,,,,,US,No,Yes
,,,,,,DCF921P2,,,,DCF921P2,DCF921P2,DCF921P2 Dewalt 20V 1/2 Impact,DEWALT®,DEWALT®,DEWALT®,DEWALT,DEWALT,DEWALT®,DEWALT®,DCF921P2,,,"DEWALT®, Commercial Product, DCF921P2, 20 V - Commercial Grade Commercial Produc",COMMERCIAL PRODUCT 20 V,"DEWALT®, DCF921P2, Commercial Product, 20 V",The DEWALT® DCF921P2 is a commercial-grade commercial product designed for professional and industrial applications. Engineered with rated for 20 V.,DEWALT® DCF921P2 Commercial Product,The DEWALT® DCF921P2 is a commercial-grade commercial product designed for professional and industrial applications. Engineered with rated for 20 V.,Operates at standard 20 V,,,,,,,,,,,,,,,,,,,,,,,,,DEWALT® DCF921P2 Commercial Product,Voltage,20,V,,,,,,,,,,,,,,,,,,,,,,,,,,,,,,,,,,,,,,,,,,,,,,,,,,,,,,,,,,,,,,,,,,,,,,,,,,,,,,,,,,,,,,,,,,,,,,,,,,,,,,,,,,,,,,,,,,,,,,,,,,,,,,,,,,,,,,,,,,,,,,,,,,,,,,,,,,1,EA,,,,,,,,,,,,,,,,,,,,,,,,,,,,,,,,,,,,,US,No,Yes
,,,,,,XLT03Z,,,,XLT03Z,XLT03Z,"XLT03Z Makita 3/8"" 18V Angle Impact",MAKITA®,MAKITA®,MAKITA®,MAKITA,MAKITA,MAKITA®,MAKITA®,XLT03Z,,,"MAKITA®, Commercial Product, XLT03Z, 18 V - Commercial Grade Commercial Product",COMMERCIAL PRODUCT 18 V,"MAKITA®, XLT03Z, Commercial Product, 18 V",The MAKITA® XLT03Z is a commercial-grade commercial product designed for professional and industrial applications. Engineered with rated for 18 V.,MAKITA® XLT03Z Commercial Product,The MAKITA® XLT03Z is a commercial-grade commercial product designed for professional and industrial applications. Engineered with rated for 18 V.,Operates at standard 18 V,,,,,,,,,,,,,,,,,,,,,,,,,MAKITA® XLT03Z Commercial Product,Voltage,18,V,,,,,,,,,,,,,,,,,,,,,,,,,,,,,,,,,,,,,,,,,,,,,,,,,,,,,,,,,,,,,,,,,,,,,,,,,,,,,,,,,,,,,,,,,,,,,,,,,,,,,,,,,,,,,,,,,,,,,,,,,,,,,,,,,,,,,,,,,,,,,,,,,,,,,,,,,,1,EA,,,,,,,,,,,,,,,,,,,,,,,,,,,,,,,,,,,,,US,No,Yes
,,,,,,XLT04Z,,,,XLT04Z,XLT04Z,"XLT04Z Makita 1/4"" 18V Angle Impact",MAKITA®,MAKITA®,MAKITA®,MAKITA,MAKITA,MAKITA®,MAKITA®,XLT04Z,,,"MAKITA®, Commercial Product, XLT04Z, 18 V - Commercial Grade Commercial Product",COMMERCIAL PRODUCT 18 V,"MAKITA®, XLT04Z, Commercial Product, 18 V",The MAKITA® XLT04Z is a commercial-grade commercial product designed for professional and industrial applications. Engineered with rated for 18 V.,MAKITA® XLT04Z Commercial Product,The MAKITA® XLT04Z is a commercial-grade commercial product designed for professional and industrial applications. Engineered with rated for 18 V.,Operates at standard 18 V,,,,,,,,,,,,,,,,,,,,,,,,,MAKITA® XLT04Z Commercial Product,Voltage,18,V,,,,,,,,,,,,,,,,,,,,,,,,,,,,,,,,,,,,,,,,,,,,,,,,,,,,,,,,,,,,,,,,,,,,,,,,,,,,,,,,,,,,,,,,,,,,,,,,,,,,,,,,,,,,,,,,,,,,,,,,,,,,,,,,,,,,,,,,,,,,,,,,,,,,,,,,,,1,EA,,,,,,,,,,,,,,,,,,,,,,,,,,,,,,,,,,,,,US,No,Yes
,,,,,,XLT05Z,,,,XLT05Z,XLT05Z,"XLT05Z Makita 1/2"" 18V Angle Impact",MAKITA®,MAKITA®,MAKITA®,MAKITA,MAKITA,MAKITA®,MAKITA®,XLT05Z,,,"MAKITA®, Commercial Product, XLT05Z, 18 V - Commercial Grade Commercial Product",COMMERCIAL PRODUCT 18 V,"MAKITA®, XLT05Z, Commercial Product, 18 V",The MAKITA® XLT05Z is a commercial-grade commercial product designed for professional and industrial applications. Engineered with rated for 18 V.,MAKITA® XLT05Z Commercial Product,The MAKITA® XLT05Z is a commercial-grade commercial product designed for professional and industrial applications. Engineered with rated for 18 V.,Operates at standard 18 V,,,,,,,,,,,,,,,,,,,,,,,,,MAKITA® XLT05Z Commercial Product,Voltage,18,V,,,,,,,,,,,,,,,,,,,,,,,,,,,,,,,,,,,,,,,,,,,,,,,,,,,,,,,,,,,,,,,,,,,,,,,,,,,,,,,,,,,,,,,,,,,,,,,,,,,,,,,,,,,,,,,,,,,,,,,,,,,,,,,,,,,,,,,,,,,,,,,,,,,,,,,,,,1,EA,,,,,,,,,,,,,,,,,,,,,,,,,,,,,,,,,,,,,US,No,Yes
,,,,,,DCF510B,,,,DCF510B,DCF510B,Dewalt DCF510B 20V Rachet - Interchangeable Anvil,DEWALT®,DEWALT®,DEWALT®,DEWALT,DEWALT,DEWALT®,DEWALT®,DCF510B,,,"DEWALT®, Commercial Product, DCF510B, 20 V - Commercial Grade Commercial Product",COMMERCIAL PRODUCT 20 V,"DEWALT®, DCF510B, Commercial Product, 20 V",The DEWALT® DCF510B is a commercial-grade commercial product designed for professional and industrial applications. Engineered with rated for 20 V.,DEWALT® DCF510B Commercial Product,The DEWALT® DCF510B is a commercial-grade commercial product designed for professional and industrial applications. Engineered with rated for 20 V.,Operates at standard 20 V,,,,,,,,,,,,,,,,,,,,,,,,,DEWALT® DCF510B Commercial Product,Voltage,20,V,,,,,,,,,,,,,,,,,,,,,,,,,,,,,,,,,,,,,,,,,,,,,,,,,,,,,,,,,,,,,,,,,,,,,,,,,,,,,,,,,,,,,,,,,,,,,,,,,,,,,,,,,,,,,,,,,,,,,,,,,,,,,,,,,,,,,,,,,,,,,,,,,,,,,,,,,,1,EA,,,,,,,,,,,,,,,,,,,,,,,,,,,,,,,,,,,,,US,No,Yes
,,,,,,3052-20,,,,3052-20,3052-20,"3052-20 Milw M12 Fuel 1/4"" Rachet",MILWAUKEE®,MILWAUKEE®,MILWAUKEE®,MILWAUKEE,MILWAUKEE,MILWAUKEE®,MILWAUKEE®,3052-20,,,"MILWAUKEE®, Commercial Product, 3052-20 - Commercial Grade Commercial Product",COMMERCIAL PRODUCT,"MILWAUKEE®, 3052-20, Commercial Product",The MILWAUKEE® 3052-20 is a commercial-grade commercial product designed for professional and industrial applications.,MILWAUKEE® 3052-20 Commercial Product,The MILWAUKEE® 3052-20 is a commercial-grade commercial product designed for professional and industrial applications.,,,,,,,,,,,,,,,,,,,,,,,,,,MILWAUKEE® 3052-20 Commercial Product,,,,,,,,,,,,,,,,,,,,,,,,,,,,,,,,,,,,,,,,,,,,,,,,,,,,,,,,,,,,,,,,,,,,,,,,,,,,,,,,,,,,,,,,,,,,,,,,,,,,,,,,,,,,,,,,,,,,,,,,,,,,,,,,,,,,,,,,,,,,,,,,,,,,,,,,,,,,,1,EA,,,,,,,,,,,,,,,,,,,,,,,,,,,,,,,,,,,,,US,No,Yes
,,,,,,3054-20,,,,3054-20,3054-20,"3054-20 Milw M12 1/2"" Ratchet",MILWAUKEE®,MILWAUKEE®,MILWAUKEE®,MILWAUKEE,MILWAUKEE,MILWAUKEE®,MILWAUKEE®,3054-20,,,"MILWAUKEE®, Commercial Product, 3054-20 - Commercial Grade Commercial Product",COMMERCIAL PRODUCT,"MILWAUKEE®, 3054-20, Commercial Product",The MILWAUKEE® 3054-20 is a commercial-grade commercial product designed for professional and industrial applications.,MILWAUKEE® 3054-20 Commercial Product,The MILWAUKEE® 3054-20 is a commercial-grade commercial product designed for professional and industrial applications.,,,,,,,,,,,,,,,,,,,,,,,,,,MILWAUKEE® 3054-20 Commercial Product,,,,,,,,,,,,,,,,,,,,,,,,,,,,,,,,,,,,,,,,,,,,,,,,,,,,,,,,,,,,,,,,,,,,,,,,,,,,,,,,,,,,,,,,,,,,,,,,,,,,,,,,,,,,,,,,,,,,,,,,,,,,,,,,,,,,,,,,,,,,,,,,,,,,,,,,,,,,,1,EA,,,,,,,,,,,,,,,,,,,,,,,,,,,,,,,,,,,,,US,No,Yes
,,,,,,DCF513EB,,,,DCF513EB,DCF513EB,"DCF513EB Dewalt 3/8"" Open Head Rachet",DEWALT®,DEWALT®,DEWALT®,DEWALT,DEWALT,DEWALT®,DEWALT®,DCF513EB,,,"DEWALT®, Commercial Product, DCF513EB - Commercial Grade Commercial Product",COMMERCIAL PRODUCT,"DEWALT®, DCF513EB, Commercial Product",The DEWALT® DCF513EB is a commercial-grade commercial product designed for professional and industrial applications.,DEWALT® DCF513EB Commercial Product,The DEWALT® DCF513EB is a commercial-grade commercial product designed for professional and industrial applications.,,,,,,,,,,,,,,,,,,,,,,,,,,DEWALT® DCF513EB Commercial Product,,,,,,,,,,,,,,,,,,,,,,,,,,,,,,,,,,,,,,,,,,,,,,,,,,,,,,,,,,,,,,,,,,,,,,,,,,,,,,,,,,,,,,,,,,,,,,,,,,,,,,,,,,,,,,,,,,,,,,,,,,,,,,,,,,,,,,,,,,,,,,,,,,,,,,,,,,,,,1,EA,,,,,,,,,,,,,,,,,,,,,,,,,,,,,,,,,,,,,US,No,Yes
,,,,,,XVP01Z,,,,XVP01Z,XVP01Z,"XVP01Z Makita 18V 3"" Polisher/ 2"" Sander",MAKITA®,MAKITA®,MAKITA®,MAKITA,MAKITA,MAKITA®,MAKITA®,XVP01Z,,,"MAKITA®, Commercial Product, XVP01Z, 18 V - Commercial Grade Commercial Product",COMMERCIAL PRODUCT 18 V,"MAKITA®, XVP01Z, Commercial Product, 18 V",The MAKITA® XVP01Z is a commercial-grade commercial product designed for professional and industrial applications. Engineered with rated for 18 V.,MAKITA® XVP01Z Commercial Product,The MAKITA® XVP01Z is a commercial-grade commercial product designed for professional and industrial applications. Engineered with rated for 18 V.,Operates at standard 18 V,,,,,,,,,,,,,,,,,,,,,,,,,MAKITA® XVP01Z Commercial Product,Voltage,18,V,,,,,,,,,,,,,,,,,,,,,,,,,,,,,,,,,,,,,,,,,,,,,,,,,,,,,,,,,,,,,,,,,,,,,,,,,,,,,,,,,,,,,,,,,,,,,,,,,,,,,,,,,,,,,,,,,,,,,,,,,,,,,,,,,,,,,,,,,,,,,,,,,,,,,,,,,,1,EA,,,,,,,,,,,,,,,,,,,,,,,,,,,,,,,,,,,,,US,No,Yes
,,,,,,DCM200B,,,,DCM200B,DCM200B,DCM200B Dewalt 1/2in x 18in - Band File,DEWALT®,DEWALT®,DEWALT®,DEWALT,DEWALT,DEWALT®,DEWALT®,DCM200B,,,"DEWALT®, Commercial Product, DCM200B, 1/2 in x 18 in - Commercial Grade Commerci",COMMERCIAL PRODUCT 1/2 IN X 18 IN,"DEWALT®, DCM200B, Commercial Product, 1/2 in x 18 in",The DEWALT® DCM200B is a commercial-grade commercial product designed for professional and industrial applications. Engineered with measuring 1/2 in x 18 in. Key Specifications include ArborSize: 18in.,DEWALT® DCM200B Commercial Product (1/2 in x 18 in),The DEWALT® DCM200B is a commercial-grade commercial product designed for professional and industrial applications. Engineered with measuring 1/2 in x 18 in. Key Specifications include ArborSize: 18in.,Precision dimensions: 1/2 in x 18 in,,,,,,,,,,,,,,,,,,,,,,,,,DEWALT® DCM200B Commercial Product (1/2 in x 18 in),Dimensions,1/2 in x 18,in,Arbor Size,18in,in,,,,,,,,,,,,,,,,,,,,,,,,,,,,,,,,,,,,,,,,,,,,,,,,,,,,,,,,,,,,,,,,,,,,,,,,,,,,,,,,,,,,,,,,,,,,,,,,,,,,,,,,,,,,,,,,,,,,,,,,,,,,,,,,,,,,,,,,,,,,,,,,,,,,,,,1,EA,,,,,,,,,,,,,,,,,,,,,,,,,,,,,,,,,,,,,US,No,Yes
,,,,,,DCG410B,,,,DCG410B,DCG410B,"DCG410B Dewalt 20V 4-1/2""-5"" - Angle Grinder",DEWALT®,DEWALT®,DEWALT®,DEWALT,DEWALT,DEWALT®,DEWALT®,DCG410B,,,"DEWALT®, Commercial Product, DCG410B, 20 V - Commercial Grade Commercial Product",COMMERCIAL PRODUCT 20 V,"DEWALT®, DCG410B, Commercial Product, 20 V",The DEWALT® DCG410B is a commercial-grade commercial product designed for professional and industrial applications. Engineered with rated for 20 V.,DEWALT® DCG410B Commercial Product,The DEWALT® DCG410B is a commercial-grade commercial product designed for professional and industrial applications. Engineered with rated for 20 V.,Operates at standard 20 V,,,,,,,,,,,,,,,,,,,,,,,,,DEWALT® DCG410B Commercial Product,Voltage,20,V,,,,,,,,,,,,,,,,,,,,,,,,,,,,,,,,,,,,,,,,,,,,,,,,,,,,,,,,,,,,,,,,,,,,,,,,,,,,,,,,,,,,,,,,,,,,,,,,,,,,,,,,,,,,,,,,,,,,,,,,,,,,,,,,,,,,,,,,,,,,,,,,,,,,,,,,,,1,EA,,,,,,,,,,,,,,,,,,,,,,,,,,,,,,,,,,,,,US,No,Yes
,,,,,,DCG460B,,,,DCG460B,DCG460B,"DCG460B Dewalt 60V Grinder - 7-9""",DEWALT®,DEWALT®,DEWALT®,DEWALT,DEWALT,DEWALT®,DEWALT®,DCG460B,,,"DEWALT®, Commercial Product, DCG460B, 60 V - Commercial Grade Commercial Product",COMMERCIAL PRODUCT 60 V,"DEWALT®, DCG460B, Commercial Product, 60 V",The DEWALT® DCG460B is a commercial-grade commercial product designed for professional and industrial applications. Engineered with rated for 60 V.,DEWALT® DCG460B Commercial Product,The DEWALT® DCG460B is a commercial-grade commercial product designed for professional and industrial applications. Engineered with rated for 60 V.,Operates at standard 60 V,,,,,,,,,,,,,,,,,,,,,,,,,DEWALT® DCG460B Commercial Product,Voltage,60,V,,,,,,,,,,,,,,,,,,,,,,,,,,,,,,,,,,,,,,,,,,,,,,,,,,,,,,,,,,,,,,,,,,,,,,,,,,,,,,,,,,,,,,,,,,,,,,,,,,,,,,,,,,,,,,,,,,,,,,,,,,,,,,,,,,,,,,,,,,,,,,,,,,,,,,,,,,1,EA,,,,,,,,,,,,,,,,,,,,,,,,,,,,,,,,,,,,,US,No,Yes
,,,,,,DCG402B,,,,DCG402B,DCG402B,"DCG402B Dewalt 20V 4.5"" Angle Grinder",DEWALT®,DEWALT®,DEWALT®,DEWALT,DEWALT,DEWALT®,DEWALT®,DCG402B,,,"DEWALT®, Commercial Product, DCG402B, 20 V - Commercial Grade Commercial Product",COMMERCIAL PRODUCT 20 V,"DEWALT®, DCG402B, Commercial Product, 20 V",The DEWALT® DCG402B is a commercial-grade commercial product designed for professional and industrial applications. Engineered with rated for 20 V.,DEWALT® DCG402B Commercial Product,The DEWALT® DCG402B is a commercial-grade commercial product designed for professional and industrial applications. Engineered with rated for 20 V.,Operates at standard 20 V,,,,,,,,,,,,,,,,,,,,,,,,,DEWALT® DCG402B Commercial Product,Voltage,20,V,,,,,,,,,,,,,,,,,,,,,,,,,,,,,,,,,,,,,,,,,,,,,,,,,,,,,,,,,,,,,,,,,,,,,,,,,,,,,,,,,,,,,,,,,,,,,,,,,,,,,,,,,,,,,,,,,,,,,,,,,,,,,,,,,,,,,,,,,,,,,,,,,,,,,,,,,,1,EA,,,,,,,,,,,,,,,,,,,,,,,,,,,,,,,,,,,,,US,No,Yes
,,,,,,3485-20,,,,3485-20,3485-20,"3485-20 Milw M12 1/4"" Right Angle Die Grinder",MILWAUKEE®,MILWAUKEE®,MILWAUKEE®,MILWAUKEE,MILWAUKEE,MILWAUKEE®,MILWAUKEE®,3485-20,,,"MILWAUKEE®, Commercial Product, 3485-20 - Commercial Grade Commercial Product",COMMERCIAL PRODUCT,"MILWAUKEE®, 3485-20, Commercial Product",The MILWAUKEE® 3485-20 is a commercial-grade commercial product designed for professional and industrial applications.,MILWAUKEE® 3485-20 Commercial Product,The MILWAUKEE® 3485-20 is a commercial-grade commercial product designed for professional and industrial applications.,,,,,,,,,,,,,,,,,,,,,,,,,,MILWAUKEE® 3485-20 Commercial Product,,,,,,,,,,,,,,,,,,,,,,,,,,,,,,,,,,,,,,,,,,,,,,,,,,,,,,,,,,,,,,,,,,,,,,,,,,,,,,,,,,,,,,,,,,,,,,,,,,,,,,,,,,,,,,,,,,,,,,,,,,,,,,,,,,,,,,,,,,,,,,,,,,,,,,,,,,,,,1,EA,,,,,,,,,,,,,,,,,,,,,,,,,,,,,,,,,,,,,US,No,Yes
,,,,,,DCG420B,,,,DCG420B,DCG420B,DCG420B Dewalt 20V Die Grinder,DEWALT®,DEWALT®,DEWALT®,DEWALT,DEWALT,DEWALT®,DEWALT®,DCG420B,,,"DEWALT®, Commercial Product, DCG420B, 20 V - Commercial Grade Commercial Product",COMMERCIAL PRODUCT 20 V,"DEWALT®, DCG420B, Commercial Product, 20 V",The DEWALT® DCG420B is a commercial-grade commercial product designed for professional and industrial applications. Engineered with rated for 20 V.,DEWALT® DCG420B Commercial Product,The DEWALT® DCG420B is a commercial-grade commercial product designed for professional and industrial applications. Engineered with rated for 20 V.,Operates at standard 20 V,,,,,,,,,,,,,,,,,,,,,,,,,DEWALT® DCG420B Commercial Product,Voltage,20,V,,,,,,,,,,,,,,,,,,,,,,,,,,,,,,,,,,,,,,,,,,,,,,,,,,,,,,,,,,,,,,,,,,,,,,,,,,,,,,,,,,,,,,,,,,,,,,,,,,,,,,,,,,,,,,,,,,,,,,,,,,,,,,,,,,,,,,,,,,,,,,,,,,,,,,,,,,1,EA,,,,,,,,,,,,,,,,,,,,,,,,,,,,,,,,,,,,,US,No,Yes
,,,,,,DCG422B,,,,DCG422B,DCG422B,DCG422B Dewalt 20V Right Angle Die Grinder,DEWALT®,DEWALT®,DEWALT®,DEWALT,DEWALT,DEWALT®,DEWALT®,DCG422B,,,"DEWALT®, Commercial Product, DCG422B, 20 V - Commercial Grade Commercial Product",COMMERCIAL PRODUCT 20 V,"DEWALT®, DCG422B, Commercial Product, 20 V",The DEWALT® DCG422B is a commercial-grade commercial product designed for professional and industrial applications. Engineered with rated for 20 V.,DEWALT® DCG422B Commercial Product,The DEWALT® DCG422B is a commercial-grade commercial product designed for professional and industrial applications. Engineered with rated for 20 V.,Operates at standard 20 V,,,,,,,,,,,,,,,,,,,,,,,,,DEWALT® DCG422B Commercial Product,Voltage,20,V,,,,,,,,,,,,,,,,,,,,,,,,,,,,,,,,,,,,,,,,,,,,,,,,,,,,,,,,,,,,,,,,,,,,,,,,,,,,,,,,,,,,,,,,,,,,,,,,,,,,,,,,,,,,,,,,,,,,,,,,,,,,,,,,,,,,,,,,,,,,,,,,,,,,,,,,,,1,EA,,,,,,,,,,,,,,,,,,,,,,,,,,,,,,,,,,,,,US,No,Yes
,,,,,,924422,,,,924422,924422,924422 Mafell Carpentry - Planing Machine ZH 320 Ec 120V,-,-,-,-,-,-,-,924422,,,"-, Commercial Product, 924422, 120 V - Commercial Grade Commercial Product",COMMERCIAL PRODUCT 120 V,"-, 924422, Commercial Product, 120 V",The - 924422 is a commercial-grade commercial product designed for professional and industrial applications. Engineered with rated for 120 V.,- 924422 Commercial Product,The - 924422 is a commercial-grade commercial product designed for professional and industrial applications. Engineered with rated for 120 V.,Operates at standard 120 V,,,,,,,,,,,,,,,,,,,,,,,,,- 924422 Commercial Product,Voltage,120,V,,,,,,,,,,,,,,,,,,,,,,,,,,,,,,,,,,,,,,,,,,,,,,,,,,,,,,,,,,,,,,,,,,,,,,,,,,,,,,,,,,,,,,,,,,,,,,,,,,,,,,,,,,,,,,,,,,,,,,,,,,,,,,,,,,,,,,,,,,,,,,,,,,,,,,,,,,1,EA,,,,,,,,,,,,,,,,,,,,,,,,,,,,,,,,,,,,,US,No,Yes
,,,,,,DCW620B,,,,DCW620B,DCW620B,DCW620B Dewalt 20V Plunge - Router,DEWALT®,DEWALT®,DEWALT®,DEWALT,DEWALT,DEWALT®,DEWALT®,DCW620B,,,"DEWALT®, Commercial Product, DCW620B, 20 V - Commercial Grade Commercial Product",COMMERCIAL PRODUCT 20 V,"DEWALT®, DCW620B, Commercial Product, 20 V",The DEWALT® DCW620B is a commercial-grade commercial product designed for professional and industrial applications. Engineered with rated for 20 V.,DEWALT® DCW620B Commercial Product,The DEWALT® DCW620B is a commercial-grade commercial product designed for professional and industrial applications. Engineered with rated for 20 V.,Operates at standard 20 V,,,,,,,,,,,,,,,,,,,,,,,,,DEWALT® DCW620B Commercial Product,Voltage,20,V,,,,,,,,,,,,,,,,,,,,,,,,,,,,,,,,,,,,,,,,,,,,,,,,,,,,,,,,,,,,,,,,,,,,,,,,,,,,,,,,,,,,,,,,,,,,,,,,,,,,,,,,,,,,,,,,,,,,,,,,,,,,,,,,,,,,,,,,,,,,,,,,,,,,,,,,,,1,EA,,,,,,,,,,,,,,,,,,,,,,,,,,,,,,,,,,,,,US,No,Yes
,,,,,,2535-20,,,,2535-20,2535-20,"2535-20 Milw 3"" Orbit Sander - M12",MILWAUKEE®,MILWAUKEE®,MILWAUKEE®,MILWAUKEE,MILWAUKEE,MILWAUKEE®,MILWAUKEE®,2535-20,,,"MILWAUKEE®, Drill Bit, 2535-20 - Commercial Grade Drill Bit",DRILL BIT,"MILWAUKEE®, 2535-20, Drill Bit",The MILWAUKEE® 2535-20 is a commercial-grade drill bit designed for professional and industrial applications.,MILWAUKEE® 2535-20 Drill Bit,The MILWAUKEE® 2535-20 is a commercial-grade drill bit designed for professional and industrial applications.,,,,,,,,,,,,,,,,,,,,,,,,,,MILWAUKEE® 2535-20 Drill Bit,Item Type,Drill Bit,,,,,,,,,,,,,,,,,,,,,,,,,,,,,,,,,,,,,,,,,,,,,,,,,,,,,,,,,,,,,,,,,,,,,,,,,,,,,,,,,,,,,,,,,,,,,,,,,,,,,,,,,,,,,,,,,,,,,,,,,,,,,,,,,,,,,,,,,,,,,,,,,,,,,,,,,,,1,EA,,,,,,,,,,,,,,,,,,,,,,,,,,,,,,,,,,,,,US,No,Yes
,,,,,,2837-20,,,,2837-20,2837-20,"2837-20 Milw M18 5"" Sander - Orbital",MILWAUKEE®,MILWAUKEE®,MILWAUKEE®,MILWAUKEE,MILWAUKEE,MILWAUKEE®,MILWAUKEE®,2837-20,,,"MILWAUKEE®, Commercial Product, 2837-20 - Commercial Grade Commercial Product",COMMERCIAL PRODUCT,"MILWAUKEE®, 2837-20, Commercial Product",The MILWAUKEE® 2837-20 is a commercial-grade commercial product designed for professional and industrial applications.,MILWAUKEE® 2837-20 Commercial Product,The MILWAUKEE® 2837-20 is a commercial-grade commercial product designed for professional and industrial applications.,,,,,,,,,,,,,,,,,,,,,,,,,,MILWAUKEE® 2837-20 Commercial Product,,,,,,,,,,,,,,,,,,,,,,,,,,,,,,,,,,,,,,,,,,,,,,,,,,,,,,,,,,,,,,,,,,,,,,,,,,,,,,,,,,,,,,,,,,,,,,,,,,,,,,,,,,,,,,,,,,,,,,,,,,,,,,,,,,,,,,,,,,,,,,,,,,,,,,,,,,,,,1,EA,,,,,,,,,,,,,,,,,,,,,,,,,,,,,,,,,,,,,US,No,Yes
,,,,,,577728,,,,577728,577728,577728 Festool Cordless Sander - ETSC 2 150 I-Plus,FESTOOL®,FESTOOL®,FESTOOL®,FESTOOL,FESTOOL,FESTOOL®,FESTOOL®,577728,,,"FESTOOL®, Commercial Product, 577728 - Commercial Grade Commercial Product",COMMERCIAL PRODUCT,"FESTOOL®, 577728, Commercial Product",The FESTOOL® 577728 is a commercial-grade commercial product designed for professional and industrial applications.,FESTOOL® 577728 Commercial Product,The FESTOOL® 577728 is a commercial-grade commercial product designed for professional and industrial applications.,,,,,,,,,,,,,,,,,,,,,,,,,,FESTOOL® 577728 Commercial Product,,,,,,,,,,,,,,,,,,,,,,,,,,,,,,,,,,,,,,,,,,,,,,,,,,,,,,,,,,,,,,,,,,,,,,,,,,,,,,,,,,,,,,,,,,,,,,,,,,,,,,,,,,,,,,,,,,,,,,,,,,,,,,,,,,,,,,,,,,,,,,,,,,,,,,,,,,,,,1,EA,,,,,,,,,,,,,,,,,,,,,,,,,,,,,,,,,,,,,US,No,Yes
,,,,,,577738,,,,577738,577738,577738 Festool Cordless Sander - ETSC 2 125 I-Plus,FESTOOL®,FESTOOL®,FESTOOL®,FESTOOL,FESTOOL,FESTOOL®,FESTOOL®,577738,,,"FESTOOL®, Cordless Sander, 577738, 18 - Commercial Grade Cordless Sander",CORDLESS SANDER 18,"FESTOOL®, 577738, Cordless Sander, 18",The FESTOOL® 577738 is a commercial-grade cordless sander designed for professional and industrial applications. Engineered with rated for 18.,FESTOOL® 577738 Cordless Sander,The FESTOOL® 577738 is a commercial-grade cordless sander designed for professional and industrial applications. Engineered with rated for 18.,Operates at standard 18,,,,,,,,,,,,,,,,,,,,,,,,,FESTOOL® 577738 Cordless Sander,Voltage,18,V,Item Type,Cordless Sander,,,,,,,,,,,,,,,,,,,,,,,,,,,,,,,,,,,,,,,,,,,,,,,,,,,,,,,,,,,,,,,,,,,,,,,,,,,,,,,,,,,,,,,,,,,,,,,,,,,,,,,,,,,,,,,,,,,,,,,,,,,,,,,,,,,,,,,,,,,,,,,,,,,,,,,,1,EA,,,,,,,,,,,,,,,,,,,,,,,,,,,,,,,,,,,,,US,No,Yes
,,,,,,KPTRS500A,,,,KPTRS500A,KPTRS500A,"KPTRS500A Kreg 20V Ionic 5"" Random Orbit Sander",KREG®,KREG®,KREG®,KREG,KREG,KREG®,KREG®,KPTRS500A,,,"KREG®, Drill Bit, KPTRS500A, 20 V - Commercial Grade Drill Bit",DRILL BIT 20 V,"KREG®, KPTRS500A, Drill Bit, 20 V",The KREG® KPTRS500A is a commercial-grade drill bit designed for professional and industrial applications. Engineered with rated for 20 V.,KREG® KPTRS500A Drill Bit,The KREG® KPTRS500A is a commercial-grade drill bit designed for professional and industrial applications. Engineered with rated for 20 V.,Operates at standard 20 V,,,,,,,,,,,,,,,,,,,,,,,,,KREG® KPTRS500A Drill Bit,Voltage,20,V,Item Type,Drill Bit,,,,,,,,,,,,,,,,,,,,,,,,,,,,,,,,,,,,,,,,,,,,,,,,,,,,,,,,,,,,,,,,,,,,,,,,,,,,,,,,,,,,,,,,,,,,,,,,,,,,,,,,,,,,,,,,,,,,,,,,,,,,,,,,,,,,,,,,,,,,,,,,,,,,,,,,1,EA,,,,,,,,,,,,,,,,,,,,,,,,,,,,,,,,,,,,,US,No,Yes
,,,,,,24-35M-320,,,,24-35M-320,24-35M-320,"24-35M-320 Iridium Grip - 3.2"" x 5.2"" Grip",MIRKA®,MIRKA®,MIRKA®,MIRKA,MIRKA,MIRKA®,MIRKA®,24-35M-320,,,"MIRKA®, Commercial Product, 24-35M-320, 3.2 in x 5.2 - Commercial Grade Commerci",COMMERCIAL PRODUCT 3.2 IN X 5.2,"MIRKA®, 24-35M-320, Commercial Product, 3.2 in x 5.2",The MIRKA® 24-35M-320 is a commercial-grade commercial product designed for professional and industrial applications. Engineered with measuring 3.2 in x 5.2. Key Specifications include ArborSize: 5.2 in.,MIRKA® 24-35M-320 Commercial Product (3.2 in x 5.2),The MIRKA® 24-35M-320 is a commercial-grade commercial product designed for professional and industrial applications. Engineered with measuring 3.2 in x 5.2. Key Specifications include ArborSize: 5.2 in.,Precision dimensions: 3.2 in x 5.2,,,,,,,,,,,,,,,,,,,,,,,,,MIRKA® 24-35M-320 Commercial Product (3.2 in x 5.2),Dimensions,3.2 in x 5.2,in,Arbor Size,5.2,in,,,,,,,,,,,,,,,,,,,,,,,,,,,,,,,,,,,,,,,,,,,,,,,,,,,,,,,,,,,,,,,,,,,,,,,,,,,,,,,,,,,,,,,,,,,,,,,,,,,,,,,,,,,,,,,,,,,,,,,,,,,,,,,,,,,,,,,,,,,,,,,,,,,,,,,1,EA,,,,,,,,,,,,,,,,,,,,,,,,,,,,,,,,,,,,,US,No,Yes
,,,,,,9A-129-120,,,,9A-129-120,9A-129-120,9A-129-120 Abranet 3x4 - 50 Sheets/Box,MIRKA®,MIRKA®,MIRKA®,MIRKA,MIRKA,MIRKA®,MIRKA®,9A-129-120,,,"MIRKA®, Abrasive Disc, 9A-129-120, 3x4 - Commercial Grade Abrasive Disc",ABRASIVE DISC 3X4,"MIRKA®, 9A-129-120, Abrasive Disc, 3x4",The MIRKA® 9A-129-120 is a commercial-grade abrasive disc designed for professional and industrial applications. Engineered with measuring 3x4. Key Specifications include Amperage: 9 A.,MIRKA® 9A-129-120 Abrasive Disc (3x4),The MIRKA® 9A-129-120 is a commercial-grade abrasive disc designed for professional and industrial applications. Engineered with measuring 3x4. Key Specifications include Amperage: 9 A.,Precision dimensions: 3x4,,,,,,,,,,,,,,,,,,,,,,,,,MIRKA® 9A-129-120 Abrasive Disc (3x4),Dimensions,3x4,in,Item Type,Abrasive Disc,,Amperage,9,A,,,,,,,,,,,,,,,,,,,,,,,,,,,,,,,,,,,,,,,,,,,,,,,,,,,,,,,,,,,,,,,,,,,,,,,,,,,,,,,,,,,,,,,,,,,,,,,,,,,,,,,,,,,,,,,,,,,,,,,,,,,,,,,,,,,,,,,,,,,,,,,,,,,,1,EA,,,,,,,,,,,,,,,,,,,,,,,,,,,,,,,,,,,,,US,No,Yes
,,,,,,578800,,,,578800,578800,578800 Festool 80x133 M GR PRO/10,FESTOOL®,FESTOOL®,FESTOOL®,FESTOOL,FESTOOL,FESTOOL®,FESTOOL®,578800,,,"FESTOOL®, Commercial Product, 578800, 80x133 - Commercial Grade Commercial Produ",COMMERCIAL PRODUCT 80X133,"FESTOOL®, 578800, Commercial Product, 80x133",The FESTOOL® 578800 is a commercial-grade commercial product designed for professional and industrial applications. Engineered with measuring 80x133. Key Specifications include ArborSize: 133.,FESTOOL® 578800 Commercial Product (80x133),The FESTOOL® 578800 is a commercial-grade commercial product designed for professional and industrial applications. Engineered with measuring 80x133. Key Specifications include ArborSize: 133.,Precision dimensions: 80x133,,,,,,,,,,,,,,,,,,,,,,,,,FESTOOL® 578800 Commercial Product (80x133),Dimensions,80x133,in,Arbor Size,133,in,,,,,,,,,,,,,,,,,,,,,,,,,,,,,,,,,,,,,,,,,,,,,,,,,,,,,,,,,,,,,,,,,,,,,,,,,,,,,,,,,,,,,,,,,,,,,,,,,,,,,,,,,,,,,,,,,,,,,,,,,,,,,,,,,,,,,,,,,,,,,,,,,,,,,,,1,EA,,,,,,,,,,,,,,,,,,,,,,,,,,,,,,,,,,,,,US,No,Yes
,,,,,,578801,,,,578801,578801,578801 Festool 80x133 F GR PRO/10,FESTOOL®,FESTOOL®,FESTOOL®,FESTOOL,FESTOOL,FESTOOL®,FESTOOL®,578801,,,"FESTOOL®, Commercial Product, 578801, 80x133 - Commercial Grade Commercial Produ",COMMERCIAL PRODUCT 80X133,"FESTOOL®, 578801, Commercial Product, 80x133",The FESTOOL® 578801 is a commercial-grade commercial product designed for professional and industrial applications. Engineered with measuring 80x133. Key Specifications include ArborSize: 133.,FESTOOL® 578801 Commercial Product (80x133),The FESTOOL® 578801 is a commercial-grade commercial product designed for professional and industrial applications. Engineered with measuring 80x133. Key Specifications include ArborSize: 133.,Precision dimensions: 80x133,,,,,,,,,,,,,,,,,,,,,,,,,FESTOOL® 578801 Commercial Product (80x133),Dimensions,80x133,in,Arbor Size,133,in,,,,,,,,,,,,,,,,,,,,,,,,,,,,,,,,,,,,,,,,,,,,,,,,,,,,,,,,,,,,,,,,,,,,,,,,,,,,,,,,,,,,,,,,,,,,,,,,,,,,,,,,,,,,,,,,,,,,,,,,,,,,,,,,,,,,,,,,,,,,,,,,,,,,,,,1,EA,,,,,,,,,,,,,,,,,,,,,,,,,,,,,,,,,,,,,US,No,Yes
,,,,,,578802,,,,578802,578802,578802 Festool 80x133 S GR PRO/10,FESTOOL®,FESTOOL®,FESTOOL®,FESTOOL,FESTOOL,FESTOOL®,FESTOOL®,578802,,,"FESTOOL®, Commercial Product, 578802, 80x133 - Commercial Grade Commercial Produ",COMMERCIAL PRODUCT 80X133,"FESTOOL®, 578802, Commercial Product, 80x133",The FESTOOL® 578802 is a commercial-grade commercial product designed for professional and industrial applications. Engineered with measuring 80x133. Key Specifications include ArborSize: 133.,FESTOOL® 578802 Commercial Product (80x133),The FESTOOL® 578802 is a commercial-grade commercial product designed for professional and industrial applications. Engineered with measuring 80x133. Key Specifications include ArborSize: 133.,Precision dimensions: 80x133,,,,,,,,,,,,,,,,,,,,,,,,,FESTOOL® 578802 Commercial Product (80x133),Dimensions,80x133,in,Arbor Size,133,in,,,,,,,,,,,,,,,,,,,,,,,,,,,,,,,,,,,,,,,,,,,,,,,,,,,,,,,,,,,,,,,,,,,,,,,,,,,,,,,,,,,,,,,,,,,,,,,,,,,,,,,,,,,,,,,,,,,,,,,,,,,,,,,,,,,,,,,,,,,,,,,,,,,,,,,1,EA,,,,,,,,,,,,,,,,,,,,,,,,,,,,,,,,,,,,,US,No,Yes
,,,,,,578808,,,,578808,578808,578808 Festool 3x4 M GR PRO/10,FESTOOL®,FESTOOL®,FESTOOL®,FESTOOL,FESTOOL,FESTOOL®,FESTOOL®,578808,,,"FESTOOL®, Commercial Product, 578808, 3x4 - Commercial Grade Commercial Product",COMMERCIAL PRODUCT 3X4,"FESTOOL®, 578808, Commercial Product, 3x4",The FESTOOL® 578808 is a commercial-grade commercial product designed for professional and industrial applications. Engineered with measuring 3x4. Key Specifications include ArborSize: 4.,FESTOOL® 578808 Commercial Product (3x4),The FESTOOL® 578808 is a commercial-grade commercial product designed for professional and industrial applications. Engineered with measuring 3x4. Key Specifications include ArborSize: 4.,Precision dimensions: 3x4,,,,,,,,,,,,,,,,,,,,,,,,,FESTOOL® 578808 Commercial Product (3x4),Dimensions,3x4,in,Arbor Size,4,in,,,,,,,,,,,,,,,,,,,,,,,,,,,,,,,,,,,,,,,,,,,,,,,,,,,,,,,,,,,,,,,,,,,,,,,,,,,,,,,,,,,,,,,,,,,,,,,,,,,,,,,,,,,,,,,,,,,,,,,,,,,,,,,,,,,,,,,,,,,,,,,,,,,,,,,1,EA,,,,,,,,,,,,,,,,,,,,,,,,,,,,,,,,,,,,,US,No,Yes
,,,,,,578809,,,,578809,578809,578809 Festool 3x4 F GR PRO/10,FESTOOL®,FESTOOL®,FESTOOL®,FESTOOL,FESTOOL,FESTOOL®,FESTOOL®,578809,,,"FESTOOL®, Commercial Product, 578809, 3x4 - Commercial Grade Commercial Product",COMMERCIAL PRODUCT 3X4,"FESTOOL®, 578809, Commercial Product, 3x4",The FESTOOL® 578809 is a commercial-grade commercial product designed for professional and industrial applications. Engineered with measuring 3x4. Key Specifications include ArborSize: 4.,FESTOOL® 578809 Commercial Product (3x4),The FESTOOL® 578809 is a commercial-grade commercial product designed for professional and industrial applications. Engineered with measuring 3x4. Key Specifications include ArborSize: 4.,Precision dimensions: 3x4,,,,,,,,,,,,,,,,,,,,,,,,,FESTOOL® 578809 Commercial Product (3x4),Dimensions,3x4,in,Arbor Size,4,in,,,,,,,,,,,,,,,,,,,,,,,,,,,,,,,,,,,,,,,,,,,,,,,,,,,,,,,,,,,,,,,,,,,,,,,,,,,,,,,,,,,,,,,,,,,,,,,,,,,,,,,,,,,,,,,,,,,,,,,,,,,,,,,,,,,,,,,,,,,,,,,,,,,,,,,1,EA,,,,,,,,,,,,,,,,,,,,,,,,,,,,,,,,,,,,,US,No,Yes
,,,,,,578810,,,,578810,578810,578810 Festool 3x4 S GR PRO/10,FESTOOL®,FESTOOL®,FESTOOL®,FESTOOL,FESTOOL,FESTOOL®,FESTOOL®,578810,,,"FESTOOL®, Commercial Product, 578810, 3x4 - Commercial Grade Commercial Product",COMMERCIAL PRODUCT 3X4,"FESTOOL®, 578810, Commercial Product, 3x4",The FESTOOL® 578810 is a commercial-grade commercial product designed for professional and industrial applications. Engineered with measuring 3x4. Key Specifications include ArborSize: 4.,FESTOOL® 578810 Commercial Product (3x4),The FESTOOL® 578810 is a commercial-grade commercial product designed for professional and industrial applications. Engineered with measuring 3x4. Key Specifications include ArborSize: 4.,Precision dimensions: 3x4,,,,,,,,,,,,,,,,,,,,,,,,,FESTOOL® 578810 Commercial Product (3x4),Dimensions,3x4,in,Arbor Size,4,in,,,,,,,,,,,,,,,,,,,,,,,,,,,,,,,,,,,,,,,,,,,,,,,,,,,,,,,,,,,,,,,,,,,,,,,,,,,,,,,,,,,,,,,,,,,,,,,,,,,,,,,,,,,,,,,,,,,,,,,,,,,,,,,,,,,,,,,,,,,,,,,,,,,,,,,1,EA,,,,,,,,,,,,,,,,,,,,,,,,,,,,,,,,,,,,,US,No,Yes
,,,,,,578811,,,,578811,578811,578811 Festool 3x4 GR PRO/10-Set,FESTOOL®,FESTOOL®,FESTOOL®,FESTOOL,FESTOOL,FESTOOL®,FESTOOL®,578811,,,"FESTOOL®, Commercial Product, 578811, 3x4 - Commercial Grade Commercial Product",COMMERCIAL PRODUCT 3X4,"FESTOOL®, 578811, Commercial Product, 3x4",The FESTOOL® 578811 is a commercial-grade commercial product designed for professional and industrial applications. Engineered with measuring 3x4. Key Specifications include ArborSize: 4.,FESTOOL® 578811 Commercial Product (3x4),The FESTOOL® 578811 is a commercial-grade commercial product designed for professional and industrial applications. Engineered with measuring 3x4. Key Specifications include ArborSize: 4.,Precision dimensions: 3x4,,,,,,,,,,,,,,,,,,,,,,,,,FESTOOL® 578811 Commercial Product (3x4),Dimensions,3x4,in,Arbor Size,4,in,,,,,,,,,,,,,,,,,,,,,,,,,,,,,,,,,,,,,,,,,,,,,,,,,,,,,,,,,,,,,,,,,,,,,,,,,,,,,,,,,,,,,,,,,,,,,,,,,,,,,,,,,,,,,,,,,,,,,,,,,,,,,,,,,,,,,,,,,,,,,,,,,,,,,,,1,EA,,,,,,,,,,,,,,,,,,,,,,,,,,,,,,,,,,,,,US,No,Yes
,,,,,,578192,,,,578192,578192,578192 Festool D 150 GR SYS - Systainer Abrasive Set,FESTOOL®,FESTOOL®,FESTOOL®,FESTOOL,FESTOOL,FESTOOL®,FESTOOL®,578192,,,"FESTOOL®, Commercial Product, 578192 - Commercial Grade Commercial Product",COMMERCIAL PRODUCT,"FESTOOL®, 578192, Commercial Product",The FESTOOL® 578192 is a commercial-grade commercial product designed for professional and industrial applications.,FESTOOL® 578192 Commercial Product,The FESTOOL® 578192 is a commercial-grade commercial product designed for professional and industrial applications.,,,,,,,,,,,,,,,,,,,,,,,,,,FESTOOL® 578192 Commercial Product,,,,,,,,,,,,,,,,,,,,,,,,,,,,,,,,,,,,,,,,,,,,,,,,,,,,,,,,,,,,,,,,,,,,,,,,,,,,,,,,,,,,,,,,,,,,,,,,,,,,,,,,,,,,,,,,,,,,,,,,,,,,,,,,,,,,,,,,,,,,,,,,,,,,,,,,,,,,,1,EA,,,,,,,,,,,,,,,,,,,,,,,,,,,,,,,,,,,,,US,No,Yes
,,,,,,578806,,,,578806,578806,578806 Festool Delta S GR PRO/10,FESTOOL®,FESTOOL®,FESTOOL®,FESTOOL,FESTOOL,FESTOOL®,FESTOOL®,578806,,,"FESTOOL®, Commercial Product, 578806 - Commercial Grade Commercial Product",COMMERCIAL PRODUCT,"FESTOOL®, 578806, Commercial Product",The FESTOOL® 578806 is a commercial-grade commercial product designed for professional and industrial applications.,FESTOOL® 578806 Commercial Product,The FESTOOL® 578806 is a commercial-grade commercial product designed for professional and industrial applications.,,,,,,,,,,,,,,,,,,,,,,,,,,FESTOOL® 578806 Commercial Product,,,,,,,,,,,,,,,,,,,,,,,,,,,,,,,,,,,,,,,,,,,,,,,,,,,,,,,,,,,,,,,,,,,,,,,,,,,,,,,,,,,,,,,,,,,,,,,,,,,,,,,,,,,,,,,,,,,,,,,,,,,,,,,,,,,,,,,,,,,,,,,,,,,,,,,,,,,,,1,EA,,,,,,,,,,,,,,,,,,,,,,,,,,,,,,,,,,,,,US,No,Yes
,,,,,,D0860X,,,,D0860X,D0860X,"D0860X Diablo 8-1/4"" 60 Tooth - Fine Finish Saw Blade",FREUD®,FREUD®,FREUD®,FREUD,FREUD,FREUD®,FREUD®,D0860X,,,"FREUD®, Saw Blade, D0860X - Commercial Grade Saw Blade",SAW BLADE,"FREUD®, D0860X, Saw Blade",The FREUD® D0860X is a commercial-grade saw blade designed for professional and industrial applications.,FREUD® D0860X Saw Blade,The FREUD® D0860X is a commercial-grade saw blade designed for professional and industrial applications.,,,,,,,,,,,,,,,,,,,,,,,,,,FREUD® D0860X Saw Blade,Item Type,Saw Blade,,,,,,,,,,,,,,,,,,,,,,,,,,,,,,,,,,,,,,,,,,,,,,,,,,,,,,,,,,,,,,,,,,,,,,,,,,,,,,,,,,,,,,,,,,,,,,,,,,,,,,,,,,,,,,,,,,,,,,,,,,,,,,,,,,,,,,,,,,,,,,,,,,,,,,,,,,,1,EA,,,,,,,,,,,,,,,,,,,,,,,,,,,,,,,,,,,,,US,No,Yes
,,,,,,48-40-0740,,,,48-40-0740,48-40-0740,48-40-0740 Milw 7-1/4in. 24T - Framing Circ Saw Blade,MILWAUKEE®,MILWAUKEE®,MILWAUKEE®,MILWAUKEE,MILWAUKEE,MILWAUKEE®,MILWAUKEE®,48-40-0740,,,"MILWAUKEE®, Saw Blade, 48-40-0740, 1/4 in - Commercial Grade Saw Blade",SAW BLADE 1/4 IN,"MILWAUKEE®, 48-40-0740, Saw Blade, 1/4 in",The MILWAUKEE® 48-40-0740 is a commercial-grade saw blade designed for professional and industrial applications. Engineered with measuring 1/4 in.,MILWAUKEE® 48-40-0740 Saw Blade (1/4 in),The MILWAUKEE® 48-40-0740 is a commercial-grade saw blade designed for professional and industrial applications. Engineered with measuring 1/4 in.,Precision dimensions: 1/4 in,,,,,,,,,,,,,,,,,,,,,,,,,MILWAUKEE® 48-40-0740 Saw Blade (1/4 in),Dimensions,1/4,in,Item Type,Saw Blade,,,,,,,,,,,,,,,,,,,,,,,,,,,,,,,,,,,,,,,,,,,,,,,,,,,,,,,,,,,,,,,,,,,,,,,,,,,,,,,,,,,,,,,,,,,,,,,,,,,,,,,,,,,,,,,,,,,,,,,,,,,,,,,,,,,,,,,,,,,,,,,,,,,,,,,,1,EA,,,,,,,,,,,,,,,,,,,,,,,,,,,,,,,,,,,,,US,No,Yes
,,,,,,48-41-0740,,,,48-41-0740,48-41-0740,48-41-0740 Milw7-1/4 24TFrming - Blade,MILWAUKEE®,MILWAUKEE®,MILWAUKEE®,MILWAUKEE,MILWAUKEE,MILWAUKEE®,MILWAUKEE®,48-41-0740,,,"MILWAUKEE®, Saw Blade, 48-41-0740 - Commercial Grade Saw Blade",SAW BLADE,"MILWAUKEE®, 48-41-0740, Saw Blade",The MILWAUKEE® 48-41-0740 is a commercial-grade saw blade designed for professional and industrial applications.,MILWAUKEE® 48-41-0740 Saw Blade,The MILWAUKEE® 48-41-0740 is a commercial-grade saw blade designed for professional and industrial applications.,,,,,,,,,,,,,,,,,,,,,,,,,,MILWAUKEE® 48-41-0740 Saw Blade,Item Type,Saw Blade,,,,,,,,,,,,,,,,,,,,,,,,,,,,,,,,,,,,,,,,,,,,,,,,,,,,,,,,,,,,,,,,,,,,,,,,,,,,,,,,,,,,,,,,,,,,,,,,,,,,,,,,,,,,,,,,,,,,,,,,,,,,,,,,,,,,,,,,,,,,,,,,,,,,,,,,,,,1,EA,,,,,,,,,,,,,,,,,,,,,,,,,,,,,,,,,,,,,US,No,Yes
,,,,,,A-96095,,,,A-96095,A-96095,"A-96095 Makita 5-7/8"" 32T Saw Blade",MAKITA®,MAKITA®,MAKITA®,MAKITA,MAKITA,MAKITA®,MAKITA®,A-96095,,,"MAKITA®, Saw Blade, A-96095 - Commercial Grade Saw Blade",SAW BLADE,"MAKITA®, A-96095, Saw Blade",The MAKITA® A-96095 is a commercial-grade saw blade designed for professional and industrial applications.,MAKITA® A-96095 Saw Blade,The MAKITA® A-96095 is a commercial-grade saw blade designed for professional and industrial applications.,,,,,,,,,,,,,,,,,,,,,,,,,,MAKITA® A-96095 Saw Blade,Item Type,Saw Blade,,,,,,,,,,,,,,,,,,,,,,,,,,,,,,,,,,,,,,,,,,,,,,,,,,,,,,,,,,,,,,,,,,,,,,,,,,,,,,,,,,,,,,,,,,,,,,,,,,,,,,,,,,,,,,,,,,,,,,,,,,,,,,,,,,,,,,,,,,,,,,,,,,,,,,,,,,,1,EA,,,,,,,,,,,,,,,,,,,,,,,,,,,,,,,,,,,,,US,No,Yes
,,,,,,D0760UX,,,,D0760UX,D0760UX,"D0760UX Diablo 7-1/4"" 60T Circ - Saw Blade",FREUD®,FREUD®,FREUD®,FREUD,FREUD,FREUD®,FREUD®,D0760UX,,,"FREUD®, Saw Blade, D0760UX - Commercial Grade Saw Blade",SAW BLADE,"FREUD®, D0760UX, Saw Blade",The FREUD® D0760UX is a commercial-grade saw blade designed for professional and industrial applications.,FREUD® D0760UX Saw Blade,The FREUD® D0760UX is a commercial-grade saw blade designed for professional and industrial applications.,,,,,,,,,,,,,,,,,,,,,,,,,,FREUD® D0760UX Saw Blade,Item Type,Saw Blade,,,,,,,,,,,,,,,,,,,,,,,,,,,,,,,,,,,,,,,,,,,,,,,,,,,,,,,,,,,,,,,,,,,,,,,,,,,,,,,,,,,,,,,,,,,,,,,,,,,,,,,,,,,,,,,,,,,,,,,,,,,,,,,,,,,,,,,,,,,,,,,,,,,,,,,,,,,1,EA,,,,,,,,,,,,,,,,,,,,,,,,,,,,,,,,,,,,,US,No,Yes
,,,,,,230.312.08,,,,230.312.08,230.312.08,230.312.08 CMT Locked Dado Pro Set,CMT USA Inc,CMT USA Inc,CMT USA Inc,CMT USA Inc,CMT USA Inc,CMT USA Inc,CMT USA Inc,230.312.08,,,"CMT USA Inc, Commercial Product, 230.312.08 - Commercial Grade Commercial Produc",COMMERCIAL PRODUCT,"CMT USA Inc, 230.312.08, Commercial Product",The CMT USA Inc 230.312.08 is a commercial-grade commercial product designed for professional and industrial applications.,CMT USA Inc 230.312.08 Commercial Product,The CMT USA Inc 230.312.08 is a commercial-grade commercial product designed for professional and industrial applications.,,,,,,,,,,,,,,,,,,,,,,,,,,CMT USA Inc 230.312.08 Commercial Product,,,,,,,,,,,,,,,,,,,,,,,,,,,,,,,,,,,,,,,,,,,,,,,,,,,,,,,,,,,,,,,,,,,,,,,,,,,,,,,,,,,,,,,,,,,,,,,,,,,,,,,,,,,,,,,,,,,,,,,,,,,,,,,,,,,,,,,,,,,,,,,,,,,,,,,,,,,,,1,EA,,,,,,,,,,,,,,,,,,,,,,,,,,,,,,,,,,,,,US,No,Yes
,,,,,,D0708LF,,,,D0708LF,D0708LF,"D0708LF Saw Blade 7-1/4""x8 - Laminate & Wood Flooring",FREUD®,FREUD®,FREUD®,FREUD,FREUD,FREUD®,FREUD®,D0708LF,,,"FREUD®, Saw Blade, D0708LF, 1/4 inx8 - Commercial Grade Saw Blade",SAW BLADE 1/4 INX8,"FREUD®, D0708LF, Saw Blade, 1/4 inx8",The FREUD® D0708LF is a commercial-grade saw blade designed for professional and industrial applications. Engineered with measuring 1/4 inx8.,FREUD® D0708LF Saw Blade (1/4 inx8),The FREUD® D0708LF is a commercial-grade saw blade designed for professional and industrial applications. Engineered with measuring 1/4 inx8.,Precision dimensions: 1/4 inx8,,,,,,,,,,,,,,,,,,,,,,,,,FREUD® D0708LF Saw Blade (1/4 inx8),Dimensions,1/4 inx8,in,Item Type,Saw Blade,,,,,,,,,,,,,,,,,,,,,,,,,,,,,,,,,,,,,,,,,,,,,,,,,,,,,,,,,,,,,,,,,,,,,,,,,,,,,,,,,,,,,,,,,,,,,,,,,,,,,,,,,,,,,,,,,,,,,,,,,,,,,,,,,,,,,,,,,,,,,,,,,,,,,,,,1,EA,,,,,,,,,,,,,,,,,,,,,,,,,,,,,,,,,,,,,US,No,Yes
,,,,,,D1012LF,,,,D1012LF,D1012LF,"D1012LF Saw Blade 10""x12Teeth - Laminate & Wood Flooring",FREUD®,FREUD®,FREUD®,FREUD,FREUD,FREUD®,FREUD®,D1012LF,,,"FREUD®, Saw Blade, D1012LF, 10 in - Commercial Grade Saw Blade",SAW BLADE 10 IN,"FREUD®, D1012LF, Saw Blade, 10 in",The FREUD® D1012LF is a commercial-grade saw blade designed for professional and industrial applications. Engineered with measuring 10 in.,FREUD® D1012LF Saw Blade (10 in),The FREUD® D1012LF is a commercial-grade saw blade designed for professional and industrial applications. Engineered with measuring 10 in.,Precision dimensions: 10 in,,,,,,,,,,,,,,,,,,,,,,,,,FREUD® D1012LF Saw Blade (10 in),Dimensions,10,in,Item Type,Saw Blade,,,,,,,,,,,,,,,,,,,,,,,,,,,,,,,,,,,,,,,,,,,,,,,,,,,,,,,,,,,,,,,,,,,,,,,,,,,,,,,,,,,,,,,,,,,,,,,,,,,,,,,,,,,,,,,,,,,,,,,,,,,,,,,,,,,,,,,,,,,,,,,,,,,,,,,,1,EA,,,,,,,,,,,,,,,,,,,,,,,,,,,,,,,,,,,,,US,No,Yes
,,,,,,D1216LF,,,,D1216LF,D1216LF,"D1216LF Saw Blade 12""x16Teeth - Laminate & Wood Flooring",FREUD®,FREUD®,FREUD®,FREUD,FREUD,FREUD®,FREUD®,D1216LF,,,"FREUD®, Saw Blade, D1216LF, 12 in - Commercial Grade Saw Blade",SAW BLADE 12 IN,"FREUD®, D1216LF, Saw Blade, 12 in",The FREUD® D1216LF is a commercial-grade saw blade designed for professional and industrial applications. Engineered with measuring 12 in.,FREUD® D1216LF Saw Blade (12 in),The FREUD® D1216LF is a commercial-grade saw blade designed for professional and industrial applications. Engineered with measuring 12 in.,Precision dimensions: 12 in,,,,,,,,,,,,,,,,,,,,,,,,,FREUD® D1216LF Saw Blade (12 in),Dimensions,12,in,Item Type,Saw Blade,,,,,,,,,,,,,,,,,,,,,,,,,,,,,,,,,,,,,,,,,,,,,,,,,,,,,,,,,,,,,,,,,,,,,,,,,,,,,,,,,,,,,,,,,,,,,,,,,,,,,,,,,,,,,,,,,,,,,,,,,,,,,,,,,,,,,,,,,,,,,,,,,,,,,,,,1,EA,,,,,,,,,,,,,,,,,,,,,,,,,,,,,,,,,,,,,US,No,Yes
,,,,,,DWA47421,,,,DWA47421,DWA47421,"DWA47421 Dewalt 14"" Segmented - Rim Diamond Blade",DEWALT®,DEWALT®,DEWALT®,DEWALT,DEWALT,DEWALT®,DEWALT®,DWA47421,,,"DEWALT®, Saw Blade, DWA47421 - Commercial Grade Saw Blade",SAW BLADE,"DEWALT®, DWA47421, Saw Blade",The DEWALT® DWA47421 is a commercial-grade saw blade designed for professional and industrial applications.,DEWALT® DWA47421 Saw Blade,The DEWALT® DWA47421 is a commercial-grade saw blade designed for professional and industrial applications.,,,,,,,,,,,,,,,,,,,,,,,,,,DEWALT® DWA47421 Saw Blade,Item Type,Saw Blade,,,,,,,,,,,,,,,,,,,,,,,,,,,,,,,,,,,,,,,,,,,,,,,,,,,,,,,,,,,,,,,,,,,,,,,,,,,,,,,,,,,,,,,,,,,,,,,,,,,,,,,,,,,,,,,,,,,,,,,,,,,,,,,,,,,,,,,,,,,,,,,,,,,,,,,,,,,1,EA,,,,,,,,,,,,,,,,,,,,,,,,,,,,,,,,,,,,,US,No,Yes
,,,,,,DWA4769,,,,DWA4769,DWA4769,"DWA4769 Dewalt Rim Glass Tile - Blade 10""",DEWALT®,DEWALT®,DEWALT®,DEWALT,DEWALT,DEWALT®,DEWALT®,DWA4769,,,"DEWALT®, Saw Blade, DWA4769 - Commercial Grade Saw Blade",SAW BLADE,"DEWALT®, DWA4769, Saw Blade",The DEWALT® DWA4769 is a commercial-grade saw blade designed for professional and industrial applications.,DEWALT® DWA4769 Saw Blade,The DEWALT® DWA4769 is a commercial-grade saw blade designed for professional and industrial applications.,,,,,,,,,,,,,,,,,,,,,,,,,,DEWALT® DWA4769 Saw Blade,Item Type,Saw Blade,,,,,,,,,,,,,,,,,,,,,,,,,,,,,,,,,,,,,,,,,,,,,,,,,,,,,,,,,,,,,,,,,,,,,,,,,,,,,,,,,,,,,,,,,,,,,,,,,,,,,,,,,,,,,,,,,,,,,,,,,,,,,,,,,,,,,,,,,,,,,,,,,,,,,,,,,,,1,EA,,,,,,,,,,,,,,,,,,,,,,,,,,,,,,,,,,,,,US,No,Yes
,,,,,,49-93-9204,,,,49-93-9204,49-93-9204,"49-93-9204 Milw 4-1/2"" Diamond - Tile Blade",MILWAUKEE®,MILWAUKEE®,MILWAUKEE®,MILWAUKEE,MILWAUKEE,MILWAUKEE®,MILWAUKEE®,49-93-9204,,,"MILWAUKEE®, Saw Blade, 49-93-9204 - Commercial Grade Saw Blade",SAW BLADE,"MILWAUKEE®, 49-93-9204, Saw Blade",The MILWAUKEE® 49-93-9204 is a commercial-grade saw blade designed for professional and industrial applications.,MILWAUKEE® 49-93-9204 Saw Blade,The MILWAUKEE® 49-93-9204 is a commercial-grade saw blade designed for professional and industrial applications.,,,,,,,,,,,,,,,,,,,,,,,,,,MILWAUKEE® 49-93-9204 Saw Blade,Item Type,Saw Blade,,,,,,,,,,,,,,,,,,,,,,,,,,,,,,,,,,,,,,,,,,,,,,,,,,,,,,,,,,,,,,,,,,,,,,,,,,,,,,,,,,,,,,,,,,,,,,,,,,,,,,,,,,,,,,,,,,,,,,,,,,,,,,,,,,,,,,,,,,,,,,,,,,,,,,,,,,,1,EA,,,,,,,,,,,,,,,,,,,,,,,,,,,,,,,,,,,,,US,No,Yes
,,,,,,49-93-9207,,,,49-93-9207,49-93-9207,"49-93-9207 Milw 7"" Diamond - Tile Blade",MILWAUKEE®,MILWAUKEE®,MILWAUKEE®,MILWAUKEE,MILWAUKEE,MILWAUKEE®,MILWAUKEE®,49-93-9207,,,"MILWAUKEE®, Saw Blade, 49-93-9207 - Commercial Grade Saw Blade",SAW BLADE,"MILWAUKEE®, 49-93-9207, Saw Blade",The MILWAUKEE® 49-93-9207 is a commercial-grade saw blade designed for professional and industrial applications.,MILWAUKEE® 49-93-9207 Saw Blade,The MILWAUKEE® 49-93-9207 is a commercial-grade saw blade designed for professional and industrial applications.,,,,,,,,,,,,,,,,,,,,,,,,,,MILWAUKEE® 49-93-9207 Saw Blade,Item Type,Saw Blade,,,,,,,,,,,,,,,,,,,,,,,,,,,,,,,,,,,,,,,,,,,,,,,,,,,,,,,,,,,,,,,,,,,,,,,,,,,,,,,,,,,,,,,,,,,,,,,,,,,,,,,,,,,,,,,,,,,,,,,,,,,,,,,,,,,,,,,,,,,,,,,,,,,,,,,,,,,1,EA,,,,,,,,,,,,,,,,,,,,,,,,,,,,,,,,,,,,,US,No,Yes
,,,,,,49-93-9210,,,,49-93-9210,49-93-9210,"49-93-9210 Milw 10"" Diamond - Tile Blade",MILWAUKEE®,MILWAUKEE®,MILWAUKEE®,MILWAUKEE,MILWAUKEE,MILWAUKEE®,MILWAUKEE®,49-93-9210,,,"MILWAUKEE®, Saw Blade, 49-93-9210 - Commercial Grade Saw Blade",SAW BLADE,"MILWAUKEE®, 49-93-9210, Saw Blade",The MILWAUKEE® 49-93-9210 is a commercial-grade saw blade designed for professional and industrial applications.,MILWAUKEE® 49-93-9210 Saw Blade,The MILWAUKEE® 49-93-9210 is a commercial-grade saw blade designed for professional and industrial applications.,,,,,,,,,,,,,,,,,,,,,,,,,,MILWAUKEE® 49-93-9210 Saw Blade,Item Type,Saw Blade,,,,,,,,,,,,,,,,,,,,,,,,,,,,,,,,,,,,,,,,,,,,,,,,,,,,,,,,,,,,,,,,,,,,,,,,,,,,,,,,,,,,,,,,,,,,,,,,,,,,,,,,,,,,,,,,,,,,,,,,,,,,,,,,,,,,,,,,,,,,,,,,,,,,,,,,,,,1,EA,,,,,,,,,,,,,,,,,,,,,,,,,,,,,,,,,,,,,US,No,Yes
,,,,,,49-93-9202,,,,49-93-9202,49-93-9202,"49-93-9202 Milw 4"" Diamond - Tile Blade",MILWAUKEE®,MILWAUKEE®,MILWAUKEE®,MILWAUKEE,MILWAUKEE,MILWAUKEE®,MILWAUKEE®,49-93-9202,,,"MILWAUKEE®, Saw Blade, 49-93-9202 - Commercial Grade Saw Blade",SAW BLADE,"MILWAUKEE®, 49-93-9202, Saw Blade",The MILWAUKEE® 49-93-9202 is a commercial-grade saw blade designed for professional and industrial applications.,MILWAUKEE® 49-93-9202 Saw Blade,The MILWAUKEE® 49-93-9202 is a commercial-grade saw blade designed for professional and industrial applications.,,,,,,,,,,,,,,,,,,,,,,,,,,MILWAUKEE® 49-93-9202 Saw Blade,Item Type,Saw Blade,,,,,,,,,,,,,,,,,,,,,,,,,,,,,,,,,,,,,,,,,,,,,,,,,,,,,,,,,,,,,,,,,,,,,,,,,,,,,,,,,,,,,,,,,,,,,,,,,,,,,,,,,,,,,,,,,,,,,,,,,,,,,,,,,,,,,,,,,,,,,,,,,,,,,,,,,,,1,EA,,,,,,,,,,,,,,,,,,,,,,,,,,,,,,,,,,,,,US,No,Yes
,,,,,,49-93-9205,,,,49-93-9205,49-93-9205,"49-93-9205 Milw 5"" Diamond - Tile Blade",MILWAUKEE®,MILWAUKEE®,MILWAUKEE®,MILWAUKEE,MILWAUKEE,MILWAUKEE®,MILWAUKEE®,49-93-9205,,,"MILWAUKEE®, Saw Blade, 49-93-9205 - Commercial Grade Saw Blade",SAW BLADE,"MILWAUKEE®, 49-93-9205, Saw Blade",The MILWAUKEE® 49-93-9205 is a commercial-grade saw blade designed for professional and industrial applications.,MILWAUKEE® 49-93-9205 Saw Blade,The MILWAUKEE® 49-93-9205 is a commercial-grade saw blade designed for professional and industrial applications.,,,,,,,,,,,,,,,,,,,,,,,,,,MILWAUKEE® 49-93-9205 Saw Blade,Item Type,Saw Blade,,,,,,,,,,,,,,,,,,,,,,,,,,,,,,,,,,,,,,,,,,,,,,,,,,,,,,,,,,,,,,,,,,,,,,,,,,,,,,,,,,,,,,,,,,,,,,,,,,,,,,,,,,,,,,,,,,,,,,,,,,,,,,,,,,,,,,,,,,,,,,,,,,,,,,,,,,,1,EA,,,,,,,,,,,,,,,,,,,,,,,,,,,,,,,,,,,,,US,No,Yes
,,,,,,49-22-4702,,,,49-22-4702,49-22-4702,49-22-4702 Milw 13pc Quik-Lock Hole Dozer Kit,MILWAUKEE®,MILWAUKEE®,MILWAUKEE®,MILWAUKEE,MILWAUKEE,MILWAUKEE®,MILWAUKEE®,49-22-4702,,,"MILWAUKEE®, Commercial Product, 49-22-4702 - Commercial Grade Commercial Product",COMMERCIAL PRODUCT,"MILWAUKEE®, 49-22-4702, Commercial Product",The MILWAUKEE® 49-22-4702 is a commercial-grade commercial product designed for professional and industrial applications. Key Specifications include PackQuantity: 13 PK.,MILWAUKEE® 49-22-4702 Commercial Product,The MILWAUKEE® 49-22-4702 is a commercial-grade commercial product designed for professional and industrial applications. Key Specifications include PackQuantity: 13 PK.,,,,,,,,,,,,,,,,,,,,,,,,,,MILWAUKEE® 49-22-4702 Commercial Product,PackQuantity,13 PK,,,,,,,,,,,,,,,,,,,,,,,,,,,,,,,,,,,,,,,,,,,,,,,,,,,,,,,,,,,,,,,,,,,,,,,,,,,,,,,,,,,,,,,,,,,,,,,,,,,,,,,,,,,,,,,,,,,,,,,,,,,,,,,,,,,,,,,,,,,,,,,,,,,,,,,,,,,1,EA,,,,,,,,,,,,,,,,,,,,,,,,,,,,,,,,,,,,,US,No,Yes
,,,,,,DJT155HHM,,,,DJT155HHM,DJT155HHM,"DJT155HHM Diablo 3-3/5"" 10 TPI - Jig Saw Blade",FREUD®,FREUD®,FREUD®,FREUD,FREUD,FREUD®,FREUD®,DJT155HHM,,,"FREUD®, Saw Blade, DJT155HHM - Commercial Grade Saw Blade",SAW BLADE,"FREUD®, DJT155HHM, Saw Blade",The FREUD® DJT155HHM is a commercial-grade saw blade designed for professional and industrial applications.,FREUD® DJT155HHM Saw Blade,The FREUD® DJT155HHM is a commercial-grade saw blade designed for professional and industrial applications.,,,,,,,,,,,,,,,,,,,,,,,,,,FREUD® DJT155HHM Saw Blade,Item Type,Saw Blade,,,,,,,,,,,,,,,,,,,,,,,,,,,,,,,,,,,,,,,,,,,,,,,,,,,,,,,,,,,,,,,,,,,,,,,,,,,,,,,,,,,,,,,,,,,,,,,,,,,,,,,,,,,,,,,,,,,,,,,,,,,,,,,,,,,,,,,,,,,,,,,,,,,,,,,,,,,1,EA,,,,,,,,,,,,,,,,,,,,,,,,,,,,,,,,,,,,,US,No,Yes
,,,,,,790.82,,,,790.82,790.82,790.820 CMT Planer Blade 2pc,CMT USA Inc,CMT USA Inc,CMT USA Inc,CMT USA Inc,CMT USA Inc,CMT USA Inc,CMT USA Inc,790.82,,,"CMT USA Inc, Saw Blade, 790.82 - Commercial Grade Saw Blade",SAW BLADE 2 PK,"CMT USA Inc, 790.82, Saw Blade",The CMT USA Inc 790.82 is a commercial-grade saw blade designed for professional and industrial applications. Key Specifications include PackQuantity: 2 PK.,CMT USA Inc 790.82 Saw Blade,The CMT USA Inc 790.82 is a commercial-grade saw blade designed for professional and industrial applications. Key Specifications include PackQuantity: 2 PK.,,,,,,,,,,,,,,,,,,,,,,,,,,CMT USA Inc 790.82 Saw Blade,Item Type,Saw Blade,,PackQuantity,2 PK,,,,,,,,,,,,,,,,,,,,,,,,,,,,,,,,,,,,,,,,,,,,,,,,,,,,,,,,,,,,,,,,,,,,,,,,,,,,,,,,,,,,,,,,,,,,,,,,,,,,,,,,,,,,,,,,,,,,,,,,,,,,,,,,,,,,,,,,,,,,,,,,,,,,,,,,1,EA,,,,,,,,,,,,,,,,,,,,,,,,,,,,,,,,,,,,,US,No,Yes
,,,,,,794.321,,,,794.321,794.321,794.321 HS Planer Knives 3pc,CMT USA Inc,CMT USA Inc,CMT USA Inc,CMT USA Inc,CMT USA Inc,CMT USA Inc,CMT USA Inc,794.321,,,"CMT USA Inc, Commercial Product, 794.321 - Commercial Grade Commercial Product",COMMERCIAL PRODUCT,"CMT USA Inc, 794.321, Commercial Product",The CMT USA Inc 794.321 is a commercial-grade commercial product designed for professional and industrial applications. Key Specifications include PackQuantity: 3 PK.,CMT USA Inc 794.321 Commercial Product,The CMT USA Inc 794.321 is a commercial-grade commercial product designed for professional and industrial applications. Key Specifications include PackQuantity: 3 PK.,,,,,,,,,,,,,,,,,,,,,,,,,,CMT USA Inc 794.321 Commercial Product,PackQuantity,3 PK,,,,,,,,,,,,,,,,,,,,,,,,,,,,,,,,,,,,,,,,,,,,,,,,,,,,,,,,,,,,,,,,,,,,,,,,,,,,,,,,,,,,,,,,,,,,,,,,,,,,,,,,,,,,,,,,,,,,,,,,,,,,,,,,,,,,,,,,,,,,,,,,,,,,,,,,,,,1,EA,,,,,,,,,,,,,,,,,,,,,,,,,,,,,,,,,,,,,US,No,Yes
,,,,,,49-22-5641,,,,49-22-5641,49-22-5641,49-22-5641 Milw Packout 15pc - Sawzall Blade Kit,MILWAUKEE®,MILWAUKEE®,MILWAUKEE®,MILWAUKEE,MILWAUKEE,MILWAUKEE®,MILWAUKEE®,49-22-5641,,,"MILWAUKEE®, Saw Blade, 49-22-5641 - Commercial Grade Saw Blade",SAW BLADE 15 PK,"MILWAUKEE®, 49-22-5641, Saw Blade",The MILWAUKEE® 49-22-5641 is a commercial-grade saw blade designed for professional and industrial applications. Key Specifications include PackQuantity: 15 PK.,MILWAUKEE® 49-22-5641 Saw Blade,The MILWAUKEE® 49-22-5641 is a commercial-grade saw blade designed for professional and industrial applications. Key Specifications include PackQuantity: 15 PK.,,,,,,,,,,,,,,,,,,,,,,,,,,MILWAUKEE® 49-22-5641 Saw Blade,Item Type,Saw Blade,,PackQuantity,15 PK,,,,,,,,,,,,,,,,,,,,,,,,,,,,,,,,,,,,,,,,,,,,,,,,,,,,,,,,,,,,,,,,,,,,,,,,,,,,,,,,,,,,,,,,,,,,,,,,,,,,,,,,,,,,,,,,,,,,,,,,,,,,,,,,,,,,,,,,,,,,,,,,,,,,,,,,1,EA,,,,,,,,,,,,,,,,,,,,,,,,,,,,,,,,,,,,,US,No,Yes
,,,,,,D0604TSH,,,,D0604TSH,D0604TSH,"D0604TSH Diablo 6-1/2"" 4-Tooth - Cement Track Saw Blade",FREUD®,FREUD®,FREUD®,FREUD,FREUD,FREUD®,FREUD®,D0604TSH,,,"FREUD®, Saw Blade, D0604TSH - Commercial Grade Saw Blade",SAW BLADE,"FREUD®, D0604TSH, Saw Blade",The FREUD® D0604TSH is a commercial-grade saw blade designed for professional and industrial applications.,FREUD® D0604TSH Saw Blade,The FREUD® D0604TSH is a commercial-grade saw blade designed for professional and industrial applications.,,,,,,,,,,,,,,,,,,,,,,,,,,FREUD® D0604TSH Saw Blade,Item Type,Saw Blade,,,,,,,,,,,,,,,,,,,,,,,,,,,,,,,,,,,,,,,,,,,,,,,,,,,,,,,,,,,,,,,,,,,,,,,,,,,,,,,,,,,,,,,,,,,,,,,,,,,,,,,,,,,,,,,,,,,,,,,,,,,,,,,,,,,,,,,,,,,,,,,,,,,,,,,,,,,1,EA,,,,,,,,,,,,,,,,,,,,,,,,,,,,,,,,,,,,,US,No,Yes
,,,,,,D0620TSR,,,,D0620TSR,D0620TSR,"D0620TSR Diablo 6-1/2""20 Tooth - Framing Saw Blade",FREUD®,FREUD®,FREUD®,FREUD,FREUD,FREUD®,FREUD®,D0620TSR,,,"FREUD®, Saw Blade, D0620TSR, 1/2 in - Commercial Grade Saw Blade",SAW BLADE 1/2 IN,"FREUD®, D0620TSR, Saw Blade, 1/2 in",The FREUD® D0620TSR is a commercial-grade saw blade designed for professional and industrial applications. Engineered with measuring 1/2 in.,FREUD® D0620TSR Saw Blade (1/2 in),The FREUD® D0620TSR is a commercial-grade saw blade designed for professional and industrial applications. Engineered with measuring 1/2 in.,Precision dimensions: 1/2 in,,,,,,,,,,,,,,,,,,,,,,,,,FREUD® D0620TSR Saw Blade (1/2 in),Dimensions,1/2,in,Item Type,Saw Blade,,,,,,,,,,,,,,,,,,,,,,,,,,,,,,,,,,,,,,,,,,,,,,,,,,,,,,,,,,,,,,,,,,,,,,,,,,,,,,,,,,,,,,,,,,,,,,,,,,,,,,,,,,,,,,,,,,,,,,,,,,,,,,,,,,,,,,,,,,,,,,,,,,,,,,,,1,EA,,,,,,,,,,,,,,,,,,,,,,,,,,,,,,,,,,,,,US,No,Yes
,,,,,,D0648TSF,,,,D0648TSF,D0648TSF,"D0648TSF Diablo 6-1/2""48 Tooth - Plywood Track Saw Blade",FREUD®,FREUD®,FREUD®,FREUD,FREUD,FREUD®,FREUD®,D0648TSF,,,"FREUD®, Saw Blade, D0648TSF, 1/2 in - Commercial Grade Saw Blade",SAW BLADE 1/2 IN,"FREUD®, D0648TSF, Saw Blade, 1/2 in",The FREUD® D0648TSF is a commercial-grade saw blade designed for professional and industrial applications. Engineered with measuring 1/2 in.,FREUD® D0648TSF Saw Blade (1/2 in),The FREUD® D0648TSF is a commercial-grade saw blade designed for professional and industrial applications. Engineered with measuring 1/2 in.,Precision dimensions: 1/2 in,,,,,,,,,,,,,,,,,,,,,,,,,FREUD® D0648TSF Saw Blade (1/2 in),Dimensions,1/2,in,Item Type,Saw Blade,,,,,,,,,,,,,,,,,,,,,,,,,,,,,,,,,,,,,,,,,,,,,,,,,,,,,,,,,,,,,,,,,,,,,,,,,,,,,,,,,,,,,,,,,,,,,,,,,,,,,,,,,,,,,,,,,,,,,,,,,,,,,,,,,,,,,,,,,,,,,,,,,,,,,,,,1,EA,,,,,,,,,,,,,,,,,,,,,,,,,,,,,,,,,,,,,US,No,Yes
,,,,,,D0652TSL,,,,D0652TSL,D0652TSL,"D0652TSL Diablo 6-1/2""52 Tooth - Laminate Track Saw Blade",FREUD®,FREUD®,FREUD®,FREUD,FREUD,FREUD®,FREUD®,D0652TSL,,,"FREUD®, Saw Blade, D0652TSL, 1/2 in - Commercial Grade Saw Blade",SAW BLADE 1/2 IN,"FREUD®, D0652TSL, Saw Blade, 1/2 in",The FREUD® D0652TSL is a commercial-grade saw blade designed for professional and industrial applications. Engineered with measuring 1/2 in.,FREUD® D0652TSL Saw Blade (1/2 in),The FREUD® D0652TSL is a commercial-grade saw blade designed for professional and industrial applications. Engineered with measuring 1/2 in.,Precision dimensions: 1/2 in,,,,,,,,,,,,,,,,,,,,,,,,,FREUD® D0652TSL Saw Blade (1/2 in),Dimensions,1/2,in,Item Type,Saw Blade,,,,,,,,,,,,,,,,,,,,,,,,,,,,,,,,,,,,,,,,,,,,,,,,,,,,,,,,,,,,,,,,,,,,,,,,,,,,,,,,,,,,,,,,,,,,,,,,,,,,,,,,,,,,,,,,,,,,,,,,,,,,,,,,,,,,,,,,,,,,,,,,,,,,,,,,1,EA,,,,,,,,,,,,,,,,,,,,,,,,,,,,,,,,,,,,,US,No,Yes
,,,,,,JT1-549,,,,JT1-549,JT1-549,"JT1-549 JWBS18SFX 18"" Bandsaw - 1.75HP 1PH 115V",JPW Industries,JPW Industries,JPW Industries,JPW Industries,JPW Industries,JPW Industries,JPW Industries,JT1-549,,,"JPW Industries, Commercial Product, JT1-549, 115 V - Commercial Grade Commercial",COMMERCIAL PRODUCT 115 V,"JPW Industries, JT1-549, Commercial Product, 115 V",The JPW Industries JT1-549 is a commercial-grade commercial product designed for professional and industrial applications. Engineered with rated for 115 V.,JPW Industries JT1-549 Commercial Product,The JPW Industries JT1-549 is a commercial-grade commercial product designed for professional and industrial applications. Engineered with rated for 115 V.,Operates at standard 115 V,,,,,,,,,,,,,,,,,,,,,,,,,JPW Industries JT1-549 Commercial Product,Voltage,115,V,,,,,,,,,,,,,,,,,,,,,,,,,,,,,,,,,,,,,,,,,,,,,,,,,,,,,,,,,,,,,,,,,,,,,,,,,,,,,,,,,,,,,,,,,,,,,,,,,,,,,,,,,,,,,,,,,,,,,,,,,,,,,,,,,,,,,,,,,,,,,,,,,,,,,,,,,,1,EA,,,,,,,,,,,,,,,,,,,,,,,,,,,,,,,,,,,,,US,No,Yes
,,,,,,JT1-1371,,,,JT1-1371,JT1-1371,"JWBS14-SFX-BLK Jet 14"" Bandsaw - JT1-1371",JPW Industries,JPW Industries,JPW Industries,JPW Industries,JPW Industries,JPW Industries,JPW Industries,JT1-1371,,,"JPW Industries, Bandsaw, JT1-1371 - Commercial Grade Bandsaw",BANDSAW,"JPW Industries, JT1-1371, Bandsaw",The JPW Industries JT1-1371 is a commercial-grade bandsaw designed for professional and industrial applications. Key Specifications include Manufacturer Part Number: JT1-1371; Supplier / Manufacturer: JPW Industries; Catalog Category: General Commercial.,JPW Industries JT1-1371 Bandsaw,The JPW Industries JT1-1371 is a commercial-grade bandsaw designed for professional and industrial applications. Key Specifications include Manufacturer Part Number: JT1-1371; Supplier / Manufacturer: JPW Industries; Catalog Category: General Commercial.,,,,,,,,,,,,,,,,,,,,,,,,,,JPW Industries JT1-1371 Bandsaw,Item Type,Bandsaw,,Manufacturer Part Number,JT1-1371,,Supplier / Manufacturer,JPW Industries,,Catalog Category,General Commercial,,,,,,,,,,,,,,,,,,,,,,,,,,,,,,,,,,,,,,,,,,,,,,,,,,,,,,,,,,,,,,,,,,,,,,,,,,,,,,,,,,,,,,,,,,,,,,,,,,,,,,,,,,,,,,,,,,,,,,,,,,,,,,,,,,,,,,,,,,,,,,,,,,1,EA,,,,,,,,,,,,,,,,,,,,,,,,,,,,,,,,,,,,,US,No,Yes
,,,,,,JT9-714400K,,,,JT9-714400K,JT9-714400K,"JWBS-14SFX 14"" Bandsaw JTP-714400K",JPW Industries,JPW Industries,JPW Industries,JPW Industries,JPW Industries,JPW Industries,JPW Industries,JT9-714400K,,,"JPW Industries, Commercial Product, JT9-714400K - Commercial Grade Commercial Pr",COMMERCIAL PRODUCT,"JPW Industries, JT9-714400K, Commercial Product",The JPW Industries JT9-714400K is a commercial-grade commercial product designed for professional and industrial applications.,JPW Industries JT9-714400K Commercial Product,The JPW Industries JT9-714400K is a commercial-grade commercial product designed for professional and industrial applications.,,,,,,,,,,,,,,,,,,,,,,,,,,JPW Industries JT9-714400K Commercial Product,,,,,,,,,,,,,,,,,,,,,,,,,,,,,,,,,,,,,,,,,,,,,,,,,,,,,,,,,,,,,,,,,,,,,,,,,,,,,,,,,,,,,,,,,,,,,,,,,,,,,,,,,,,,,,,,,,,,,,,,,,,,,,,,,,,,,,,,,,,,,,,,,,,,,,,,,,,,,1,EA,,,,,,,,,,,,,,,,,,,,,,,,,,,,,,,,,,,,,US,No,Yes
,,,,,,2834-21HD,,,,2834-21HD,2834-21HD,"2834-21HD Milw M18 7-1/4"" Circ - Saw Kit",MILWAUKEE®,MILWAUKEE®,MILWAUKEE®,MILWAUKEE,MILWAUKEE,MILWAUKEE®,MILWAUKEE®,2834-21HD,,,"MILWAUKEE®, Commercial Product, 2834-21HD - Commercial Grade Commercial Product",COMMERCIAL PRODUCT,"MILWAUKEE®, 2834-21HD, Commercial Product",The MILWAUKEE® 2834-21HD is a commercial-grade commercial product designed for professional and industrial applications.,MILWAUKEE® 2834-21HD Commercial Product,The MILWAUKEE® 2834-21HD is a commercial-grade commercial product designed for professional and industrial applications.,,,,,,,,,,,,,,,,,,,,,,,,,,MILWAUKEE® 2834-21HD Commercial Product,,,,,,,,,,,,,,,,,,,,,,,,,,,,,,,,,,,,,,,,,,,,,,,,,,,,,,,,,,,,,,,,,,,,,,,,,,,,,,,,,,,,,,,,,,,,,,,,,,,,,,,,,,,,,,,,,,,,,,,,,,,,,,,,,,,,,,,,,,,,,,,,,,,,,,,,,,,,,1,EA,,,,,,,,,,,,,,,,,,,,,,,,,,,,,,,,,,,,,US,No,Yes
,,,,,,DCS383B,,,,DCS383B,DCS383B,"DCS383B Dewalt 20V 7-1/4"" - Metal Cutting Circ Saw",DEWALT®,DEWALT®,DEWALT®,DEWALT,DEWALT,DEWALT®,DEWALT®,DCS383B,,,"DEWALT®, Commercial Product, DCS383B, 20 V - Commercial Grade Commercial Product",COMMERCIAL PRODUCT CS 20 V,"DEWALT®, DCS383B, Commercial Product, 20 V","The DEWALT® DCS383B is a commercial-grade commercial product designed for professional and industrial applications. Engineered with durable carbon steel construction, rated for 20 V.",DEWALT® DCS383B Commercial Product in Carbon Steel,"The DEWALT® DCS383B is a commercial-grade commercial product designed for professional and industrial applications. Engineered with durable carbon steel construction, rated for 20 V.",Constructed with high-grade Carbon Steel,Operates at standard 20 V,,,,,,,,,,,,,,,,,,,,,,,,DEWALT® DCS383B Commercial Product in Carbon Steel,Voltage,20,V,Material,Carbon Steel,,,,,,,,,,,,,,,,,,,,,,,,,,,,,,,,,,,,,,,,,,,,,,,,,,,,,,,,,,,,,,,,,,,,,,,,,,,,,,,,,,,,,,,,,,,,,,,,,,,,,,,,,,,,,,,,,,,,,,,,,,,,,,,,,,,,,,,,,,,,,,,,,,,,,,,,1,EA,,,,,,,,,,,,,,,,,,,,,,,,,,,,,,,,,,,,,US,No,Yes
,,,,,,DCS590B,,,,DCS590B,DCS590B,"DCS590B Dewalt 20V Cordless - 7-1/4"" Circular Saw",DEWALT®,DEWALT®,DEWALT®,DEWALT,DEWALT,DEWALT®,DEWALT®,DCS590B,,,"DEWALT®, Commercial Product, DCS590B, 20 V - Commercial Grade Commercial Product",COMMERCIAL PRODUCT 20 V,"DEWALT®, DCS590B, Commercial Product, 20 V",The DEWALT® DCS590B is a commercial-grade commercial product designed for professional and industrial applications. Engineered with rated for 20 V.,DEWALT® DCS590B Commercial Product,The DEWALT® DCS590B is a commercial-grade commercial product designed for professional and industrial applications. Engineered with rated for 20 V.,Operates at standard 20 V,,,,,,,,,,,,,,,,,,,,,,,,,DEWALT® DCS590B Commercial Product,Voltage,20,V,,,,,,,,,,,,,,,,,,,,,,,,,,,,,,,,,,,,,,,,,,,,,,,,,,,,,,,,,,,,,,,,,,,,,,,,,,,,,,,,,,,,,,,,,,,,,,,,,,,,,,,,,,,,,,,,,,,,,,,,,,,,,,,,,,,,,,,,,,,,,,,,,,,,,,,,,,1,EA,,,,,,,,,,,,,,,,,,,,,,,,,,,,,,,,,,,,,US,No,Yes
,,,,,,KPTCS725A,,,,KPTCS725A,KPTCS725A,"KPTCS725A Kreg 20V Ionic 7-1/4"" Circ Saw",KREG®,KREG®,KREG®,KREG,KREG,KREG®,KREG®,KPTCS725A,,,"KREG®, Commercial Product, KPTCS725A, 20 V - Commercial Grade Commercial Product",COMMERCIAL PRODUCT 20 V,"KREG®, KPTCS725A, Commercial Product, 20 V",The KREG® KPTCS725A is a commercial-grade commercial product designed for professional and industrial applications. Engineered with rated for 20 V.,KREG® KPTCS725A Commercial Product,The KREG® KPTCS725A is a commercial-grade commercial product designed for professional and industrial applications. Engineered with rated for 20 V.,Operates at standard 20 V,,,,,,,,,,,,,,,,,,,,,,,,,KREG® KPTCS725A Commercial Product,Voltage,20,V,,,,,,,,,,,,,,,,,,,,,,,,,,,,,,,,,,,,,,,,,,,,,,,,,,,,,,,,,,,,,,,,,,,,,,,,,,,,,,,,,,,,,,,,,,,,,,,,,,,,,,,,,,,,,,,,,,,,,,,,,,,,,,,,,,,,,,,,,,,,,,,,,,,,,,,,,,1,EA,,,,,,,,,,,,,,,,,,,,,,,,,,,,,,,,,,,,,US,No,Yes
,,,,,,KPTCS450A,,,,KPTCS450A,KPTCS450A,"KPTCS450A Kreg 20V Ionic 4-1/2"" Circ Saw",KREG®,KREG®,KREG®,KREG,KREG,KREG®,KREG®,KPTCS450A,,,"KREG®, Commercial Product, KPTCS450A, 20 V - Commercial Grade Commercial Product",COMMERCIAL PRODUCT 20 V,"KREG®, KPTCS450A, Commercial Product, 20 V",The KREG® KPTCS450A is a commercial-grade commercial product designed for professional and industrial applications. Engineered with rated for 20 V.,KREG® KPTCS450A Commercial Product,The KREG® KPTCS450A is a commercial-grade commercial product designed for professional and industrial applications. Engineered with rated for 20 V.,Operates at standard 20 V,,,,,,,,,,,,,,,,,,,,,,,,,KREG® KPTCS450A Commercial Product,Voltage,20,V,,,,,,,,,,,,,,,,,,,,,,,,,,,,,,,,,,,,,,,,,,,,,,,,,,,,,,,,,,,,,,,,,,,,,,,,,,,,,,,,,,,,,,,,,,,,,,,,,,,,,,,,,,,,,,,,,,,,,,,,,,,,,,,,,,,,,,,,,,,,,,,,,,,,,,,,,,1,EA,,,,,,,,,,,,,,,,,,,,,,,,,,,,,,,,,,,,,US,No,Yes
,,,,,,2545-20,,,,2545-20,2545-20,2545-20 Milw M12 Jig Saw,MILWAUKEE®,MILWAUKEE®,MILWAUKEE®,MILWAUKEE,MILWAUKEE,MILWAUKEE®,MILWAUKEE®,2545-20,,,"MILWAUKEE®, Commercial Product, 2545-20 - Commercial Grade Commercial Product",COMMERCIAL PRODUCT,"MILWAUKEE®, 2545-20, Commercial Product",The MILWAUKEE® 2545-20 is a commercial-grade commercial product designed for professional and industrial applications.,MILWAUKEE® 2545-20 Commercial Product,The MILWAUKEE® 2545-20 is a commercial-grade commercial product designed for professional and industrial applications.,,,,,,,,,,,,,,,,,,,,,,,,,,MILWAUKEE® 2545-20 Commercial Product,,,,,,,,,,,,,,,,,,,,,,,,,,,,,,,,,,,,,,,,,,,,,,,,,,,,,,,,,,,,,,,,,,,,,,,,,,,,,,,,,,,,,,,,,,,,,,,,,,,,,,,,,,,,,,,,,,,,,,,,,,,,,,,,,,,,,,,,,,,,,,,,,,,,,,,,,,,,,1,EA,,,,,,,,,,,,,,,,,,,,,,,,,,,,,,,,,,,,,US,No,Yes
,,,,,,KPTJS100A,,,,KPTJS100A,KPTJS100A,KPTJS100A Kreg 20V Ionic Barrel Grip Jigsaw,KREG®,KREG®,KREG®,KREG,KREG,KREG®,KREG®,KPTJS100A,,,"KREG®, Commercial Product, KPTJS100A, 20 V - Commercial Grade Commercial Product",COMMERCIAL PRODUCT 20 V,"KREG®, KPTJS100A, Commercial Product, 20 V",The KREG® KPTJS100A is a commercial-grade commercial product designed for professional and industrial applications. Engineered with rated for 20 V.,KREG® KPTJS100A Commercial Product,The KREG® KPTJS100A is a commercial-grade commercial product designed for professional and industrial applications. Engineered with rated for 20 V.,Operates at standard 20 V,,,,,,,,,,,,,,,,,,,,,,,,,KREG® KPTJS100A Commercial Product,Voltage,20,V,,,,,,,,,,,,,,,,,,,,,,,,,,,,,,,,,,,,,,,,,,,,,,,,,,,,,,,,,,,,,,,,,,,,,,,,,,,,,,,,,,,,,,,,,,,,,,,,,,,,,,,,,,,,,,,,,,,,,,,,,,,,,,,,,,,,,,,,,,,,,,,,,,,,,,,,,,1,EA,,,,,,,,,,,,,,,,,,,,,,,,,,,,,,,,,,,,,US,No,Yes
,,,,,,DCS714B,,,,DCS714B,DCS714B,"DCS714B Dewalt 20V Miter Saw - 10"" Double Bevel Fixed",DEWALT®,DEWALT®,DEWALT®,DEWALT,DEWALT,DEWALT®,DEWALT®,DCS714B,,,"DEWALT®, Commercial Product, DCS714B, 20 V - Commercial Grade Commercial Product",COMMERCIAL PRODUCT 20 V,"DEWALT®, DCS714B, Commercial Product, 20 V",The DEWALT® DCS714B is a commercial-grade commercial product designed for professional and industrial applications. Engineered with rated for 20 V.,DEWALT® DCS714B Commercial Product,The DEWALT® DCS714B is a commercial-grade commercial product designed for professional and industrial applications. Engineered with rated for 20 V.,Operates at standard 20 V,,,,,,,,,,,,,,,,,,,,,,,,,DEWALT® DCS714B Commercial Product,Voltage,20,V,,,,,,,,,,,,,,,,,,,,,,,,,,,,,,,,,,,,,,,,,,,,,,,,,,,,,,,,,,,,,,,,,,,,,,,,,,,,,,,,,,,,,,,,,,,,,,,,,,,,,,,,,,,,,,,,,,,,,,,,,,,,,,,,,,,,,,,,,,,,,,,,,,,,,,,,,,1,EA,,,,,,,,,,,,,,,,,,,,,,,,,,,,,,,,,,,,,US,No,Yes
,,,,,,DCS785B,,,,DCS785B,DCS785B,"DCS785B Dewalt 20V Miter Saw - Kit 12"" Double Bevel Sliding",DEWALT®,DEWALT®,DEWALT®,DEWALT,DEWALT,DEWALT®,DEWALT®,DCS785B,,,"DEWALT®, Commercial Product, DCS785B, 20 V - Commercial Grade Commercial Product",COMMERCIAL PRODUCT 20 V,"DEWALT®, DCS785B, Commercial Product, 20 V",The DEWALT® DCS785B is a commercial-grade commercial product designed for professional and industrial applications. Engineered with rated for 20 V.,DEWALT® DCS785B Commercial Product,The DEWALT® DCS785B is a commercial-grade commercial product designed for professional and industrial applications. Engineered with rated for 20 V.,Operates at standard 20 V,,,,,,,,,,,,,,,,,,,,,,,,,DEWALT® DCS785B Commercial Product,Voltage,20,V,,,,,,,,,,,,,,,,,,,,,,,,,,,,,,,,,,,,,,,,,,,,,,,,,,,,,,,,,,,,,,,,,,,,,,,,,,,,,,,,,,,,,,,,,,,,,,,,,,,,,,,,,,,,,,,,,,,,,,,,,,,,,,,,,,,,,,,,,,,,,,,,,,,,,,,,,,1,EA,,,,,,,,,,,,,,,,,,,,,,,,,,,,,,,,,,,,,US,No,Yes
,,,,,,GSL02M1,,,,GSL02M1,GSL02M1,"GSL02M1 Makita Miter Saw - 40V 8-1/2""",MAKITA®,MAKITA®,MAKITA®,MAKITA,MAKITA,MAKITA®,MAKITA®,GSL02M1,,,"MAKITA®, Commercial Product, GSL02M1, 40 V - Commercial Grade Commercial Product",COMMERCIAL PRODUCT 40 V,"MAKITA®, GSL02M1, Commercial Product, 40 V",The MAKITA® GSL02M1 is a commercial-grade commercial product designed for professional and industrial applications. Engineered with rated for 40 V.,MAKITA® GSL02M1 Commercial Product,The MAKITA® GSL02M1 is a commercial-grade commercial product designed for professional and industrial applications. Engineered with rated for 40 V.,Operates at standard 40 V,,,,,,,,,,,,,,,,,,,,,,,,,MAKITA® GSL02M1 Commercial Product,Voltage,40,V,,,,,,,,,,,,,,,,,,,,,,,,,,,,,,,,,,,,,,,,,,,,,,,,,,,,,,,,,,,,,,,,,,,,,,,,,,,,,,,,,,,,,,,,,,,,,,,,,,,,,,,,,,,,,,,,,,,,,,,,,,,,,,,,,,,,,,,,,,,,,,,,,,,,,,,,,,1,EA,,,,,,,,,,,,,,,,,,,,,,,,,,,,,,,,,,,,,US,No,Yes
,,,,,,DW7029,,,,DW7029,DW7029,DW7029 Dewalt Miter Saw - Stand Support/Stop,DEWALT®,DEWALT®,DEWALT®,DEWALT,DEWALT,DEWALT®,DEWALT®,DW7029,,,"DEWALT®, Commercial Product, DW7029 - Commercial Grade Commercial Product",COMMERCIAL PRODUCT,"DEWALT®, DW7029, Commercial Product",The DEWALT® DW7029 is a commercial-grade commercial product designed for professional and industrial applications.,DEWALT® DW7029 Commercial Product,The DEWALT® DW7029 is a commercial-grade commercial product designed for professional and industrial applications.,,,,,,,,,,,,,,,,,,,,,,,,,,DEWALT® DW7029 Commercial Product,,,,,,,,,,,,,,,,,,,,,,,,,,,,,,,,,,,,,,,,,,,,,,,,,,,,,,,,,,,,,,,,,,,,,,,,,,,,,,,,,,,,,,,,,,,,,,,,,,,,,,,,,,,,,,,,,,,,,,,,,,,,,,,,,,,,,,,,,,,,,,,,,,,,,,,,,,,,,1,EA,,,,,,,,,,,,,,,,,,,,,,,,,,,,,,,,,,,,,US,No,Yes
,,,,,,DCS384B,,,,DCS384B,DCS384B,DCS384B Dewalt 20V Brushless - Cordless Recip Saw,DEWALT®,DEWALT®,DEWALT®,DEWALT,DEWALT,DEWALT®,DEWALT®,DCS384B,,,"DEWALT®, Commercial Product, DCS384B, 20 V - Commercial Grade Commercial Product",COMMERCIAL PRODUCT 20 V,"DEWALT®, DCS384B, Commercial Product, 20 V",The DEWALT® DCS384B is a commercial-grade commercial product designed for professional and industrial applications. Engineered with rated for 20 V.,DEWALT® DCS384B Commercial Product,The DEWALT® DCS384B is a commercial-grade commercial product designed for professional and industrial applications. Engineered with rated for 20 V.,Operates at standard 20 V,,,,,,,,,,,,,,,,,,,,,,,,,DEWALT® DCS384B Commercial Product,Voltage,20,V,,,,,,,,,,,,,,,,,,,,,,,,,,,,,,,,,,,,,,,,,,,,,,,,,,,,,,,,,,,,,,,,,,,,,,,,,,,,,,,,,,,,,,,,,,,,,,,,,,,,,,,,,,,,,,,,,,,,,,,,,,,,,,,,,,,,,,,,,,,,,,,,,,,,,,,,,,1,EA,,,,,,,,,,,,,,,,,,,,,,,,,,,,,,,,,,,,,US,No,Yes
,,,,,,XRJ08Z,,,,XRJ08Z,XRJ08Z,XRJ08Z Makita 18V Recip Saw - Bare Tool,MAKITA®,MAKITA®,MAKITA®,MAKITA,MAKITA,MAKITA®,MAKITA®,XRJ08Z,,,"MAKITA®, Commercial Product, XRJ08Z, 18 V - Commercial Grade Commercial Product",COMMERCIAL PRODUCT 18 V,"MAKITA®, XRJ08Z, Commercial Product, 18 V",The MAKITA® XRJ08Z is a commercial-grade commercial product designed for professional and industrial applications. Engineered with rated for 18 V.,MAKITA® XRJ08Z Commercial Product,The MAKITA® XRJ08Z is a commercial-grade commercial product designed for professional and industrial applications. Engineered with rated for 18 V.,Operates at standard 18 V,,,,,,,,,,,,,,,,,,,,,,,,,MAKITA® XRJ08Z Commercial Product,Voltage,18,V,,,,,,,,,,,,,,,,,,,,,,,,,,,,,,,,,,,,,,,,,,,,,,,,,,,,,,,,,,,,,,,,,,,,,,,,,,,,,,,,,,,,,,,,,,,,,,,,,,,,,,,,,,,,,,,,,,,,,,,,,,,,,,,,,,,,,,,,,,,,,,,,,,,,,,,,,,1,EA,,,,,,,,,,,,,,,,,,,,,,,,,,,,,,,,,,,,,US,No,Yes
,,,,,,G0771Z,,,,G0771Z,G0771Z,"Grizzly G0771Z 30"" Table Saw",Woodstock Intl,Woodstock Intl,Woodstock Intl,Woodstock Intl,Woodstock Intl,Woodstock Intl,Woodstock Intl,G0771Z,,,"Woodstock Intl, Commercial Product, G0771Z - Commercial Grade Commercial Product",COMMERCIAL PRODUCT,"Woodstock Intl, G0771Z, Commercial Product",The Woodstock Intl G0771Z is a commercial-grade commercial product designed for professional and industrial applications.,Woodstock Intl G0771Z Commercial Product,The Woodstock Intl G0771Z is a commercial-grade commercial product designed for professional and industrial applications.,,,,,,,,,,,,,,,,,,,,,,,,,,Woodstock Intl G0771Z Commercial Product,,,,,,,,,,,,,,,,,,,,,,,,,,,,,,,,,,,,,,,,,,,,,,,,,,,,,,,,,,,,,,,,,,,,,,,,,,,,,,,,,,,,,,,,,,,,,,,,,,,,,,,,,,,,,,,,,,,,,,,,,,,,,,,,,,,,,,,,,,,,,,,,,,,,,,,,,,,,,1,EA,,,,,,,,,,,,,,,,,,,,,,,,,,,,,,,,,,,,,US,No,Yes
,,,,,,TS1017,,,,TS1017,TS1017,TS1017 Table Saw Zero-Clearance Insert,BOSCH®,BOSCH®,BOSCH®,BOSCH,BOSCH,BOSCH®,BOSCH®,TS1017,,,"BOSCH®, Commercial Product, TS1017 - Commercial Grade Commercial Product",COMMERCIAL PRODUCT,"BOSCH®, TS1017, Commercial Product",The BOSCH® TS1017 is a commercial-grade commercial product designed for professional and industrial applications.,BOSCH® TS1017 Commercial Product,The BOSCH® TS1017 is a commercial-grade commercial product designed for professional and industrial applications.,,,,,,,,,,,,,,,,,,,,,,,,,,BOSCH® TS1017 Commercial Product,,,,,,,,,,,,,,,,,,,,,,,,,,,,,,,,,,,,,,,,,,,,,,,,,,,,,,,,,,,,,,,,,,,,,,,,,,,,,,,,,,,,,,,,,,,,,,,,,,,,,,,,,,,,,,,,,,,,,,,,,,,,,,,,,,,,,,,,,,,,,,,,,,,,,,,,,,,,,1,EA,,,,,,,,,,,,,,,,,,,,,,,,,,,,,,,,,,,,,US,No,Yes
,,,,,,XT524,,,,XT524,XT524,"XT524 24"" XT XTENDER Fence",Bow Products,Bow Products,Bow Products,Bow Products,Bow Products,Bow Products,Bow Products,XT524,,,"Bow Products, Commercial Product, XT524 - Commercial Grade Commercial Product",COMMERCIAL PRODUCT,"Bow Products, XT524, Commercial Product",The Bow Products XT524 is a commercial-grade commercial product designed for professional and industrial applications.,Bow Products XT524 Commercial Product,The Bow Products XT524 is a commercial-grade commercial product designed for professional and industrial applications.,,,,,,,,,,,,,,,,,,,,,,,,,,Bow Products XT524 Commercial Product,,,,,,,,,,,,,,,,,,,,,,,,,,,,,,,,,,,,,,,,,,,,,,,,,,,,,,,,,,,,,,,,,,,,,,,,,,,,,,,,,,,,,,,,,,,,,,,,,,,,,,,,,,,,,,,,,,,,,,,,,,,,,,,,,,,,,,,,,,,,,,,,,,,,,,,,,,,,,1,EA,,,,,,,,,,,,,,,,,,,,,,,,,,,,,,,,,,,,,US,No,Yes
,,,,,,XT536,,,,XT536,XT536,"XT536 36"" XT XTENDER Fence",Bow Products,Bow Products,Bow Products,Bow Products,Bow Products,Bow Products,Bow Products,XT536,,,"Bow Products, Commercial Product, XT536 - Commercial Grade Commercial Product",COMMERCIAL PRODUCT,"Bow Products, XT536, Commercial Product",The Bow Products XT536 is a commercial-grade commercial product designed for professional and industrial applications.,Bow Products XT536 Commercial Product,The Bow Products XT536 is a commercial-grade commercial product designed for professional and industrial applications.,,,,,,,,,,,,,,,,,,,,,,,,,,Bow Products XT536 Commercial Product,,,,,,,,,,,,,,,,,,,,,,,,,,,,,,,,,,,,,,,,,,,,,,,,,,,,,,,,,,,,,,,,,,,,,,,,,,,,,,,,,,,,,,,,,,,,,,,,,,,,,,,,,,,,,,,,,,,,,,,,,,,,,,,,,,,,,,,,,,,,,,,,,,,,,,,,,,,,,1,EA,,,,,,,,,,,,,,,,,,,,,,,,,,,,,,,,,,,,,US,No,Yes
,,,,,,XT546,,,,XT546,XT546,"XT546 46"" XT XTENDER Fence",Bow Products,Bow Products,Bow Products,Bow Products,Bow Products,Bow Products,Bow Products,XT546,,,"Bow Products, Commercial Product, XT546 - Commercial Grade Commercial Product",COMMERCIAL PRODUCT,"Bow Products, XT546, Commercial Product",The Bow Products XT546 is a commercial-grade commercial product designed for professional and industrial applications.,Bow Products XT546 Commercial Product,The Bow Products XT546 is a commercial-grade commercial product designed for professional and industrial applications.,,,,,,,,,,,,,,,,,,,,,,,,,,Bow Products XT546 Commercial Product,,,,,,,,,,,,,,,,,,,,,,,,,,,,,,,,,,,,,,,,,,,,,,,,,,,,,,,,,,,,,,,,,,,,,,,,,,,,,,,,,,,,,,,,,,,,,,,,,,,,,,,,,,,,,,,,,,,,,,,,,,,,,,,,,,,,,,,,,,,,,,,,,,,,,,,,,,,,,1,EA,,,,,,,,,,,,,,,,,,,,,,,,,,,,,,,,,,,,,US,No,Yes
,,,,,,XTP235,,,,XTP235,XTP235,"35"" XTP XTENDER PRO Fence - XTP235",Bow Products,Bow Products,Bow Products,Bow Products,Bow Products,Bow Products,Bow Products,XTP235,,,"Bow Products, Fence, XTP235, 35 in - Commercial Grade Fence",FENCE 35 IN,"Bow Products, XTP235, Fence, 35 in",The Bow Products XTP235 is a commercial-grade fence designed for professional and industrial applications. Engineered with measuring 35 in. Key Specifications include Manufacturer Part Number: XTP235; Supplier / Manufacturer: Bow Products; Catalog Category: General Commercial.,Bow Products XTP235 Fence (35 in),The Bow Products XTP235 is a commercial-grade fence designed for professional and industrial applications. Engineered with measuring 35 in. Key Specifications include Manufacturer Part Number: XTP235; Supplier / Manufacturer: Bow Products; Catalog Category: General Commercial.,Precision dimensions: 35 in,,,,,,,,,,,,,,,,,,,,,,,,,Bow Products XTP235 Fence (35 in),Dimensions,35,in,Item Type,Fence,,Manufacturer Part Number,XTP235,,Supplier / Manufacturer,Bow Products,,Catalog Category,General Commercial,,,,,,,,,,,,,,,,,,,,,,,,,,,,,,,,,,,,,,,,,,,,,,,,,,,,,,,,,,,,,,,,,,,,,,,,,,,,,,,,,,,,,,,,,,,,,,,,,,,,,,,,,,,,,,,,,,,,,,,,,,,,,,,,,,,,,,,,,,,,,,,1,EA,,,,,,,,,,,,,,,,,,,,,,,,,,,,,,,,,,,,,US,No,Yes
,,,,,,TGP2-FA,,,,TGP2-FA,TGP2-FA,TGP2-FA T-Glide Fence Professional,Saw Stop LLC,Saw Stop LLC,Saw Stop LLC,Saw Stop LLC,Saw Stop LLC,Saw Stop LLC,Saw Stop LLC,TGP2-FA,,,"Saw Stop LLC, Commercial Product, TGP2-FA - Commercial Grade Commercial Product",COMMERCIAL PRODUCT,"Saw Stop LLC, TGP2-FA, Commercial Product",The Saw Stop LLC TGP2-FA is a commercial-grade commercial product designed for professional and industrial applications.,Saw Stop LLC TGP2-FA Commercial Product,The Saw Stop LLC TGP2-FA is a commercial-grade commercial product designed for professional and industrial applications.,,,,,,,,,,,,,,,,,,,,,,,,,,Saw Stop LLC TGP2-FA Commercial Product,,,,,,,,,,,,,,,,,,,,,,,,,,,,,,,,,,,,,,,,,,,,,,,,,,,,,,,,,,,,,,,,,,,,,,,,,,,,,,,,,,,,,,,,,,,,,,,,,,,,,,,,,,,,,,,,,,,,,,,,,,,,,,,,,,,,,,,,,,,,,,,,,,,,,,,,,,,,,1,EA,,,,,,,,,,,,,,,,,,,,,,,,,,,,,,,,,,,,,US,No,Yes
,,,,,,ATGI-FA,,,,ATGI-FA,ATGI-FA,ATGI-FA T-Glide Advanced Fence Industrial,Saw Stop LLC,Saw Stop LLC,Saw Stop LLC,Saw Stop LLC,Saw Stop LLC,Saw Stop LLC,Saw Stop LLC,ATGI-FA,,,"Saw Stop LLC, Commercial Product, ATGI-FA - Commercial Grade Commercial Product",COMMERCIAL PRODUCT,"Saw Stop LLC, ATGI-FA, Commercial Product",The Saw Stop LLC ATGI-FA is a commercial-grade commercial product designed for professional and industrial applications.,Saw Stop LLC ATGI-FA Commercial Product,The Saw Stop LLC ATGI-FA is a commercial-grade commercial product designed for professional and industrial applications.,,,,,,,,,,,,,,,,,,,,,,,,,,Saw Stop LLC ATGI-FA Commercial Product,,,,,,,,,,,,,,,,,,,,,,,,,,,,,,,,,,,,,,,,,,,,,,,,,,,,,,,,,,,,,,,,,,,,,,,,,,,,,,,,,,,,,,,,,,,,,,,,,,,,,,,,,,,,,,,,,,,,,,,,,,,,,,,,,,,,,,,,,,,,,,,,,,,,,,,,,,,,,1,EA,,,,,,,,,,,,,,,,,,,,,,,,,,,,,,,,,,,,,US,No,Yes
,,,,,,ATGP-FA,,,,ATGP-FA,ATGP-FA,ATGP-FA T-Glide Advance Fence Professional,Saw Stop LLC,Saw Stop LLC,Saw Stop LLC,Saw Stop LLC,Saw Stop LLC,Saw Stop LLC,Saw Stop LLC,ATGP-FA,,,"Saw Stop LLC, Commercial Product, ATGP-FA - Commercial Grade Commercial Product",COMMERCIAL PRODUCT,"Saw Stop LLC, ATGP-FA, Commercial Product",The Saw Stop LLC ATGP-FA is a commercial-grade commercial product designed for professional and industrial applications.,Saw Stop LLC ATGP-FA Commercial Product,The Saw Stop LLC ATGP-FA is a commercial-grade commercial product designed for professional and industrial applications.,,,,,,,,,,,,,,,,,,,,,,,,,,Saw Stop LLC ATGP-FA Commercial Product,,,,,,,,,,,,,,,,,,,,,,,,,,,,,,,,,,,,,,,,,,,,,,,,,,,,,,,,,,,,,,,,,,,,,,,,,,,,,,,,,,,,,,,,,,,,,,,,,,,,,,,,,,,,,,,,,,,,,,,,,,,,,,,,,,,,,,,,,,,,,,,,,,,,,,,,,,,,,1,EA,,,,,,,,,,,,,,,,,,,,,,,,,,,,,,,,,,,,,US,No,Yes
,,,,,,TGI2-FA,,,,TGI2-FA,TGI2-FA,TGI2-FA T-Glide Fence Indudtrial,Saw Stop LLC,Saw Stop LLC,Saw Stop LLC,Saw Stop LLC,Saw Stop LLC,Saw Stop LLC,Saw Stop LLC,TGI2-FA,,,"Saw Stop LLC, Commercial Product, TGI2-FA - Commercial Grade Commercial Product",COMMERCIAL PRODUCT,"Saw Stop LLC, TGI2-FA, Commercial Product",The Saw Stop LLC TGI2-FA is a commercial-grade commercial product designed for professional and industrial applications.,Saw Stop LLC TGI2-FA Commercial Product,The Saw Stop LLC TGI2-FA is a commercial-grade commercial product designed for professional and industrial applications.,,,,,,,,,,,,,,,,,,,,,,,,,,Saw Stop LLC TGI2-FA Commercial Product,,,,,,,,,,,,,,,,,,,,,,,,,,,,,,,,,,,,,,,,,,,,,,,,,,,,,,,,,,,,,,,,,,,,,,,,,,,,,,,,,,,,,,,,,,,,,,,,,,,,,,,,,,,,,,,,,,,,,,,,,,,,,,,,,,,,,,,,,,,,,,,,,,,,,,,,,,,,,1,EA,,,,,,,,,,,,,,,,,,,,,,,,,,,,,,,,,,,,,US,No,Yes
,,,,,,TGI2-T36A,,,,TGI2-T36A,TGI2-T36A,"TGI2-T36A 36"" Table Assembly Industrial",Saw Stop LLC,Saw Stop LLC,Saw Stop LLC,Saw Stop LLC,Saw Stop LLC,Saw Stop LLC,Saw Stop LLC,TGI2-T36A,,,"Saw Stop LLC, Commercial Product, TGI2-T36A - Commercial Grade Commercial Produc",COMMERCIAL PRODUCT,"Saw Stop LLC, TGI2-T36A, Commercial Product",The Saw Stop LLC TGI2-T36A is a commercial-grade commercial product designed for professional and industrial applications.,Saw Stop LLC TGI2-T36A Commercial Product,The Saw Stop LLC TGI2-T36A is a commercial-grade commercial product designed for professional and industrial applications.,,,,,,,,,,,,,,,,,,,,,,,,,,Saw Stop LLC TGI2-T36A Commercial Product,,,,,,,,,,,,,,,,,,,,,,,,,,,,,,,,,,,,,,,,,,,,,,,,,,,,,,,,,,,,,,,,,,,,,,,,,,,,,,,,,,,,,,,,,,,,,,,,,,,,,,,,,,,,,,,,,,,,,,,,,,,,,,,,,,,,,,,,,,,,,,,,,,,,,,,,,,,,,1,EA,,,,,,,,,,,,,,,,,,,,,,,,,,,,,,,,,,,,,US,No,Yes
,,,,,,KPTBPS100A,,,,KPTBPS100A,KPTBPS100A,"KPTBPS100A Kreg 20V Ionic 6-1/2"" Plunge-Cut Track Saw Kit",KREG®,KREG®,KREG®,KREG,KREG,KREG®,KREG®,KPTBPS100A,,,"KREG®, Commercial Product, KPTBPS100A, 20 V - Commercial Grade Commercial Produc",COMMERCIAL PRODUCT 20 V,"KREG®, KPTBPS100A, Commercial Product, 20 V",The KREG® KPTBPS100A is a commercial-grade commercial product designed for professional and industrial applications. Engineered with rated for 20 V.,KREG® KPTBPS100A Commercial Product,The KREG® KPTBPS100A is a commercial-grade commercial product designed for professional and industrial applications. Engineered with rated for 20 V.,Operates at standard 20 V,,,,,,,,,,,,,,,,,,,,,,,,,KREG® KPTBPS100A Commercial Product,Voltage,20,V,,,,,,,,,,,,,,,,,,,,,,,,,,,,,,,,,,,,,,,,,,,,,,,,,,,,,,,,,,,,,,,,,,,,,,,,,,,,,,,,,,,,,,,,,,,,,,,,,,,,,,,,,,,,,,,,,,,,,,,,,,,,,,,,,,,,,,,,,,,,,,,,,,,,,,,,,,1,EA,,,,,,,,,,,,,,,,,,,,,,,,,,,,,,,,,,,,,US,No,Yes
,,,,,,DCB606C,,,,DCB606C,DCB606C,DCB606C Dewalt Flexvolt Starter Kit,DEWALT®,DEWALT®,DEWALT®,DEWALT,DEWALT,DEWALT®,DEWALT®,DCB606C,,,"DEWALT®, Commercial Product, DCB606C - Commercial Grade Commercial Product",COMMERCIAL PRODUCT,"DEWALT®, DCB606C, Commercial Product",The DEWALT® DCB606C is a commercial-grade commercial product designed for professional and industrial applications.,DEWALT® DCB606C Commercial Product,The DEWALT® DCB606C is a commercial-grade commercial product designed for professional and industrial applications.,,,,,,,,,,,,,,,,,,,,,,,,,,DEWALT® DCB606C Commercial Product,,,,,,,,,,,,,,,,,,,,,,,,,,,,,,,,,,,,,,,,,,,,,,,,,,,,,,,,,,,,,,,,,,,,,,,,,,,,,,,,,,,,,,,,,,,,,,,,,,,,,,,,,,,,,,,,,,,,,,,,,,,,,,,,,,,,,,,,,,,,,,,,,,,,,,,,,,,,,1,EA,,,,,,,,,,,,,,,,,,,,,,,,,,,,,,,,,,,,,US,No,Yes
,,,,,,BL1850BDC1,,,,BL1850BDC1,BL1850BDC1,BL1850BDC1 Makita Starter Kit,MAKITA®,MAKITA®,MAKITA®,MAKITA,MAKITA,MAKITA®,MAKITA®,BL1850BDC1,,,"MAKITA®, Commercial Product, BL1850BDC1 - Commercial Grade Commercial Product",COMMERCIAL PRODUCT,"MAKITA®, BL1850BDC1, Commercial Product",The MAKITA® BL1850BDC1 is a commercial-grade commercial product designed for professional and industrial applications.,MAKITA® BL1850BDC1 Commercial Product,The MAKITA® BL1850BDC1 is a commercial-grade commercial product designed for professional and industrial applications.,,,,,,,,,,,,,,,,,,,,,,,,,,MAKITA® BL1850BDC1 Commercial Product,,,,,,,,,,,,,,,,,,,,,,,,,,,,,,,,,,,,,,,,,,,,,,,,,,,,,,,,,,,,,,,,,,,,,,,,,,,,,,,,,,,,,,,,,,,,,,,,,,,,,,,,,,,,,,,,,,,,,,,,,,,,,,,,,,,,,,,,,,,,,,,,,,,,,,,,,,,,,1,EA,,,,,,,,,,,,,,,,,,,,,,,,,,,,,,,,,,,,,US,No,Yes
,,,,,,DCB205C,,,,DCB205C,DCB205C,DCB205C 20V Starter Kit,DEWALT®,DEWALT®,DEWALT®,DEWALT,DEWALT,DEWALT®,DEWALT®,DCB205C,,,"DEWALT®, Commercial Product, DCB205C, 20 V - Commercial Grade Commercial Product",COMMERCIAL PRODUCT 20 V,"DEWALT®, DCB205C, Commercial Product, 20 V",The DEWALT® DCB205C is a commercial-grade commercial product designed for professional and industrial applications. Engineered with rated for 20 V.,DEWALT® DCB205C Commercial Product,The DEWALT® DCB205C is a commercial-grade commercial product designed for professional and industrial applications. Engineered with rated for 20 V.,Operates at standard 20 V,,,,,,,,,,,,,,,,,,,,,,,,,DEWALT® DCB205C Commercial Product,Voltage,20,V,,,,,,,,,,,,,,,,,,,,,,,,,,,,,,,,,,,,,,,,,,,,,,,,,,,,,,,,,,,,,,,,,,,,,,,,,,,,,,,,,,,,,,,,,,,,,,,,,,,,,,,,,,,,,,,,,,,,,,,,,,,,,,,,,,,,,,,,,,,,,,,,,,,,,,,,,,1,EA,,,,,,,,,,,,,,,,,,,,,,,,,,,,,,,,,,,,,US,No,Yes
,,,,,,DCB2108,,,,DCB2108,DCB2108,DCB2108 Dewalt 20V 8Ah Battery - Max XR Powerpack,DEWALT®,DEWALT®,DEWALT®,DEWALT,DEWALT,DEWALT®,DEWALT®,DCB2108,,,"DEWALT®, Commercial Product, DCB2108, 20 V - Commercial Grade Commercial Product",COMMERCIAL PRODUCT 20 V,"DEWALT®, DCB2108, Commercial Product, 20 V",The DEWALT® DCB2108 is a commercial-grade commercial product designed for professional and industrial applications. Engineered with rated for 20 V.,DEWALT® DCB2108 Commercial Product,The DEWALT® DCB2108 is a commercial-grade commercial product designed for professional and industrial applications. Engineered with rated for 20 V.,Operates at standard 20 V,,,,,,,,,,,,,,,,,,,,,,,,,DEWALT® DCB2108 Commercial Product,Voltage,20,V,,,,,,,,,,,,,,,,,,,,,,,,,,,,,,,,,,,,,,,,,,,,,,,,,,,,,,,,,,,,,,,,,,,,,,,,,,,,,,,,,,,,,,,,,,,,,,,,,,,,,,,,,,,,,,,,,,,,,,,,,,,,,,,,,,,,,,,,,,,,,,,,,,,,,,,,,,1,EA,,,,,,,,,,,,,,,,,,,,,,,,,,,,,,,,,,,,,US,No,Yes
,,,,,,DCB2108-2,,,,DCB2108-2,DCB2108-2,DCB2108-2 Dewalt 20V 8Ah 2pk - Battery Max XR Powerpack,DEWALT®,DEWALT®,DEWALT®,DEWALT,DEWALT,DEWALT®,DEWALT®,DCB2108-2,,,"DEWALT®, Commercial Product, DCB2108-2, 20 V - Commercial Grade Commercial Produ",COMMERCIAL PRODUCT 20 V,"DEWALT®, DCB2108-2, Commercial Product, 20 V",The DEWALT® DCB2108-2 is a commercial-grade commercial product designed for professional and industrial applications. Engineered with rated for 20 V. Key Specifications include PackQuantity: 2 PK.,DEWALT® DCB2108-2 Commercial Product,The DEWALT® DCB2108-2 is a commercial-grade commercial product designed for professional and industrial applications. Engineered with rated for 20 V. Key Specifications include PackQuantity: 2 PK.,Operates at standard 20 V,,,,,,,,,,,,,,,,,,,,,,,,,DEWALT® DCB2108-2 Commercial Product,Voltage,20,V,PackQuantity,2 PK,,,,,,,,,,,,,,,,,,,,,,,,,,,,,,,,,,,,,,,,,,,,,,,,,,,,,,,,,,,,,,,,,,,,,,,,,,,,,,,,,,,,,,,,,,,,,,,,,,,,,,,,,,,,,,,,,,,,,,,,,,,,,,,,,,,,,,,,,,,,,,,,,,,,,,,,1,EA,,,,,,,,,,,,,,,,,,,,,,,,,,,,,,,,,,,,,US,No,Yes
,,,,,,VB0212,,,,VB0212,VB0212,VB0212 Senco 18V 2.0 AH Lithium Battery,Senco Products Inc,Senco Products Inc,Senco Products Inc,Senco Products Inc,Senco Products Inc,Senco Products Inc,Senco Products Inc,VB0212,,,"Senco Products Inc, Commercial Product, VB0212, 18 V - Commercial Grade Commerci",COMMERCIAL PRODUCT 18 V,"Senco Products Inc, VB0212, Commercial Product, 18 V",The Senco Products Inc VB0212 is a commercial-grade commercial product designed for professional and industrial applications. Engineered with rated for 18 V.,Senco Products Inc VB0212 Commercial Product,The Senco Products Inc VB0212 is a commercial-grade commercial product designed for professional and industrial applications. Engineered with rated for 18 V.,Operates at standard 18 V,,,,,,,,,,,,,,,,,,,,,,,,,Senco Products Inc VB0212 Commercial Product,Voltage,18,V,,,,,,,,,,,,,,,,,,,,,,,,,,,,,,,,,,,,,,,,,,,,,,,,,,,,,,,,,,,,,,,,,,,,,,,,,,,,,,,,,,,,,,,,,,,,,,,,,,,,,,,,,,,,,,,,,,,,,,,,,,,,,,,,,,,,,,,,,,,,,,,,,,,,,,,,,,1,EA,,,,,,,,,,,,,,,,,,,,,,,,,,,,,,,,,,,,,US,No,Yes
,,,,,,BCB2A20A,,,,BCB2A20A,BCB2A20A,BCB2A20A Kreg 20V Battery/Charger Starter Kit,KREG®,KREG®,KREG®,KREG,KREG,KREG®,KREG®,BCB2A20A,,,"KREG®, Commercial Product, BCB2A20A, 20 V - Commercial Grade Commercial Product",COMMERCIAL PRODUCT 20 V,"KREG®, BCB2A20A, Commercial Product, 20 V",The KREG® BCB2A20A is a commercial-grade commercial product designed for professional and industrial applications. Engineered with rated for 20 V.,KREG® BCB2A20A Commercial Product,The KREG® BCB2A20A is a commercial-grade commercial product designed for professional and industrial applications. Engineered with rated for 20 V.,Operates at standard 20 V,,,,,,,,,,,,,,,,,,,,,,,,,KREG® BCB2A20A Commercial Product,Voltage,20,V,,,,,,,,,,,,,,,,,,,,,,,,,,,,,,,,,,,,,,,,,,,,,,,,,,,,,,,,,,,,,,,,,,,,,,,,,,,,,,,,,,,,,,,,,,,,,,,,,,,,,,,,,,,,,,,,,,,,,,,,,,,,,,,,,,,,,,,,,,,,,,,,,,,,,,,,,,1,EA,,,,,,,,,,,,,,,,,,,,,,,,,,,,,,,,,,,,,US,No,Yes
,,,,,,BATT4A,,,,BATT4A,BATT4A,BATT4A Kreg 20V 4ah Battery Pack,KREG®,KREG®,KREG®,KREG,KREG,KREG®,KREG®,BATT4A,,,"KREG®, Commercial Product, BATT4A, 20 V - Commercial Grade Commercial Product",COMMERCIAL PRODUCT 20 V,"KREG®, BATT4A, Commercial Product, 20 V",The KREG® BATT4A is a commercial-grade commercial product designed for professional and industrial applications. Engineered with rated for 20 V.,KREG® BATT4A Commercial Product,The KREG® BATT4A is a commercial-grade commercial product designed for professional and industrial applications. Engineered with rated for 20 V.,Operates at standard 20 V,,,,,,,,,,,,,,,,,,,,,,,,,KREG® BATT4A Commercial Product,Voltage,20,V,,,,,,,,,,,,,,,,,,,,,,,,,,,,,,,,,,,,,,,,,,,,,,,,,,,,,,,,,,,,,,,,,,,,,,,,,,,,,,,,,,,,,,,,,,,,,,,,,,,,,,,,,,,,,,,,,,,,,,,,,,,,,,,,,,,,,,,,,,,,,,,,,,,,,,,,,,1,EA,,,,,,,,,,,,,,,,,,,,,,,,,,,,,,,,,,,,,US,No,Yes
,,,,,,BATT2A,,,,BATT2A,BATT2A,BATT2A Kreg 20V 2ah Battery Pack,KREG®,KREG®,KREG®,KREG,KREG,KREG®,KREG®,BATT2A,,,"KREG®, Commercial Product, BATT2A, 20 V - Commercial Grade Commercial Product",COMMERCIAL PRODUCT 20 V,"KREG®, BATT2A, Commercial Product, 20 V",The KREG® BATT2A is a commercial-grade commercial product designed for professional and industrial applications. Engineered with rated for 20 V.,KREG® BATT2A Commercial Product,The KREG® BATT2A is a commercial-grade commercial product designed for professional and industrial applications. Engineered with rated for 20 V.,Operates at standard 20 V,,,,,,,,,,,,,,,,,,,,,,,,,KREG® BATT2A Commercial Product,Voltage,20,V,,,,,,,,,,,,,,,,,,,,,,,,,,,,,,,,,,,,,,,,,,,,,,,,,,,,,,,,,,,,,,,,,,,,,,,,,,,,,,,,,,,,,,,,,,,,,,,,,,,,,,,,,,,,,,,,,,,,,,,,,,,,,,,,,,,,,,,,,,,,,,,,,,,,,,,,,,1,EA,,,,,,,,,,,,,,,,,,,,,,,,,,,,,,,,,,,,,US,No,Yes
,,,,,,BL1850BDC2X1,,,,BL1850BDC2X1,BL1850BDC2X1,BL1850BDC2X1 Makita Starter Kit,MAKITA®,MAKITA®,MAKITA®,MAKITA,MAKITA,MAKITA®,MAKITA®,BL1850BDC2X1,,,"MAKITA®, Commercial Product, BL1850BDC2X1 - Commercial Grade Commercial Product",COMMERCIAL PRODUCT,"MAKITA®, BL1850BDC2X1, Commercial Product",The MAKITA® BL1850BDC2X1 is a commercial-grade commercial product designed for professional and industrial applications.,MAKITA® BL1850BDC2X1 Commercial Product,The MAKITA® BL1850BDC2X1 is a commercial-grade commercial product designed for professional and industrial applications.,,,,,,,,,,,,,,,,,,,,,,,,,,MAKITA® BL1850BDC2X1 Commercial Product,,,,,,,,,,,,,,,,,,,,,,,,,,,,,,,,,,,,,,,,,,,,,,,,,,,,,,,,,,,,,,,,,,,,,,,,,,,,,,,,,,,,,,,,,,,,,,,,,,,,,,,,,,,,,,,,,,,,,,,,,,,,,,,,,,,,,,,,,,,,,,,,,,,,,,,,,,,,,1,EA,,,,,,,,,,,,,,,,,,,,,,,,,,,,,,,,,,,,,US,No,Yes
,,,,,,48-11-2422,,,,48-11-2422,48-11-2422,48-11-2422 Milw M12 CP2.0 Battery Two Pack,MILWAUKEE®,MILWAUKEE®,MILWAUKEE®,MILWAUKEE,MILWAUKEE,MILWAUKEE®,MILWAUKEE®,48-11-2422,,,"MILWAUKEE®, Commercial Product, 48-11-2422 - Commercial Grade Commercial Product",COMMERCIAL PRODUCT,"MILWAUKEE®, 48-11-2422, Commercial Product",The MILWAUKEE® 48-11-2422 is a commercial-grade commercial product designed for professional and industrial applications.,MILWAUKEE® 48-11-2422 Commercial Product,The MILWAUKEE® 48-11-2422 is a commercial-grade commercial product designed for professional and industrial applications.,,,,,,,,,,,,,,,,,,,,,,,,,,MILWAUKEE® 48-11-2422 Commercial Product,,,,,,,,,,,,,,,,,,,,,,,,,,,,,,,,,,,,,,,,,,,,,,,,,,,,,,,,,,,,,,,,,,,,,,,,,,,,,,,,,,,,,,,,,,,,,,,,,,,,,,,,,,,,,,,,,,,,,,,,,,,,,,,,,,,,,,,,,,,,,,,,,,,,,,,,,,,,,1,EA,,,,,,,,,,,,,,,,,,,,,,,,,,,,,,,,,,,,,US,No,Yes
,,,,,,DCB1104,,,,DCB1104,DCB1104,DCB1104 Dewalt 12V/20V Charger - 4 Amp,DEWALT®,DEWALT®,DEWALT®,DEWALT,DEWALT,DEWALT®,DEWALT®,DCB1104,,,"DEWALT®, Commercial Product, DCB1104, 12 V - Commercial Grade Commercial Product",COMMERCIAL PRODUCT 12 V,"DEWALT®, DCB1104, Commercial Product, 12 V",The DEWALT® DCB1104 is a commercial-grade commercial product designed for professional and industrial applications. Engineered with rated for 12 V. Key Specifications include Amperage: 4 A.,DEWALT® DCB1104 Commercial Product,The DEWALT® DCB1104 is a commercial-grade commercial product designed for professional and industrial applications. Engineered with rated for 12 V. Key Specifications include Amperage: 4 A.,Operates at standard 12 V,,,,,,,,,,,,,,,,,,,,,,,,,DEWALT® DCB1104 Commercial Product,Voltage,12,V,Amperage,4,A,,,,,,,,,,,,,,,,,,,,,,,,,,,,,,,,,,,,,,,,,,,,,,,,,,,,,,,,,,,,,,,,,,,,,,,,,,,,,,,,,,,,,,,,,,,,,,,,,,,,,,,,,,,,,,,,,,,,,,,,,,,,,,,,,,,,,,,,,,,,,,,,,,,,,,,1,EA,,,,,,,,,,,,,,,,,,,,,,,,,,,,,,,,,,,,,US,No,Yes
,,,,,,48-59-1804,,,,48-59-1804,48-59-1804,48-59-1804 Milw M18 and M12 Rapid Charger,MILWAUKEE®,MILWAUKEE®,MILWAUKEE®,MILWAUKEE,MILWAUKEE,MILWAUKEE®,MILWAUKEE®,48-59-1804,,,"MILWAUKEE®, Commercial Product, 48-59-1804 - Commercial Grade Commercial Product",COMMERCIAL PRODUCT,"MILWAUKEE®, 48-59-1804, Commercial Product",The MILWAUKEE® 48-59-1804 is a commercial-grade commercial product designed for professional and industrial applications.,MILWAUKEE® 48-59-1804 Commercial Product,The MILWAUKEE® 48-59-1804 is a commercial-grade commercial product designed for professional and industrial applications.,,,,,,,,,,,,,,,,,,,,,,,,,,MILWAUKEE® 48-59-1804 Commercial Product,,,,,,,,,,,,,,,,,,,,,,,,,,,,,,,,,,,,,,,,,,,,,,,,,,,,,,,,,,,,,,,,,,,,,,,,,,,,,,,,,,,,,,,,,,,,,,,,,,,,,,,,,,,,,,,,,,,,,,,,,,,,,,,,,,,,,,,,,,,,,,,,,,,,,,,,,,,,,1,EA,,,,,,,,,,,,,,,,,,,,,,,,,,,,,,,,,,,,,US,No,Yes
,,,,,,CRGR401A,,,,CRGR401A,CRGR401A,CRGR401A Kreg 20V Fast Charger,KREG®,KREG®,KREG®,KREG,KREG,KREG®,KREG®,CRGR401A,,,"KREG®, Commercial Product, CRGR401A, 20 V - Commercial Grade Commercial Product",COMMERCIAL PRODUCT 20 V,"KREG®, CRGR401A, Commercial Product, 20 V",The KREG® CRGR401A is a commercial-grade commercial product designed for professional and industrial applications. Engineered with rated for 20 V.,KREG® CRGR401A Commercial Product,The KREG® CRGR401A is a commercial-grade commercial product designed for professional and industrial applications. Engineered with rated for 20 V.,Operates at standard 20 V,,,,,,,,,,,,,,,,,,,,,,,,,KREG® CRGR401A Commercial Product,Voltage,20,V,,,,,,,,,,,,,,,,,,,,,,,,,,,,,,,,,,,,,,,,,,,,,,,,,,,,,,,,,,,,,,,,,,,,,,,,,,,,,,,,,,,,,,,,,,,,,,,,,,,,,,,,,,,,,,,,,,,,,,,,,,,,,,,,,,,,,,,,,,,,,,,,,,,,,,,,,,1,EA,,,,,,,,,,,,,,,,,,,,,,,,,,,,,,,,,,,,,US,No,Yes
,,,,,,48-59-1211,,,,48-59-1211,48-59-1211,48-59-1211 Milw Power Supply - Charger,MILWAUKEE®,MILWAUKEE®,MILWAUKEE®,MILWAUKEE,MILWAUKEE,MILWAUKEE®,MILWAUKEE®,48-59-1211,,,"MILWAUKEE®, Commercial Product, 48-59-1211 - Commercial Grade Commercial Product",COMMERCIAL PRODUCT,"MILWAUKEE®, 48-59-1211, Commercial Product",The MILWAUKEE® 48-59-1211 is a commercial-grade commercial product designed for professional and industrial applications.,MILWAUKEE® 48-59-1211 Commercial Product,The MILWAUKEE® 48-59-1211 is a commercial-grade commercial product designed for professional and industrial applications.,,,,,,,,,,,,,,,,,,,,,,,,,,MILWAUKEE® 48-59-1211 Commercial Product,,,,,,,,,,,,,,,,,,,,,,,,,,,,,,,,,,,,,,,,,,,,,,,,,,,,,,,,,,,,,,,,,,,,,,,,,,,,,,,,,,,,,,,,,,,,,,,,,,,,,,,,,,,,,,,,,,,,,,,,,,,,,,,,,,,,,,,,,,,,,,,,,,,,,,,,,,,,,1,EA,,,,,,,,,,,,,,,,,,,,,,,,,,,,,,,,,,,,,US,No,Yes
,,,,,,2847-20,,,,2847-20,2847-20,2847-20 Milw M18 Charger and Power Supply,MILWAUKEE®,MILWAUKEE®,MILWAUKEE®,MILWAUKEE,MILWAUKEE,MILWAUKEE®,MILWAUKEE®,2847-20,,,"MILWAUKEE®, Commercial Product, 2847-20 - Commercial Grade Commercial Product",COMMERCIAL PRODUCT,"MILWAUKEE®, 2847-20, Commercial Product",The MILWAUKEE® 2847-20 is a commercial-grade commercial product designed for professional and industrial applications.,MILWAUKEE® 2847-20 Commercial Product,The MILWAUKEE® 2847-20 is a commercial-grade commercial product designed for professional and industrial applications.,,,,,,,,,,,,,,,,,,,,,,,,,,MILWAUKEE® 2847-20 Commercial Product,,,,,,,,,,,,,,,,,,,,,,,,,,,,,,,,,,,,,,,,,,,,,,,,,,,,,,,,,,,,,,,,,,,,,,,,,,,,,,,,,,,,,,,,,,,,,,,,,,,,,,,,,,,,,,,,,,,,,,,,,,,,,,,,,,,,,,,,,,,,,,,,,,,,,,,,,,,,,1,EA,,,,,,,,,,,,,,,,,,,,,,,,,,,,,,,,,,,,,US,No,Yes
,,,,,,DWV9401,,,,DWV9401,DWV9401,DWV9401 Dewalt Paper Bag - 5pk,DEWALT®,DEWALT®,DEWALT®,DEWALT,DEWALT,DEWALT®,DEWALT®,DWV9401,,,"DEWALT®, Commercial Product, DWV9401 - Commercial Grade Commercial Product",COMMERCIAL PRODUCT,"DEWALT®, DWV9401, Commercial Product",The DEWALT® DWV9401 is a commercial-grade commercial product designed for professional and industrial applications. Key Specifications include PackQuantity: 5 PK.,DEWALT® DWV9401 Commercial Product,The DEWALT® DWV9401 is a commercial-grade commercial product designed for professional and industrial applications. Key Specifications include PackQuantity: 5 PK.,,,,,,,,,,,,,,,,,,,,,,,,,,DEWALT® DWV9401 Commercial Product,PackQuantity,5 PK,,,,,,,,,,,,,,,,,,,,,,,,,,,,,,,,,,,,,,,,,,,,,,,,,,,,,,,,,,,,,,,,,,,,,,,,,,,,,,,,,,,,,,,,,,,,,,,,,,,,,,,,,,,,,,,,,,,,,,,,,,,,,,,,,,,,,,,,,,,,,,,,,,,,,,,,,,,1,EA,,,,,,,,,,,,,,,,,,,,,,,,,,,,,,,,,,,,,US,No,Yes
,,,,,,578512,,,,578512,578512,578512 Festool Dust Extractor-CT MIDI I HEPA,FESTOOL®,FESTOOL®,FESTOOL®,FESTOOL,FESTOOL,FESTOOL®,FESTOOL®,578512,,,"FESTOOL®, Commercial Product, 578512 - Commercial Grade Commercial Product",COMMERCIAL PRODUCT,"FESTOOL®, 578512, Commercial Product",The FESTOOL® 578512 is a commercial-grade commercial product designed for professional and industrial applications.,FESTOOL® 578512 Commercial Product,The FESTOOL® 578512 is a commercial-grade commercial product designed for professional and industrial applications.,,,,,,,,,,,,,,,,,,,,,,,,,,FESTOOL® 578512 Commercial Product,,,,,,,,,,,,,,,,,,,,,,,,,,,,,,,,,,,,,,,,,,,,,,,,,,,,,,,,,,,,,,,,,,,,,,,,,,,,,,,,,,,,,,,,,,,,,,,,,,,,,,,,,,,,,,,,,,,,,,,,,,,,,,,,,,,,,,,,,,,,,,,,,,,,,,,,,,,,,1,EA,,,,,,,,,,,,,,,,,,,,,,,,,,,,,,,,,,,,,US,No,Yes
,,,,,,577871,,,,577871,577871,577871 Festool Dust Extractor - CT 26,FESTOOL®,FESTOOL®,FESTOOL®,FESTOOL,FESTOOL,FESTOOL®,FESTOOL®,577871,,,"FESTOOL®, Commercial Product, 577871 - Commercial Grade Commercial Product",COMMERCIAL PRODUCT,"FESTOOL®, 577871, Commercial Product",The FESTOOL® 577871 is a commercial-grade commercial product designed for professional and industrial applications.,FESTOOL® 577871 Commercial Product,The FESTOOL® 577871 is a commercial-grade commercial product designed for professional and industrial applications.,,,,,,,,,,,,,,,,,,,,,,,,,,FESTOOL® 577871 Commercial Product,,,,,,,,,,,,,,,,,,,,,,,,,,,,,,,,,,,,,,,,,,,,,,,,,,,,,,,,,,,,,,,,,,,,,,,,,,,,,,,,,,,,,,,,,,,,,,,,,,,,,,,,,,,,,,,,,,,,,,,,,,,,,,,,,,,,,,,,,,,,,,,,,,,,,,,,,,,,,1,EA,,,,,,,,,,,,,,,,,,,,,,,,,,,,,,,,,,,,,US,No,Yes
,,,,,,577874,,,,577874,577874,577874 Festool Dust Extractor - CT 36,FESTOOL®,FESTOOL®,FESTOOL®,FESTOOL,FESTOOL,FESTOOL®,FESTOOL®,577874,,,"FESTOOL®, Commercial Product, 577874 - Commercial Grade Commercial Product",COMMERCIAL PRODUCT,"FESTOOL®, 577874, Commercial Product",The FESTOOL® 577874 is a commercial-grade commercial product designed for professional and industrial applications.,FESTOOL® 577874 Commercial Product,The FESTOOL® 577874 is a commercial-grade commercial product designed for professional and industrial applications.,,,,,,,,,,,,,,,,,,,,,,,,,,FESTOOL® 577874 Commercial Product,,,,,,,,,,,,,,,,,,,,,,,,,,,,,,,,,,,,,,,,,,,,,,,,,,,,,,,,,,,,,,,,,,,,,,,,,,,,,,,,,,,,,,,,,,,,,,,,,,,,,,,,,,,,,,,,,,,,,,,,,,,,,,,,,,,,,,,,,,,,,,,,,,,,,,,,,,,,,1,EA,,,,,,,,,,,,,,,,,,,,,,,,,,,,,,,,,,,,,US,No,Yes
,,,,,,577876,,,,577876,577876,577876 Festool Dust Extractor - CT 48,FESTOOL®,FESTOOL®,FESTOOL®,FESTOOL,FESTOOL,FESTOOL®,FESTOOL®,577876,,,"FESTOOL®, Commercial Product, 577876 - Commercial Grade Commercial Product",COMMERCIAL PRODUCT,"FESTOOL®, 577876, Commercial Product",The FESTOOL® 577876 is a commercial-grade commercial product designed for professional and industrial applications.,FESTOOL® 577876 Commercial Product,The FESTOOL® 577876 is a commercial-grade commercial product designed for professional and industrial applications.,,,,,,,,,,,,,,,,,,,,,,,,,,FESTOOL® 577876 Commercial Product,,,,,,,,,,,,,,,,,,,,,,,,,,,,,,,,,,,,,,,,,,,,,,,,,,,,,,,,,,,,,,,,,,,,,,,,,,,,,,,,,,,,,,,,,,,,,,,,,,,,,,,,,,,,,,,,,,,,,,,,,,,,,,,,,,,,,,,,,,,,,,,,,,,,,,,,,,,,,1,EA,,,,,,,,,,,,,,,,,,,,,,,,,,,,,,,,,,,,,US,No,Yes
,,,,,,578441,,,,578441,578441,578441 Festool Dust Extractor-CT 15 HEPA,FESTOOL®,FESTOOL®,FESTOOL®,FESTOOL,FESTOOL,FESTOOL®,FESTOOL®,578441,,,"FESTOOL®, Commercial Product, 578441 - Commercial Grade Commercial Product",COMMERCIAL PRODUCT,"FESTOOL®, 578441, Commercial Product",The FESTOOL® 578441 is a commercial-grade commercial product designed for professional and industrial applications.,FESTOOL® 578441 Commercial Product,The FESTOOL® 578441 is a commercial-grade commercial product designed for professional and industrial applications.,,,,,,,,,,,,,,,,,,,,,,,,,,FESTOOL® 578441 Commercial Product,,,,,,,,,,,,,,,,,,,,,,,,,,,,,,,,,,,,,,,,,,,,,,,,,,,,,,,,,,,,,,,,,,,,,,,,,,,,,,,,,,,,,,,,,,,,,,,,,,,,,,,,,,,,,,,,,,,,,,,,,,,,,,,,,,,,,,,,,,,,,,,,,,,,,,,,,,,,,1,EA,,,,,,,,,,,,,,,,,,,,,,,,,,,,,,,,,,,,,US,No,Yes
,,,,,,DCK225D2,,,,DCK225D2,DCK225D2,DCK225D2 Dewalt Impact/Drill - Kit,DEWALT®,DEWALT®,DEWALT®,DEWALT,DEWALT,DEWALT®,DEWALT®,DCK225D2,,,"DEWALT®, Commercial Product, DCK225D2 - Commercial Grade Commercial Product",COMMERCIAL PRODUCT,"DEWALT®, DCK225D2, Commercial Product",The DEWALT® DCK225D2 is a commercial-grade commercial product designed for professional and industrial applications.,DEWALT® DCK225D2 Commercial Product,The DEWALT® DCK225D2 is a commercial-grade commercial product designed for professional and industrial applications.,,,,,,,,,,,,,,,,,,,,,,,,,,DEWALT® DCK225D2 Commercial Product,,,,,,,,,,,,,,,,,,,,,,,,,,,,,,,,,,,,,,,,,,,,,,,,,,,,,,,,,,,,,,,,,,,,,,,,,,,,,,,,,,,,,,,,,,,,,,,,,,,,,,,,,,,,,,,,,,,,,,,,,,,,,,,,,,,,,,,,,,,,,,,,,,,,,,,,,,,,,1,EA,,,,,,,,,,,,,,,,,,,,,,,,,,,,,,,,,,,,,US,No,Yes
,,,,,,DCK2101QQ2,,,,DCK2101QQ2,DCK2101QQ2,Dewalt DCK2101QQ2 20V 2Pc Kit,DEWALT®,DEWALT®,DEWALT®,DEWALT,DEWALT,DEWALT®,DEWALT®,DCK2101QQ2,,,"DEWALT®, Commercial Product, DCK2101QQ2, 20 V - Commercial Grade Commercial Prod",COMMERCIAL PRODUCT 20 V,"DEWALT®, DCK2101QQ2, Commercial Product, 20 V",The DEWALT® DCK2101QQ2 is a commercial-grade commercial product designed for professional and industrial applications. Engineered with rated for 20 V. Key Specifications include PackQuantity: 2 PK.,DEWALT® DCK2101QQ2 Commercial Product,The DEWALT® DCK2101QQ2 is a commercial-grade commercial product designed for professional and industrial applications. Engineered with rated for 20 V. Key Specifications include PackQuantity: 2 PK.,Operates at standard 20 V,,,,,,,,,,,,,,,,,,,,,,,,,DEWALT® DCK2101QQ2 Commercial Product,Voltage,20,V,PackQuantity,2 PK,,,,,,,,,,,,,,,,,,,,,,,,,,,,,,,,,,,,,,,,,,,,,,,,,,,,,,,,,,,,,,,,,,,,,,,,,,,,,,,,,,,,,,,,,,,,,,,,,,,,,,,,,,,,,,,,,,,,,,,,,,,,,,,,,,,,,,,,,,,,,,,,,,,,,,,,1,EA,,,,,,,,,,,,,,,,,,,,,,,,,,,,,,,,,,,,,US,No,Yes
,,,,,,4000-2/32,,,,4000-2/32,4000-2/32,4000-2/32 DREMEL ROTARY TOOL,BOSCH®,BOSCH®,BOSCH®,BOSCH,BOSCH,BOSCH®,BOSCH®,4000-2/32,,,"BOSCH®, Commercial Product, 4000-2/32 - Commercial Grade Commercial Product",COMMERCIAL PRODUCT,"BOSCH®, 4000-2/32, Commercial Product",The BOSCH® 4000-2/32 is a commercial-grade commercial product designed for professional and industrial applications.,BOSCH® 4000-2/32 Commercial Product,The BOSCH® 4000-2/32 is a commercial-grade commercial product designed for professional and industrial applications.,,,,,,,,,,,,,,,,,,,,,,,,,,BOSCH® 4000-2/32 Commercial Product,,,,,,,,,,,,,,,,,,,,,,,,,,,,,,,,,,,,,,,,,,,,,,,,,,,,,,,,,,,,,,,,,,,,,,,,,,,,,,,,,,,,,,,,,,,,,,,,,,,,,,,,,,,,,,,,,,,,,,,,,,,,,,,,,,,,,,,,,,,,,,,,,,,,,,,,,,,,,1,EA,,,,,,,,,,,,,,,,,,,,,,,,,,,,,,,,,,,,,US,No,Yes
,,,,,,3100-1/15,,,,3100-1/15,3100-1/15,3100-1/15 Dremel Rotary Tool - Kit 15pc,BOSCH®,BOSCH®,BOSCH®,BOSCH,BOSCH,BOSCH®,BOSCH®,3100-1/15,,,"BOSCH®, Commercial Product, 3100-1/15 - Commercial Grade Commercial Product",COMMERCIAL PRODUCT,"BOSCH®, 3100-1/15, Commercial Product",The BOSCH® 3100-1/15 is a commercial-grade commercial product designed for professional and industrial applications. Key Specifications include PackQuantity: 15 PK.,BOSCH® 3100-1/15 Commercial Product,The BOSCH® 3100-1/15 is a commercial-grade commercial product designed for professional and industrial applications. Key Specifications include PackQuantity: 15 PK.,,,,,,,,,,,,,,,,,,,,,,,,,,BOSCH® 3100-1/15 Commercial Product,PackQuantity,15 PK,,,,,,,,,,,,,,,,,,,,,,,,,,,,,,,,,,,,,,,,,,,,,,,,,,,,,,,,,,,,,,,,,,,,,,,,,,,,,,,,,,,,,,,,,,,,,,,,,,,,,,,,,,,,,,,,,,,,,,,,,,,,,,,,,,,,,,,,,,,,,,,,,,,,,,,,,,,1,EA,,,,,,,,,,,,,,,,,,,,,,,,,,,,,,,,,,,,,US,No,Yes
,,,,,,T-90043,,,,T-90043,T-90043,T-90043 Deep Medium Organizer,MAKITA®,MAKITA®,MAKITA®,MAKITA,MAKITA,MAKITA®,MAKITA®,T-90043,,,"MAKITA®, Commercial Product, T-90043 - Commercial Grade Commercial Product",COMMERCIAL PRODUCT,"MAKITA®, T-90043, Commercial Product",The MAKITA® T-90043 is a commercial-grade commercial product designed for professional and industrial applications.,MAKITA® T-90043 Commercial Product,The MAKITA® T-90043 is a commercial-grade commercial product designed for professional and industrial applications.,,,,,,,,,,,,,,,,,,,,,,,,,,MAKITA® T-90043 Commercial Product,,,,,,,,,,,,,,,,,,,,,,,,,,,,,,,,,,,,,,,,,,,,,,,,,,,,,,,,,,,,,,,,,,,,,,,,,,,,,,,,,,,,,,,,,,,,,,,,,,,,,,,,,,,,,,,,,,,,,,,,,,,,,,,,,,,,,,,,,,,,,,,,,,,,,,,,,,,,,1,EA,,,,,,,,,,,,,,,,,,,,,,,,,,,,,,,,,,,,,US,No,Yes
,,,,,,T-90059,,,,T-90059,T-90059,T-90059 Low Profile Medium - Organizer,MAKITA®,MAKITA®,MAKITA®,MAKITA,MAKITA,MAKITA®,MAKITA®,T-90059,,,"MAKITA®, Commercial Product, T-90059 - Commercial Grade Commercial Product",COMMERCIAL PRODUCT,"MAKITA®, T-90059, Commercial Product",The MAKITA® T-90059 is a commercial-grade commercial product designed for professional and industrial applications.,MAKITA® T-90059 Commercial Product,The MAKITA® T-90059 is a commercial-grade commercial product designed for professional and industrial applications.,,,,,,,,,,,,,,,,,,,,,,,,,,MAKITA® T-90059 Commercial Product,,,,,,,,,,,,,,,,,,,,,,,,,,,,,,,,,,,,,,,,,,,,,,,,,,,,,,,,,,,,,,,,,,,,,,,,,,,,,,,,,,,,,,,,,,,,,,,,,,,,,,,,,,,,,,,,,,,,,,,,,,,,,,,,,,,,,,,,,,,,,,,,,,,,,,,,,,,,,1,EA,,,,,,,,,,,,,,,,,,,,,,,,,,,,,,,,,,,,,US,No,Yes
,,,,,,T-90065,,,,T-90065,T-90065,T-90065 Deep Compact Organizer,MAKITA®,MAKITA®,MAKITA®,MAKITA,MAKITA,MAKITA®,MAKITA®,T-90065,,,"MAKITA®, Commercial Product, T-90065 - Commercial Grade Commercial Product",COMMERCIAL PRODUCT,"MAKITA®, T-90065, Commercial Product",The MAKITA® T-90065 is a commercial-grade commercial product designed for professional and industrial applications.,MAKITA® T-90065 Commercial Product,The MAKITA® T-90065 is a commercial-grade commercial product designed for professional and industrial applications.,,,,,,,,,,,,,,,,,,,,,,,,,,MAKITA® T-90065 Commercial Product,,,,,,,,,,,,,,,,,,,,,,,,,,,,,,,,,,,,,,,,,,,,,,,,,,,,,,,,,,,,,,,,,,,,,,,,,,,,,,,,,,,,,,,,,,,,,,,,,,,,,,,,,,,,,,,,,,,,,,,,,,,,,,,,,,,,,,,,,,,,,,,,,,,,,,,,,,,,,1,EA,,,,,,,,,,,,,,,,,,,,,,,,,,,,,,,,,,,,,US,No,Yes
,,,,,,10047VS,,,,10047VS,10047VS,10047VS Oliver 3HP 230V 1PH Shaper 1-1/4 Spindle,Oliver Machinery Company,Oliver Machinery Company,Oliver Machinery Company,Oliver Machinery Company,Oliver Machinery Company,Oliver Machinery Company,Oliver Machinery Company,10047VS,,,"Oliver Machinery Company, Commercial Product, 10047VS, 230 V",COMMERCIAL PRODUCT 230 V,"Oliver Machinery Company, 10047VS, Commercial Product, 230 V",The Oliver Machinery Company 10047VS is a commercial-grade commercial product designed for professional and industrial applications. Engineered with rated for 230 V.,Oliver Machinery Company 10047VS Commercial Product,The Oliver Machinery Company 10047VS is a commercial-grade commercial product designed for professional and industrial applications. Engineered with rated for 230 V.,Operates at standard 230 V,,,,,,,,,,,,,,,,,,,,,,,,,Oliver Machinery Company 10047VS Commercial Product,Voltage,230,V,,,,,,,,,,,,,,,,,,,,,,,,,,,,,,,,,,,,,,,,,,,,,,,,,,,,,,,,,,,,,,,,,,,,,,,,,,,,,,,,,,,,,,,,,,,,,,,,,,,,,,,,,,,,,,,,,,,,,,,,,,,,,,,,,,,,,,,,,,,,,,,,,,,,,,,,,,1,EA,,,,,,,,,,,,,,,,,,,,,,,,,,,,,,,,,,,,,US,No,Yes
,,,,,,MAG:2044-230-1,,,,MAG:2044-230-1,MAG:2044-230-1,2044-230-1 Stock Feeder 4-Roll - Steff,J&G Machinery,J&G Machinery,J&G Machinery,J&G Machinery,J&G Machinery,J&G Machinery,J&G Machinery,MAG:2044-230-1,,,"J&G Machinery, Commercial Product, MAG:2044-230-1 - Commercial Grade Commercial",COMMERCIAL PRODUCT,"J&G Machinery, MAG:2044-230-1, Commercial Product",The J&G Machinery MAG:2044-230-1 is a commercial-grade commercial product designed for professional and industrial applications.,J&G Machinery MAG:2044-230-1 Commercial Product,The J&G Machinery MAG:2044-230-1 is a commercial-grade commercial product designed for professional and industrial applications.,,,,,,,,,,,,,,,,,,,,,,,,,,J&G Machinery MAG:2044-230-1 Commercial Product,,,,,,,,,,,,,,,,,,,,,,,,,,,,,,,,,,,,,,,,,,,,,,,,,,,,,,,,,,,,,,,,,,,,,,,,,,,,,,,,,,,,,,,,,,,,,,,,,,,,,,,,,,,,,,,,,,,,,,,,,,,,,,,,,,,,,,,,,,,,,,,,,,,,,,,,,,,,,1,EA,,,,,,,,,,,,,,,,,,,,,,,,,,,,,,,,,,,,,US,No,Yes
,,,,,,XTP242,,,,XTP242,XTP242,"42"" XTP XTENDER PRO Fence - XTP242",Bow Products,Bow Products,Bow Products,Bow Products,Bow Products,Bow Products,Bow Products,XTP242,,,"Bow Products, Commercial Product, XTP242 - Commercial Grade Commercial Product",COMMERCIAL PRODUCT,"Bow Products, XTP242, Commercial Product",The Bow Products XTP242 is a commercial-grade commercial product designed for professional and industrial applications.,Bow Products XTP242 Commercial Product,The Bow Products XTP242 is a commercial-grade commercial product designed for professional and industrial applications.,,,,,,,,,,,,,,,,,,,,,,,,,,Bow Products XTP242 Commercial Product,,,,,,,,,,,,,,,,,,,,,,,,,,,,,,,,,,,,,,,,,,,,,,,,,,,,,,,,,,,,,,,,,,,,,,,,,,,,,,,,,,,,,,,,,,,,,,,,,,,,,,,,,,,,,,,,,,,,,,,,,,,,,,,,,,,,,,,,,,,,,,,,,,,,,,,,,,,,,1,EA,,,,,,,,,,,,,,,,,,,,,,,,,,,,,,,,,,,,,US,No,Yes
,,,,,,AAS-P,,,,AAS-P,AAS-P,AAS-P Align-A-Saw Plate Only,Woodpeckers Inc,Woodpeckers Inc,Woodpeckers Inc,Woodpeckers Inc,Woodpeckers Inc,Woodpeckers Inc,Woodpeckers Inc,AAS-P,,,"Woodpeckers Inc, Commercial Product, AAS-P - Commercial Grade Commercial Product",COMMERCIAL PRODUCT,"Woodpeckers Inc, AAS-P, Commercial Product",The Woodpeckers Inc AAS-P is a commercial-grade commercial product designed for professional and industrial applications.,Woodpeckers Inc AAS-P Commercial Product,The Woodpeckers Inc AAS-P is a commercial-grade commercial product designed for professional and industrial applications.,,,,,,,,,,,,,,,,,,,,,,,,,,Woodpeckers Inc AAS-P Commercial Product,,,,,,,,,,,,,,,,,,,,,,,,,,,,,,,,,,,,,,,,,,,,,,,,,,,,,,,,,,,,,,,,,,,,,,,,,,,,,,,,,,,,,,,,,,,,,,,,,,,,,,,,,,,,,,,,,,,,,,,,,,,,,,,,,,,,,,,,,,,,,,,,,,,,,,,,,,,,,1,EA,,,,,,,,,,,,,,,,,,,,,,,,,,,,,,,,,,,,,US,No,Yes
,,,,,,SSCMS,,,,SSCMS,SSCMS,SSCMS Stealthstop Miter Sled,Woodpeckers Inc,Woodpeckers Inc,Woodpeckers Inc,Woodpeckers Inc,Woodpeckers Inc,Woodpeckers Inc,Woodpeckers Inc,SSCMS,,,"Woodpeckers Inc, Commercial Product, SSCMS - Commercial Grade Commercial Product",COMMERCIAL PRODUCT,"Woodpeckers Inc, SSCMS, Commercial Product",The Woodpeckers Inc SSCMS is a commercial-grade commercial product designed for professional and industrial applications.,Woodpeckers Inc SSCMS Commercial Product,The Woodpeckers Inc SSCMS is a commercial-grade commercial product designed for professional and industrial applications.,,,,,,,,,,,,,,,,,,,,,,,,,,Woodpeckers Inc SSCMS Commercial Product,,,,,,,,,,,,,,,,,,,,,,,,,,,,,,,,,,,,,,,,,,,,,,,,,,,,,,,,,,,,,,,,,,,,,,,,,,,,,,,,,,,,,,,,,,,,,,,,,,,,,,,,,,,,,,,,,,,,,,,,,,,,,,,,,,,,,,,,,,,,,,,,,,,,,,,,,,,,,1,EA,,,,,,,,,,,,,,,,,,,,,,,,,,,,,,,,,,,,,US,No,Yes
,,,,,,4225.201,,,,4225.201,4225.201,"4225.201 Oliver 6"" HH Jointer Paralleogram",Oliver Machinery Company,Oliver Machinery Company,Oliver Machinery Company,Oliver Machinery Company,Oliver Machinery Company,Oliver Machinery Company,Oliver Machinery Company,4225.201,,,"Oliver Machinery Company, Commercial Product, 4225.201 - Commercial Grade Commer",COMMERCIAL PRODUCT,"Oliver Machinery Company, 4225.201, Commercial Product",The Oliver Machinery Company 4225.201 is a commercial-grade commercial product designed for professional and industrial applications.,Oliver Machinery Company 4225.201 Commercial Product,The Oliver Machinery Company 4225.201 is a commercial-grade commercial product designed for professional and industrial applications.,,,,,,,,,,,,,,,,,,,,,,,,,,Oliver Machinery Company 4225.201 Commercial Product,,,,,,,,,,,,,,,,,,,,,,,,,,,,,,,,,,,,,,,,,,,,,,,,,,,,,,,,,,,,,,,,,,,,,,,,,,,,,,,,,,,,,,,,,,,,,,,,,,,,,,,,,,,,,,,,,,,,,,,,,,,,,,,,,,,,,,,,,,,,,,,,,,,,,,,,,,,,,1,EA,,,,,,,,,,,,,,,,,,,,,,,,,,,,,,,,,,,,,US,No,Yes
,,,,,,KC-426C,,,,KC-426C,KC-426C,"KC-426C 12"" Portable Planer",King Canada Inc,King Canada Inc,King Canada Inc,King Canada Inc,King Canada Inc,King Canada Inc,King Canada Inc,KC-426C,,,"King Canada Inc, Commercial Product, KC-426C - Commercial Grade Commercial Produ",COMMERCIAL PRODUCT,"King Canada Inc, KC-426C, Commercial Product",The King Canada Inc KC-426C is a commercial-grade commercial product designed for professional and industrial applications.,King Canada Inc KC-426C Commercial Product,The King Canada Inc KC-426C is a commercial-grade commercial product designed for professional and industrial applications.,,,,,,,,,,,,,,,,,,,,,,,,,,King Canada Inc KC-426C Commercial Product,,,,,,,,,,,,,,,,,,,,,,,,,,,,,,,,,,,,,,,,,,,,,,,,,,,,,,,,,,,,,,,,,,,,,,,,,,,,,,,,,,,,,,,,,,,,,,,,,,,,,,,,,,,,,,,,,,,,,,,,,,,,,,,,,,,,,,,,,,,,,,,,,,,,,,,,,,,,,1,EA,,,,,,,,,,,,,,,,,,,,,,,,,,,,,,,,,,,,,US,No,Yes
,,,,,,10045.201,,,,10045.201,10045.201,"10045.201 Oliver 13"" Benchtop Planer 2HP,115V 1Ph",Oliver Machinery Company,Oliver Machinery Company,Oliver Machinery Company,Oliver Machinery Company,Oliver Machinery Company,Oliver Machinery Company,Oliver Machinery Company,10045.201,,,"Oliver Machinery Company, Commercial Product, 10045.201, 115 V",COMMERCIAL PRODUCT 115 V,"Oliver Machinery Company, 10045.201, Commercial Product, 115 V",The Oliver Machinery Company 10045.201 is a commercial-grade commercial product designed for professional and industrial applications. Engineered with rated for 115 V.,Oliver Machinery Company 10045.201 Commercial Product,The Oliver Machinery Company 10045.201 is a commercial-grade commercial product designed for professional and industrial applications. Engineered with rated for 115 V.,Operates at standard 115 V,,,,,,,,,,,,,,,,,,,,,,,,,Oliver Machinery Company 10045.201 Commercial Product,Voltage,115,V,,,,,,,,,,,,,,,,,,,,,,,,,,,,,,,,,,,,,,,,,,,,,,,,,,,,,,,,,,,,,,,,,,,,,,,,,,,,,,,,,,,,,,,,,,,,,,,,,,,,,,,,,,,,,,,,,,,,,,,,,,,,,,,,,,,,,,,,,,,,,,,,,,,,,,,,,,1,EA,,,,,,,,,,,,,,,,,,,,,,,,,,,,,,,,,,,,,US,No,Yes
,,,,,,10014.201,,,,10014.201,10014.201,"10014.201 Oliver 15"" Planer 3HP 1Ph 220V",Oliver Machinery Company,Oliver Machinery Company,Oliver Machinery Company,Oliver Machinery Company,Oliver Machinery Company,Oliver Machinery Company,Oliver Machinery Company,10014.201,,,"Oliver Machinery Company, Commercial Product, 10014.201, 220 V",COMMERCIAL PRODUCT 220 V,"Oliver Machinery Company, 10014.201, Commercial Product, 220 V",The Oliver Machinery Company 10014.201 is a commercial-grade commercial product designed for professional and industrial applications. Engineered with rated for 220 V.,Oliver Machinery Company 10014.201 Commercial Product,The Oliver Machinery Company 10014.201 is a commercial-grade commercial product designed for professional and industrial applications. Engineered with rated for 220 V.,Operates at standard 220 V,,,,,,,,,,,,,,,,,,,,,,,,,Oliver Machinery Company 10014.201 Commercial Product,Voltage,220,V,,,,,,,,,,,,,,,,,,,,,,,,,,,,,,,,,,,,,,,,,,,,,,,,,,,,,,,,,,,,,,,,,,,,,,,,,,,,,,,,,,,,,,,,,,,,,,,,,,,,,,,,,,,,,,,,,,,,,,,,,,,,,,,,,,,,,,,,,,,,,,,,,,,,,,,,,,1,EA,,,,,,,,,,,,,,,,,,,,,,,,,,,,,,,,,,,,,US,No,Yes
,,,,,,4430.201,,,,4430.201,4430.201,"4430.201 Oliver 20"" Planer 5HP 1Ph 230V",Oliver Machinery Company,Oliver Machinery Company,Oliver Machinery Company,Oliver Machinery Company,Oliver Machinery Company,Oliver Machinery Company,Oliver Machinery Company,4430.201,,,"Oliver Machinery Company, Commercial Product, 4430.201, 230 V",COMMERCIAL PRODUCT 230 V,"Oliver Machinery Company, 4430.201, Commercial Product, 230 V",The Oliver Machinery Company 4430.201 is a commercial-grade commercial product designed for professional and industrial applications. Engineered with rated for 230 V.,Oliver Machinery Company 4430.201 Commercial Product,The Oliver Machinery Company 4430.201 is a commercial-grade commercial product designed for professional and industrial applications. Engineered with rated for 230 V.,Operates at standard 230 V,,,,,,,,,,,,,,,,,,,,,,,,,Oliver Machinery Company 4430.201 Commercial Product,Voltage,230,V,,,,,,,,,,,,,,,,,,,,,,,,,,,,,,,,,,,,,,,,,,,,,,,,,,,,,,,,,,,,,,,,,,,,,,,,,,,,,,,,,,,,,,,,,,,,,,,,,,,,,,,,,,,,,,,,,,,,,,,,,,,,,,,,,,,,,,,,,,,,,,,,,,,,,,,,,,1,EA,,,,,,,,,,,,,,,,,,,,,,,,,,,,,,,,,,,,,US,No,Yes
,,,,,,10055.201,,,,10055.201,10055.201,"10055.201 Oliver 15"" Benchtop Planer 2.5HP 1Ph 230V",Oliver Machinery Company,Oliver Machinery Company,Oliver Machinery Company,Oliver Machinery Company,Oliver Machinery Company,Oliver Machinery Company,Oliver Machinery Company,10055.201,,,"Oliver Machinery Company, Planer, 10055.201, 230 V - Commercial Grade Planer",PLANER 230 V,"Oliver Machinery Company, 10055.201, Planer, 230 V",The Oliver Machinery Company 10055.201 is a commercial-grade planer designed for professional and industrial applications. Engineered with rated for 230 V. Key Specifications include HP: 2.5; Phase: 1Ph; Catalog Category: General Commercial.,Oliver Machinery Company 10055.201 Planer,The Oliver Machinery Company 10055.201 is a commercial-grade planer designed for professional and industrial applications. Engineered with rated for 230 V. Key Specifications include HP: 2.5; Phase: 1Ph; Catalog Category: General Commercial.,Operates at standard 230 V,,,,,,,,,,,,,,,,,,,,,,,,,Oliver Machinery Company 10055.201 Planer,Voltage,230,V,Item Type,Planer,,HP,2.5,,Phase,1Ph,,Catalog Category,General Commercial,,,,,,,,,,,,,,,,,,,,,,,,,,,,,,,,,,,,,,,,,,,,,,,,,,,,,,,,,,,,,,,,,,,,,,,,,,,,,,,,,,,,,,,,,,,,,,,,,,,,,,,,,,,,,,,,,,,,,,,,,,,,,,,,,,,,,,,,,,,,,,,1,EA,,,,,,,,,,,,,,,,,,,,,,,,,,,,,,,,,,,,,US,No,Yes
,,,,,,T27417,,,,T27417,T27417,T27417 Grizzly OscillatingEdge - Belt and Spindle Sander,Woodstock Intl,Woodstock Intl,Woodstock Intl,Woodstock Intl,Woodstock Intl,Woodstock Intl,Woodstock Intl,T27417,,,"Woodstock Intl, Commercial Product, T27417 - Commercial Grade Commercial Product",COMMERCIAL PRODUCT,"Woodstock Intl, T27417, Commercial Product",The Woodstock Intl T27417 is a commercial-grade commercial product designed for professional and industrial applications.,Woodstock Intl T27417 Commercial Product,The Woodstock Intl T27417 is a commercial-grade commercial product designed for professional and industrial applications.,,,,,,,,,,,,,,,,,,,,,,,,,,Woodstock Intl T27417 Commercial Product,,,,,,,,,,,,,,,,,,,,,,,,,,,,,,,,,,,,,,,,,,,,,,,,,,,,,,,,,,,,,,,,,,,,,,,,,,,,,,,,,,,,,,,,,,,,,,,,,,,,,,,,,,,,,,,,,,,,,,,,,,,,,,,,,,,,,,,,,,,,,,,,,,,,,,,,,,,,,1,EA,,,,,,,,,,,,,,,,,,,,,,,,,,,,,,,,,,,,,US,No,Yes
